{
	code: "uranium-fert",
	class:"UraniumFert",
	heldTpIdleAnimation: "holdbothhands",
	attributes: {
		fertilizerProps: { n: 5, p: 1, k: 1 },
		fertilizerTextureCode: "uranium",
		inContainerTexture: { base: "cropmutations:item/resource/uranium-fert" },
        "displaycaseable": true,
		"shelvable": true,
		"onDisplayTransform": {
			"translation": { "x": 0.05, "y": 0, "z": 0 },
			"origin": { "x": 0.5, "y": 0, "z": 0.5 },
			"scale": 0.65
		}
	},
    "lightHsv":[ 17, 3, 3 ],
    "vertexFlags":{glowLevel:25},
    "glowLevel":25,
	"shape": { base: "em:item/resource/powdered_glow" },
	texture: { base: "cropmutations:item/resource/uranium-fert" },
	creativeinventory: { "general": ["*"], "items": ["*"], "glass": ["*"], "luminous": ["*"] },
	maxstacksize: 128,
	materialDensity: 500,
	"tpHandTransform": {
		"translation": { "x": -1.67, "y": -1.25, "z": -0.8 },
		"rotation": { "x": 70, "y": 11, "z": -65 },
		"scale": 0.41
        },
	"guiTransform": {
		"translation": { "x": -2, "y": 1, "z": -25 },
                "rotation": { "x": 158, "y": 28, "z": 3 },
		"origin": { "x": 0.29, "y": -0.05, "z": 0.8 },
		"scale": 2.5
        },
	"groundTransform": {
		"translation": { "x": 0, "y": 0.141, "z": 0 },
		"rotation": { "x": 0, "y": 0, "z": 0 },
		"origin": { "x": 0.5, "y": 0.5, "z": 0.5299 },
		"scale": 1.5
	}
}