[
  {
    "code": "boards-lightaged",
    "ingredients": [
      {
        "type": "item",
        "code": "game:vinegarportion",
        "litres": 1,
        "consumeLitres": 1
      },
      {
        "type": "item",
        "code": "game:plank-*",
        "allowedVariants": [ "birch", "oak", "maple", "pine", "acacia", "kapok", "baldcypress", "larch", "redwood", "walnut", "purpleheart" ],
        "name": "wood",
        "quantity": 12
      }
    ],
    "output": {
      "type": "item",
      "code": "game:plank-lightaged",
      "quantity": 12
    },
    "requiresSeal": true,
    "sealHours": 24
  },
  {
    "code": "log-placed-aged",
    "ingredients": [
      {
        "type": "item",
        "code": "game:vinegarportion",
        "litres": 1,
        "consumeLitres": 1
      },
      {
        "type": "block",
        "code": "game:log-placed-*-ud",
        "allowedVariants": [ "birch", "oak", "maple", "pine", "acacia", "kapok", "baldcypress", "larch", "redwood", "walnut", "purpleheart" ],
        "name": "wood",
        "quantity": 1
      }
    ],
    "output": {
      "type": "block",
      "code": "game:log-placed-aged-ud",
      "quantity": 1
    },
    "requiresSeal": true,
    "sealHours": 24
  },
  {
    "code": "debarkedlog-aged",
    "ingredients": [
      {
        "type": "item",
        "code": "game:vinegarportion",
        "litres": 1,
        "consumeLitres": 1
      },
      {
        "type": "block",
        "code": "game:debarkedlog-*-ud",
        "allowedVariants": [ "birch", "oak", "maple", "pine", "acacia", "kapok", "baldcypress", "larch", "redwood", "walnut", "purpleheart" ],
        "name": "wood",
        "quantity": 1
      }
    ],
    "output": {
      "type": "block",
      "code": "game:debarkedlog-aged-ud",
      "quantity": 1
    },
    "requiresSeal": true,
    "sealHours": 24
  },
  {
    "code": "trapdoor-solid-aged",
    "ingredients": [
      {
        "type": "item",
        "code": "game:vinegarportion",
        "litres": 1,
        "consumeLitres": 1
      },
      {
        "type": "block",
        "code": "game:trapdoor-solid-*-1",
        "allowedVariants": [ "birch", "oak", "maple", "pine", "acacia", "kapok", "baldcypress", "larch", "redwood", "walnut", "purpleheart" ],
        "name": "wood",
        "quantity": 1
      }
    ],
    "output": {
      "type": "block",
      "code": "game:trapdoor-solid-aged-1",
      "quantity": 1
    },
    "requiresSeal": true,
    "sealHours": 24
  },
  {
    "code": "trapdoor-window-aged",
    "ingredients": [
      {
        "type": "item",
        "code": "game:vinegarportion",
        "litres": 1,
        "consumeLitres": 1
      },
      {
        "type": "block",
        "code": "game:trapdoor-window-*-1",
        "allowedVariants": [ "birch", "oak", "maple", "pine", "acacia", "kapok", "baldcypress", "larch", "redwood", "walnut", "purpleheart" ],
        "name": "wood",
        "quantity": 1
      }
    ],
    "output": {
      "type": "block",
      "code": "game:trapdoor-window-aged-1",
      "quantity": 1
    },
    "requiresSeal": true,
    "sealHours": 24
  },
  {
    "code": "logquad-barkedcorner-aged",
    "ingredients": [
      {
        "type": "item",
        "code": "game:vinegarportion",
        "litres": 1,
        "consumeLitres": 1
      },
      {
        "type": "block",
        "code": "game:logquad-barkedcorner-*-north",
        "allowedVariants": [ "birch", "oak", "maple", "pine", "acacia", "kapok", "baldcypress", "larch", "redwood", "walnut", "purpleheart" ],
        "name": "wood",
        "quantity": 1
      }
    ],
    "output": {
      "type": "block",
      "code": "game:logquad-barkedcorner-aged-north",
      "quantity": 1
    },
    "requiresSeal": true,
    "sealHours": 24
  },
  {
    "code": "logquad-debarkedcorner-aged",
    "ingredients": [
      {
        "type": "item",
        "code": "game:vinegarportion",
        "litres": 1,
        "consumeLitres": 1
      },
      {
        "type": "block",
        "code": "game:logquad-debarkedcorner-*-north",
        "allowedVariants": [ "birch", "oak", "maple", "pine", "acacia", "kapok", "baldcypress", "larch", "redwood", "walnut", "purpleheart" ],
        "name": "wood",
        "quantity": 1
      }
    ],
    "output": {
      "type": "block",
      "code": "game:logquad-debarkedcorner-aged-north",
      "quantity": 1
    },
    "requiresSeal": true,
    "sealHours": 24
  },
  {
    "code": "logquad-placed-aged",
    "ingredients": [
      {
        "type": "item",
        "code": "game:vinegarportion",
        "litres": 1,
        "consumeLitres": 1
      },
      {
        "type": "block",
        "code": "game:logquad-placed-*-ud",
        "allowedVariants": [ "birch", "oak", "maple", "pine", "acacia", "kapok", "baldcypress", "larch", "redwood", "walnut", "purpleheart" ],
        "name": "wood",
        "quantity": 1
      }
    ],
    "output": {
      "type": "block",
      "code": "game:logquad-placed-aged-ud",
      "quantity": 1
    },
    "requiresSeal": true,
    "sealHours": 24
  },
  {
    "code": "logquad-debarked-aged",
    "ingredients": [
      {
        "type": "item",
        "code": "game:vinegarportion",
        "litres": 1,
        "consumeLitres": 1
      },
      {
        "type": "block",
        "code": "game:logquad-debarked-*-ud",
        "allowedVariants": [ "birch", "oak", "maple", "pine", "acacia", "kapok", "baldcypress", "larch", "redwood", "walnut", "purpleheart" ],
        "name": "wood",
        "quantity": 1
      }
    ],
    "output": {
      "type": "block",
      "code": "game:logquad-debarked-aged-ud",
      "quantity": 1
    },
    "requiresSeal": true,
    "sealHours": 24
  },
  {
    "code": "plankslab-lightaged",
    "ingredients": [
      {
        "type": "item",
        "code": "game:vinegarportion",
        "litres": 1,
        "consumeLitres": 1
      },
      {
        "type": "block",
        "code": "game:plankslab-*-down-free",
        "allowedVariants": [ "birch", "oak", "maple", "pine", "acacia", "kapok", "baldcypress", "larch", "redwood", "walnut", "purpleheart" ],
        "name": "wood",
        "quantity": 1
      }
    ],
    "output": {
      "type": "block",
      "code": "game:plankslab-lightaged-down-free",
      "quantity": 1
    },
    "requiresSeal": true,
    "sealHours": 24
  },
  {
    "code": "roughhewnfence-aged",
    "ingredients": [
      {
        "type": "item",
        "code": "game:vinegarportion",
        "litres": 1,
        "consumeLitres": 1
      },
      {
        "type": "block",
        "code": "game:roughhewnfence-*-ew-free",
        "allowedVariants": [ "birch", "oak", "maple", "pine", "acacia", "kapok", "baldcypress", "larch", "redwood", "walnut", "purpleheart" ],
        "name": "wood",
        "quantity": 1
      }
    ],
    "output": {
      "type": "block",
      "code": "game:roughhewnfence-aged-ew-free",
      "quantity": 1
    },
    "requiresSeal": true,
    "sealHours": 24
  },
  {
    "code": "woodenfencegate-lightaged",
    "ingredients": [
      {
        "type": "item",
        "code": "game:vinegarportion",
        "litres": 1,
        "consumeLitres": 1
      },
      {
        "type": "block",
        "code": "game:woodenfencegate-*-n-closed-left-free",
        "allowedVariants": [ "birch", "oak", "maple", "pine", "acacia", "kapok", "baldcypress", "larch", "redwood", "walnut", "purpleheart" ],
        "name": "wood",
        "quantity": 1
      }
    ],
    "output": {
      "type": "block",
      "code": "game:woodenfencegate-lightaged-n-closed-left-free",
      "quantity": 1
    },
    "requiresSeal": true,
    "sealHours": 24
  },
  {
    "code": "supportbeam-aged",
    "ingredients": [
      {
        "type": "item",
        "code": "game:vinegarportion",
        "litres": 1,
        "consumeLitres": 1
      },
      {
        "type": "block",
        "code": "game:supportbeam-*",
        "allowedVariants": [ "birch", "oak", "maple", "pine", "acacia", "kapok", "baldcypress", "larch", "redwood", "walnut", "purpleheart" ],
        "name": "wood",
        "quantity": 1
      }
    ],
    "output": {
      "type": "block",
      "code": "game:supportbeam-aged",
      "quantity": 1
    },
    "requiresSeal": true,
    "sealHours": 24
  },
  {
    "code": "roughhewnfencegate-aged",
    "ingredients": [
      {
        "type": "item",
        "code": "game:vinegarportion",
        "litres": 1,
        "consumeLitres": 1
      },
      {
        "type": "block",
        "code": "game:roughhewnfencegate-*-n-closed-free",
        "allowedVariants": [ "birch", "oak", "maple", "pine", "acacia", "kapok", "baldcypress", "larch", "redwood", "walnut", "purpleheart" ],
        "name": "wood",
        "quantity": 1
      }
    ],
    "output": {
      "type": "block",
      "code": "game:roughhewnfencegate-aged-n-closed-free",
      "quantity": 1
    },
    "requiresSeal": true,
    "sealHours": 24
  },
  {
    "code": "woodenfence-aged",
    "ingredients": [
      {
        "type": "item",
        "code": "game:vinegarportion",
        "litres": 1,
        "consumeLitres": 1
      },
      {
        "type": "block",
        "code": "game:woodenfence-lightaged-ew-free",
        "name": "wood",
        "quantity": 1
      }
    ],
    "output": {
      "type": "block",
      "code": "game:woodenfence-aged-ew-free",
      "quantity": 1
    },
    "requiresSeal": true,
    "sealHours": 24
  },
  {
    "code": "woodenfence-lightaged",
    "ingredients": [
      {
        "type": "item",
        "code": "game:vinegarportion",
        "litres": 1,
        "consumeLitres": 1
      },
      {
        "type": "block",
        "code": "game:woodenfence-*-ew-free",
        "allowedVariants": [ "birch", "oak", "maple", "pine", "acacia", "kapok", "baldcypress", "larch", "redwood", "walnut", "purpleheart" ],
        "name": "wood",
        "quantity": 1
      }
    ],
    "output": {
      "type": "block",
      "code": "game:woodenfence-lightaged-ew-free",
      "quantity": 1
    },
    "requiresSeal": true,
    "sealHours": 24
  },
  {
    "code": "planks-aged",
    "ingredients": [
      {
        "type": "item",
        "code": "game:vinegarportion",
        "litres": 1,
        "consumeLitres": 1
      },
      {
        "type": "block",
        "code": "game:planks-*-ud",
        "allowedVariants": [ "birch", "oak", "maple", "pine", "acacia", "kapok", "baldcypress", "larch", "redwood", "walnut", "purpleheart" ],
        "name": "wood",
        "quantity": 1
      }
    ],
    "output": {
      "type": "block",
      "code": "game:planks-lightaged-ud",
      "quantity": 1
    },
    "requiresSeal": true,
    "sealHours": 24
  },
  {
    "code": "plankstairs-aged",
    "ingredients": [
      {
        "type": "item",
        "code": "game:vinegarportion",
        "litres": 1,
        "consumeLitres": 1
      },
      {
        "type": "block",
        "code": "game:plankstairs-*-up-north-free",
        "allowedVariants": [ "birch", "oak", "maple", "pine", "acacia", "kapok", "baldcypress", "larch", "redwood", "walnut", "purpleheart" ],
        "name": "wood",
        "quantity": 1
      }
    ],
    "output": {
      "type": "block",
      "code": "game:plankstairs-lightaged-up-north-free",
      "quantity": 1
    },
    "requiresSeal": true,
    "sealHours": 24
  },
  {
    "code": "plankslab-aged",
    "ingredients": [
      {
        "type": "item",
        "code": "game:vinegarportion",
        "litres": 1,
        "consumeLitres": 1
      },
      {
        "type": "block",
        "code": "game:plankslab-*-ud",
        "allowedVariants": [ "birch", "oak", "maple", "pine", "acacia", "kapok", "baldcypress", "larch", "redwood", "walnut", "purpleheart" ],
        "name": "wood",
        "quantity": 1
      }
    ],
    "output": {
      "type": "block",
      "code": "game:plankslab-lightaged-ud",
      "quantity": 1
    },
    "requiresSeal": true,
    "sealHours": 24
  },
]