[
	{
		ingredientPattern: "_B_,BMB,MKM",
		ingredients: {
			"M": { type: "item", code: "game:metalchain-meteoriciron" },
			"B": { type: "item", code: "game:cloth-blue" },
			"K": { type: "item", code: "game:cloth-plain" },
		},
		width: 3,
		height: 3,
		output: { type: "item", code: "armor-head-acolyte-forlornacolyte", quantity: 1  }
	},
	{
		ingredientPattern: "P_P,GAG,BMB",
		ingredients: {
			"M": { type: "item", code: "game:metalchain-meteoriciron"  },
			"P": { type: "item", code: "game:metalplate-meteoriciron"  },
			"G": { type: "item", code: "game:metalplate-gold"  },
			"B": { type: "item", code: "game:cloth-blue" },
			"A": { type: "item", code: "game:armor-body-jerkin-leather" },
		},
		width: 3,
		height: 3,
		output: { type: "item", code: "armor-body-acolyte-forlornacolyte", quantity: 1  }
	},
	{
		ingredientPattern: "MMM,KAK,KGK",
		ingredients: {
			"M": { type: "item", code: "game:metalchain-meteoriciron" },
			"G": { type: "item", code: "game:metalplate-gold"  },
			"K": { type: "item", code: "game:leather-normal-plain" },
			"A": { type: "item", code: "game:armor-legs-jerkin-leather" },
		},
		width: 3,
		height: 3,
		output: { type: "item", code: "armor-legs-acolyte-forlornacolyte", quantity: 1  }
	},
	{
		ingredientPattern: "A,M",
		recipeGroup: 2,
		ingredients: {
			"A": { type: "item", code: "armor-head-acolyte-forlornacolyte" },
			"M": { type: "item", code: "game:metalchain-meteoriciron" },
		},
		width: 1,
		height: 2,
		averageDurability: false,
		output: { type: "item", code: "armor-head-acolyte-forlornacolyte"  },
	},
	{
		ingredientPattern: "A,K,L",
		recipeGroup: 2,
		ingredients: {
			"A": { type: "item", code: "armor-body-acolyte-forlornacolyte"  },
			"K": { type: "item", code: "game:leather-normal-plain" },
			"L": { type: "item", code: "game:metalchain-meteoriciron"  },
		},
		width: 1,
		height: 3,
		averageDurability: false,
		output: { type: "item", code: "armor-body-acolyte-forlornacolyte"  },
	},
	{
		ingredientPattern: "A,K,L",
		recipeGroup: 2,
		ingredients: {
			"A": { type: "item", code: "armor-legs-acolyte-forlornacolyte"  },
			"K": { type: "item", code: "game:leather-normal-plain" },
			"L": { type: "item", code: "game:metalchain-meteoriciron"  },
		},
		width: 1,
		height: 3,
		averageDurability: false,
		output: { type: "item", code: "armor-legs-acolyte-forlornacolyte"  }
	}
]
