{
	"editor": {
		"backDropShape": "E:/Programs/VSModelCreator/seraph-hairless",
		"collapsedPaths": "Root/ArmorHelmet/ArmorHelmetBottom/Bottom4/BottomFront9,Root/ArmorHelmet/ArmorHelmetBottom/Bottom2,Root/ArmorHelmet/ArmorHelmetBottom/Bottom3,Root/ArmorHelmet/ArmorHelmetBottom/Bottom4,Root/ArmorHelmet/PlumeBase",
		"allAngles": true,
		"entityTextureMode": true
	},
	"textureWidth": 64,
	"textureHeight": 64,
	"textureSizes": {
	},
	"textures": {
		"gothichead": "armor/entity/gothic_steel",
		"plume": "block/plume/plumered"
	},
	"elements": [
		{
			"name": "ArmorHelmet",
			"stepParentName": "Head",
			"from": [ -0.2, -0.5, -0.6 ],
			"to": [ 6.4, 5.5, 5.7 ],
			"unwrapMode": 4,
			"uv": [ 26.5, 14.0 ],
			"rotationOrigin": [ -0.2, -0.5, -0.6 ],
			"faces": {
				"north": { "texture": "#gothichead", "uv": [ 26.5, 20.5, 33.0, 26.5 ] },
				"east": { "texture": "#gothichead", "uv": [ 45.5, 20.5, 51.5, 26.5 ], "windMode": [-1,-1,-1,-1], "windData": [1,1,1,1] },
				"south": { "texture": "#gothichead", "uv": [ 39.0, 20.5, 45.5, 26.5 ] },
				"west": { "texture": "#gothichead", "uv": [ 33.0, 20.5, 39.0, 26.5 ], "windMode": [-1,-1,-1,-1], "windData": [1,1,1,1] },
				"up": { "texture": "#gothichead", "uv": [ 33.0, 14.0, 39.0, 20.5 ], "rotation": 90 },
				"down": { "texture": "#gothichead", "uv": [ 33.0, 26.5, 39.0, 33.0 ], "rotation": 90 }
			},
			"children": [
				{
					"name": "ArmorHelmetTop",
					"from": [ 0.5, 5.0, 0.8 ],
					"to": [ 6.1, 6.0, 3.45 ],
					"uv": [ 27.0, 20.5 ],
					"rotationOrigin": [ 0.5, 5.0, 0.8 ],
					"rotationX": -13.0,
					"faces": {
						"north": { "texture": "#gothichead", "uv": [ 27.0, 23.0, 32.5, 24.0 ] },
						"east": { "texture": "#gothichead", "uv": [ 32.5, 23.0, 35.0, 24.0 ] },
						"south": { "texture": "#gothichead", "uv": [ 35.0, 23.0, 40.5, 24.0 ] },
						"west": { "texture": "#gothichead", "uv": [ 40.5, 23.0, 43.0, 24.0 ] },
						"up": { "texture": "#gothichead", "uv": [ 27.0, 20.5, 32.5, 23.0 ] }
					}
				},
				{
					"name": "ArmorHelmetFront",
					"from": [ -0.7, 1.7, 0.2 ],
					"to": [ 0.1, 5.9, 3.2 ],
					"uv": [ 40.0, 23.5 ],
					"rotationOrigin": [ -0.7, 1.7, 1.6 ],
					"rotationY": -10.0,
					"rotationZ": -7.0,
					"faces": {
						"north": { "texture": "#gothichead", "uv": [ 40.0, 26.5, 40.5, 30.5 ] },
						"south": { "texture": "#gothichead", "uv": [ 40.5, 26.5, 41.0, 30.5 ] },
						"west": { "texture": "#gothichead", "uv": [ 41.0, 26.5, 44.0, 30.5 ] },
						"up": { "texture": "#gothichead", "uv": [ 40.0, 23.5, 40.5, 26.5 ] },
						"down": { "texture": "#gothichead", "uv": [ 40.5, 23.5, 41.0, 26.5 ] }
					}
				},
				{
					"name": "ArmorHelmetRight",
					"from": [ 1.0, 2.0, -0.7 ],
					"to": [ 5.6, 6.0, 0.3 ],
					"autoUnwrap": false,
					"uv": [ 27.4, 20.5 ],
					"rotationOrigin": [ 1.0, 2.0, -0.2 ],
					"rotationX": 13.0,
					"faces": {
						"north": { "texture": "#gothichead", "uv": [ 27.5, 21.5, 32.0, 25.5 ] },
						"east": { "texture": "#gothichead", "uv": [ 26.5, 21.5, 27.5, 25.5 ], "windMode": [-1,-1,-1,-1], "windData": [1,1,1,1] },
						"west": { "texture": "#gothichead", "uv": [ 32.0, 21.5, 33.0, 25.5 ], "windMode": [-1,-1,-1,-1], "windData": [1,1,1,1] },
						"down": { "texture": "#gothichead", "uv": [ 27.5, 20.5, 32.0, 21.5 ] }
					}
				},
				{
					"name": "ArmorHelmetBack",
					"from": [ 5.6, 1.5, 1.0 ],
					"to": [ 6.5, 6.0, 5.3 ],
					"autoUnwrap": false,
					"uv": [ 54.0, 20.5 ],
					"rotationOrigin": [ 5.6, 1.5, 1.0 ],
					"rotationZ": -10.0,
					"faces": {
						"north": { "texture": "#gothichead", "uv": [ 51.0, 21.0, 51.5, 25.5 ] },
						"east": { "texture": "#gothichead", "uv": [ 46.5, 20.5, 50.5, 25.0 ], "windMode": [-1,-1,-1,-1], "windData": [1,1,1,1] },
						"south": { "texture": "#gothichead", "uv": [ 45.5, 20.5, 46.0, 25.0 ] },
						"up": { "texture": "#gothichead", "uv": [ 46.0, 20.5, 50.0, 21.0 ], "rotation": 90, "windMode": [-1,-1,-1,-1], "windData": [1,1,1,1] },
						"down": { "texture": "#gothichead", "uv": [ 51.0, 21.5, 51.5, 25.5 ] }
					}
				},
				{
					"name": "ArmorHelmetBottom",
					"from": [ -0.9, 1.4, -0.8 ],
					"to": [ -0.9, 1.4, -0.8 ],
					"uv": [ 35.5, 9.0 ],
					"rotationOrigin": [ -0.9, 1.4, -0.8 ],
					"rotationY": -13.0,
					"faces": {
						"north": { "texture": "#gothichead", "uv": [ 35.5, 9.5, 36.0, 10.0 ] },
						"east": { "texture": "#gothichead", "uv": [ 36.0, 9.5, 36.5, 10.0 ] },
						"south": { "texture": "#gothichead", "uv": [ 36.5, 9.5, 37.0, 10.0 ] },
						"west": { "texture": "#gothichead", "uv": [ 37.0, 9.5, 37.5, 10.0 ] },
						"up": { "texture": "#gothichead", "uv": [ 35.5, 9.0, 36.0, 9.5 ] },
						"down": { "texture": "#gothichead", "uv": [ 36.0, 9.0, 36.5, 9.5 ] }
					},
					"children": [
						{
							"name": "Bottom",
							"from": [ 4.9809, -0.5, 2.904 ],
							"to": [ 4.9809, -0.5, 2.904 ],
							"uv": [ 0.0, 0.0 ],
							"renderInEditor": false,
							"rotationOrigin": [ 4.9809, -0.5, 2.904 ],
							"rotationY": 13.0,
							"rotationZ": 10.0,
							"faces": {
								"north": { "texture": "#null", "uv": [ 0.0, 0.5, 0.5, 1.0 ] },
								"east": { "texture": "#null", "uv": [ 0.5, 0.5, 1.0, 1.0 ] },
								"south": { "texture": "#null", "uv": [ 1.0, 0.5, 1.5, 1.0 ] },
								"west": { "texture": "#null", "uv": [ 1.5, 0.5, 2.0, 1.0 ] },
								"up": { "texture": "#null", "uv": [ 0.0, 0.0, 0.5, 0.5 ] },
								"down": { "texture": "#null", "uv": [ 0.5, 0.0, 1.0, 0.5 ] }
							},
							"children": [
								{
									"name": "BottomFront",
									"from": [ -3.73, 1.3, -4.0587 ],
									"to": [ -3.73, 1.3, -4.0587 ],
									"uv": [ 0.0, 0.0 ],
									"rotationOrigin": [ -3.7262, 1.3, -3.86 ],
									"rotationY": -13.0,
									"faces": {
										"north": { "texture": "#null", "uv": [ 0.0, 0.5, 0.5, 1.0 ] },
										"east": { "texture": "#null", "uv": [ 0.5, 0.5, 1.0, 1.0 ] },
										"south": { "texture": "#null", "uv": [ 1.0, 0.5, 1.5, 1.0 ] },
										"west": { "texture": "#null", "uv": [ 1.5, 0.5, 2.0, 1.0 ] },
										"up": { "texture": "#null", "uv": [ 0.0, 0.0, 0.5, 0.5 ] },
										"down": { "texture": "#null", "uv": [ 0.5, 0.0, 1.0, 0.5 ] }
									},
									"children": [
										{
											"name": "BottomFront1",
											"from": [ 0.0, 0.0, 0.3 ],
											"to": [ 3.0, 0.5, 4.2 ],
											"unwrapMode": 4,
											"uv": [ 46.5, 33.0 ],
											"rotationOrigin": [ -0.05, 0.0, 0.3 ],
											"faces": {
												"north": { "texture": "#gothichead", "uv": [ 46.5, 36.0, 49.5, 36.5 ] },
												"south": { "texture": "#gothichead", "uv": [ 53.0, 36.0, 56.0, 36.5 ], "windMode": [-1,-1,-1,-1], "windData": [1,1,1,1] },
												"west": { "texture": "#gothichead", "uv": [ 49.5, 36.0, 53.0, 36.5 ] },
												"up": { "texture": "#gothichead", "uv": [ 49.5, 33.0, 53.0, 36.0 ], "rotation": 90 },
												"down": { "texture": "#gothichead", "uv": [ 49.5, 36.5, 53.0, 39.5 ], "rotation": 90 }
											}
										},
										{
											"name": "BottomFront2",
											"from": [ 0.0, 0.0, 4.2 ],
											"to": [ 3.0, 0.5, 7.9 ],
											"unwrapMode": 4,
											"uv": [ 53.0, 32.5 ],
											"rotationOrigin": [ -0.0046, 0.0, 4.1974 ],
											"rotationY": 26.0,
											"faces": {
												"north": { "texture": "#gothichead", "uv": [ 53.0, 35.5, 56.0, 36.0 ] },
												"south": { "texture": "#gothichead", "uv": [ 59.5, 35.5, 62.5, 36.0 ] },
												"west": { "texture": "#gothichead", "uv": [ 56.0, 35.5, 59.5, 36.0 ] },
												"up": { "texture": "#gothichead", "uv": [ 56.0, 32.5, 59.5, 35.5 ], "rotation": 90 },
												"down": { "texture": "#gothichead", "uv": [ 56.0, 36.0, 59.5, 39.0 ], "rotation": 90 }
											}
										}
									]
								}
							]
						},
						{
							"name": "Bottom2",
							"from": [ 4.98, -0.5, 3.0 ],
							"to": [ 4.98, -0.5, 3.0 ],
							"uv": [ 0.0, 0.0 ],
							"rotationOrigin": [ 4.9809, -0.5, 3.2 ],
							"rotationY": -77.0,
							"rotationZ": 10.0,
							"faces": {
								"north": { "texture": "#null", "uv": [ 0.0, 0.5, 0.5, 1.0 ] },
								"east": { "texture": "#null", "uv": [ 0.5, 0.5, 1.0, 1.0 ] },
								"south": { "texture": "#null", "uv": [ 1.0, 0.5, 1.5, 1.0 ] },
								"west": { "texture": "#null", "uv": [ 1.5, 0.5, 2.0, 1.0 ] },
								"up": { "texture": "#null", "uv": [ 0.0, 0.0, 0.5, 0.5 ] },
								"down": { "texture": "#null", "uv": [ 0.5, 0.0, 1.0, 0.5 ] }
							},
							"children": [
								{
									"name": "BottomFront3",
									"from": [ -3.73, 1.3, -4.0587 ],
									"to": [ -3.73, 1.3, -4.0587 ],
									"uv": [ 0.0, 0.0 ],
									"rotationOrigin": [ -3.7262, 1.3, -3.86 ],
									"rotationY": -13.0,
									"faces": {
										"north": { "texture": "#null", "uv": [ 0.0, 0.5, 0.5, 1.0 ] },
										"east": { "texture": "#null", "uv": [ 0.5, 0.5, 1.0, 1.0 ] },
										"south": { "texture": "#null", "uv": [ 1.0, 0.5, 1.5, 1.0 ] },
										"west": { "texture": "#null", "uv": [ 1.5, 0.5, 2.0, 1.0 ] },
										"up": { "texture": "#null", "uv": [ 0.0, 0.0, 0.5, 0.5 ] },
										"down": { "texture": "#null", "uv": [ 0.5, 0.0, 1.0, 0.5 ] }
									},
									"children": [
										{
											"name": "BottomFront4",
											"from": [ 0.0, 0.0, 0.3 ],
											"to": [ 3.0, 0.5, 4.2 ],
											"unwrapMode": 4,
											"uv": [ 46.5, 33.0 ],
											"rotationOrigin": [ -0.05, 0.0, 0.3 ],
											"faces": {
												"north": { "texture": "#gothichead", "uv": [ 46.5, 36.0, 49.5, 36.5 ], "windMode": [-1,-1,-1,-1], "windData": [1,1,1,1] },
												"south": { "texture": "#gothichead", "uv": [ 53.0, 36.0, 56.0, 36.5 ], "windMode": [-1,-1,-1,-1], "windData": [1,1,1,1] },
												"west": { "texture": "#gothichead", "uv": [ 49.5, 36.0, 53.0, 36.5 ] },
												"up": { "texture": "#gothichead", "uv": [ 49.5, 33.0, 53.0, 36.0 ], "rotation": 90 },
												"down": { "texture": "#gothichead", "uv": [ 49.5, 36.5, 53.0, 39.5 ], "rotation": 90, "windMode": [-1,-1,-1,-1], "windData": [1,1,1,1] }
											}
										},
										{
											"name": "BottomFront5",
											"from": [ 0.0, 0.0, 4.2 ],
											"to": [ 3.0, 0.5, 7.9 ],
											"unwrapMode": 4,
											"uv": [ 53.0, 32.5 ],
											"rotationOrigin": [ -0.0046, 0.0, 4.1974 ],
											"rotationY": 26.0,
											"faces": {
												"north": { "texture": "#gothichead", "uv": [ 53.0, 35.5, 56.0, 36.0 ] },
												"south": { "texture": "#gothichead", "uv": [ 59.5, 35.5, 62.5, 36.0 ] },
												"west": { "texture": "#gothichead", "uv": [ 56.0, 35.5, 59.5, 36.0 ] },
												"up": { "texture": "#gothichead", "uv": [ 56.0, 32.5, 59.5, 35.5 ], "rotation": 90 },
												"down": { "texture": "#gothichead", "uv": [ 56.0, 36.0, 59.5, 39.0 ], "rotation": 90 }
											}
										},
										{
											"name": "BottomFrontSlide3",
											"from": [ 0.0, 0.5, 0.7 ],
											"to": [ 0.7, 2.0, 4.25 ],
											"unwrapMode": 4,
											"uv": [ 48.0, 30.0 ],
											"rotationOrigin": [ 0.0, 0.5, 0.7 ],
											"rotationZ": -45.0,
											"faces": {
												"north": { "texture": "#gothichead", "uv": [ 48.0, 30.5, 48.5, 32.0 ] },
												"east": { "texture": "#gothichead", "uv": [ 52.5, 30.5, 56.0, 32.0 ], "windMode": [-1,-1,-1,-1], "windData": [1,1,1,1] },
												"south": { "texture": "#gothichead", "uv": [ 52.0, 30.5, 52.5, 32.0 ], "windMode": [-1,-1,-1,-1], "windData": [1,1,1,1] },
												"west": { "texture": "#gothichead", "uv": [ 48.5, 30.5, 52.0, 32.0 ], "windMode": [-1,-1,-1,-1], "windData": [1,1,1,1] },
												"up": { "texture": "#gothichead", "uv": [ 48.5, 30.0, 52.0, 30.5 ], "rotation": 90, "windMode": [-1,-1,-1,-1], "windData": [1,1,1,1] },
												"down": { "texture": "#gothichead", "uv": [ 48.5, 32.0, 52.0, 32.5 ], "rotation": 90, "windMode": [-1,-1,-1,-1], "windData": [1,1,1,1] }
											}
										},
										{
											"name": "BottomFrontSlide4",
											"from": [ 0.0, 0.5, 4.25 ],
											"to": [ 0.7, 2.0, 7.6 ],
											"unwrapMode": 4,
											"uv": [ 51.5, 30.0 ],
											"rotationOrigin": [ -0.0046, 0.5, 4.1974 ],
											"rotationY": 26.0,
											"rotationZ": -45.0,
											"faces": {
												"north": { "texture": "#gothichead", "uv": [ 51.5, 30.5, 52.0, 32.0 ], "windMode": [-1,-1,-1,-1], "windData": [1,1,1,1] },
												"east": { "texture": "#gothichead", "uv": [ 55.5, 30.5, 58.5, 32.0 ], "windMode": [-1,-1,-1,-1], "windData": [1,1,1,1] },
												"south": { "texture": "#gothichead", "uv": [ 55.0, 30.5, 55.5, 32.0 ], "windMode": [-1,-1,-1,-1], "windData": [1,1,1,1] },
												"west": { "texture": "#gothichead", "uv": [ 52.0, 30.5, 55.0, 32.0 ], "windMode": [-1,-1,-1,-1], "windData": [1,1,1,1] },
												"up": { "texture": "#gothichead", "uv": [ 52.0, 30.0, 55.0, 30.5 ], "rotation": 90, "windMode": [-1,-1,-1,-1], "windData": [1,1,1,1] },
												"down": { "texture": "#gothichead", "uv": [ 52.0, 32.0, 55.0, 32.5 ], "rotation": 90, "windMode": [-1,-1,-1,-1], "windData": [1,1,1,1] }
											}
										}
									]
								}
							]
						},
						{
							"name": "Bottom3",
							"from": [ 4.9809, -0.5, 2.6 ],
							"to": [ 4.9809, -0.5, 2.6 ],
							"uv": [ 0.0, 0.0 ],
							"renderInEditor": false,
							"rotationOrigin": [ 4.9809, -0.5, 2.604 ],
							"rotationY": 103.0,
							"rotationZ": 10.0,
							"faces": {
								"north": { "texture": "#null", "uv": [ 0.0, 0.5, 0.5, 1.0 ] },
								"east": { "texture": "#null", "uv": [ 0.5, 0.5, 1.0, 1.0 ] },
								"south": { "texture": "#null", "uv": [ 1.0, 0.5, 1.5, 1.0 ] },
								"west": { "texture": "#null", "uv": [ 1.5, 0.5, 2.0, 1.0 ] },
								"up": { "texture": "#null", "uv": [ 0.0, 0.0, 0.5, 0.5 ] },
								"down": { "texture": "#null", "uv": [ 0.5, 0.0, 1.0, 0.5 ] }
							},
							"children": [
								{
									"name": "BottomFront6",
									"from": [ -3.73, 1.3, -4.0587 ],
									"to": [ -3.73, 1.3, -4.0587 ],
									"uv": [ 0.0, 0.0 ],
									"rotationOrigin": [ -3.7262, 1.3, -3.86 ],
									"rotationY": -13.0,
									"faces": {
										"north": { "texture": "#null", "uv": [ 0.0, 0.5, 0.5, 1.0 ] },
										"east": { "texture": "#null", "uv": [ 0.5, 0.5, 1.0, 1.0 ] },
										"south": { "texture": "#null", "uv": [ 1.0, 0.5, 1.5, 1.0 ] },
										"west": { "texture": "#null", "uv": [ 1.5, 0.5, 2.0, 1.0 ] },
										"up": { "texture": "#null", "uv": [ 0.0, 0.0, 0.5, 0.5 ] },
										"down": { "texture": "#null", "uv": [ 0.5, 0.0, 1.0, 0.5 ] }
									},
									"children": [
										{
											"name": "BottomFront7",
											"from": [ 0.0, 0.0, 0.3 ],
											"to": [ 3.0, 0.5, 4.2 ],
											"unwrapMode": 4,
											"uv": [ 46.5, 33.0 ],
											"rotationOrigin": [ -0.05, 0.0, 0.3 ],
											"faces": {
												"north": { "texture": "#gothichead", "uv": [ 46.5, 36.0, 49.5, 36.5 ] },
												"south": { "texture": "#gothichead", "uv": [ 53.0, 36.0, 56.0, 36.5 ], "windMode": [-1,-1,-1,-1], "windData": [1,1,1,1] },
												"west": { "texture": "#gothichead", "uv": [ 49.5, 36.0, 53.0, 36.5 ] },
												"up": { "texture": "#gothichead", "uv": [ 49.5, 33.0, 53.0, 36.0 ], "rotation": 90 },
												"down": { "texture": "#gothichead", "uv": [ 49.5, 36.5, 53.0, 39.5 ], "rotation": 90 }
											}
										},
										{
											"name": "BottomFront8",
											"from": [ 0.0, 0.0, 4.2 ],
											"to": [ 3.0, 0.5, 7.9 ],
											"unwrapMode": 4,
											"uv": [ 53.0, 32.5 ],
											"rotationOrigin": [ -0.0046, 0.0, 4.1974 ],
											"rotationY": 26.0,
											"faces": {
												"north": { "texture": "#gothichead", "uv": [ 53.0, 35.5, 56.0, 36.0 ] },
												"south": { "texture": "#gothichead", "uv": [ 59.5, 35.5, 62.5, 36.0 ] },
												"west": { "texture": "#gothichead", "uv": [ 56.0, 35.5, 59.5, 36.0 ] },
												"up": { "texture": "#gothichead", "uv": [ 56.0, 32.5, 59.5, 35.5 ], "rotation": 90 },
												"down": { "texture": "#gothichead", "uv": [ 56.0, 36.0, 59.5, 39.0 ], "rotation": 90 }
											}
										},
										{
											"name": "BottomFrontSlide5",
											"from": [ 0.0, 0.5, 0.7 ],
											"to": [ 0.7, 2.0, 4.2 ],
											"unwrapMode": 4,
											"uv": [ 48.0, 30.0 ],
											"rotationOrigin": [ 0.0, 0.5, 4.2 ],
											"rotationZ": -45.0,
											"faces": {
												"north": { "texture": "#gothichead", "uv": [ 48.0, 30.5, 48.5, 32.0 ] },
												"east": { "texture": "#gothichead", "uv": [ 52.5, 30.5, 56.0, 32.0 ], "windMode": [-1,-1,-1,-1], "windData": [1,1,1,1] },
												"south": { "texture": "#gothichead", "uv": [ 52.0, 30.5, 52.5, 32.0 ], "windMode": [-1,-1,-1,-1], "windData": [1,1,1,1] },
												"west": { "texture": "#gothichead", "uv": [ 48.5, 30.5, 52.0, 32.0 ], "windMode": [-1,-1,-1,-1], "windData": [1,1,1,1] },
												"up": { "texture": "#gothichead", "uv": [ 48.5, 30.0, 52.0, 30.5 ], "rotation": 90, "windMode": [-1,-1,-1,-1], "windData": [1,1,1,1] },
												"down": { "texture": "#gothichead", "uv": [ 48.5, 32.0, 52.0, 32.5 ], "rotation": 90, "windMode": [-1,-1,-1,-1], "windData": [1,1,1,1] }
											},
											"children": [
												{
													"name": "BottomFrontSlide6",
													"from": [ 0.0013, -0.0032, 3.5 ],
													"to": [ 0.7013, 1.4968, 6.8 ],
													"unwrapMode": 4,
													"uv": [ 51.5, 30.0 ],
													"rotationOrigin": [ -0.0033, -0.0032, 3.4974 ],
													"rotationX": -19.0,
													"rotationY": 18.0,
													"rotationZ": 3.0,
													"faces": {
														"north": { "texture": "#gothichead", "uv": [ 51.5, 30.5, 52.0, 32.0 ] },
														"east": { "texture": "#gothichead", "uv": [ 55.5, 30.5, 58.5, 32.0 ], "windMode": [-1,-1,-1,-1], "windData": [1,1,1,1] },
														"south": { "texture": "#gothichead", "uv": [ 55.0, 30.5, 55.5, 32.0 ], "windMode": [-1,-1,-1,-1], "windData": [1,1,1,1] },
														"west": { "texture": "#gothichead", "uv": [ 52.0, 30.5, 55.0, 32.0 ], "windMode": [-1,-1,-1,-1], "windData": [1,1,1,1] },
														"up": { "texture": "#gothichead", "uv": [ 52.0, 30.0, 55.0, 30.5 ], "rotation": 90 },
														"down": { "texture": "#gothichead", "uv": [ 52.0, 32.0, 55.0, 32.5 ], "rotation": 90 }
													}
												}
											]
										}
									]
								}
							]
						},
						{
							"name": "Bottom4",
							"from": [ 4.78, -0.6, 2.9 ],
							"to": [ 4.78, -0.6, 2.9 ],
							"uv": [ 0.0, 0.0 ],
							"rotationOrigin": [ 4.7809, -0.6, 2.904 ],
							"rotationY": 193.0,
							"rotationZ": 10.0,
							"faces": {
								"north": { "texture": "#null", "uv": [ 0.0, 0.5, 0.5, 1.0 ] },
								"east": { "texture": "#null", "uv": [ 0.5, 0.5, 1.0, 1.0 ] },
								"south": { "texture": "#null", "uv": [ 1.0, 0.5, 1.5, 1.0 ] },
								"west": { "texture": "#null", "uv": [ 1.5, 0.5, 2.0, 1.0 ] },
								"up": { "texture": "#null", "uv": [ 0.0, 0.0, 0.5, 0.5 ] },
								"down": { "texture": "#null", "uv": [ 0.5, 0.0, 1.0, 0.5 ] }
							},
							"children": [
								{
									"name": "BottomFront9",
									"from": [ -3.73, 1.3, -4.0587 ],
									"to": [ -3.73, 1.3, -4.0587 ],
									"uv": [ 0.0, 0.0 ],
									"rotationOrigin": [ -3.7262, 1.3, -3.86 ],
									"rotationY": -13.0,
									"faces": {
										"north": { "texture": "#null", "uv": [ 0.0, 0.5, 0.5, 1.0 ] },
										"east": { "texture": "#null", "uv": [ 0.5, 0.5, 1.0, 1.0 ] },
										"south": { "texture": "#null", "uv": [ 1.0, 0.5, 1.5, 1.0 ] },
										"west": { "texture": "#null", "uv": [ 1.5, 0.5, 2.0, 1.0 ] },
										"up": { "texture": "#null", "uv": [ 0.0, 0.0, 0.5, 0.5 ] },
										"down": { "texture": "#null", "uv": [ 0.5, 0.0, 1.0, 0.5 ] }
									},
									"children": [
										{
											"name": "BottomFront10",
											"from": [ 0.0, 0.0, 0.3 ],
											"to": [ 3.0, 0.5, 4.2 ],
											"unwrapMode": 4,
											"uv": [ 46.5, 33.0 ],
											"rotationOrigin": [ -0.05, 0.0, 0.3 ],
											"faces": {
												"north": { "texture": "#gothichead", "uv": [ 46.5, 36.0, 49.5, 36.5 ] },
												"west": { "texture": "#gothichead", "uv": [ 49.5, 36.0, 53.0, 36.5 ] },
												"up": { "texture": "#gothichead", "uv": [ 49.5, 33.0, 53.0, 36.0 ], "rotation": 90 },
												"down": { "texture": "#gothichead", "uv": [ 49.5, 36.5, 53.0, 39.5 ], "rotation": 90 }
											}
										},
										{
											"name": "BottomFront11",
											"from": [ 0.0, 0.0, 4.2 ],
											"to": [ 3.0, 0.5, 7.9 ],
											"unwrapMode": 4,
											"uv": [ 53.0, 32.5 ],
											"rotationOrigin": [ -0.0046, 0.0, 4.1974 ],
											"rotationY": 26.0,
											"faces": {
												"north": { "texture": "#gothichead", "uv": [ 53.0, 35.5, 56.0, 36.0 ] },
												"south": { "texture": "#gothichead", "uv": [ 59.5, 35.5, 62.5, 36.0 ] },
												"west": { "texture": "#gothichead", "uv": [ 56.0, 35.5, 59.5, 36.0 ] },
												"up": { "texture": "#gothichead", "uv": [ 56.0, 32.5, 59.5, 35.5 ], "rotation": 90 },
												"down": { "texture": "#gothichead", "uv": [ 56.0, 36.0, 59.5, 39.0 ], "rotation": 90 }
											}
										},
										{
											"name": "BottomFrontSlide7",
											"from": [ 0.0, 0.5, 0.7 ],
											"to": [ 0.7, 2.0, 4.25 ],
											"unwrapMode": 4,
											"uv": [ 48.0, 30.0 ],
											"rotationOrigin": [ 0.0, 0.5, 0.7 ],
											"rotationZ": -45.0,
											"faces": {
												"north": { "texture": "#gothichead", "uv": [ 48.0, 30.5, 48.5, 32.0 ], "windMode": [-1,-1,-1,-1], "windData": [1,1,1,1] },
												"east": { "texture": "#gothichead", "uv": [ 52.5, 30.5, 56.0, 32.0 ], "windMode": [-1,-1,-1,-1], "windData": [1,1,1,1] },
												"south": { "texture": "#gothichead", "uv": [ 52.0, 30.5, 52.5, 32.0 ], "windMode": [-1,-1,-1,-1], "windData": [1,1,1,1] },
												"west": { "texture": "#gothichead", "uv": [ 48.5, 30.5, 52.0, 32.0 ], "windMode": [-1,-1,-1,-1], "windData": [1,1,1,1] },
												"up": { "texture": "#gothichead", "uv": [ 48.5, 30.0, 52.0, 30.5 ], "rotation": 90, "windMode": [-1,-1,-1,-1], "windData": [1,1,1,1] },
												"down": { "texture": "#gothichead", "uv": [ 48.5, 32.0, 52.0, 32.5 ], "rotation": 90, "windMode": [-1,-1,-1,-1], "windData": [1,1,1,1] }
											}
										},
										{
											"name": "BottomFrontSlide8",
											"from": [ 0.0, 0.5, 4.25 ],
											"to": [ 0.7, 2.0, 7.6 ],
											"unwrapMode": 4,
											"uv": [ 51.5, 30.0 ],
											"rotationOrigin": [ -0.0046, 0.5, 4.1974 ],
											"rotationY": 26.0,
											"rotationZ": -45.0,
											"faces": {
												"north": { "texture": "#gothichead", "uv": [ 51.5, 30.5, 52.0, 32.0 ] },
												"east": { "texture": "#gothichead", "uv": [ 55.5, 30.5, 58.5, 32.0 ], "windMode": [-1,-1,-1,-1], "windData": [1,1,1,1] },
												"south": { "texture": "#gothichead", "uv": [ 55.0, 30.5, 55.5, 32.0 ], "windMode": [-1,-1,-1,-1], "windData": [1,1,1,1] },
												"west": { "texture": "#gothichead", "uv": [ 52.0, 30.5, 55.0, 32.0 ], "windMode": [-1,-1,-1,-1], "windData": [1,1,1,1] },
												"up": { "texture": "#gothichead", "uv": [ 52.0, 30.0, 55.0, 30.5 ], "rotation": 90 },
												"down": { "texture": "#gothichead", "uv": [ 52.0, 32.0, 55.0, 32.5 ], "rotation": 90 }
											}
										}
									]
								}
							]
						}
					]
				},
				{
					"name": "ArmorHelmetLeft",
					"from": [ 1.0, 2.0, 6.0 ],
					"to": [ 5.6, 6.0, 7.0 ],
					"uv": [ 35.0, 20.5 ],
					"renderInEditor": false,
					"rotationOrigin": [ 1.0, 2.0, 6.5 ],
					"rotationX": -13.0,
					"faces": {
						"north": { "texture": "#gothichead", "uv": [ 35.0, 21.5, 39.5, 25.5 ], "windMode": [-1,-1,-1,-1], "windData": [1,1,1,1] },
						"east": { "texture": "#gothichead", "uv": [ 39.5, 21.5, 40.5, 25.5 ], "windMode": [-1,-1,-1,-1], "windData": [1,1,1,1] },
						"south": { "texture": "#gothichead", "uv": [ 40.5, 21.5, 45.0, 25.5 ], "windMode": [-1,-1,-1,-1], "windData": [1,1,1,1] },
						"west": { "texture": "#gothichead", "uv": [ 45.0, 21.5, 46.0, 25.5 ], "windMode": [-1,-1,-1,-1], "windData": [1,1,1,1] },
						"up": { "texture": "#gothichead", "uv": [ 35.0, 20.5, 39.5, 21.5 ], "windMode": [-1,-1,-1,-1], "windData": [1,1,1,1] },
						"down": { "texture": "#gothichead", "uv": [ 39.5, 20.5, 44.0, 21.5 ], "windMode": [-1,-1,-1,-1], "windData": [1,1,1,1] }
					}
				},
				{
					"name": "ArmorHelmetFront2",
					"from": [ -0.8, 1.7, 3.2 ],
					"to": [ 0.0, 5.9, 6.2 ],
					"uv": [ 43.0, 23.5 ],
					"rotationOrigin": [ -0.8, 1.7, 4.6 ],
					"rotationY": 8.0,
					"rotationZ": -7.9,
					"faces": {
						"south": { "texture": "#gothichead", "uv": [ 47.5, 26.5, 48.0, 30.5 ], "windMode": [-1,-1,-1,-1], "windData": [1,1,1,1] },
						"west": { "texture": "#gothichead", "uv": [ 44.0, 26.5, 47.0, 30.5 ], "windMode": [-1,-1,-1,-1], "windData": [1,1,1,1] }
					}
				},
				{
					"name": "ArmorHelmetTop2",
					"from": [ 0.5, 5.0, 3.2 ],
					"to": [ 6.09, 6.0, 5.8 ],
					"unwrapMode": 1,
					"autoUnwrap": false,
					"uv": [ 24.0, 20.5 ],
					"rotationOrigin": [ 0.5, 6.0, 5.8 ],
					"rotationX": 13.0,
					"faces": {
						"north": { "texture": "#gothichead", "uv": [ 26.5, 23.0, 32.0, 24.0 ] },
						"east": { "texture": "#gothichead", "uv": [ 28.0, 24.5, 30.5, 25.5 ] },
						"south": { "texture": "#gothichead", "uv": [ 34.5, 23.0, 40.0, 24.0 ] },
						"west": { "texture": "#gothichead", "uv": [ 32.0, 23.0, 34.5, 24.0 ] },
						"up": { "texture": "#gothichead", "uv": [ 26.5, 20.5, 32.0, 23.0 ], "rotation": 180, "windMode": [-1,-1,-1,-1], "windData": [1,1,1,1] }
					}
				},
				{
					"name": "PlumeBase",
					"from": [ 2.1, 6.0, 2.9 ],
					"to": [ 3.1, 7.0, 3.4 ],
					"autoUnwrap": false,
					"uv": [ 19.0, 7.0 ],
					"rotationOrigin": [ 2.1, 6.0, 2.9 ],
					"faces": {
						"north": { "texture": "#plume", "uv": [ 0.0, 8.0, 1.0, 9.0 ] },
						"east": { "texture": "#plume", "uv": [ 0.5, 9.0, 1.0, 10.0 ] },
						"south": { "texture": "#plume", "uv": [ 0.0, 9.0, 1.0, 10.0 ] },
						"west": { "texture": "#plume", "uv": [ 0.0, 8.5, 0.5, 9.5 ] },
						"up": { "texture": "#plume", "uv": [ 0.5, 9.5, 1.5, 10.0 ] },
						"down": { "texture": "#plume", "uv": [ 0.0, 9.0, 1.0, 9.5 ] }
					},
					"children": [
						{
							"name": "PlumeSubBase1",
							"from": [ 0.0, 1.0, -0.1 ],
							"to": [ 2.0, 1.5, 0.6 ],
							"autoUnwrap": false,
							"uv": [ 19.0, 7.5 ],
							"rotationOrigin": [ 0.0, 1.0, -0.1 ],
							"faces": {
								"north": { "texture": "#plume", "uv": [ 0.5, 9.5, 2.5, 10.0 ] },
								"east": { "texture": "#plume", "uv": [ 1.0, 9.0, 1.5, 9.5 ] },
								"south": { "texture": "#plume", "uv": [ 0.5, 9.0, 2.5, 9.5 ] },
								"west": { "texture": "#plume", "uv": [ 1.0, 9.0, 1.5, 9.5 ] },
								"up": { "texture": "#plume", "uv": [ 0.5, 8.5, 2.5, 9.0 ] },
								"down": { "texture": "#plume", "uv": [ 0.5, 9.0, 2.5, 9.5 ] }
							}
						},
						{
							"name": "PlumeSubBase2",
							"from": [ -1.4, 0.9, -0.09 ],
							"to": [ 0.1, 1.4, 0.59 ],
							"unwrapMode": 5,
							"unwrapRotation": 1,
							"uv": [ 0.0, 7.5 ],
							"rotationOrigin": [ -1.4, 0.9, -0.1 ],
							"rotationZ": 5.0,
							"faces": {
								"north": { "texture": "#plume", "uv": [ 0.0, 8.0, 0.5, 9.5 ], "rotation": 270 },
								"east": { "texture": "#plume", "uv": [ 0.5, 7.5, 1.0, 8.0 ], "rotation": 180 },
								"south": { "texture": "#plume", "uv": [ 1.0, 8.0, 1.5, 9.5 ], "rotation": 90 },
								"west": { "texture": "#plume", "uv": [ 0.5, 9.5, 1.0, 10.0 ] },
								"up": { "texture": "#plume", "uv": [ 0.5, 8.0, 1.0, 9.5 ], "rotation": 90 },
								"down": { "texture": "#plume", "uv": [ 1.5, 8.0, 2.0, 9.5 ], "rotation": 270 }
							}
						},
						{
							"name": "PlumeSubBase3",
							"from": [ 1.9, 1.0, -0.09 ],
							"to": [ 3.0, 1.5, 0.59 ],
							"unwrapMode": 6,
							"unwrapRotation": 1,
							"uv": [ 0.0, 8.0 ],
							"rotationOrigin": [ 1.9, 1.0, -0.1 ],
							"rotationZ": -8.0,
							"faces": {
								"north": { "texture": "#plume", "uv": [ 0.0, 8.5, 0.5, 9.5 ], "rotation": 90 },
								"east": { "texture": "#plume", "uv": [ 0.5, 9.5, 1.0, 10.0 ], "rotation": 180 },
								"south": { "texture": "#plume", "uv": [ 1.0, 8.5, 1.5, 9.5 ], "rotation": 270 },
								"west": { "texture": "#plume", "uv": [ 0.5, 8.0, 1.0, 8.5 ] },
								"up": { "texture": "#plume", "uv": [ 1.5, 8.5, 2.0, 9.5 ], "rotation": 270 },
								"down": { "texture": "#plume", "uv": [ 0.5, 8.5, 1.0, 9.5 ], "rotation": 90 }
							}
						},
						{
							"name": "Plume2",
							"from": [ 0.0, -0.2, 0.2 ],
							"to": [ 0.0, -0.2, 0.2 ],
							"uv": [ 0.0, 0.0 ],
							"rotationOrigin": [ -0.4, 1.3, 0.3 ],
							"faces": {
								"north": { "texture": "#plume", "uv": [ 0.0, 0.5, 0.5, 1.0 ] },
								"east": { "texture": "#plume", "uv": [ 0.5, 0.5, 1.0, 1.0 ] },
								"south": { "texture": "#plume", "uv": [ 1.0, 0.5, 1.5, 1.0 ] },
								"west": { "texture": "#plume", "uv": [ 1.5, 0.5, 2.0, 1.0 ] },
								"up": { "texture": "#plume", "uv": [ 0.0, 0.0, 0.5, 0.5 ] },
								"down": { "texture": "#plume", "uv": [ 0.5, 0.0, 1.0, 0.5 ] }
							},
							"children": [
								{
									"name": "Plume2b",
									"from": [ -2.43, 0.92, -0.69 ],
									"to": [ 0.07, 3.92, 0.61 ],
									"autoUnwrap": false,
									"uv": [ 8.4, 0.8 ],
									"rotationOrigin": [ -2.4337, 0.9193, -0.7 ],
									"rotationX": -8.9663,
									"rotationY": 0.7812,
									"rotationZ": 15.0613,
									"faces": {
										"north": { "texture": "#plume", "uv": [ 9.0, 2.0, 11.5, 5.0 ] },
										"east": { "texture": "#plume", "uv": [ 11.0, 2.0, 12.0, 5.0 ] },
										"south": { "texture": "#plume", "uv": [ 12.0, 2.0, 14.5, 5.0 ] },
										"west": { "texture": "#plume", "uv": [ 15.0, 2.0, 16.0, 5.0 ] },
										"up": { "texture": "#plume", "uv": [ 8.5, 1.0, 11.0, 2.0 ] },
										"down": { "texture": "#plume", "uv": [ 11.0, 1.0, 13.5, 2.0 ] }
									}
								},
								{
									"name": "Plume2a",
									"from": [ -2.4123, 1.1181, -0.39 ],
									"to": [ 0.0877, 4.1181, 0.91 ],
									"autoUnwrap": false,
									"uv": [ 0.5, 3.0 ],
									"rotationOrigin": [ -2.4123, 1.1181, -0.4 ],
									"rotationX": 8.9663,
									"rotationY": -0.7812,
									"rotationZ": 15.0613,
									"faces": {
										"north": { "texture": "#plume", "uv": [ 0.5, 4.0, 3.0, 7.0 ] },
										"east": { "texture": "#plume", "uv": [ 3.0, 4.0, 4.0, 7.0 ] },
										"south": { "texture": "#plume", "uv": [ 4.5, 4.0, 7.0, 7.0 ], "windMode": [-1,-1,-1,-1], "windData": [1,2,2,2] },
										"west": { "texture": "#plume", "uv": [ 6.0, 4.0, 7.0, 7.0 ] },
										"up": { "texture": "#plume", "uv": [ 0.5, 3.0, 3.0, 4.0 ] },
										"down": { "texture": "#plume", "uv": [ 3.0, 3.0, 5.5, 4.0 ] }
									}
								}
							]
						},
						{
							"name": "Plume3",
							"from": [ 1.7, -0.2, 0.2 ],
							"to": [ 1.7, -0.2, 0.2 ],
							"uv": [ 0.0, 0.0 ],
							"rotationOrigin": [ 1.3, 1.3, 0.3 ],
							"rotationZ": -15.0,
							"faces": {
								"north": { "texture": "#plume", "uv": [ 0.0, 0.5, 0.5, 1.0 ] },
								"east": { "texture": "#plume", "uv": [ 0.5, 0.5, 1.0, 1.0 ] },
								"south": { "texture": "#plume", "uv": [ 1.0, 0.5, 1.5, 1.0 ] },
								"west": { "texture": "#plume", "uv": [ 1.5, 0.5, 2.0, 1.0 ] },
								"up": { "texture": "#plume", "uv": [ 0.0, 0.0, 0.5, 0.5 ] },
								"down": { "texture": "#plume", "uv": [ 0.5, 0.0, 1.0, 0.5 ] }
							},
							"children": [
								{
									"name": "Plume2b2",
									"from": [ -2.43, 0.92, -0.69 ],
									"to": [ 0.07, 3.72, 0.61 ],
									"autoUnwrap": false,
									"uv": [ 8.0, 1.0 ],
									"rotationOrigin": [ -2.4337, 0.9193, -0.7 ],
									"rotationX": -8.9663,
									"rotationY": 0.7812,
									"rotationZ": 15.0613,
									"faces": {
										"north": { "texture": "#plume", "uv": [ 7.0, 1.0, 9.5, 3.5 ] },
										"east": { "texture": "#plume", "uv": [ 10.5, 1.0, 11.5, 3.5 ] },
										"south": { "texture": "#plume", "uv": [ 11.5, 1.0, 14.0, 3.5 ] },
										"west": { "texture": "#plume", "uv": [ 14.0, 1.0, 15.0, 3.5 ] },
										"up": { "texture": "#plume", "uv": [ 8.5, 0.0, 11.0, 1.0 ] },
										"down": { "texture": "#plume", "uv": [ 11.0, 0.0, 13.5, 1.0 ] }
									}
								},
								{
									"name": "Plume2a2",
									"from": [ -2.4123, 1.1181, -0.39 ],
									"to": [ 0.0877, 3.9181, 0.91 ],
									"autoUnwrap": false,
									"uv": [ 8.0, 1.0 ],
									"rotationOrigin": [ -2.4123, 1.1181, -0.4 ],
									"rotationX": 8.9663,
									"rotationY": -0.7812,
									"rotationZ": 15.0613,
									"faces": {
										"north": { "texture": "#plume", "uv": [ 8.0, 1.0, 10.5, 3.5 ] },
										"east": { "texture": "#plume", "uv": [ 10.5, 1.0, 11.5, 3.5 ] },
										"south": { "texture": "#plume", "uv": [ 12.5, 1.0, 15.0, 3.5 ] },
										"west": { "texture": "#plume", "uv": [ 14.0, 1.0, 15.0, 3.5 ] },
										"up": { "texture": "#plume", "uv": [ 8.5, 0.0, 11.0, 1.0 ] },
										"down": { "texture": "#plume", "uv": [ 11.0, 0.0, 13.5, 1.0 ] }
									}
								}
							]
						},
						{
							"name": "Plume4",
							"from": [ 3.4, -0.5, 0.2 ],
							"to": [ 3.4, -0.5, 0.2 ],
							"uv": [ 0.0, 0.0 ],
							"rotationOrigin": [ 3.0, 1.0, 0.3 ],
							"rotationZ": -30.0,
							"faces": {
								"north": { "texture": "#plume", "uv": [ 0.0, 0.5, 0.5, 1.0 ] },
								"east": { "texture": "#plume", "uv": [ 0.5, 0.5, 1.0, 1.0 ] },
								"south": { "texture": "#plume", "uv": [ 1.0, 0.5, 1.5, 1.0 ] },
								"west": { "texture": "#plume", "uv": [ 1.5, 0.5, 2.0, 1.0 ] },
								"up": { "texture": "#plume", "uv": [ 0.0, 0.0, 0.5, 0.5 ] },
								"down": { "texture": "#plume", "uv": [ 0.5, 0.0, 1.0, 0.5 ] }
							},
							"children": [
								{
									"name": "Plume2b3",
									"from": [ -2.43, 0.92, -0.69 ],
									"to": [ 0.07, 3.32, 0.51 ],
									"autoUnwrap": false,
									"uv": [ 8.0, 1.0 ],
									"rotationOrigin": [ -2.4337, 0.9193, -0.6 ],
									"rotationX": -8.9663,
									"rotationY": 0.7812,
									"rotationZ": 15.0613,
									"faces": {
										"north": { "texture": "#plume", "uv": [ 8.0, 1.0, 10.5, 3.0 ] },
										"east": { "texture": "#plume", "uv": [ 10.5, 1.0, 11.5, 3.0 ] },
										"south": { "texture": "#plume", "uv": [ 11.5, 1.0, 14.0, 3.0 ] },
										"west": { "texture": "#plume", "uv": [ 14.0, 1.0, 15.0, 3.0 ] },
										"up": { "texture": "#plume", "uv": [ 8.5, 0.0, 11.0, 1.0 ] },
										"down": { "texture": "#plume", "uv": [ 11.0, 0.0, 13.5, 1.0 ] }
									}
								},
								{
									"name": "Plume2a3",
									"from": [ -2.4123, 1.1181, -0.39 ],
									"to": [ 0.0877, 3.5181, 0.81 ],
									"autoUnwrap": false,
									"uv": [ 8.0, 1.0 ],
									"rotationOrigin": [ -2.4123, 1.1181, -0.4 ],
									"rotationX": 8.9663,
									"rotationY": -0.7812,
									"rotationZ": 15.0613,
									"faces": {
										"north": { "texture": "#plume", "uv": [ 8.0, 1.0, 10.5, 3.0 ] },
										"east": { "texture": "#plume", "uv": [ 10.5, 1.0, 11.5, 3.0 ] },
										"south": { "texture": "#plume", "uv": [ 12.5, 1.0, 15.0, 3.0 ] },
										"west": { "texture": "#plume", "uv": [ 14.0, 1.0, 15.0, 3.0 ] },
										"up": { "texture": "#plume", "uv": [ 8.5, 0.0, 11.0, 1.0 ] },
										"down": { "texture": "#plume", "uv": [ 11.0, 0.0, 13.5, 1.0 ] }
									}
								}
							]
						},
						{
							"name": "Plume5",
							"from": [ 5.0, -1.5, 0.2 ],
							"to": [ 5.0, -1.5, 0.2 ],
							"uv": [ 0.0, 0.0 ],
							"rotationOrigin": [ 4.6, 0.0, 0.3 ],
							"rotationZ": -42.0,
							"faces": {
								"north": { "texture": "#plume", "uv": [ 0.0, 0.5, 0.5, 1.0 ] },
								"east": { "texture": "#plume", "uv": [ 0.5, 0.5, 1.0, 1.0 ] },
								"south": { "texture": "#plume", "uv": [ 1.0, 0.5, 1.5, 1.0 ] },
								"west": { "texture": "#plume", "uv": [ 1.5, 0.5, 2.0, 1.0 ] },
								"up": { "texture": "#plume", "uv": [ 0.0, 0.0, 0.5, 0.5 ] },
								"down": { "texture": "#plume", "uv": [ 0.5, 0.0, 1.0, 0.5 ] }
							},
							"children": [
								{
									"name": "Plume2b4",
									"from": [ -2.43, 0.92, -0.69 ],
									"to": [ 0.07, 3.32, 0.51 ],
									"autoUnwrap": false,
									"uv": [ 8.0, 1.0 ],
									"rotationOrigin": [ -2.4337, 0.9193, -0.6 ],
									"rotationX": -8.9663,
									"rotationY": 0.7812,
									"rotationZ": 15.0613,
									"faces": {
										"north": { "texture": "#plume", "uv": [ 8.0, 1.0, 10.5, 3.0 ] },
										"east": { "texture": "#plume", "uv": [ 10.5, 1.0, 11.5, 3.0 ] },
										"south": { "texture": "#plume", "uv": [ 11.5, 1.0, 14.0, 3.0 ] },
										"west": { "texture": "#plume", "uv": [ 14.0, 1.0, 15.0, 3.0 ] },
										"up": { "texture": "#plume", "uv": [ 8.5, 0.0, 11.0, 1.0 ] },
										"down": { "texture": "#plume", "uv": [ 11.0, 0.0, 13.5, 1.0 ] }
									}
								},
								{
									"name": "Plume2a4",
									"from": [ -2.4123, 1.1181, -0.39 ],
									"to": [ 0.0877, 3.5181, 0.81 ],
									"autoUnwrap": false,
									"uv": [ 8.0, 1.0 ],
									"rotationOrigin": [ -2.4123, 1.1181, -0.4 ],
									"rotationX": 8.9663,
									"rotationY": -0.7812,
									"rotationZ": 15.0613,
									"faces": {
										"north": { "texture": "#plume", "uv": [ 8.0, 1.0, 10.5, 3.0 ] },
										"east": { "texture": "#plume", "uv": [ 10.5, 1.0, 11.5, 3.0 ] },
										"south": { "texture": "#plume", "uv": [ 12.5, 1.0, 15.0, 3.0 ] },
										"west": { "texture": "#plume", "uv": [ 14.0, 1.0, 15.0, 3.0 ] },
										"up": { "texture": "#plume", "uv": [ 8.5, 0.0, 11.0, 1.0 ] },
										"down": { "texture": "#plume", "uv": [ 11.0, 0.0, 13.5, 1.0 ] }
									}
								}
							]
						},
						{
							"name": "Plume6",
							"from": [ 6.0, -2.6, 0.2 ],
							"to": [ 6.0, -2.6, 0.2 ],
							"uv": [ 0.0, 0.0 ],
							"rotationOrigin": [ 5.6, -1.1, 0.3 ],
							"rotationZ": -64.0,
							"faces": {
								"north": { "texture": "#plume", "uv": [ 0.0, 0.5, 0.5, 1.0 ] },
								"east": { "texture": "#plume", "uv": [ 0.5, 0.5, 1.0, 1.0 ] },
								"south": { "texture": "#plume", "uv": [ 1.0, 0.5, 1.5, 1.0 ] },
								"west": { "texture": "#plume", "uv": [ 1.5, 0.5, 2.0, 1.0 ] },
								"up": { "texture": "#plume", "uv": [ 0.0, 0.0, 0.5, 0.5 ] },
								"down": { "texture": "#plume", "uv": [ 0.5, 0.0, 1.0, 0.5 ] }
							},
							"children": [
								{
									"name": "Plume2b5",
									"from": [ -2.43, 0.92, -0.49 ],
									"to": [ 0.07, 3.12, 0.51 ],
									"autoUnwrap": false,
									"uv": [ 8.0, 1.0 ],
									"rotationOrigin": [ -2.4337, 0.9193, -0.4 ],
									"rotationX": -8.9663,
									"rotationY": 0.7812,
									"rotationZ": 15.0613,
									"faces": {
										"north": { "texture": "#plume", "uv": [ 8.0, 1.0, 10.5, 3.0 ] },
										"east": { "texture": "#plume", "uv": [ 10.5, 1.0, 11.5, 3.0 ] },
										"south": { "texture": "#plume", "uv": [ 11.5, 1.0, 14.0, 3.0 ] },
										"west": { "texture": "#plume", "uv": [ 14.0, 1.0, 15.0, 3.0 ] },
										"up": { "texture": "#plume", "uv": [ 8.5, 0.0, 11.0, 1.0 ] },
										"down": { "texture": "#plume", "uv": [ 11.0, 0.0, 13.5, 1.0 ] }
									}
								},
								{
									"name": "Plume2a5",
									"from": [ -2.4123, 1.1181, -0.39 ],
									"to": [ 0.0877, 3.3181, 0.61 ],
									"autoUnwrap": false,
									"uv": [ 8.0, 1.0 ],
									"rotationOrigin": [ -2.4123, 1.1181, -0.4 ],
									"rotationX": 8.9663,
									"rotationY": -0.7812,
									"rotationZ": 15.0613,
									"faces": {
										"north": { "texture": "#plume", "uv": [ 8.0, 1.0, 10.5, 3.0 ] },
										"east": { "texture": "#plume", "uv": [ 10.5, 1.0, 11.5, 3.0 ] },
										"south": { "texture": "#plume", "uv": [ 12.5, 1.0, 15.0, 3.0 ] },
										"west": { "texture": "#plume", "uv": [ 14.0, 1.0, 15.0, 3.0 ] },
										"up": { "texture": "#plume", "uv": [ 8.5, 0.0, 11.0, 1.0 ] },
										"down": { "texture": "#plume", "uv": [ 11.0, 0.0, 13.5, 1.0 ] }
									}
								}
							]
						},
						{
							"name": "Plume7",
							"from": [ 6.9, -4.4, 0.2 ],
							"to": [ 6.9, -4.4, 0.2 ],
							"uv": [ 0.0, 0.0 ],
							"rotationOrigin": [ 6.5, -2.9, 0.3 ],
							"rotationZ": -77.0,
							"faces": {
								"north": { "texture": "#plume", "uv": [ 0.0, 0.5, 0.5, 1.0 ] },
								"east": { "texture": "#plume", "uv": [ 0.5, 0.5, 1.0, 1.0 ] },
								"south": { "texture": "#plume", "uv": [ 1.0, 0.5, 1.5, 1.0 ] },
								"west": { "texture": "#plume", "uv": [ 1.5, 0.5, 2.0, 1.0 ] },
								"up": { "texture": "#plume", "uv": [ 0.0, 0.0, 0.5, 0.5 ] },
								"down": { "texture": "#plume", "uv": [ 0.5, 0.0, 1.0, 0.5 ] }
							},
							"children": [
								{
									"name": "Plume2b6",
									"from": [ -2.43, 0.92, -0.49 ],
									"to": [ -0.43, 3.02, 0.51 ],
									"autoUnwrap": false,
									"uv": [ 8.0, 1.0 ],
									"rotationOrigin": [ -2.4337, 0.9193, -0.4 ],
									"rotationX": -8.9663,
									"rotationY": 0.7812,
									"rotationZ": 15.0613,
									"faces": {
										"north": { "texture": "#plume", "uv": [ 8.0, 1.0, 10.0, 3.0 ] },
										"east": { "texture": "#plume", "uv": [ 10.5, 1.0, 11.5, 3.0 ] },
										"south": { "texture": "#plume", "uv": [ 11.5, 1.0, 13.5, 3.0 ] },
										"west": { "texture": "#plume", "uv": [ 14.0, 1.0, 15.0, 3.0 ] },
										"up": { "texture": "#plume", "uv": [ 8.5, 0.0, 10.5, 1.0 ] },
										"down": { "texture": "#plume", "uv": [ 11.0, 0.0, 13.0, 1.0 ] }
									}
								},
								{
									"name": "Plume2a6",
									"from": [ -2.41, 1.1181, -0.39 ],
									"to": [ -0.41, 3.2181, 0.61 ],
									"autoUnwrap": false,
									"uv": [ 8.0, 1.0 ],
									"rotationOrigin": [ -2.4123, 1.1181, -0.4 ],
									"rotationX": 8.9663,
									"rotationY": -0.7812,
									"rotationZ": 15.0613,
									"faces": {
										"north": { "texture": "#plume", "uv": [ 8.0, 1.0, 10.0, 3.0 ] },
										"east": { "texture": "#plume", "uv": [ 10.5, 1.0, 11.5, 3.0 ] },
										"south": { "texture": "#plume", "uv": [ 12.5, 1.0, 14.5, 3.0 ] },
										"west": { "texture": "#plume", "uv": [ 14.0, 1.0, 15.0, 3.0 ] },
										"up": { "texture": "#plume", "uv": [ 8.5, 0.0, 10.5, 1.0 ] },
										"down": { "texture": "#plume", "uv": [ 11.0, 0.0, 13.0, 1.0 ] }
									}
								}
							]
						},
						{
							"name": "Plume8",
							"from": [ 7.2, -5.7, 0.2 ],
							"to": [ 7.2, -5.7, 0.2 ],
							"uv": [ 0.0, 0.0 ],
							"rotationOrigin": [ 6.8, -4.2, 0.3 ],
							"rotationZ": -94.0,
							"faces": {
								"north": { "texture": "#plume", "uv": [ 0.0, 0.5, 0.5, 1.0 ] },
								"east": { "texture": "#plume", "uv": [ 0.5, 0.5, 1.0, 1.0 ] },
								"south": { "texture": "#plume", "uv": [ 1.0, 0.5, 1.5, 1.0 ] },
								"west": { "texture": "#plume", "uv": [ 1.5, 0.5, 2.0, 1.0 ] },
								"up": { "texture": "#plume", "uv": [ 0.0, 0.0, 0.5, 0.5 ] },
								"down": { "texture": "#plume", "uv": [ 0.5, 0.0, 1.0, 0.5 ] }
							},
							"children": [
								{
									"name": "Plume2b7",
									"from": [ -2.43, 0.92, -0.49 ],
									"to": [ -0.73, 2.52, 0.51 ],
									"autoUnwrap": false,
									"uv": [ 8.0, 1.0 ],
									"rotationOrigin": [ -2.4337, 0.9193, -0.4 ],
									"rotationX": -8.9663,
									"rotationY": 0.7812,
									"rotationZ": 15.0613,
									"faces": {
										"north": { "texture": "#plume", "uv": [ 8.0, 1.0, 9.5, 2.5 ] },
										"east": { "texture": "#plume", "uv": [ 10.5, 1.0, 11.5, 2.5 ] },
										"south": { "texture": "#plume", "uv": [ 11.5, 1.0, 13.0, 2.5 ] },
										"west": { "texture": "#plume", "uv": [ 14.0, 1.0, 15.0, 2.5 ] },
										"up": { "texture": "#plume", "uv": [ 8.5, 0.0, 10.0, 1.0 ] },
										"down": { "texture": "#plume", "uv": [ 11.0, 0.0, 12.5, 1.0 ] }
									}
								},
								{
									"name": "Plume2a7",
									"from": [ -2.41, 1.1181, -0.39 ],
									"to": [ -0.71, 2.7181, 0.61 ],
									"autoUnwrap": false,
									"uv": [ 8.0, 1.0 ],
									"rotationOrigin": [ -2.4123, 1.1181, -0.4 ],
									"rotationX": 8.9663,
									"rotationY": -0.7812,
									"rotationZ": 15.0613,
									"faces": {
										"north": { "texture": "#plume", "uv": [ 8.0, 1.0, 9.5, 2.5 ] },
										"east": { "texture": "#plume", "uv": [ 10.5, 1.0, 11.5, 2.5 ] },
										"south": { "texture": "#plume", "uv": [ 12.5, 1.0, 14.0, 2.5 ] },
										"west": { "texture": "#plume", "uv": [ 14.0, 1.0, 15.0, 2.5 ] },
										"up": { "texture": "#plume", "uv": [ 8.5, 0.0, 10.0, 1.0 ] },
										"down": { "texture": "#plume", "uv": [ 11.0, 0.0, 12.5, 1.0 ] }
									}
								}
							]
						},
						{
							"name": "Plume9",
							"from": [ 6.6, -3.9, 0.2 ],
							"to": [ 6.6, -3.9, 0.2 ],
							"uv": [ 0.0, 0.0 ],
							"rotationOrigin": [ 6.2, -2.4, 0.3 ],
							"rotationZ": -215.0,
							"faces": {
								"north": { "texture": "#plume", "uv": [ 0.0, 0.5, 0.5, 1.0 ] },
								"east": { "texture": "#plume", "uv": [ 0.5, 0.5, 1.0, 1.0 ] },
								"south": { "texture": "#plume", "uv": [ 1.0, 0.5, 1.5, 1.0 ] },
								"west": { "texture": "#plume", "uv": [ 1.5, 0.5, 2.0, 1.0 ] },
								"up": { "texture": "#plume", "uv": [ 0.0, 0.0, 0.5, 0.5 ] },
								"down": { "texture": "#plume", "uv": [ 0.5, 0.0, 1.0, 0.5 ] }
							},
							"children": [
								{
									"name": "Plume2b8",
									"from": [ -2.43, 0.92, -0.49 ],
									"to": [ -1.23, 2.12, 0.51 ],
									"autoUnwrap": false,
									"uv": [ 8.0, 1.0 ],
									"rotationOrigin": [ -2.4337, 0.9193, -0.4 ],
									"rotationX": -8.9663,
									"rotationY": 0.7812,
									"rotationZ": 15.0613,
									"faces": {
										"north": { "texture": "#plume", "uv": [ 8.0, 7.0, 9.0, 8.0 ] },
										"east": { "texture": "#plume", "uv": [ 10.5, 1.0, 11.5, 2.0 ] },
										"south": { "texture": "#plume", "uv": [ 11.5, 1.0, 12.5, 2.0 ] },
										"west": { "texture": "#plume", "uv": [ 14.0, 7.0, 12.0, 8.0 ], "autoUv": false },
										"up": { "texture": "#plume", "uv": [ 8.5, 0.0, 9.5, 1.0 ] },
										"down": { "texture": "#plume", "uv": [ 11.0, 0.0, 12.0, 1.0 ] }
									}
								},
								{
									"name": "Plume2a8",
									"from": [ -2.41, 1.1181, -0.39 ],
									"to": [ -1.21, 2.3181, 0.61 ],
									"autoUnwrap": false,
									"uv": [ 8.0, 1.0 ],
									"rotationOrigin": [ -2.4123, 1.1181, -0.4 ],
									"rotationX": 8.9663,
									"rotationY": -0.7812,
									"rotationZ": 15.0613,
									"faces": {
										"north": { "texture": "#plume", "uv": [ 8.0, 1.0, 9.0, 2.0 ] },
										"east": { "texture": "#plume", "uv": [ 10.5, 1.0, 11.5, 2.0 ] },
										"south": { "texture": "#plume", "uv": [ 11.5, 1.0, 12.5, 2.0 ] },
										"west": { "texture": "#plume", "uv": [ 13.8, 7.9, 16.1, 7.1 ], "autoUv": false },
										"up": { "texture": "#plume", "uv": [ 8.5, 0.0, 9.5, 1.0 ] },
										"down": { "texture": "#plume", "uv": [ 11.0, 0.0, 12.0, 1.0 ] }
									}
								}
							]
						}
					]
				},
				{
					"name": "BottomFrontSlide9",
					"from": [ -1.6049, 1.9, 3.1 ],
					"to": [ -1.5049, 3.9, 3.3 ],
					"unwrapMode": 4,
					"uv": [ 48.0, 30.0 ],
					"rotationOrigin": [ -1.6049, 1.9, 3.1 ],
					"faces": {
					},
					"children": [
						{
							"name": "BottomFrontSlide10",
							"from": [ 0.0, 0.0, 0.0 ],
							"to": [ 0.1, 2.0, 0.1 ],
							"unwrapMode": 4,
							"uv": [ 48.0, 30.0 ],
							"rotationOrigin": [ 0.0, 0.0, 0.0 ],
							"rotationZ": -43.0,
							"faces": {
								"north": { "texture": "#gothichead", "uv": [ 48.0, 30.5, 48.5, 32.5 ] },
								"east": { "texture": "#gothichead", "uv": [ 49.5, 30.5, 50.0, 32.5 ], "windMode": [-1,-1,-1,-1], "windData": [1,1,1,1] },
								"south": { "texture": "#gothichead", "uv": [ 49.0, 30.5, 49.5, 32.5 ], "windMode": [-1,-1,-1,-1], "windData": [1,1,1,1] },
								"west": { "texture": "#gothichead", "uv": [ 48.5, 30.5, 49.0, 32.5 ], "windMode": [-1,-1,-1,-1], "windData": [1,1,1,1] },
								"up": { "texture": "#gothichead", "uv": [ 48.5, 30.0, 49.0, 30.5 ], "rotation": 90, "windMode": [-1,-1,-1,-1], "windData": [1,1,1,1] },
								"down": { "texture": "#gothichead", "uv": [ 48.5, 32.5, 49.0, 33.0 ], "rotation": 90, "windMode": [-1,-1,-1,-1], "windData": [1,1,1,1] }
							},
							"children": [
								{
									"name": "BottomFrontSlide1",
									"from": [ 0.0, 0.0, 0.1 ],
									"to": [ 0.7, 1.4, 1.1 ],
									"unwrapMode": 4,
									"uv": [ 48.0, 30.0 ],
									"rotationOrigin": [ 0.0, 0.0, 0.1 ],
									"rotationY": 6.0,
									"rotationZ": 0.0,
									"faces": {
										"north": { "texture": "#gothichead", "uv": [ 48.0, 30.5, 48.5, 31.5 ] },
										"east": { "texture": "#gothichead", "uv": [ 50.0, 30.5, 51.0, 31.5 ], "windMode": [-1,-1,-1,-1], "windData": [1,1,1,1] },
										"south": { "texture": "#gothichead", "uv": [ 49.5, 30.5, 50.0, 31.5 ], "windMode": [-1,-1,-1,-1], "windData": [1,1,1,1] },
										"west": { "texture": "#gothichead", "uv": [ 48.5, 30.5, 49.5, 31.5 ], "windMode": [-1,-1,-1,-1], "windData": [1,1,1,1] },
										"up": { "texture": "#gothichead", "uv": [ 48.5, 30.0, 49.5, 30.5 ], "rotation": 90, "windMode": [-1,-1,-1,-1], "windData": [1,1,1,1] },
										"down": { "texture": "#gothichead", "uv": [ 48.5, 31.5, 49.5, 32.0 ], "rotation": 90, "windMode": [-1,-1,-1,-1], "windData": [1,1,1,1] }
									},
									"children": [
										{
											"name": "BottomFrontSlide11",
											"from": [ 0.0, 0.0, 1.0 ],
											"to": [ 0.7, 1.4, 3.2 ],
											"unwrapMode": 4,
											"uv": [ 48.0, 30.0 ],
											"rotationOrigin": [ 0.0, 0.0, 1.0 ],
											"rotationX": -14.0,
											"rotationZ": 0.0,
											"faces": {
												"north": { "texture": "#gothichead", "uv": [ 48.0, 30.5, 48.5, 31.5 ] },
												"east": { "texture": "#gothichead", "uv": [ 51.0, 30.5, 53.0, 31.5 ], "windMode": [-1,-1,-1,-1], "windData": [1,1,1,1] },
												"south": { "texture": "#gothichead", "uv": [ 50.5, 30.5, 51.0, 31.5 ], "windMode": [-1,-1,-1,-1], "windData": [1,1,1,1] },
												"west": { "texture": "#gothichead", "uv": [ 48.5, 30.5, 50.5, 31.5 ], "windMode": [-1,-1,-1,-1], "windData": [1,1,1,1] },
												"up": { "texture": "#gothichead", "uv": [ 48.5, 30.0, 50.5, 30.5 ], "rotation": 90, "windMode": [-1,-1,-1,-1], "windData": [1,1,1,1] },
												"down": { "texture": "#gothichead", "uv": [ 48.5, 31.5, 50.5, 32.0 ], "rotation": 90, "windMode": [-1,-1,-1,-1], "windData": [1,1,1,1] }
											}
										}
									]
								}
							]
						},
						{
							"name": "BottomFrontSlide2",
							"from": [ 0.0, 0.0, -3.3 ],
							"to": [ 0.7, 1.4, 0.0 ],
							"unwrapMode": 2,
							"uv": [ 47.7, 30.0 ],
							"rotationOrigin": [ 0.0, 0.0, 0.0 ],
							"rotationY": -12.0,
							"rotationZ": -44.0,
							"faces": {
								"north": { "texture": "#gothichead", "uv": [ 51.5, 30.5, 52.0, 31.5 ] },
								"east": { "texture": "#gothichead", "uv": [ 48.5, 30.5, 51.5, 31.5 ], "windMode": [-1,-1,-1,-1], "windData": [1,1,1,1] },
								"south": { "texture": "#gothichead", "uv": [ 47.5, 30.5, 48.0, 31.5 ] },
								"west": { "texture": "#gothichead", "uv": [ 52.0, 30.5, 55.0, 31.5 ], "windMode": [-1,-1,-1,-1], "windData": [1,1,1,1] },
								"up": { "texture": "#gothichead", "uv": [ 48.5, 30.0, 51.5, 30.5 ], "rotation": 270, "windMode": [-1,-1,-1,-1], "windData": [1,1,1,1] },
								"down": { "texture": "#gothichead", "uv": [ 48.5, 31.5, 51.5, 32.0 ], "rotation": 270, "windMode": [-1,-1,-1,-1], "windData": [1,1,1,1] }
							}
						}
					]
				}
			]
		},
		{
			"name": "ArmorNeck",
			"stepParentName": "Neck",
			"from": [ -0.3, 0.6, -0.3 ],
			"to": [ 3.3, 2.4, 3.3 ],
			"unwrapMode": 4,
			"uv": [ 12.0, 5.5 ],
			"rotationOrigin": [ -0.3, 2.6, -0.3 ],
			"faces": {
				"north": { "texture": "#gothichead", "uv": [ 12.0, 5.5, 15.5, 7.0 ] },
				"east": { "texture": "#gothichead", "uv": [ 22.5, 5.5, 26.0, 7.0 ] },
				"south": { "texture": "#gothichead", "uv": [ 19.0, 5.5, 22.5, 7.0 ] },
				"west": { "texture": "#gothichead", "uv": [ 15.5, 5.5, 19.0, 7.0 ] }
			}
		}
	],
	"animations": [
	]
}