{
	"code": "channel",
	"class": "fieldsofsalt:channel",
	"behaviors": [{ "name": "NWOrientable" }],
	"variantgroups": [
		{
			"code": "side",
			"states": ["ns", "we"]
		}
	],
	"shapebytype": {
		"*-ns": {
			"base": "block/channel",
			"rotateY": 90,
			"alternates": [
				{ "base": "block/channel", "rotateY": 90 },
				{ "base": "block/channel-e", "rotateY": 90 },
				{ "base": "block/channel-e", "rotateY": 270 },
				{ "base": "block/channel", "rotateY": 90 },

				{ "base": "block/channel-e", "rotateY": 180 },
				{ "base": "block/channel-c", "rotateY": 180 },
				{ "base": "block/channel-c", "rotateY": 270 },
				{ "base": "block/channel-t", "rotateY": 180 },

				{ "base": "block/channel-e", "rotateY": 0 },
				{ "base": "block/channel-c", "rotateY": 90 },
				{ "base": "block/channel-c", "rotateY": 0 },
				{ "base": "block/channel-t", "rotateY": 0 },

				{ "base": "block/channel", "rotateY": 180 },
				{ "base": "block/channel-t", "rotateY": 90 },
				{ "base": "block/channel-t", "rotateY": 270 },
				{ "base": "block/channel-p", "rotateY": 90 }
			]
		},
		"*-we": {
			"base": "block/channel",
			"rotateY": 0,
			"alternates": [
				{ "base": "block/channel", "rotateY": 0 },
				{ "base": "block/channel-e", "rotateY": 180 },
				{ "base": "block/channel-e", "rotateY": 0 },
				{ "base": "block/channel", "rotateY": 0 },

				{ "base": "block/channel-e", "rotateY": 90 },
				{ "base": "block/channel-c", "rotateY": 180 },
				{ "base": "block/channel-c", "rotateY": 90 },
				{ "base": "block/channel-t", "rotateY": 90 },

				{ "base": "block/channel-e", "rotateY": 270 },
				{ "base": "block/channel-c", "rotateY": 270 },
				{ "base": "block/channel-c", "rotateY": 0 },
				{ "base": "block/channel-t", "rotateY": 270 },

				{ "base": "block/channel", "rotateY": 90 },
				{ "base": "block/channel-t", "rotateY": 180 },
				{ "base": "block/channel-t", "rotateY": 0 },
				{ "base": "block/channel-p", "rotateY": 0 }
			]
		}
	},
	"attributes": {
		"fillAreas": [
			[0.25, 0.25, 0.0, 0.75, 0.875, 0.25],
			[0.75, 0.25, 0.25, 1.0, 0.875, 0.75],
			[0.25, 0.25, 0.75, 0.75, 0.875, 1.0],
			[0.0, 0.25, 0.25, 0.25, 0.875, 0.75],
			[0.25, 0.25, 0.25, 0.75, 0.875, 0.75]
		],
		"handbook": {
			"groupBy": ["channel-*"],
			"extraSections": [
				{
					"title": "fieldsofsalt:handbooktitle-liquidtransfer",
					"text": "fieldsofsalt:handbooktext-channel"
				}
			]
		}
	},
	"creativeinventory": {
		"general": ["*-ns"],
		"decorative": ["*-ns"]
	},
	"textures": {
		"bottom-inside": {
			"base": "game:block/wood/trough/large/bottom-inside"
		},
		"legs": { "base": "game:block/wood/trough/large/legs" },
		"outer-ring": { "base": "game:block/wood/trough/large/outer-ring" },
		"wood": { "base": "game:block/wood/trough/large/wood" }
	},
	"blockmaterial": "Wood",
	"replaceable": 550,
	"resistance": 2,
	"combustibleProps": {
		"burnTemperature": 600,
		"burnDuration": 30
	},
	"collisionselectionboxes": [
		{ "x1": 0.125, "y1": 0, "z1": 0, "x2": 0.875, "y2": 0.9375, "z2": 0.125 },
		{ "x1": 0.125, "y1": 0, "z1": 0.875, "x2": 0.875, "y2": 0.9375, "z2": 1 },
		{ "x1": 0, "y1": 0, "z1": 0.125, "x2": 0.125, "y2": 0.9375, "z2": 0.875 },
		{ "x1": 0.875, "y1": 0, "z1": 0.125, "x2": 1, "y2": 0.9375, "z2": 0.875 },
		{ "x1": 0.125, "y1": 0, "z1": 0.125, "x2": 0.875, "y2": 0.9375, "z2": 0.875 }
	],
	"lightAbsorption": 0,
	"sounds": {
		"place": "game:block/planks",
		"hit": "game:block/planks",
		"break": "game:block/planks",
		"walk": "game:walk/wood"
	},
	"heldTpIdleAnimation": "holdbothhandslarge",
	"heldTpUseAnimation": "twohandplaceblock",
	"sidesolid": {
		"all": false
	},
	"sideopaque": {
		"all": false
	},
	"groundTransform": {
		"origin": {
			"x": 0.5,
			"y": 0,
			"z": 0.5
		},
		"scale": 2.5
	},
	"tpHandTransform": {
		"translation": { "x": -1.23, "y": -0.91, "z": -0.8 },
		"rotation": { "x": -2, "y": 25, "z": -78 },
		"scale": 0.4
	}
}
