{
	"code": "connector",
	"class": "fieldsofsalt:connector",
	"behaviors": [{ "name": "NWOrientable" }],
	"variantgroups": [
		{
			"code": "rock",
			"states": [
				"whitemarble",
				"greenmarble",
				"redmarble",
				"suevite",
				"kimberlite"
			],
			"loadFromProperties": "game:block/rock"
		},
		{
			"code": "side",
			"states": ["ns", "we"]
		}
	],
	"attributes": {
		"handbook": {
			"groupBy": ["connector-*"],
			"extraSections": [
				{
					"title": "fieldsofsalt:handbooktitle-liquidtransfer",
					"text": "fieldsofsalt:handbooktext-connector"
				}
			]
		}
	},
	"shapebytype": {
		"*-ns": {
			"base": "block/connector",
			"rotateY": 90
		},
		"*-we": {
			"base": "block/connector",
			"rotateY": 0
		}
	},
	"textures": {
		"rock": { "base": "game:block/stone/polishedrock/{rock}" }
	},
	"creativeinventory": {
		"general": ["*-ns"],
		"decorative": ["*-ns"]
	},
	"replaceable": 120,
	"lightAbsorption": 2,
	"sounds": {
		"walk": "game:walk/stone",
		"byTool": {
			"Pickaxe": {
				"hit": "game:block/rock-hit-pickaxe",
				"break": "game:block/rock-break-pickaxe"
			}
		}
	},
	"heldTpIdleAnimation": "holdbothhandslarge",
	"heldTpUseAnimation": "twohandplaceblock",
	"tpHandTransform": {
		"translation": { "x": -1.23, "y": -0.91, "z": -0.8 },
		"rotation": { "x": -2, "y": 25, "z": -78 },
		"scale": 0.4
	}
}
