{
	"editor": {
		"backDropShape": "D:/Hry/Vintagestory121/assets/game/shapes/entity/humanoid/seraph-hairless",
		"collapsedPaths": "Root/ArmorHelmet/ArmorHelmetBottom/Bottom4/BottomFront9,Root/ArmorHelmet/ArmorHelmetBottom/Bottom2/BottomFront3,Root/ArmorHelmet/ArmorHelmetBottom/Bottom2,Root/ArmorHelmet/ArmorHelmetBottom/Bottom3/BottomFront6,Root/ArmorHelmet/ArmorHelmetBottom/Bottom3,Root/ArmorHelmet/ArmorHelmetBottom/Bottom4",
		"allAngles": true,
		"entityTextureMode": true
	},
	"textureWidth": 64,
	"textureHeight": 64,
	"textureSizes": {
	},
	"textures": {
			"gothichead": "armor/entity/gothic_steel",
			"plume": "block/plume/plumered"
	},
	"elements": [
		{
			"name": "ArmorHelmet",
			"stepParentName": "Head",
			"from": [ -0.2, -0.5, -0.6 ],
			"to": [ 6.4, 5.5, 5.7 ],
			"unwrapMode": 4,
			"uv": [ 26.5, 14.0 ],
			"rotationOrigin": [ -0.2, -0.5, -0.6 ],
			"faces": {
				"north": { "texture": "#gothichead", "uv": [ 26.5, 20.5, 33.0, 26.5 ] },
				"east": { "texture": "#gothichead", "uv": [ 45.5, 20.5, 51.5, 26.5 ], "windMode": [-1,-1,-1,-1], "windData": [1,1,1,1] },
				"south": { "texture": "#gothichead", "uv": [ 39.0, 20.5, 45.5, 26.5 ] },
				"west": { "texture": "#gothichead", "uv": [ 33.0, 20.5, 39.0, 26.5 ], "windMode": [-1,-1,-1,-1], "windData": [1,1,1,1] },
				"up": { "texture": "#gothichead", "uv": [ 33.0, 14.0, 39.0, 20.5 ], "rotation": 90 },
				"down": { "texture": "#gothichead", "uv": [ 33.0, 26.5, 39.0, 33.0 ], "rotation": 90 }
			},
			"children": [
				{
					"name": "ArmorHelmetTop",
					"from": [ 0.5, 5.0, 0.8 ],
					"to": [ 6.1, 6.0, 3.45 ],
					"uv": [ 27.0, 20.5 ],
					"rotationOrigin": [ 0.5, 5.0, 0.8 ],
					"rotationX": -13.0,
					"faces": {
						"north": { "texture": "#gothichead", "uv": [ 27.0, 23.0, 32.5, 24.0 ] },
						"east": { "texture": "#gothichead", "uv": [ 32.5, 23.0, 35.0, 24.0 ] },
						"south": { "texture": "#gothichead", "uv": [ 35.0, 23.0, 40.5, 24.0 ] },
						"west": { "texture": "#gothichead", "uv": [ 40.5, 23.0, 43.0, 24.0 ] },
						"up": { "texture": "#gothichead", "uv": [ 27.0, 20.5, 32.5, 23.0 ] }
					}
				},
				{
					"name": "ArmorHelmetFront",
					"from": [ -0.7, 1.7, 0.2 ],
					"to": [ 0.1, 5.9, 3.2 ],
					"uv": [ 40.0, 23.5 ],
					"rotationOrigin": [ -0.7, 1.7, 1.6 ],
					"rotationY": -10.0,
					"rotationZ": -7.0,
					"faces": {
						"north": { "texture": "#gothichead", "uv": [ 40.0, 26.5, 40.5, 30.5 ] },
						"south": { "texture": "#gothichead", "uv": [ 40.5, 26.5, 41.0, 30.5 ] },
						"west": { "texture": "#gothichead", "uv": [ 41.0, 26.5, 44.0, 30.5 ] },
						"up": { "texture": "#gothichead", "uv": [ 40.0, 23.5, 40.5, 26.5 ] },
						"down": { "texture": "#gothichead", "uv": [ 40.5, 23.5, 41.0, 26.5 ] }
					}
				},
				{
					"name": "ArmorHelmetRight",
					"from": [ 1.0, 2.0, -0.7 ],
					"to": [ 5.6, 6.0, 0.3 ],
					"autoUnwrap": false,
					"uv": [ 27.4, 20.5 ],
					"rotationOrigin": [ 1.0, 2.0, -0.2 ],
					"rotationX": 13.0,
					"faces": {
						"north": { "texture": "#gothichead", "uv": [ 27.5, 21.5, 32.0, 25.5 ] },
						"east": { "texture": "#gothichead", "uv": [ 26.5, 21.5, 27.5, 25.5 ], "windMode": [-1,-1,-1,-1], "windData": [1,1,1,1] },
						"west": { "texture": "#gothichead", "uv": [ 32.0, 21.5, 33.0, 25.5 ], "windMode": [-1,-1,-1,-1], "windData": [1,1,1,1] },
						"down": { "texture": "#gothichead", "uv": [ 27.5, 20.5, 32.0, 21.5 ] }
					}
				},
				{
					"name": "ArmorHelmetBack",
					"from": [ 5.6, 1.5, 1.0 ],
					"to": [ 6.5, 6.0, 5.3 ],
					"autoUnwrap": false,
					"uv": [ 54.0, 20.5 ],
					"rotationOrigin": [ 5.6, 1.5, 1.0 ],
					"rotationZ": -10.0,
					"faces": {
						"north": { "texture": "#gothichead", "uv": [ 51.0, 21.0, 51.5, 25.5 ] },
						"east": { "texture": "#gothichead", "uv": [ 46.5, 20.5, 50.5, 25.0 ], "windMode": [-1,-1,-1,-1], "windData": [1,1,1,1] },
						"south": { "texture": "#gothichead", "uv": [ 45.5, 20.5, 46.0, 25.0 ] },
						"up": { "texture": "#gothichead", "uv": [ 46.0, 20.5, 50.0, 21.0 ], "rotation": 90, "windMode": [-1,-1,-1,-1], "windData": [1,1,1,1] },
						"down": { "texture": "#gothichead", "uv": [ 51.0, 21.5, 51.5, 25.5 ] }
					}
				},
				{
					"name": "ArmorHelmetBottom",
					"from": [ -0.9, 1.4, -0.8 ],
					"to": [ -0.9, 1.4, -0.8 ],
					"uv": [ 35.5, 9.0 ],
					"rotationOrigin": [ -0.9, 1.4, -0.8 ],
					"rotationY": -13.0,
					"faces": {
						"north": { "texture": "#gothichead", "uv": [ 35.5, 9.5, 36.0, 10.0 ] },
						"east": { "texture": "#gothichead", "uv": [ 36.0, 9.5, 36.5, 10.0 ] },
						"south": { "texture": "#gothichead", "uv": [ 36.5, 9.5, 37.0, 10.0 ] },
						"west": { "texture": "#gothichead", "uv": [ 37.0, 9.5, 37.5, 10.0 ] },
						"up": { "texture": "#gothichead", "uv": [ 35.5, 9.0, 36.0, 9.5 ] },
						"down": { "texture": "#gothichead", "uv": [ 36.0, 9.0, 36.5, 9.5 ] }
					},
					"children": [
						{
							"name": "Bottom",
							"from": [ 4.9809, -0.5, 2.904 ],
							"to": [ 4.9809, -0.5, 2.904 ],
							"uv": [ 0.0, 0.0 ],
							"rotationOrigin": [ 4.9809, -0.5, 2.904 ],
							"rotationY": 13.0,
							"rotationZ": 10.0,
							"faces": {
								"north": { "texture": "#null", "uv": [ 0.0, 0.5, 0.5, 1.0 ] },
								"east": { "texture": "#null", "uv": [ 0.5, 0.5, 1.0, 1.0 ] },
								"south": { "texture": "#null", "uv": [ 1.0, 0.5, 1.5, 1.0 ] },
								"west": { "texture": "#null", "uv": [ 1.5, 0.5, 2.0, 1.0 ] },
								"up": { "texture": "#null", "uv": [ 0.0, 0.0, 0.5, 0.5 ] },
								"down": { "texture": "#null", "uv": [ 0.5, 0.0, 1.0, 0.5 ] }
							},
							"children": [
								{
									"name": "BottomFront",
									"from": [ -3.73, 1.3, -4.0587 ],
									"to": [ -3.73, 1.3, -4.0587 ],
									"uv": [ 0.0, 0.0 ],
									"rotationOrigin": [ -3.7262, 1.3, -3.86 ],
									"rotationY": -13.0,
									"faces": {
										"north": { "texture": "#null", "uv": [ 0.0, 0.5, 0.5, 1.0 ] },
										"east": { "texture": "#null", "uv": [ 0.5, 0.5, 1.0, 1.0 ] },
										"south": { "texture": "#null", "uv": [ 1.0, 0.5, 1.5, 1.0 ] },
										"west": { "texture": "#null", "uv": [ 1.5, 0.5, 2.0, 1.0 ] },
										"up": { "texture": "#null", "uv": [ 0.0, 0.0, 0.5, 0.5 ] },
										"down": { "texture": "#null", "uv": [ 0.5, 0.0, 1.0, 0.5 ] }
									},
									"children": [
										{
											"name": "BottomFront1",
											"from": [ 0.0, 0.0, 0.3 ],
											"to": [ 3.0, 0.5, 4.2 ],
											"unwrapMode": 4,
											"uv": [ 46.5, 33.0 ],
											"rotationOrigin": [ -0.05, 0.0, 0.3 ],
											"faces": {
												"north": { "texture": "#gothichead", "uv": [ 46.5, 36.0, 49.5, 36.5 ] },
												"south": { "texture": "#gothichead", "uv": [ 53.0, 36.0, 56.0, 36.5 ], "windMode": [-1,-1,-1,-1], "windData": [1,1,1,1] },
												"west": { "texture": "#gothichead", "uv": [ 49.5, 36.0, 53.0, 36.5 ] },
												"up": { "texture": "#gothichead", "uv": [ 49.5, 33.0, 53.0, 36.0 ], "rotation": 90 },
												"down": { "texture": "#gothichead", "uv": [ 49.5, 36.5, 53.0, 39.5 ], "rotation": 90 }
											}
										},
										{
											"name": "BottomFront2",
											"from": [ 0.0, 0.0, 4.2 ],
											"to": [ 3.0, 0.5, 7.9 ],
											"unwrapMode": 4,
											"uv": [ 53.0, 32.5 ],
											"rotationOrigin": [ -0.0046, 0.0, 4.1974 ],
											"rotationY": 26.0,
											"faces": {
												"north": { "texture": "#gothichead", "uv": [ 53.0, 35.5, 56.0, 36.0 ] },
												"south": { "texture": "#gothichead", "uv": [ 59.5, 35.5, 62.5, 36.0 ] },
												"west": { "texture": "#gothichead", "uv": [ 56.0, 35.5, 59.5, 36.0 ] },
												"up": { "texture": "#gothichead", "uv": [ 56.0, 32.5, 59.5, 35.5 ], "rotation": 90 },
												"down": { "texture": "#gothichead", "uv": [ 56.0, 36.0, 59.5, 39.0 ], "rotation": 90 }
											}
										},
										{
											"name": "BottomFrontSlide1",
											"from": [ 0.0, 0.5, 0.7 ],
											"to": [ 0.7, 1.9, 4.25 ],
											"unwrapMode": 4,
											"uv": [ 48.0, 30.0 ],
											"rotationOrigin": [ 0.0, 0.5, 0.7 ],
											"rotationZ": -45.0,
											"faces": {
												"north": { "texture": "#gothichead", "uv": [ 48.0, 30.5, 48.5, 31.5 ] },
												"east": { "texture": "#gothichead", "uv": [ 52.5, 30.5, 56.0, 31.5 ], "windMode": [-1,-1,-1,-1], "windData": [1,1,1,1] },
												"south": { "texture": "#gothichead", "uv": [ 52.0, 30.5, 52.5, 31.5 ], "windMode": [-1,-1,-1,-1], "windData": [1,1,1,1] },
												"west": { "texture": "#gothichead", "uv": [ 48.5, 30.5, 52.0, 31.5 ], "windMode": [-1,-1,-1,-1], "windData": [1,1,1,1] },
												"up": { "texture": "#gothichead", "uv": [ 48.5, 30.0, 52.0, 30.5 ], "rotation": 90, "windMode": [-1,-1,-1,-1], "windData": [1,1,1,1] },
												"down": { "texture": "#gothichead", "uv": [ 48.5, 31.5, 52.0, 32.0 ], "rotation": 90, "windMode": [-1,-1,-1,-1], "windData": [1,1,1,1] }
											}
										},
										{
											"name": "BottomFrontSlide2",
											"from": [ 0.0, 0.5, 4.25 ],
											"to": [ 0.7, 1.8, 7.6 ],
											"unwrapMode": 2,
											"uv": [ 47.7, 30.0 ],
											"rotationOrigin": [ -0.0046, 0.5, 4.1974 ],
											"rotationY": 26.0,
											"rotationZ": -45.0,
											"faces": {
												"north": { "texture": "#gothichead", "uv": [ 51.5, 30.5, 52.0, 31.5 ] },
												"east": { "texture": "#gothichead", "uv": [ 48.5, 30.5, 51.5, 31.5 ], "windMode": [-1,-1,-1,-1], "windData": [1,1,1,1] },
												"south": { "texture": "#gothichead", "uv": [ 47.5, 30.5, 48.0, 31.5 ] },
												"west": { "texture": "#gothichead", "uv": [ 52.0, 30.5, 55.0, 31.5 ], "windMode": [-1,-1,-1,-1], "windData": [1,1,1,1] },
												"up": { "texture": "#gothichead", "uv": [ 48.5, 30.0, 51.5, 30.5 ], "rotation": 270, "windMode": [-1,-1,-1,-1], "windData": [1,1,1,1] },
												"down": { "texture": "#gothichead", "uv": [ 48.5, 31.5, 51.5, 32.0 ], "rotation": 270, "windMode": [-1,-1,-1,-1], "windData": [1,1,1,1] }
											}
										}
									]
								}
							]
						},
						{
							"name": "Bottom2",
							"from": [ 4.98, -0.5, 3.0 ],
							"to": [ 4.98, -0.5, 3.0 ],
							"uv": [ 0.0, 0.0 ],
							"rotationOrigin": [ 4.9809, -0.5, 3.2 ],
							"rotationY": -77.0,
							"rotationZ": 10.0,
							"faces": {
								"north": { "texture": "#null", "uv": [ 0.0, 0.5, 0.5, 1.0 ] },
								"east": { "texture": "#null", "uv": [ 0.5, 0.5, 1.0, 1.0 ] },
								"south": { "texture": "#null", "uv": [ 1.0, 0.5, 1.5, 1.0 ] },
								"west": { "texture": "#null", "uv": [ 1.5, 0.5, 2.0, 1.0 ] },
								"up": { "texture": "#null", "uv": [ 0.0, 0.0, 0.5, 0.5 ] },
								"down": { "texture": "#null", "uv": [ 0.5, 0.0, 1.0, 0.5 ] }
							},
							"children": [
								{
									"name": "BottomFront3",
									"from": [ -3.73, 1.3, -4.0587 ],
									"to": [ -3.73, 1.3, -4.0587 ],
									"uv": [ 0.0, 0.0 ],
									"rotationOrigin": [ -3.7262, 1.3, -3.86 ],
									"rotationY": -13.0,
									"faces": {
										"north": { "texture": "#null", "uv": [ 0.0, 0.5, 0.5, 1.0 ] },
										"east": { "texture": "#null", "uv": [ 0.5, 0.5, 1.0, 1.0 ] },
										"south": { "texture": "#null", "uv": [ 1.0, 0.5, 1.5, 1.0 ] },
										"west": { "texture": "#null", "uv": [ 1.5, 0.5, 2.0, 1.0 ] },
										"up": { "texture": "#null", "uv": [ 0.0, 0.0, 0.5, 0.5 ] },
										"down": { "texture": "#null", "uv": [ 0.5, 0.0, 1.0, 0.5 ] }
									},
									"children": [
										{
											"name": "BottomFront4",
											"from": [ 0.0, 0.0, 0.3 ],
											"to": [ 3.0, 0.5, 4.2 ],
											"unwrapMode": 4,
											"uv": [ 46.5, 33.0 ],
											"rotationOrigin": [ -0.05, 0.0, 0.3 ],
											"faces": {
												"north": { "texture": "#gothichead", "uv": [ 46.5, 36.0, 49.5, 36.5 ], "windMode": [-1,-1,-1,-1], "windData": [1,1,1,1] },
												"south": { "texture": "#gothichead", "uv": [ 53.0, 36.0, 56.0, 36.5 ], "windMode": [-1,-1,-1,-1], "windData": [1,1,1,1] },
												"west": { "texture": "#gothichead", "uv": [ 49.5, 36.0, 53.0, 36.5 ] },
												"up": { "texture": "#gothichead", "uv": [ 49.5, 33.0, 53.0, 36.0 ], "rotation": 90 },
												"down": { "texture": "#gothichead", "uv": [ 49.5, 36.5, 53.0, 39.5 ], "rotation": 90, "windMode": [-1,-1,-1,-1], "windData": [1,1,1,1] }
											}
										},
										{
											"name": "BottomFront5",
											"from": [ 0.0, 0.0, 4.2 ],
											"to": [ 3.0, 0.5, 7.9 ],
											"unwrapMode": 4,
											"uv": [ 53.0, 32.5 ],
											"rotationOrigin": [ -0.0046, 0.0, 4.1974 ],
											"rotationY": 26.0,
											"faces": {
												"north": { "texture": "#gothichead", "uv": [ 53.0, 35.5, 56.0, 36.0 ] },
												"south": { "texture": "#gothichead", "uv": [ 59.5, 35.5, 62.5, 36.0 ] },
												"west": { "texture": "#gothichead", "uv": [ 56.0, 35.5, 59.5, 36.0 ] },
												"up": { "texture": "#gothichead", "uv": [ 56.0, 32.5, 59.5, 35.5 ], "rotation": 90 },
												"down": { "texture": "#gothichead", "uv": [ 56.0, 36.0, 59.5, 39.0 ], "rotation": 90 }
											}
										},
										{
											"name": "BottomFrontSlide3",
											"from": [ 0.0, 0.5, 0.7 ],
											"to": [ 0.7, 2.0, 4.25 ],
											"unwrapMode": 4,
											"uv": [ 48.0, 30.0 ],
											"rotationOrigin": [ 0.0, 0.5, 0.7 ],
											"rotationZ": -45.0,
											"faces": {
												"north": { "texture": "#gothichead", "uv": [ 48.0, 30.5, 48.5, 32.0 ] },
												"east": { "texture": "#gothichead", "uv": [ 52.5, 30.5, 56.0, 32.0 ], "windMode": [-1,-1,-1,-1], "windData": [1,1,1,1] },
												"south": { "texture": "#gothichead", "uv": [ 52.0, 30.5, 52.5, 32.0 ], "windMode": [-1,-1,-1,-1], "windData": [1,1,1,1] },
												"west": { "texture": "#gothichead", "uv": [ 48.5, 30.5, 52.0, 32.0 ], "windMode": [-1,-1,-1,-1], "windData": [1,1,1,1] },
												"up": { "texture": "#gothichead", "uv": [ 48.5, 30.0, 52.0, 30.5 ], "rotation": 90, "windMode": [-1,-1,-1,-1], "windData": [1,1,1,1] },
												"down": { "texture": "#gothichead", "uv": [ 48.5, 32.0, 52.0, 32.5 ], "rotation": 90, "windMode": [-1,-1,-1,-1], "windData": [1,1,1,1] }
											}
										},
										{
											"name": "BottomFrontSlide4",
											"from": [ 0.0, 0.5, 4.25 ],
											"to": [ 0.7, 2.0, 7.6 ],
											"unwrapMode": 4,
											"uv": [ 51.5, 30.0 ],
											"rotationOrigin": [ -0.0046, 0.5, 4.1974 ],
											"rotationY": 26.0,
											"rotationZ": -45.0,
											"faces": {
												"north": { "texture": "#gothichead", "uv": [ 51.5, 30.5, 52.0, 32.0 ], "windMode": [-1,-1,-1,-1], "windData": [1,1,1,1] },
												"east": { "texture": "#gothichead", "uv": [ 55.5, 30.5, 58.5, 32.0 ], "windMode": [-1,-1,-1,-1], "windData": [1,1,1,1] },
												"south": { "texture": "#gothichead", "uv": [ 55.0, 30.5, 55.5, 32.0 ], "windMode": [-1,-1,-1,-1], "windData": [1,1,1,1] },
												"west": { "texture": "#gothichead", "uv": [ 52.0, 30.5, 55.0, 32.0 ], "windMode": [-1,-1,-1,-1], "windData": [1,1,1,1] },
												"up": { "texture": "#gothichead", "uv": [ 52.0, 30.0, 55.0, 30.5 ], "rotation": 90, "windMode": [-1,-1,-1,-1], "windData": [1,1,1,1] },
												"down": { "texture": "#gothichead", "uv": [ 52.0, 32.0, 55.0, 32.5 ], "rotation": 90, "windMode": [-1,-1,-1,-1], "windData": [1,1,1,1] }
											}
										}
									]
								}
							]
						},
						{
							"name": "Bottom3",
							"from": [ 4.9809, -0.5, 2.6 ],
							"to": [ 4.9809, -0.5, 2.6 ],
							"uv": [ 0.0, 0.0 ],
							"rotationOrigin": [ 4.9809, -0.5, 2.604 ],
							"rotationY": 103.0,
							"rotationZ": 10.0,
							"faces": {
								"north": { "texture": "#null", "uv": [ 0.0, 0.5, 0.5, 1.0 ] },
								"east": { "texture": "#null", "uv": [ 0.5, 0.5, 1.0, 1.0 ] },
								"south": { "texture": "#null", "uv": [ 1.0, 0.5, 1.5, 1.0 ] },
								"west": { "texture": "#null", "uv": [ 1.5, 0.5, 2.0, 1.0 ] },
								"up": { "texture": "#null", "uv": [ 0.0, 0.0, 0.5, 0.5 ] },
								"down": { "texture": "#null", "uv": [ 0.5, 0.0, 1.0, 0.5 ] }
							},
							"children": [
								{
									"name": "BottomFront6",
									"from": [ -3.73, 1.3, -4.0587 ],
									"to": [ -3.73, 1.3, -4.0587 ],
									"uv": [ 0.0, 0.0 ],
									"rotationOrigin": [ -3.7262, 1.3, -3.86 ],
									"rotationY": -13.0,
									"faces": {
										"north": { "texture": "#null", "uv": [ 0.0, 0.5, 0.5, 1.0 ] },
										"east": { "texture": "#null", "uv": [ 0.5, 0.5, 1.0, 1.0 ] },
										"south": { "texture": "#null", "uv": [ 1.0, 0.5, 1.5, 1.0 ] },
										"west": { "texture": "#null", "uv": [ 1.5, 0.5, 2.0, 1.0 ] },
										"up": { "texture": "#null", "uv": [ 0.0, 0.0, 0.5, 0.5 ] },
										"down": { "texture": "#null", "uv": [ 0.5, 0.0, 1.0, 0.5 ] }
									},
									"children": [
										{
											"name": "BottomFront7",
											"from": [ 0.0, 0.0, 0.3 ],
											"to": [ 3.0, 0.5, 4.2 ],
											"unwrapMode": 4,
											"uv": [ 46.5, 33.0 ],
											"rotationOrigin": [ -0.05, 0.0, 0.3 ],
											"faces": {
												"north": { "texture": "#gothichead", "uv": [ 46.5, 36.0, 49.5, 36.5 ] },
												"south": { "texture": "#gothichead", "uv": [ 53.0, 36.0, 56.0, 36.5 ], "windMode": [-1,-1,-1,-1], "windData": [1,1,1,1] },
												"west": { "texture": "#gothichead", "uv": [ 49.5, 36.0, 53.0, 36.5 ] },
												"up": { "texture": "#gothichead", "uv": [ 49.5, 33.0, 53.0, 36.0 ], "rotation": 90 },
												"down": { "texture": "#gothichead", "uv": [ 49.5, 36.5, 53.0, 39.5 ], "rotation": 90 }
											}
										},
										{
											"name": "BottomFront8",
											"from": [ 0.0, 0.0, 4.2 ],
											"to": [ 3.0, 0.5, 7.9 ],
											"unwrapMode": 4,
											"uv": [ 53.0, 32.5 ],
											"rotationOrigin": [ -0.0046, 0.0, 4.1974 ],
											"rotationY": 26.0,
											"faces": {
												"north": { "texture": "#gothichead", "uv": [ 53.0, 35.5, 56.0, 36.0 ] },
												"south": { "texture": "#gothichead", "uv": [ 59.5, 35.5, 62.5, 36.0 ] },
												"west": { "texture": "#gothichead", "uv": [ 56.0, 35.5, 59.5, 36.0 ] },
												"up": { "texture": "#gothichead", "uv": [ 56.0, 32.5, 59.5, 35.5 ], "rotation": 90 },
												"down": { "texture": "#gothichead", "uv": [ 56.0, 36.0, 59.5, 39.0 ], "rotation": 90 }
											}
										},
										{
											"name": "BottomFrontSlide5",
											"from": [ 0.0, 0.5, 0.7 ],
											"to": [ 0.7, 2.0, 4.25 ],
											"unwrapMode": 4,
											"uv": [ 48.0, 30.0 ],
											"rotationOrigin": [ 0.0, 0.5, 0.7 ],
											"rotationZ": -45.0,
											"faces": {
												"north": { "texture": "#gothichead", "uv": [ 48.0, 30.5, 48.5, 32.0 ] },
												"east": { "texture": "#gothichead", "uv": [ 52.5, 30.5, 56.0, 32.0 ], "windMode": [-1,-1,-1,-1], "windData": [1,1,1,1] },
												"south": { "texture": "#gothichead", "uv": [ 52.0, 30.5, 52.5, 32.0 ], "windMode": [-1,-1,-1,-1], "windData": [1,1,1,1] },
												"west": { "texture": "#gothichead", "uv": [ 48.5, 30.5, 52.0, 32.0 ], "windMode": [-1,-1,-1,-1], "windData": [1,1,1,1] },
												"up": { "texture": "#gothichead", "uv": [ 48.5, 30.0, 52.0, 30.5 ], "rotation": 90, "windMode": [-1,-1,-1,-1], "windData": [1,1,1,1] },
												"down": { "texture": "#gothichead", "uv": [ 48.5, 32.0, 52.0, 32.5 ], "rotation": 90, "windMode": [-1,-1,-1,-1], "windData": [1,1,1,1] }
											}
										},
										{
											"name": "BottomFrontSlide6",
											"from": [ 0.0, 0.5, 4.25 ],
											"to": [ 0.7, 2.0, 7.6 ],
											"unwrapMode": 4,
											"uv": [ 51.5, 30.0 ],
											"rotationOrigin": [ -0.0046, 0.5, 4.1974 ],
											"rotationY": 26.0,
											"rotationZ": -45.0,
											"faces": {
												"north": { "texture": "#gothichead", "uv": [ 51.5, 30.5, 52.0, 32.0 ] },
												"east": { "texture": "#gothichead", "uv": [ 55.5, 30.5, 58.5, 32.0 ], "windMode": [-1,-1,-1,-1], "windData": [1,1,1,1] },
												"south": { "texture": "#gothichead", "uv": [ 55.0, 30.5, 55.5, 32.0 ], "windMode": [-1,-1,-1,-1], "windData": [1,1,1,1] },
												"west": { "texture": "#gothichead", "uv": [ 52.0, 30.5, 55.0, 32.0 ], "windMode": [-1,-1,-1,-1], "windData": [1,1,1,1] },
												"up": { "texture": "#gothichead", "uv": [ 52.0, 30.0, 55.0, 30.5 ], "rotation": 90 },
												"down": { "texture": "#gothichead", "uv": [ 52.0, 32.0, 55.0, 32.5 ], "rotation": 90 }
											}
										}
									]
								}
							]
						},
						{
							"name": "Bottom4",
							"from": [ 4.78, -0.6, 2.9 ],
							"to": [ 4.78, -0.6, 2.9 ],
							"uv": [ 0.0, 0.0 ],
							"rotationOrigin": [ 4.7809, -0.6, 2.904 ],
							"rotationY": 193.0,
							"rotationZ": 10.0,
							"faces": {
								"north": { "texture": "#null", "uv": [ 0.0, 0.5, 0.5, 1.0 ] },
								"east": { "texture": "#null", "uv": [ 0.5, 0.5, 1.0, 1.0 ] },
								"south": { "texture": "#null", "uv": [ 1.0, 0.5, 1.5, 1.0 ] },
								"west": { "texture": "#null", "uv": [ 1.5, 0.5, 2.0, 1.0 ] },
								"up": { "texture": "#null", "uv": [ 0.0, 0.0, 0.5, 0.5 ] },
								"down": { "texture": "#null", "uv": [ 0.5, 0.0, 1.0, 0.5 ] }
							},
							"children": [
								{
									"name": "BottomFront9",
									"from": [ -3.73, 1.3, -4.0587 ],
									"to": [ -3.73, 1.3, -4.0587 ],
									"uv": [ 0.0, 0.0 ],
									"rotationOrigin": [ -3.7262, 1.3, -3.86 ],
									"rotationY": -13.0,
									"faces": {
										"north": { "texture": "#null", "uv": [ 0.0, 0.5, 0.5, 1.0 ] },
										"east": { "texture": "#null", "uv": [ 0.5, 0.5, 1.0, 1.0 ] },
										"south": { "texture": "#null", "uv": [ 1.0, 0.5, 1.5, 1.0 ] },
										"west": { "texture": "#null", "uv": [ 1.5, 0.5, 2.0, 1.0 ] },
										"up": { "texture": "#null", "uv": [ 0.0, 0.0, 0.5, 0.5 ] },
										"down": { "texture": "#null", "uv": [ 0.5, 0.0, 1.0, 0.5 ] }
									},
									"children": [
										{
											"name": "BottomFront10",
											"from": [ 0.0, 0.0, 0.3 ],
											"to": [ 3.0, 0.5, 4.2 ],
											"unwrapMode": 4,
											"uv": [ 46.5, 33.0 ],
											"rotationOrigin": [ -0.05, 0.0, 0.3 ],
											"faces": {
												"north": { "texture": "#gothichead", "uv": [ 46.5, 36.0, 49.5, 36.5 ] },
												"west": { "texture": "#gothichead", "uv": [ 49.5, 36.0, 53.0, 36.5 ] },
												"up": { "texture": "#gothichead", "uv": [ 49.5, 33.0, 53.0, 36.0 ], "rotation": 90 },
												"down": { "texture": "#gothichead", "uv": [ 49.5, 36.5, 53.0, 39.5 ], "rotation": 90 }
											}
										},
										{
											"name": "BottomFront11",
											"from": [ 0.0, 0.0, 4.2 ],
											"to": [ 3.0, 0.5, 7.9 ],
											"unwrapMode": 4,
											"uv": [ 53.0, 32.5 ],
											"rotationOrigin": [ -0.0046, 0.0, 4.1974 ],
											"rotationY": 26.0,
											"faces": {
												"north": { "texture": "#gothichead", "uv": [ 53.0, 35.5, 56.0, 36.0 ] },
												"south": { "texture": "#gothichead", "uv": [ 59.5, 35.5, 62.5, 36.0 ] },
												"west": { "texture": "#gothichead", "uv": [ 56.0, 35.5, 59.5, 36.0 ] },
												"up": { "texture": "#gothichead", "uv": [ 56.0, 32.5, 59.5, 35.5 ], "rotation": 90 },
												"down": { "texture": "#gothichead", "uv": [ 56.0, 36.0, 59.5, 39.0 ], "rotation": 90 }
											}
										},
										{
											"name": "BottomFrontSlide7",
											"from": [ 0.0, 0.5, 0.7 ],
											"to": [ 0.7, 2.0, 4.25 ],
											"unwrapMode": 4,
											"uv": [ 48.0, 30.0 ],
											"rotationOrigin": [ 0.0, 0.5, 0.7 ],
											"rotationZ": -45.0,
											"faces": {
												"north": { "texture": "#gothichead", "uv": [ 48.0, 30.5, 48.5, 32.0 ], "windMode": [-1,-1,-1,-1], "windData": [1,1,1,1] },
												"east": { "texture": "#gothichead", "uv": [ 52.5, 30.5, 56.0, 32.0 ], "windMode": [-1,-1,-1,-1], "windData": [1,1,1,1] },
												"south": { "texture": "#gothichead", "uv": [ 52.0, 30.5, 52.5, 32.0 ], "windMode": [-1,-1,-1,-1], "windData": [1,1,1,1] },
												"west": { "texture": "#gothichead", "uv": [ 48.5, 30.5, 52.0, 32.0 ], "windMode": [-1,-1,-1,-1], "windData": [1,1,1,1] },
												"up": { "texture": "#gothichead", "uv": [ 48.5, 30.0, 52.0, 30.5 ], "rotation": 90, "windMode": [-1,-1,-1,-1], "windData": [1,1,1,1] },
												"down": { "texture": "#gothichead", "uv": [ 48.5, 32.0, 52.0, 32.5 ], "rotation": 90, "windMode": [-1,-1,-1,-1], "windData": [1,1,1,1] }
											}
										},
										{
											"name": "BottomFrontSlide8",
											"from": [ 0.0, 0.5, 4.25 ],
											"to": [ 0.7, 2.0, 7.6 ],
											"unwrapMode": 4,
											"uv": [ 51.5, 30.0 ],
											"rotationOrigin": [ -0.0046, 0.5, 4.1974 ],
											"rotationY": 26.0,
											"rotationZ": -45.0,
											"faces": {
												"north": { "texture": "#gothichead", "uv": [ 51.5, 30.5, 52.0, 32.0 ] },
												"east": { "texture": "#gothichead", "uv": [ 55.5, 30.5, 58.5, 32.0 ], "windMode": [-1,-1,-1,-1], "windData": [1,1,1,1] },
												"south": { "texture": "#gothichead", "uv": [ 55.0, 30.5, 55.5, 32.0 ], "windMode": [-1,-1,-1,-1], "windData": [1,1,1,1] },
												"west": { "texture": "#gothichead", "uv": [ 52.0, 30.5, 55.0, 32.0 ], "windMode": [-1,-1,-1,-1], "windData": [1,1,1,1] },
												"up": { "texture": "#gothichead", "uv": [ 52.0, 30.0, 55.0, 30.5 ], "rotation": 90 },
												"down": { "texture": "#gothichead", "uv": [ 52.0, 32.0, 55.0, 32.5 ], "rotation": 90 }
											}
										}
									]
								}
							]
						}
					]
				},
				{
					"name": "ArmorHelmetLeft",
					"from": [ 1.0, 2.0, 6.0 ],
					"to": [ 5.6, 6.0, 7.0 ],
					"uv": [ 35.0, 20.5 ],
					"rotationOrigin": [ 1.0, 2.0, 6.5 ],
					"rotationX": -13.0,
					"faces": {
						"north": { "texture": "#gothichead", "uv": [ 35.0, 21.5, 39.5, 25.5 ], "windMode": [-1,-1,-1,-1], "windData": [1,1,1,1] },
						"east": { "texture": "#gothichead", "uv": [ 39.5, 21.5, 40.5, 25.5 ], "windMode": [-1,-1,-1,-1], "windData": [1,1,1,1] },
						"south": { "texture": "#gothichead", "uv": [ 40.5, 21.5, 45.0, 25.5 ], "windMode": [-1,-1,-1,-1], "windData": [1,1,1,1] },
						"west": { "texture": "#gothichead", "uv": [ 45.0, 21.5, 46.0, 25.5 ], "windMode": [-1,-1,-1,-1], "windData": [1,1,1,1] },
						"up": { "texture": "#gothichead", "uv": [ 35.0, 20.5, 39.5, 21.5 ], "windMode": [-1,-1,-1,-1], "windData": [1,1,1,1] },
						"down": { "texture": "#gothichead", "uv": [ 39.5, 20.5, 44.0, 21.5 ], "windMode": [-1,-1,-1,-1], "windData": [1,1,1,1] }
					}
				},
				{
					"name": "ArmorHelmetFront2",
					"from": [ -0.8, 1.7, 3.2 ],
					"to": [ 0.0, 5.9, 6.2 ],
					"uv": [ 43.0, 23.5 ],
					"rotationOrigin": [ -0.8, 1.7, 4.6 ],
					"rotationY": 10.0,
					"rotationZ": -7.9,
					"faces": {
						"south": { "texture": "#gothichead", "uv": [ 47.5, 26.5, 48.0, 30.5 ], "windMode": [-1,-1,-1,-1], "windData": [1,1,1,1] },
						"west": { "texture": "#gothichead", "uv": [ 44.0, 26.5, 47.0, 30.5 ], "windMode": [-1,-1,-1,-1], "windData": [1,1,1,1] }
					}
				},
				{
					"name": "ArmorHelmetTop2",
					"from": [ 0.52, 5.0, 2.85 ],
					"to": [ 6.11, 6.0, 5.5 ],
					"unwrapMode": 1,
					"autoUnwrap": false,
					"uv": [ 24.0, 20.5 ],
					"rotationOrigin": [ 0.5, 5.0, 5.5 ],
					"rotationX": 13.0,
					"faces": {
						"north": { "texture": "#gothichead", "uv": [ 26.5, 23.0, 32.0, 24.0 ] },
						"east": { "texture": "#gothichead", "uv": [ 28.0, 24.5, 30.5, 25.5 ] },
						"south": { "texture": "#gothichead", "uv": [ 34.5, 23.0, 40.0, 24.0 ] },
						"west": { "texture": "#gothichead", "uv": [ 32.0, 23.0, 34.5, 24.0 ] },
						"up": { "texture": "#gothichead", "uv": [ 26.5, 20.5, 32.0, 23.0 ], "rotation": 180, "windMode": [-1,-1,-1,-1], "windData": [1,1,1,1] }
					}
				},
				{
					"name": "BearHead",
					"from": [ -0.37, 4.1, -0.05 ],
					"to": [ 5.13, 8.1, 6.35 ],
					"unwrapMode": 4,
					"autoUnwrap": false,
					"uv": [ 25.5, 13.5 ],
					"rotationOrigin": [ 2.5314, 7.0994, 2.9 ],
					"rotationZ": 5.0,
					"faces": {
						"north": { "texture": "#plume", "uv": [ 25.5, 19.0, 31.0, 23.0 ] },
						"east": { "texture": "#plume", "uv": [ 42.5, 19.0, 48.5, 23.0 ], "windMode": [-1,-1,-1,-1], "windData": [1,1,1,1] },
						"south": { "texture": "#plume", "uv": [ 37.0, 19.0, 42.5, 23.0 ] },
						"west": { "texture": "#plume", "uv": [ 31.0, 19.3, 37.0, 23.0 ], "autoUv": false },
						"up": { "texture": "#plume", "uv": [ 31.0, 13.5, 37.0, 19.0 ], "rotation": 90 },
						"down": { "texture": "#plume", "uv": [ 58.0, 58.5, 64.0, 64.0 ], "rotation": 90 }
					},
					"children": [
						{
							"name": "BearMouth",
							"from": [ -2.5, 0.7, 1.7 ],
							"to": [ 0.5, 2.7, 4.7 ],
							"unwrapMode": 4,
							"uv": [ 41.0, 11.0 ],
							"rotationOrigin": [ 0.0, 2.2, 3.2 ],
							"rotationZ": 14.0,
							"faces": {
								"north": { "texture": "#plume", "uv": [ 41.0, 14.0, 44.0, 16.0 ] },
								"south": { "texture": "#plume", "uv": [ 47.0, 14.0, 50.0, 16.0 ] },
								"west": { "texture": "#plume", "uv": [ 44.0, 14.0, 47.0, 16.0 ] },
								"up": { "texture": "#plume", "uv": [ 44.0, 11.0, 47.0, 14.0 ], "rotation": 90 },
								"down": { "texture": "#plume", "uv": [ 44.0, 16.0, 47.0, 19.0 ], "rotation": 90 }
							},
							"children": [
								{
									"name": "BearNose",
									"from": [ -0.1, 1.5, 1.1 ],
									"to": [ 0.6, 2.1, 1.9 ],
									"uv": [ 4.0, 0.0 ],
									"rotationOrigin": [ 0.0, 1.5, 1.5 ],
									"faces": {
										"north": { "texture": "#plume", "uv": [ 4.0, 0.5, 4.5, 1.0 ] },
										"east": { "texture": "#plume", "uv": [ 4.5, 0.5, 5.0, 1.0 ] },
										"south": { "texture": "#plume", "uv": [ 5.0, 0.5, 5.5, 1.0 ] },
										"west": { "texture": "#plume", "uv": [ 5.5, 0.5, 6.0, 1.0 ] },
										"up": { "texture": "#plume", "uv": [ 4.0, 0.0, 4.5, 0.5 ] },
										"down": { "texture": "#plume", "uv": [ 4.5, 0.0, 5.0, 0.5 ] }
									}
								},
								{
									"name": "BearTooth1",
									"from": [ 0.1, -0.7, 0.1 ],
									"to": [ 0.4, 0.0, 0.4 ],
									"uv": [ 24.5, 0.5 ],
									"rotationOrigin": [ 0.1, 0.0, 0.1 ],
									"rotationZ": 8.0,
									"faces": {
										"north": { "texture": "#plume", "uv": [ 24.5, 1.0, 25.0, 1.5 ] },
										"east": { "texture": "#plume", "uv": [ 25.0, 1.0, 25.5, 1.5 ] },
										"south": { "texture": "#plume", "uv": [ 25.5, 1.0, 26.0, 1.5 ] },
										"west": { "texture": "#plume", "uv": [ 26.0, 1.0, 26.5, 1.5 ] },
										"down": { "texture": "#plume", "uv": [ 24.5, 0.5, 25.0, 1.0 ] }
									}
								},
								{
									"name": "BearTooth2",
									"from": [ 0.1, -0.7, 2.6 ],
									"to": [ 0.4, 0.0, 2.9 ],
									"uv": [ 24.5, 0.0 ],
									"rotationOrigin": [ 0.1, 0.0, 2.9 ],
									"rotationZ": 8.0,
									"faces": {
										"north": { "texture": "#plume", "uv": [ 24.5, 0.5, 25.0, 1.0 ] },
										"east": { "texture": "#plume", "uv": [ 25.0, 0.5, 25.5, 1.0 ] },
										"south": { "texture": "#plume", "uv": [ 25.5, 0.5, 26.0, 1.0 ] },
										"west": { "texture": "#plume", "uv": [ 26.0, 0.5, 26.5, 1.0 ] },
										"down": { "texture": "#plume", "uv": [ 24.5, 0.0, 25.0, 0.5 ] }
									}
								},
								{
									"name": "BearTooth3",
									"from": [ 0.7, -0.5, 0.1 ],
									"to": [ 1.0, 0.0, 0.4 ],
									"uv": [ 24.5, 1.0 ],
									"rotationOrigin": [ 0.7, 0.0, 0.1 ],
									"rotationZ": 8.0,
									"faces": {
										"north": { "texture": "#plume", "uv": [ 24.5, 1.5, 25.0, 2.0 ] },
										"east": { "texture": "#plume", "uv": [ 25.0, 1.5, 25.5, 2.0 ] },
										"south": { "texture": "#plume", "uv": [ 25.5, 1.5, 26.0, 2.0 ] },
										"west": { "texture": "#plume", "uv": [ 26.0, 1.5, 26.5, 2.0 ] },
										"down": { "texture": "#plume", "uv": [ 24.5, 1.0, 25.0, 1.5 ] }
									}
								},
								{
									"name": "BearTooth4",
									"from": [ 0.7, -0.5, 2.6 ],
									"to": [ 1.0, 0.0, 2.9 ],
									"uv": [ 24.5, 1.5 ],
									"rotationOrigin": [ 0.7, 0.0, 2.9 ],
									"rotationZ": 8.0,
									"faces": {
										"north": { "texture": "#plume", "uv": [ 24.5, 2.0, 25.0, 2.5 ] },
										"east": { "texture": "#plume", "uv": [ 25.0, 2.0, 25.5, 2.5 ] },
										"south": { "texture": "#plume", "uv": [ 25.5, 2.0, 26.0, 2.5 ] },
										"west": { "texture": "#plume", "uv": [ 26.0, 2.0, 26.5, 2.5 ] },
										"down": { "texture": "#plume", "uv": [ 24.5, 1.5, 25.0, 2.0 ] }
									}
								}
							]
						},
						{
							"name": "BearCheek",
							"from": [ 0.0, 0.0, 0.3 ],
							"to": [ 1.9, 1.9, 6.1 ],
							"unwrapMode": 5,
							"uv": [ 45.0, 24.0 ],
							"rotationOrigin": [ 0.0, 0.0, 0.3 ],
							"rotationZ": 44.0,
							"faces": {
								"north": { "texture": "#plume", "uv": [ 46.5, 24.0, 48.0, 25.5 ], "rotation": 180 },
								"south": { "texture": "#plume", "uv": [ 46.5, 31.0, 48.0, 32.5 ] },
								"west": { "texture": "#plume", "uv": [ 45.0, 25.5, 46.5, 31.0 ], "rotation": 270 },
								"up": { "texture": "#plume", "uv": [ 46.5, 25.5, 48.0, 31.0 ] },
								"down": { "texture": "#plume", "uv": [ 48.0, 25.5, 49.5, 31.0 ] }
							}
						},
						{
							"name": "BearEarL",
							"from": [ 1.9, 3.9, 4.7 ],
							"to": [ 2.4, 5.4, 6.2 ],
							"unwrapMode": 4,
							"uv": [ 36.0, 51.0 ],
							"rotationOrigin": [ 1.9, 3.9, 4.7 ],
							"rotationX": 36.0,
							"faces": {
								"north": { "texture": "#plume", "uv": [ 36.0, 51.5, 36.5, 53.0 ] },
								"east": { "texture": "#plume", "uv": [ 38.5, 51.5, 40.0, 53.0 ] },
								"south": { "texture": "#plume", "uv": [ 38.0, 51.5, 38.5, 53.0 ] },
								"west": { "texture": "#plume", "uv": [ 36.5, 51.5, 38.0, 53.0 ] },
								"up": { "texture": "#plume", "uv": [ 36.5, 51.0, 38.0, 51.5 ], "rotation": 90 }
							}
						},
						{
							"name": "BearEarR",
							"from": [ 1.9, 3.8, -0.2 ],
							"to": [ 2.4, 5.3, 1.3 ],
							"unwrapMode": 4,
							"uv": [ 36.0, 53.0 ],
							"rotationOrigin": [ 1.9, 3.8, 1.2 ],
							"rotationX": -36.0,
							"faces": {
								"north": { "texture": "#plume", "uv": [ 36.0, 53.5, 36.5, 55.0 ] },
								"east": { "texture": "#plume", "uv": [ 38.5, 53.5, 40.0, 55.0 ] },
								"south": { "texture": "#plume", "uv": [ 38.0, 53.5, 38.5, 55.0 ] },
								"west": { "texture": "#plume", "uv": [ 36.5, 53.5, 38.0, 55.0 ] },
								"up": { "texture": "#plume", "uv": [ 36.5, 53.0, 38.0, 53.5 ], "rotation": 90 }
							}
						},
						{
							"name": "HelmetFluffUp1",
							"from": [ 3.0, 0.9, 0.2 ],
							"to": [ 8.5, 3.4, 5.8 ],
							"unwrapMode": 5,
							"uv": [ 57.0, 47.0 ],
							"rotationOrigin": [ 3.0, 2.9, 3.0 ],
							"rotationZ": 6.0,
							"faces": {
								"north": { "texture": "#plume", "uv": [ 57.0, 47.0, 62.5, 49.5 ], "rotation": 180 },
								"south": { "texture": "#plume", "uv": [ 57.0, 55.0, 62.5, 57.5 ] },
								"up": { "texture": "#plume", "uv": [ 57.0, 49.5, 62.5, 55.0 ] }
							}
						},
						{
							"name": "HelmetFluffUp2",
							"from": [ 2.3, 0.4, -0.1 ],
							"to": [ 6.8, 3.4, 6.5 ],
							"unwrapMode": 5,
							"autoUnwrap": false,
							"uv": [ 55.0, 11.0 ],
							"rotationOrigin": [ 2.3, 3.4, 3.0 ],
							"rotationZ": 22.0,
							"faces": {
								"north": { "texture": "#plume", "uv": [ 51.0, 14.0, 54.0, 18.5 ], "rotation": 270 },
								"south": { "texture": "#plume", "uv": [ 60.0, 14.0, 63.0, 18.5 ], "rotation": 90 },
								"up": { "texture": "#plume", "uv": [ 54.0, 14.0, 60.5, 18.5 ], "rotation": 90 }
							}
						},
						{
							"name": "HelmetBackFluff1",
							"from": [ 5.7, -4.4, 0.29 ],
							"to": [ 7.7, -0.4, 6.101 ],
							"unwrapMode": 2,
							"autoUnwrap": false,
							"uv": [ 24.5, 9.5 ],
							"rotationOrigin": [ 7.7, -0.4, 2.8 ],
							"rotationZ": 29.0,
							"faces": {
								"north": { "texture": "#plume", "uv": [ 31.5, 9.5, 33.5, 13.5 ] },
								"east": { "texture": "#plume", "uv": [ 26.5, 9.5, 32.0, 13.5 ] },
								"south": { "texture": "#plume", "uv": [ 24.5, 9.5, 26.5, 13.5 ] }
							}
						},
						{
							"name": "HelmetBackFluff2",
							"from": [ 5.8, -2.4, 0.35 ],
							"to": [ 7.8, 1.6, 6.05 ],
							"unwrapMode": 2,
							"uv": [ 38.5, 0.0 ],
							"rotationOrigin": [ 7.8, 1.6, 2.9 ],
							"rotationZ": 33.0,
							"faces": {
								"north": { "texture": "#plume", "uv": [ 46.0, 0.0, 48.0, 4.0 ] },
								"east": { "texture": "#plume", "uv": [ 40.5, 0.0, 46.0, 4.0 ] },
								"south": { "texture": "#plume", "uv": [ 38.5, 0.0, 40.5, 4.0 ] }
							}
						},
						{
							"name": "HelmetFluffL1",
							"from": [ 0.9, -1.7, 4.7 ],
							"to": [ 7.4, 1.3, 6.7 ],
							"autoUnwrap": false,
							"uv": [ 47.5, 56.5 ],
							"rotationOrigin": [ 4.4, 1.3, 6.7 ],
							"rotationX": -36.0,
							"faces": {
								"east": { "texture": "#plume", "uv": [ 48.0, 56.5, 50.0, 59.5 ] },
								"south": { "texture": "#plume", "uv": [ 50.0, 56.5, 56.5, 59.5 ] },
								"west": { "texture": "#plume", "uv": [ 55.0, 56.5, 57.0, 59.5 ] }
							}
						},
						{
							"name": "HelmetFluffL2",
							"from": [ 0.7, -0.5, 4.2 ],
							"to": [ 7.2, 2.5, 6.2 ],
							"unwrapMode": 3,
							"autoUnwrap": false,
							"uv": [ 54.0, 0.5 ],
							"rotationOrigin": [ 5.2, 2.5, 6.2 ],
							"rotationX": -44.0,
							"faces": {
								"east": { "texture": "#plume", "uv": [ 62.0, 0.0, 64.0, 3.0 ] },
								"south": { "texture": "#plume", "uv": [ 56.0, 0.0, 62.5, 3.0 ] },
								"west": { "texture": "#plume", "uv": [ 54.0, 0.0, 56.0, 3.0 ] }
							}
						},
						{
							"name": "HelmetFluffR2",
							"from": [ 0.7, -0.1, 0.0 ],
							"to": [ 7.2, 2.9, 2.0 ],
							"unwrapMode": 1,
							"autoUnwrap": false,
							"uv": [ 54.0, 39.5 ],
							"rotationOrigin": [ 5.2, 2.9, 0.0 ],
							"rotationX": 44.0,
							"faces": {
								"north": { "texture": "#plume", "uv": [ 56.0, 39.5, 62.5, 42.5 ], "windMode": [-1,-1,-1,-1] },
								"east": { "texture": "#plume", "uv": [ 54.0, 39.5, 56.0, 42.5 ] },
								"west": { "texture": "#plume", "uv": [ 62.0, 39.5, 64.0, 42.5 ] }
							}
						},
						{
							"name": "HelmetFluff1",
							"from": [ 0.9, -1.7, -0.5 ],
							"to": [ 7.4, 1.3, 1.5 ],
							"unwrapMode": 1,
							"autoUnwrap": false,
							"uv": [ 46.5, 53.0 ],
							"rotationOrigin": [ 4.4, 1.3, -0.5 ],
							"rotationX": 36.0,
							"faces": {
								"north": { "texture": "#plume", "uv": [ 48.5, 53.0, 55.0, 56.0 ], "windMode": [-1,-1,-1,-1] },
								"east": { "texture": "#plume", "uv": [ 48.0, 53.0, 50.0, 56.0 ] },
								"west": { "texture": "#plume", "uv": [ 55.0, 53.0, 57.0, 56.0 ] }
							}
						},
						{
							"name": "HelmetFluffUp3",
							"from": [ 4.1, 0.5, 0.3 ],
							"to": [ 9.6, 3.0, 6.1 ],
							"unwrapMode": 5,
							"uv": [ 57.0, 47.0 ],
							"rotationOrigin": [ 4.1, 2.5, 3.1 ],
							"rotationZ": -19.0,
							"faces": {
								"north": { "texture": "#plume", "uv": [ 57.0, 47.0, 62.5, 49.5 ], "rotation": 180 },
								"south": { "texture": "#plume", "uv": [ 57.0, 55.0, 62.5, 57.5 ] },
								"up": { "texture": "#plume", "uv": [ 57.0, 49.5, 62.5, 55.0 ] }
							}
						}
					]
				}
			]
		},
		{
			"name": "ArmorNeck",
			"stepParentName": "Neck",
			"from": [ -0.3, 0.6, -0.3 ],
			"to": [ 3.3, 2.4, 3.3 ],
			"unwrapMode": 4,
			"uv": [ 12.0, 5.5 ],
			"rotationOrigin": [ -0.3, 2.6, -0.3 ],
			"faces": {
				"north": { "texture": "#gothichead", "uv": [ 12.0, 5.5, 15.5, 7.0 ] },
				"east": { "texture": "#gothichead", "uv": [ 22.5, 5.5, 26.0, 7.0 ] },
				"south": { "texture": "#gothichead", "uv": [ 19.0, 5.5, 22.5, 7.0 ] },
				"west": { "texture": "#gothichead", "uv": [ 15.5, 5.5, 19.0, 7.0 ] }
			}
		}
	]}