[
  {
    "op": "addmerge",
    "path": "/attributes",
    "value": { "canChisel": true },
    "file": "game:blocktypes/glass/full-quartz.json",
    "side": "Server"
  },
  {
    "op": "add",
    "path": "/textures/inside-north",
    "value": { "base": "game:block/glass/quartz" },
    "file": "game:blocktypes/glass/full-quartz.json",
    "side": "Server"
  },
  {
    "op": "add",
    "path": "/textures/inside-east",
    "value": { "base": "game:block/glass/quartz" },
    "file": "game:blocktypes/glass/full-quartz.json",
    "side": "Server"
  },
  {
    "op": "add",
    "path": "/textures/inside-south",
    "value": { "base": "game:block/glass/quartz" },
    "file": "game:blocktypes/glass/full-quartz.json",
    "side": "Server"
  },
  {
    "op": "add",
    "path": "/textures/inside-west",
    "value": { "base": "game:block/glass/quartz" },
    "file": "game:blocktypes/glass/full-quartz.json",
    "side": "Server"
  },
  {
    "op": "add",
    "path": "/textures/inside-up",
    "value": { "base": "game:block/glass/quartz" },
    "file": "game:blocktypes/glass/full-quartz.json",
    "side": "Server"
  },
  {
    "op": "add",
    "path": "/textures/inside-down",
    "value": { "base": "game:block/glass/quartz" },
    "file": "game:blocktypes/glass/full-quartz.json",
    "side": "Server"
  }
]
