[
 {
	"enabled": false,
	"ingredients": [
		{"inputs": [{ "type": "item", "code": "expandedfoods:plaindoughball-dough",  "quantity": 1 }]},
		{"inputs": [{ "type": "item", "code": "farmcrops:choppedvegetable-*", "quantity": 1}]}
	],
	"output": { "type": "item", "code": "expandedfoods:dumpling-raw", "stackSize": 1}
 }, 
 {
	"enabled": false,
	"ingredients": [
		{"inputs": [{ "type": "item", "code": "expandedfoods:plaindoughball-dough",  "quantity": 1 }]},
		{"inputs": [{ "type": "item", "code": "farmcrops:choppedvegetable-*", "quantity": 1}]},
		{"inputs": [{ "type": "item", "code": "game:salt", "quantity": 1 }]}
	],
	"output": { "type": "item", "code": "expandedfoods:dumpling-raw", "stackSize": 1}
 }
]

