[
  {
    "op": "add",
    "path": "/client/behaviors/-",
    "value": {
	"code": "shearable",
	"enabled": true,
	"hoursPerUnit" : 50,
	"hoursPerUnitGenerationalReduction" : 0.5,
	"hoursPerUnitMaxReduction" : 8.0,
	"maxGenBonus" : 12,
	"generationalMaxGrowthBonus" : 2,
	"generationalScratchChanceReduction" : 0.04,
	"minQuantity": 12,
	"maxQuantity": 12,
	"minGen": 1,
	"shearsBonus": 6,
	"scratchChance": 0.45,
	"drop": "wool:fleece-generic-redbrown",
	"dropSecond": "wool:fleece-generic-black",
	"dropSecondPercentage": 0.2,
	"shearSound": "game:sounds/player/scrape.ogg"
    },
    "file": "thecritterpack:entities/animal/mammal/hooved/yak/yak-female.json",
    "side": "Server"
  },

  {
    "op": "add",
    "path": "/server/behaviors/-",
    "value": {
	"code": "shearable",
	"enabled": true,
	"hoursPerUnit" : 50,
	"hoursPerUnitGenerationalReduction" : 0.5,
	"hoursPerUnitMaxReduction" : 8.0,
	"maxGenBonus" : 12,
	"generationalMaxGrowthBonus" : 2,
	"generationalScratchChanceReduction" : 0.04,
	"minQuantity": 12,
	"maxQuantity": 12,
	"minGen": 1,
	"shearsBonus": 6,
	"scratchChance": 0.45,
	"drop": "wool:fleece-generic-redbrown",
	"dropSecond": "wool:fleece-generic-black",
	"dropSecondPercentage": 0.2,
	"shearSound": "game:sounds/player/scrape.ogg"
    },
    "file": "thecritterpack:entities/animal/mammal/hooved/yak/yak-female.json",
    "side": "Server"
  },

  {
    "op": "add",
    "path": "/client/behaviors/-",
    "value": {
	"code": "shearable",
	"enabled": true,
	"hoursPerUnit" : 50,
	"hoursPerUnitGenerationalReduction" : 0.5,
	"hoursPerUnitMaxReduction" : 8.0,
	"maxGenBonus" : 12,
	"generationalMaxGrowthBonus" : 2,
	"generationalScratchChanceReduction" : 0.04,
	"minQuantity": 12,
	"maxQuantity": 12,
	"minGen": 1,
	"shearsBonus": 6,
	"scratchChance": 0.45,
	"drop": "wool:fleece-generic-redbrown",
	"dropSecond": "wool:fleece-generic-black",
	"dropSecondPercentage": 0.2,
	"shearSound": "game:sounds/player/scrape.ogg"
    },
    "file": "thecritterpack:entities/animal/mammal/hooved/yak/yak-male.json",
    "side": "Server"
  },

  {
    "op": "add",
    "path": "/server/behaviors/-",
    "value": {
	"code": "shearable",
	"enabled": true,
	"hoursPerUnit" : 50,
	"hoursPerUnitGenerationalReduction" : 0.5,
	"hoursPerUnitMaxReduction" : 8.0,
	"maxGenBonus" : 12,
	"generationalMaxGrowthBonus" : 2,
	"generationalScratchChanceReduction" : 0.04,
	"minQuantity": 12,
	"maxQuantity": 12,
	"minGen": 1,
	"shearsBonus": 6,
	"scratchChance": 0.45,
	"drop": "wool:fleece-generic-redbrown",
	"dropSecond": "wool:fleece-generic-black",
	"dropSecondPercentage": 0.2,
	"shearSound": "game:sounds/player/scrape.ogg"
    },
    "file": "thecritterpack:entities/animal/mammal/hooved/yak/yak-male.json",
    "side": "Server"
  }
]
