{
	"editor": {
		"allAngles": false,
		"entityTextureMode": false
	},
	"textureWidth": 16,
	"textureHeight": 16,
	"textureSizes": {
	},
	"textures": {
		"pondtemplate_01": "item/pondtemplate_01",
		"pondtemplate_02": "item/pondtemplate_02",
		"pondtemplate_03": "item/pondtemplate_03",
		"pondtemplate_04": "item/pondtemplate_04",
		"item-paper-blank": "game:item/lore/item-paper-blank"
	},
	"elements": [
		{
			"name": "origin",
			"from": [ 0.0, 0.0, 0.0 ],
			"to": [ 0.0, 0.0, 0.0 ],
			"rotationOrigin": [ 8.0, 0.0, 8.0 ],
			"faces": {
			},
			"children": [
				{
					"name": "Paper-mid",
					"from": [ 3.0, 1.1, 3.0 ],
					"to": [ 13.0, 1.6, 13.0 ],
					"rotationOrigin": [ 8.0, 1.3, 8.0 ],
					"rotationX": 4.0,
					"faces": {
						"north": { "texture": "#item-paper-blank", "uv": [ 10.5, 6.0, 11.0, 16.0 ], "rotation": 90 },
						"east": { "texture": "#item-paper-blank", "uv": [ 11.0, 6.0, 11.5, 16.0 ], "rotation": 90 },
						"west": { "texture": "#item-paper-blank", "uv": [ 11.5, 6.0, 12.0, 16.0 ], "rotation": 90 },
						"up": { "texture": "#item-paper-blank", "uv": [ 0.0, 4.0, 10.0, 14.0 ] },
						"down": { "texture": "#item-paper-blank", "uv": [ 0.0, 4.0, 10.0, 14.0 ] }
					},
					"children": [
						{
							"name": "paper-high",
							"from": [ 0.0, 0.0, -4.1 ],
							"to": [ 10.0, 0.5, -0.1 ],
							"rotationOrigin": [ 5.0, 0.0, -0.1 ],
							"rotationX": 20.0,
							"faces": {
								"north": { "texture": "#item-paper-blank", "uv": [ 12.0, 6.0, 12.5, 16.0 ], "rotation": 90 },
								"east": { "texture": "#item-paper-blank", "uv": [ 10.0, 5.0, 14.0, 5.5 ] },
								"west": { "texture": "#item-paper-blank", "uv": [ 10.0, 4.5, 14.0, 5.0 ] },
								"up": { "texture": "#item-paper-blank", "uv": [ 0.0, 0.0, 10.0, 4.0 ] },
								"down": { "texture": "#item-paper-blank", "uv": [ 0.0, 0.0, 10.0, 4.0 ] }
							}
						},
						{
							"name": "paper-low",
							"from": [ 0.0, 0.0, 9.8 ],
							"to": [ 10.0, 0.5, 11.8 ],
							"rotationOrigin": [ 5.0, 0.0, 9.8 ],
							"rotationX": 22.5,
							"faces": {
								"east": { "texture": "#item-paper-blank", "uv": [ 10.0, 5.5, 12.0, 6.0 ] },
								"south": { "texture": "#item-paper-blank", "uv": [ 10.0, 6.0, 10.5, 16.0 ], "rotation": 90 },
								"west": { "texture": "#item-paper-blank", "uv": [ 12.0, 5.5, 14.0, 6.0 ] },
								"up": { "texture": "#item-paper-blank", "uv": [ 0.0, 14.0, 10.0, 16.0 ] },
								"down": { "texture": "#item-paper-blank", "uv": [ 0.0, 14.0, 10.0, 16.0 ] }
							}
						},
						{
							"name": "t0",
							"from": [ 0.0, 0.6, 0.0 ],
							"to": [ 5.0, 0.6, 5.0 ],
							"rotationOrigin": [ 0.0, 0.6, 0.0 ],
							"faces": {
								"up": { "texture": "#pondtemplate_03", "uv": [ 0.0, 0.0, 16.0, 16.0 ], "rotation": 90, "autoUv": false, "windMode": [-1,-1,-1,-1] }
							}
						},
						{
							"name": "t1",
							"from": [ 5.0, 0.6, 0.0 ],
							"to": [ 10.0, 0.6, 5.0 ],
							"rotationOrigin": [ 5.0, 0.6, 0.0 ],
							"faces": {
								"up": { "texture": "#pondtemplate_01", "uv": [ 0.0, 0.0, 16.0, 16.0 ], "rotation": 90, "autoUv": false }
							}
						},
						{
							"name": "t2",
							"from": [ 0.0, 0.6, 5.0 ],
							"to": [ 5.0, 0.6, 10.0 ],
							"rotationOrigin": [ 0.0, 0.6, 5.0 ],
							"faces": {
								"up": { "texture": "#pondtemplate_04", "uv": [ 0.0, 0.0, 16.0, 16.0 ], "rotation": 90, "autoUv": false }
							}
						},
						{
							"name": "t3",
							"from": [ 5.0, 0.6, 5.0 ],
							"to": [ 10.0, 0.6, 10.0 ],
							"rotationOrigin": [ 5.0, 0.6, 5.0 ],
							"faces": {
								"up": { "texture": "#pondtemplate_02", "uv": [ 0.0, 0.0, 16.0, 16.0 ], "rotation": 90, "autoUv": false }
							}
						}
					]
				}
			]
		}
	]}