{
	code: "clothes",
	class: "ItemWearable",
	variantgroups: [
		{ code: "category",  states: ["upperbody"] },
		{ code: "upperbody", combine: "SelectiveMultiply", onVariant: "category", states: [
        "rustblood-hunter-rags",
        "flannel",
        "flannel-cropped",
        "rustblood-tunic",
        "leather-chest-wrap",
        "fur-chest-wrap",
        "raw-leather-dress",
        "raw-leather-tunic",
        "darkened-raw-leather-tunic",
        "raw-leather-camisole",
        "raw-leather-cropped-camisole",
        "homespun-shirt-brown",
        "homespun-shirt-green",
        "homespun-camisole",
        "homespun-camisole-brown",
        "homespun-camisole-green",
        "homespun-cropped-camisole",
        "homespun-cropped-camisole-brown",
        "homespun-cropped-camisole-green",
        "dungaree-jumpsuit-top",
        "blackguard-shirt-repaired"
    ] }
	],
	storageFlags: 128,
	attributes: {
		clothescategory: "upperbody",
		wearableAttachment: true,
		handbook: {
			groupBy: ["clothes-{category}-*"]
		}
	},
	attributesByType: {
		"*": { warmth: 2 }
	},
	shapeByType: {
		"*": {
			base: "upperbody" 
		}
	},
	texturesByType: {
		"*": {
			"seraph": { base: "game:block/transparent" },
			"shirt": { base: "upperbody/{upperbody}" }
		}
	},
	creativeinventory: { "general": ["*"], "items": ["*"], "clothing": ["*"], "dressedtokillredux": ["*"] },
	renderAlphaTest: 0.25,
	fpHandTransform: {
		translation: { x: 0.05, y: -0.6, z: 0.3 },
		rotation: { x: 180, y: 150, z: 180 },
		scale: 2
	},
	tpHandTransform: {
		translation: { x: -0.3, y: -0.9, z: -0.7 },
		rotation: { x: -71, y: 180, z: 83 },
		scale: 0.55
	},
	guiTransform: {
			rotate: false,
			translation: { x: 0, y: 0, z: 0 },
			rotation: { x: -178, y: -65, z: 10 },
			origin: { x: 0.43, y: 1.1, z: 0.5 },
			scale: 1.69
		},
	groundTransform: {
		translation: { x: 0.05, y: 0.05, z: 0 },
		rotation: { x: 0, y: 0, z: -87 },
		origin: { x: 0.5, y: 0.5, z: 0.5299 },
		scale: 4
	}
}