{
	"code":"tongs",
	"class":"ItemTongs",
	"behaviors":[
		{
			"name":"GroundStorable",
			"properties":{
				"layout":"WallHalves",
				"wallOffY":2,
				"ctrlKey":true,
				"selectionBox":{
					"x1":0,
					"y1":0,
					"z1":0,
					"x2":1,
					"y2":0.1,
					"z2":1
				},
				"collisionBox":{
					"x1":0,
					"y1":0,
					"z1":0,
					"x2":0,
					"y2":0,
					"z2":0
				}
			}
		}
	],
	"variantgroups":[
		{
			"code":"metal",
			"states":[
				"copper",
				"tinbronze",
				"bismuthbronze",
				"blackbronze",
				"iron",
				"meteoriciron",
				"steel"
			]
		}
	],
	"storageFlags":257,
	"attributes":{
		"rackable":true,
		"toolrackTransform":{
			"translation":{
				"x":1,
				"y":0,
				"z":0
			},
			"rotation":{
				"x":0,
				"y":0,
				"z":180
			},
			"origin":{
				"x":0,
				"y":0.5,
				"z":0
			},
			"scale":1.01
		},
		"heatResistant":true,
		"groundStorageTransformByType":{
			"*":{
				"translation":{
					"x":0,
					"y":0.0,
					"z":0.31
				},
				"rotation":{
					"x":0,
					"y":-91,
					"z":-109
				}
			}
		}
	},
	"shape":{
		"base":"metaltongs:item/tool/tongsmetal"
	},
	"textures":{
		"metal":{
			"base":"game:block/metal/ingot/{metal}"
		}
	},
	"durabilitybytype":{
		"*-copper":350,
		"*-blackbronze":700,
		"*-bismuthbronze":600,
		"*-tinbronze":500,
		"*-iron":1000,
		"*-meteoriciron":1300,
		"*-steel":1900
	},
	"creativeinventory":{
		"general":[
			"*"
		],
		"items":[
			"*"
		],
		"tools":[
			"*"
		]
	},
	"guiTransform":{
		"translation":{
			"x":0,
			"y":0,
			"z":0
		},
		"rotation":{
			"x":-65,
			"y":60,
			"z":33
		},
		"origin":{
			"x":0.57,
			"y":0.5,
			"z":0.47
		},
		"scale":1.84
	},
	"fpHandTransform":{
		"translation":{
			"x":-0.01,
			"y":-0.48,
			"z":0
		},
		"rotation":{
			"x":35,
			"y":150,
			"z":-11
		},
		"scale":2.75
	},
	"groundTransform":{
		"translation":{
			"x":0,
			"y":-0.37,
			"z":0
		},
		"rotation":{
			"x":-10,
			"y":0,
			"z":-2.5
		},
		"origin":{
			"x":0.5,
			"y":0,
			"z":0.5
		},
		"scale":4.5
	},
	"tpHandTransform":{
		"translation":{
			"x":-1.12,
			"y":-0.46,
			"z":-1.05
		},
		"rotation":{
			"x":-91,
			"y":1,
			"z":172
		},
		"origin":{
			"x":0.5,
			"y":0.2,
			"z":0.5
		},
		"scale":0.64
	},
	"tpOffHandTransform":{
		"translation":{
			"x":-1.22,
			"y":-0.54,
			"z":-0.49
		},
		"rotation":{
			"x":94,
			"y":22,
			"z":-175
		},
		"origin":{
			"x":0.5,
			"y":0.2,
			"z":0.5
		},
		"scale":0.65
	}
}