[
	{
		"file":"game:itemtypes/wearable/seraph/armor.json",
		"op":"addmerge",
		"path":"/attributes/warmthByType",
		"value":{
			"armor-body-jerkin-leather": 2,
			"armor-legs-jerkin-leather": 1,
			"armor-head-sewn-linen": 1,
			"armor-body-sewn-linen": 3,
			"armor-legs-sewn-linen": 1.5,
			"armor-head-tailored-*-linen": 1,
			"armor-body-tailored-*-linen": 3,
			"armor-legs-tailored-*-linen": 1.5,
			"armor-head-brigandine-*": 0.5,
			"armor-body-brigandine-*": 2,
			"armor-legs-brigandine-*": 1,
			"armor-body-chain-*": 2,
			"armor-legs-chain-*": 1,
			"armor-head-antique-*-broken": 0.25,
			"armor-body-antique-*-broken": 1.0,
			"armor-legs-antique-*-broken": 0.5,
			"armor-head-antique-*-damaged": 0.375,
			"armor-body-antique-*-damaged": 1.5,
			"armor-legs-antique-*-damaged": 0.75,
			"armor-head-antique-*-pristine": 0.5,
			"armor-body-antique-*-pristine": 2,
			"armor-legs-antique-*-pristine": 1,
			"armor-head-lamellar-*": 0.25,
			"armor-body-lamellar-*": 1,
			"armor-legs-lamellar-*": 0.5,
			"armor-head-plate-*": 0.5,
			"armor-body-plate-*": 2,
			"armor-legs-plate-*": 1,
			"armor-head-scale-*": 0.5,
			"armor-body-scale-*": 2,
			"armor-legs-scale-*": 1
		}
	}
]