{
	"editor": {
		"allAngles": false,
		"entityTextureMode": false
	},
	"textureWidth": 16,
	"textureHeight": 16,
	"textureSizes": {
		"skin": [16,16]
	},
	"textures": {
		"flat": "game:block/plant/lichen/oldmans/flat"
	},
	"elements": [
		{
			"name": "Moss",
			"from": [ 0.0, 0.1, 0.0 ],
			"to": [ 16.0, 0.1, 16.0 ],
			"shade": false,
			"renderPass": 1,
			"rotationOrigin": [ 0.0, 0.1, 0.0 ],
			"rotationZ": 5.0,
			"faces": {
				"up": { "texture": "#flat", "uv": [ 0.0, 0.0, 16.0, 16.0 ], "windMode": [-1,-1,-1,-1] }
			}
		},
		{
			"name": "Moss2",
			"from": [ 0.0, 1.5, 0.0 ],
			"to": [ 16.0, 1.5, 16.0 ],
			"shade": false,
			"renderPass": 1,
			"rotationOrigin": [ 0.0, 1.5, 0.0 ],
			"rotationZ": -5.0,
			"faces": {
				"up": { "texture": "#flat", "uv": [ 0.0, 0.0, 16.0, 16.0 ], "rotation": 270 }
			}
		},
		{
			"name": "Moss3",
			"from": [ 0.0, 0.1, 0.0 ],
			"to": [ 16.0, 0.1, 16.0 ],
			"shade": false,
			"renderPass": 1,
			"rotationOrigin": [ 0.0, 0.1, 0.0 ],
			"rotationX": -5.0,
			"faces": {
				"up": { "texture": "#flat", "uv": [ 0.0, 0.0, 16.0, 16.0 ], "rotation": 180 }
			}
		},
		{
			"name": "Moss4",
			"from": [ 0.0, 1.5, 0.0 ],
			"to": [ 16.0, 1.5, 16.0 ],
			"shade": false,
			"renderPass": 1,
			"rotationOrigin": [ 0.0, 1.5, 0.0 ],
			"rotationX": 5.0,
			"faces": {
				"up": { "texture": "#flat", "uv": [ 0.0, 0.0, 16.0, 16.0 ], "rotation": 90 }
			}
		}
	],
	"animations": [
		{
			"name": "Idle",
			"code": "idle",
			"quantityframes": 2,
			"onActivityStopped": "EaseOut",
			"onAnimationEnd": "Repeat",
			"keyframes": [
				{
					"frame": 0,
					"elements": {
						"Moss": { "offsetX": 0.0, "offsetY": 0.0, "offsetZ": 0.0 }
					}
				}
			]
		}
	]}