[
	{
		"ingredientPattern": "K,G,F",
		"enabled": true,
		"ingredients": {
			"F": { "type": "item", "code": "wool:fleece-*", "quantity": 3 },
			"G": { "type": "item", "code": "game:drygrass", "quantity": 1 },
			"K": { "type": "item", "code": "game:knife-generic-*", "isTool": true, "toolDurabilityCost": 3 }
		},
		"shapeless": true,
		"width": 1,
		"height": 3,
		"output": { "type": "item", "code": "wool:fertilizer-organic-wool", "quantity": 1 }
	},

	{
		"ingredientPattern": "K,G,F",
		"enabled": true,
		"ingredients": {
			"F": { "type": "item", "code": "wool:fleece-*", "quantity": 3 },
			"G": { "type": "item", "code": "game:thatch", "quantity": 1 },
			"K": { "type": "item", "code": "game:knife-generic-*", "isTool": true, "toolDurabilityCost": 3 }
		},
		"shapeless": true,
		"width": 1,
		"height": 3,
		"output": { "type": "item", "code": "wool:fertilizer-organic-wool", "quantity": 1 }
	},

	{
		"ingredientPattern": "K,S,H",
		"comment": "Only hard stones, 1 output to encourage grinding with a quern. Knife-over-stone to distinguish between stone-over-knife from Tailor's Delight awl recipe.",
		"enabled": true,
		"ingredients": {
			"K": { "type": "item", "code": "game:knife-generic-*", "isTool": true },
			"H": { "type": "item", "code": "game:antler-*" },
			"S": { "type": "item", "code": "game:stone-*", "name": "stone", "allowedVariants": [ "andesite", "basalt", "granite", "kimberlite", "obsidian", "peridotite", "suevite" ] }
		},
		"width": 1,
		"height": 3,
		"output": { "type": "item", "code": "wool:fertilizer-organic-horn", "quantity": 1 }
	}
]
