[
	{
		"ingredientPattern": "H,W",
		"ingredients": {
			"W": { "type": "block", "code": "wool:wool-*", "name": "color", "allowedVariants": [ "plain", "white" ] },
			"H": { "type": "item", "code": "wildcraftfruit:fruit-falseorange", "quantity": 2 }
		},
		"recipeGroup": 2,
		"width": 1,
		"height": 2,
		"output": { "type": "item", "code": "wildcraftfruit:poultice-linen-falseorange", "quantity": 4 }
	},

	{
		"ingredientPattern": "H,W",
		"ingredients": {
			"W": { "type": "block", "code": "wool:wool-*", "name": "color", "allowedVariants": [ "plain", "white" ] },
			"H": { "type": "item", "code": "wildcraftfruit:fruit-snowberry", "quantity": 2 }
		},
		"recipeGroup": 2,
		"width": 1,
		"height": 2,
		"output": { "type": "item", "code": "wildcraftfruit:poultice-linen-snowberry", "quantity": 4 }
	},

	{
		"ingredientPattern": "SBS,_W_",
		"ingredients": {
			"W": { "type": "block", "code": "wool:wool-*", "name": "color", "allowedVariants": [ "plain", "white" ] },
			"S": { "type": "item", "code": "wildcraftfruit:fruit-ivy", "quantity": 2 },
			"B": { "type": "block", "code": "game:bowl-*-fired" }
		},
		"attributes": {
			"liquidContainerProps": { "requiresContent": { "type": "item", "code": "wildcraftfruit:vinegarportion-*", "allowedVariants": ["white", "rice", "apple", "pomegranate", "currant", "heath", "jujube", "wine", "kiwi", "citrus", "plum", "fruit"] }, "requiresLitres": 0.25 }
		},		
		"recipeGroup": 2,
		"width": 3,
		"height": 2,
		"output": { "type": "item", "code": "wildcraftfruit:poultice-linen-ivy-vinegar", "quantity": 4 }
	},

	{
		"ingredientPattern": "SBS,_W_",
		"ingredients": {
			"W": { "type": "block", "code": "wool:wool-*", "name": "color", "allowedVariants": [ "plain", "white" ] },
			"S": { "type": "item", "code": "wildcraftfruit:flower-elder", "quantity": 3 },
			"B": { "type": "item", "code": "game:resin" }
		},		
		"recipeGroup": 2,
		"width": 3,
		"height": 2,
		"output": { "type": "item", "code": "wildcraftfruit:poultice-linen-resin-elder", "quantity": 4 }
	},

	{
		"ingredientPattern": "H,W",
		"ingredients": {
			"W": { "type": "block", "code": "wool:wool-*", "name": "color", "allowedVariants": [ "plain", "white" ] },
			"H": { "type": "item", "code": "wildcraftfruit:fruit-bryony", "quantity": 4 }
		},
		"recipeGroup": 2,
		"width": 1,
		"height": 2,
		"output": { "type": "item", "code": "wildcraftfruit:poultice-linen-bryony", "quantity": 4 }
	},

	{
		"ingredientPattern": "H,W",
		"ingredients": {
			"W": { "type": "block", "code": "wool:wool-*", "name": "color", "allowedVariants": [ "plain", "white" ] },
			"H": { "type": "item", "code": "wildcraftfruit:fruit-baneberry", "quantity": 4 }
		},
		"recipeGroup": 2,
		"width": 1,
		"height": 2,
		"output": { "type": "item", "code": "wildcraftfruit:poultice-linen-baneberry", "quantity": 4 }
	},

	{
		"ingredientPattern": "H,W",
		"ingredients": {
			"W": { "type": "block", "code": "wool:wool-*", "name": "color", "allowedVariants": [ "plain", "white" ] },
			"H": { "type": "item", "code": "wildcraftfruit:fruit-bearberry", "quantity": 4 }
		},
		"recipeGroup": 2,
		"width": 1,
		"height": 2,
		"output": { "type": "item", "code": "wildcraftfruit:poultice-linen-bearberry", "quantity": 4 }
	},

	{
		"ingredientPattern": "H,W",
		"ingredients": {
			"W": { "type": "block", "code": "wool:wool-*", "name": "color", "allowedVariants": [ "plain", "white" ] },
			"H": { "type": "item", "code": "wildcraftfruit:clipping-bearberry-green", "quantity": 1 }
		},
		"recipeGroup": 2,
		"width": 1,
		"height": 2,
		"output": { "type": "item", "code": "wildcraftfruit:poultice-linen-bearberry", "quantity": 4 }
	}
]
