{
	"editor": {
		"allAngles": false,
		"entityTextureMode": false
	},
	"textureWidth": 16,
	"textureHeight": 16,
	"textureSizes": {
	},
	"textures": {
		"flower": "tulesedgefix:block/plant/reeds/fixedtule_tufts",
		"leaves": "tulesedgefix:block/plant/reeds/fixedtule"
	},
	"elements": [
		{
			"name": "Cube1",
			"from": [ -4.0, 0.0, 8.0 ], 
			"to": [ 20.0, 48.0, 8.0 ], 
			"shade": false,
			"climateColorMap": "climatePlantTint",
			"seasonColorMap": "seasonalFoliage",
			"renderPass": 1,
			"rotationOrigin": [ 8.0, 0.0, 8.0 ],
			"rotationY": -45.0,
			"faces": {
				"north": { "texture": "#leaves", "uv": [ 0.0, 0.0, 16.0, 16.0 ], "autoUv": false, "windMode": [0,4,4,0], "windData": [0,2,2,0] },
				"east": { "texture": "#null", "uv": [ 0.0, 0.0, 0.5, 48.0 ], "enabled": false },
				"south": { "texture": "#null", "uv": [ 0.0, 0.0, 24.0, 48.0 ], "enabled": false },
				"west": { "texture": "#null", "uv": [ 0.0, 0.0, 0.5, 48.0 ], "enabled": false },
				"up": { "texture": "#null", "uv": [ 0.0, 0.0, 24.0, 0.5 ], "enabled": false },
				"down": { "texture": "#null", "uv": [ 0.0, 0.0, 24.0, 0.5 ], "enabled": false }
			}
		},
		{
			"name": "Cube2",
			"from": [ -4.0, 0.0, 8.0 ], 
			"to": [ 20.0, 48.0, 8.0 ], 
			"shade": false,
			"climateColorMap": "climatePlantTint",
			"seasonColorMap": "seasonalFoliage",
			"renderPass": 1,
			"rotationOrigin": [ 8.0, 0.0, 8.0 ],
			"rotationY": 45.0,
			"faces": {
				"north": { "texture": "#leaves", "uv": [ 0.0, 0.0, 16.0, 16.0 ], "autoUv": false, "windMode": [0,4,4,0], "windData": [0,2,2,0] },
				"east": { "texture": "#null", "uv": [ 0.0, 0.0, 0.5, 48.0 ], "enabled": false },
				"south": { "texture": "#null", "uv": [ 0.0, 0.0, 24.0, 48.0 ], "enabled": false },
				"west": { "texture": "#null", "uv": [ 0.0, 0.0, 0.5, 48.0 ], "enabled": false },
				"up": { "texture": "#null", "uv": [ 0.0, 0.0, 24.0, 0.5 ], "enabled": false },
				"down": { "texture": "#null", "uv": [ 0.0, 0.0, 24.0, 0.5 ], "enabled": false }
			}
		},
		{
			"name": "Cube3",
			"from": [ -4.0, 0.0, 10.0 ], 
			"to": [ 20.0, 48.0, 10.0 ], 
			"shade": false,
			"climateColorMap": "climatePlantTint",
			"seasonColorMap": "seasonalFoliage",
			"renderPass": 1,
			"rotationOrigin": [ 8.0, 0.0, 10.0 ],
			"rotationX": 10.0,
			"faces": {
				"north": { "texture": "#leaves", "uv": [ 0.0, 0.0, 16.0, 16.0 ], "autoUv": false, "windMode": [0,2,2,0], "windData": [0,2,2,0] },
				"east": { "texture": "#null", "uv": [ 0.0, 0.0, 0.5, 48.0 ], "enabled": false },
				"south": { "texture": "#null", "uv": [ 0.0, 0.0, 24.0, 48.0 ], "enabled": false },
				"west": { "texture": "#null", "uv": [ 0.0, 0.0, 0.5, 48.0 ], "enabled": false },
				"up": { "texture": "#null", "uv": [ 0.0, 0.0, 24.0, 0.5 ], "enabled": false },
				"down": { "texture": "#null", "uv": [ 0.0, 0.0, 24.0, 0.5 ], "enabled": false }
			}
		},
		{
			"name": "Cube4",
			"from": [ -4.0, 0.0, 6.0 ], 
			"to": [ 20.0, 48.0, 6.0 ], 
			"shade": false,
			"climateColorMap": "climatePlantTint",
			"seasonColorMap": "seasonalFoliage",
			"renderPass": 1,
			"rotationOrigin": [ 8.0, 0.0, 6.0 ],
			"rotationX": -10.0,
			"faces": {
				"north": { "texture": "#leaves", "uv": [ 0.0, 0.0, 16.0, 16.0 ], "autoUv": false, "windMode": [0,2,2,0], "windData": [0,2,2,0] },
				"east": { "texture": "#null", "uv": [ 0.0, 0.0, 0.5, 48.0 ], "enabled": false },
				"south": { "texture": "#null", "uv": [ 0.0, 0.0, 24.0, 48.0 ], "enabled": false },
				"west": { "texture": "#null", "uv": [ 0.0, 0.0, 0.5, 48.0 ], "enabled": false },
				"up": { "texture": "#null", "uv": [ 0.0, 0.0, 24.0, 0.5 ], "enabled": false },
				"down": { "texture": "#null", "uv": [ 0.0, 0.0, 24.0, 0.5 ], "enabled": false }
			}
		},
		{
			"name": "Cube5",
			"from": [ 10.0, 0.0, -4.0 ], 
			"to": [ 10.0, 48.0, 20.0 ], 
			"shade": false,
			"climateColorMap": "climatePlantTint",
			"seasonColorMap": "seasonalFoliage",
			"renderPass": 1,
			"rotationOrigin": [ 10.0, 0.0, 8.0 ],
			"rotationZ": -10.0,
			"faces": {
				"north": { "texture": "#leaves", "uv": [ 0.0, 0.0, 0.3333, 48.0 ], "enabled": false },
				"east": { "texture": "#leaves", "uv": [ 0.0, 0.0, 16.0, 16.0 ], "autoUv": false, "windMode": [0,2,2,0], "windData": [0,2,2,0] },
				"south": { "texture": "#leaves", "uv": [ 0.0, 0.0, 16.0, 16.0 ], "enabled": false },
				"west": { "texture": "#leaves", "uv": [ 0.0, 0.0, 24.0, 48.0 ], "enabled": false },
				"up": { "texture": "#leaves", "uv": [ 0.0, 0.0, 0.3333, 24.0 ], "enabled": false },
				"down": { "texture": "#leaves", "uv": [ 0.0, 0.0, 0.3333, 24.0 ], "enabled": false }
			}
		},
		{
			"name": "Cube6",
			"from": [ 6.0, 0.0, -4.0 ], 
			"to": [ 6.0, 48.0, 20.0 ], 
			"shade": false,
			"climateColorMap": "climatePlantTint",
			"seasonColorMap": "seasonalFoliage",
			"renderPass": 1,
			"rotationOrigin": [ 6.0, 0.0, 8.0 ],
			"rotationZ": 10.0,
			"faces": {
				"north": { "texture": "#leaves", "uv": [ 0.0, 0.0, 0.3333, 48.0 ], "enabled": false },
				"east": { "texture": "#leaves", "uv": [ 0.0, 0.0, 16.0, 16.0 ], "autoUv": false, "windMode": [0,2,2,0], "windData": [0,2,2,0] },
				"south": { "texture": "#leaves", "uv": [ 0.0, 0.0, 16.0, 16.0 ], "enabled": false },
				"west": { "texture": "#leaves", "uv": [ 0.0, 0.0, 24.0, 48.0 ], "enabled": false },
				"up": { "texture": "#leaves", "uv": [ 0.0, 0.0, 0.3333, 24.0 ], "enabled": false },
				"down": { "texture": "#leaves", "uv": [ 0.0, 0.0, 0.3333, 24.0 ], "enabled": false }
			}
		},
		{
			"name": "tuft1",
			"from": [ -4.0, 0.0, 8.0 ], 
			"to": [ 20.0, 48.0, 8.0 ], 
			"shade": false,
			"renderPass": 1,
			"rotationOrigin": [ 8.0, 0.0, 8.0 ],
			"rotationY": -45.0,
			"faces": {
				"north": { "texture": "#flower", "uv": [ 0.0, 0.0, 16.0, 16.0 ], "autoUv": false, "windMode": [0,4,4,0], "windData": [0,2,2,0] },
				"east": { "texture": "#null", "uv": [ 0.0, 0.0, 0.5, 48.0 ], "enabled": false },
				"south": { "texture": "#null", "uv": [ 0.0, 0.0, 24.0, 48.0 ], "enabled": false },
				"west": { "texture": "#null", "uv": [ 0.0, 0.0, 0.5, 48.0 ], "enabled": false },
				"up": { "texture": "#null", "uv": [ 0.0, 0.0, 24.0, 0.5 ], "enabled": false },
				"down": { "texture": "#null", "uv": [ 0.0, 0.0, 24.0, 0.5 ], "enabled": false }
			}
		},
		{
			"name": "tuft2",
			"from": [ -4.0, 0.0, 8.0 ], 
			"to": [ 20.0, 48.0, 8.0 ], 
			"shade": false,
			"renderPass": 1,
			"rotationOrigin": [ 8.0, 0.0, 8.0 ],
			"rotationY": 45.0,
			"faces": {
				"north": { "texture": "#flower", "uv": [ 0.0, 0.0, 16.0, 16.0 ], "autoUv": false, "windMode": [0,4,4,0], "windData": [0,2,2,0] },
				"east": { "texture": "#null", "uv": [ 0.0, 0.0, 0.5, 48.0 ], "enabled": false },
				"south": { "texture": "#null", "uv": [ 0.0, 0.0, 24.0, 48.0 ], "enabled": false },
				"west": { "texture": "#null", "uv": [ 0.0, 0.0, 0.5, 48.0 ], "enabled": false },
				"up": { "texture": "#null", "uv": [ 0.0, 0.0, 24.0, 0.5 ], "enabled": false },
				"down": { "texture": "#null", "uv": [ 0.0, 0.0, 24.0, 0.5 ], "enabled": false }
			}
		},
		{
			"name": "tuft3",
			"from": [ -4.0, 0.0, 10.0 ], 
			"to": [ 20.0, 48.0, 10.0 ], 
			"shade": false,
			"renderPass": 1,
			"rotationOrigin": [ 8.0, 0.0, 10.0 ],
			"rotationX": 10.0,
			"faces": {
				"north": { "texture": "#flower", "uv": [ 0.0, 0.0, 16.0, 16.0 ], "autoUv": false, "windMode": [0,2,2,0], "windData": [0,2,2,0] },
				"east": { "texture": "#null", "uv": [ 0.0, 0.0, 0.5, 48.0 ], "enabled": false },
				"south": { "texture": "#null", "uv": [ 0.0, 0.0, 24.0, 48.0 ], "enabled": false },
				"west": { "texture": "#null", "uv": [ 0.0, 0.0, 0.5, 48.0 ], "enabled": false },
				"up": { "texture": "#null", "uv": [ 0.0, 0.0, 24.0, 0.5 ], "enabled": false },
				"down": { "texture": "#null", "uv": [ 0.0, 0.0, 24.0, 0.5 ], "enabled": false }
			}
		},
		{
			"name": "tuft4",
			"from": [ -4.0, 0.0, 6.0 ], 
			"to": [ 20.0, 48.0, 6.0 ], 
			"shade": false,
			"renderPass": 1,
			"rotationOrigin": [ 8.0, 0.0, 6.0 ],
			"rotationX": -10.0,
			"faces": {
				"north": { "texture": "#flower", "uv": [ 0.0, 0.0, 16.0, 16.0 ], "autoUv": false, "windMode": [0,2,2,0], "windData": [0,2,2,0] },
				"east": { "texture": "#null", "uv": [ 0.0, 0.0, 0.5, 48.0 ], "enabled": false },
				"south": { "texture": "#null", "uv": [ 0.0, 0.0, 24.0, 48.0 ], "enabled": false },
				"west": { "texture": "#null", "uv": [ 0.0, 0.0, 0.5, 48.0 ], "enabled": false },
				"up": { "texture": "#null", "uv": [ 0.0, 0.0, 24.0, 0.5 ], "enabled": false },
				"down": { "texture": "#null", "uv": [ 0.0, 0.0, 24.0, 0.5 ], "enabled": false }
			}
		},
		{
			"name": "tuft5",
			"from": [ 10.0, 0.0, -4.0 ], 
			"to": [ 10.0, 48.0, 20.0 ], 
			"shade": false,
			"renderPass": 1,
			"rotationOrigin": [ 10.0, 0.0, 8.0 ],
			"rotationZ": -10.0,
			"faces": {
				"north": { "texture": "#leaves", "uv": [ 0.0, 0.0, 0.5, 48.0 ], "enabled": false },
				"east": { "texture": "#flower", "uv": [ 0.0, 0.0, 16.0, 16.0 ], "autoUv": false, "windMode": [0,2,2,0], "windData": [0,2,2,0] },
				"south": { "texture": "#leaves", "uv": [ 0.0, 0.0, 0.5, 48.0 ], "enabled": false },
				"west": { "texture": "#leaves", "uv": [ 0.0, 0.0, 24.0, 48.0 ], "enabled": false },
				"up": { "texture": "#leaves", "uv": [ 0.0, 0.0, 0.5, 24.0 ], "enabled": false },
				"down": { "texture": "#leaves", "uv": [ 0.0, 0.0, 0.5, 24.0 ], "enabled": false }
			}
		},
		{
			"name": "tuft6",
			"from": [ 6.0, 0.0, -4.0 ], 
			"to": [ 6.0, 48.0, 20.0 ], 
			"shade": false,
			"renderPass": 1,
			"rotationOrigin": [ 6.0, 0.0, 8.0 ],
			"rotationZ": 10.0,
			"faces": {
				"north": { "texture": "#leaves", "uv": [ 0.0, 0.0, 0.5, 48.0 ], "enabled": false },
				"east": { "texture": "#flower", "uv": [ 0.0, 0.0, 16.0, 16.0 ], "autoUv": false, "windMode": [0,2,2,0], "windData": [0,2,2,0] },
				"south": { "texture": "#leaves", "uv": [ 0.0, 0.0, 0.5, 48.0 ], "enabled": false },
				"west": { "texture": "#leaves", "uv": [ 0.0, 0.0, 24.0, 48.0 ], "enabled": false },
				"up": { "texture": "#leaves", "uv": [ 0.0, 0.0, 0.5, 24.0 ], "enabled": false },
				"down": { "texture": "#leaves", "uv": [ 0.0, 0.0, 0.5, 24.0 ], "enabled": false }
			}
		}
	]}