[
	{
		ingredientPattern: "B_B,DED,GHI",
		recipeGroup: 1,
		ingredients: {
			"B": { type: "item", code: "game:metalnailsandstrips-gold", quantity: 2
			},
			"D": { type: "item", code: "game:metalplate-blackbronze"
			},
			"E": { type: "item", code: "game:armor-head-plate-steel"
			},
			"G": { type: "item", code: "game:hammer-*", isTool: true, toolDurabilityCost: 100
			},
			"H": { type: "item", code: "fa-greenwich-schematic", returnedStack: { "type": "item", "code": "fa-greenwich-schematic" }
			},
			"I": { type: "item", code: "game:leather-sturdy-plain", quantity: 4
			}
		},
		width: 3,
		height: 3,
		name: "greenwich steel plate armet",
		output: { type: "item", code: "fa-greenwich-head-armet-steel-none"
		}
	},
	{
		ingredientPattern: "B_B,DED,GHI",
		recipeGroup: 1,
		ingredients: {
			"B": { type: "item", code: "game:metalnailsandstrips-gold", quantity: 2
			},
			"D": { type: "item", code: "game:metalplate-steel"
			},
			"E": { type: "item", code: "game:armor-head-plate-steel"
			},
			"G": { type: "item", code: "game:hammer-*", isTool: true, toolDurabilityCost: 100
			},
			"H": { type: "item", code: "fa-greenwich-schematic", returnedStack: { "type": "item", "code": "fa-greenwich-schematic" }
			},
			"I": { type: "item", code: "game:leather-sturdy-plain", quantity: 4
			}
		},
		width: 3,
		height: 3,
		name: "greenwich steel plate armet",
		output: { type: "item", code: "fa-greenwich-head-armet-steelplain-none"
		}
	},
	{
		ingredientPattern: "B_B,DED,GHI",
		recipeGroup: 1,
		ingredients: {
			"B": { type: "item", code: "game:metalnailsandstrips-cupronickel", quantity: 2
			},
			"D": { type: "item", code: "game:metalplate-silver"
			},
			"E": { type: "item", code: "game:armor-head-plate-meteoriciron"
			},
			"G": { type: "item", code: "game:hammer-*", isTool: true, toolDurabilityCost: 100
			},
			"H": { type: "item", code: "fa-greenwich-schematic", returnedStack: { "type": "item", "code": "fa-greenwich-schematic" }
			},
			"I": { type: "item", code: "game:leather-normal-plain", quantity: 4
			}
		},
		width: 3,
		height: 3,
		name: "greenwich meteoric iron plate armet",
		output: { type: "item", code: "fa-greenwich-head-armet-meteoriciron-none"
		}
	},
	{
		ingredientPattern: "B_B,DED,GHI",
		recipeGroup: 1,
		ingredients: {
			"B": { type: "item", code: "game:metalnailsandstrips-blackbronze", quantity: 2
			},
			"D": { type: "item", code: "game:metalplate-zinc"
			},
			"E": { type: "item", code: "game:armor-head-plate-iron"
			},
			"G": { type: "item", code: "game:hammer-*", isTool: true, toolDurabilityCost: 100
			},
			"H": { type: "item", code: "fa-greenwich-schematic", returnedStack: { "type": "item", "code": "fa-greenwich-schematic" }
			},
			"I": { type: "item", code: "game:leather-normal-plain", quantity: 4
			}
		},
		width: 3,
		height: 3,
		name: "greenwich iron plate armet",
		output: { type: "item", code: "fa-greenwich-head-armet-iron-none"
		}
	},
	{
		ingredientPattern: "AAA,CEC,_G_",
		recipeGroup: 1,
		ingredients: {
			"A": { type: "item", 
					code: "game:cloth-*", 
					name: "color", 
					allowedVariants: [
					"plain",
					"blue",
					"red",
					"yellow",
					"green",
					"purple",
					"pink",
					"orange",
					"brown",
					"gray",
					"black",
					"white"
				], quantity: 2
			},
			"C": { type: "item", code: "game:feather", quantity: 9
			},
			"E": { type: "item", 
					code: "fa-greenwich-head-armet-*-none",
					name: "metal", 
					allowedVariants: [
					"iron",
					"meteoriciron",
					"steel",
					"steelplain"
				]
			},
			"G": { type: "item", code: "game:shears-*", isTool: true, toolDurabilityCost: 100
			},
		},
		width: 3,
		height: 3,
		name: "greenwich steel plate armet",
		output: { type: "item", code: "fa-greenwich-head-armet-{metal}-{color}"
		}
	},
	{
		ingredientPattern: "ACA,AEA,CGC",
		recipeGroup: 1,
		ingredients: {
			"A": { type: "item", 
					code: "game:cloth-*", 
					name: "color", 
					allowedVariants: [
					"plain",
					"blue",
					"red",
					"yellow",
					"green",
					"purple",
					"pink",
					"orange",
					"brown",
					"gray",
					"black",
					"white"
				], quantity: 2
			},
			"C": { type: "item", code: "game:feather", quantity: 6
			},
			"E": { type: "item", 
					code: "fa-greenwich-head-armet-*-none",
					name: "metal", 
					allowedVariants: [
					"iron",
					"meteoriciron",
					"steel",
					"steelplain"
				]
			},
			"G": { type: "item", code: "game:shears-*", isTool: true, toolDurabilityCost: 100
			}
		},
		width: 3,
		height: 3,
		name: "greenwich steel plate armet",
		output: { type: "item", code: "fa-greenwich-head-armetwing-{metal}-{color}"
		}
	},
	{
		ingredientPattern: "_A_,_C_,GE_",
		recipeGroup: 1,
		ingredients: {
			"A": { type: "item", 
					code: "game:cloth-*", 
					name: "color", 
					allowedVariants: [
					"plain",
					"blue",
					"red",
					"yellow",
					"green",
					"purple",
					"pink",
					"orange",
					"brown",
					"gray",
					"black",
					"white"
				], quantity: 6
			},
			"C": { type: "item", code: "game:feather", quantity: 6
			},
			"E": { type: "item", 
					code: "fa-greenwich-head-armet-*-none",
					name: "metal", 
					allowedVariants: [
					"iron",
					"meteoriciron",
					"steel",
					"steelplain"
				]
			},
			"G": { type: "item", code: "game:shears-*", isTool: true, toolDurabilityCost: 100
			}
		},
		width: 3,
		height: 3,
		name: "greenwich steel plate armet",
		output: { type: "item", code: "fa-greenwich-head-armetcrista-{metal}-{color}"
		}
	},
	{
		ingredientPattern: "BCD,_A_",
		recipeGroup: 1,
		ingredients: {
			"A": { type: "item", code: "fa-greenwich-head-armet*-steel-*"
			},
			"B": { type: "item", code: "game:wrench-*", isTool: true, toolDurabilityCost: 100
			},
			"C": { type: "item", code: "game:saw-*", isTool: true, toolDurabilityCost: 100
			},
			"D": { type: "item", code: "game:shears-*", isTool: true, toolDurabilityCost: 100
			},
		},
		width: 3,
		height: 2,
		name: "greenwich steel plate armet deplume",
		output: { type: "item", code: "fa-greenwich-head-armet-steel-none"
		}
	},
	{
		ingredientPattern: "BCD,_A_",
		recipeGroup: 1,
		ingredients: {
			"A": { type: "item", code: "fa-greenwich-head-armet*-steelplain-*"
			},
			"B": { type: "item", code: "game:wrench-*", isTool: true, toolDurabilityCost: 100
			},
			"C": { type: "item", code: "game:saw-*", isTool: true, toolDurabilityCost: 100
			},
			"D": { type: "item", code: "game:shears-*", isTool: true, toolDurabilityCost: 100
			},
		},
		width: 3,
		height: 2,
		name: "greenwich steel plate armet deplume",
		output: { type: "item", code: "fa-greenwich-head-armet-steelplain-none"
		}
	},
	{
		ingredientPattern: "BCD,_A_",
		recipeGroup: 1,
		ingredients: {
			"A": { type: "item", code: "fa-greenwich-head-armet*-meteoriciron-*"
			},
			"B": { type: "item", code: "game:wrench-*", isTool: true, toolDurabilityCost: 100
			},
			"C": { type: "item", code: "game:saw-*", isTool: true, toolDurabilityCost: 100
			},
			"D": { type: "item", code: "game:shears-*", isTool: true, toolDurabilityCost: 100
			},
		},
		width: 3,
		height: 2,
		name: "greenwich meteoriciron plate armet deplume",
		output: { type: "item", code: "fa-greenwich-head-armet-meteoriciron-none"
		}
	},
	{
		ingredientPattern: "BCD,_A_",
		recipeGroup: 1,
		ingredients: {
			"A": { type: "item", code: "fa-greenwich-head-armet*-iron-*"
			},
			"B": { type: "item", code: "game:wrench-*", isTool: true, toolDurabilityCost: 100
			},
			"C": { type: "item", code: "game:saw-*", isTool: true, toolDurabilityCost: 100
			},
			"D": { type: "item", code: "game:shears-*", isTool: true, toolDurabilityCost: 100
			},
		},
		width: 3,
		height: 2,
		name: "greenwich meteoriciron plate armet deplume",
		output: { type: "item", code: "fa-greenwich-head-armet-iron-none"
		}
	},
	{
		ingredientPattern: "AE,BG",
		recipeGroup: 1,
		ingredients: {
			"A": { type: "item", 
					code: "game:armor-head-hide-bear-*",
					name: "bear",
					allowedVariants: [
					"black",
					"brown",
					"polar"
				]
			},
			"E": { type: "item", 
					code: "fa-greenwich-head-armet-*-none",
					name: "metal",
					allowedVariants: [
					"iron",
					"meteoriciron",
					"steel",
					"steelplain"
				]
			},
			"G": { type: "item", code: "game:shears-*", isTool: true, toolDurabilityCost: 100
			},
			"B": { type: "item", code: "game:hammer-*", isTool: true, toolDurabilityCost: 100
			}
		},
		width: 2,
		height: 2,
		name: "gothi plate sallet",
		output: { type: "item", code: "fa-greenwich-head-armet-{metal}-bear-{bear}"
		}
	}
]