{
  "editor": {},
  "textureWidth": 16,
  "textureHeight": 16,
  "textureSizes": {
    "copper5": [16, 16]
  },
  "textures": {
    "copper5": "game:block/metal/sheet/copper5"
  },
  "elements": [
    {
      "name": "origin",
      "from": [8, 0, 8],
      "to": [8, 0, 8],
      "rotationOrigin": [8, 0, 8],
      "faces": {
        "north": {"texture": "#copper5", "uv": [0, 0, 4, 4]},
        "east": {"texture": "#copper5", "uv": [0, 0, 4, 4]},
        "south": {"texture": "#copper5", "uv": [0, 0, 4, 4]},
        "west": {"texture": "#copper5", "uv": [0, 0, 4, 4]},
        "up": {"texture": "#copper5", "uv": [10, 4, 14, 8], "rotation": 90},
        "down": {"texture": "#copper5", "uv": [0, 0, 4, 4]}
      }
    },
    {
      "name": "side1",
      "from": [13, 1, 2],
      "to": [14, 14, 13],
      "rotationOrigin": [14, 1, 3],
      "faces": {
        "north": {"texture": "#copper5", "uv": [0, 0, 1, 13]},
        "east": {"texture": "#copper5", "uv": [0, 0, 11, 13]},
        "south": {"texture": "#copper5", "uv": [0, 0, 1, 13]},
        "west": {"texture": "#copper5", "uv": [0, 0, 11, 13]},
        "up": {"texture": "#copper5", "uv": [0, 0, 1, 11]},
        "down": {"texture": "#copper5", "uv": [0, 0, 1, 11]}
      }
    },
    {
      "name": "side2",
      "from": [12, 1, 13],
      "to": [13, 14, 24],
      "rotationOrigin": [13, 1, 14],
      "faces": {
        "north": {"texture": "#copper5", "uv": [0, 0, 1, 13]},
        "east": {"texture": "#copper5", "uv": [0, 0, 11, 13]},
        "south": {"texture": "#copper5", "uv": [0, 0, 1, 13]},
        "west": {"texture": "#copper5", "uv": [0, 0, 11, 13]},
        "up": {"texture": "#copper5", "uv": [0, 0, 1, 11]},
        "down": {"texture": "#copper5", "uv": [0, 0, 1, 11]}
      },
      "rotationY": -90
    },
    {
      "name": "side3",
      "from": [2, 1, 3],
      "to": [3, 14, 14],
      "rotationOrigin": [3, 1, 4],
      "faces": {
        "north": {"texture": "#copper5", "uv": [0, 0, 1, 13]},
        "east": {"texture": "#copper5", "uv": [0, 0, 11, 13]},
        "south": {"texture": "#copper5", "uv": [0, 0, 1, 13]},
        "west": {"texture": "#copper5", "uv": [0, 0, 11, 13]},
        "up": {"texture": "#copper5", "uv": [0, 0, 1, 11]},
        "down": {"texture": "#copper5", "uv": [0, 0, 1, 11]}
      }
    },
    {
      "name": "side4",
      "from": [11, 1, 2],
      "to": [12, 14, 13],
      "rotationOrigin": [12, 1, 3],
      "faces": {
        "north": {"texture": "#copper5", "uv": [0, 0, 1, 13]},
        "east": {"texture": "#copper5", "uv": [0, 0, 11, 13]},
        "south": {"texture": "#copper5", "uv": [0, 0, 1, 13]},
        "west": {"texture": "#copper5", "uv": [0, 0, 11, 13]},
        "up": {"texture": "#copper5", "uv": [0, 0, 1, 11]},
        "down": {"texture": "#copper5", "uv": [0, 0, 1, 11]}
      },
      "rotationY": -90
    },
    {
      "name": "body-bottom",
      "from": [3, 0, 3],
      "to": [13, 1, 13],
      "rotationOrigin": [8, 0, 8],
      "faces": {
        "north": {"texture": "#copper5", "uv": [0, 0, 8, 1]},
        "east": {"texture": "#copper5", "uv": [8, 0, 16, 1]},
        "south": {"texture": "#copper5", "uv": [5, 0, 13, 1]},
        "west": {"texture": "#copper5", "uv": [4, 0, 12, 1]},
        "up": {"texture": "#copper5", "uv": [10, 4, 14, 8], "rotation": 270},
        "down": {"texture": "#copper5", "uv": [11, 12, 3, 4], "rotation": 180}
      }
    },
    {
      "name": "top",
      "from": [3, 14, 3],
      "to": [13, 15, 13],
      "rotationOrigin": [8, 14, 8],
      "faces": {
        "north": {"texture": "#copper5", "uv": [0, 0, 8, 1]},
        "east": {"texture": "#copper5", "uv": [8, 0, 16, 1]},
        "south": {"texture": "#copper5", "uv": [5, 0, 13, 1]},
        "west": {"texture": "#copper5", "uv": [4, 0, 12, 1]},
        "up": {"texture": "#copper5", "uv": [10, 4, 14, 8], "rotation": 270},
        "down": {"texture": "#copper5", "uv": [11, 12, 3, 4], "rotation": 180}
      }
    },
    {
      "name": "cube",
      "from": [7, 14, 7],
      "to": [9, 16, 9],
      "rotationOrigin": [8, 14, 8],
      "faces": {
        "north": {"texture": "#copper5", "uv": [0, 0, 2, 2]},
        "east": {"texture": "#copper5", "uv": [0, 0, 2, 2]},
        "south": {"texture": "#copper5", "uv": [0, 0, 2, 2]},
        "west": {"texture": "#copper5", "uv": [0, 0, 2, 2]},
        "up": {"texture": "#copper5", "uv": [0, 0, 2, 2]},
        "down": {"texture": "#copper5", "uv": [0, 0, 2, 2]}
      }
    }
  ]
}
