{
	code: "spear",
	class: "ItemSpear",
	damagedby: ["attacking"],
	tool: "spear",
	behaviors: [
		{ name: "GroundStorable", properties: { layout: 'WallHalves', wallOffY: 2, ctrlKey: true, selectionBox: { x1: 0, y1: 0, z1: 0, x2: 1, y2: 0.1, z2: 1 }, collisionBox: { x1: 0, y1: 0, z1: 0, x2: 0, y2: 0, z2: 0 } } },
		{ name: "AnimationAuthoritative" }
	],
	variantgroups: [
		{ code: "type", states: ["boar", ] },
		{ code: "material", states: ["copper", "tinbronze", "bismuthbronze", "blackbronze", "ornategold", "ornatesilver", "iron", "meteoriciron", "steel", ] },
	],
	skipVariants: [
		"spear-boar-ornategold",
		"spear-boar-ornatesilver"
	],
	allowedVariants: [
		"spear-boar-*",
	],
	shapeByType: {
		"*": { base: "game:item/tool/spear/boar" }
	},
	heldTpIdleAnimation: "spearidle",
	heldRightReadyAnimation: "spearidle",
	heldTpHitAnimation: "spearhit",
	texturesByType: {
		
		"spear-boar-*": { 
			"blackbronze": { base: "game:block/metal/ingot/{material}" } 
		},
		
	},
	attackRange: 3.5,


	tooltierbytype:{
		"spear-boar-copper": 2,

		"spear-boar-bismuthbronze": 3,
		"spear-boar-tinbronze": 3,
		"spear-boar-blackbronze": 3,

		"spear-boar-iron": 4,
		"spear-boar-meteoriciron": 4,
		"spear-boar-steel": 5,

		"spear-boar-ornategold": 4,
		"spear-boar-ornatesilver": 4,
	},


	attackpowerbytype: {
		
		"spear-boar-copper": 2.5,

		"spear-boar-bismuthbronze": 3,
		"spear-boar-tinbronze": 3.4,
		"spear-boar-blackbronze": 3.6,

		"spear-boar-iron": 3.9,
		"spear-boar-meteoriciron": 4.3,
		"spear-boar-steel": 4.3,


		"spear-boar-ornategold": 4.25,
		"spear-boar-ornatesilver": 4.25,
		
	},
	attributes: {
		heldItemPitchFollow: 1,
		groundStorageTransformByType: {

			"spear-boar-*": {
				translation: { x: 0, y: 0.65, z: 0.61 },
				rotation: { x: 16, y: 90, z: 90 },
				scale: 0.85
			},
			
		},
		
		"__comment": "Thrown damage",
		damageByType: {
			
			"*-copper": 4.16,
			"*-bismuthbronze": 4.72,
			"*-tinbronze": 5.44,
			"*-blackbronze": 5.84,

			"*-iron": 6,
			"*-meteoriciron": 7.44,
			"*-steel": 7.44,
			
			"*-ornategold": 8.25,
			"*-ornatesilver": 8.25
		},
		damageTierByType: {
			
			"*-copper": 2,
			
			"*-bismuthbronze": 3,
			"*-tinbronze": 3,
			"*-blackbronze": 3,
			
			"*-iron": 4,
			"*-meteoriciron": 4,
			"*-steel": 5,


			"*-ornategold": 0,
			"*-ornatesilver": 0
		},
		spearEntityCodeByType: {

			"*": "vanillaarmory:spear-{type}-{material}",

		},
		handbook: {
			groupBy: ["spear-*"]
		},
		toolrackTransformByType: {
			
			"spear-boar-*": {
				translation: { x: -0.35, y: 0.05, z: 0.5 },
				rotation: { x: 89, y: 1, z: -1 }
			},
			
		}
	},
	durabilitybytype: {
		
		"spear-boar-copper": 156,

		"spear-boar-tinbronze": 240,
		"spear-boar-bismuthbronze": 288,
		"spear-boar-blackbronze": 324,

		"spear-boar-iron": 348,
		"spear-boar-meteoriciron": 396,
		"spear-boar-steel": 456,
	
		"spear-boar-ornategold": 320,
		"spear-boar-ornatesilver": 320,
		
	},
	creativeinventory: { "general": ["*"],  "vanillaarmory": ["*"], "items": ["*"], "tools": ["*"] },
	guiTransformByType: {
		
		"*": {
			translation: { x: 0, y: 0, z: 0 },
			rotation: { x: 33, y: 0, z: -127 },
			origin: { x: 1.29, y: 0.05, z: 0.52 },
			scale: 2.26
		}
	},
	fpHandTransformByType: {
		
		"*": {
			translation: { x: 0.1, y: 0.4, z: 0.16 },
			rotation: { x: -82, y: 180, z: 96 },
			origin: { x: 0.5, y: 0, z: 0.5 },
			scale: 2.45
		}
	},
	groundTransformByType: {
		
		"*": {
			translation: { x: 0, y: 0.05, z: 0 },
			rotation: { x: 90, y: 0, z: 0 },
			origin: { x: 0.5, y: 0, z: 0.5 },
			scale: 3.4
		}
	},
	tpHandTransformByType: {
		
		"*": {
			translation: { x: -1.24, y: 0.03, z: -0.61 },
			rotation: { x: -90, y: 0, z: 0 },
			origin: { x: 0.5, y: 0, z: 0.5 },
			scale: 0.8
		},
		
	}
}