{
	code: "spear",
	class: "ItemSpear",
	damagedby: ["attacking"],
	tool: "spear",
	storageFlags: 513,
	behaviors: [
		{ name: "GroundStorable", properties: { layout: 'WallHalves', wallOffY: 2, ctrlKey: true, selectionBox: { x1: 0, y1: 0, z1: 0, x2: 1, y2: 0.1, z2: 1 }, collisionBox: { x1: 0, y1: 0, z1: 0, x2: 0, y2: 0, z2: 0 } } },
		{ name: "AnimationAuthoritative" }
	],
	variantgroups: [
		{ code: "type", states: ["generic",] },
		{ code: "material", states: ["iron", "meteoriciron", "steel",] },
	],
	skipVariants: [
		"spear-generic-ruined",
	],
	allowedVariants: [
		"spear-generic-*",
	],
	shapeByType: {
		"*": { base: "game:item/tool/spear/ornatesilver" }
	},
	heldTpIdleAnimation: "spearidle",
	heldRightReadyAnimation: "spearidle",
	heldTpHitAnimation: "spearhit",
	texturesByType: {
		"spear-*": {
			"iron4": { base: "game:block/metal/ingot/{material}" },
			"silver4": { base: "game:block/cloth/linen/plain"},
			"silver": { base: "game:block/cloth/linen/plain"},
		},
	},
	attackRange: 3.5,

	tooltierbytype: {
	"*-iron": 3,
	"*-meteoriciron": 3,
	"*-steel": 4,
	},

	attackpowerbytype: {
		"spear-generic-iron": 4.25,
		"spear-generic-meteoriciron": 4.75,
		"spear-generic-steel": 4.75,
		
	},
	attributes: {
		heldItemPitchFollow: 1,
		groundStorageTransformByType: {
			
			"spear-generic-*": {
				translation: { x: -0.39, y: 0.72, z: 0.25 },
				rotation: { x: 16, y: 1, z: 90 },
				scale: 0.81
			},
			
		},
		
		"__comment": "Thrown damage",
		damageByType: {
			"*-iron": 8.25,
			"*-meteoriciron": 10.25,
			"*-steel": 10.25,
		},
		damageTierByType: {
			"*-iron": 3,
			"*-meteoriciron": 3,
			"*-steel": 4,
		},
		spearEntityCodeByType: {
			"*": "vanillaarmory:spear-{type}-{material}",
		},
		handbook: {
			groupBy: ["spear-*"]
		},
		toolrackTransformByType: {
			
			"spear-generic-*": {
				rotation: { x: 90, y: 1, z: -1 },
				translation: { x: -0.2, y: 0.05, z: 0.5 },
				scale: 1
			},
			
		}
	},
	durabilitybytype: {
		"spear-generic-iron": 320,
		"spear-generic-meteoriciron": 360,
		"spear-generic-steel": 420,
	},
	creativeinventory: { "general": ["*"],  "vanillaarmory": ["*"], "items": ["*"], "tools": ["*"] },
	guiTransformByType: {
		
		"spear-generic-*": {
			translation: { x: 0, y: 0, z: 0 },
			rotation: { x: 33, y: 0, z: -127 },
			origin: { x: 1.29, y: 0.05, z: 0.52 },
			scale: 2.26
		},
		
	},
	fpHandTransformByType: {
		
		"*": {
			translation: { x: 0.1, y: 0.4, z: 0.16 },
			rotation: { x: -82, y: 180, z: 96 },
			origin: { x: 0.5, y: 0, z: 0.5 },
			scale: 2.45
		}
	},
	groundTransformByType: {
		
		"*": {
			translation: { x: 0, y: 0.05, z: 0 },
			rotation: { x: 90, y: 0, z: 0 },
			origin: { x: 0.5, y: 0, z: 0.5 },
			scale: 3.4
		}
	},
	tpHandTransformByType: {
		
		"spear-generic-*": {
			translation: { x: -1.04, y: 0.02, z: -0.57 },
			rotation: { x: -90, y: 0, z: 0 },
			origin: { x: 0.5, y: 0, z: 0.5 },
			scale: 0.8
		},
		
	}
}