[
    {
        "file": "millwright:recipes/grid/axlepassthrough",
        "op": "add",
        "path": "/-",
        "side": "server",
        "value": {
            "ingredientPattern": "H_,C_,SM",
            "ingredients": {
                "H": {
                    "type": "item",
                    "code": "game:hammer-*",
                    "isTool": true,
                    "toolDurabilityCost": 5
                },
                "C": {
                    "type": "item",
                    "code": "game:chisel-*",
                    "isTool": true,
                    "toolDurabilityCost": 5
                },
                "S": {
                    "type": "block",
                    "code": "game:woodenaxle-ud",
                    "quantity": 3
                },
                "M": {
                    "type": "item",
                    "code": "game:metalplate-iron",
                    "quantity": 2
                }
            },
            "width": 2,
            "height": 3,
            "recipeGroup": 2,
            "output": {
                "type": "block",
                "code": "millwright:woodenaxlepassthroughfull",
                "quantity": 2
            }
        },
        "dependsOn": [
            {
                "modid": "millwright"
            }
        ]
    }
]
