[


    {
        "file": "millwright:recipes/grid/windmillrotor",
        "op": "add",
        "path": "/-",
        "side": "server",
        "value": {
            "ingredientPattern": "MHC,ELF",
            "requiresTrait": "millwright",
            "enabled": true,
            "shapeless": false,
            "ingredients": {
                "H": {
                    "type": "item",
                    "code": "game:hammer-*",
                    "isTool": true
                },
                "C": {
                    "type": "item",
                    "code": "game:chisel-*",
                    "isTool": true
                },
                "L": {
                    "type": "block",
                    "code": "game:log-placed-*-ud",
                    "name": "wood",
                    "quantity": 2
                },
                "E": {
                    "type": "item",
                    "code": "game:resin"
                },
                "M": {
                    "type": "item",
                    "code": "game:metalplate-iron",
                    "quantity": 2
                },
                "F": {
                    "type": "item",
                    "code": "game:fat"
                }
            },
            "width": 3,
            "height": 2,
            "recipeGroup": 2,
            "output": {
                "type": "block",
                "code": "millwright:windmillrotor-single-north",
                "quantity": 2
            }
        },
        "dependsOn": [
            {
                "modid": "millwright"
            }
        ]
    },

    {
        "file": "millwright:recipes/grid/windmillrotor",
        "op": "add",
        "path": "/-",
        "side": "server",
        "value": {
            "ingredientPattern": "MHC,ELF",
            "requiresTrait": "millwright",
            "enabled": true,
            "shapeless": false,
            "ingredients": {
                "H": {
                    "type": "item",
                    "code": "game:hammer-*",
                    "isTool": true
                },
                "C": {
                    "type": "item",
                    "code": "game:chisel-*",
                    "isTool": true
                },
                "L": {
                    "type": "block",
                    "code": "game:logsection-placed-*-ud",
                    "name": "wood",
                    "quantity": 2
                },
                "E": {
                    "type": "item",
                    "code": "game:resin"
                },
                "M": {
                    "type": "item",
                    "code": "game:metalplate-iron",
                    "quantity": 2
                },
                "F": {
                    "type": "item",
                    "code": "game:fat"
                }
            },
            "width": 3,
            "height": 2,
            "recipeGroup": 3,
            "output": {
                "type": "block",
                "code": "millwright:windmillrotor-single-north",
                "quantity": 2
            }
        },
        "dependsOn": [
            {
                "modid": "millwright"
            }
        ]
    }

]
