[

{
		ingredientPattern: "A,B",
		ingredients: {
			"A": { type: "item", code: "game:feather", quantity: 1 },
			"B": { type: "item", code: "game:leather-normal-black", quantity: 1 }
		},
		width: 2,
		height: 1,
		output: { type: "item", code: "clothes-emblem-flyingbird-emblem"  }
	},

{
		"ingredientPattern": "A_A,_B_",
		"ingredients":{ 
				"A":{"type": "item", "code": "game:cloth-blue", "quantity": 1},	
				"B":{"type": "item", "code": "game:flaxfibers", "quantity": 1}
		},
		"width": 3,
		"height": 2,
		"output": {"type": "item", "code": "clothes-head-ribbon-head-side", "quantity": 1}
	},

{
		"ingredientPattern": "A_B,_C_",
		"ingredients":{ 
				"A":{"type": "item", "code": "game:cloth-blue", "quantity": 1},	
				"B":{"type": "item", "code": "game:cloth-black", "quantity": 1},
				"C":{"type": "item", "code": "game:sewingkit", "quantity": 1}
		},
		"width": 3,
		"height": 2,
		"output": {"type": "item", "code": "clothes-upperbody-testtunic", "quantity": 1}
	},
{
		"ingredientPattern": "BAB,_C_",
		"ingredients":{ 
				"A":{"type": "item", "code": "game:leather-normal-plain", "quantity": 1},	
				"B":{"type": "item", "code": "game:leather-normal-blue", "quantity": 1},
				"C":{"type": "item", "code": "game:sewingkit", "quantity": 1}
		},
		"width": 3,
		"height": 2,
		"output": {"type": "item", "code": "clothes-waist-clothedbelt", "quantity": 1}
	},
{
		"ingredientPattern": "ABA,BAB,_C_",
		"ingredients":{ 
				"A":{"type": "item", "code": "game:cloth-blue", "quantity": 1},	
				"B":{"type": "item", "code": "game:cloth-black", "quantity": 1},
				"C":{"type": "item", "code": "game:sewingkit", "quantity": 1}
		},
		"width": 3,
		"height": 3,
		"output": {"type": "item", "code": "clothes-upperbody-puffeddarkblue", "quantity": 1}
	},

{
		"ingredientPattern": "ABA,BAB,_C_",
		"ingredients":{ 
				"A":{"type": "item", "code": "game:cloth-white", "quantity": 1},	
				"B":{"type": "item", "code": "game:cloth-blue", "quantity": 1},
				"C":{"type": "item", "code": "game:sewingkit", "quantity": 1}
		},
		"width": 3,
		"height": 3,
		"output": {"type": "item", "code": "clothes-upperbody-puffedwhiteblue", "quantity": 1}
	},
{
		"ingredientPattern": "AAA,B_B,_C_",
		"ingredients":{ 
				"A":{"type": "item", "code": "game:cloth-orange", "quantity": 1},	
				"B":{"type": "item", "code": "game:cloth-brown", "quantity": 1},
				"C":{"type": "item", "code": "game:sewingkit", "quantity": 1}
		},
		"width": 3,
		"height": 3,
		"output": {"type": "item", "code": "clothes-lowerbody-halfpants", "quantity": 1}
	},
{
		"ingredientPattern": "ABC",
		"ingredients":{ 
				"A":{"type": "item", "code": "game:metalnailsandstrips-tinbronze", "quantity": 1},	
				"B":{"type": "item", "code": "game:gem-emerald-rough", "quantity": 1},
				"C":{"type": "item", "code": "game:leather-normal-red", "quantity": 1}
		},
		"width": 3,
		"height": 1,
		"output": {"type": "item", "code": "clothes-arm-snakearmband", "quantity": 1}
	}

]