[

	{
		ingredientPattern: "_AA,_AA,BA_",
		ingredients: {
			"A": { type: "item", code: "game:cloth-white", quantity: 1 },
			"B": { type: "item", code: "game:sewingkit", quantity: 1 }
		},
		width: 3,
		height: 3,
		output: { type: "item", code: "clothes-waist-waistscarf-white"  }
	},

	{
		ingredientPattern: "_AA,_AA,BA_",
		ingredients: {
			"A": { type: "item", code: "game:cloth-gray", quantity: 1 },
			"B": { type: "item", code: "game:sewingkit", quantity: 1 }
		},
		width: 3,
		height: 3,
		output: { type: "item", code: "clothes-waist-waistscarf-gray"  }
	},

	{
		ingredientPattern: "_AA,_AA,BA_",
		ingredients: {
			"A": { type: "item", code: "game:cloth-black", quantity: 1 },
			"B": { type: "item", code: "game:sewingkit", quantity: 1 }
		},
		width: 3,
		height: 3,
		output: { type: "item", code: "clothes-waist-waistscarf-black"  }
	},

	{
		ingredientPattern: "_AA,_AA,BA_",
		ingredients: {
			"A": { type: "item", code: "game:cloth-red", quantity: 1 },
			"B": { type: "item", code: "game:sewingkit", quantity: 1 }
		},
		width: 3,
		height: 3,
		output: { type: "item", code: "clothes-waist-waistscarf-red"  }
	},

	{
		ingredientPattern: "_AA,_AA,BA_",
		ingredients: {
			"A": { type: "item", code: "game:cloth-yellow", quantity: 1 },
			"B": { type: "item", code: "game:sewingkit", quantity: 1 }
		},
		width: 3,
		height: 3,
		output: { type: "item", code: "clothes-waist-waistscarf-yellow"  }
	},

	{
		ingredientPattern: "_AA,_AA,BA_",
		ingredients: {
			"A": { type: "item", code: "game:cloth-green", quantity: 1 },
			"B": { type: "item", code: "game:sewingkit", quantity: 1 }
		},
		width: 3,
		height: 3,
		output: { type: "item", code: "clothes-waist-waistscarf-green"  }
	},

	{
		ingredientPattern: "_AA,_AA,BA_",
		ingredients: {
			"A": { type: "item", code: "game:cloth-blue", quantity: 1 },
			"B": { type: "item", code: "game:sewingkit", quantity: 1 }
		},
		width: 3,
		height: 3,
		output: { type: "item", code: "clothes-waist-waistscarf-blue"  }
	},

	{
		ingredientPattern: "_AA,_AA,BA_",
		ingredients: {
			"A": { type: "item", code: "game:cloth-purple", quantity: 1 },
			"B": { type: "item", code: "game:sewingkit", quantity: 1 }
		},
		width: 3,
		height: 3,
		output: { type: "item", code: "clothes-waist-waistscarf-purple"  }
	},

	{
		ingredientPattern: "_AA,_AA,BA_",
		ingredients: {
			"A": { type: "item", code: "game:cloth-orange", quantity: 1 },
			"B": { type: "item", code: "game:sewingkit", quantity: 1 }
		},
		width: 3,
		height: 3,
		output: { type: "item", code: "clothes-waist-waistscarf-orange"  }
	},

	{
		ingredientPattern: "_AA,_AA,BA_",
		ingredients: {
			"A": { type: "item", code: "game:cloth-pink", quantity: 1 },
			"B": { type: "item", code: "game:sewingkit", quantity: 1 }
		},
		width: 3,
		height: 3,
		output: { type: "item", code: "clothes-waist-waistscarf-pink"  }
	},

	{
		ingredientPattern: "_AA,_AA,BA_",
		ingredients: {
			"A": { type: "item", code: "game:cloth-brown", quantity: 1 },
			"B": { type: "item", code: "game:sewingkit", quantity: 1 }
		},
		width: 3,
		height: 3,
		output: { type: "item", code: "clothes-waist-waistscarf-brown"  }
	}


	
]