{
	"editor": {
		"allAngles": false,
		"entityTextureMode": false
	},
	"textures": { },
	"elements": [
		{
			"name": "base",
			"from": [ 7.75, -3.0, 7.5 ],
			"to": [ 8.0, 3.0, 8.5 ],
			"rotationOrigin": [ 8.0, 0.0, 8.0 ],
			"rotationZ": -90.0,
			"faces": {
				"north": { "texture": "#bone", "uv": [ 2.5, 6.5, 3.0, 12.5 ] },
				"east": { "texture": "#bone", "uv": [ 4.0, 2.5, 5.0, 8.5 ] },
				"south": { "texture": "#bone", "uv": [ 4.0, 2.0, 4.5, 8.0 ] },
				"west": { "texture": "#bone", "uv": [ 10.0, 8.0, 11.0, 14.0 ] },
				"down": { "texture": "#bone", "uv": [ 0.0, 0.0, 0.5, 1.0 ] }
			},
			"children": [
				{
					"name": "tip",
					"from": [ 0.01, 5.71, 0.14 ],
					"to": [ 0.24, 6.42, 0.85 ],
					"rotationOrigin": [ 0.25, 6.0, 0.38 ],
					"rotationX": 45.0,
					"faces": {
						"north": { "texture": "#bone", "uv": [ 2.5, 6.5, 3.0, 7.0 ] },
						"east": { "texture": "#bone", "uv": [ 4.0, 2.5, 4.5, 3.0 ] },
						"west": { "texture": "#bone", "uv": [ 10.0, 8.0, 10.5, 8.5 ] },
						"up": { "texture": "#bone", "uv": [ 0.0, 0.0, 0.5, 0.5 ] }
					}
				}
			]
		}
	]
}
