[
	{
		ingredientPattern: "BL,P_",
		recipeGroup: 2,
		ingredients: {
			"B": { type: "item", code: "fa-viking-head-steel-vendel-*",  
						name: "color", allowedVariants: [
					"plain",
					"blue",
					"red",
					"yellow",
					"green",
					"purple",
					"pink",
					"orange",
					"brown",
					"gray",
					"black",
					"white",
					"none",
					"bear-black",
					"bear-brown",
					"bear-polar"
				]
			},
			"P": { type: "item", code: "game:metalplate-steel"
			},
			"L": { type: "item", code: "game:leather-normal-plain"
			}
		},
		width: 2,
		height: 2,
		shapeless: true,
		copyAttributesFrom: 'B',
		averageDurability: false,
		name: "viking steel plate vendel repair",
		output: { type: "item", code: "fa-viking-head-steel-vendel-{color}"
		}
	},
	{
		ingredientPattern: "BL,P_",
		recipeGroup: 2,
		ingredients: {
			"B": { type: "item", code: "fa-viking-head-meteoriciron-vendel-*",  
						name: "color", allowedVariants: [
					"plain",
					"blue",
					"red",
					"yellow",
					"green",
					"purple",
					"pink",
					"orange",
					"brown",
					"gray",
					"black",
					"white",
					"none",
					"bear-black",
					"bear-brown",
					"bear-polar"
				]
			},
			"P": { type: "item", code: "game:metalplate-meteoriciron"
			},
			"L": { type: "item", code: "game:leather-normal-plain"
			}
		},
		width: 2,
		height: 2,
		shapeless: true,
		copyAttributesFrom: 'B',
		averageDurability: false,
		name: "viking meteoric iron plate vendel repair",
		output: { type: "item", code: "fa-viking-head-meteoriciron-vendel-{color}"
		}
	},
	{
		ingredientPattern: "BL,P_",
		recipeGroup: 2,
		ingredients: {
			"B": { type: "item", code: "fa-viking-head-iron-vendel-*",  
						name: "color", allowedVariants: [
					"plain",
					"blue",
					"red",
					"yellow",
					"green",
					"purple",
					"pink",
					"orange",
					"brown",
					"gray",
					"black",
					"white",
					"none",
					"bear-black",
					"bear-brown",
					"bear-polar"
				]
			},
			"P": { type: "item", code: "game:metalplate-iron"
			},
			"L": { type: "item", code: "game:leather-normal-plain"
			}
		},
		width: 2,
		height: 2,
		shapeless: true,
		copyAttributesFrom: 'B',
		averageDurability: false,
		name: "viking iron plate vendel repair",
		output: { type: "item", code: "fa-viking-head-iron-vendel-{color}"
		}
	},
	{
		ingredientPattern: "BL,P_",
		recipeGroup: 2,
		ingredients: {
			"B": { type: "item", code: "fa-viking-head-steel-gjermundbu-*",  
						name: "color", allowedVariants: [
					"plain",
					"blue",
					"red",
					"yellow",
					"green",
					"purple",
					"pink",
					"orange",
					"brown",
					"gray",
					"black",
					"white",
					"none",
					"bear-black",
					"bear-brown",
					"bear-polar"
				]
			},
			"P": { type: "item", code: "game:metalchain-steel"
			},
			"L": { type: "item", code: "game:leather-normal-plain"
			}
		},
		width: 2,
		height: 2,
		shapeless: true,
		copyAttributesFrom: 'B',
		averageDurability: false,
		name: "viking steel plate vendel repair",
		output: { type: "item", code: "fa-viking-head-steel-gjermundbu-{color}"
		}
	},
	{
		ingredientPattern: "BL,P_",
		recipeGroup: 2,
		ingredients: {
			"B": { type: "item", code: "fa-viking-head-meteoriciron-gjermundbu-*",  
						name: "color", allowedVariants: [
					"plain",
					"blue",
					"red",
					"yellow",
					"green",
					"purple",
					"pink",
					"orange",
					"brown",
					"gray",
					"black",
					"white",
					"none",
					"bear-black",
					"bear-brown",
					"bear-polar"
				]
			},
			"P": { type: "item", code: "game:metalchain-meteoriciron"
			},
			"L": { type: "item", code: "game:leather-normal-plain"
			}
		},
		width: 2,
		height: 2,
		shapeless: true,
		copyAttributesFrom: 'B',
		averageDurability: false,
		name: "viking meteoric iron plate vendel repair",
		output: { type: "item", code: "fa-viking-head-meteoriciron-gjermundbu-{color}"
		}
	},
	{
		ingredientPattern: "BL,P_",
		recipeGroup: 2,
		ingredients: {
			"B": { type: "item", code: "fa-viking-head-iron-gjermundbu-*",  
						name: "color", allowedVariants: [
					"plain",
					"blue",
					"red",
					"yellow",
					"green",
					"purple",
					"pink",
					"orange",
					"brown",
					"gray",
					"black",
					"white",
					"none",
					"bear-black",
					"bear-brown",
					"bear-polar"
				]
			},
			"P": { type: "item", code: "game:metalchain-iron"
			},
			"L": { type: "item", code: "game:leather-normal-plain"
			}
		},
		width: 2,
		height: 2,
		shapeless: true,
		copyAttributesFrom: 'B',
		averageDurability: false,
		name: "viking iron plate vendel repair",
		output: { type: "item", code: "fa-viking-head-iron-gjermundbu-{color}"
		}
	},
	{
		ingredientPattern: "BL,P_",
		recipeGroup: 2,
		ingredients: {
			"B": { type: "item", code: "fa-viking-body-steel-heavy-*",  
						name: "color", allowedVariants: [
					"plain",
					"blue",
					"red",
					"yellow",
					"green",
					"purple",
					"pink",
					"orange",
					"brown",
					"gray",
					"black",
					"white",
					"none",
					"bear-black",
					"bear-brown",
					"bear-polar"
				]
			},
			"P": { type: "item", code: "game:metalplate-steel"
			},
			"L": { type: "item", code: "game:leather-normal-plain"
			}
		},
		width: 2,
		height: 2,
		shapeless: true,
		copyAttributesFrom: 'B',
		averageDurability: false,
		name: "viking steel plate body repair",
		output: { type: "item", code: "fa-viking-body-steel-heavy-{color}"
		}
	},
	{
		ingredientPattern: "BL,P_",
		recipeGroup: 2,
		ingredients: {
			"B": { type: "item", code: "fa-viking-body-meteoriciron-heavy-*",  
						name: "color", allowedVariants: [
					"plain",
					"blue",
					"red",
					"yellow",
					"green",
					"purple",
					"pink",
					"orange",
					"brown",
					"gray",
					"black",
					"white",
					"none",
					"bear-black",
					"bear-brown",
					"bear-polar"
				]
			},
			"P": { type: "item", code: "game:metalplate-meteoriciron"
			},
			"L": { type: "item", code: "game:leather-normal-plain"
			}
		},
		width: 2,
		height: 2,
		shapeless: true,
		copyAttributesFrom: 'B',
		averageDurability: false,
		name: "viking meteoric iron plate body repair",
		output: { type: "item", code: "fa-viking-body-meteoriciron-heavy-{color}"
		}
	},
	{
		ingredientPattern: "BL,P_",
		recipeGroup: 2,
		ingredients: {
			"B": { type: "item", code: "fa-viking-body-iron-heavy-*",  
						name: "color", allowedVariants: [
					"plain",
					"blue",
					"red",
					"yellow",
					"green",
					"purple",
					"pink",
					"orange",
					"brown",
					"gray",
					"black",
					"white",
					"none",
					"bear-black",
					"bear-brown",
					"bear-polar"
				]
			},
			"P": { type: "item", code: "game:metalplate-iron"
			},
			"L": { type: "item", code: "game:leather-normal-plain"
			}
		},
		width: 2,
		height: 2,
		shapeless: true,
		copyAttributesFrom: 'B',
		averageDurability: false,
		name: "viking iron plate body repair",
		output: { type: "item", code: "fa-viking-body-iron-heavy-{color}"
		}
	},
	{
		ingredientPattern: "BL,P_",
		recipeGroup: 2,
		ingredients: {
			"B": { type: "item", code: "fa-viking-body-steel-light-*",  
						name: "color", allowedVariants: [
					"plain",
					"blue",
					"red",
					"yellow",
					"green",
					"purple",
					"pink",
					"orange",
					"brown",
					"gray",
					"black",
					"white",
					"none",
					"bear-black",
					"bear-brown",
					"bear-polar"
				]
			},
			"P": { type: "item", code: "game:metalchain-steel"
			},
			"L": { type: "item", code: "game:leather-normal-plain"
			}
		},
		width: 2,
		height: 2,
		shapeless: true,
		copyAttributesFrom: 'B',
		averageDurability: false,
		name: "viking steel plate body repair",
		output: { type: "item", code: "fa-viking-body-steel-light-{color}"
		}
	},
	{
		ingredientPattern: "BL,P_",
		recipeGroup: 2,
		ingredients: {
			"B": { type: "item", code: "fa-viking-body-meteoriciron-light-*",  
						name: "color", allowedVariants: [
					"plain",
					"blue",
					"red",
					"yellow",
					"green",
					"purple",
					"pink",
					"orange",
					"brown",
					"gray",
					"black",
					"white",
					"none",
					"bear-black",
					"bear-brown",
					"bear-polar"
				]
			},
			"P": { type: "item", code: "game:metalchain-meteoriciron"
			},
			"L": { type: "item", code: "game:leather-normal-plain"
			}
		},
		width: 2,
		height: 2,
		shapeless: true,
		copyAttributesFrom: 'B',
		averageDurability: false,
		name: "viking meteoric iron plate body repair",
		output: { type: "item", code: "fa-viking-body-meteoriciron-light-{color}"
		}
	},
	{
		ingredientPattern: "BL,P_",
		recipeGroup: 2,
		ingredients: {
			"B": { type: "item", code: "fa-viking-body-iron-light-*",  
						name: "color", allowedVariants: [
					"plain",
					"blue",
					"red",
					"yellow",
					"green",
					"purple",
					"pink",
					"orange",
					"brown",
					"gray",
					"black",
					"white",
					"none",
					"bear-black",
					"bear-brown",
					"bear-polar"
				]
			},
			"P": { type: "item", code: "game:metalchain-iron"
			},
			"L": { type: "item", code: "game:leather-normal-plain"
			}
		},
		width: 2,
		height: 2,
		shapeless: true,
		copyAttributesFrom: 'B',
		averageDurability: false,
		name: "viking iron plate body repair",
		output: { type: "item", code: "fa-viking-body-iron-light-{color}"
		}
	},
	{
		ingredientPattern: "BL,P_",
		recipeGroup: 2,
		ingredients: {
			"B": { type: "item", code: "fa-viking-legs-steel-heavy-*",  
						name: "color", allowedVariants: [
					"plain",
					"blue",
					"red",
					"yellow",
					"green",
					"purple",
					"pink",
					"orange",
					"brown",
					"gray",
					"black",
					"white",
					"none",
					"bear-black",
					"bear-brown",
					"bear-polar"
				]
			},
			"P": { type: "item", code: "game:metalplate-steel"
			},
			"L": { type: "item", code: "game:leather-normal-plain"
			}
		},
		width: 2,
		height: 2,
		shapeless: true,
		copyAttributesFrom: 'B',
		averageDurability: false,
		name: "viking steel plate legs repair",
		output: { type: "item", code: "fa-viking-legs-steel-heavy-{color}"
		}
	},
	{
		ingredientPattern: "BL,P_",
		recipeGroup: 2,
		ingredients: {
			"B": { type: "item", code: "fa-viking-legs-meteoriciron-heavy-*",  
						name: "color", allowedVariants: [
					"plain",
					"blue",
					"red",
					"yellow",
					"green",
					"purple",
					"pink",
					"orange",
					"brown",
					"gray",
					"black",
					"white",
					"none",
					"bear-black",
					"bear-brown",
					"bear-polar"
				]
			},
			"P": { type: "item", code: "game:metalplate-meteoriciron"
			},
			"L": { type: "item", code: "game:leather-normal-plain"
			}
		},
		width: 2,
		height: 2,
		shapeless: true,
		copyAttributesFrom: 'B',
		averageDurability: false,
		name: "viking meteoric iron plate legs repair",
		output: { type: "item", code: "fa-viking-legs-meteoriciron-heavy-{color}"
		}
	},
	{
		ingredientPattern: "BL,P_",
		recipeGroup: 2,
		ingredients: {
			"B": { type: "item", code: "fa-viking-legs-iron-heavy-*",  
						name: "color", allowedVariants: [
					"plain",
					"blue",
					"red",
					"yellow",
					"green",
					"purple",
					"pink",
					"orange",
					"brown",
					"gray",
					"black",
					"white",
					"none",
					"bear-black",
					"bear-brown",
					"bear-polar"
				]
			},
			"P": { type: "item", code: "game:metalplate-iron"
			},
			"L": { type: "item", code: "game:leather-normal-plain"
			}
		},
		width: 2,
		height: 2,
		shapeless: true,
		copyAttributesFrom: 'B',
		averageDurability: false,
		name: "viking iron plate legs repair",
		output: { type: "item", code: "fa-viking-legs-iron-heavy-{color}"
		}
	},
	{
		ingredientPattern: "BL,P_",
		recipeGroup: 2,
		ingredients: {
			"B": { type: "item", code: "fa-viking-legs-steel-light-*",  
						name: "color", allowedVariants: [
					"plain",
					"blue",
					"red",
					"yellow",
					"green",
					"purple",
					"pink",
					"orange",
					"brown",
					"gray",
					"black",
					"white",
					"none",
					"bear-black",
					"bear-brown",
					"bear-polar"
				]
			},
			"P": { type: "item", code: "game:metalchain-steel"
			},
			"L": { type: "item", code: "game:leather-normal-plain"
			}
		},
		width: 2,
		height: 2,
		shapeless: true,
		copyAttributesFrom: 'B',
		averageDurability: false,
		name: "viking steel plate legs repair",
		output: { type: "item", code: "fa-viking-legs-steel-light-{color}"
		}
	},
	{
		ingredientPattern: "BL,P_",
		recipeGroup: 2,
		ingredients: {
			"B": { type: "item", code: "fa-viking-legs-meteoriciron-light-*",  
						name: "color", allowedVariants: [
					"plain",
					"blue",
					"red",
					"yellow",
					"green",
					"purple",
					"pink",
					"orange",
					"brown",
					"gray",
					"black",
					"white",
					"none",
					"bear-black",
					"bear-brown",
					"bear-polar"
				]
			},
			"P": { type: "item", code: "game:metalchain-meteoriciron"
			},
			"L": { type: "item", code: "game:leather-normal-plain"
			}
		},
		width: 2,
		height: 2,
		shapeless: true,
		copyAttributesFrom: 'B',
		averageDurability: false,
		name: "viking meteoric iron plate legs repair",
		output: { type: "item", code: "fa-viking-legs-meteoriciron-light-{color}"
		}
	},
	{
		ingredientPattern: "BL,P_",
		recipeGroup: 2,
		ingredients: {
			"B": { type: "item", code: "fa-viking-legs-iron-light-*",  
						name: "color", allowedVariants: [
					"plain",
					"blue",
					"red",
					"yellow",
					"green",
					"purple",
					"pink",
					"orange",
					"brown",
					"gray",
					"black",
					"white",
					"none",
					"bear-black",
					"bear-brown",
					"bear-polar"
				]
			},
			"P": { type: "item", code: "game:metalchain-iron"
			},
			"L": { type: "item", code: "game:leather-normal-plain"
			}
		},
		width: 2,
		height: 2,
		shapeless: true,
		copyAttributesFrom: 'B',
		averageDurability: false,
		name: "viking iron plate legs repair",
		output: { type: "item", code: "fa-viking-legs-iron-light-{color}"
		}
	}
]