{
	"code": "wyvern",
	"class": "jaunt:entityflyingagent",
	"fallDamageMultiplierByType": { "*-baby-*" : 0, "*-autumnus" : 0},
	"variantgroups": [
		{ "code": "age", "states": [ "adult", "baby", "juvenile", "adolescent"]},
		{ "code": "gender", "states": [ "female", "male"]},
		{ "code": "type", "states": [ "autumnus"]}
	],
	"hitBoxSizeByType": {
		"*-adult-*-autumnus": { "x": 1.0, "y": 1.5, "z": 3.0 }, "*-baby-*-autumnus": { "x": 0.75, "y": 0.8 }, "*-juvenile-*-autumnus": { "x": 0.9, "y": 1.2 }, "*-adolescent-*-autumnus": { "x": 0.95, "y": 1.3 }
	},
	"deadhitBoxSizeByType": {
		"*-adult-*-autumnus": { "x": 2.0, "y": 1.5 }, "*-baby-*-autumnus": { "x": 0.99, "y": 0.8 }, "*-juvenile-*-autumnus": { "x": 1.2, "y": 1.2 }, "*-adolescent-*-autumnus": { "x": 1.3, "y": 1.3 }
	},
	"eyeHeightByType": {
		"*-adult-*-autumnus": 1.5, "*-baby-*-autumnus": 0.7, "*-juvenile-*-autumnus": 1.2, "*-adolescent-*-autumnus": 1.3
	},
	"attributes": {
		"tamedByType": { "*": false},
		"killedByInfoText": "deadcreature-killed",
		"basketCatchable": true,
		"trapChanceByType": {"*-baby-*":0.7, "*-juvenile-*":0.3, "*": 0.0 },
		"trapDestroyChanceByType": { "*-baby-*": 0.55, "*-juvenile-*": 0.75, "*": 0.0 },
		"minGenerationToAllowHealing": 0,
		"creatureDiet": {
			"foodCategories": ["Protein"],
			"foodTags": ["meat","fish","fishfillet","jerky","fisheggs","crabmeat","psfish","cod","shreddedchicken"]
		},
		"handbook": {
			"groupcode": "creaturegroup-wyvern-{type}"
		}
	},
	"behaviorConfigs": {
		"controlledphysics": {
			"stepHeight": 3.1251,
			"stepUpSpeed": 0.1
		},
		"floatupwhenstuck": { "onlyWhenDead": true },
		"rideableaccessories": {
			"wearableSlots": [
				{ "code": "TailStorage-{type}", "forCategoryCodes": ["draconicbridle"], "attachmentPointCode": "TailAP", "stepParentTo": { "": { "elementName": "TailStorage " } } },
				{ "code": "BackStorage-{type}", "forCategoryCodes": ["draconicmainbags"], "attachmentPointCode": "BackAP", "stepParentTo": { "": { "elementName": "BackStorage" } } },
				{ "code": "ShoulderStorage-{type}", "forCategoryCodes": ["draconicsidebags"], "attachmentPointCode": "ShoulderAP", "stepParentTo": { "": { "elementName": "ShoulderStorage" } } },
				{ "code": "LowerMidStorage-{type}", "forCategoryCodes": ["draconicblanket"], "attachmentPointCode": "LowerMidAP", "stepParentTo": { "": { "elementName": "LowerMidStorage" } } },
				{ "code": "NeckStorage-{type}", "forCategoryCodes": ["lantern"], "attachmentPointCode": "NeckAP", "stepParentTo": { "": { "elementName": "NeckStorage" } } },
				{ "code": "UpperNeckStorage-{type}", "forCategoryCodes": ["draconicmedallion"], "attachmentPointCode": "UpperNeckAP", "stepParentTo": { "": { "elementName": "UpperNeckStorage" } } },
				{ "code": "HindStorage-{type}", "forCategoryCodes": ["bedroll"], "attachmentPointCode": "HindAP", "stepParentTo": { "": { "elementName": "HindStorage" } } },
				{ "code": "MidStorage-{type}", "forCategoryCodes": ["draconicharness"], "attachmentPointCode": "MidAP", "stepParentTo": { "": { "elementName": "MidStorage" } } }
			]},
		"selectionboxes": {
			"selectionBoxes": ["TailAP","BackAP","ShoulderAP", "LowerMidAP","NeckAP","UpperNeckAP","HindAP","MidAP"]
		},
		"jaunt:gait": {
			"idleGait": "idle",
			"idleFlyingGait": "hover",
			"idleSwimmingGait": "swim",
			"flyingGaitDrag": 0.25,
			"swimmingGaitDrag": 0.05,
			"groundGaitDrag": 0,
			"gaits": [
				{
					"code": "walkback",
					"environment": "land",
					"yawMultiplier": 1,
					"backwards": true,
					"staminaCost": 0.0,
					"iconTexture": "hud/walkback.svg",
					"movespeedByType": { "*-autumnus": 0.017 }
				},
				{
					"code": "idle",
					"environment": "land",
					"yawMultiplier": 1.25,
					"iconTexture": "hud/idle.svg"
				},
				{
					"code": "walk",
					"environment": "land",
					"yawMultiplier": 1,
					"staminaCost": 0.0,
					"iconTexture": "hud/walk.svg",
					"movespeedByType": { "*-autumnus": 0.017 }
				},
				{
					"code": "sprint",
					"environment": "land",
					"yawMultiplier": 0.5,
					"staminaCost": 0.2,
					"fallbackGaitCode": "walk",
					"sound": "draconis:sounds/stomp",
					"movespeedByType": { "*-autumnus": 0.16 }
				},

				{
					"code": "flyback",
					"environment": "air",
					"yawMultiplier": 1,
					"backwards": true,
					"staminaCost": 0.0,
					"movespeedByType": { "*-autumnus": 0.015 },
					"sound": "draconis:sounds/flying"
				},
				{
					"code": "hover",
					"environment": "air",
					"yawMultiplier": 1.25,
					"staminaCost": 0.0,
					"sound": "draconis:sounds/flying"
				},
				{
					"code": "glide",
					"environment": "air",
					"yawMultiplier": 0.75,
					"ascendSpeed": 1,
					"descendSpeed": 6,
					"staminaCost": 0.0,
					"movespeedByType": { "*-autumnus": 0.04 },
					"sound": "draconis:sounds/glide"
				},
				{
					"code": "glideflap",
					"environment": "air",
					"yawMultiplier": 0.5,
					"ascendSpeed": 2,
					"descendSpeed": 5,
					"staminaCost": 0.1,
					"fallbackGaitCode": "glide",
					"movespeedByType": { "*-autumnus": 0.065 },
					"sound": "draconis:sounds/glide"
				},
				{
					"code": "fly",
					"environment": "air",
					"yawMultiplier": 0.25,
					"ascendSpeed": 4,
					"descendSpeed": 5,
					"staminaCost": 0.2,
					"fallbackGaitCode": "glideflap",
					"movespeedByType": { "*-autumnus": 0.08 },
					"sound": "draconis:sounds/flying"
				},
				{
					"code": "dive",
					"environment": "air",
					"descendSpeed": 10,
					"staminaCost": 0.0,
					"fallbackGaitCode": "hover",
					"movespeedByType": { "*-autmnus": 0.025 },
					"sound": "draconis:sounds/glide"
				},

				{
					"code": "jump",
					"environment": "land",
					"yawMultiplier": 1,
					"staminaCost": 0.0,
					"movespeedByType": { "*-autumnus": 0.16 }
				},

				{
					"code": "swimback",
					"environment": "sea",
					"yawMultiplier": 1,
					"backwards": true,
					"movespeedByType": { "*-autumnus": 0.012 }
				},
				{
					"code": "swim",
					"environment": "sea",
					"yawMultiplier": 1,
					"movespeedByType": { "*-autumnus": 0.012 }
				}
			]
		},
		"jaunt:rideable": {
			"interactMountAnySeat": false,
			"seats": [
				{ "apName": "Rider", "selectionBox": "MidAP", "bodyYawLimit": 0.2, "controllable": true,
					"mountOffsetByType": { "*-female-autumnus": { "x":-0.1, "y":-0.4, "z":0}, "*-male-autumnus": { "x":-0.17, "y":-0.57, "z":0},
						"*": { "x":0, "y":-0.4, "z":0} } }
			],
			"rideableGaitOrder": ["walkback", "idle", "walk", "sprint"],
			"flyableGaitOrder": [ "flyback", "hover", "glide", "glideflap", "fly" ],
			"controls": {
				"walkback": {
					"movespeedmultiplier": 1,
					"animation": "WalkBack",
					"weight": 10,
					"animationSpeedByType": {
						"*-autumnus": 1.2
					},
					"easeInSpeed": 1,
					"easeOutSpeed": 3,
					"blendMode": "Average",
					"riderAnim": {
						"animation": "ridewyvern-rideground",
						"animationSpeed": 1,
						"weight": 1,
						"withFpVariant": true,
						"blendMode": "Average",
						"elementWeight": {
							"LowerTorso": 80,
							"UpperTorso": 80,
							"UpperFootR": 80,
							"UpperFootL": 80,
							"LowerFootR": 80,
							"LowerFootL": 80
						},
						"elementBlendMode": {
							"LowerTorso": "Average",
							"UpperTorso": "Average",
							"UpperFootR": "Average",
							"UpperFootL": "Average",
							"LowerFootR": "Average",
							"LowerFootL": "Average"
						}
					}
				},
				"idle": {
					"weight": 1,
					"riderAnim": {
						"animation": "ridewyvern-rideground",
						"animationSpeed": 1,
						"weight": 1,
						"withFpVariant": true,
						"blendMode": "Average",
						"elementWeight": {
							"LowerTorso": 80,
							"UpperTorso": 80,
							"UpperFootR": 80,
							"UpperFootL": 80,
							"LowerFootR": 80,
							"LowerFootL": 80
						},
						"elementBlendMode": {
							"LowerTorso": "Average",
							"UpperTorso": "Average",
							"UpperFootR": "Average",
							"UpperFootL": "Average",
							"LowerFootR": "Average",
							"LowerFootL": "Average"
						}
					}
				},
				"walk": {
					"movespeedmultiplier": 1,
					"animation": "Walk",
					"weight": 10,
					"animationSpeedByType": {
						"*-autumnus": 1.125
					},
					"blendMode": "Average",
					"riderAnim": {
						"animation": "ridewyvern-rideground",
						"animationSpeed": 1,
						"weight": 1,
						"withFpVariant": true,
						"blendMode": "Average",
						"elementWeight": {
							"LowerTorso": 80,
							"UpperTorso": 80,
							"UpperFootR": 80,
							"UpperFootL": 80,
							"LowerFootR": 80,
							"LowerFootL": 80
						},
						"elementBlendMode": {
							"LowerTorso": "Average",
							"UpperTorso": "Average",
							"UpperFootR": "Average",
							"UpperFootL": "Average",
							"LowerFootR": "Average",
							"LowerFootL": "Average"
						}
					}
				},
				"sprint": {
					"movespeedmultiplier": 0.75,
					"animation": "Run",
					"easeOutSpeed": 4,
					"weight": 10,
					"animationSpeedByType": {
						"*-autumnus": 3
					},
					"blendMode": "Average",
					"riderAnim": {
						"animation": "ridewyvern-rideground",
						"animationSpeed": 2,
						"weight": 1,
						"withFpVariant": true,
						"blendMode": "Average",
						"elementWeight": {
							"LowerTorso": 80,
							"UpperTorso": 80,
							"UpperFootR": 80,
							"UpperFootL": 80,
							"LowerFootR": 80,
							"LowerFootL": 80
						},
						"elementBlendMode": {
							"LowerTorso": "Average",
							"UpperTorso": "Average",
							"UpperFootR": "Average",
							"UpperFootL": "Average",
							"LowerFootR": "Average",
							"LowerFootL": "Average"
						}
					}
				},

				"flyback": {
					"movespeedmultiplier": 1,
					"animation": "Hoverback",
					"weight": 10,
					"animationSpeedByType": {
						"*-autumnus": 1.2
					},
					"easeInSpeed": 1,
					"easeOutSpeed": 3,
					"blendMode": "Average",
					"riderAnim": {
						"animation": "ridewyvern-hover",
						"animationSpeed": 1,
						"weight": 1,
						"withFpVariant": true,
						"blendMode": "Average",
						"elementWeight": {
							"LowerTorso": 80,
							"UpperTorso": 80,
							"UpperFootR": 80,
							"UpperFootL": 80,
							"LowerFootR": 80,
							"LowerFootL": 80
						},
						"elementBlendMode": {
							"LowerTorso": "Average",
							"UpperTorso": "Average",
							"UpperFootR": "Average",
							"UpperFootL": "Average",
							"LowerFootR": "Average",
							"LowerFootL": "Average"
						}
					}
				},
				"hover": {
					"weight": 1,
					"animation": "Hover",
					"riderAnim": {
						"animation": "ridewyvern-hover",
						"animationSpeed": 1,
						"weight": 1,
						"withFpVariant": true,
						"blendMode": "Average",
						"elementWeight": {
							"LowerTorso": 80,
							"UpperTorso": 80,
							"UpperFootR": 80,
							"UpperFootL": 80,
							"LowerFootR": 80,
							"LowerFootL": 80
						},
						"elementBlendMode": {
							"LowerTorso": "Average",
							"UpperTorso": "Average",
							"UpperFootR": "Average",
							"UpperFootL": "Average",
							"LowerFootR": "Average",
							"LowerFootL": "Average"
						}
					}
				},
				"glide": {
					"movespeedmultiplier": 0.9,
					"animation": "Glide",
					"easeOutSpeed": 4,
					"weight": 10,
					"animationSpeedByType": {
						"*-autumnus": 2
					},
					"blendMode": "Average",
					"riderAnim": {
						"animation": "ridewyvern-ride",
						"animationSpeed": 2,
						"weight": 1,
						"withFpVariant": true,
						"blendMode": "Average",
						"elementWeight": {
							"LowerTorso": 80,
							"UpperTorso": 80,
							"UpperFootR": 80,
							"UpperFootL": 80,
							"LowerFootR": 80,
							"LowerFootL": 80
						},
						"elementBlendMode": {
							"LowerTorso": "Average",
							"UpperTorso": "Average",
							"UpperFootR": "Average",
							"UpperFootL": "Average",
							"LowerFootR": "Average",
							"LowerFootL": "Average"
						}
					}
				},
				"glideflap": {
					"movespeedmultiplier": 0.85,
					"animation": "GlideFlap",
					"easeOutSpeed": 4,
					"weight": 10,
					"animationSpeedByType": {
						"*-autumnus": 2
					},
					"blendMode": "Average",
					"riderAnim": {
						"animation": "ridewyvern-ride",
						"animationSpeed": 2,
						"weight": 1,
						"withFpVariant": true,
						"blendMode": "Average",
						"elementWeight": {
							"LowerTorso": 80,
							"UpperTorso": 80,
							"UpperFootR": 80,
							"UpperFootL": 80,
							"LowerFootR": 80,
							"LowerFootL": 80
						},
						"elementBlendMode": {
							"LowerTorso": "Average",
							"UpperTorso": "Average",
							"UpperFootR": "Average",
							"UpperFootL": "Average",
							"LowerFootR": "Average",
							"LowerFootL": "Average"
						}
					}
				},
				"fly": {
					"movespeedmultiplier": 0.75,
					"animation": "Fly",
					"weight": 10,
					"animationSpeedByType": {
						"*-autumnus": 1.125
					},
					"blendMode": "Average",
					"riderAnim": {
						"animation": "ridewyvern-ride",
						"animationSpeed": 1,
						"weight": 1,
						"withFpVariant": true,
						"blendMode": "Average",
						"elementWeight": {
							"LowerTorso": 80,
							"UpperTorso": 80,
							"UpperFootR": 80,
							"UpperFootL": 80,
							"LowerFootR": 80,
							"LowerFootL": 80
						},
						"elementBlendMode": {
							"LowerTorso": "Average",
							"UpperTorso": "Average",
							"UpperFootR": "Average",
							"UpperFootL": "Average",
							"LowerFootR": "Average",
							"LowerFootL": "Average"
						}
					}
				},

				"jump": {
					"movespeedmultiplier": 0.75,
					"animation": "Hover",
					"weight": 100,
					"blendMode": "Average",
					"animationSpeed": 1.4,
					"easeOutSpeed": 40,
					"easeInSpeed": 40,
					"riderAnim": {
						"animation": "ridewyvern-ride",
						"animationSpeed": 1,
						"weight": 10,
						"withFpVariant": true,
						"blendMode": "Average",
						"elementWeight": {
							"LowerTorso": 160,
							"UpperTorso": 160,
							"UpperFootR": 160,
							"UpperFootL": 160,
							"LowerFootR": 160,
							"LowerFootL": 160
						},
						"elementBlendMode": {
							"LowerTorso": "Average",
							"UpperTorso": "Average",
							"UpperFootR": "Average",
							"UpperFootL": "Average",
							"LowerFootR": "Average",
							"LowerFootL": "Average"
						}
					}
				},

				"swim": {
					"movespeedmultiplier": 1,
					"animation": "Swim",
					"animationSpeed": 1,
					"weight": 10,
					"blendMode": "Average",
					"riderAnim": {
						"animation": "ridewyvern-ride",
						"animationSpeed": 1,
						"weight": 1,
						"withFpVariant": true,
						"blendMode": "Average",
						"elementWeight": {
							"LowerTorso": 80,
							"UpperTorso": 80,
							"UpperFootR": 80,
							"UpperFootL": 80,
							"LowerFootR": 80,
							"LowerFootL": 80
						},
						"elementBlendMode": {
							"LowerTorso": "Average",
							"UpperTorso": "Average",
							"UpperFootR": "Average",
							"UpperFootL": "Average",
							"LowerFootR": "Average",
							"LowerFootL": "Average"
						}
					}
				},
				"swimback": {
					"movespeedmultiplier": 1,
					"animation": "Swim",
					"animationSpeed": 1,
					"weight": 10,
					"blendMode": "Average",
					"riderAnim": {
						"animation": "ridewyvern-ride",
						"animationSpeed": 1,
						"weight": 1,
						"withFpVariant": true,
						"blendMode": "Average",
						"elementWeight": {
							"LowerTorso": 80,
							"UpperTorso": 80,
							"UpperFootR": 80,
							"UpperFootL": 80,
							"LowerFootR": 80,
							"LowerFootL": 80
						},
						"elementBlendMode": {
							"LowerTorso": "Average",
							"UpperTorso": "Average",
							"UpperFootR": "Average",
							"UpperFootL": "Average",
							"LowerFootR": "Average",
							"LowerFootL": "Average"
						}
					}
				}
			}
		},
		"jaunt:stamina": {
			"maxStamina": 300,
			"sprintFatigue": 0.2,
			"swimFatigue": 0.2,
			"baseFatigueRate": 1,
			"exhaustionThreshold": 0.5,
			"staminaRegenRate": 1,
			"regenPenaltyWounded": 0.5,
			"regenPenaltyMounted": 0.3
		},
		"health": {
			"currenthealthByType": {
				"*-adult-female-autumnus": 120, "*-adult-male-autumnus": 116, "*-baby-*-autumnus": 16, "*-juvenile-*-autumnus": 32, "*-adolescent-*-autumnus": 66
			},
			"maxhealthByType": {
				"*-adult-female-autumnus": 120, "*-adult-male-autumnus": 116, "*-baby-*-autumnus": 16, "*-juvenile-*-autumnus": 32, "*-adolescent-*-autumnus": 66
			}
		},
		"ownable": {
			"groupCode": "wyvern"
		}
	},
	"drops": [],
	"client": {
		"renderer": "Shape",
		"shapeByType": {
			"*-adult-male-autumnus": { "base": "entity/autumnus/wyvern", "overlays": [ { "base": "entity/autumnus/horns-v1" }]},
			"*-adult-female-autumnus": { "base": "entity/autumnus/wyvern", "overlays": [ { "base": "entity/autumnus/horns-v2" }]},
			"*-baby-*-autumnus": { "base": "entity/autumnus/wyvern"},
			"*-juvenile-*-autumnus": { "base": "entity/autumnus/wyvern"},
			"*-adolescent-*-autumnus": { "base": "entity/autumnus/wyvern", "overlays": [ { "base": "entity/autumnus/horns-v2" }]}
		},
		"texturesByType": {
			"*-adult-*-autumnus":{
				"skin": {"base":"entity/autumnus/sugarmaple", "alternates": [{"base":"entity/autumnus/silvermaple"},{"base":"entity/autumnus/redmaple"}]},
				"horn": {"base":"game:item/tool/material/iron"}
			},
			"*-adolescent-*-autumnus":{
				"skin": {"base":"entity/autumnus/solar"},
				"horn": {"base":"game:item/tool/material/iron"}
			},
			"*-juvenile-*-autumnus": { "skin": {"base": "entity/autumnus/rathian"}},
			"*-baby-*-autumnus": {"skin":{"base": "entity/autumnus/bud"}
			}},
		"sizeByType": {
			"*-adult-female-autumnus": 1, "*-adult-male-autumnus": 0.9, "*-baby-*-autumnus": 0.2, "*-juvenile-*-autumnus": 0.4, "*-adolescent-*-autumnus": 0.6
		},
		"behaviors": [
			{ "code": "repulseagents" },
			{ "code": "controlledphysics", "stepHeight": 3.1251},
			{ "code": "floatupwhenstuck", "onlyWhenDead": true},
			{ "code": "interpolateposition" },
			{ "code": "health" },
			{ "code": "harvestable", "quantitySlots": 8},
			{ "code": "multiply", "enabledByType": { "*-adult-female-*": true, "*": false } },
			{ "code": "ownable", "enabledByType": {"*": true}},
			{ "code": "selectionboxes", "enabledByType": {"*-adult-*": true, "*": false}},
			{ "code": "rideableaccessories", "enabledByType": {"*-adult-*": true, "*": false }},
			{ "code": "jaunt:gait" },
			{ "code": "jaunt:rideable", "enabledByType": {"*-adult-*": true, "*": false}},
			{ "code": "jaunt:stamina" },
			{ "code": "ropetieable" }
		],
		"animations": [
			{ "code": "attack", "animation": "attack", "animationSpeed": 1.2, "weight": 10, "blendMode": "AddAverage" },
			{ "code": "dead", "animation": "dead", "weight": 10, "blendMode": "Average" },
			{ "code": "die", "animation": "die", "animationSpeed": 0.75, "weight": 10, "blendMode": "Average", "triggeredBy": { "onControls": [ "dead" ] }},
			{ "code": "eat", "animation": "eat", "easeOutSpeed": 10, "blendMode": "Average" },
			{ "code": "hurt", "animation": "hurt", "animationSpeed": 1, "weight": 10, "blendMode": "AddAverage" },
			{ "code": "idle", "animation": "idle", "animationSpeed": 1, "blendMode": "AddAverage", "easeOutSpeed": 4, "triggeredBy": { "defaultAnim": true }},
			{ "code": "idle-turn-left", "animation": "idle-turn-left", "easeInSpeed": 3, "easeOutSpeed": 10, "weight": 0.01, "blendMode": "Average", "elementWeight": { "Head Origin": 5, "Chest": 5, "Neck1": 5, "Neck2": 5, "Neck3": 5, "Neck4": 5, "Neck5": 5, "Tail":5, "Tail2":5, "Tail3":5, "Tail4":5, "Tail5":5, "Tail6":5, "Tail7":5, "Tail8":5, "Tail9":5}, "elementBlendMode": { "Head Origin": "AddAverage", "Chest": "AddAverage", "Neck1": "AddAverage", "Neck2": "AddAverage", "Neck3": "AddAverage", "Neck4": "AddAverage", "Neck5": "AddAverage", "Tail":"AddAverage", "Tail2":"AddAverage", "Tail3":"AddAverage", "Tail4":"AddAverage", "Tail5":"AddAverage", "Tail6":"AddAverage", "Tail7":"AddAverage", "Tail8":"AddAverage", "Tail9":"AddAverage" }},
			{ "code": "idle-turn-right", "animation": "idle-turn-right", "easeInSpeed": 3, "easeOutSpeed": 10, "weight": 0.01, "blendMode": "Average", "elementWeight": { "Head Origin": 5, "Chest": 5, "Neck1": 5, "Neck2": 5, "Neck3": 5, "Neck4": 5, "Neck5": 5, "Tail":5, "Tail2":5, "Tail3":5, "Tail4":5, "Tail5":5, "Tail6":5, "Tail7":5, "Tail8":5, "Tail9":5}, "elementBlendMode": { "Head Origin": "AddAverage", "Chest": "AddAverage", "Neck1": "AddAverage", "Neck2": "AddAverage", "Neck3": "AddAverage", "Neck4": "AddAverage", "Neck5": "AddAverage", "Tail":"AddAverage", "Tail2":"AddAverage", "Tail3":"AddAverage", "Tail4":"AddAverage", "Tail5":"AddAverage", "Tail6":"AddAverage", "Tail7":"AddAverage", "Tail8":"AddAverage", "Tail9":"AddAverage" }},
			{ "code": "jump", "animation": "hover", "animationSpeed": 1.4, "weight": 100, "blendMode": "Average", "easeOutSpeed": 40 },
			{ "code": "sit", "animation": "sit", "easeInSpeed": 4, "easeOutSpeed": 4, "blendMode": "Average" },
			{ "code": "sleep", "animation": "sleep", "easeInSpeed": 4, "easeOutSpeed": 4, "weight": 5, "blendMode": "Average" },
			{ "code": "bask", "animation": "bask", "easeInSpeed": 4, "easeOutSpeed": 4,"supressDefaultAnimation": true, "weight": 5, "blendMode": "Average" },
			{ "code": "greet", "animation": "greet", "easeInSpeed": 4, "easeOutSpeed": 4,"supressDefaultAnimation": true, "weight": 5, "blendMode": "Average" },
			{ "code": "swim", "animation": "swim", "easeInSpeed": 4, "easeOutSpeed": 4, "supressDefaultAnimation": true, "blendMode": "Average" },
			{ "code": "run", "animation": "run", "easeInSpeed": 4, "easeOutSpeed": 4, "supressDefaultAnimation": true, "blendMode": "Average" },
			{ "code": "turn-left", "animation": "turn-left-low", "easeInSpeed": 3, "easeOutSpeed": 10, "weight": 0.01, "blendMode": "Average", "elementWeight": { "Head Origin": 80, "Chest": 80, "Neck1": 80, "Neck2": 80, "Neck3": 80, "Neck4": 80, "Neck5": 80, "Tail":80, "Tail2":80, "Tail3":80, "Tail4":80, "Tail5":80, "Tail6":80, "Tail7":80, "Tail8":80, "Tail9":80}, "elementBlendMode": { "Head Origin": "AddAverage", "Chest": "AddAverage", "Neck1": "AddAverage", "Neck2": "AddAverage", "Neck3": "AddAverage", "Neck4": "AddAverage", "Neck5": "AddAverage", "Tail":"AddAverage", "Tail2":"AddAverage", "Tail3":"AddAverage", "Tail4":"AddAverage", "Tail5":"AddAverage", "Tail6":"AddAverage", "Tail7":"AddAverage", "Tail8":"AddAverage", "Tail9":"AddAverage" }},
			{ "code": "turn-right", "animation": "turn-right-low", "easeInSpeed": 3, "easeOutSpeed": 10, "weight": 0.01, "blendMode": "Average", "elementWeight": { "Head Origin": 80, "Chest": 80, "Neck1": 80, "Neck2": 80, "Neck3": 80, "Neck4": 80, "Neck5": 80, "Tail":80, "Tail2":80, "Tail3":80, "Tail4":80, "Tail5":80, "Tail6":80, "Tail7":80, "Tail8":80, "Tail9":80}, "elementBlendMode": { "Head Origin": "AddAverage", "Chest": "AddAverage", "Neck1": "AddAverage", "Neck2": "AddAverage", "Neck3": "AddAverage", "Neck4": "AddAverage", "Neck5": "AddAverage", "Tail":"AddAverage", "Tail2":"AddAverage", "Tail3":"AddAverage", "Tail4":"AddAverage", "Tail5":"AddAverage", "Tail6":"AddAverage", "Tail7":"AddAverage", "Tail8":"AddAverage", "Tail9":"AddAverage" }},
			{ "code": "fly-turn-left", "animation": "fly-turn-left", "easeInSpeed": 3, "weight": 10, "easeOutSpeed": 10, "blendMode": "Average",
				"elementWeight": {
					"Head Origin": 80,
					"WingOrigin": 0.1,
					"LShoulder": 0.1, "LArm": 0.1, "Lforearm": 0.1,
					"Lfingie": 0.1, "Lfingie2": 0.1, "Lfingie3": 0.1, "Lfingie4": 0.1,
					"Lfingiewing": 0.1, "Lfingiewing2": 0.1, "Lfingiewing3": 0.1, "Lfingiewing4": 0.1, "Lfingiewing5": 0.1, "Lfingiewing6": 0.1,
					"Lforearmwing": 0.1, "Lforearmwing2": 0.1, "LArmwing": 0.1,
					"RShoulder": 0.1, "RArm": 0.1, "Rforearm": 0.1,
					"Rfingie": 0.1, "Rfingie2": 0.1, "Rfingie3": 0.1, "Rfingie4": 0.1,
					"Rfingiewing": 0.1, "Rfingiewing2": 0.1, "Rfingiewing3": 0.1, "Rfingiewing4": 0.1, "Rfingiewing5": 0.1, "Rfingiewing6": 0.1,
					"Rforearmwing": 0.1, "Rforearmwing2": 0.1, "RArmwing": 0.1,
					"Chest": 80,
					"Neck1": 80, "Neck2": 80, "Neck3": 80, "Neck4": 80, "Neck5": 80,
					"Tail":80, "Tail2":80, "Tail3":80, "Tail4":80, "Tail5":80, "Tail6":80, "Tail7":80, "Tail8":80, "Tail9":80
				},
				"elementBlendMode": {
					"Head Origin": "AddAverage",
					"WingOrigin": "AddAverage",
					"LShoulder": "AddAverage", "LArm": "AddAverage", "Lforearm": "AddAverage",
					"Lfingie": "AddAverage", "Lfingie2": "AddAverage", "Lfingie3": "AddAverage", "Lfingie4": "AddAverage",
					"Lfingiewing": "AddAverage", "Lfingiewing2": "AddAverage", "Lfingiewing3": "AddAverage", "Lfingiewing4": "AddAverage", "Lfingiewing5": "AddAverage", "Lfingiewing6": "AddAverage",
					"Lforearmwing": "AddAverage", "Lforearmwing2": "AddAverage", "LArmwing": "AddAverage",
					"RShoulder": "AddAverage", "RArm": "AddAverage", "Rforearm": "AddAverage",
					"Rfingie": "AddAverage", "Rfingie2": "AddAverage", "Rfingie3": "AddAverage", "Rfingie4": "AddAverage",
					"Rfingiewing": "AddAverage", "Rfingiewing2": "AddAverage", "Rfingiewing3": "AddAverage", "Rfingiewing4": "AddAverage", "Rfingiewing5": "AddAverage", "Rfingiewing6": "AddAverage",
					"Rforearmwing": "AddAverage", "Rforearmwing2": "AddAverage", "RArmwing": "AddAverage",
					"Chest": "AddAverage",
					"Neck1": "AddAverage", "Neck2": "AddAverage", "Neck3": "AddAverage", "Neck4": "AddAverage", "Neck5": "AddAverage",
					"Tail":"AddAverage", "Tail2":"AddAverage", "Tail3":"AddAverage", "Tail4":"AddAverage", "Tail5":"AddAverage", "Tail6":"AddAverage", "Tail7":"AddAverage", "Tail8":"AddAverage", "Tail9":"AddAverage"
				}
			},
			{ "code": "fly-turn-right", "animation": "fly-turn-right", "easeInSpeed": 3, "weight": 10, "easeOutSpeed": 10, "blendMode": "Average",
				"elementWeight": {
					"Head Origin": 80,
					"WingOrigin": 0.1,
					"LShoulder": 0.1, "LArm": 0.1, "Lforearm": 0.1,
					"Lfingie": 0.1, "Lfingie2": 0.1, "Lfingie3": 0.1, "Lfingie4": 0.1,
					"Lfingiewing": 0.1, "Lfingiewing2": 0.1, "Lfingiewing3": 0.1, "Lfingiewing4": 0.1, "Lfingiewing5": 0.1, "Lfingiewing6": 0.1,
					"Lforearmwing": 0.1, "Lforearmwing2": 0.1, "LArmwing": 0.1,
					"RShoulder": 0.1, "RArm": 0.1, "Rforearm": 0.1,
					"Rfingie": 0.1, "Rfingie2": 0.1, "Rfingie3": 0.1, "Rfingie4": 0.1,
					"Rfingiewing": 0.1, "Rfingiewing2": 0.1, "Rfingiewing3": 0.1, "Rfingiewing4": 0.1, "Rfingiewing5": 0.1, "Rfingiewing6": 0.1,
					"Rforearmwing": 0.1, "Rforearmwing2": 0.1, "RArmwing": 0.1,
					"Chest": 80,
					"Neck1": 80, "Neck2": 80, "Neck3": 80, "Neck4": 80, "Neck5": 80,
					"Tail":80, "Tail2":80, "Tail3":80, "Tail4":80, "Tail5":80, "Tail6":80, "Tail7":80, "Tail8":80, "Tail9":80
				},
				"elementBlendMode": {
					"Head Origin": "AddAverage",
					"WingOrigin": "AddAverage",
					"LShoulder": "AddAverage", "LArm": "AddAverage", "Lforearm": "AddAverage",
					"Lfingie": "AddAverage", "Lfingie2": "AddAverage", "Lfingie3": "AddAverage", "Lfingie4": "AddAverage",
					"Lfingiewing": "AddAverage", "Lfingiewing2": "AddAverage", "Lfingiewing3": "AddAverage", "Lfingiewing4": "AddAverage", "Lfingiewing5": "AddAverage", "Lfingiewing6": "AddAverage",
					"Lforearmwing": "AddAverage", "Lforearmwing2": "AddAverage", "LArmwing": "AddAverage",
					"RShoulder": "AddAverage", "RArm": "AddAverage", "Rforearm": "AddAverage",
					"Rfingie": "AddAverage", "Rfingie2": "AddAverage", "Rfingie3": "AddAverage", "Rfingie4": "AddAverage",
					"Rfingiewing": "AddAverage", "Rfingiewing2": "AddAverage", "Rfingiewing3": "AddAverage", "Rfingiewing4": "AddAverage", "Rfingiewing5": "AddAverage", "Rfingiewing6": "AddAverage",
					"Rforearmwing": "AddAverage", "Rforearmwing2": "AddAverage", "RArmwing": "AddAverage",
					"Chest": "AddAverage",
					"Neck1": "AddAverage", "Neck2": "AddAverage", "Neck3": "AddAverage", "Neck4": "AddAverage", "Neck5": "AddAverage",
					"Tail":"AddAverage", "Tail2":"AddAverage", "Tail3":"AddAverage", "Tail4":"AddAverage", "Tail5":"AddAverage", "Tail6":"AddAverage", "Tail7":"AddAverage", "Tail8":"AddAverage", "Tail9":"AddAverage"
				}
			},
			{ "code": "fly-up", "animation": "fly-up", "easeInSpeed": 3, "easeOutSpeed": 10, "weight": 10, "blendMode": "Average",
				"elementWeight": {
					"Head Origin": 80,
					"WingOrigin": 0.1,
					"LShoulder": 0.1, "LArm": 0.1, "Lforearm": 0.1,
					"Lfingie": 0.1, "Lfingie2": 0.1, "Lfingie3": 0.1, "Lfingie4": 0.1,
					"Lfingiewing": 0.1, "Lfingiewing2": 0.1, "Lfingiewing3": 0.1, "Lfingiewing4": 0.1, "Lfingiewing5": 0.1, "Lfingiewing6": 0.1,
					"Lforearmwing": 0.1, "Lforearmwing2": 0.1, "LArmwing": 0.1,
					"RShoulder": 0.1, "RArm": 0.1, "Rforearm": 0.1,
					"Rfingie": 0.1, "Rfingie2": 0.1, "Rfingie3": 0.1, "Rfingie4": 0.1,
					"Rfingiewing": 0.1, "Rfingiewing2": 0.1, "Rfingiewing3": 0.1, "Rfingiewing4": 0.1, "Rfingiewing5": 0.1, "Rfingiewing6": 0.1,
					"Rforearmwing": 0.1, "Rforearmwing2": 0.1, "RArmwing": 0.1,
					"Chest": 80,
					"Neck1": 80, "Neck2": 80, "Neck3": 80, "Neck4": 80, "Neck5": 80,
					"Tail":80, "Tail2":80, "Tail3":80, "Tail4":80, "Tail5":80, "Tail6":80, "Tail7":80, "Tail8":80, "Tail9":80
				},
				"elementBlendMode": {
					"Head Origin": "AddAverage",
					"WingOrigin": "AddAverage",
					"LShoulder": "AddAverage", "LArm": "AddAverage", "Lforearm": "AddAverage",
					"Lfingie": "AddAverage", "Lfingie2": "AddAverage", "Lfingie3": "AddAverage", "Lfingie4": "AddAverage",
					"Lfingiewing": "AddAverage", "Lfingiewing2": "AddAverage", "Lfingiewing3": "AddAverage", "Lfingiewing4": "AddAverage", "Lfingiewing5": "AddAverage", "Lfingiewing6": "AddAverage",
					"Lforearmwing": "AddAverage", "Lforearmwing2": "AddAverage", "LArmwing": "AddAverage",
					"RShoulder": "AddAverage", "RArm": "AddAverage", "Rforearm": "AddAverage",
					"Rfingie": "AddAverage", "Rfingie2": "AddAverage", "Rfingie3": "AddAverage", "Rfingie4": "AddAverage",
					"Rfingiewing": "AddAverage", "Rfingiewing2": "AddAverage", "Rfingiewing3": "AddAverage", "Rfingiewing4": "AddAverage", "Rfingiewing5": "AddAverage", "Rfingiewing6": "AddAverage",
					"Rforearmwing": "AddAverage", "Rforearmwing2": "AddAverage", "RArmwing": "AddAverage",
					"Chest": "AddAverage",
					"Neck1": "AddAverage", "Neck2": "AddAverage", "Neck3": "AddAverage", "Neck4": "AddAverage", "Neck5": "AddAverage",
					"Tail":"AddAverage", "Tail2":"AddAverage", "Tail3":"AddAverage", "Tail4":"AddAverage", "Tail5":"AddAverage", "Tail6":"AddAverage", "Tail7":"AddAverage", "Tail8":"AddAverage", "Tail9":"AddAverage"
				}
			},
			{ "code": "fly-down", "animation": "fly-down", "easeInSpeed": 3, "easeOutSpeed": 10, "weight": 1, "blendMode": "Average",
				"elementWeight": {
					"Head Origin": 80,
					"WingOrigin": 0.1,
					"LShoulder": 0.1, "LArm": 0.1, "Lforearm": 0.1,
					"Lfingie": 0.1, "Lfingie2": 0.1, "Lfingie3": 0.1, "Lfingie4": 0.1,
					"Lfingiewing": 0.1, "Lfingiewing2": 0.1, "Lfingiewing3": 0.1, "Lfingiewing4": 0.1, "Lfingiewing5": 0.1, "Lfingiewing6": 0.1,
					"Lforearmwing": 0.1, "Lforearmwing2": 0.1, "LArmwing": 0.1,
					"RShoulder": 0.1, "RArm": 0.1, "Rforearm": 0.1,
					"Rfingie": 0.1, "Rfingie2": 0.1, "Rfingie3": 0.1, "Rfingie4": 0.1,
					"Rfingiewing": 0.1, "Rfingiewing2": 0.1, "Rfingiewing3": 0.1, "Rfingiewing4": 0.1, "Rfingiewing5": 0.1, "Rfingiewing6": 0.1,
					"Rforearmwing": 0.1, "Rforearmwing2": 0.1, "RArmwing": 0.1,
					"Chest": 80,
					"Neck1": 80, "Neck2": 80, "Neck3": 80, "Neck4": 80, "Neck5": 80,
					"Tail":80, "Tail2":80, "Tail3":80, "Tail4":80, "Tail5":80, "Tail6":80, "Tail7":80, "Tail8":80, "Tail9":80
				},
				"elementBlendMode": {
					"Head Origin": "AddAverage",
					"WingOrigin": "AddAverage",
					"LShoulder": "AddAverage", "LArm": "AddAverage", "Lforearm": "AddAverage",
					"Lfingie": "AddAverage", "Lfingie2": "AddAverage", "Lfingie3": "AddAverage", "Lfingie4": "AddAverage",
					"Lfingiewing": "AddAverage", "Lfingiewing2": "AddAverage", "Lfingiewing3": "AddAverage", "Lfingiewing4": "AddAverage", "Lfingiewing5": "AddAverage", "Lfingiewing6": "AddAverage",
					"Lforearmwing": "AddAverage", "Lforearmwing2": "AddAverage", "LArmwing": "AddAverage",
					"RShoulder": "AddAverage", "RArm": "AddAverage", "Rforearm": "AddAverage",
					"Rfingie": "AddAverage", "Rfingie2": "AddAverage", "Rfingie3": "AddAverage", "Rfingie4": "AddAverage",
					"Rfingiewing": "AddAverage", "Rfingiewing2": "AddAverage", "Rfingiewing3": "AddAverage", "Rfingiewing4": "AddAverage", "Rfingiewing5": "AddAverage", "Rfingiewing6": "AddAverage",
					"Rforearmwing": "AddAverage", "Rforearmwing2": "AddAverage", "RArmwing": "AddAverage",
					"Chest": "AddAverage",
					"Neck1": "AddAverage", "Neck2": "AddAverage", "Neck3": "AddAverage", "Neck4": "AddAverage", "Neck5": "AddAverage",
					"Tail":"AddAverage", "Tail2":"AddAverage", "Tail3":"AddAverage", "Tail4":"AddAverage", "Tail5":"AddAverage", "Tail6":"AddAverage", "Tail7":"AddAverage", "Tail8":"AddAverage", "Tail9":"AddAverage"
				}
			},
			{ "code": "walk", "animation": "walk", "easeInSpeed": 4, "easeOutSpeed": 4, "supressDefaultAnimation": true, "blendMode": "Average" },
			{ "code": "walkback", "animation": "walkback", "easeInSpeed": 4, "easeOutSpeed": 4, "supressDefaultAnimation": true, "blendMode": "Average" },
			{ "code": "glide", "animation": "glide", "easeInSpeed": 4, "easeOutSpeed": 4, "supressDefaultAnimation": true, "blendMode": "Average" },
			{ "code": "glideflap", "animation": "glideflap", "easeInSpeed": 4, "easeOutSpeed": 4, "supressDefaultAnimation": true, "blendMode": "Average" },
			{ "code": "fly", "animation": "fly", "easeInSpeed": 4, "easeOutSpeed": 4, "supressDefaultAnimation": true, "blendMode": "Average" },
			{ "code": "hover", "animation": "hover", "easeInSpeed": 4, "easeOutSpeed": 4, "supressDefaultAnimation": true, "blendMode": "Average" },
			{ "code": "hoverback", "animation": "hoverback", "easeInSpeed": 4, "easeOutSpeed": 4, "supressDefaultAnimation": true, "blendMode": "Average" }
		]
	},
	"server": {
		"attributes": {
			"pathfinder": {
				"minTurnAnglePerSec": 350,
				"maxTurnAnglePerSec": 650
			}
		},
		"behaviors": [
			{ "code": "ownable", "enabledByType": { "*-baby-*": false, "*": true}},
			{ "code": "repulseagents" },
			{ "code": "controlledphysics", "stepHeight": 3.1251},
			{ "code": "health",
				"maxhealthByType": {
					"*-adult-female-autumnus": 42,
					"*-adult-male-autumnus": 44,
					"*-baby-*-autumnus": 15,
					"*-juvenile-*-autumnus": 20,
					"*-adolescent-*-autumnus": 25
				}
			},
			{ "code": "deaddecay",
				"hoursToDecay": 96,
				"decayedBlockByType": {
					"*-adult-*": "carcass-large",
					"*-adolescent-*": "carcass-medium",
					"*-juvenile-*": "carcass-small",
					"*-baby-*": "carcass-tiny"
				}
			},
			{ "code": "floatupwhenstuck", "onlyWhenDead": true},
			{ "code": "harvestable", "quantitySlots": 8,
				"drops": [
					{
						"type": "item",
						"code": "game:bushmeat-raw",
						"quantityByType": {
							"*-adult-female-autumnus": { "avg": 15, "var": 1.5},
							"*-adult-male-autumnus": { "avg": 12, "var": 1.5},
							"*-baby-*-autumnus": { "avg": 6, "var": 1.5},
							"*-juvenile-*-autumnus": { "avg": 8, "var": 1.5},
							"*-adolescent-*-autumnus": { "avg": 10, "var": 1.5}
						}
					},
					{
						"type": "item",
						"code": "game:fat",
						"quantityByType": {
							"*-adult-female-autumnus": { "avg": 2, "var": 1},
							"*-adult-male-autumnus": { "avg": 3, "var": 1},
							"*-baby-*-autumnus": { "avg": 1, "var": 0.5},
							"*-juvenile-*-autumnus": { "avg": 1, "var": 0.5},
							"*-adolescent-*-autumnus": { "avg": 1, "var": 0.5}
						}
					},
					{
						"type": "item",
						"code": "game:hide-raw-huge",
						"quantityByType": {
							"*-adult-*": { "avg": 1.0, "var": 0.0},
							"*": { "avg": 0.0, "var": 0.0}
						}
					},
					{
						"type": "item",
						"code": "game:hide-raw-large",
						"quantityByType": {
							"*-adolescent-*": { "avg": 1.0, "var": 0.0},
							"*": { "avg": 0.0, "var": 0.0}
						}
					},
					{
						"type": "item",
						"code": "game:hide-raw-medium",
						"quantityByType": {
							"*-juvenile-*": { "avg": 1.0, "var": 0.0},
							"*": { "avg": 0.0, "var": 0.0}
						}
					},
					{
						"type": "item",
						"code": "game:hide-raw-small",
						"quantityByType": {
							"*-baby-*": { "avg": 1.0, "var": 0.0},
							"*": { "avg": 0.0, "var": 0.0}
						}
					},
					{
						"type": "item",
						"code": "draconis:creature-wyvern-eggdormant-{type}",
						"quantityByType": {
							"*-adult-*": { "avg": 1.0, "var": 0.0},
							"*": { "avg": 0.0, "var": 0.0}
						}
					}
				]
			},
			{ "code": "breathe" },
			{ "code": "multiply",
				"enabledByType": {
					"*-adult-female-*": true,
					"*": false
				},
				"spawnEntityCodesByType": {
					"*-adult-female-*": [ { "code":"draconis:wyvern-egg-{type}" } ]},
				"requiresNearbyEntityCodeByType": {
					"*-adult-female-*": "draconis:wyvern-adult-male-{type}" },
				"requiresNearbyEntityRange": 10,
				"spawnQuantityMin": 1,
				"spawnQuantityMaxByType": { "*": 2},
				"pregnancyDaysByType": {
					"*-autumnus": 108
				},
				"multiplyCooldownDaysMinByType": { "*": 6},
				"multiplyCooldownDaysMaxByType": { "*": 11},
				"portionsEatenForMultiplyByType": {
					"*-autumnus": 20
				}
			},
			{ "code": "grow",
				"enabledByType": {
					"*-baby-*": true,
					"*-juvenile-*": true,
					"*-adolescent-*": true,
					"*": false
				},
				"hoursToGrowByType": { "*": 168},
				"adultEntityCodesByType": {
					"*-baby-male-*": ["draconis:wyvern-juvenile-male-{type}"],
					"*-baby-female-*": ["draconis:wyvern-juvenile-female-{type}"],
					"*-juvenile-female-*": ["draconis:wyvern-adolescent-female-{type}"],
					"*-juvenile-male-*": ["draconis:wyvern-adolescent-male-{type}"],
					"*-adolescent-female-*": ["draconis:wyvern-adult-female-{type}"],
					"*-adolescent-male-*": ["draconis:wyvern-adult-male-{type}"]
				}
			},
			{ "code": "emotionstates",
				"states": [
					{ "code": "fleeondamage", "duration": 60,
						"chanceByType": {
							"*-adult-*": 0,
							"*-baby-*": 1,
							"*-juvenile-*": 0.75,
							"*-adolescent-*": 0.5
						},
						"slot": 2, "priority": 4, "accumType": "max", "whenHealthRelBelow": 0.2},
					{ "code": "aggressiveondamage", "duration": 60,
						"chanceByType": {
							"*-adult-*": 1,
							"*-baby-*": 0.0,
							"*-juvenile-*": 0.5,
							"*-adolescent-*": 0.75
						},
						"slot": 2, "priority": 3, "accumType": "noaccum" },
					{ "code": "fleeondamage", "duration": 60, "slot": 2, "chanceByType": { "*-adult-*": 0.5, "*-baby-*": 1}, "priority": 1, "accumType": "max", "whenHealthRelBelow": 0.35},
					{ "code": "fleeondamage", "duration": 30, "slot": 2, "chanceByType": { "*-adult-*": 0.0, "*-baby-*": 1}, "priority": 0.5, "accumType": "max", "whenHealthRelBelow": 0.7},
					{ "code": "alarmherdondamage", "chance": 1, "slot": 1, "priority": 1.5, "accumType": "max" },
					{ "code": "saturated", "duration": 1200, "chance": 1, "slot": 0, "priority": 1, "accumType": "sum" },
					{ "code": "aggressivearoundentities", "duration": 60, "chanceByType": { "*-baby-*": 0.0, "*-adult-*": 1.0}, "slot": 2, "priority": 5, "entityCodes": ["wyvern:wyvern-baby-male-{type}", "wyvern:wyvern-baby-female-{type}"], "maxGeneration": 2 }
				]
			},
			{
				"code": "taskai",
				"aiCreatureType": "LandCreature",
				"aitasks": [
					{
						"code": "cometoowner",
						"priority": 4,
						"animation": "walk",
						"animationSpeed": 1.35,
						"movespeed": 0.019,
						"teleportMaxRange": 1000,
						"teleportAfterRange": 200,
						"teleportToRange": 20
					},
					{
						"code": "meleeattack",
						"animation": "Attack",
						"enabledByType": {
							"*-adult-*": true,
							"*": false},
						"skipEntityCodes":["player"],
						"entityCodesByType": {
							"*-adult-*": ["bear-*", "bell-*", "bowtorn-*", "drifter-*", "hyena-*", "locust-*", "moose-*", "shiver-*", "wolf-*", "caninae-canina-adult-*", "felinae-adult-*", "machairodontinae-adult-*", "pantherinae-neofelis-adult-*", "pantherinae-panthera-adult-*", "thylacoleonidae-adult-*"  ]},
						"priority": 3,
						"slot": 1,
						"damageByType": {
							"*-adult-female-autumnus":10, "*-adult-male-autumnus":15
						},
						"knockbackStrengthByType": { "*":2},
						"damageTierByType": { "*":3},
						"mincooldown": 500,
						"maxcooldown": 1000,
						"attackDurationMs": 2000,
						"damagePlayerAtMs": 1200,
						"animationSpeed": 1,
						"whenInEmotionState": "aggressiveondamage|aggressivearoundentities"
					},
					{
						"code": "seekentity",
						"enabledByType": {
							"*-adult-*": true,
							"*": false},
						"skipEntityCodes":["player"],
						"entityCodesByType": {
							"*-adult-*": ["bear-*", "bell-*", "bowtorn-*", "drifter-*", "hyena-*", "locust-*", "moose-*", "shiver-*", "wolf-*", "caninae-canina-adult-*", "felinae-adult-*", "machairodontinae-adult-*", "pantherinae-neofelis-adult-*", "pantherinae-panthera-adult-*", "thylacoleonidae-adult-*"  ]},
						"priority": 2.5,
						"mincooldown": 1000,
						"maxcooldown": 1500,
						"seekingRange": 10,
						"movespeed": 0.037,
						"animation": "Run",
						"animationSpeed": 1,
						"sound": "game:creature/hooved/generic/sniff*",
						"whenInEmotionState": "aggressiveondamage|aggressivearoundentities"
					},
					{
						"code": "fleeentity",
						"enabledByType": {
							"*": false,
							"*-baby-*": true},
						"whenInEmotionState": "fleeondamage",
						"entityCodes": ["bear-*", "bell-*", "bowtorn-*", "drifter-*", "hyena-*", "locust-*", "moose-*", "shiver-*", "wolf-*", "caninae-canina-adult-*", "felinae-adult-*", "machairodontinae-adult-*", "pantherinae-neofelis-adult-*", "pantherinae-panthera-adult-*", "thylacoleonidae-adult-*"],
						"priority": 1.8,
						"movespeed": 0.05,
						"seekingRange": 12,
						"animation": "Run",
						"animationSpeed": 2
					},
					{
						"code": "getoutofwater",
						"animation": "Swim",
						"priority": 1.4,
						"movespeedByType": {
							"*-adult-*-autumnus": 0.015, "*-baby-*-autumnus": 0.010
						},
						"animationSpeed": 1.0
					},
					{
						"code": "stayclosetoentity",
						"animation": "Run",
						"enabledByType": {
							"*": true
						},
						"priority": 1.81,
						"entityCodeByType": {
							"*-baby-*": "player"
						},
						"movespeedByType": {
							"*-baby-*-autumnus": 0.015
						},
						"animationSpeedByType": {
							"*-baby-*": 2.4,
							"*": 2.2
						},
						"maxDistanceByType": { "*-baby-*": 6},
						"searchRange": 45
					},
					{
						"code": "idle",
						"animation": "Sit",
						"priority": 1.2,
						"minduration": 20000,
						"maxduration": 240000,
						"mincooldown": 6000,
						"maxcooldown": 12000,
						"priorityForCancel": 1.28,
						"chanceByType": { "*-adult-*":0.02, "*":0.2},
						"stopOnNearbyEntityCodes": [ "player", "bear-*", "hyena-male", "hyena-female", "wolf-male", "wolf-female"  ],
						"stopRange": 20,
						"stopOnHurt": true,
						"whenNotInEmotionState": "aggressiveondamage|aggressivearoundentities|fleeondamage"
					},
					{
						"code": "seekentity",
						"priority": 1.72,
						"minduration": 1000,
						"maxduration": 2000,
						"mincooldown": 10000,
						"maxcooldown": 40000,
						"friendlyTarget": true,
						"entityCodesByType": {
							"*": ["player"]},
						"seekingRange": 5,
						"movespeed": 0.00001,
						"animation": "Greet",
						"enabledByType": {"*-adult-*": true,"*": false},
						"animationSpeed": 1.0,
						"sound": "sounds/maplewinggrumble"
					},
					{
						"code": "seekentity",
						"priority": 1.72,
						"minduration": 1000,
						"maxduration": 2000,
						"mincooldown": 10000,
						"maxcooldown": 40000,
						"friendlyTarget": true,
						"entityCodesByType": {
							"*": ["player"]},
						"seekingRange": 5,
						"movespeed": 0.00001,
						"animation": "Greet",
						"enabledByType": {"*-adolescent-*": true,"*": false},
						"animationSpeed": 1.0,
						"sound": "sounds/maplewinggrumbleadolescent"
					},
					{
						"code": "seekentity",
						"priority": 1.72,
						"minduration": 1000,
						"maxduration": 2000,
						"mincooldown": 10000,
						"maxcooldown": 40000,
						"friendlyTarget": true,
						"entityCodesByType": {
							"*": ["player"]},
						"seekingRange": 5,
						"movespeed": 0.00001,
						"animation": "Greet",
						"enabledByType": {"*-juvenile-*": true,"*": false},
						"animationSpeed": 1.0,
						"sound": "sounds/maplewinggrumblejuvi"
					},
					{
						"code": "seekentity",
						"priority": 1.71,
						"friendlyTarget": true,
						"minduration": 1000,
						"maxduration": 2000,
						"mincooldown": 10000,
						"maxcooldown": 40000,
						"entityCodesByType": {
							"*-baby-*": ["player"]},
						"seekingRange": 5,
						"movespeed": 0.00001,
						"animation": "Greet",
						"enabledByType": {"*-baby-*": true, "*": false},
						"animationSpeed": 1.0,
						"sound": "sounds/babycall"
					},
					{
						"code": "idle",
						"animation": "Idle",
						"priority": 1.2,
						"minduration": 2000,
						"maxduration": 24000,
						"mincooldown": 6000,
						"maxcooldown": 12000,
						"priorityForCancel": 1.28,
						"stopOnNearbyEntityCodes": [ "player", "bear-*", "hyena-male", "hyena-female", "wolf-male", "wolf-female"  ],
						"stopRange": 20,
						"stopOnHurt": true,
						"whenNotInEmotionState": "aggressiveondamage|aggressivearoundentities|fleeondamage"
					},
					{
						"code": "idle",
						"animation": "Sit",
						"priority": 1.6,
						"minduration": 20000,
						"maxduration": 80000,
						"mincooldown": 20000,
						"maxcooldown": 40000,
						"whenNotInEmotionState": "aggressiveondamage|aggressivearoundentities|fleeondamage",
						"duringDayTimeFramesByType": {
							"*":[{ "fromHour": 20, "toHour": 22},{ "fromHour": 5, "toHour": 6}]},
						"stopOnNearbyEntityCodes": [ "player" ],
						"stopRange": 1,
						"stopOnHurt": true
					},
					{
						"code": "idle",
						"animation": "Sleep",
						"priority": 1.6,
						"minduration": 20000,
						"maxduration": 80000,
						"mincooldown": 20000,
						"maxcooldown": 40000,
						"whenNotInEmotionState": "aggressiveondamage|aggressivearoundentities|fleeondamage",
						"duringDayTimeFramesByType": {
							"*":[{ "fromHour": 22, "toHour": 24},{ "fromHour": 0, "toHour": 5}]},
						"stopOnNearbyEntityCodes": [ "player" ],
						"stopRange": 1,
						"stopOnHurt": true
					},
					{
						"code": "idle",
						"animation": "Bask",
						"priority": 1.6,
						"minduration": 20000,
						"maxduration": 80000,
						"mincooldown": 20000,
						"maxcooldown": 40000,
						"whenNotInEmotionState": "aggressiveondamage|aggressivearoundentities|fleeondamage",
						"duringDayTimeFramesByType": {
							"*":[{ "fromHour": 7, "toHour": 10}]},
						"stopOnNearbyEntityCodes": [ "player" ],
						"stopRange": 1,
						"stopOnHurt": true
					},
					{
						"code": "seekfoodandeat",
						"animation": "Walk",
						"eatAnimation": "Eat",
						"movespeedByType": {
							"*-adult-female-autumnus": 0.010,
							"*-adult-male-autumnus":0.009,
							"*-adolescent-*-autumnus": 0.006,
							"*-juvenile-*-autumnus": 0.004,
							"*-baby-*-autumnus": 0.002
						},
						"animationSpeedByType": {
							"*": 1.2
						},
						"priority": 1.34,
						"eatSoundByType": {
							"*":"game:creature/animal-eat*" },
						"eatTime": 1.5,
						"eatLooseItems": true,
						"mincooldownHours": 1,
						"maxcooldownHours": 4,
						"whenNotInEmotionState": "aggressiveondamage|aggressivearoundentities|fleeondamage"
					},
					{
						"code": "wander",
						"animation": "Walk",
						"priority": 1.0,
						"priorityForCancel": 1.35,
						"wanderChanceByType": { "*-adult-*":0.1, "*":0.5},
						"movespeedByType": {
							"*-adult-female-autumnus": 0.010,
							"*-adult-male-autumnus":0.009,
							"*-adolescent-*-autumnus": 0.006,
							"*-juvenile-*-autumnus": 0.004,
							"*-baby-*-autumnus": 0.002
						},
						"animationSpeedByType": {
							"*": 1.2
						},
						"wanderRangeMaxByType": { "*-adult-male-*":50, "*adult-female-*":50, "*-baby-*":20},
						"whenNotInEmotionState": "aggressiveondamage|aggressivearoundentities|fleeondamage"
					}
				]
			},
			{ "code": "pettable" },
			{ "code": "selectionboxes","enabledByType": {"*-adult-*": true, "*": false}},
			{ "code": "rideableaccessories","enabledByType": {"*-adult-*": true, "*": false}},
			{ "code": "jaunt:gait" },
			{ "code": "jaunt:rideable", "enabledByType": {"*-adult-*": true, "*": false}},
			{ "code": "jaunt:stamina" },
			{ "code": "ropetieable" }
		]
	}
}
