{
	"editor": {
		"backDropShape": "C:/Users/Admin/AppData/Roaming/Vintagestory/assets/game/shapes/entity/humanoid/seraph-hairless",
		"allAngles": true,
		"entityTextureMode": false
	},
	"textureWidth": 32,
	"textureHeight": 76,
	"textureSizes": {
		"fibers.png": [32,32],
		"black.png": [32,32]
	},
	"textures": {
		"black.png": "game:block/black",
		"fibers.png": "game:item/resource/fibers"
	},
	"elements": [
		{
			"name": "Origin",
			"stepParentName": "Head",
			"from": [ 0.0, 2.2, 2.5 ],
			"to": [ 0.0, 2.2, 2.5 ],
			"rotationOrigin": [ 0.0, 2.2, 2.5 ],
			"rotationX": -180.0,
			"rotationY": 0.0,
			"rotationZ": 2.75,
			"faces": {
				"north": { "texture": "#fibers.png", "uv": [ 0.0, 0.0, 1.0, 1.0 ] },
				"east": { "texture": "#fibers.png", "uv": [ 0.0, 0.0, 1.0, 1.0 ] },
				"south": { "texture": "#fibers.png", "uv": [ 0.0, 0.0, 1.0, 1.0 ] },
				"west": { "texture": "#fibers.png", "uv": [ 0.0, 0.0, 1.0, 1.0 ] },
				"up": { "texture": "#fibers.png", "uv": [ 0.0, 0.0, 1.0, 1.0 ] },
				"down": { "texture": "#fibers.png", "uv": [ 0.0, 0.0, 1.0, 1.0 ] }
			},
			"children": [
				{
					"name": "Eyepatch",
					"from": [ -0.1, 0.005, -1.1 ],
					"to": [ -0.1, 0.005, -1.1 ],
					"rotationOrigin": [ -0.1, 0.005, -1.1 ],
					"rotationX": 12.0,
					"rotationY": 0.0,
					"rotationZ": -2.75,
					"faces": {
					},
					"children": [
						{
							"name": "cube",
							"from": [ -0.025, -0.575, -0.325 ],
							"to": [ 0.1, 0.575, 0.575 ],
							"rotationOrigin": [ 0.0, -0.575, 0.575 ],
							"faces": {
								"north": { "texture": "#black.png", "uv": [ 13.1226, 16.6105, 13.1226, 16.6202 ], "autoUv": false, "snapUv": false },
								"east": { "texture": "#black.png", "uv": [ 13.0579, 16.6105, 13.0579, 16.6202 ], "autoUv": false, "snapUv": false },
								"south": { "texture": "#black.png", "uv": [ 13.1328, 16.6105, 13.1328, 16.6202 ], "autoUv": false, "snapUv": false },
								"west": { "texture": "#black.png", "uv": [ 13.0919, 16.6105, 13.0919, 16.6202 ], "autoUv": false, "snapUv": false },
								"up": { "texture": "#black.png", "uv": [ 13.1328, 16.6186, 13.1328, 16.6202 ], "autoUv": false, "snapUv": false },
								"down": { "texture": "#black.png", "uv": [ 13.1328, 16.6105, 13.1328, 16.6121 ], "autoUv": false, "snapUv": false }
							}
						},
						{
							"name": "cube",
							"from": [ -0.025, -0.1717, -0.2901 ],
							"to": [ 0.1, 0.275, -0.05 ],
							"rotationOrigin": [ 0.0, -0.4, 0.0 ],
							"rotationX": -66.5,
							"faces": {
								"north": { "texture": "#black.png", "uv": [ 13.1226, 16.6331, 13.1226, 16.6201 ], "autoUv": false, "snapUv": false },
								"east": { "texture": "#black.png", "uv": [ 13.0655, 16.6331, 13.0655, 16.6201 ], "autoUv": false, "snapUv": false },
								"south": { "texture": "#black.png", "uv": [ 13.1328, 16.6331, 13.1328, 16.6201 ], "autoUv": false, "snapUv": false },
								"west": { "texture": "#black.png", "uv": [ 13.1634, 16.6331, 13.1634, 16.6201 ], "autoUv": false, "snapUv": false },
								"up": { "texture": "#black.png", "uv": [ 13.1328, 16.6355, 13.1328, 16.6158 ], "autoUv": false, "snapUv": false },
								"down": { "texture": "#black.png", "uv": [ 13.1328, 16.6123, 13.1328, 16.5926 ], "autoUv": false, "snapUv": false }
							}
						},
						{
							"name": "cube",
							"from": [ -0.025, -0.2086, 0.5613 ],
							"to": [ 0.1, 0.4664, 0.8363 ],
							"rotationOrigin": [ 0.0, -0.2086, 0.8363 ],
							"faces": {
								"north": { "texture": "#black.png", "uv": [ 13.1226, 16.6258, 13.1226, 16.6202 ], "autoUv": false, "snapUv": false },
								"east": { "texture": "#black.png", "uv": [ 13.0579, 16.6258, 13.0579, 16.6202 ], "autoUv": false, "snapUv": false },
								"south": { "texture": "#black.png", "uv": [ 13.1328, 16.6258, 13.1328, 16.6202 ], "autoUv": false, "snapUv": false },
								"west": { "texture": "#black.png", "uv": [ 13.177, 16.6258, 13.177, 16.6202 ], "autoUv": false, "snapUv": false },
								"up": { "texture": "#black.png", "uv": [ 13.1328, 16.6387, 13.1328, 16.6202 ], "autoUv": false, "snapUv": false },
								"down": { "texture": "#black.png", "uv": [ 13.1328, 16.6105, 13.1328, 16.5919 ], "autoUv": false, "snapUv": false }
							}
						},
						{
							"name": "cube",
							"from": [ -0.025, -0.3969, -0.7347 ],
							"to": [ 0.1, 0.2, -0.325 ],
							"rotationOrigin": [ 0.0, -0.3969, -0.4597 ],
							"faces": {
								"north": { "texture": "#black.png", "uv": [ 13.1226, 16.6283, 13.1226, 16.6202 ], "autoUv": false, "snapUv": false },
								"east": { "texture": "#black.png", "uv": [ 13.0409, 16.6283, 13.0409, 16.6202 ], "autoUv": false, "snapUv": false },
								"south": { "texture": "#black.png", "uv": [ 13.1328, 16.6283, 13.1328, 16.6202 ], "autoUv": false, "snapUv": false },
								"west": { "texture": "#black.png", "uv": [ 13.177, 16.6283, 13.177, 16.6202 ], "autoUv": false, "snapUv": false },
								"up": { "texture": "#black.png", "uv": [ 13.1328, 16.6387, 13.1328, 16.6245 ], "autoUv": false, "snapUv": false },
								"down": { "texture": "#black.png", "uv": [ 13.1328, 16.6065, 13.1328, 16.5923 ], "autoUv": false, "snapUv": false }
							}
						},
						{
							"name": "cube",
							"from": [ -0.025, 0.5483, -0.5908 ],
							"to": [ 0.1, 1.1049, -0.2805 ],
							"rotationOrigin": [ 0.0, 0.5531, -0.3097 ],
							"rotationX": -132.75,
							"faces": {
								"north": { "texture": "#black.png", "uv": [ 13.1226, 16.6304, 13.1226, 16.6209 ], "autoUv": false, "snapUv": false },
								"east": { "texture": "#black.png", "uv": [ 13.0409, 16.6304, 13.0409, 16.6209 ], "autoUv": false, "snapUv": false },
								"south": { "texture": "#black.png", "uv": [ 13.1328, 16.6304, 13.1328, 16.6209 ], "autoUv": false, "snapUv": false },
								"west": { "texture": "#black.png", "uv": [ 13.1971, 16.6304, 13.1971, 16.6209 ], "autoUv": false, "snapUv": false },
								"up": { "texture": "#black.png", "uv": [ 13.1328, 16.6435, 13.1328, 16.6261 ], "autoUv": false, "snapUv": false },
								"down": { "texture": "#black.png", "uv": [ 13.1328, 16.6065, 13.1328, 16.589 ], "autoUv": false, "snapUv": false }
							}
						},
						{
							"name": "cube",
							"from": [ -0.025, 0.4664, 0.6863 ],
							"to": [ 0.1, 0.7494, 0.8363 ],
							"rotationOrigin": [ 0.0, 0.4664, 0.8363 ],
							"rotationX": -67.71,
							"rotationY": 0.809,
							"rotationZ": 0.002,
							"faces": {
								"north": { "texture": "#black.png", "uv": [ 13.1226, 16.6379, 13.1226, 16.6196 ], "autoUv": false, "snapUv": false },
								"east": { "texture": "#black.png", "uv": [ 13.0579, 16.6379, 13.0579, 16.6196 ], "autoUv": false, "snapUv": false },
								"south": { "texture": "#black.png", "uv": [ 13.1328, 16.6379, 13.1328, 16.6196 ], "autoUv": false, "snapUv": false },
								"west": { "texture": "#black.png", "uv": [ 13.1941, 16.6379, 13.1941, 16.6196 ], "autoUv": false, "snapUv": false },
								"up": { "texture": "#black.png", "uv": [ 13.1328, 16.6427, 13.1328, 16.6202 ], "autoUv": false, "snapUv": false },
								"down": { "texture": "#black.png", "uv": [ 13.1328, 16.6105, 13.1328, 16.5879 ], "autoUv": false, "snapUv": false }
							}
						},
						{
							"name": "cube",
							"from": [ -0.025, -0.575, 0.3 ],
							"to": [ 0.1, -0.125, 0.575 ],
							"rotationOrigin": [ 0.0, -0.575, 0.575 ],
							"rotationX": 35.5,
							"faces": {
								"north": { "texture": "#black.png", "uv": [ 13.1226, 16.6331, 13.1226, 16.6202 ], "autoUv": false, "snapUv": false },
								"east": { "texture": "#black.png", "uv": [ 13.1907, 16.6331, 13.1907, 16.6202 ], "autoUv": false, "snapUv": false },
								"south": { "texture": "#black.png", "uv": [ 13.1328, 16.6331, 13.1328, 16.6202 ], "autoUv": false, "snapUv": false },
								"west": { "texture": "#black.png", "uv": [ 13.0443, 16.6331, 13.0443, 16.6202 ], "autoUv": false, "snapUv": false },
								"up": { "texture": "#black.png", "uv": [ 13.1328, 16.6073, 13.1328, 16.5887 ], "autoUv": false, "snapUv": false },
								"down": { "texture": "#black.png", "uv": [ 13.1328, 16.6419, 13.1328, 16.6234 ], "autoUv": false, "snapUv": false }
							}
						},
						{
							"name": "Strap",
							"from": [ 0.0, -0.85, -0.325 ],
							"to": [ 0.0, -0.85, -0.325 ],
							"rotationOrigin": [ 0.0, -0.85, -0.325 ],
							"faces": {
							},
							"children": [
								{
									"name": "cube",
									"from": [ 0.0, 0.85, -1.5 ],
									"to": [ 0.1, 0.95, 4.225 ],
									"rotationOrigin": [ 0.0, 0.0, 0.0 ],
									"rotationX": 15.25,
									"faces": {
										"north": { "texture": "#fibers.png", "uv": [ 13.1226, 16.6307, 13.1226, 16.55 ], "autoUv": false, "snapUv": false },
										"east": { "texture": "#fibers.png", "uv": [ 13.0, 16.6307, 13.0, 16.55 ], "autoUv": false, "snapUv": false },
										"south": { "texture": "#fibers.png", "uv": [ 13.1362, 16.6307, 13.1362, 16.55 ], "autoUv": false, "snapUv": false },
										"west": { "texture": "#fibers.png", "uv": [ 13.0102, 16.6307, 13.0102, 16.55 ], "autoUv": false, "snapUv": false },
										"up": { "texture": "#fibers.png", "uv": [ 13.1362, 16.5992, 13.1362, 16.7 ], "autoUv": false, "snapUv": false },
										"down": { "texture": "#fibers.png", "uv": [ 13.1362, 16.5968, 13.1362, 16.6976 ], "autoUv": false, "snapUv": false }
									}
								},
								{
									"name": "cube",
									"from": [ 5.55, 0.85, -1.5 ],
									"to": [ 5.65, 0.95, 4.225 ],
									"rotationOrigin": [ 5.55, 0.0, 0.0 ],
									"rotationX": 15.25,
									"faces": {
										"north": { "texture": "#fibers.png", "uv": [ 11.864, 17.1145, 11.864, 6.55 ], "autoUv": false, "snapUv": false },
										"east": { "texture": "#fibers.png", "uv": [ 3.5645, 1.0, 2.0, 1.0 ], "autoUv": false, "snapUv": false },
										"south": { "texture": "#fibers.png", "uv": [ 15.3862, 17.1145, 15.3862, 6.55 ], "autoUv": false, "snapUv": false },
										"west": { "texture": "#fibers.png", "uv": [ 5.6416, 18.2278, 5.6416, 7.6633 ], "autoUv": false, "snapUv": false },
										"up": { "texture": "#fibers.png", "uv": [ 15.3862, 12.9944, 15.3862, 26.2 ], "autoUv": false, "snapUv": false },
										"down": { "texture": "#fibers.png", "uv": [ 15.3862, 12.6774, 15.3862, 25.8831 ], "autoUv": false, "snapUv": false }
									}
								},
								{
									"name": "cube",
									"from": [ -0.15, 1.232, -1.1714 ],
									"to": [ -0.075, 1.332, 4.3286 ],
									"rotationOrigin": [ 0.0, 1.325, -1.275 ],
									"rotationX": 15.25,
									"rotationY": 90.0,
									"faces": {
										"north": { "texture": "#fibers.png", "uv": [ 13.1464, 16.6307, 13.1464, 16.55 ], "autoUv": false, "snapUv": false },
										"east": { "texture": "#fibers.png", "uv": [ 13.0272, 16.6307, 13.0272, 16.55 ], "autoUv": false, "snapUv": false },
										"south": { "texture": "#fibers.png", "uv": [ 13.1158, 16.6307, 13.1158, 16.55 ], "autoUv": false, "snapUv": false },
										"west": { "texture": "#fibers.png", "uv": [ 13.0136, 16.6307, 13.0136, 16.55 ], "autoUv": false, "snapUv": false },
										"up": { "texture": "#fibers.png", "uv": [ 13.1158, 16.6, 13.1158, 16.6935 ], "autoUv": false, "snapUv": false },
										"down": { "texture": "#fibers.png", "uv": [ 13.1158, 16.6032, 13.1158, 16.6968 ], "autoUv": false, "snapUv": false }
									}
								},
								{
									"name": "cube",
									"from": [ -0.1, -0.268, 4.3286 ],
									"to": [ -0.025, -0.168, 9.8286 ],
									"rotationOrigin": [ 0.0, -0.175, 4.225 ],
									"rotationX": 15.25,
									"rotationY": 90.0,
									"faces": {
										"north": { "texture": "#fibers.png", "uv": [ 13.1396, 16.6307, 13.1396, 16.55 ], "autoUv": false, "snapUv": false },
										"east": { "texture": "#fibers.png", "uv": [ 13.0272, 16.6307, 13.0272, 16.55 ], "autoUv": false, "snapUv": false },
										"south": { "texture": "#fibers.png", "uv": [ 13.1226, 16.6307, 13.1226, 16.55 ], "autoUv": false, "snapUv": false },
										"west": { "texture": "#fibers.png", "uv": [ 13.0136, 16.6307, 13.0136, 16.55 ], "autoUv": false, "snapUv": false },
										"up": { "texture": "#fibers.png", "uv": [ 13.1226, 16.6, 13.1226, 16.6935 ], "autoUv": false, "snapUv": false },
										"down": { "texture": "#fibers.png", "uv": [ 13.1226, 16.6032, 13.1226, 16.6968 ], "autoUv": false, "snapUv": false }
									}
								}
							]
						}
					]
				},
				{
					"name": "Eyepatch",
					"from": [ -0.1, 0.005, 1.1 ],
					"to": [ -0.1, 0.005, 1.1 ],
					"rotationOrigin": [ -0.1, 0.005, 1.1 ],
					"rotationX": -12.0,
					"rotationY": 0.0,
					"rotationZ": -2.75,
					"faces": {
					},
					"children": [
						{
							"name": "cube",
							"from": [ -0.025, -0.575, -0.575 ],
							"to": [ 0.1, 0.575, 0.325 ],
							"rotationOrigin": [ 0.0, -0.575, -0.575 ],
							"faces": {
								"north": { "texture": "#black.png", "uv": [ 13.1328, 16.6105, 13.1328, 16.6202 ], "autoUv": false, "snapUv": false },
								"east": { "texture": "#black.png", "uv": [ 13.0579, 16.6105, 13.0579, 16.6202 ], "autoUv": false, "snapUv": false },
								"south": { "texture": "#black.png", "uv": [ 13.1226, 16.6105, 13.1226, 16.6202 ], "autoUv": false, "snapUv": false },
								"west": { "texture": "#black.png", "uv": [ 13.0919, 16.6105, 13.0919, 16.6202 ], "autoUv": false, "snapUv": false },
								"up": { "texture": "#black.png", "uv": [ 13.1328, 16.6202, 13.1328, 16.6186 ], "autoUv": false, "snapUv": false },
								"down": { "texture": "#black.png", "uv": [ 13.1328, 16.6121, 13.1328, 16.6105 ], "autoUv": false, "snapUv": false }
							}
						},
						{
							"name": "cube",
							"from": [ -0.025, -0.1717, 0.05 ],
							"to": [ 0.1, 0.275, 0.2901 ],
							"rotationOrigin": [ 0.0, -0.4, 0.0 ],
							"rotationX": 66.5,
							"faces": {
								"north": { "texture": "#black.png", "uv": [ 13.1328, 16.6331, 13.1328, 16.6201 ], "autoUv": false, "snapUv": false },
								"east": { "texture": "#black.png", "uv": [ 13.0655, 16.6331, 13.0655, 16.6201 ], "autoUv": false, "snapUv": false },
								"south": { "texture": "#black.png", "uv": [ 13.1226, 16.6331, 13.1226, 16.6201 ], "autoUv": false, "snapUv": false },
								"west": { "texture": "#black.png", "uv": [ 13.1634, 16.6331, 13.1634, 16.6201 ], "autoUv": false, "snapUv": false },
								"up": { "texture": "#black.png", "uv": [ 13.1328, 16.6158, 13.1328, 16.6355 ], "autoUv": false, "snapUv": false },
								"down": { "texture": "#black.png", "uv": [ 13.1328, 16.5926, 13.1328, 16.6123 ], "autoUv": false, "snapUv": false }
							}
						},
						{
							"name": "cube",
							"from": [ -0.025, -0.2086, -0.8363 ],
							"to": [ 0.1, 0.4664, -0.5613 ],
							"rotationOrigin": [ 0.0, -0.2086, -0.8363 ],
							"faces": {
								"north": { "texture": "#black.png", "uv": [ 13.1328, 16.6258, 13.1328, 16.6202 ], "autoUv": false, "snapUv": false },
								"east": { "texture": "#black.png", "uv": [ 13.0579, 16.6258, 13.0579, 16.6202 ], "autoUv": false, "snapUv": false },
								"south": { "texture": "#black.png", "uv": [ 13.1226, 16.6258, 13.1226, 16.6202 ], "autoUv": false, "snapUv": false },
								"west": { "texture": "#black.png", "uv": [ 13.177, 16.6258, 13.177, 16.6202 ], "autoUv": false, "snapUv": false },
								"up": { "texture": "#black.png", "uv": [ 13.1328, 16.6202, 13.1328, 16.6387 ], "autoUv": false, "snapUv": false },
								"down": { "texture": "#black.png", "uv": [ 13.1328, 16.5919, 13.1328, 16.6105 ], "autoUv": false, "snapUv": false }
							}
						},
						{
							"name": "cube",
							"from": [ -0.025, -0.3969, 0.325 ],
							"to": [ 0.1, 0.2, 0.7347 ],
							"rotationOrigin": [ 0.0, -0.3969, 0.4597 ],
							"faces": {
								"north": { "texture": "#black.png", "uv": [ 13.1328, 16.6283, 13.1328, 16.6202 ], "autoUv": false, "snapUv": false },
								"east": { "texture": "#black.png", "uv": [ 13.0409, 16.6283, 13.0409, 16.6202 ], "autoUv": false, "snapUv": false },
								"south": { "texture": "#black.png", "uv": [ 13.1226, 16.6283, 13.1226, 16.6202 ], "autoUv": false, "snapUv": false },
								"west": { "texture": "#black.png", "uv": [ 13.177, 16.6283, 13.177, 16.6202 ], "autoUv": false, "snapUv": false },
								"up": { "texture": "#black.png", "uv": [ 13.1328, 16.6245, 13.1328, 16.6387 ], "autoUv": false, "snapUv": false },
								"down": { "texture": "#black.png", "uv": [ 13.1328, 16.5923, 13.1328, 16.6065 ], "autoUv": false, "snapUv": false }
							}
						},
						{
							"name": "cube",
							"from": [ -0.025, 0.5483, 0.2805 ],
							"to": [ 0.1, 1.1049, 0.5909 ],
							"rotationOrigin": [ 0.0, 0.5531, 0.3097 ],
							"rotationX": 132.75,
							"faces": {
								"north": { "texture": "#black.png", "uv": [ 13.1328, 16.6304, 13.1328, 16.6209 ], "autoUv": false, "snapUv": false },
								"east": { "texture": "#black.png", "uv": [ 13.0409, 16.6304, 13.0409, 16.6209 ], "autoUv": false, "snapUv": false },
								"south": { "texture": "#black.png", "uv": [ 13.1226, 16.6304, 13.1226, 16.6209 ], "autoUv": false, "snapUv": false },
								"west": { "texture": "#black.png", "uv": [ 13.1971, 16.6304, 13.1971, 16.6209 ], "autoUv": false, "snapUv": false },
								"up": { "texture": "#black.png", "uv": [ 13.1328, 16.6261, 13.1328, 16.6435 ], "autoUv": false, "snapUv": false },
								"down": { "texture": "#black.png", "uv": [ 13.1328, 16.589, 13.1328, 16.6065 ], "autoUv": false, "snapUv": false }
							}
						},
						{
							"name": "cube",
							"from": [ -0.025, 0.4664, -0.8363 ],
							"to": [ 0.1, 0.7494, -0.6863 ],
							"rotationOrigin": [ 0.0, 0.4664, -0.8363 ],
							"rotationX": 67.71,
							"rotationY": -0.809,
							"rotationZ": 0.002,
							"faces": {
								"north": { "texture": "#black.png", "uv": [ 13.1328, 16.6379, 13.1328, 16.6196 ], "autoUv": false, "snapUv": false },
								"east": { "texture": "#black.png", "uv": [ 13.0579, 16.6379, 13.0579, 16.6196 ], "autoUv": false, "snapUv": false },
								"south": { "texture": "#black.png", "uv": [ 13.1226, 16.6379, 13.1226, 16.6196 ], "autoUv": false, "snapUv": false },
								"west": { "texture": "#black.png", "uv": [ 13.1941, 16.6379, 13.1941, 16.6196 ], "autoUv": false, "snapUv": false },
								"up": { "texture": "#black.png", "uv": [ 13.1328, 16.6202, 13.1328, 16.6427 ], "autoUv": false, "snapUv": false },
								"down": { "texture": "#black.png", "uv": [ 13.1328, 16.5879, 13.1328, 16.6105 ], "autoUv": false, "snapUv": false }
							}
						},
						{
							"name": "cube",
							"from": [ -0.025, -0.575, -0.575 ],
							"to": [ 0.1, -0.125, -0.3 ],
							"rotationOrigin": [ 0.0, -0.575, -0.575 ],
							"rotationX": -35.5,
							"faces": {
								"north": { "texture": "#black.png", "uv": [ 13.1328, 16.6331, 13.1328, 16.6202 ], "autoUv": false, "snapUv": false },
								"east": { "texture": "#black.png", "uv": [ 13.1907, 16.6331, 13.1907, 16.6202 ], "autoUv": false, "snapUv": false },
								"south": { "texture": "#black.png", "uv": [ 13.1226, 16.6331, 13.1226, 16.6202 ], "autoUv": false, "snapUv": false },
								"west": { "texture": "#black.png", "uv": [ 13.0443, 16.6331, 13.0443, 16.6202 ], "autoUv": false, "snapUv": false },
								"up": { "texture": "#black.png", "uv": [ 13.1328, 16.5887, 13.1328, 16.6073 ], "autoUv": false, "snapUv": false },
								"down": { "texture": "#black.png", "uv": [ 13.1328, 16.6234, 13.1328, 16.6419 ], "autoUv": false, "snapUv": false }
							}
						},
						{
							"name": "Strap",
							"from": [ 0.0, -0.85, 0.325 ],
							"to": [ 0.0, -0.85, 0.325 ],
							"rotationOrigin": [ 0.0, -0.85, 0.325 ],
							"faces": {
							},
							"children": [
								{
									"name": "cube",
									"from": [ 0.0, 0.85, -4.225 ],
									"to": [ 0.1, 0.95, 1.5 ],
									"rotationOrigin": [ 0.0, 0.0, 0.0 ],
									"rotationX": -15.25,
									"faces": {
										"north": { "texture": "#fibers.png", "uv": [ 13.1362, 16.6307, 13.1362, 16.55 ], "autoUv": false, "snapUv": false },
										"east": { "texture": "#fibers.png", "uv": [ 13.0, 16.6307, 13.0, 16.55 ], "autoUv": false, "snapUv": false },
										"south": { "texture": "#fibers.png", "uv": [ 13.1226, 16.6307, 13.1226, 16.55 ], "autoUv": false, "snapUv": false },
										"west": { "texture": "#fibers.png", "uv": [ 13.0102, 16.6307, 13.0102, 16.55 ], "autoUv": false, "snapUv": false },
										"up": { "texture": "#fibers.png", "uv": [ 13.1362, 16.7, 13.1362, 16.5992 ], "autoUv": false, "snapUv": false },
										"down": { "texture": "#fibers.png", "uv": [ 13.1362, 16.6976, 13.1362, 16.5968 ], "autoUv": false, "snapUv": false }
									}
								},
								{
									"name": "cube",
									"from": [ 5.55, 0.85, -4.225 ],
									"to": [ 5.65, 0.95, 1.5 ],
									"rotationOrigin": [ 5.55, 0.0, 0.0 ],
									"rotationX": -15.25,
									"faces": {
										"north": { "texture": "#fibers.png", "uv": [ 15.3862, 17.1145, 15.3862, 6.55 ], "autoUv": false, "snapUv": false },
										"east": { "texture": "#fibers.png", "uv": [ 2.0, 1.0, 3.5645, 1.0 ], "autoUv": false, "snapUv": false },
										"south": { "texture": "#fibers.png", "uv": [ 11.864, 17.1145, 11.864, 6.55 ], "autoUv": false, "snapUv": false },
										"west": { "texture": "#fibers.png", "uv": [ 5.6416, 18.2278, 5.6416, 7.6633 ], "autoUv": false, "snapUv": false },
										"up": { "texture": "#fibers.png", "uv": [ 15.3862, 26.2, 15.3862, 12.9944 ], "autoUv": false, "snapUv": false },
										"down": { "texture": "#fibers.png", "uv": [ 15.3862, 25.8831, 15.3862, 12.6774 ], "autoUv": false, "snapUv": false }
									}
								},
								{
									"name": "cube",
									"from": [ -0.15, 1.232, -4.3286 ],
									"to": [ -0.075, 1.332, 1.1714 ],
									"rotationOrigin": [ 0.0, 1.325, 1.275 ],
									"rotationX": -15.25,
									"rotationY": -90.0,
									"faces": {
										"north": { "texture": "#fibers.png", "uv": [ 13.1158, 16.6307, 13.1158, 16.55 ], "autoUv": false, "snapUv": false },
										"east": { "texture": "#fibers.png", "uv": [ 13.0272, 16.6307, 13.0272, 16.55 ], "autoUv": false, "snapUv": false },
										"south": { "texture": "#fibers.png", "uv": [ 13.1464, 16.6307, 13.1464, 16.55 ], "autoUv": false, "snapUv": false },
										"west": { "texture": "#fibers.png", "uv": [ 13.0136, 16.6307, 13.0136, 16.55 ], "autoUv": false, "snapUv": false },
										"up": { "texture": "#fibers.png", "uv": [ 13.1158, 16.6935, 13.1158, 16.6 ], "autoUv": false, "snapUv": false },
										"down": { "texture": "#fibers.png", "uv": [ 13.1158, 16.6968, 13.1158, 16.6032 ], "autoUv": false, "snapUv": false }
									}
								},
								{
									"name": "cube",
									"from": [ -0.1, -0.268, -9.8286 ],
									"to": [ -0.025, -0.168, -4.3286 ],
									"rotationOrigin": [ 0.0, -0.175, -4.225 ],
									"rotationX": -15.25,
									"rotationY": -90.0,
									"faces": {
										"north": { "texture": "#fibers.png", "uv": [ 13.1226, 16.6307, 13.1226, 16.55 ], "autoUv": false, "snapUv": false },
										"east": { "texture": "#fibers.png", "uv": [ 13.0272, 16.6307, 13.0272, 16.55 ], "autoUv": false, "snapUv": false },
										"south": { "texture": "#fibers.png", "uv": [ 13.1396, 16.6307, 13.1396, 16.55 ], "autoUv": false, "snapUv": false },
										"west": { "texture": "#fibers.png", "uv": [ 13.0136, 16.6307, 13.0136, 16.55 ], "autoUv": false, "snapUv": false },
										"up": { "texture": "#fibers.png", "uv": [ 13.1226, 16.6935, 13.1226, 16.6 ], "autoUv": false, "snapUv": false },
										"down": { "texture": "#fibers.png", "uv": [ 13.1226, 16.6968, 13.1226, 16.6032 ], "autoUv": false, "snapUv": false }
									}
								}
							]
						}
					]
				}
			]
		}
	]}