{
	"editor": {
		"allAngles": false,
		"entityTextureMode": false
	},
	"textureWidth": 16,
	"textureHeight": 16,
	"textureSizes": {
		"blackbronze": [16,16],
		"iron": [16,16],
		"wood": [16,16],
		"handle": [16,16]
	},
	"textures": {
		"blackbronze": "game:block/metal/ingot/iron"
	},
	"elements": [
		{
			"name": "origin",
			"from": [ 8.0, 0.0, 8.0 ],
			"to": [ 8.0, 0.0, 8.0 ],
			"rotationOrigin": [ 8.0, 0.0, 8.0 ],
			"faces": {
			},
			"children": [
				{
					"name": "head",
					"from": [ 10.0, -0.5, -0.5 ],
					"to": [ 15.0, 1.5, 1.5 ],
					"rotationOrigin": [ 10.0, 0.5, 0.5 ],
					"faces": {
						"north": { "texture": "#blackbronze", "uv": [ 2.5, 10.5, 7.5, 12.5 ] },
						"east": { "texture": "#blackbronze", "uv": [ 6.0, 10.0, 8.0, 12.0 ] },
						"south": { "texture": "#blackbronze", "uv": [ 0.5, 0.5, 5.5, 2.5 ] },
						"west": { "texture": "#blackbronze", "uv": [ 0.5, 2.0, 2.5, 4.0 ] },
						"up": { "texture": "#blackbronze", "uv": [ 8.0, 12.5, 13.0, 14.5 ] },
						"down": { "texture": "#blackbronze", "uv": [ 0.0, 5.0, 5.0, 7.0 ] }
					},
					"children": [
						{
							"name": "flangeV",
							"from": [ 1.0, -1.0, 0.6 ],
							"to": [ 4.0, 3.0, 1.4 ],
							"rotationOrigin": [ 2.5, 1.0, 1.0 ],
							"faces": {
								"north": { "texture": "#blackbronze", "uv": [ 6.0, 4.5, 9.0, 8.5 ] },
								"east": { "texture": "#blackbronze", "uv": [ 14.5, 8.0, 15.0, 12.0 ] },
								"south": { "texture": "#blackbronze", "uv": [ 5.5, 7.0, 8.5, 11.0 ] },
								"west": { "texture": "#blackbronze", "uv": [ 13.5, 8.0, 14.0, 12.0 ] },
								"up": { "texture": "#blackbronze", "uv": [ 9.5, 9.5, 12.5, 10.0 ] },
								"down": { "texture": "#blackbronze", "uv": [ 5.5, 9.5, 8.5, 10.0 ] }
							},
							"children": [
								{
									"name": "taper1",
									"from": [ 0.0, 0.0, 0.1 ],
									"to": [ 1.0, 1.4, 0.7 ],
									"rotationOrigin": [ 0.0, 0.0, 0.5 ],
									"rotationZ": 45.0,
									"faces": {
										"north": { "texture": "#blackbronze", "uv": [ 5.5, 6.0, 6.5, 7.0 ] },
										"south": { "texture": "#blackbronze", "uv": [ 13.0, 1.0, 14.0, 2.0 ] },
										"west": { "texture": "#blackbronze", "uv": [ 13.5, 0.0, 14.0, 1.0 ] }
									}
								},
								{
									"name": "taper2",
									"from": [ 2.0, 0.0, 0.1 ],
									"to": [ 3.0, 1.4, 0.7 ],
									"rotationOrigin": [ 3.0, 0.0, 0.5 ],
									"rotationZ": -45.0,
									"faces": {
										"north": { "texture": "#blackbronze", "uv": [ 11.0, 13.0, 12.0, 14.0 ] },
										"east": { "texture": "#blackbronze", "uv": [ 5.0, 4.0, 5.5, 5.0 ], "windMode": [-1,-1,-1,-1] },
										"south": { "texture": "#blackbronze", "uv": [ 6.5, 3.0, 7.5, 4.0 ] }
									}
								},
								{
									"name": "taper3",
									"from": [ -1.4, 3.0, 0.1 ],
									"to": [ 0.0, 4.0, 0.7 ],
									"rotationOrigin": [ 0.0, 4.0, 0.5 ],
									"rotationZ": 45.0,
									"faces": {
										"north": { "texture": "#blackbronze", "uv": [ 5.5, 13.0, 6.5, 14.0 ] },
										"south": { "texture": "#blackbronze", "uv": [ 10.5, 0.0, 11.5, 1.0 ] },
										"up": { "texture": "#blackbronze", "uv": [ 6.0, 8.0, 7.0, 8.5 ] }
									}
								},
								{
									"name": "taper4",
									"from": [ 3.0, 3.0, 0.1 ],
									"to": [ 4.4, 4.0, 0.7 ],
									"rotationOrigin": [ 3.0, 4.0, 0.5 ],
									"rotationZ": -45.0,
									"faces": {
										"north": { "texture": "#blackbronze", "uv": [ 6.0, 7.0, 7.0, 8.0 ] },
										"south": { "texture": "#blackbronze", "uv": [ 10.5, 8.0, 11.5, 9.0 ] },
										"up": { "texture": "#blackbronze", "uv": [ 1.5, 4.5, 2.5, 5.0 ], "windMode": [-1,-1,-1,-1] }
									}
								},
								{
									"name": "spike1",
									"from": [ 0.8, 3.3, 0.1 ],
									"to": [ 2.2, 4.7, 0.7 ],
									"rotationOrigin": [ 1.5, 4.0, 0.3 ],
									"rotationZ": -45.0,
									"faces": {
										"north": { "texture": "#blackbronze", "uv": [ 10.0, 2.5, 11.0, 3.5 ] },
										"south": { "texture": "#blackbronze", "uv": [ 6.5, 7.0, 7.5, 8.0 ] },
										"west": { "texture": "#blackbronze", "uv": [ 0.5, 7.0, 1.0, 8.0 ] },
										"up": { "texture": "#blackbronze", "uv": [ 9.0, 7.5, 10.0, 8.0 ] }
									}
								},
								{
									"name": "spike2",
									"from": [ 0.8, -0.7, 0.1 ],
									"to": [ 2.2, 0.7, 0.7 ],
									"rotationOrigin": [ 1.5, 0.0, 0.3 ],
									"rotationZ": -45.0,
									"faces": {
										"north": { "texture": "#blackbronze", "uv": [ 11.0, 6.5, 12.0, 7.5 ] },
										"east": { "texture": "#blackbronze", "uv": [ 9.5, 11.5, 10.0, 12.5 ] },
										"south": { "texture": "#blackbronze", "uv": [ 8.5, 9.0, 9.5, 10.0 ] },
										"down": { "texture": "#blackbronze", "uv": [ 11.0, 2.0, 12.0, 2.5 ] }
									}
								}
							]
						},
						{
							"name": "flangeH",
							"from": [ 1.0, 0.6, -1.0 ],
							"to": [ 4.0, 1.4, 3.0 ],
							"rotationOrigin": [ 2.5, 1.0, 1.0 ],
							"faces": {
								"north": { "texture": "#blackbronze", "uv": [ 7.5, 6.0, 10.5, 6.5 ] },
								"east": { "texture": "#blackbronze", "uv": [ 5.0, 2.5, 9.0, 3.0 ] },
								"south": { "texture": "#blackbronze", "uv": [ 7.5, 13.0, 10.5, 13.5 ] },
								"west": { "texture": "#blackbronze", "uv": [ 0.0, 10.0, 4.0, 10.5 ] },
								"up": { "texture": "#blackbronze", "uv": [ 5.5, 6.0, 8.5, 10.0 ] },
								"down": { "texture": "#blackbronze", "uv": [ 7.0, 11.0, 10.0, 15.0 ] }
							},
							"children": [
								{
									"name": "taper5",
									"from": [ -1.4, 0.1, 0.0 ],
									"to": [ 0.0, 0.7, 1.0 ],
									"rotationOrigin": [ 0.0, 0.5, 0.0 ],
									"rotationY": 45.0,
									"faces": {
										"north": { "texture": "#blackbronze", "uv": [ 8.0, 2.5, 9.0, 3.0 ] },
										"up": { "texture": "#blackbronze", "uv": [ 7.5, 2.0, 8.5, 3.0 ] },
										"down": { "texture": "#blackbronze", "uv": [ 9.5, 10.0, 10.5, 11.0 ] }
									}
								},
								{
									"name": "taper6",
									"from": [ 3.0, 0.1, 0.0 ],
									"to": [ 4.4, 0.7, 1.0 ],
									"rotationOrigin": [ 3.0, 0.5, 0.0 ],
									"rotationY": -45.0,
									"faces": {
										"north": { "texture": "#blackbronze", "uv": [ 0.5, 10.5, 1.5, 11.0 ] },
										"up": { "texture": "#blackbronze", "uv": [ 3.5, 14.5, 4.5, 15.5 ] },
										"down": { "texture": "#blackbronze", "uv": [ 0.0, 0.5, 1.0, 1.5 ] }
									}
								},
								{
									"name": "taper8",
									"from": [ 3.0, 0.1, 3.0 ],
									"to": [ 4.4, 0.7, 4.0 ],
									"rotationOrigin": [ 3.0, 0.5, 4.0 ],
									"rotationY": 45.0,
									"faces": {
										"south": { "texture": "#blackbronze", "uv": [ 1.0, 14.0, 2.0, 14.5 ] },
										"up": { "texture": "#blackbronze", "uv": [ 11.0, 10.0, 12.0, 11.0 ] },
										"down": { "texture": "#blackbronze", "uv": [ 7.0, 0.0, 8.0, 1.0 ] }
									}
								},
								{
									"name": "taper7",
									"from": [ -1.4, 0.1, 3.0 ],
									"to": [ 0.0, 0.7, 4.0 ],
									"rotationOrigin": [ 0.0, 0.5, 4.0 ],
									"rotationY": -45.0,
									"faces": {
										"south": { "texture": "#blackbronze", "uv": [ 7.5, 2.5, 8.5, 3.0 ] },
										"up": { "texture": "#blackbronze", "uv": [ 10.5, 14.0, 11.5, 15.0 ] },
										"down": { "texture": "#blackbronze", "uv": [ 8.0, 3.5, 9.0, 4.5 ] }
									}
								},
								{
									"name": "spike3",
									"from": [ 0.7, 0.1, -0.6 ],
									"to": [ 2.1, 0.7, 0.8 ],
									"rotationOrigin": [ 1.4, 0.4, 0.0 ],
									"rotationY": -45.0,
									"faces": {
										"north": { "texture": "#blackbronze", "uv": [ 11.0, 15.0, 12.0, 15.5 ] },
										"west": { "texture": "#blackbronze", "uv": [ 2.0, 4.5, 3.0, 5.0 ] },
										"up": { "texture": "#blackbronze", "uv": [ 11.0, 5.0, 12.0, 6.0 ] },
										"down": { "texture": "#blackbronze", "uv": [ 4.0, 11.5, 5.0, 12.5 ] }
									}
								},
								{
									"name": "spike4",
									"from": [ 0.7, 0.1, 3.3 ],
									"to": [ 2.1, 0.7, 4.7 ],
									"rotationOrigin": [ 1.4, 0.4, 3.9 ],
									"rotationY": -45.0,
									"faces": {
										"east": { "texture": "#blackbronze", "uv": [ 10.0, 10.0, 11.0, 10.5 ] },
										"south": { "texture": "#blackbronze", "uv": [ 6.5, 9.0, 7.5, 9.5 ], "windMode": [-1,-1,-1,-1] },
										"up": { "texture": "#blackbronze", "uv": [ 2.0, 10.0, 3.0, 11.0 ] },
										"down": { "texture": "#blackbronze", "uv": [ 6.5, 1.0, 7.5, 2.0 ] }
									}
								}
							]
						},
						{
							"name": "cap1",
							"from": [ 5.0, 0.5, 0.5 ],
							"to": [ 5.5, 1.5, 1.5 ],
							"rotationOrigin": [ 5.0, 1.0, 1.0 ],
							"faces": {
								"north": { "texture": "#blackbronze", "uv": [ 9.0, 14.5, 9.5, 15.5 ] },
								"east": { "texture": "#blackbronze", "uv": [ 3.5, 11.0, 4.5, 12.0 ], "windMode": [-1,-1,-1,-1] },
								"south": { "texture": "#blackbronze", "uv": [ 7.0, 2.0, 7.5, 3.0 ] },
								"up": { "texture": "#blackbronze", "uv": [ 9.0, 2.5, 9.5, 3.5 ] },
								"down": { "texture": "#blackbronze", "uv": [ 11.0, 0.5, 11.5, 1.5 ] }
							}
						},
						{
							"name": "flangeD1",
							"from": [ 1.0, 0.6, -1.0 ],
							"to": [ 4.0, 1.4, 3.0 ],
							"rotationOrigin": [ 2.5, 1.0, 1.0 ],
							"rotationX": -45.0,
							"faces": {
								"north": { "texture": "#blackbronze", "uv": [ 8.5, 2.0, 11.5, 2.5 ] },
								"east": { "texture": "#blackbronze", "uv": [ 3.5, 3.5, 7.5, 4.0 ] },
								"south": { "texture": "#blackbronze", "uv": [ 11.5, 13.0, 14.5, 13.5 ] },
								"west": { "texture": "#blackbronze", "uv": [ 11.0, 6.0, 15.0, 6.5 ] },
								"up": { "texture": "#blackbronze", "uv": [ 9.5, 10.0, 12.5, 14.0 ] },
								"down": { "texture": "#blackbronze", "uv": [ 0.5, 11.5, 3.5, 15.5 ] }
							},
							"children": [
								{
									"name": "taper9",
									"from": [ -1.4, 0.1, 0.0 ],
									"to": [ 0.0, 0.7, 1.0 ],
									"rotationOrigin": [ 0.0, 0.5, 0.0 ],
									"rotationY": 45.0,
									"faces": {
										"north": { "texture": "#blackbronze", "uv": [ 13.0, 3.0, 14.0, 3.5 ] },
										"up": { "texture": "#blackbronze", "uv": [ 13.5, 3.5, 14.5, 4.5 ] },
										"down": { "texture": "#blackbronze", "uv": [ 5.5, 3.5, 6.5, 4.5 ] }
									}
								},
								{
									"name": "taper10",
									"from": [ 3.0, 0.1, 0.0 ],
									"to": [ 4.4, 0.7, 1.0 ],
									"rotationOrigin": [ 3.0, 0.5, 0.0 ],
									"rotationY": -45.0,
									"faces": {
										"north": { "texture": "#blackbronze", "uv": [ 8.5, 6.0, 9.5, 6.5 ] },
										"up": { "texture": "#blackbronze", "uv": [ 7.0, 11.5, 8.0, 12.5 ] },
										"down": { "texture": "#blackbronze", "uv": [ 7.0, 13.5, 8.0, 14.5 ] }
									}
								},
								{
									"name": "taper11",
									"from": [ 3.0, 0.1, 3.0 ],
									"to": [ 4.4, 0.7, 4.0 ],
									"rotationOrigin": [ 3.0, 0.5, 4.0 ],
									"rotationY": 45.0,
									"faces": {
										"south": { "texture": "#blackbronze", "uv": [ 1.0, 6.5, 2.0, 7.0 ] },
										"up": { "texture": "#blackbronze", "uv": [ 2.0, 2.5, 3.0, 3.5 ] },
										"down": { "texture": "#blackbronze", "uv": [ 8.0, 3.0, 9.0, 4.0 ] }
									}
								},
								{
									"name": "taper12",
									"from": [ -1.4, 0.1, 3.0 ],
									"to": [ 0.0, 0.7, 4.0 ],
									"rotationOrigin": [ 0.0, 0.5, 4.0 ],
									"rotationY": -45.0,
									"faces": {
										"south": { "texture": "#blackbronze", "uv": [ 12.0, 5.0, 13.0, 5.5 ] },
										"up": { "texture": "#blackbronze", "uv": [ 12.0, 0.0, 13.0, 1.0 ] },
										"down": { "texture": "#blackbronze", "uv": [ 4.0, 2.0, 5.0, 3.0 ] }
									}
								},
								{
									"name": "spike5",
									"from": [ 1.0, 0.1, 3.3 ],
									"to": [ 2.4, 0.7, 4.7 ],
									"rotationOrigin": [ 1.6, 0.4, 3.9 ],
									"rotationY": -45.0,
									"faces": {
										"east": { "texture": "#blackbronze", "uv": [ 6.5, 9.0, 7.5, 9.5 ] },
										"south": { "texture": "#blackbronze", "uv": [ 6.0, 8.5, 7.0, 9.0 ] },
										"up": { "texture": "#blackbronze", "uv": [ 5.5, 10.5, 6.5, 11.5 ] },
										"down": { "texture": "#blackbronze", "uv": [ 12.5, 5.5, 13.5, 6.5 ] }
									}
								},
								{
									"name": "spike6",
									"from": [ 1.0, 0.1, -0.7 ],
									"to": [ 2.4, 0.7, 0.7 ],
									"rotationOrigin": [ 1.6, 0.4, -0.1 ],
									"rotationY": -45.0,
									"faces": {
										"north": { "texture": "#blackbronze", "uv": [ 13.0, 5.0, 14.0, 5.5 ], "windMode": [-1,-1,-1,-1] },
										"west": { "texture": "#blackbronze", "uv": [ 5.0, 12.5, 6.0, 13.0 ], "windMode": [-1,-1,-1,-1] },
										"up": { "texture": "#blackbronze", "uv": [ 11.5, 13.5, 12.5, 14.5 ] },
										"down": { "texture": "#blackbronze", "uv": [ 3.5, 11.0, 4.5, 12.0 ] }
									}
								}
							]
						},
						{
							"name": "flangeD2",
							"from": [ 1.0, -1.0, 0.6 ],
							"to": [ 4.0, 3.0, 1.4 ],
							"rotationOrigin": [ 2.5, 1.0, 1.0 ],
							"rotationX": -45.0,
							"faces": {
								"north": { "texture": "#blackbronze", "uv": [ 4.0, 9.0, 7.0, 13.0 ] },
								"east": { "texture": "#blackbronze", "uv": [ 11.0, 8.5, 11.5, 12.5 ] },
								"south": { "texture": "#blackbronze", "uv": [ 0.5, 8.5, 3.5, 12.5 ] },
								"west": { "texture": "#blackbronze", "uv": [ 14.0, 3.5, 14.5, 7.5 ] },
								"up": { "texture": "#blackbronze", "uv": [ 6.0, 6.5, 9.0, 7.0 ] },
								"down": { "texture": "#blackbronze", "uv": [ 7.0, 8.5, 10.0, 9.0 ] }
							},
							"children": [
								{
									"name": "taper13",
									"from": [ 0.0, 0.0, 0.1 ],
									"to": [ 1.0, 1.4, 0.7 ],
									"rotationOrigin": [ 0.0, 0.0, 0.5 ],
									"rotationZ": 45.0,
									"faces": {
										"north": { "texture": "#blackbronze", "uv": [ 2.0, 6.5, 3.0, 7.5 ] },
										"south": { "texture": "#blackbronze", "uv": [ 8.5, 9.0, 9.5, 10.0 ] },
										"west": { "texture": "#blackbronze", "uv": [ 14.0, 2.0, 14.5, 3.0 ] }
									}
								},
								{
									"name": "taper14",
									"from": [ 2.0, 0.0, 0.1 ],
									"to": [ 3.0, 1.4, 0.7 ],
									"rotationOrigin": [ 3.0, 0.0, 0.5 ],
									"rotationZ": -45.0,
									"faces": {
										"north": { "texture": "#blackbronze", "uv": [ 3.5, 10.0, 4.5, 11.0 ] },
										"east": { "texture": "#blackbronze", "uv": [ 15.0, 6.0, 15.5, 7.0 ] },
										"south": { "texture": "#blackbronze", "uv": [ 12.5, 14.0, 13.5, 15.0 ] }
									}
								},
								{
									"name": "taper15",
									"from": [ -1.4, 3.0, 0.1 ],
									"to": [ 0.0, 4.0, 0.7 ],
									"rotationOrigin": [ 0.0, 4.0, 0.5 ],
									"rotationZ": 45.0,
									"faces": {
										"north": { "texture": "#blackbronze", "uv": [ 14.0, 12.0, 15.0, 13.0 ] },
										"south": { "texture": "#blackbronze", "uv": [ 6.5, 3.5, 7.5, 4.5 ] },
										"up": { "texture": "#blackbronze", "uv": [ 10.5, 5.0, 11.5, 5.5 ] }
									}
								},
								{
									"name": "taper16",
									"from": [ 3.0, 3.0, 0.1 ],
									"to": [ 4.4, 4.0, 0.7 ],
									"rotationOrigin": [ 3.0, 4.0, 0.5 ],
									"rotationZ": -45.0,
									"faces": {
										"north": { "texture": "#blackbronze", "uv": [ 9.0, 9.5, 10.0, 10.5 ] },
										"south": { "texture": "#blackbronze", "uv": [ 2.0, 8.5, 3.0, 9.5 ] },
										"up": { "texture": "#blackbronze", "uv": [ 4.5, 12.5, 5.5, 13.0 ] }
									}
								},
								{
									"name": "spike7",
									"from": [ 1.0, 3.3, 0.1 ],
									"to": [ 2.4, 4.7, 0.7 ],
									"rotationOrigin": [ 1.6, 3.9, 0.3 ],
									"rotationZ": 45.0,
									"faces": {
										"north": { "texture": "#blackbronze", "uv": [ 9.5, 1.5, 10.5, 2.5 ] },
										"east": { "texture": "#blackbronze", "uv": [ 11.0, 9.5, 11.5, 10.5 ] },
										"south": { "texture": "#blackbronze", "uv": [ 0.0, 5.5, 1.0, 6.5 ] },
										"up": { "texture": "#blackbronze", "uv": [ 2.5, 9.5, 3.5, 10.0 ] }
									}
								},
								{
									"name": "spike8",
									"from": [ 1.0, -0.6, 0.1 ],
									"to": [ 2.4, 0.8, 0.7 ],
									"rotationOrigin": [ 1.6, 0.0, 0.3 ],
									"rotationZ": -45.0,
									"faces": {
										"north": { "texture": "#blackbronze", "uv": [ 6.0, 12.5, 7.0, 13.5 ] },
										"east": { "texture": "#blackbronze", "uv": [ 13.0, 0.0, 13.5, 1.0 ] },
										"south": { "texture": "#blackbronze", "uv": [ 4.0, 7.5, 5.0, 8.5 ] },
										"up": { "texture": "#blackbronze", "uv": [ 5.5, 5.5, 6.5, 6.0 ] }
									}
								}
							]
						}
					]
				}
			]
		}
	]}