{
	"editor": {
		"collapsedPaths": "Root/origin",
		"allAngles": false,
		"entityTextureMode": false
	},
	"textureWidth": 16,
	"textureHeight": 16,
	"textureSizes": {
		"blackbronze": [16,16],
		"iron": [16,16],
		"wood": [16,16],
		"handle": [16,16],
		"bismuthbronze": [16,16],
		"debarked/oak": [16,16],
		"metal": [16,16]
	},
	"textures": {
		"cloth": "game:block/cloth/linen/black",
		"blackbronze": "game:block/metal/ingot/tinbronze",
		"handguard": "game:block/metal/sheet/gold1",
		"handle": "game:block/wood/debarked/oak"
	},
	"elements": [
		{
			"name": "origin",
			"from": [ 8.0, 0.0, 8.0 ],
			"to": [ 8.0, 0.0, 8.0 ],
			"rotationOrigin": [ 8.0, 0.0, 8.0 ],
			"faces": {
			},
			"children": [
				{
					"name": "handle",
					"from": [ -8.0, -0.75, -0.75 ],
					"to": [ 8.0, 0.75, 0.75 ],
					"faces": {
						"north": { "texture": "#handle", "uv": [ 0.0, 10.0, 16.0, 11.5 ] },
						"south": { "texture": "#handle", "uv": [ 0.0, 10.0, 16.0, 11.5 ] },
						"west": { "texture": "#handle", "uv": [ 4.0, 8.0, 5.5, 9.5 ] },
						"up": { "texture": "#handle", "uv": [ 0.0, 12.5, 16.0, 14.0 ] },
						"down": { "texture": "#handle", "uv": [ 0.0, 12.5, 16.0, 14.0 ] }
					},
					"children": [
						{
							"name": "socket",
							"from": [ 16.0, -0.2, -0.2 ],
							"to": [ 18.0, 1.7, 1.7 ],
							"rotationOrigin": [ 16.0, 0.75, 0.75 ],
							"faces": {
								"north": { "texture": "#handguard", "uv": [ 1.0, 8.0, 3.0, 9.5 ] },
								"south": { "texture": "#handguard", "uv": [ 3.5, 6.5, 5.5, 8.0 ], "windMode": [-1,-1,-1,-1] },
								"west": { "texture": "#handguard", "uv": [ 11.5, 3.0, 13.0, 4.5 ], "windMode": [-1,-1,-1,-1] },
								"up": { "texture": "#handguard", "uv": [ 1.0, 9.5, 3.0, 11.0 ], "windMode": [-1,-1,-1,-1] },
								"down": { "texture": "#handguard", "uv": [ 11.0, 3.5, 13.0, 5.0 ], "windMode": [-1,-1,-1,-1] }
							},
							"children": [
								{
									"name": "head",
									"from": [ 2.0, -0.5, -0.6 ],
									"to": [ 9.0, 2.5, 2.4 ],
									"rotationOrigin": [ 2.0, 0.9, 0.9 ],
									"faces": {
										"north": { "texture": "#blackbronze", "uv": [ 5.0, 2.5, 12.0, 5.5 ] },
										"east": { "texture": "#blackbronze", "uv": [ 0.0, 10.5, 3.0, 13.5 ] },
										"south": { "texture": "#blackbronze", "uv": [ 4.0, 11.5, 11.0, 14.5 ] },
										"west": { "texture": "#blackbronze", "uv": [ 3.5, 6.0, 6.5, 9.0 ] },
										"up": { "texture": "#blackbronze", "uv": [ 8.0, 7.0, 15.0, 10.0 ] },
										"down": { "texture": "#blackbronze", "uv": [ 5.5, 5.0, 12.5, 8.0 ] }
									},
									"children": [
										{
											"name": "cap",
											"from": [ 7.0, 0.5, 0.5 ],
											"to": [ 7.5, 2.5, 2.5 ],
											"rotationOrigin": [ 7.0, 1.5, 1.5 ],
											"faces": {
												"north": { "texture": "#blackbronze", "uv": [ 9.0, 0.5, 9.5, 2.5 ] },
												"east": { "texture": "#blackbronze", "uv": [ 13.0, 1.5, 15.0, 3.5 ] },
												"south": { "texture": "#blackbronze", "uv": [ 7.5, 1.0, 8.0, 3.0 ] },
												"up": { "texture": "#blackbronze", "uv": [ 9.0, 10.5, 9.5, 12.5 ] },
												"down": { "texture": "#blackbronze", "uv": [ 5.0, 6.5, 5.5, 8.5 ] }
											}
										},
										{
											"name": "rotator2",
											"from": [ 0.0, 1.35, 0.0 ],
											"to": [ 0.0, 1.35, 0.0 ],
											"rotationOrigin": [ 0.0, 1.35, 1.55 ],
											"rotationX": 45.0,
											"faces": {
											},
											"children": [
												{
													"name": "spike4",
													"from": [ 1.0, -2.35, 1.0 ],
													"to": [ 2.0, 2.65, 2.0 ],
													"rotationOrigin": [ 1.5, 0.15, 1.5 ],
													"rotationY": 45.0,
													"faces": {
														"north": { "texture": "#blackbronze", "uv": [ 7.5, 9.0, 8.5, 14.0 ] },
														"east": { "texture": "#blackbronze", "uv": [ 9.0, 3.0, 10.0, 8.0 ] },
														"south": { "texture": "#blackbronze", "uv": [ 11.0, 7.5, 12.0, 12.5 ] },
														"west": { "texture": "#blackbronze", "uv": [ 11.5, 4.5, 12.5, 9.5 ] },
														"up": { "texture": "#blackbronze", "uv": [ 13.0, 5.0, 14.0, 6.0 ] },
														"down": { "texture": "#blackbronze", "uv": [ 11.0, 13.0, 12.0, 14.0 ] }
													},
													"children": [
														{
															"name": "tip7",
															"from": [ 0.15, 4.65, 0.05 ],
															"to": [ 0.85, 5.35, 0.95 ],
															"rotationOrigin": [ 0.5, 5.0, 0.5 ],
															"rotationZ": -45.0,
															"faces": {
																"north": { "texture": "#blackbronze", "uv": [ 10.5, 0.0, 11.0, 0.5 ] },
																"south": { "texture": "#blackbronze", "uv": [ 12.5, 0.5, 13.0, 1.0 ] },
																"west": { "texture": "#blackbronze", "uv": [ 6.5, 8.5, 7.0, 9.0 ] },
																"up": { "texture": "#blackbronze", "uv": [ 5.0, 4.0, 5.5, 4.5 ] }
															}
														},
														{
															"name": "tip8",
															"from": [ 0.15, -0.35, 0.05 ],
															"to": [ 0.85, 0.35, 0.95 ],
															"rotationOrigin": [ 0.5, 0.0, 0.5 ],
															"rotationZ": -45.0,
															"faces": {
																"north": { "texture": "#blackbronze", "uv": [ 13.5, 0.5, 14.0, 1.0 ] },
																"east": { "texture": "#blackbronze", "uv": [ 7.5, 7.5, 8.0, 8.0 ] },
																"south": { "texture": "#blackbronze", "uv": [ 2.5, 9.0, 3.0, 9.5 ] },
																"down": { "texture": "#blackbronze", "uv": [ 0.0, 2.5, 0.5, 3.0 ] }
															}
														}
													]
												},
												{
													"name": "spike5",
													"from": [ 3.0, -2.35, 1.0 ],
													"to": [ 4.0, 2.65, 2.0 ],
													"rotationOrigin": [ 3.5, 0.15, 1.5 ],
													"rotationY": -45.0,
													"faces": {
														"north": { "texture": "#blackbronze", "uv": [ 8.0, 7.0, 9.0, 12.0 ] },
														"east": { "texture": "#blackbronze", "uv": [ 9.5, 8.0, 10.5, 13.0 ] },
														"south": { "texture": "#blackbronze", "uv": [ 5.5, 1.0, 6.5, 6.0 ] },
														"west": { "texture": "#blackbronze", "uv": [ 12.0, 7.0, 13.0, 12.0 ] },
														"up": { "texture": "#blackbronze", "uv": [ 3.0, 11.5, 4.0, 12.5 ] },
														"down": { "texture": "#blackbronze", "uv": [ 2.5, 5.5, 3.5, 6.5 ] }
													},
													"children": [
														{
															"name": "tip9",
															"from": [ 0.15, 4.65, 0.05 ],
															"to": [ 0.85, 5.35, 0.95 ],
															"rotationOrigin": [ 0.5, 5.0, 0.5 ],
															"rotationZ": -45.0,
															"faces": {
																"north": { "texture": "#blackbronze", "uv": [ 7.5, 11.5, 8.0, 12.0 ] },
																"south": { "texture": "#blackbronze", "uv": [ 2.0, 13.5, 2.5, 14.0 ] },
																"west": { "texture": "#blackbronze", "uv": [ 11.5, 0.0, 12.0, 0.5 ] },
																"up": { "texture": "#blackbronze", "uv": [ 13.0, 11.5, 13.5, 12.0 ] }
															}
														},
														{
															"name": "tip10",
															"from": [ 0.15, -0.35, 0.05 ],
															"to": [ 0.85, 0.35, 0.95 ],
															"rotationOrigin": [ 0.5, 0.0, 0.5 ],
															"rotationZ": -45.0,
															"faces": {
																"north": { "texture": "#blackbronze", "uv": [ 13.0, 5.0, 13.5, 5.5 ] },
																"east": { "texture": "#blackbronze", "uv": [ 12.0, 0.0, 12.5, 0.5 ] },
																"south": { "texture": "#blackbronze", "uv": [ 5.0, 7.5, 5.5, 8.0 ] },
																"down": { "texture": "#blackbronze", "uv": [ 13.5, 12.0, 14.0, 12.5 ] }
															}
														}
													]
												},
												{
													"name": "spike6",
													"from": [ 5.0, -2.35, 1.0 ],
													"to": [ 6.0, 2.65, 2.0 ],
													"rotationOrigin": [ 5.5, 0.15, 1.5 ],
													"rotationY": 45.0,
													"faces": {
														"north": { "texture": "#blackbronze", "uv": [ 8.0, 2.5, 9.0, 7.5 ] },
														"east": { "texture": "#blackbronze", "uv": [ 4.0, 1.5, 5.0, 6.5 ] },
														"south": { "texture": "#blackbronze", "uv": [ 4.5, 8.0, 5.5, 13.0 ] },
														"west": { "texture": "#blackbronze", "uv": [ 9.0, 6.0, 10.0, 11.0 ] },
														"up": { "texture": "#blackbronze", "uv": [ 4.0, 10.0, 5.0, 11.0 ] },
														"down": { "texture": "#blackbronze", "uv": [ 5.5, 4.0, 6.5, 5.0 ] }
													},
													"children": [
														{
															"name": "tip11",
															"from": [ 0.15, 4.65, 0.05 ],
															"to": [ 0.85, 5.35, 0.95 ],
															"rotationOrigin": [ 0.5, 5.0, 0.5 ],
															"rotationZ": -45.0,
															"faces": {
																"north": { "texture": "#blackbronze", "uv": [ 11.5, 1.0, 12.0, 1.5 ] },
																"south": { "texture": "#blackbronze", "uv": [ 1.0, 10.5, 1.5, 11.0 ] },
																"west": { "texture": "#blackbronze", "uv": [ 3.5, 0.0, 4.0, 0.5 ] },
																"up": { "texture": "#blackbronze", "uv": [ 3.0, 13.5, 3.5, 14.0 ] }
															}
														},
														{
															"name": "tip12",
															"from": [ 0.15, -0.35, 0.05 ],
															"to": [ 0.85, 0.35, 0.95 ],
															"rotationOrigin": [ 0.5, 0.0, 0.5 ],
															"rotationZ": -45.0,
															"faces": {
																"north": { "texture": "#blackbronze", "uv": [ 13.0, 9.5, 13.5, 10.0 ] },
																"east": { "texture": "#blackbronze", "uv": [ 5.5, 7.0, 6.0, 7.5 ] },
																"south": { "texture": "#blackbronze", "uv": [ 10.5, 8.5, 11.0, 9.0 ] },
																"down": { "texture": "#blackbronze", "uv": [ 4.0, 6.5, 4.5, 7.0 ] }
															}
														}
													]
												}
											]
										},
										{
											"name": "rotator1",
											"from": [ 0.0, 0.0, 0.0 ],
											"to": [ 0.0, 0.0, 0.0 ],
											"rotationOrigin": [ 0.0, 1.35, 1.35 ],
											"rotationX": -45.0,
											"faces": {
											},
											"children": [
												{
													"name": "spike1",
													"from": [ 1.0, -1.0, 1.0 ],
													"to": [ 2.0, 4.0, 2.0 ],
													"rotationOrigin": [ 1.5, 1.5, 1.5 ],
													"rotationY": -45.0,
													"faces": {
														"north": { "texture": "#blackbronze", "uv": [ 7.5, 7.0, 8.5, 12.0 ] },
														"east": { "texture": "#blackbronze", "uv": [ 1.5, 0.5, 2.5, 5.5 ] },
														"south": { "texture": "#blackbronze", "uv": [ 9.5, 8.0, 10.5, 13.0 ] },
														"west": { "texture": "#blackbronze", "uv": [ 7.5, 5.5, 8.5, 10.5 ] },
														"up": { "texture": "#blackbronze", "uv": [ 14.5, 9.0, 15.5, 10.0 ] },
														"down": { "texture": "#blackbronze", "uv": [ 3.0, 8.0, 4.0, 9.0 ] }
													},
													"children": [
														{
															"name": "tip1",
															"from": [ 0.15, 4.65, 0.05 ],
															"to": [ 0.85, 5.35, 0.95 ],
															"rotationOrigin": [ 0.5, 5.0, 0.5 ],
															"rotationZ": -45.0,
															"faces": {
																"north": { "texture": "#blackbronze", "uv": [ 6.5, 13.5, 7.0, 14.0 ] },
																"south": { "texture": "#blackbronze", "uv": [ 5.0, 9.5, 5.5, 10.0 ] },
																"west": { "texture": "#blackbronze", "uv": [ 3.5, 1.5, 4.0, 2.0 ] },
																"up": { "texture": "#blackbronze", "uv": [ 10.0, 8.5, 10.5, 9.0 ] }
															}
														},
														{
															"name": "tip2",
															"from": [ 0.15, -0.35, 0.05 ],
															"to": [ 0.85, 0.35, 0.95 ],
															"rotationOrigin": [ 0.5, 0.0, 0.5 ],
															"rotationZ": -45.0,
															"faces": {
																"north": { "texture": "#blackbronze", "uv": [ 14.0, 5.0, 14.5, 5.5 ] },
																"east": { "texture": "#blackbronze", "uv": [ 14.5, 15.0, 15.0, 15.5 ], "windMode": [-1,-1,-1,-1] },
																"south": { "texture": "#blackbronze", "uv": [ 11.5, 8.0, 12.0, 8.5 ] },
																"down": { "texture": "#blackbronze", "uv": [ 0.5, 1.0, 1.0, 1.5 ], "windMode": [-1,-1,-1,-1] }
															}
														}
													]
												},
												{
													"name": "spike2",
													"from": [ 3.0, -1.0, 1.0 ],
													"to": [ 4.0, 4.0, 2.0 ],
													"rotationOrigin": [ 3.5, 1.5, 1.5 ],
													"rotationY": 45.0,
													"faces": {
														"north": { "texture": "#blackbronze", "uv": [ 5.5, 3.5, 6.5, 8.5 ] },
														"east": { "texture": "#blackbronze", "uv": [ 0.0, 3.0, 1.0, 8.0 ] },
														"south": { "texture": "#blackbronze", "uv": [ 2.0, 1.0, 3.0, 6.0 ] },
														"west": { "texture": "#blackbronze", "uv": [ 12.0, 1.0, 13.0, 6.0 ] },
														"up": { "texture": "#blackbronze", "uv": [ 2.0, 5.5, 3.0, 6.5 ] },
														"down": { "texture": "#blackbronze", "uv": [ 8.5, 12.0, 9.5, 13.0 ] }
													},
													"children": [
														{
															"name": "tip3",
															"from": [ 0.15, 4.65, 0.05 ],
															"to": [ 0.85, 5.35, 0.95 ],
															"rotationOrigin": [ 0.5, 5.0, 0.5 ],
															"rotationZ": -45.0,
															"faces": {
																"north": { "texture": "#blackbronze", "uv": [ 2.5, 5.5, 3.0, 6.0 ] },
																"south": { "texture": "#blackbronze", "uv": [ 6.5, 14.0, 7.0, 14.5 ] },
																"west": { "texture": "#blackbronze", "uv": [ 12.5, 11.0, 13.0, 11.5 ] },
																"up": { "texture": "#blackbronze", "uv": [ 3.0, 10.5, 3.5, 11.0 ] }
															}
														},
														{
															"name": "tip4",
															"from": [ 0.15, -0.35, 0.05 ],
															"to": [ 0.85, 0.35, 0.95 ],
															"rotationOrigin": [ 0.5, 0.0, 0.5 ],
															"rotationZ": -45.0,
															"faces": {
																"north": { "texture": "#blackbronze", "uv": [ 10.5, 0.0, 11.0, 0.5 ] },
																"east": { "texture": "#blackbronze", "uv": [ 0.0, 10.0, 0.5, 10.5 ] },
																"south": { "texture": "#blackbronze", "uv": [ 11.0, 0.5, 11.5, 1.0 ] },
																"down": { "texture": "#blackbronze", "uv": [ 12.0, 14.0, 12.5, 14.5 ] }
															}
														}
													]
												},
												{
													"name": "spike3",
													"from": [ 5.0, -1.0, 1.0 ],
													"to": [ 6.0, 4.0, 2.0 ],
													"rotationOrigin": [ 5.5, 1.5, 1.5 ],
													"rotationY": -45.0,
													"faces": {
														"north": { "texture": "#blackbronze", "uv": [ 2.5, 5.0, 3.5, 10.0 ] },
														"east": { "texture": "#blackbronze", "uv": [ 0.0, 1.0, 1.0, 6.0 ] },
														"south": { "texture": "#blackbronze", "uv": [ 13.5, 5.0, 14.5, 10.0 ] },
														"west": { "texture": "#blackbronze", "uv": [ 6.5, 0.5, 7.5, 5.5 ] },
														"up": { "texture": "#blackbronze", "uv": [ 12.5, 3.5, 13.5, 4.5 ] },
														"down": { "texture": "#blackbronze", "uv": [ 6.5, 3.5, 7.5, 4.5 ] }
													},
													"children": [
														{
															"name": "tip5",
															"from": [ 0.15, 4.65, 0.05 ],
															"to": [ 0.85, 5.35, 0.95 ],
															"rotationOrigin": [ 0.5, 5.0, 0.5 ],
															"rotationZ": -45.0,
															"faces": {
																"north": { "texture": "#blackbronze", "uv": [ 12.5, 12.0, 13.0, 12.5 ] },
																"south": { "texture": "#blackbronze", "uv": [ 0.5, 7.0, 1.0, 7.5 ] },
																"west": { "texture": "#blackbronze", "uv": [ 6.0, 7.0, 6.5, 7.5 ] },
																"up": { "texture": "#blackbronze", "uv": [ 7.5, 12.0, 8.0, 12.5 ] }
															}
														},
														{
															"name": "tip6",
															"from": [ 0.15, -0.35, 0.05 ],
															"to": [ 0.85, 0.35, 0.95 ],
															"rotationOrigin": [ 0.5, 0.0, 0.5 ],
															"rotationZ": -45.0,
															"faces": {
																"north": { "texture": "#blackbronze", "uv": [ 8.0, 5.5, 8.5, 6.0 ] },
																"east": { "texture": "#blackbronze", "uv": [ 13.0, 2.0, 13.5, 2.5 ] },
																"south": { "texture": "#blackbronze", "uv": [ 10.0, 14.5, 10.5, 15.0 ] },
																"down": { "texture": "#blackbronze", "uv": [ 13.5, 15.0, 14.0, 15.5 ] }
															}
														}
													]
												}
											]
										},
										{
											"name": "flange",
											"from": [ 0.5, 0.0, 0.0 ],
											"to": [ 6.5, 3.0, 3.0 ],
											"rotationOrigin": [ 0.5, 1.5, 1.5 ],
											"rotationX": -45.0,
											"faces": {
												"north": { "texture": "#blackbronze", "uv": [ 0.0, 0.0, 6.0, 3.0 ] },
												"east": { "texture": "#blackbronze", "uv": [ 0.0, 0.0, 3.0, 3.0 ] },
												"south": { "texture": "#blackbronze", "uv": [ 0.0, 0.0, 6.0, 3.0 ] },
												"west": { "texture": "#blackbronze", "uv": [ 0.0, 0.0, 3.0, 3.0 ] },
												"up": { "texture": "#blackbronze", "uv": [ 0.0, 0.0, 6.0, 3.0 ] },
												"down": { "texture": "#blackbronze", "uv": [ 0.0, 0.0, 6.0, 3.0 ] }
											}
										}
									]
								}
							]
						},
						{
							"name": "socket2",
							"from": [ -1.0, -0.2, -0.2 ],
							"to": [ 1.0, 1.7, 1.7 ],
							"rotationOrigin": [ -1.0, 0.75, 0.75 ],
							"faces": {
								"north": { "texture": "#handguard", "uv": [ 1.0, 8.0, 3.0, 9.5 ] },
								"south": { "texture": "#handguard", "uv": [ 3.5, 6.5, 5.5, 8.0 ], "windMode": [-1,-1,-1,-1] },
								"west": { "texture": "#handguard", "uv": [ 11.5, 3.0, 13.0, 4.5 ], "windMode": [-1,-1,-1,-1] },
								"up": { "texture": "#handguard", "uv": [ 1.0, 9.5, 3.0, 11.0 ], "windMode": [-1,-1,-1,-1] },
								"down": { "texture": "#handguard", "uv": [ 11.0, 3.5, 13.0, 5.0 ], "windMode": [-1,-1,-1,-1] }
							}
						}
					]
				}
			]
		},
		{
			"name": "cloth",
			"from": [ 1.9, -0.85, 7.15 ],
			"to": [ 8.9, 0.85, 8.85 ],
			"rotationOrigin": [ 1.9, -1.1, 7.9 ],
			"faces": {
				"north": { "texture": "#cloth", "uv": [ 3.0, 4.5, 10.0, 6.0 ] },
				"east": { "texture": "#cloth", "uv": [ 2.5, 2.5, 4.0, 4.0 ] },
				"south": { "texture": "#cloth", "uv": [ 3.0, 3.0, 10.0, 4.5 ] },
				"west": { "texture": "#cloth", "uv": [ 3.0, 3.5, 4.5, 5.0 ] },
				"up": { "texture": "#cloth", "uv": [ 9.0, 5.5, 16.0, 7.0 ] },
				"down": { "texture": "#cloth", "uv": [ 5.5, 4.5, 12.5, 6.0 ] }
			}
		},
		{
			"name": "rivet 52",
			"from": [ 2.6, -0.95, 7.8 ],
			"to": [ 3.0, 0.95, 8.2 ],
			"rotationOrigin": [ 2.6, -1.1, 8.5 ],
			"faces": {
				"north": { "texture": "#handguard", "uv": [ 0.0, 12.5, 0.5, 14.0 ] },
				"east": { "texture": "#handguard", "uv": [ 0.0, 8.5, 0.5, 10.0 ] },
				"south": { "texture": "#handguard", "uv": [ 0.0, 2.5, 0.5, 4.0 ] },
				"west": { "texture": "#handguard", "uv": [ 0.0, 8.5, 0.5, 10.0 ] },
				"up": { "texture": "#handguard", "uv": [ 1.0, 14.0, 1.5, 14.5 ] },
				"down": { "texture": "#handguard", "uv": [ 5.5, 1.0, 6.0, 1.5 ] }
			}
		},
		{
			"name": "rivet 53",
			"from": [ 3.6, -0.95, 7.8 ],
			"to": [ 4.0, 0.95, 8.2 ],
			"rotationOrigin": [ 3.6, -0.1, 8.5 ],
			"faces": {
				"north": { "texture": "#handguard", "uv": [ 0.0, 12.5, 0.5, 14.0 ] },
				"east": { "texture": "#handguard", "uv": [ 0.0, 8.5, 0.5, 10.0 ] },
				"south": { "texture": "#handguard", "uv": [ 0.0, 2.5, 0.5, 4.0 ] },
				"west": { "texture": "#handguard", "uv": [ 0.0, 8.5, 0.5, 10.0 ] },
				"up": { "texture": "#handguard", "uv": [ 1.0, 14.0, 1.5, 14.5 ] },
				"down": { "texture": "#handguard", "uv": [ 5.5, 1.0, 6.0, 1.5 ] }
			}
		},
		{
			"name": "rivet 54",
			"from": [ 4.6, -0.95, 7.8 ],
			"to": [ 5.0, 0.95, 8.2 ],
			"rotationOrigin": [ 4.6, -0.1, 8.5 ],
			"faces": {
				"north": { "texture": "#handguard", "uv": [ 0.0, 12.5, 0.5, 14.0 ] },
				"east": { "texture": "#handguard", "uv": [ 0.0, 8.5, 0.5, 10.0 ] },
				"south": { "texture": "#handguard", "uv": [ 0.0, 2.5, 0.5, 4.0 ] },
				"west": { "texture": "#handguard", "uv": [ 0.0, 8.5, 0.5, 10.0 ] },
				"up": { "texture": "#handguard", "uv": [ 1.0, 14.0, 1.5, 14.5 ] },
				"down": { "texture": "#handguard", "uv": [ 5.5, 1.0, 6.0, 1.5 ] }
			}
		},
		{
			"name": "rivet 55",
			"from": [ 5.6, -0.95, 7.8 ],
			"to": [ 6.0, 0.95, 8.2 ],
			"rotationOrigin": [ 5.6, -0.1, 8.5 ],
			"faces": {
				"north": { "texture": "#handguard", "uv": [ 0.0, 12.5, 0.5, 14.0 ] },
				"east": { "texture": "#handguard", "uv": [ 0.0, 8.5, 0.5, 10.0 ] },
				"south": { "texture": "#handguard", "uv": [ 0.0, 2.5, 0.5, 4.0 ] },
				"west": { "texture": "#handguard", "uv": [ 0.0, 8.5, 0.5, 10.0 ] },
				"up": { "texture": "#handguard", "uv": [ 1.0, 14.0, 1.5, 14.5 ] },
				"down": { "texture": "#handguard", "uv": [ 5.5, 1.0, 6.0, 1.5 ] }
			}
		},
		{
			"name": "rivet 56",
			"from": [ 6.6, -0.95, 7.8 ],
			"to": [ 7.0, 0.95, 8.2 ],
			"rotationOrigin": [ 6.6, -0.1, 8.5 ],
			"faces": {
				"north": { "texture": "#handguard", "uv": [ 0.0, 12.5, 0.5, 14.0 ] },
				"east": { "texture": "#handguard", "uv": [ 0.0, 8.5, 0.5, 10.0 ] },
				"south": { "texture": "#handguard", "uv": [ 0.0, 2.5, 0.5, 4.0 ] },
				"west": { "texture": "#handguard", "uv": [ 0.0, 8.5, 0.5, 10.0 ] },
				"up": { "texture": "#handguard", "uv": [ 1.0, 14.0, 1.5, 14.5 ] },
				"down": { "texture": "#handguard", "uv": [ 5.5, 1.0, 6.0, 1.5 ] }
			}
		},
		{
			"name": "rivet 57",
			"from": [ 7.6, -0.95, 7.8 ],
			"to": [ 8.0, 0.95, 8.2 ],
			"rotationOrigin": [ 7.6, -0.1, 8.5 ],
			"faces": {
				"north": { "texture": "#handguard", "uv": [ 0.0, 12.5, 0.5, 14.0 ] },
				"east": { "texture": "#handguard", "uv": [ 0.0, 8.5, 0.5, 10.0 ] },
				"south": { "texture": "#handguard", "uv": [ 0.0, 2.5, 0.5, 4.0 ] },
				"west": { "texture": "#handguard", "uv": [ 0.0, 8.5, 0.5, 10.0 ] },
				"up": { "texture": "#handguard", "uv": [ 1.0, 14.0, 1.5, 14.5 ] },
				"down": { "texture": "#handguard", "uv": [ 5.5, 1.0, 6.0, 1.5 ] }
			}
		},
		{
			"name": "cloth2",
			"from": [ 11.9, -0.85, 7.15 ],
			"to": [ 18.9, 0.85, 8.85 ],
			"rotationOrigin": [ 11.9, -1.1, 7.9 ],
			"faces": {
				"north": { "texture": "#cloth", "uv": [ 3.0, 4.5, 10.0, 6.0 ] },
				"east": { "texture": "#cloth", "uv": [ 2.5, 2.5, 4.0, 4.0 ] },
				"south": { "texture": "#cloth", "uv": [ 3.0, 3.0, 10.0, 4.5 ] },
				"west": { "texture": "#cloth", "uv": [ 3.0, 3.5, 4.5, 5.0 ] },
				"up": { "texture": "#cloth", "uv": [ 9.0, 5.5, 16.0, 7.0 ] },
				"down": { "texture": "#cloth", "uv": [ 5.5, 4.5, 12.5, 6.0 ] }
			}
		},
		{
			"name": "rivet 58",
			"from": [ 12.6, -0.95, 7.8 ],
			"to": [ 13.0, 0.95, 8.2 ],
			"rotationOrigin": [ 12.6, -0.1, 8.5 ],
			"faces": {
				"north": { "texture": "#handguard", "uv": [ 0.0, 12.5, 0.5, 14.0 ] },
				"east": { "texture": "#handguard", "uv": [ 0.0, 8.5, 0.5, 10.0 ] },
				"south": { "texture": "#handguard", "uv": [ 0.0, 2.5, 0.5, 4.0 ] },
				"west": { "texture": "#handguard", "uv": [ 0.0, 8.5, 0.5, 10.0 ] },
				"up": { "texture": "#handguard", "uv": [ 1.0, 14.0, 1.5, 14.5 ] },
				"down": { "texture": "#handguard", "uv": [ 5.5, 1.0, 6.0, 1.5 ] }
			}
		},
		{
			"name": "rivet 59",
			"from": [ 13.6, -0.95, 7.8 ],
			"to": [ 14.0, 0.95, 8.2 ],
			"rotationOrigin": [ 13.6, -0.1, 8.5 ],
			"faces": {
				"north": { "texture": "#handguard", "uv": [ 0.0, 12.5, 0.5, 14.0 ] },
				"east": { "texture": "#handguard", "uv": [ 0.0, 8.5, 0.5, 10.0 ] },
				"south": { "texture": "#handguard", "uv": [ 0.0, 2.5, 0.5, 4.0 ] },
				"west": { "texture": "#handguard", "uv": [ 0.0, 8.5, 0.5, 10.0 ] },
				"up": { "texture": "#handguard", "uv": [ 1.0, 14.0, 1.5, 14.5 ] },
				"down": { "texture": "#handguard", "uv": [ 5.5, 1.0, 6.0, 1.5 ] }
			}
		},
		{
			"name": "rivet 60",
			"from": [ 14.6, -0.95, 7.8 ],
			"to": [ 15.0, 0.95, 8.2 ],
			"rotationOrigin": [ 14.6, -0.1, 8.5 ],
			"faces": {
				"north": { "texture": "#handguard", "uv": [ 0.0, 12.5, 0.5, 14.0 ] },
				"east": { "texture": "#handguard", "uv": [ 0.0, 8.5, 0.5, 10.0 ] },
				"south": { "texture": "#handguard", "uv": [ 0.0, 2.5, 0.5, 4.0 ] },
				"west": { "texture": "#handguard", "uv": [ 0.0, 8.5, 0.5, 10.0 ] },
				"up": { "texture": "#handguard", "uv": [ 1.0, 14.0, 1.5, 14.5 ] },
				"down": { "texture": "#handguard", "uv": [ 5.5, 1.0, 6.0, 1.5 ] }
			}
		}
	]}