{
	"editor": {
		"allAngles": false,
		"entityTextureMode": false
	},
	"textureWidth": 16,
	"textureHeight": 16,
	"textureSizes": {
	},
	"textures": {
		"blackbronze": "game:block/metal/ingot/iron",
		"handle": "game:block/wood/debarked/oak"
	},
	"elements": [
		{
			"name": "origin",
			"from": [ 8.0, 0.0, 8.0 ],
			"to": [ 8.0, 0.0, 8.0 ],
			"rotationOrigin": [ 8.0, 0.0, 8.0 ],
			"faces": {
			},
			"children": [
				{
					"name": "handle",
					"from": [ -3.0, -0.75, -0.75 ],
					"to": [ 13.0, 0.75, 0.75 ],
					"faces": {
						"north": { "texture": "#handle", "uv": [ 0.0, 8.0, 16.0, 9.5 ] },
						"south": { "texture": "#handle", "uv": [ 0.0, 3.5, 16.0, 5.0 ] },
						"up": { "texture": "#handle", "uv": [ 0.0, 9.0, 16.0, 10.5 ] },
						"down": { "texture": "#handle", "uv": [ 0.0, 11.5, 16.0, 13.0 ] }
					},
					"children": [
						{
							"name": "socket",
							"from": [ 16.0, -0.2, -0.2 ],
							"to": [ 18.0, 1.7, 1.7 ],
							"rotationOrigin": [ 16.0, 0.75, 0.75 ],
							"faces": {
								"north": { "texture": "#blackbronze", "uv": [ 13.5, 14.0, 15.5, 15.5 ], "glow": 188 },
								"east": { "texture": "#blackbronze", "uv": [ 2.0, 3.5, 3.5, 5.0 ], "glow": 188, "windMode": [-1,-1,-1,-1] },
								"south": { "texture": "#blackbronze", "uv": [ 3.5, 4.5, 5.5, 6.0 ], "glow": 188, "windMode": [-1,-1,-1,-1] },
								"west": { "texture": "#blackbronze", "uv": [ 8.5, 2.5, 10.0, 4.0 ], "glow": 188, "windMode": [-1,-1,-1,-1] },
								"up": { "texture": "#blackbronze", "uv": [ 8.5, 14.0, 10.5, 15.5 ], "glow": 188, "windMode": [-1,-1,-1,-1] },
								"down": { "texture": "#blackbronze", "uv": [ 5.5, 11.5, 7.5, 13.0 ], "glow": 188, "windMode": [-1,-1,-1,-1] }
							},
							"children": [
								{
									"name": "reinforcement",
									"from": [ -9.0, 0.1, 0.75 ],
									"to": [ 0.0, 1.8, 1.25 ],
									"rotationOrigin": [ 0.0, 1.1, 0.95 ],
									"faces": {
										"north": { "texture": "#blackbronze", "uv": [ 2.0, 0.0, 11.0, 1.5 ], "glow": 188 },
										"east": { "texture": "#blackbronze", "uv": [ 5.0, 2.0, 5.5, 3.5 ], "glow": 188, "windMode": [-1,-1,-1,-1] },
										"south": { "texture": "#blackbronze", "uv": [ 5.5, 13.5, 14.5, 15.0 ], "glow": 188, "windMode": [-1,-1,-1,-1] },
										"west": { "texture": "#blackbronze", "uv": [ 11.5, 8.5, 12.0, 10.0 ], "glow": 188, "windMode": [-1,-1,-1,-1] },
										"up": { "texture": "#blackbronze", "uv": [ 6.5, 14.5, 15.5, 15.0 ], "glow": 188, "windMode": [-1,-1,-1,-1] },
										"down": { "texture": "#blackbronze", "uv": [ 4.5, 12.5, 13.5, 13.0 ], "glow": 188, "windMode": [-1,-1,-1,-1] }
									}
								},
								{
									"name": "shaft",
									"from": [ 0.5, 0.4, -1.0 ],
									"to": [ 1.5, 1.4, 3.0 ],
									"rotationOrigin": [ 1.0, 0.9, 1.0 ],
									"faces": {
										"north": { "texture": "#blackbronze", "uv": [ 10.5, 13.5, 11.5, 14.5 ], "glow": 188 },
										"east": { "texture": "#blackbronze", "uv": [ 7.5, 0.0, 11.5, 1.0 ], "glow": 188, "windMode": [-1,-1,-1,-1] },
										"south": { "texture": "#blackbronze", "uv": [ 11.5, 8.5, 12.5, 9.5 ], "glow": 188, "windMode": [-1,-1,-1,-1] },
										"west": { "texture": "#blackbronze", "uv": [ 9.5, 11.5, 13.5, 12.5 ], "glow": 188, "windMode": [-1,-1,-1,-1] },
										"up": { "texture": "#blackbronze", "uv": [ 5.0, 3.5, 6.0, 7.5 ], "glow": 188, "windMode": [-1,-1,-1,-1] },
										"down": { "texture": "#blackbronze", "uv": [ 8.0, 0.5, 9.0, 4.5 ], "glow": 188, "windMode": [-1,-1,-1,-1] }
									},
									"children": [
										{
											"name": "head",
											"from": [ -0.5, -0.5, -1.5 ],
											"to": [ 1.5, 1.5, 0.0 ],
											"rotationOrigin": [ 0.5, 0.5, 0.0 ],
											"faces": {
												"north": { "texture": "#blackbronze", "uv": [ 2.5, 13.0, 4.5, 15.0 ], "glow": 188 },
												"east": { "texture": "#blackbronze", "uv": [ 3.0, 9.5, 4.5, 11.5 ], "glow": 188, "windMode": [-1,-1,-1,-1] },
												"south": { "texture": "#blackbronze", "uv": [ 3.5, 9.5, 5.5, 11.5 ], "glow": 188, "windMode": [-1,-1,-1,-1] },
												"west": { "texture": "#blackbronze", "uv": [ 1.5, 5.0, 3.0, 7.0 ], "glow": 188, "windMode": [-1,-1,-1,-1] },
												"up": { "texture": "#blackbronze", "uv": [ 1.0, 13.0, 3.0, 14.5 ], "glow": 188, "windMode": [-1,-1,-1,-1] },
												"down": { "texture": "#blackbronze", "uv": [ 8.5, 11.5, 10.5, 13.0 ], "glow": 188, "windMode": [-1,-1,-1,-1] }
											},
											"children": [
												{
													"name": "end",
													"from": [ 0.2, 0.2, -0.5 ],
													"to": [ 1.8, 1.8, 0.0 ],
													"rotationOrigin": [ 1.0, 1.0, 0.0 ],
													"faces": {
														"north": { "texture": "#blackbronze", "uv": [ 1.0, 3.0, 2.5, 4.5 ], "glow": 188 },
														"east": { "texture": "#blackbronze", "uv": [ 14.0, 5.0, 14.5, 6.5 ], "glow": 188, "windMode": [-1,-1,-1,-1] },
														"west": { "texture": "#blackbronze", "uv": [ 2.0, 10.5, 2.5, 12.0 ], "glow": 188, "windMode": [-1,-1,-1,-1] },
														"up": { "texture": "#blackbronze", "uv": [ 5.0, 13.5, 6.5, 14.0 ], "glow": 188, "windMode": [-1,-1,-1,-1] },
														"down": { "texture": "#blackbronze", "uv": [ 10.5, 2.5, 12.0, 3.0 ], "glow": 188, "windMode": [-1,-1,-1,-1] }
													}
												},
												{
													"name": "tenderizer1",
													"from": [ 0.3, 0.3, -0.7 ],
													"to": [ 1.7, 1.7, 0.7 ],
													"rotationOrigin": [ 1.1, 1.0, 0.0 ],
													"rotationX": -45.0,
													"faces": {
														"north": { "texture": "#blackbronze", "uv": [ 8.0, 4.0, 9.0, 5.0 ], "glow": 188 },
														"east": { "texture": "#blackbronze", "uv": [ 5.0, 6.0, 6.0, 7.0 ], "glow": 188, "windMode": [-1,-1,-1,-1] },
														"west": { "texture": "#blackbronze", "uv": [ 12.5, 6.5, 13.5, 7.5 ], "glow": 188, "windMode": [-1,-1,-1,-1] },
														"up": { "texture": "#blackbronze", "uv": [ 11.0, 0.0, 12.0, 1.0 ], "glow": 188, "windMode": [-1,-1,-1,-1] }
													}
												},
												{
													"name": "tenderizer2",
													"from": [ 0.3, 0.3, -0.6 ],
													"to": [ 1.7, 1.7, 0.8 ],
													"rotationOrigin": [ 1.0, 1.0, 0.1 ],
													"rotationY": -45.0,
													"faces": {
														"north": { "texture": "#blackbronze", "uv": [ 2.5, 13.5, 3.5, 14.5 ], "glow": 188 },
														"east": { "texture": "#blackbronze", "uv": [ 2.5, 3.5, 3.5, 4.5 ], "glow": 188, "windMode": [-1,-1,-1,-1] },
														"west": { "texture": "#blackbronze", "uv": [ 8.0, 5.0, 9.0, 6.0 ], "glow": 188, "windMode": [-1,-1,-1,-1] },
														"up": { "texture": "#blackbronze", "uv": [ 13.5, 6.5, 14.5, 7.5 ], "glow": 188, "windMode": [-1,-1,-1,-1] }
													}
												}
											]
										},
										{
											"name": "spike1",
											"from": [ 0.0, 0.0, 3.9 ],
											"to": [ 1.0, 1.0, 5.4 ],
											"rotationOrigin": [ 0.5, 0.5, 3.9 ],
											"rotationX": 1.0,
											"rotationY": -10.0,
											"faces": {
												"east": { "texture": "#blackbronze", "uv": [ 11.0, 14.5, 12.5, 15.5 ], "glow": 188 },
												"south": { "texture": "#blackbronze", "uv": [ 5.0, 4.0, 6.0, 5.0 ], "glow": 188, "windMode": [-1,-1,-1,-1] },
												"west": { "texture": "#blackbronze", "uv": [ 12.5, 8.0, 14.0, 9.0 ], "glow": 188, "windMode": [-1,-1,-1,-1] },
												"up": { "texture": "#blackbronze", "uv": [ 5.0, 1.0, 6.0, 2.5 ], "glow": 188, "windMode": [-1,-1,-1,-1] },
												"down": { "texture": "#blackbronze", "uv": [ 1.5, 6.5, 2.5, 8.0 ], "glow": 188, "windMode": [-1,-1,-1,-1] }
											},
											"children": [
												{
													"name": "spike2",
													"from": [ 0.0, 0.0, 1.3 ],
													"to": [ 1.0, 1.0, 3.3 ],
													"rotationOrigin": [ 0.5, 0.5, 1.3 ],
													"rotationX": -1.0,
													"rotationY": -15.0,
													"faces": {
														"east": { "texture": "#blackbronze", "uv": [ 10.0, 14.5, 12.0, 15.5 ], "glow": 188 },
														"south": { "texture": "#blackbronze", "uv": [ 13.5, 12.0, 14.5, 13.0 ], "glow": 188, "windMode": [-1,-1,-1,-1] },
														"west": { "texture": "#blackbronze", "uv": [ 6.0, 3.0, 8.0, 4.0 ], "glow": 188, "windMode": [-1,-1,-1,-1] },
														"up": { "texture": "#blackbronze", "uv": [ 10.0, 5.0, 11.0, 7.0 ], "glow": 188, "windMode": [-1,-1,-1,-1] },
														"down": { "texture": "#blackbronze", "uv": [ 3.5, 11.5, 4.5, 13.5 ], "glow": 188, "windMode": [-1,-1,-1,-1] }
													},
													"children": [
														{
															"name": "point2",
															"from": [ 0.0, 0.2, 2.0 ],
															"to": [ 0.5, 0.8, 3.0 ],
															"rotationOrigin": [ 0.0, 0.5, 2.0 ],
															"rotationY": 22.5,
															"faces": {
																"east": { "texture": "#blackbronze", "uv": [ 8.5, 11.0, 9.5, 11.5 ], "glow": 188 },
																"west": { "texture": "#blackbronze", "uv": [ 14.0, 0.5, 15.0, 1.0 ], "glow": 188, "windMode": [-1,-1,-1,-1] },
																"up": { "texture": "#blackbronze", "uv": [ 10.5, 9.0, 11.0, 10.0 ], "glow": 188, "windMode": [-1,-1,-1,-1] },
																"down": { "texture": "#blackbronze", "uv": [ 9.0, 9.5, 9.5, 10.5 ], "glow": 188, "windMode": [-1,-1,-1,-1] }
															}
														},
														{
															"name": "point1",
															"from": [ 0.5, 0.1, 2.0 ],
															"to": [ 1.0, 0.9, 3.0 ],
															"rotationOrigin": [ 1.0, 0.5, 2.0 ],
															"rotationY": -8.0,
															"faces": {
																"east": { "texture": "#blackbronze", "uv": [ 9.5, 12.0, 10.5, 12.5 ], "glow": 188, "windMode": [-1,-1,-1,-1] },
																"south": { "texture": "#blackbronze", "uv": [ 12.0, 13.5, 12.5, 14.0 ], "glow": 188, "windMode": [-1,-1,-1,-1] },
																"west": { "texture": "#blackbronze", "uv": [ 5.0, 4.0, 6.0, 4.5 ], "glow": 188, "windMode": [-1,-1,-1,-1] },
																"up": { "texture": "#blackbronze", "uv": [ 9.0, 13.5, 9.5, 14.5 ], "glow": 188, "windMode": [-1,-1,-1,-1] },
																"down": { "texture": "#blackbronze", "uv": [ 10.5, 2.5, 11.0, 3.5 ], "glow": 188, "windMode": [-1,-1,-1,-1] }
															}
														}
													]
												}
											]
										}
									]
								}
							]
						},
						{
							"name": "handle2",
							"from": [ -5.0, 0.0, 0.0 ],
							"to": [ 0.0, 1.5, 1.5 ],
							"rotationOrigin": [ 0.0, 0.75, 0.75 ],
							"faces": {
								"north": { "texture": "#handle", "uv": [ 5.0, 12.5, 10.0, 14.0 ] },
								"south": { "texture": "#handle", "uv": [ 6.0, 6.0, 11.0, 7.5 ] },
								"west": { "texture": "#handle", "uv": [ 1.0, 11.0, 2.5, 12.5 ] },
								"up": { "texture": "#handle", "uv": [ 3.5, 1.0, 8.5, 2.5 ] },
								"down": { "texture": "#handle", "uv": [ 10.0, 10.0, 15.0, 11.5 ] }
							}
						}
					]
				}
			]
		}
	]}