{
	"code": "pantherinae-panthera",
	"class": "EntityAgent",
	"tags": ["animal", "huntable", "predator", "habitat-land","pantherinaetag"],
	"canClimb": true,
	"fallDamageMultiplier": 0.1,
	"variantgroups": [
    {"code": "age","states": [ "baby"]},
    {"code": "gender","states": [ "female","male"]},
		{"code": "species","states": [ "atrox", "leo", "onca", "pardus", "spelaea", "tigris", "uncia" ]},
		{"code": "pigment","states": [ "normal", "albino", "melanistic" ]}
	],
	"allowedVariants": [
		"*-atrox-normal",
		"*-leo-normal",
		"*-onca-melanistic",
		"*-onca-normal",
		"*-pardus-melanistic",
		"*-pardus-normal",
		"*-spelaea-normal",
		"*-tigris-normal",
		"*-uncia-normal"
	],
	"collisionBoxSizeByType": {
		"*-onca-*": {	"x": 1.0,"y": 0.5},
		"*-pardus-*": {	"x": 1.0,"y": 0.5},
		"*": {	"x": 1.0,"y": 0.5}
	},
	"deadCollisionBoxSizeByType": {
		"*-onca-*": {"x": 1.0,"y": 0.35},
		"*-pardus-*": {"x": 1.0,"y": 0.35},
		"*": {"x": 1.0,"y": 0.35}
	},
	"selectionBoxSizeByType": {
		"*-onca-*": {"x": 1.0,"y": 1.0},
		"*-pardus-*": {"x": 1.0,"y": 1.0},
		"*": {"x": 1.0,"y": 1.0}
	},
	"deadSelectionBoxSizeByType": {
		"*-onca-*": {"x": 1.0,"y": 1.0},
		"*-pardus-*": {"x": 1.0,"y": 1.0},
		"*": {"x": 1.0,"y": 1.0}
	},
	"eyeHeight": 0.4,
	"weight": 20,
	"drops": [],
	"attributes": {
		"trappableByType": {
			"*-baby-*": {
				"small": { "trapChance": 0.2,	"trapDestroyChance": 0.2 },
				"large": { "trapChance": 0.94,	"trapDestroyChance": 0 }
			}
		},
		"creatureDiet": {
			"weightedFoodTags": [
				{ "weight": 0.1, "code": "bone" },
				{ "weight": 0.5, "code": "egg" },
				{ "weight": 0.8, "code": "fish" },
				{ "weight": 1, "code": "meat" }
			]
		},
		"handbook": {
			"groupcode": "creaturegroup-panthera"
		}},
	"client": {
		"renderer": "Shape",
		"shape": { "base": "entity/animal/mammal/panthera-cub" },
		"textureByType": {
			"*-atrox-normal": { "base": "entity/animal/mammal/pantherinae/cub-atrox" },
			"*-leo-normal": { "base": "entity/animal/mammal/pantherinae/cub-leo" },
			"*-onca-normal": { "base": "entity/animal/mammal/pantherinae/cub-onca" },
			"*-onca-melanistic": { "base": "entity/animal/mammal/pantherinae/cub-onca-melanistic" },
			"*-pardus-normal": { "base": "entity/animal/mammal/pantherinae/cub-pardus" },
			"*-pardus-melanistic": { "base": "entity/animal/mammal/pantherinae/cub-pardus-melanistic" },
			"*-spelaea-normal": { "base": "entity/animal/mammal/pantherinae/cub-spelaea" },
			"*-tigris-normal": { "base": "entity/animal/mammal/pantherinae/cub-tigris"},
			"*-uncia-normal": { "base": "entity/animal/mammal/pantherinae/cub-uncia" }
		},
		"sizeByType": {
			"*-atrox-*": 0.52,
			"*-leo-*": 0.52,
			"*-onca-*": 0.4,
			"*-pardus-*": 0.4,
			"*-spelaea-*": 0.52,
			"*-tigris-*": 0.52,
			"*-uncia-*": 0.35,
			"*": 0.4
		},
		"behaviors": [
			{ "code": "repulseagents" },
			{
				"code": "controlledphysics",
				"stepHeight": 2.1251
			},
			{
				"code": "floatupwhenstuck",
				"onlyWhenDead": true
			},
			{ "code": "interpolateposition" },
			{ "code": "harvestable","quantitySlots": 8 },
			{
				"code": "despawn",
				"minPlayerDistance": 8,
				"belowLightLevel": 8,
				"minSeconds": 300
			},
			{
				"code": "ropetieable",
				"minGeneration": 2
			}
		],
		"animations": [
			{
				"code": "hurt",
				"animation": "hurt",
				"animationSpeed": 2.2,
				"weight": 10,
				"blendMode": "AddAverage"
			},
			{
				"code": "die",
				"animation": "death",
				"animationSpeed": 2.25,
				"weight": 10,
				"blendMode": "Average",
				"triggeredBy": { "onControls": [ "dead" ] }
			},
			{
				"code": "idle",
				"animation": "idle",
				"blendMode": "AddAverage",
				"easeOutSpeed": 4,
				"triggeredBy": { "defaultAnim": true }
			},
			{
				"code": "sleep",
				"animation": "sleep",
				"easeInSpeed": 4,
				"easeOutSpeed": 4,
				"blendMode": "Average"
			},
				{
					"code": "sit",
					"animation": "sit",
					"easeInSpeed": 4,
					"easeOutSpeed": 4,
					"blendMode": "Average"
				},
				{
					"code": "lie",
					"animation": "lie",
					"blendMode": "Average"
				},
				{
					"code": "loaf",
					"animation": "loaf",
					"blendMode": "Average"
				},
				{
					"code": "lick",
					"animation": "lick",
					"blendMode": "Average"
				},
				{
					"code": "swim",
					"animation": "swim",
					"blendMode": "Average"
				},
				{
					"code": "walk",
					"animation": "walk",
					"supressDefaultAnimation": true,
					"blendMode": "Average"
				}
		]
	},
	"server": {
		"attributes": {
			"pathfinder": {
				"minTurnAnglePerSec": 180,
				"maxTurnAnglePerSec": 360
			}
		},
		"behaviors": [
			{ "code": "repulseagents" },
			{
				"code": "controlledphysics",
				"stepHeight": 2.1251
			},
			{
				"code": "despawn",
				"minPlayerDistance": 8,
				"belowLightLevel": 8,
				"minSeconds": 300
			},
			{
				"code": "health",
				"maxhealthByType": {
					"*-atrox-*": 6,
					"*-leo-*": 6,
					"*-onca-*": 5,
					"*-pardus-*": 5,
					"*-spelaea-*": 6,
					"*-tigris-*": 6,
					"*-uncia-*": 5,
					"*": 5
				}
			},
			{
				"code": "deaddecay",
				"hoursToDecay": 96,
				"decayedBlock": "carcass-small"
			},
			{
				"code": "floatupwhenstuck",
				"onlyWhenDead": true
			},
			{
				"code": "harvestable","quantitySlots": 8,
				"drops": [
					{
						"type": "item",
						"code": "game:bushmeat-raw",
						"quantityByType": {
							"*": {
								"avg": 1,
								"var": 0.5
							}
						}
					},
					{
						"type": "item",
						"code": "game:fat",
						"quantityByType": {
							"*": {
								"avg": 0.5,
								"var": 0.3
							}
						}
					},
					{
						"type": "item",
						"code": "pantherinae:pelt-raw-panthera-baby-{species}-{pigment}",
						"quantityByType": {
							"*": {"avg": 1,"var": 0.0}
						}
					}
				]
			},
			{ "code": "breathe" },
			{
				"code": "emotionstates",
				"states": [
					{
						"code": "fleeondamage",
						"duration": 60,
						"chanceByType": {
							"*": 0.99
						},
						"slot": 2,
						"priority": 5,
						"accumType": "max",
						"whenHealthRelBelow": 0.99
					},
					{
						"code": "alarmherdondamage",
						"chance": 1,
						"slot": 1,
						"priority": 1,
						"accumType": "max"
					}
				]
			},
			{
				"code": "grow",
				"hoursToGrowByType": {
					"*-atrox-*": 584,
					"*-leo-*": 584,
					"*-onca-*": 438,
					"*-pardus-*": 438,
					"*-spelaea-*": 584,
					"*-tigris-*": 584,
					"*-uncia-*": 438,
					"*": 438
				},
				"adultEntityCodes": [ "pantherinae:pantherinae-panthera-adult-{gender}-{species}-{pigment}" ]
			},
			{
				"code": "taskai",
				"aiCreatureType": "LandCreature",
				"aitasks": [
					//-------------------------Leave Deadly Conditions-------------------------//
						//fleeing when injured
					{
						"code": "fleeentity-r",
						"priority": 9.41,
						"priorityForCancel": 9.41,
						"animation": "Run",
						"entityCodes": [],
						"skipEntityTags": [["carcass","egg","nest","state-sneaking","pantherinaetag"]],
						"targetLightLevels": [1, 4, 22, 32],
						"movespeedByType": {
							"*-atrox-*": 0.033,
							"*-leo-*": 0.033,
							"*-onca-*": 0.0222,
							"*-pardus-*": 0.0222,
							"*-spelaea-*": 0.033,
							"*-tigris-*": 0.033,
							"*-uncia-*": 0.022,
							"*": 0.033
						},
						"animationSpeed": 2.2,
						"seekingRange": 10,
						"fleeingDistance" : 40,
						"whenInEmotionState": ["fleeondamage"],
						"tagsAppliedToEntity": ["ferocious","state-moving","state-sprinting"],
						"whenSwimming": false

					},
						//fleeing when injured in water
					{
						"code": "fleeentity-r",
						"priority": 9.41,
						"priorityForCancel": 9.41,
						"animation": "Swim",
						"entityCodes": [],
						"targetLightLevels": [1, 4, 22, 32],
						"movespeedByType": {
						"movespeed": 0.01
						},
						"animationSpeed": 1.5,
						"seekingRange": 120,
						"fleeingDistance" : 180,
						"fleeDurationWhenTargetLost": 60000,
						"whenSwimming": true,
						"whenInEmotionState": ["fleeondamage"],
						"tagsAppliedToEntity": ["state-feet-in-liquid","state-moving","state-swimming"]

					},
						//fleeing when injured slower to finish flee on damage emotion state
					{
						"code": "fleeentity-r",
						"priority": 9.4,
						"priorityForCancel": 9.4,
						"animation": "Walk",
						"entityCodes": [],
						"skipEntityTags": [["carcass","egg","nest","state-sneaking","pantherinaetag"]],
						"targetLightLevels": [1, 4, 22, 32],
						"movespeedByType": {
							"*-atrox-*": 0.003,
							"*-leo-*": 0.003,
							"*-onca-*": 0.0022,
							"*-pardus-*": 0.0022,
							"*-spelaea-*": 0.003,
							"*-tigris-*": 0.003,
							"*-uncia-*": 0.002,
							"*": 0.005
						},
						"animationSpeed": 1.05,
						"seekingRange": 120,
						"fleeingDistance" : 180,
						"fleeDurationWhenTargetLost": 60000,
						"whenInEmotionState": ["fleeondamage"],
						"tagsAppliedToEntity": ["ferocious","state-moving","state-sprinting"],
						"whenSwimming": false

					},
					//-------------------------Combat-------------------------//
						//standard attack, hunting food
					{
						"code": "meleeattack-r",
						"priority": 7.6,
						"priorityForCancel": 8.0,
						"animation": "Attack",
						"minTargetWeight": 0.01,
						"maxTargetWeight": 0.5,
						"entityTags": [["huntable"]],
						"skipEntityTags": [["ferocious","poisonous","carcass","egg","nest","state-sneaking","pantherinaetag"]],
						"entityCodes": ["placeholder"],
						"skipEntityCodes": ["pantherinae-panthera-adult-female-{species}-*","pantherinae-panthera-adult-male-{species}-*","pantherinae-panthera-baby-male-{species}-*","pantherinae-panthera-baby-male-{species}-*"],
						"targetLightLevels": [1, 4, 22, 32],
						"animationSpeed": 1.5,
						"damageByType": {
							"*-atrox-*": 2,
							"*-leo-*": 2,
							"*-onca-*": 2,
							"*-pardus-*": 1.5,
							"*-spelaea-*": 2,
							"*-tigris-*": 2,
							"*-uncia-*": 1.5
						},
						"damageType": "SlashingAttack",
						"maxAttackDistance": 1.5,
						"damageTier": 1,
						"mincooldown": 500,
						"maxcooldown": 500,
						"attackDurationMs": 1200,
						"damageWindowMs": [550,660],
						"tamingGenerations": 2,
						"alarmHerd": true,
						"EatAfterKill" : true,
						"playerIsMeal" : true,
						"sound": "pantherinae:creature/pantherinae/cubhurt",
						"stopOnHurt": true,
						"DontExecuteIfRecentlyAttacked": true,
						"tagsAppliedToEntity": ["ferocious"],
						"whenNotInEmotionState": ["aggressiveondamage","fleeondamage","saturated"]
					},
						//low damage, ferocious vs ferocious fight
					{
						"code": "meleeattack-r",
						"priority": 7.4,
						"priorityForCancel": 8.0,
						"animation": "Attack",
						"minTargetWeight": 0.01,
						"maxTargetWeight": 0.5,
						"entityTags": [["ferocious"]],
						"skipEntityTags": [["state-sneaking","pantherinaetag"]],
						"entityCodes": ["placeholder"],
						"skipEntityCodes": ["pantherinae-panthera-adult-female-{species}-*","pantherinae-panthera-adult-male-{species}-*","pantherinae-panthera-baby-male-{species}-*","pantherinae-panthera-baby-male-{species}-*"],
						"targetLightLevels": [1, 4, 22, 32],
						"animationSpeed": 1,
						"damageByType": {
							"*-atrox-*": 0.8,
							"*-leo-*": 0.8,
							"*-onca-*": 0.8,
							"*-pardus-*": 0.6,
							"*-spelaea-*": 0.8,
							"*-tigris-*": 0.8,
							"*-uncia-*": 0.6
						},
						"damageType": "SlashingAttack",
						"maxAttackDistance": 1.5,
						"damageTier": 1,
						"mincooldown": 500,
						"maxcooldown": 1500,
						"attackDurationMs": 1800,
						"damageWindowMs": [830,1000],
						"tamingGenerations": 2,
						"alarmHerd": true,
						"EatAfterKill" : false,
						"playerIsMeal" : false,
						"soundByType": {
						"sound": "pantherinae:creature/pantherinae/cubhurt"						
						},
						"stopOnHurt": false,
						"DontExecuteIfRecentlyAttacked": false,
						"tagsAppliedToEntity": ["ferocious"],
						"whenNotInEmotionState": ["fleeondamage"]
					},
						//low damage against helpless target
					{
						"code": "meleeattack-r",
						"priority": 7.1,
						"priorityForCancel": 8.0,
						"animation": "Eat",
						"minTargetWeight": 0.001,
						"maxTargetWeight": 0.025,
						"entityTags": [["carcass","egg","nest","animal"],["huntable"]],
						"skipEntityTags": [["player","state-sneaking","pantherinaetag"]],
						"entityCodes": ["placeholder"],
						"skipEntityCodes": ["pantherinae-panthera-adult-female-{species}-*","pantherinae-panthera-adult-male-{species}-*","pantherinae-panthera-baby-male-{species}-*","pantherinae-panthera-baby-male-{species}-*"],
						"targetLightLevels": [1, 4, 22, 32],
						"tamingGenerations": 2,
						"animationSpeed": 1,
						"damageByType": {
							"*-atrox-*": 0.8,
							"*-leo-*": 0.8,
							"*-onca-*": 0.8,
							"*-pardus-*": 0.6,
							"*-spelaea-*": 0.8,
							"*-tigris-*": 0.8,
							"*-uncia-*": 0.6
						},
						"damageType": "SlashingAttack",
						"maxAttackDistance": 1.5,
						"damageTier": 1,
						"mincooldown": 500,
						"maxcooldown": 1500,
						"attackDurationMs": 1800,
						"damageWindowMs": [830,1000],
						"EatAfterKill" : true,
						"playerIsMeal" : false,
						"sound": "game:creature/animal-eat1",
						"stopOnHurt": false,
						"DontExecuteIfRecentlyAttacked": true,
						"tagsAppliedToEntity": ["ferocious"],
						"whenNotInEmotionState": ["aggressiveondamage","aggressivearoundentities","fleeondamage","saturated"]
					},
						//low damage, play fight
					{
						"code": "meleeattack-r",
						"priority": 7.0,
						"priorityForCancel": 8.0,
						"animation": "Attack",
						"minTargetWeight": 0.001,
						"maxTargetWeight": 2,
						"entityTags": [["huntable"]],
						"skipEntityTags": [["state-sneaking","pantherinaetag"]],
						"entityCodes": ["placeholder"],
						"targetLightLevels": [1, 4, 22, 32],
						"tamingGenerations": 99,
						"animationSpeed": 1,
						"executionChance": 0.1,
						"damageByType": {
							"*-atrox-*": 0.8,
							"*-leo-*": 0.8,
							"*-onca-*": 0.8,
							"*-pardus-*": 0.6,
							"*-spelaea-*": 0.8,
							"*-tigris-*": 0.8,
							"*-uncia-*": 0.6
						},
						"damageType": "SlashingAttack",
						"maxAttackDistance": 3,
						"damageTier": 1,
						"mincooldown": 500,
						"maxcooldown": 1500,
						"attackDurationMs": 1800,
						"damageWindowMs": [830,1000],
						"EatAfterKill" : true,
						"playerIsMeal" : true,
						"sound": "pantherinae:creature/pantherinae/cubidle",
						"stopOnHurt": true,
						"DontExecuteIfRecentlyAttacked": true,
						"tagsAppliedToEntity": ["ferocious"],
						"whenNotInEmotionState": ["aggressiveondamage","fleeondamage"]
					},
						//attack to have damage on UI
					{
						"code": "meleeattack-r",
						"priority": 7.0,
						"animation": "Attack",
						"entityCodes": ["placeholder"],
						"animationSpeed": 1.5,
						"damageByType": {
							"*-atrox-*": 2,
							"*-leo-*": 2,
							"*-onca-*": 2,
							"*-pardus-*": 1.5,
							"*-spelaea-*": 2,
							"*-tigris-*": 2,
							"*-uncia-*": 1.5
						},
						"damageType": "SlashingAttack",
						"maxAttackDistance": 1.5,
						"damageTier": 1
					},
					//-------------------------Avoid Dangerous Entities-------------------------//
						//threat display due to ferocious predator
					{
						"code": "lookatentity",
						"enabled" : false,
						"priority": 5.83,
						"priorityForCancel": 6.0,
						"minDurationMs": 500,
						"MaxDurationMs": 24000,
						"minCooldownMs": 1000,
						"maxCoolDownMs": 10000,
						"animation": "Roar",
						"minTargetWeight": 0.03,
						"maxTargetWeight": 1.125,
						"entityTags": [["ferocious"],["predator"]],
						"skipEntityTags": [["state-sneaking","pantherinaetag"]],
						"entityCodes": ["placeholder"],
						"skipEntityCodes": ["pantherinae-panthera-adult-female-{species}-*","pantherinae-panthera-adult-male-{species}-*","pantherinae-panthera-baby-male-{species}-*","pantherinae-panthera-baby-male-{species}-*"],
						"targetLightLevels": [1, 4, 22, 32],
						"animationSpeed": 0.75,
						"seekingRange": 1,
						"sound": "pantherinae:creature/pantherinae/cubidle",
						"soundrepeatMS": 7000,
						"soundVolume": 0.75,
						"soundRange": 20,
						"stopOnHurt": true,
						"whenSwimming": false,
						"DontExecuteIfRecentlyAttacked": true,
						"tagsAppliedToEntity": ["ferocious"],
						"whenNotInEmotionState": "aggressiveondamage|fleeondamage"
					},
						//stare at animal doing threat display
					{
						"code": "lookatentity",
						"enabled" : false,
						"priority": 5.82,
						"priorityForCancel": 6.0,
						"animation": "Sneak",
						"minDurationMs": 2500,
						"MaxDurationMs": 24000,
						"minCooldownMs": 1000,
						"maxCoolDownMs": 10000,
						"minTargetWeight": 0.03,
						"maxTargetWeight": 1.125,
						"entityTags": [["huntable","predator"],["defended","ferocious","poisonous","prickly","shelled","venomous","state-armed","has-open-fire"]],
						"skipEntityTags": [["state-sneaking","pantherinaetag"]],
						"entityCodes": [],
						"skipEntityCodes": ["pantherinae-panthera-adult-female-{species}-*","pantherinae-panthera-adult-male-{species}-*","pantherinae-panthera-baby-male-{species}-*","pantherinae-panthera-baby-male-{species}-*"],
						"targetLightLevels": [1, 4, 22, 32],
						"animationSpeed": 0.01,
						"seekingRange": 1,
						"stopOnHurt": true,
						"whenSwimming": false,
						"DontExecuteIfRecentlyAttacked": true,
						"tagsAppliedToEntity": ["ferocious"],
						"whenNotInEmotionState": "aggressiveondamage|fleeondamage"
					},
						//be aggressive due to ferocious threat display of smaller animal
					{
						"code": "seekentity",
						"priority": 5.81,
						"priorityForCancel": 6.0,
						"animation": "Walk",
						"minTargetWeight": 0.03,
						"maxTargetWeight": 0.95,
						"entityTags": [["predator","huntable"],["ferocious","defended","state-armed"]],
						"skipEntityTags": [["carcass","egg","nest","state-sneaking","pantherinaetag"]],
						"entityCodes": ["placeholder"],
						"skipEntityCodes": ["pantherinae-panthera-adult-female-{species}-*","pantherinae-panthera-adult-male-{species}-*","pantherinae-panthera-baby-male-{species}-*","pantherinae-panthera-baby-male-{species}-*"],
						"targetLightLevels": [1, 4, 22, 32],
						"alarmHerd": false,
						"herdAlarmRange": 30,
						"maxFollowTimeSec": 60, 
						"executionChance": 0.75,
						"movespeedByType": {
							"*-atrox-*": 0.006,
							"*-leo-*": 0.006,
							"*-onca-*": 0.0044,
							"*-pardus-*": 0.0044,
							"*-spelaea-*": 0.006,
							"*-tigris-*": 0.006,
							"*-uncia-*": 0.004
						},
						"animationSpeed": 2.1,
						"seekingRange": 1.2,
						"jumpAtTarget": false,
						"jumpAnimationCode": null,
						"stopOnHurt": false,
						"whenSwimming": false,
						"DontExecuteIfRecentlyAttacked": false,
						"tagsAppliedToEntity": ["ferocious","state-moving"],
						"whenNotInEmotionState": "fleeondamage"
					},
						//be aggressive due to ferocious threat display of larger animal
					{
						"code": "seekentity",
						"priority": 5.81,
						"priorityForCancel": 6.0,
						"animation": "Walk",
						"minTargetWeight": 0.95,
						"maxTargetWeight": 1.125,
						"entityTags": [["predator","huntable"],["ferocious","defended","state-armed"]],
						"skipEntityTags": [["carcass","egg","nest","state-sneaking","pantherinaetag"]],
						"entityCodes": ["placeholder"],
						"skipEntityCodes": ["pantherinae-panthera-adult-female-{species}-*","pantherinae-panthera-adult-male-{species}-*","pantherinae-panthera-baby-male-{species}-*","pantherinae-panthera-baby-male-{species}-*"],
						"targetLightLevels": [1, 4, 22, 32],
						"alarmHerd": false,
						"herdAlarmRange": 30,
						"maxFollowTimeSec": 60, 
						"executionChance": 0.45,
						"movespeedByType": {
							"*-atrox-*": 0.006,
							"*-leo-*": 0.006,
							"*-onca-*": 0.0044,
							"*-pardus-*": 0.0044,
							"*-spelaea-*": 0.006,
							"*-tigris-*": 0.006,
							"*-uncia-*": 0.004
						},
						"animationSpeed": 2.1,
						"seekingRange": 1.2,
						"jumpAtTarget": false,
						"jumpAnimationCode": null,
						"stopOnHurt": false,
						"whenSwimming": false,
						"DontExecuteIfRecentlyAttacked": false,
						"tagsAppliedToEntity": ["ferocious","state-moving"],
						"whenNotInEmotionState": "fleeondamage"
					},
						//be aggressive due to toxic threat display
					{
						"code": "seekentity",
						"priority": 5.81,
						"priorityForCancel": 6.0,
						"animation": "Walk",
						"minTargetWeight": 0.01,
						"maxTargetWeight": 2,
						"entityTags": [["huntable"],["poisonous","venomous"]],
						"skipEntityTags": [["carcass","egg","nest","state-sneaking","pantherinaetag"]],
						"entityCodes": ["placeholder"],
						"skipEntityCodes": ["pantherinae-panthera-adult-female-{species}-*","pantherinae-panthera-adult-male-{species}-*","pantherinae-panthera-baby-male-{species}-*","pantherinae-panthera-baby-male-{species}-*"],
						"targetLightLevels": [1, 4, 22, 32],
						"alarmHerd": false,
						"herdAlarmRange": 30,
						"maxFollowTimeSec": 60, 
						"executionChance": 0.03,
						"movespeedByType": {
							"*-atrox-*": 0.006,
							"*-leo-*": 0.006,
							"*-onca-*": 0.0044,
							"*-pardus-*": 0.0044,
							"*-spelaea-*": 0.006,
							"*-tigris-*": 0.006,
							"*-uncia-*": 0.004
						},
						"animationSpeed": 2.1,
						"seekingRange": 1.2,
						"jumpAtTarget": false,
						"jumpAnimationCode": null,
						"stopOnHurt": false,
						"whenSwimming": false,
						"DontExecuteIfRecentlyAttacked": false,
						"tagsAppliedToEntity": ["ferocious","state-moving"],
						"whenNotInEmotionState": "fleeondamage"
					},
						//be aggressive due to dangerous threat display
					{
						"code": "seekentity",
						"priority": 5.81,
						"priorityForCancel": 6.0,
						"animation": "Walk",
						"minTargetWeight": 0.01,
						"maxTargetWeight": 2,
						"entityTags": [["huntable"],["defended","prickly","shelled","has-open-fire"]],
						"skipEntityTags": [["carcass","egg","nest","state-sneaking","pantherinaetag"]],
						"entityCodes": ["placeholder"],
						"skipEntityCodes": ["pantherinae-panthera-adult-female-{species}-*","pantherinae-panthera-adult-male-{species}-*","pantherinae-panthera-baby-male-{species}-*","pantherinae-panthera-baby-male-{species}-*"],
						"targetLightLevels": [1, 4, 22, 32],
						"alarmHerd": false,
						"herdAlarmRange": 30,
						"maxFollowTimeSec": 60, 
						"executionChance": 0.25,
						"movespeedByType": {
							"*-atrox-*": 0.006,
							"*-leo-*": 0.006,
							"*-onca-*": 0.0044,
							"*-pardus-*": 0.0044,
							"*-spelaea-*": 0.006,
							"*-tigris-*": 0.006,
							"*-uncia-*": 0.004
						},
						"animationSpeed": 2.1,
						"seekingRange": 1.2,
						"jumpAtTarget": false,
						"jumpAnimationCode": null,
						"stopOnHurt": false,
						"whenSwimming": false,
						"DontExecuteIfRecentlyAttacked": false,
						"tagsAppliedToEntity": ["ferocious","state-moving"],
						"whenNotInEmotionState": "fleeondamage"
					},
						//fleeing due to dangerous threat display
					{
						"code": "fleeentity-r",
						"priority": 5.8,
						"priorityForCancel": 6.0,
						"animation": "Run",
						"minTargetWeight": 0.01,
						"maxTargetWeight": 2,
						"entityTags": [["predator","huntable"],["venomous","ferocious","defended","state-armed","has-open-fire"]],
						"skipEntityTags": [["carcass","egg","nest","state-sneaking","pantherinaetag"]],
						"skipEntityCodes": ["pantherinae-panthera-adult-female-{species}-*","pantherinae-panthera-adult-male-{species}-*","pantherinae-panthera-baby-male-{species}-*","pantherinae-panthera-baby-male-{species}-*"],
						"targetLightLevels": [1, 4, 22, 32],
						"movespeedByType": {
							"*-atrox-*": 0.033,
							"*-leo-*": 0.033,
							"*-onca-*": 0.0222,
							"*-pardus-*": 0.0222,
							"*-spelaea-*": 0.033,
							"*-tigris-*": 0.033,
							"*-uncia-*": 0.022
						},
						"animationSpeed": 2.2,
						"seekingRange": 1.2,
						"fleeingDistance" : 30,
						"fleeDurationWhenTargetLost": 20000,
						"tagsAppliedToEntity": ["ferocious","state-moving","state-sprinting"],
						"whenSwimming": false,
						"whenNotInEmotionState": ["aggressiveondamage","fleeondamage"]

					},
						//fleeing due to passive threat display
					{
						"code": "fleeentity-r",
						"priority": 5.8,
						"priorityForCancel": 6.0,
						"animation": "Walk",
						"minTargetWeight": 0.01,
						"maxTargetWeight": 2,
						"entityTags": [["huntable"],["prickly","defended","shelled","state-armed","has-open-fire"]],
						"skipEntityTags": [["carcass","egg","nest","state-sneaking","pantherinaetag"]],
						"skipEntityCodes": ["pantherinae-panthera-adult-female-{species}-*","pantherinae-panthera-adult-male-{species}-*","pantherinae-panthera-baby-male-{species}-*","pantherinae-panthera-baby-male-{species}-*"],
						"targetLightLevels": [1, 4, 22, 32],
						"movespeedByType": {
							"*-atrox-*": 0.006,
							"*-leo-*": 0.006,
							"*-onca-*": 0.0044,
							"*-pardus-*": 0.0044,
							"*-spelaea-*": 0.006,
							"*-tigris-*": 0.006,
							"*-uncia-*": 0.004
						},
						"animationSpeed": 2.1,
						"seekingRange": 1.2,
						"fleeingDistance" : 30,
						"fleeDurationWhenTargetLost": 20000,
						"tagsAppliedToEntity": ["ferocious","state-moving","state-sprinting"],
						"whenSwimming": false,
						"whenNotInEmotionState": ["aggressiveondamage","fleeondamage"]
					},
						//dart away from projectiles/vehicles
					{
						"code": "fleeentity-r",
						"priority": 5.6,
						"priorityForCancel": 6.0,
						"animation": "Run",
						"entityTags": [["projectile","vehicle"]],
						"targetLightLevels": [1, 4, 22, 32],
						"movespeedByType": {
							"*-atrox-*": 0.033,
							"*-leo-*": 0.033,
							"*-onca-*": 0.0222,
							"*-pardus-*": 0.0222,
							"*-spelaea-*": 0.033,
							"*-tigris-*": 0.033,
							"*-uncia-*": 0.022
						},
						"animationSpeed": 2.2,
						"fleeDurationMS": 500,
						"seekingRange": 5,
						"fleeingDistance": 15,
						"stopOnHurt": true,
						"whenSwimming": false,
						"tagsAppliedToEntity": ["state-moving","state-sprinting"]
					},
						//avoid large dangerous entities at close range
					{
						"code": "fleeentity-r",
						"priority": 5.6,
						"priorityForCancel": 6.0,
						"animation": "Run",
						"minTargetWeight": 2,
						"maxTargetWeight": 999,
						"entityTags": [["ferocious","mechanical","rust-creature","swarm","venomous"]],
						"skipEntityTags": [["carcass","nest","state-sneaking","pantherinaetag"]],
						"skipEntityCodes": ["pantherinae-panthera-adult-female-{species}-*","pantherinae-panthera-adult-male-{species}-*","pantherinae-panthera-baby-male-{species}-*","pantherinae-panthera-baby-male-{species}-*"],
						"targetLightLevels": [1, 4, 22, 32],
						"movespeedByType": {
							"*-atrox-*": 0.033,
							"*-leo-*": 0.033,
							"*-onca-*": 0.0222,
							"*-pardus-*": 0.0222,
							"*-spelaea-*": 0.033,
							"*-tigris-*": 0.033,
							"*-uncia-*": 0.022
						},
						"animationSpeed": 2.2,
						"fleeDurationWhenTargetLost": 20000,
						"seekingRange": 10,
						"fleeingDistance": 50,
						"stopOnHurt": true,
						"whenSwimming": false,
						"tagsAppliedToEntity": ["state-moving","state-sprinting"]
					},
						//avoid dangerous entities at close range
					{
						"code": "fleeentity-r",
						"priority": 5.6,
						"priorityForCancel": 6.0,
						"animation": "Run",
						"entityTags": [["boss","mechanical","rust-creature","swarm","venomous"]],
						"skipEntityTags": [["state-sneaking","pantherinaetag"]],
						"skipEntityCodes": ["pantherinae-panthera-adult-female-{species}-*","pantherinae-panthera-adult-male-{species}-*","pantherinae-panthera-baby-male-{species}-*","pantherinae-panthera-baby-male-{species}-*"],
						"targetLightLevels": [1, 4, 22, 32],
						"movespeedByType": {
							"*-atrox-*": 0.033,
							"*-leo-*": 0.033,
							"*-onca-*": 0.0222,
							"*-pardus-*": 0.0222,
							"*-spelaea-*": 0.033,
							"*-tigris-*": 0.033,
							"*-uncia-*": 0.022
						},
						"animationSpeed": 2.2,
						"fleeDurationWhenTargetLost": 20000,
						"seekingRange": 10,
						"fleeingDistance": 50,
						"stopOnHurt": true,
						"whenSwimming": false,
						"tagsAppliedToEntity": ["state-moving","state-sprinting"]
					},
						//freeze to lose attention
					{
						"code": "lookatentity",
						"enabled" : false,
						"priority": 5.4,
						"priorityForCancel": 5.5,
						"minDurationMs": 500,
						"maxDurationMs": 12500,
						"minCooldownMs": 1000,
						"maxCoolDownMs": 10000,
						"animation": "Stalk",
						"minTargetWeight": 0.125,
						"maxTargetWeight": 999,
						"entityTags": [["ferocious","boss","mechanical","rust-creature","has-open-fire","swarm","vehicle","venomous"]],
						"skipEntityTagsByType": {"*": [["state-sneaking","pantherinaetag"]]},
						"entityCodes": ["placeholder"],
						"skipEntityCodes": ["pantherinae-panthera-adult-female-{species}-*","pantherinae-panthera-adult-male-{species}-*","pantherinae-panthera-baby-male-{species}-*","pantherinae-panthera-baby-male-{species}-*"],
						"MaxTurnAngleDeg": 0,
						"targetLightLevels": [1, 4, 22, 32],
						"animationSpeed": 0.01,
						"seekingRange": 15,
						"stopOnHurt": true,
						"whenSwimming": false,
						"DontExecuteIfRecentlyAttacked": true,
						"tagsAppliedToEntity": ["state-sneaking"],
						"whenNotInEmotionState": "aggressiveondamage|fleeondamage"
					},
						//avoid large dangerous entities at mid range
					{
						"code": "fleeentity-r",
						"priority": 5.2,
						"priorityForCancel": 5.4,
						"animation": "Walk",
						"minTargetWeight": 2,
						"maxTargetWeight": 9999,
						"entityTags": [["ferocious","boss","mechanical","rust-creature","has-open-fire"]],
						"skipEntityTags": [["state-sneaking","pantherinaetag"]],
						"skipEntityCodes": ["pantherinae-panthera-adult-female-{species}-*","pantherinae-panthera-adult-male-{species}-*","pantherinae-panthera-baby-male-{species}-*","pantherinae-panthera-baby-male-{species}-*"],
						"targetLightLevels": [1, 4, 22, 32],
						"movespeedByType": {
							"*-atrox-*": 0.006,
							"*-leo-*": 0.006,
							"*-onca-*": 0.0044,
							"*-pardus-*": 0.0044,
							"*-spelaea-*": 0.006,
							"*-tigris-*": 0.006,
							"*-uncia-*": 0.004
						},
						"animationSpeed": 2.1,
						"fleeDurationWhenTargetLost": 10000,
						"seekingRange": 15,
						"fleeingDistance": 25,
						"stopOnHurt": true,
						"whenSwimming": false,
						"tagsAppliedToEntity": ["state-moving"]
					},
						//avoid large dangerous entities at long range
					{
						"code": "fleeentity-r",
						"priority": 5.0,
						"priorityForCancel": 5.2,
						"animation": "Walk",
						"minTargetWeight": 0.25,
						"entityTags": [["boss","rust-creature"]],
						"skipEntityTags": [["state-sneaking","pantherinaetag"]],
						"skipEntityCodes": ["pantherinae-panthera-adult-female-{species}-*","pantherinae-panthera-adult-male-{species}-*","pantherinae-panthera-baby-male-{species}-*","pantherinae-panthera-baby-male-{species}-*"],
						"targetLightLevels": [1, 4, 22, 32],
						"movespeedByType": {
							"*-atrox-*": 0.006,
							"*-leo-*": 0.006,
							"*-onca-*": 0.0044,
							"*-pardus-*": 0.0044,
							"*-spelaea-*": 0.006,
							"*-tigris-*": 0.006,
							"*-uncia-*": 0.004
						},
						"animationSpeed": 2.1,
						"stopOnHurt": true,
						"whenSwimming": false,
						"seekingRange": 25,
						"fleeingDistance": 35,
						"tagsAppliedToEntity": ["state-moving"]
					},
						//avoid giant entities at long range
					{
						"code": "fleeentity-r",
						"priority": 5.0,
						"priorityForCancel": 5.2,
						"animation": "Walk",
						"minTargetWeight": 2,
						"skipEntityTags": [["carcass","nest","state-sneaking","pantherinaetag"]],
						"skipEntityCodes": ["pantherinae-panthera-adult-female-{species}-*","pantherinae-panthera-adult-male-{species}-*","pantherinae-panthera-baby-male-{species}-*","pantherinae-panthera-baby-male-{species}-*"],
						"targetLightLevels": [1, 4, 22, 32],
						"movespeedByType": {
							"*-atrox-*": 0.006,
							"*-leo-*": 0.006,
							"*-onca-*": 0.0044,
							"*-pardus-*": 0.0044,
							"*-spelaea-*": 0.006,
							"*-tigris-*": 0.006,
							"*-uncia-*": 0.004
						},
						"animationSpeed": 2.1,
						"stopOnHurt": true,
						"whenSwimming": false,
						"seekingRange": 25,
						"fleeingDistance": 30,
						"tagsAppliedToEntity": ["state-moving"]
					},
					//-------------------------Food Seeking-------------------------//
						//if hungry eat favorite foods from POI
					{
						"code": "seekfoodandeat-r",
						"priority": 4.7,
						"priorityForCancel": 5.0,
						"animation": "Walk",
						"eatAnimation": "Eat",
						"eatAnimationLooseItems": "Eat",
						"movespeedByType": {
							"*-atrox-*": 0.003,
							"*-leo-*": 0.003,
							"*-onca-*": 0.0022,
							"*-pardus-*": 0.0022,
							"*-spelaea-*": 0.003,
							"*-tigris-*": 0.003,
							"*-uncia-*": 0.002
						},
						"animationSpeed": 1.05,
						"minduration": 4000,
						"maxduration": 4000,
						"mincooldownHours": 1,
						"maxcooldownHours": 4,
						"eatTime": 2,
						"eatLooseItems": true,
						"eatSound" : "game:creature/animal-eat1",
						"stopOnHurt": true,
						"whenSwimming": false,
						"DontExecuteIfRecentlyAttacked": true,
						"tagsAppliedToEntity": ["state-moving"],
						"whenNotInEmotionState": ["aggressiveondamage","fleeondamage"]
					},
						//rush final distance due to preferred prey bolting
					{
						"code": "seekentity",
						"priority": 4.54,
						"priorityForCancel": 4.55,
						"animation": "Run",
						"minTargetWeight": 0.01,
						"maxTargetWeight": 0.25,
						"entityTags": [["huntable"],["state-sprinting"]],
						"skipEntityTags": [["ferocious","poisonous","pantherinaetag"]],
						"entityCodes": ["placeholder"],
						"skipEntityCodes": ["pantherinae-panthera-adult-female-{species}-*","pantherinae-panthera-adult-male-{species}-*","pantherinae-panthera-baby-male-{species}-*","pantherinae-panthera-baby-male-{species}-*"],
						"targetLightLevels": [1, 4, 22, 32],
						"movespeedByType": {
							"*-atrox-*": 0.033,
							"*-leo-*": 0.033,
							"*-onca-*": 0.0222,
							"*-pardus-*": 0.0222,
							"*-spelaea-*": 0.033,
							"*-tigris-*": 0.033,
							"*-uncia-*": 0.022
						},
						"animationSpeed": 2.2,
						"seekingRange": 6,
						"jumpAtTarget": true,
						"jumpAnimationCode": null,
						"DistanceToTargetToJump": [0.5,2],
						"JumpHeightFactor": 0.5,
						"AfterJumpSpeedReduction": 0.125,
						"stopOnHurt": true,
						"whenSwimming": false,
						"DontExecuteIfRecentlyAttacked": true,
						"tagsAppliedToEntity": ["ferocious","state-sprinting"],
						"whenNotInEmotionState": "aggressiveondamage|fleeondamage"
					},
						//rush final distance due to proximity favored prey
					{
						"code": "seekentity",
						"priority": 4.53,
						"priorityForCancel": 4.54,
						"animation": "Run",
						"minTargetWeight": 0.01,
						"maxTargetWeight": 0.25,
						"entityTags": [["huntable"]],
						"skipEntityTags": [["humanoid","ferocious","defended","poisonous","venomous","prickly","shelled","carcass","nest","state-burrowed","state-flying","state-sneaking","state-swimming","pantherinaetag"]],
						"entityCodes": ["placeholder"],
						"skipEntityCodes": ["pantherinae-panthera-adult-female-{species}-*","pantherinae-panthera-adult-male-{species}-*","pantherinae-panthera-baby-male-{species}-*","pantherinae-panthera-baby-male-{species}-*"],
						"tamingGenerations": 2,
						"targetLightLevels": [1, 4, 22, 32],
						"herdAlarmRange": 30,
						"movespeedByType": {
							"*-atrox-*": 0.033,
							"*-leo-*": 0.033,
							"*-onca-*": 0.0222,
							"*-pardus-*": 0.0222,
							"*-spelaea-*": 0.033,
							"*-tigris-*": 0.033,
							"*-uncia-*": 0.022
						},
						"animationSpeed": 2.2,
						"seekingRange": 6,
						"jumpAtTarget": true,
						"jumpAnimationCode": null,
						"DistanceToTargetToJump": [0.5,2],
						"JumpHeightFactor": 0.5,
						"AfterJumpSpeedReduction": 0.125,
						"stopOnHurt": true,
						"whenSwimming": false,
						"DontExecuteIfRecentlyAttacked": true,
						"tagsAppliedToEntity": ["ferocious","state-sprinting"],
						"whenNotInEmotionState": "aggressiveondamage|fleeondamage|saturated"
					},
						// stalk preferred prey
					{
						"code": "seekentity",
						"priority": 4.52,
						"priorityForCancel": 4.53,
						"animation": "Stalk",
						"minTargetWeight": 0.01,
						"maxTargetWeight": 0.25,
						"entityTags": [["huntable"]],
						"skipEntityTags": [["humanoid","ferocious","defended","poisonous","venomous","prickly","shelled","carcass","nest","state-burrowed","state-flying","state-sneaking","state-swimming","pantherinaetag"]],
						"entityCodes": ["placeholder"],
						"skipEntityCodes": ["pantherinae-panthera-adult-female-{species}-*","pantherinae-panthera-adult-male-{species}-*","pantherinae-panthera-baby-male-{species}-*","pantherinae-panthera-baby-male-{species}-*"],
						"tamingGenerations": 2,
						"targetLightLevels": [1, 4, 22, 32],
						"movespeedByType": {
							"*-atrox-*": 0.002,
							"*-leo-*": 0.002,
							"*-onca-*": 0.0014,
							"*-pardus-*": 0.0014,
							"*-spelaea-*": 0.002,
							"*-tigris-*": 0.002,
							"*-uncia-*": 0.0014
						},
						"animationSpeed": 0.75,
						"seekingRange": 18,
						"extraTargetDistance": 2,
						"jumpAtTarget": false,
						"jumpAnimationCode": null,
						"stopOnHurt": true,
						"whenSwimming": false,
						"DontExecuteIfRecentlyAttacked": true,
						"tagsAppliedToEntity": ["state-moving","state-sneaking"],
						"whenNotInEmotionState": "aggressiveondamage|fleeondamage|saturated"
					},
						//freeze to avoid startling preferred prey
					{
						"code": "lookatentity-r",
						"enabled" : false,
						"priority": 4.51,
						"priorityForCancel": 4.52,
						"minDurationMs": 500,
						"maxDurationMs": 2500,
						"minCooldownMs": 1000,
						"maxCoolDownMs": 2000,
						"animation": "Stalk",
						"minTargetWeight": 0.01,
						"maxTargetWeight": 0.25,
						"entityTags": [["huntable"],["state-moving"]],
						"skipEntityTags": [["humanoid","ferocious","defended","poisonous","venomous","prickly","shelled","state-flying","state-sneaking","state-swimming","pantherinaetag"]],
						"entityCodes": [],
						"skipEntityCodes": ["pantherinae-panthera-adult-female-{species}-*","pantherinae-panthera-adult-male-{species}-*","pantherinae-panthera-baby-male-{species}-*","pantherinae-panthera-baby-male-{species}-*"],
						"tamingGenerations": 2,
						"targetLightLevels": [1, 4, 22, 32],
						"animationSpeed": 0.01,
						"seekingRange": 20,
						"extraTargetDistance": 2,
						"stopOnHurt": true,
						"whenSwimming": false,
						"DontExecuteIfRecentlyAttacked": true,
						"tagsAppliedToEntity": ["state-sneaking"],
						"whenNotInEmotionState": ["aggressiveondamage","fleeondamage","saturated"]
					},
						//fast stalk preferred prey
					{
						"code": "seekentity",
						"priority": 4.5,
						"priorityForCancel": 4.51,
						"animation": "Stalk",
						"minTargetWeight": 0.01,
						"maxTargetWeight": 0.25,
						"entityTags": [["huntable"]],
						"skipEntityTags": [["humanoid","ferocious","defended","poisonous","venomous","prickly","shelled","carcass","nest","state-burrowed","state-flying","state-sneaking","state-swimming","pantherinaetag"]],
						"entityCodes": ["placeholder"],
						"skipEntityCodes": ["pantherinae-panthera-adult-female-{species}-*","pantherinae-panthera-adult-male-{species}-*","pantherinae-panthera-baby-male-{species}-*","pantherinae-panthera-baby-male-{species}-*"],
						"tamingGenerations": 2,
						"targetLightLevels": [1, 4, 22, 32],
						"maxFollowTimeSec": 120, 
						"movespeedByType": {
							"*-atrox-*": 0.004,
							"*-leo-*": 0.004,
							"*-onca-*": 0.0028,
							"*-pardus-*": 0.0028,
							"*-spelaea-*": 0.002,
							"*-tigris-*": 0.002,
							"*-uncia-*": 0.0025
						},
						"animationSpeed": 1,
						"seekingRange": 24,
						"extraTargetDistance": 2,
						"jumpAtTarget": false,
						"jumpAnimationCode": null,
						"stopOnHurt": true,
						"whenSwimming": false,
						"DontExecuteIfRecentlyAttacked": true,
						"tagsAppliedToEntity": ["state-moving","state-sneaking"],
						"whenNotInEmotionState": "aggressiveondamage|fleeondamage|saturated"
					},
						//long distance hunt for preferred prey
					{
						"code": "seekentity",
						"priority": 4.4,
						"priorityForCancel": 4.5,
						"animation": "Walk",
						"minTargetWeight": 0.01,
						"maxTargetWeight": 0.25,
						"entityTags": [["huntable"]],
						"skipEntityTags": [["humanoid","ferocious","defended","poisonous","venomous","prickly","shelled","carcass","nest","state-burrowed","state-flying","state-sneaking","state-swimming","pantherinaetag"]],
						"entityCodes": ["placeholder"],
						"skipEntityCodes": ["pantherinae-panthera-adult-female-{species}-*","pantherinae-panthera-adult-male-{species}-*","pantherinae-panthera-baby-male-{species}-*","pantherinae-panthera-baby-male-{species}-*"],
						"tamingGenerations": 2,
						"targetLightLevels": [1, 4, 22, 32],
						"alarmHerd": true,
						"herdAlarmRange": 30,
						"maxFollowTimeSec": 240, 
						"movespeedByType": {
							"*-atrox-*": 0.006,
							"*-leo-*": 0.006,
							"*-onca-*": 0.0044,
							"*-pardus-*": 0.0044,
							"*-spelaea-*": 0.006,
							"*-tigris-*": 0.006,
							"*-uncia-*": 0.004
						},
						"animationSpeed": 2.1,
						"mincooldownHours": 0.025,
						"maxcooldownhours": 1,
						"seekingRange": 30,
						"extraTargetDistance": 2,
						"jumpAtTarget": false,
						"jumpAnimationCode": null,
						"stopOnHurt": true,
						"whenSwimming": false,
						"DontExecuteIfRecentlyAttacked": true,
						"tagsAppliedToEntity": ["state-moving"],
						"whenNotInEmotionState": "aggressiveondamage|fleeondamage|saturated"
					},
					//-------------------------Leave Hazardous condtions-------------------------//
						//getting out of water
					{
						"code": "getoutofwater-r",
						"priority": 3.61,
						"priorityForCancel": 5.0,
						"animation": "Swim",
						"movespeed": 0.01,
						"animationSpeed": 1.5,
						"rangeSearchAttemptsFactor": 2.5,
						"whenSwimming": true,
						"tagsAppliedToEntity": ["state-moving","state-swimming"]
					},		
						//swim wandering to find the shore			
					{
						"code": "wander-r",
						"priority": 3.6,
						"priorityForCancel": 5.0,
						"animation": "Swim",
						"movespeed": 0.01,
						"animationSpeed": 1.5,
						"stopOnHurt": true,
						"whenSwimming": true,
						"DontExecuteIfRecentlyAttacked": true,
						"tagsAppliedToEntity": ["state-moving","state-swimming"],
						"whenNotInEmotionState": ["aggressiveondamage","fleeondamage"]
					},	
						//stay close to family outside hunting times dark side				
					{
						"code": "stayclosetoentity-r",
						"priority": 3.51,
						"priorityForCancel": 5.0,
						"animation": "Walk",
						"entityCodes": ["pantherinae-panthera-adult-female-{species}-{pigment}"],
						"IgnoreDeadEntities": false,
						"targetLightLevels": [1, 4, 22, 32],
						"movespeedByType": {
							"*-atrox-*": 0.006,
							"*-leo-*": 0.006,
							"*-onca-*": 0.0044,
							"*-pardus-*": 0.0044,
							"*-spelaea-*": 0.006,
							"*-tigris-*": 0.006,
							"*-uncia-*": 0.004
						},
						"animationSpeed": 2.2,
						"seekingRange": 88,
						"TargetEntitiesWithSameHerdId": true,
						"ExtraMinDistanceToTarget": 2,
						"extraTargetDistance": 1,
						"randomTargetOffset" : 1,
						"maxFollowTimeSec": 240, 
						"EntityLightLevels": [0,14],
						"EntityLightLevelType": "TimeOfDaySunLight",
						"stopOnHurt": true,
						"whenSwimming": false,
						"DontExecuteIfRecentlyAttacked": true,
						"tagsAppliedToEntity": ["state-moving"],
						"whenNotInEmotionState": ["aggressiveondamage","fleeondamage"]
					},	
						//stay close to family outside hunting times light side		
					{
						"code": "stayclosetoentity-r",
						"priority": 3.5,
						"priorityForCancel": 5.0,
						"animation": "Walk",
						"entityCodes": ["pantherinae-panthera-adult-female-{species}-{pigment}"],
						"IgnoreDeadEntities": false,
						"targetLightLevels": [1, 4, 22, 32],
						"movespeedByType": {
							"*-atrox-*": 0.006,
							"*-leo-*": 0.006,
							"*-onca-*": 0.0044,
							"*-pardus-*": 0.0044,
							"*-spelaea-*": 0.006,
							"*-tigris-*": 0.006,
							"*-uncia-*": 0.004
						},
						"animationSpeed": 2.2,
						"seekingRange": 88,
						"TargetEntitiesWithSameHerdId": true,
						"ExtraMinDistanceToTarget": 5,
						"extraTargetDistance": 1,
						"randomTargetOffset" : 3,
						"maxFollowTimeSec": 240, 
						"EntityLightLevels": [18,32],
						"EntityLightLevelType": "TimeOfDaySunLight",
						"stopOnHurt": true,
						"whenSwimming": false,
						"DontExecuteIfRecentlyAttacked": true,
						"tagsAppliedToEntity": ["state-moving"],
						"whenNotInEmotionState": ["aggressiveondamage","fleeondamage"]
					},			
						//wander out of darkness		
					{
						"code": "wander-r",
						"priority": 3.42,
						"priorityForCancel": 5.0,
						"animation": "Walk",
						"mindurationMs": 12000,
						"movespeedByType": {
							"*-atrox-*": 0.006,
							"*-leo-*": 0.006,
							"*-onca-*": 0.0044,
							"*-pardus-*": 0.0044,
							"*-spelaea-*": 0.006,
							"*-tigris-*": 0.006,
							"*-uncia-*": 0.004
						},
						"animationSpeed": 2.2,
						"EntityLightLevels": [0,8],
						"EntityLightLevelType": "MaxLight",
						"PreferredLightLevel": 32,
						"PreferredLightLevelType": "MaxLight",
						"MaxBlocksChecked" : 27,
						"wanderVerticalRangeMax": 3,
						"stopOnHurt": true,
						"whenSwimming": false,
						"DontExecuteIfRecentlyAttacked": true,
						"tagsAppliedToEntity": ["state-moving"],
						"whenNotInEmotionState": ["aggressiveondamage","fleeondamage"]
					},			
						//wander out of cold
					{
						"code": "wander-r",
						"priority": 3.41,
						"priorityForCancel": 5.0,
						"animation": "Walk",
						"mindurationMs": 12000,
						"movespeedByType": {
							"*-atrox-*": 0.006,
							"*-leo-*": 0.006,
							"*-onca-*": 0.0044,
							"*-pardus-*": 0.0044,
							"*-spelaea-*": 0.006,
							"*-tigris-*": 0.006,
							"*-uncia-*": 0.004
						},
						"animationSpeed": 2.2,
						"TemperatureRangeByType": {"*atrox*":[-40,5],"*leo*":[-40,17],"*onca*":[-40,17],"*pardus*":[-40,15],"*spelaea*":[-40,-13],"*tigris*":[-40,5],"*uncia*":[-40,6]},
						"EntityLightLevels": [0,20],
						"EntityLightLevelType": "MaxTimeOfDayLight",
						"PreferredLightLevel": 32,
						"PreferredLightLevelType": "MaxTimeOfDayLight",
						"MaxBlocksChecked" : 27,
						"stopOnHurt": true,
						"whenSwimming": false,
						"DontExecuteIfRecentlyAttacked": true,
						"tagsAppliedToEntity": ["state-moving"],
						"whenNotInEmotionState": ["aggressiveondamage","fleeondamage"]
					},		
						//wander into shade during heat
					{
						"code": "wander-r",
						"priority": 3.4,
						"priorityForCancel": 5.0,
						"animation": "Walk",
						"mindurationMs": 12000,
						"movespeedByType": {
							"*-atrox-*": 0.006,
							"*-leo-*": 0.006,
							"*-onca-*": 0.0044,
							"*-pardus-*": 0.0044,
							"*-spelaea-*": 0.006,
							"*-tigris-*": 0.006,
							"*-uncia-*": 0.004
						},
						"animationSpeed": 2.2,
						"TemperatureRangeByType": {"*atrox*":[16,60],"*leo*":[32,60],"*onca*":[32,60],"*pardus*":[32,60],"*spelaea*":[6,60],"*tigris*":[32,60],"*uncia*":[18,60]},
						"EntityLightLevels": [22,32],
						"EntityLightLevelType": "MaxTimeOfDayLight",
						"PreferredLightLevel": 16,
						"PreferredLightLevelType": "MaxTimeOfDayLight",
						"MaxBlocksChecked" : 27,
						"stopOnHurt": true,
						"whenSwimming": false,
						"DontExecuteIfRecentlyAttacked": true,
						"tagsAppliedToEntity": ["state-moving"],
						"whenNotInEmotionState": ["aggressiveondamage","fleeondamage"]
					},
					//-------------------------Domestic Behaviors-------------------------//
						//follow lead holder
					{
						"code": "followleadholder",
						"priority": 2.5,
						"priorityForCancel": 3.0,
						"animation": "Walk",
						"movespeedByType": {
							"*-atrox-*": 0.003,
							"*-leo-*": 0.003,
							"*-onca-*": 0.0022,
							"*-pardus-*": 0.0022,
							"*-spelaea-*": 0.003,
							"*-tigris-*": 0.003,
							"*-uncia-*": 0.002,
							"*": 0.005
						},
						"animationSpeed": 1.05,
						"minGeneration": 2,
						"stopOnHurt": true,
						"tagsAppliedToEntity": ["state-moving"],
						"whenNotInEmotionState": ["aggressiveondamage","fleeondamage"]
					},
					//-------------------------Conditional Down Time-------------------------//
						//sleeping anywhere
					{
						"code": "idle-r",
						"priority": 1.52,
						"priorityForCancel": 6,
						"animation": "Sleep",
						"executionChance": 0.025,
						"mindurationMs": 240000,
						"maxdurationMs": 960000,
						"mincooldownHours": 0.025,
						"maxcooldownhours": 1,
						"animationSpeed": 0.3,
						"stopOnHurt": true,
						"whenSwimming": false,
						"whenFeetInLiquid": false,
						"DontExecuteIfRecentlyAttacked": true,
						"tagsAppliedToEntity": ["state-sneaking"],
						"whenNotInEmotionState": ["aggressiveondamage","fleeondamage"]
					},
						//wander to shade for a nap
					{
						"code": "wander-r",
						"priority": 1.51,
						"priorityForCancel": 1.52,
						"animation": "Walk",
						"executionChance": 0.5,
						"mindurationMs": 12000,
						"minCooldownMs": 500,
						"maxCoolDownMs": 2000,
						"movespeedByType": {
							"*-atrox-*": 0.003,
							"*-leo-*": 0.003,
							"*-onca-*": 0.0022,
							"*-pardus-*": 0.0022,
							"*-spelaea-*": 0.003,
							"*-tigris-*": 0.003,
							"*-uncia-*": 0.002
						},
						"animationSpeed": 1.05,
						"duringDayTimeFramesByType": {
							"*": [{"fromHour": 11.5,"toHour": 16.5},{"fromHour": 23.5,"toHour": 4.5}]
						}, 	
						"DayTimeFrameInaccuracy": 0.2,
						"EntityLightLevels": [22,32],
						"EntityLightLevelType": "OnlySunLight",
						"PreferredLightLevel": 20,
						"MaxBlocksChecked" : 27,
						"stopOnHurt": true,
						"whenSwimming": false,
						"DontExecuteIfRecentlyAttacked": true,
						"tagsAppliedToEntity": ["state-moving"],
						"whenNotInEmotionState": ["aggressiveondamage","fleeondamage"]
					},
						//sleeping ideal windows
					{
						"code": "idle-r",
						"priority": 1.5,
						"priorityForCancel": 6,
						"animation": "Sleep",
						"executionChance": 0.25,
						"mindurationMs": 240000,
						"maxdurationMs": 960000,
						"mincooldownHours": 0.25,
						"maxcooldownhours": 1,
						"animationSpeed": 0.3,
						"duringDayTimeFramesByType": {
							"*": [{"fromHour": 12,"toHour": 16},{"fromHour": 0,"toHour": 4}]
						}, 	
						"DayTimeFrameInaccuracy": 0.3,
						"EntityLightLevels": [6,21],
						"EntityLightLevelType": "MaxLight",
						"stopOnHurt": true,
						"whenSwimming": false,
						"whenFeetInLiquid": false,
						"DontExecuteIfRecentlyAttacked": true,
						"tagsAppliedToEntity": ["state-sneaking"],
						"whenNotInEmotionState": ["aggressiveondamage","fleeondamage"]
					},
						//rare chance of call all day
					{
						"code": "idle-r",
						"priority": 1.41,
						"priorityForCancel": 1.9,
						"animation": "Roar",
						"executionChance": 0.00125,
						"mindurationMS": 5000,
						"maxdurationMS": 25000,
						"mincooldownHours": 0.125,
						"maxcooldownHours": 2,
						"animationSpeed": 0.75,
						"sound": "pantherinae:creature/pantherinae/cubidle",
						"soundrepeatMS": 7000,
						"soundVolume": 0.75,
						"soundRange": 20,
						"tagsAppliedToEntity": ["ferocious"],
						"whenNotInEmotionState": ["aggressiveondamage","fleeondamage"]
					},
						//making noise after peak sunlight
					{
						"code": "idle-r",
						"priority": 1.4,
						"priorityForCancel": 1.9,
						"animation": "Roar",
						"executionChance": 0.125,
						"mindurationMS": 5000,
						"maxdurationMS": 25000,
						"mincooldownHours": 0.125,
						"maxcooldownHours": 2,
						"animationSpeed": 0.75,
						"EntityLightLevels": [4,18],
						"EntityLightLevelType": "TimeOfDaySunLight",
						"sound": "pantherinae:creature/pantherinae/cubidle",
						"soundrepeatMS": 7000,
						"soundVolume": 0.75,
						"soundRange": 20,
						"tagsAppliedToEntity": ["state-sneaking"],
						"whenNotInEmotionState": ["aggressiveondamage","fleeondamage"]
					},
						//nap while parents hunt at twilight hours
					{
						"code": "idle-r",
						"priority": 1.3,
						"priorityForCancel": 2.0,
						"animation": "Lie",
						"animationSpeed": 0.25,
						"EntityLightLevels": [14,18],
						"EntityLightLevelType": "TimeOfDaySunLight",
						"stopOnHurt": true,
						"whenSwimming": false,
						"DontExecuteIfRecentlyAttacked": true,
						"tagsAppliedToEntity": ["sneak"],
						"whenNotInEmotionState": ["aggressiveondamage","fleeondamage","saturated"]
					},
					//-------------------------Down Time-------------------------//
						//wandering at any time
					{
						"code": "wander-r",
						"priority": 0.8,
						"priorityForCancel": 2.0,
						"animation": "Walk",
						"mindurationMs": 8000,
						"executionChance": 0.01,
						"movespeedByType": {
							"*-atrox-*": 0.003,
							"*-leo-*": 0.003,
							"*-onca-*": 0.0022,
							"*-pardus-*": 0.0022,
							"*-spelaea-*": 0.003,
							"*-tigris-*": 0.003,
							"*-uncia-*": 0.002,
							"*": 0.005
						},
						"animationSpeed": 1.05,
						"stopOnHurt": true,
						"whenSwimming": false,
						"DontExecuteIfRecentlyAttacked": true,
						"tagsAppliedToEntity": ["state-moving"],
						"whenNotInEmotionState": ["aggressiveondamage","fleeondamage"]
					},
						//zoomies at any time
					{
						"code": "wander-r",
						"priority": 0.8,
						"priorityForCancel": 2.0,
						"animation": "Run",
						"mindurationMs": 16000,
						"executionChance": 0.0001,
						"movespeedByType": {
							"*-atrox-*": 0.033,
							"*-leo-*": 0.033,
							"*-onca-*": 0.0222,
							"*-pardus-*": 0.0222,
							"*-spelaea-*": 0.033,
							"*-tigris-*": 0.033,
							"*-uncia-*": 0.022,
							"*": 0.033
						},
						"animationSpeed": 2.2,
						"stopOnHurt": true,
						"whenSwimming": false,
						"DontExecuteIfRecentlyAttacked": true,
						"tagsAppliedToEntity": ["state-moving","state-sprinting"],
						"whenInEmotionState": ["saturated"],
						"whenNotInEmotionState": ["aggressiveondamage","fleeondamage"]
					},
						//sitting at any time
					{
						"code": "idle-r",
						"priority": 0.7,
						"priorityForCancel": 2.0,
						"animation": "Sit",
						"mindurationMs": 12000,
						"maxdurationMs": 120000,
						"executionChance": 0.1,
						"minCooldownMs": 12000,
						"maxCoolDownMs": 120000,
						"stopOnHurt": true,
						"whenSwimming": false,
						"whenFeetInLiquid": false,
						"DontExecuteIfRecentlyAttacked": false,
						"whenNotInEmotionState": ["aggressiveondamage","fleeondamage"]
					},
						//grooming at any time
					{
						"code": "idle-r",
						"priority": 0.7,
						"priorityForCancel": 2.0,
						"animation": "Lick",
						"mindurationMs": 12000,
						"maxdurationMs": 120000,
						"executionChance": 0.1,
						"minCooldownMs": 12000,
						"maxCoolDownMs": 120000,
						"sound": "pantherinae:creature/pantherinae/lick",
						"soundrange" : 3,
						"soundrepeatMS": 7500,
						"soundVolume": 0.05,
						"stopOnHurt": true,
						"whenSwimming": false,
						"whenFeetInLiquid": false,
						"DontExecuteIfRecentlyAttacked": false,
						"whenNotInEmotionState": ["aggressiveondamage","fleeondamage"]
					},
						//laying at any time
					{
						"code": "idle-r",
						"priority": 0.7,
						"priorityForCancel": 2.0,
						"animation": "Lie",
						"mindurationMs": 12000,
						"maxdurationMs": 120000,
						"executionChance": 0.1,
						"minCooldownMs": 12000,
						"maxCoolDownMs": 120000,
						"stopOnHurt": true,
						"whenSwimming": false,
						"whenFeetInLiquid": false,
						"DontExecuteIfRecentlyAttacked": false,
						"whenNotInEmotionState": ["aggressiveondamage","fleeondamage"]
					},
						//loafing at any time
					{
						"code": "idle-r",
						"priority": 0.7,
						"priorityForCancel": 2.0,
						"animation": "Loaf",
						"mindurationMs": 12000,
						"maxdurationMs": 120000,
						"executionChance": 0.1,
						"minCooldownMs": 12000,
						"maxCoolDownMs": 120000,
						"stopOnHurt": true,
						"whenSwimming": false,
						"whenFeetInLiquid": false,
						"DontExecuteIfRecentlyAttacked": true,
						"tagsAppliedToEntity": ["state-sneaking"],
						"whenNotInEmotionState": ["aggressiveondamage","fleeondamage"]
					},
						//looking around
					{
						"code": "lookaround-r",
						"priority": 0.5,
						"priorityForCancel": 2.0,
						"stopOnHurt": true,
						"whenNotInEmotionState": ["aggressiveondamage","fleeondamage"],
						"turnAngleFactor": 0.5
					}
				]
			},
			{ "code": "ropetieable", "minGeneration": 2 },
			{ "code": "pettable", "minGeneration": 1 },
			{ "code": "entitystatetags" }
		],
		"spawnconditions": {
			"runtime": {
				"group": "hostile",
				"tryOnlySurface": true,
				"maxQuantity": 1,
				"maxQuantityByGroup": {
					"code": "pantherinae-panthera-*",
					"maxQuantity": 1
				},
				"chanceByType": {
					"*-panthera-*": 0
				}
			}
		}
	},
	"sounds": {
		"hurt": "pantherinae:creature/pantherinae/cubhurt",
		"death": "pantherinae:creature/pantherinae/cubdeath",
		"idle": "pantherinae:creature/pantherinae/cubidle"
	},
	"idleSoundChance": 0.04
}