{
	"code": "fa-templar-legs",
	"class": "ItemWearable",
	"heldTpIdleAnimation": "holdunderarm",
	"variantgroups": [
		{
			"code": "look",
			"states": [
				"light",
				"balance",
				"heavy"
			]
		},
		{
			"code": "metallegs",
			"states": [
				"iron",
				"meteoriciron",
				"steel"
			]
		},
		{
			"code": "line",
			"states": [
				"red",
				"green",
				"black",
				"blue",
				"brown",
				"white",
				"purple",
				"pink",
				"orange",
				"yellow",
				"gray",
				"plain",
				"none",
				"bear-black",
				"bear-brown",
				"bear-polar"
			]
		}
	],
	"allowedVariants": [
		"fa-templar-legs-heavy-*",
		"fa-templar-legs-balance-*-plain",
		"fa-templar-legs-light-*-plain",
		"fa-templar-legs-balance-*-*bear*",
		"fa-templar-legs-light-*-*bear*"
	],
	"shapeByType": {
		"fa-templar-legs-light-*bear*": {
			"base": "entity/armor/templar/light/templar_lightbear_legs"
		},
		"fa-templar-legs-light-*": {
			"base": "entity/armor/templar/light/templar_light_legs"
		},
		"fa-templar-legs-balance-*bear*": {
			"base": "entity/armor/templar/balance/templar_balancebear_legs"
		},
		"fa-templar-legs-balance-*": {
			"base": "entity/armor/templar/balance/templar_balance_legs"
		},
		"fa-templar-legs-heavy-*bear*": {
			"base": "entity/armor/templar/heavy/templar_heavybear_legs"
		},
		"fa-templar-legs-heavy-*": {
			"base": "entity/armor/templar/heavy/templar_heavy_legs"
		}
	},
	"texturesByType": {
		"fa-templar-legs-*bear*": {
			"seraph": {
				"base": "game:block/transparent"
			},
			"templarlegs": {
				"base": "armor/entity/templar_{look}_{metallegs}"
			},
			"line": {
				"base": "game:entity/humanoid/serapharmor/hide/bear/{line}"
			}
		},
		"fa-templar-legs-*": {
			"seraph": {
				"base": "game:block/transparent"
			},
			"templarlegs": {
				"base": "armor/entity/templar_{look}_{metallegs}"
			},
			"line": {
				"base": "block/lines/line{line}"
			}
		}
	},
	"storageFlags": 128,
	"maxstacksize": 4,
	"attributes": {
		"handbook": {
			"groupBy": [
				"fa-templar-legs-{look}-{metallegs}-*"
			]
		},
		"visibleDamageEffect": true,
		"wearableAttachment": true,
		"clothescategoryByType": {
			"*": "armorlegs",
		},
		"warmthByType": {
			"*-bear-black": 1,
			"*-bear-brown": 1,
			"*-bear-polar": 1.5
		},
		"defaultProtLoss": {
			perTierRelativeProtectionLoss: [
				0.03,
				0.15
			],
			perTierFlatDamageReductionLoss: [
				0.1,
				0.2
			],
		},
		"protectionModifiersByType": {
			"*-light-steel-*": {
				relativeProtection: 0.86,
				flatDamageReduction: 1.4,
				highDamageTierResistant: true,
				protectionTier: 4
			},
			"*-balance-steel-*": {
				relativeProtection: 0.92,
				flatDamageReduction: 2.6,
				highDamageTierResistant: true,
				protectionTier: 4
			},
			"*-heavy-steel-*": {
				relativeProtection: 0.97,
				flatDamageReduction: 3,
				highDamageTierResistant: true,
				protectionTier: 4
			},
			"*-light-meteoriciron-*": {
				relativeProtection: 0.85,
				flatDamageReduction: 1.35,
				highDamageTierResistant: true,
				protectionTier: 3
			},
			"*-balance-meteoriciron-*": {
				relativeProtection: 0.91,
				flatDamageReduction: 2.55,
				highDamageTierResistant: true,
				protectionTier: 3
			},
			"*-heavy-meteoriciron-*": {
				relativeProtection: 0.962,
				flatDamageReduction: 2.95,
				highDamageTierResistant: true,
				protectionTier: 3
			},
			"*-light-iron-*": {
				relativeProtection: 0.845,
				flatDamageReduction: 1.3,
				highDamageTierResistant: true,
				protectionTier: 3
			},
			"*-balance-iron-*": {
				relativeProtection: 0.91,
				flatDamageReduction: 2.5,
				highDamageTierResistant: true,
				protectionTier: 3
			},
			"*-heavy-iron-*": {
				relativeProtection: 0.96,
				flatDamageReduction: 2.9,
				highDamageTierResistant: true,
				protectionTier: 3
			}
		},
		"statModifiersByType": {
			"*-light-*bear*": {
				rangedWeaponsAcc: -0.03,
				rangedWeaponsSpeed: -0.06,
				walkSpeed: -0.07,
				healingeffectivness: -0.05,
				hungerrate: 0.05
			},
			"*-balance-*bear*": {
				rangedWeaponsAcc: -0.1,
				rangedWeaponsSpeed: -0.2,
				walkSpeed: -0.07,
				healingeffectivness: -0.06,
				hungerrate: 0.06
			},
			"*-heavy-*bear*": {
				rangedWeaponsAcc: -0.3,
				rangedWeaponsSpeed: -0.35,
				walkSpeed: -0.18,
				healingeffectivness: -0.1,
				hungerrate: 0.1
			},
			"*-light-*": {
				rangedWeaponsAcc: -0.03,
				rangedWeaponsSpeed: -0.06,
				walkSpeed: -0.05,
				healingeffectivness: -0.05,
				hungerrate: 0.05
			},
			"*-balance-*": {
				rangedWeaponsAcc: -0.1,
				rangedWeaponsSpeed: -0.2,
				walkSpeed: -0.05,
				healingeffectivness: -0.06,
				hungerrate: 0.06
			},
			"*-heavy-*": {
				rangedWeaponsAcc: -0.3,
				rangedWeaponsSpeed: -0.35,
				walkSpeed: -0.16,
				healingeffectivness: -0.1,
				hungerrate: 0.1
			}
		}
	},
	"creativeinventory": {
		"general": [
			"*"
		],
		"items": [
			"*"
		],
		"forgottenarmorytemplar": [
			"*"
		]
	},
	"renderAlphaTest": 0.25,
	"durabilityByType": {
		"*-heavy-iron-*": 4400,
		"*-heavy-meteoriciron-*": 5600,
		"*-heavy-steel-*": 11000,
		"*-balance-iron-*": 2800,
		"*-balance-meteoriciron-*": 3400,
		"*-balance-steel-*": 7000,
		"*-light-iron-*": 1600,
		"*-light-meteoriciron-*": 1800,
		"*-light-steel-*": 4000
	},
	"fpHandTransformByType": {
		"*": {
			translation: { x: 0.4, y: -1.2, z: -0.5
			},
			rotation: { x: 163, y: -111, z: -180
			},
			origin: { x: 0.5, y: 1.6, z: 0.5
			},
			scale: 2.15
		},
	},
	"tpHandTransformByType": {
		"*": {
			translation: { x: -0.7, y: -0.6, z: -0.4
			},
			rotation: { x: 95, y: -20, z: -91
			},
			origin: { x: 0.5, y: 0.7, z: 0.5
			},
			scale: 0.74
		}
	},
	"guiTransformByType": {
		"*": {
			translation: { x: 1, y: 0, z: 0
			},
			rotation: { x: -26, y: -46, z: -180
			},
			origin: { x: 0.5, y: 0.6, z: 0.5
			},
			scale: 1.25
		},
	},
	"groundTransformByType": {
		"*": {
			translation: { x: 0, y: 0, z: 0
			},
			rotation: { x: 0, y: 0, z: 90
			},
			origin: { x: 0.34, y: 1.12, z: 0.5
			},
			scale: 3.1
		}
	}
}