[

    {
        "file": "farmcrops:itemtypes/food/mixing/breadedmushroom.json",
        "op": "addmerge", 
        "path": "/attributes/expandedNutritionProps/acorns:flour-acorn",
        "value": {"saturation": 150, "foodcategory": "Grain"},
        "side": "server",
        "dependsOn": [{ "modid": "acorns"}, { "modid": "expandedfoods" }]
     },

     {
        "op": "addeach",
        "path": "/0/ingredients/2/inputs/-",
        "value": [
            { "type": "item", "code": "acorns:flour-acorn", "quantity": 1 }
          ],
        "side": "server",
        "file": "farmcrops:recipes/kneading/breaded/breadedmushroom.json",
        "dependsOn": [{ "modid": "acorns"}, { "modid": "expandedfoods" }]
      },
  
      {
        "op": "addeach",
        "path": "/1/ingredients/2/inputs/-",
        "value": [
            { "type": "item", "code": "acorns:flour-acorn", "quantity": 1 }
          ],
        "side": "server",
        "file": "farmcrops:recipes/kneading/breaded/breadedmushroom.json",
        "dependsOn": [{ "modid": "acorns"}, { "modid": "expandedfoods" }]
      },
  
      {
        "op": "addeach",
        "path": "/2/ingredients/2/inputs/-",
        "value": [
            { "type": "item", "code": "acorns:flour-acorn", "quantity": 1 }
          ],
        "side": "server",
        "file": "farmcrops:recipes/kneading/breaded/breadedmushroom.json",
        "dependsOn": [{ "modid": "acorns"}, { "modid": "expandedfoods" }]
      },
  
      {
        "op": "addeach",
        "path": "/3/ingredients/2/inputs/-",
        "value": [
            { "type": "item", "code": "acorns:flour-acorn", "quantity": 1 }
          ],
        "side": "server",
        "file": "farmcrops:recipes/kneading/breaded/breadedmushroom.json",
        "dependsOn": [{ "modid": "acorns"}, { "modid": "expandedfoods" }]
      },
  
      {
        "op": "addeach",
        "path": "/4/ingredients/2/inputs/-",
        "value": [
            { "type": "item", "code": "acorns:flour-acorn", "quantity": 1 }
          ],
        "side": "server",
        "file": "farmcrops:recipes/kneading/breaded/breadedmushroom.json",
        "dependsOn": [{ "modid": "acorns"}, { "modid": "expandedfoods" }]
      },
  
      {
        "op": "addeach",
        "path": "/5/ingredients/2/inputs/-",
        "value": [
            { "type": "item", "code": "acorns:flour-acorn", "quantity": 1 }
          ],
        "side": "server",
        "file": "farmcrops:recipes/kneading/breaded/breadedmushroom.json",
        "dependsOn": [{ "modid": "acorns"}, { "modid": "expandedfoods" }]
      },
  
      {
        "op": "addeach",
        "path": "/6/ingredients/2/inputs/-",
        "value": [
            { "type": "item", "code": "acorns:flour-acorn", "quantity": 1 }
          ],
        "side": "server",
        "file": "farmcrops:recipes/kneading/breaded/breadedmushroom.json",
        "dependsOn": [{ "modid": "acorns"}, { "modid": "expandedfoods" }]
      },
  
      {
        "op": "addeach",
        "path": "/7/ingredients/2/inputs/-",
        "value": [
            { "type": "item", "code": "acorns:flour-acorn", "quantity": 1 }
          ],
        "side": "server",
        "file": "farmcrops:recipes/kneading/breaded/breadedmushroom.json",
        "dependsOn": [{ "modid": "acorns"}, { "modid": "expandedfoods" }]
      },
]