[
	{
		ingredientPattern: "B_B,DED,GHI",
		recipeGroup: 1,
		ingredients: {
			"B": { type: "item", code: "game:metalnailsandstrips-steel", quantity: 2
			},
			"D": { type: "item", code: "game:metalplate-steel"
			},
			"E": { type: "item", code: "game:armor-head-plate-steel"
			},
			"G": { type: "item", code: "game:hammer-*", isTool: true, toolDurabilityCost: 100
			},
			"H": { type: "item", code: "fa-viking-schematic", returnedStack: { "type": "item", "code": "fa-viking-schematic" }
			},
			"I": { type: "item", code: "game:hide-pelt-large"
			}
		},
		width: 3,
		height: 3,
		name: "viking steel plate vendel",
		output: { type: "item", code: "fa-viking-head-vendel-steel-none"
		}
	},
	{
		ingredientPattern: "B_B,DED,GHI",
		recipeGroup: 1,
		ingredients: {
			"B": { type: "item", code: "game:metalnailsandstrips-iron", quantity: 2
			},
			"D": { type: "item", code: "game:metalplate-iron"
			},
			"E": { type: "item", code: "game:armor-head-plate-iron"
			},
			"G": { type: "item", code: "game:hammer-*", isTool: true, toolDurabilityCost: 100
			},
			"H": { type: "item", code: "fa-viking-schematic", returnedStack: { "type": "item", "code": "fa-viking-schematic" }
			},
			"I": { type: "item", code: "game:hide-pelt-large"
			}
		},
		width: 3,
		height: 3,
		name: "viking iron plate vendel",
		output: { type: "item", code: "fa-viking-head-vendel-iron-none"
		}
	},
	{
		ingredientPattern: "BCD,_A_",
		recipeGroup: 1,
		ingredients: {
			"A": { type: "item", code: "fa-viking-head-vendel*-steel-*"
			},
			"B": { type: "item", code: "game:wrench-*", isTool: true, toolDurabilityCost: 100
			},
			"C": { type: "item", code: "game:saw-*", isTool: true, toolDurabilityCost: 100
			},
			"D": { type: "item", code: "game:shears-*", isTool: true, toolDurabilityCost: 100
			},
		},
		width: 3,
		height: 2,
		name: "viking steel plate vendel deplume",
		output: { type: "item", code: "fa-viking-head-vendel-steel-none"
		}
	},
	{
		ingredientPattern: "BCD,_A_",
		recipeGroup: 1,
		ingredients: {
			"A": { type: "item", code: "fa-viking-head-vendel*-iron-*"
			},
			"B": { type: "item", code: "game:wrench-*", isTool: true, toolDurabilityCost: 100
			},
			"C": { type: "item", code: "game:saw-*", isTool: true, toolDurabilityCost: 100
			},
			"D": { type: "item", code: "game:shears-*", isTool: true, toolDurabilityCost: 100
			},
		},
		width: 3,
		height: 2,
		name: "viking meteoriciron plate vendel deplume",
		output: { type: "item", code: "fa-viking-head-vendel-iron-none"
		}
	},
	{
		ingredientPattern: "AE,BG",
		recipeGroup: 1,
		ingredients: {
			"A": { type: "item", 
					code: "game:armor-head-hide-bear-*",
					name: "bear",
					allowedVariants: [
					"black",
					"brown",
					"polar"
				]
			},
			"E": { type: "item", 
					code: "fa-viking-head-vendel-*-none",
					name: "metal",
					allowedVariants: [
					"iron",
					"steel"
				]
			},
			"G": { type: "item", code: "game:shears-*", isTool: true, toolDurabilityCost: 100
			},
			"B": { type: "item", code: "game:hammer-*", isTool: true, toolDurabilityCost: 100
			}
		},
		width: 2,
		height: 2,
		name: "gothi plate sallet",
		output: { type: "item", code: "fa-viking-head-vendel-{metal}-bear-{bear}"
		}
	}
]