{
	"editor": {
		"backDropShape": "C:/Hry/Vintage Story/assets/game/shapes/entity/humanoid/seraph-hairless",
		"collapsedPaths": "Root/ArmorUpperArmL/ArmorPauldronL/ShoulderBaseL2,Root/ArmorLowerArmL,Root/ShoulderRim1,Root/ArmorUpperArmR/ArmorPauldronR/ShoulderBase/TextileFlap26,Root/ArmorUpperArmR/ArmorPauldronR/ShoulderBaseR,Root/ArmorUpperArmR/ArmorPauldronR/ShoulderBase/TextileFlap21,Root/ArmorHelmet,Root/ShoulderTopAxis,Root/ArmorLowerTorso,Root/ShoulderBase,Root/ArmorUpperArmL/ArmorPauldronL/ShoulderBaseR,Root/ArmorLowerArmR,Root/ArmorHelmet/PlumeBase",
		"allAngles": true,
		"entityTextureMode": true
	},
	"textureWidth": 64,
	"textureHeight": 64,
	"textureSizes": {
	},
	"textures": {
		"stoneforgebody": "armor/entity/stoneforge_heavysteel",
		"textile": "block/textiles/textilered"
	},
	"elements": [
		{
			"name": "ArmorUpperTorso",
			"stepParentName": "UpperTorso",
			"from": [ -0.5, -0.2, -0.4 ],
			"to": [ 5.5, 5.2, 6.6 ],
			"autoUnwrap": false,
			"uv": [ 37.0, 36.0 ],
			"rotationOrigin": [ -0.5, -0.2, -0.4 ],
			"faces": {
				"north": { "texture": "#stoneforgebody", "uv": [ 9.0, 42.0, 15.0, 47.0 ] },
				"east": { "texture": "#stoneforgebody", "uv": [ 8.5, 42.0, 15.5, 47.0 ] },
				"south": { "texture": "#stoneforgebody", "uv": [ 9.0, 42.0, 15.0, 47.0 ] },
				"west": { "texture": "#stoneforgebody", "uv": [ 8.5, 42.0, 15.5, 47.0 ] },
				"up": { "texture": "#stoneforgebody", "uv": [ 15.5, 38.5, 21.5, 45.5 ] },
				"down": { "texture": "#stoneforgebody", "uv": [ 15.5, 38.5, 21.5, 45.5 ] }
			},
			"children": [
				{
					"name": "FrontplateAxis",
					"from": [ -0.2, -1.0, 0.6 ],
					"to": [ -0.2, -1.0, 0.6 ],
					"uv": [ 0.0, 0.0 ],
					"rotationOrigin": [ -0.2, -1.0, 0.6 ],
					"rotationZ": 5.0,
					"faces": {
						"north": { "texture": "#stoneforgebody", "uv": [ 0.0, 0.5, 0.5, 1.0 ] },
						"east": { "texture": "#stoneforgebody", "uv": [ 0.5, 0.5, 1.0, 1.0 ] },
						"south": { "texture": "#stoneforgebody", "uv": [ 1.0, 0.5, 1.5, 1.0 ] },
						"west": { "texture": "#stoneforgebody", "uv": [ 1.5, 0.5, 2.0, 1.0 ] },
						"up": { "texture": "#stoneforgebody", "uv": [ 0.0, 0.0, 0.5, 0.5 ] },
						"down": { "texture": "#stoneforgebody", "uv": [ 0.5, 0.0, 1.0, 0.5 ] }
					},
					"children": [
						{
							"name": "FrontPlate1",
							"from": [ 0.1, 0.0, -0.05 ],
							"to": [ 7.0, 4.0, 4.55 ],
							"autoUnwrap": false,
							"uv": [ 1.0, 0.0 ],
							"rotationOrigin": [ 0.1, 0.0, -0.05 ],
							"rotationX": -20.0,
							"faces": {
								"north": { "texture": "#stoneforgebody", "uv": [ 29.5, 3.0, 36.0, 7.0 ] },
								"east": { "texture": "#stoneforgebody", "uv": [ 31.5, 3.0, 36.0, 7.0 ] },
								"south": { "texture": "#stoneforgebody", "uv": [ 7.5, 3.5, 14.0, 7.5 ] },
								"west": { "texture": "#stoneforgebody", "uv": [ 29.5, 3.0, 34.0, 7.0 ] },
								"up": { "texture": "#stoneforgebody", "uv": [ 56.5, 39.5, 63.0, 44.0 ] },
								"down": { "texture": "#stoneforgebody", "uv": [ 7.5, 0.0, 14.0, 4.5 ] }
							},
							"children": [
								{
									"name": "FrontPlate2",
									"from": [ -0.01, 0.0, 4.6 ],
									"to": [ 6.91, 4.0, 9.2 ],
									"autoUnwrap": false,
									"uv": [ 15.0, -3.5 ],
									"rotationOrigin": [ 0.0, 4.0, 4.6 ],
									"rotationX": 40.0,
									"faces": {
										"north": { "texture": "#stoneforgebody", "uv": [ 19.5, 1.0, 26.0, 5.0 ], "enabled": false },
										"east": { "texture": "#stoneforgebody", "uv": [ 29.5, 3.0, 34.0, 7.0 ] },
										"south": { "texture": "#stoneforgebody", "uv": [ 30.5, 3.0, 37.0, 7.0 ] },
										"west": { "texture": "#stoneforgebody", "uv": [ 31.5, 3.0, 36.0, 7.0 ] },
										"up": { "texture": "#stoneforgebody", "uv": [ 56.5, 39.5, 63.0, 44.0 ] },
										"down": { "texture": "#stoneforgebody", "uv": [ 56.5, 39.5, 63.0, 44.0 ] }
									},
									"children": [
										{
											"name": "SpandexPlate1",
											"from": [ 0.2, 3.7, 1.4 ],
											"to": [ 6.7, 5.9, 3.0 ],
											"uv": [ 0.0, 13.0 ],
											"rotationOrigin": [ 0.2, 3.7, 1.4 ],
											"rotationX": -10.0,
											"rotationZ": -3.0,
											"faces": {
												"north": { "texture": "#stoneforgebody", "uv": [ 0.0, 14.5, 6.5, 16.5 ] },
												"east": { "texture": "#stoneforgebody", "uv": [ 6.5, 14.5, 8.0, 16.5 ] },
												"south": { "texture": "#stoneforgebody", "uv": [ 8.0, 14.5, 14.5, 16.5 ] },
												"west": { "texture": "#stoneforgebody", "uv": [ 14.5, 14.5, 16.0, 16.5 ] },
												"up": { "texture": "#stoneforgebody", "uv": [ 0.0, 13.0, 6.5, 14.5 ] },
												"down": { "texture": "#stoneforgebody", "uv": [ 6.5, 13.0, 13.0, 14.5 ] }
											}
										}
									]
								},
								{
									"name": "SpandexPlate2",
									"from": [ 0.2, 3.7, 1.6 ],
									"to": [ 6.7, 5.9, 3.2 ],
									"uv": [ 0.0, 13.0 ],
									"rotationOrigin": [ 0.2, 3.7, 3.2 ],
									"rotationX": 10.0,
									"rotationZ": -3.0,
									"faces": {
										"north": { "texture": "#stoneforgebody", "uv": [ 0.0, 14.5, 6.5, 16.5 ] },
										"east": { "texture": "#stoneforgebody", "uv": [ 6.5, 14.5, 8.0, 16.5 ] },
										"south": { "texture": "#stoneforgebody", "uv": [ 8.0, 14.5, 14.5, 16.5 ] },
										"west": { "texture": "#stoneforgebody", "uv": [ 14.5, 14.5, 16.0, 16.5 ] },
										"up": { "texture": "#stoneforgebody", "uv": [ 0.0, 13.0, 6.5, 14.5 ] },
										"down": { "texture": "#stoneforgebody", "uv": [ 6.5, 13.0, 13.0, 14.5 ] }
									}
								}
							]
						}
					]
				},
				{
					"name": "ArmorUpperTorsoTextile",
					"from": [ -0.01, -0.01, -0.01 ],
					"to": [ 6.01, 5.41, 7.01 ],
					"autoUnwrap": false,
					"uv": [ 0.0, 20.5 ],
					"faces": {
						"north": { "texture": "#textile", "uv": [ 0.0, 27.5, 6.0, 32.5 ] },
						"east": { "texture": "#textile", "uv": [ 6.5, 27.5, 13.0, 32.5 ], "autoUv": false },
						"south": { "texture": "#textile", "uv": [ 8.5, 27.5, 14.5, 32.5 ] },
						"west": { "texture": "#textile", "uv": [ 8.5, 27.5, 15.1, 32.5 ], "autoUv": false },
						"up": { "texture": "#textile", "uv": [ 0.0, 20.5, 6.0, 27.5 ] },
						"down": { "texture": "#textile", "uv": [ 6.0, 20.5, 12.0, 27.5 ] }
					}
				}
			]
		},
		{
			"name": "ArmorLowerTorso",
			"stepParentName": "LowerTorso",
			"from": [ -0.8, -0.5, -0.85 ],
			"to": [ 5.7, 5.1, 6.85 ],
			"uv": [ 0.0, 0.0 ],
			"rotationOrigin": [ -0.8, -0.5, -0.8 ],
			"rotationZ": -2.0,
			"faces": {
				"north": { "texture": "#stoneforgebody", "uv": [ 0.0, 7.5, 6.5, 13.0 ] },
				"east": { "texture": "#stoneforgebody", "uv": [ 6.5, 7.5, 14.0, 13.0 ] },
				"south": { "texture": "#stoneforgebody", "uv": [ 14.0, 7.5, 20.5, 13.0 ] },
				"west": { "texture": "#stoneforgebody", "uv": [ 20.5, 7.5, 28.0, 13.0 ] },
				"up": { "texture": "#stoneforgebody", "uv": [ 0.0, 0.0, 6.5, 7.5 ] },
				"down": { "texture": "#stoneforgebody", "uv": [ 6.5, 0.0, 13.0, 7.5 ] }
			},
			"children": [
				{
					"name": "Belt",
					"from": [ -0.2348, 0.9924, -0.2 ],
					"to": [ 6.7652, 2.5924, 7.9 ],
					"autoUnwrap": false,
					"uv": [ 21.5, 28.5 ],
					"rotationOrigin": [ -0.2348, 0.9924, -0.15 ],
					"faces": {
						"north": { "texture": "#stoneforgebody", "uv": [ 3.5, 38.5, 10.5, 40.0 ] },
						"east": { "texture": "#stoneforgebody", "uv": [ 0.0, 40.5, 8.0, 42.0 ] },
						"south": { "texture": "#stoneforgebody", "uv": [ 3.0, 38.5, 10.0, 40.0 ] },
						"west": { "texture": "#stoneforgebody", "uv": [ 2.0, 38.5, 10.0, 40.0 ] },
						"up": { "texture": "#stoneforgebody", "uv": [ 1.0, 43.0, 8.0, 51.0 ] },
						"down": { "texture": "#stoneforgebody", "uv": [ 1.0, 43.0, 8.0, 51.0 ] }
					},
					"children": [
						{
							"name": "Buckle",
							"from": [ -0.2, -0.1, 2.6 ],
							"to": [ 0.3, 1.7, 5.6 ],
							"autoUnwrap": false,
							"uv": [ 31.0, 20.0 ],
							"rotationOrigin": [ -0.2, -0.1, 2.6 ],
							"faces": {
								"north": { "texture": "#stoneforgebody", "uv": [ 54.5, 41.5, 55.0, 43.0 ] },
								"east": { "texture": "#stoneforgebody", "uv": [ 53.5, 42.0, 56.5, 43.5 ] },
								"south": { "texture": "#stoneforgebody", "uv": [ 54.5, 41.5, 55.0, 43.0 ] },
								"west": { "texture": "#stoneforgebody", "uv": [ 32.0, 43.4, 34.5, 46.5 ], "autoUv": false },
								"up": { "texture": "#stoneforgebody", "uv": [ 53.5, 41.0, 54.0, 44.0 ] },
								"down": { "texture": "#stoneforgebody", "uv": [ 56.0, 41.0, 56.5, 44.0 ] }
							}
						}
					]
				},
				{
					"name": "ArmorCoatL",
					"from": [ 0.1429, -1.0207, 7.2585 ],
					"to": [ 3.1429, 0.9793, 8.2585 ],
					"uv": [ 16.0, 20.5 ],
					"rotationOrigin": [ 0.1429, -1.0207, 7.2585 ],
					"rotationX": -10.9872,
					"rotationY": 0.3141,
					"rotationZ": -12.9881,
					"faces": {
						"north": { "texture": "#stoneforgebody", "uv": [ 16.0, 21.5, 19.0, 23.5 ] },
						"east": { "texture": "#stoneforgebody", "uv": [ 19.0, 21.5, 20.0, 23.5 ] },
						"south": { "texture": "#stoneforgebody", "uv": [ 20.0, 21.5, 23.0, 23.5 ] },
						"west": { "texture": "#stoneforgebody", "uv": [ 23.0, 21.5, 24.0, 23.5 ] },
						"up": { "texture": "#stoneforgebody", "uv": [ 16.0, 20.5, 19.0, 21.5 ] },
						"down": { "texture": "#stoneforgebody", "uv": [ 19.0, 20.5, 22.0, 21.5 ] }
					},
					"children": [
						{
							"name": "ArmorCoatL2",
							"from": [ 2.9088, 1.0419, 0.0 ],
							"to": [ 5.9088, 3.0419, 1.0 ],
							"uv": [ 21.0, 20.5 ],
							"rotationOrigin": [ 5.9088, 1.0419, -0.15 ],
							"rotationZ": 20.0,
							"faces": {
								"north": { "texture": "#stoneforgebody", "uv": [ 21.0, 21.5, 24.0, 23.5 ] },
								"east": { "texture": "#stoneforgebody", "uv": [ 24.0, 21.5, 25.0, 23.5 ] },
								"south": { "texture": "#stoneforgebody", "uv": [ 25.0, 21.5, 28.0, 23.5 ] },
								"west": { "texture": "#stoneforgebody", "uv": [ 28.0, 21.5, 29.0, 23.5 ] },
								"up": { "texture": "#stoneforgebody", "uv": [ 21.0, 20.5, 24.0, 21.5 ] },
								"down": { "texture": "#stoneforgebody", "uv": [ 24.0, 20.5, 27.0, 21.5 ] }
							}
						}
					]
				},
				{
					"name": "ArmorCoatL3",
					"from": [ 0.1429, -3.02, 7.2585 ],
					"to": [ 3.1429, -1.02, 8.2585 ],
					"uv": [ 16.0, 20.5 ],
					"rotationOrigin": [ 0.1429, -3.0207, 7.2585 ],
					"rotationX": -10.9872,
					"rotationY": 0.3141,
					"rotationZ": -12.9881,
					"faces": {
						"north": { "texture": "#stoneforgebody", "uv": [ 16.0, 21.5, 19.0, 23.5 ] },
						"east": { "texture": "#stoneforgebody", "uv": [ 19.0, 21.5, 20.0, 23.5 ] },
						"south": { "texture": "#stoneforgebody", "uv": [ 20.0, 21.5, 23.0, 23.5 ] },
						"west": { "texture": "#stoneforgebody", "uv": [ 23.0, 21.5, 24.0, 23.5 ] },
						"up": { "texture": "#stoneforgebody", "uv": [ 16.0, 20.5, 19.0, 21.5 ] },
						"down": { "texture": "#stoneforgebody", "uv": [ 19.0, 20.5, 22.0, 21.5 ] }
					},
					"children": [
						{
							"name": "ArmorCoatL4",
							"from": [ 2.9088, 1.0419, 0.0 ],
							"to": [ 5.9088, 3.0419, 1.0 ],
							"uv": [ 21.0, 20.5 ],
							"rotationOrigin": [ 5.9088, 1.0419, -0.15 ],
							"rotationZ": 20.0,
							"faces": {
								"north": { "texture": "#stoneforgebody", "uv": [ 21.0, 21.5, 24.0, 23.5 ] },
								"east": { "texture": "#stoneforgebody", "uv": [ 24.0, 21.5, 25.0, 23.5 ] },
								"south": { "texture": "#stoneforgebody", "uv": [ 25.0, 21.5, 28.0, 23.5 ] },
								"west": { "texture": "#stoneforgebody", "uv": [ 28.0, 21.5, 29.0, 23.5 ] },
								"up": { "texture": "#stoneforgebody", "uv": [ 21.0, 20.5, 24.0, 21.5 ] },
								"down": { "texture": "#stoneforgebody", "uv": [ 24.0, 20.5, 27.0, 21.5 ] }
							}
						}
					]
				},
				{
					"name": "ArmorCoatL5",
					"from": [ 0.14, -5.02, 7.2585 ],
					"to": [ 3.14, -3.02, 8.2585 ],
					"uv": [ 16.0, 20.5 ],
					"rotationOrigin": [ 0.1429, -5.0207, 7.2585 ],
					"rotationX": -10.9872,
					"rotationY": 0.3141,
					"rotationZ": -12.9881,
					"faces": {
						"north": { "texture": "#stoneforgebody", "uv": [ 16.0, 21.5, 19.0, 23.5 ] },
						"east": { "texture": "#stoneforgebody", "uv": [ 19.0, 21.5, 20.0, 23.5 ] },
						"south": { "texture": "#stoneforgebody", "uv": [ 20.0, 21.5, 23.0, 23.5 ] },
						"west": { "texture": "#stoneforgebody", "uv": [ 23.0, 21.5, 24.0, 23.5 ] },
						"up": { "texture": "#stoneforgebody", "uv": [ 16.0, 20.5, 19.0, 21.5 ] },
						"down": { "texture": "#stoneforgebody", "uv": [ 19.0, 20.5, 22.0, 21.5 ] }
					},
					"children": [
						{
							"name": "ArmorCoatL6",
							"from": [ 2.9088, 1.0419, 0.0 ],
							"to": [ 5.9088, 3.0419, 1.0 ],
							"uv": [ 21.0, 20.5 ],
							"rotationOrigin": [ 5.9088, 1.0419, -0.15 ],
							"rotationZ": 20.0,
							"faces": {
								"north": { "texture": "#stoneforgebody", "uv": [ 21.0, 21.5, 24.0, 23.5 ] },
								"east": { "texture": "#stoneforgebody", "uv": [ 24.0, 21.5, 25.0, 23.5 ] },
								"south": { "texture": "#stoneforgebody", "uv": [ 25.0, 21.5, 28.0, 23.5 ] },
								"west": { "texture": "#stoneforgebody", "uv": [ 28.0, 21.5, 29.0, 23.5 ] },
								"up": { "texture": "#stoneforgebody", "uv": [ 21.0, 20.5, 24.0, 21.5 ] },
								"down": { "texture": "#stoneforgebody", "uv": [ 24.0, 20.5, 27.0, 21.5 ] }
							}
						}
					]
				},
				{
					"name": "ArmorCoatR1",
					"from": [ 0.1429, -1.0207, -0.44 ],
					"to": [ 3.1429, 0.9793, 0.56 ],
					"uv": [ 16.0, 20.5 ],
					"rotationOrigin": [ 0.1429, -1.0207, -0.4415 ],
					"rotationX": 11.0,
					"rotationY": 0.3141,
					"rotationZ": -12.9881,
					"faces": {
						"north": { "texture": "#stoneforgebody", "uv": [ 16.0, 21.5, 19.0, 23.5 ] },
						"east": { "texture": "#stoneforgebody", "uv": [ 19.0, 21.5, 20.0, 23.5 ] },
						"south": { "texture": "#stoneforgebody", "uv": [ 20.0, 21.5, 23.0, 23.5 ] },
						"west": { "texture": "#stoneforgebody", "uv": [ 23.0, 21.5, 24.0, 23.5 ] },
						"up": { "texture": "#stoneforgebody", "uv": [ 16.0, 20.5, 19.0, 21.5 ] },
						"down": { "texture": "#stoneforgebody", "uv": [ 19.0, 20.5, 22.0, 21.5 ] }
					},
					"children": [
						{
							"name": "ArmorCoatR2",
							"from": [ 2.9088, 1.0419, 0.0 ],
							"to": [ 5.9088, 3.0419, 1.0 ],
							"uv": [ 21.0, 20.5 ],
							"rotationOrigin": [ 5.9088, 1.0419, -0.15 ],
							"rotationZ": 20.0,
							"faces": {
								"north": { "texture": "#stoneforgebody", "uv": [ 21.0, 21.5, 24.0, 23.5 ] },
								"east": { "texture": "#stoneforgebody", "uv": [ 24.0, 21.5, 25.0, 23.5 ] },
								"south": { "texture": "#stoneforgebody", "uv": [ 25.0, 21.5, 28.0, 23.5 ] },
								"west": { "texture": "#stoneforgebody", "uv": [ 28.0, 21.5, 29.0, 23.5 ] },
								"up": { "texture": "#stoneforgebody", "uv": [ 21.0, 20.5, 24.0, 21.5 ] },
								"down": { "texture": "#stoneforgebody", "uv": [ 24.0, 20.5, 27.0, 21.5 ] }
							}
						}
					]
				},
				{
					"name": "ArmorCoatR3",
					"from": [ 0.1429, -3.02, -0.44 ],
					"to": [ 3.1429, -1.02, 0.56 ],
					"uv": [ 16.0, 20.5 ],
					"rotationOrigin": [ 0.1429, -3.0207, -0.4415 ],
					"rotationX": 11.0,
					"rotationY": 0.3141,
					"rotationZ": -12.9881,
					"faces": {
						"north": { "texture": "#stoneforgebody", "uv": [ 16.0, 21.5, 19.0, 23.5 ] },
						"east": { "texture": "#stoneforgebody", "uv": [ 19.0, 21.5, 20.0, 23.5 ] },
						"south": { "texture": "#stoneforgebody", "uv": [ 20.0, 21.5, 23.0, 23.5 ] },
						"west": { "texture": "#stoneforgebody", "uv": [ 23.0, 21.5, 24.0, 23.5 ] },
						"up": { "texture": "#stoneforgebody", "uv": [ 16.0, 20.5, 19.0, 21.5 ] },
						"down": { "texture": "#stoneforgebody", "uv": [ 19.0, 20.5, 22.0, 21.5 ] }
					},
					"children": [
						{
							"name": "ArmorCoatR4",
							"from": [ 2.9088, 1.0419, 0.0 ],
							"to": [ 5.9088, 3.0419, 1.0 ],
							"uv": [ 21.0, 20.5 ],
							"rotationOrigin": [ 5.9088, 1.0419, -0.15 ],
							"rotationZ": 20.0,
							"faces": {
								"north": { "texture": "#stoneforgebody", "uv": [ 21.0, 21.5, 24.0, 23.5 ] },
								"east": { "texture": "#stoneforgebody", "uv": [ 24.0, 21.5, 25.0, 23.5 ] },
								"south": { "texture": "#stoneforgebody", "uv": [ 25.0, 21.5, 28.0, 23.5 ] },
								"west": { "texture": "#stoneforgebody", "uv": [ 28.0, 21.5, 29.0, 23.5 ] },
								"up": { "texture": "#stoneforgebody", "uv": [ 21.0, 20.5, 24.0, 21.5 ] },
								"down": { "texture": "#stoneforgebody", "uv": [ 24.0, 20.5, 27.0, 21.5 ] }
							}
						}
					]
				},
				{
					"name": "ArmorCoatR5",
					"from": [ 0.1429, -5.02, -0.44 ],
					"to": [ 3.1429, -3.02, 0.56 ],
					"uv": [ 16.5, 20.5 ],
					"rotationOrigin": [ 0.1429, -5.0207, -0.4415 ],
					"rotationX": 11.0,
					"rotationY": 0.3141,
					"rotationZ": -12.9881,
					"faces": {
						"north": { "texture": "#stoneforgebody", "uv": [ 16.5, 21.5, 19.5, 23.5 ] },
						"east": { "texture": "#stoneforgebody", "uv": [ 19.5, 21.5, 20.5, 23.5 ] },
						"south": { "texture": "#stoneforgebody", "uv": [ 20.5, 21.5, 23.5, 23.5 ] },
						"west": { "texture": "#stoneforgebody", "uv": [ 23.5, 21.5, 24.5, 23.5 ] },
						"up": { "texture": "#stoneforgebody", "uv": [ 16.5, 20.5, 19.5, 21.5 ] },
						"down": { "texture": "#stoneforgebody", "uv": [ 19.5, 20.5, 22.5, 21.5 ] }
					},
					"children": [
						{
							"name": "ArmorCoatR6",
							"from": [ 2.9088, 1.0419, 0.0 ],
							"to": [ 5.9088, 3.0419, 1.0 ],
							"uv": [ 21.0, 20.5 ],
							"rotationOrigin": [ 5.9088, 1.0419, -0.15 ],
							"rotationZ": 20.0,
							"faces": {
								"north": { "texture": "#stoneforgebody", "uv": [ 21.0, 21.5, 24.0, 23.5 ] },
								"east": { "texture": "#stoneforgebody", "uv": [ 24.0, 21.5, 25.0, 23.5 ] },
								"south": { "texture": "#stoneforgebody", "uv": [ 25.0, 21.5, 28.0, 23.5 ] },
								"west": { "texture": "#stoneforgebody", "uv": [ 28.0, 21.5, 29.0, 23.5 ] },
								"up": { "texture": "#stoneforgebody", "uv": [ 21.0, 20.5, 24.0, 21.5 ] },
								"down": { "texture": "#stoneforgebody", "uv": [ 24.0, 20.5, 27.0, 21.5 ] }
							}
						}
					]
				},
				{
					"name": "LowerBellyPlate",
					"from": [ -0.3, -1.1, 1.0 ],
					"to": [ 0.2, 1.9, 4.0 ],
					"autoUnwrap": false,
					"uv": [ 19.5, 14.5 ],
					"rotationOrigin": [ -0.3, -1.1, 1.0 ],
					"rotationX": 15.0,
					"rotationY": -2.0,
					"rotationZ": -7.0,
					"faces": {
						"north": { "texture": "#stoneforgebody", "uv": [ 29.0, 8.5, 29.5, 11.5 ] },
						"east": { "texture": "#stoneforgebody", "uv": [ 29.5, 12.0, 32.5, 15.0 ] },
						"south": { "texture": "#stoneforgebody", "uv": [ 36.5, 9.5, 37.0, 12.5 ] },
						"west": { "texture": "#stoneforgebody", "uv": [ 29.5, 12.0, 32.5, 15.0 ] },
						"up": { "texture": "#stoneforgebody", "uv": [ 36.5, 9.0, 37.0, 12.0 ] },
						"down": { "texture": "#stoneforgebody", "uv": [ 29.0, 8.5, 29.5, 11.5 ] }
					},
					"children": [
						{
							"name": "LowerBellyPlate2",
							"from": [ 0.01, 0.0, 3.0 ],
							"to": [ 0.51, 3.0, 6.0 ],
							"autoUnwrap": false,
							"uv": [ 18.0, 0.0 ],
							"rotationOrigin": [ 0.0, 3.0E-4, 3.0 ],
							"rotationX": -30.0,
							"faces": {
								"north": { "texture": "#stoneforgebody", "uv": [ 36.5, 12.0, 37.0, 15.0 ] },
								"east": { "texture": "#stoneforgebody", "uv": [ 33.0, 12.0, 36.0, 15.0 ] },
								"south": { "texture": "#stoneforgebody", "uv": [ 29.0, 12.0, 29.5, 15.0 ] },
								"west": { "texture": "#stoneforgebody", "uv": [ 33.0, 12.0, 36.0, 15.0 ] },
								"up": { "texture": "#stoneforgebody", "uv": [ 55.0, 41.5, 55.5, 44.5 ] },
								"down": { "texture": "#stoneforgebody", "uv": [ 36.5, 9.5, 37.0, 12.5 ] }
							}
						}
					]
				},
				{
					"name": "LowerBellyPlate3",
					"from": [ 6.2, -1.0, 1.0 ],
					"to": [ 6.7, 1.0, 4.0 ],
					"autoUnwrap": false,
					"uv": [ 20.0, 11.5 ],
					"rotationOrigin": [ 6.2, -1.0, 1.0 ],
					"rotationX": 15.0,
					"faces": {
						"north": { "texture": "#stoneforgebody", "uv": [ 29.0, 13.0, 29.5, 15.0 ] },
						"east": { "texture": "#stoneforgebody", "uv": [ 33.0, 13.0, 36.0, 15.0 ] },
						"south": { "texture": "#stoneforgebody", "uv": [ 36.5, 12.5, 37.0, 14.5 ] },
						"west": { "texture": "#stoneforgebody", "uv": [ 33.0, 13.0, 36.0, 15.0 ] },
						"up": { "texture": "#stoneforgebody", "uv": [ 36.5, 10.5, 37.0, 13.5 ] },
						"down": { "texture": "#stoneforgebody", "uv": [ 29.0, 11.0, 29.5, 14.0 ] }
					},
					"children": [
						{
							"name": "LowerBellyPlate4",
							"from": [ 0.01, 0.0, 3.0 ],
							"to": [ 0.51, 2.0, 6.0 ],
							"autoUnwrap": false,
							"uv": [ 21.5, 14.5 ],
							"rotationOrigin": [ 0.0, 3.0E-4, 3.0 ],
							"rotationX": -30.0,
							"faces": {
								"north": { "texture": "#stoneforgebody", "uv": [ 29.0, 10.0, 29.5, 12.0 ] },
								"east": { "texture": "#stoneforgebody", "uv": [ 29.5, 13.0, 32.5, 15.0 ] },
								"south": { "texture": "#stoneforgebody", "uv": [ 29.0, 13.0, 29.5, 15.0 ] },
								"west": { "texture": "#stoneforgebody", "uv": [ 29.5, 13.0, 32.5, 15.0 ] },
								"up": { "texture": "#stoneforgebody", "uv": [ 29.0, 10.0, 29.5, 13.0 ] },
								"down": { "texture": "#stoneforgebody", "uv": [ 29.0, 10.5, 29.5, 13.5 ] }
							}
						}
					]
				},
				{
					"name": "LowerTorsoTextile",
					"from": [ -0.1, 1.2, 1.5 ],
					"to": [ 0.9, 5.2, 6.5 ],
					"uv": [ 3.9, 39.0 ],
					"rotationOrigin": [ -0.1, 1.2, 1.5 ],
					"faces": {
						"north": { "texture": "#textile", "uv": [ 4.0, 44.0, 5.0, 48.0 ] },
						"east": { "texture": "#textile", "uv": [ 5.0, 44.0, 10.0, 48.0 ] },
						"south": { "texture": "#textile", "uv": [ 10.0, 44.0, 11.0, 48.0 ] },
						"west": { "texture": "#textile", "uv": [ 11.0, 44.0, 16.0, 48.0 ] },
						"up": { "texture": "#textile", "uv": [ 4.0, 39.0, 5.0, 44.0 ] },
						"down": { "texture": "#textile", "uv": [ 5.0, 39.0, 6.0, 44.0 ] }
					}
				},
				{
					"name": "LowerTorsoTextile2",
					"from": [ -0.6, -3.7, 1.5 ],
					"to": [ -0.2, 3.3, 3.9 ],
					"uv": [ 6.0, 34.5 ],
					"rotationOrigin": [ -0.6, -3.7, 1.5 ],
					"rotationZ": -5.0,
					"faces": {
						"north": { "texture": "#textile", "uv": [ 6.0, 36.5, 6.5, 43.5 ] },
						"east": { "texture": "#textile", "uv": [ 6.5, 36.5, 8.5, 43.5 ] },
						"south": { "texture": "#textile", "uv": [ 8.5, 36.5, 9.0, 43.5 ] },
						"west": { "texture": "#textile", "uv": [ 9.0, 36.5, 11.0, 43.5 ] },
						"up": { "texture": "#textile", "uv": [ 6.0, 34.5, 6.5, 36.5 ] },
						"down": { "texture": "#textile", "uv": [ 6.5, 34.5, 7.0, 36.5 ] }
					},
					"children": [
						{
							"name": "LowerTorsoTextile4",
							"from": [ 0.01, -0.3, -0.2 ],
							"to": [ 0.41, 0.7, 2.2 ],
							"uv": [ 7.5, 34.5 ],
							"rotationOrigin": [ 0.0, -0.2966, -0.2 ],
							"rotationX": 15.0,
							"faces": {
								"north": { "texture": "#textile", "uv": [ 7.5, 36.5, 8.0, 37.5 ] },
								"east": { "texture": "#textile", "uv": [ 8.0, 36.5, 10.0, 37.5 ] },
								"south": { "texture": "#textile", "uv": [ 10.0, 36.5, 10.5, 37.5 ] },
								"west": { "texture": "#textile", "uv": [ 10.5, 36.5, 12.5, 37.5 ] },
								"up": { "texture": "#textile", "uv": [ 7.5, 34.5, 8.0, 36.5 ] },
								"down": { "texture": "#textile", "uv": [ 8.0, 34.5, 8.5, 36.5 ] }
							}
						}
					]
				},
				{
					"name": "LowerTorsoTextile3",
					"from": [ -0.6, -3.7, 4.1 ],
					"to": [ -0.2, 3.3, 6.5 ],
					"uv": [ 10.5, 33.5 ],
					"rotationOrigin": [ 2.4, -3.7, 4.1 ],
					"rotationZ": -5.0,
					"faces": {
						"north": { "texture": "#textile", "uv": [ 10.5, 35.5, 11.0, 42.5 ] },
						"east": { "texture": "#textile", "uv": [ 11.0, 35.5, 13.0, 42.5 ] },
						"south": { "texture": "#textile", "uv": [ 13.0, 35.5, 13.5, 42.5 ] },
						"west": { "texture": "#textile", "uv": [ 13.5, 35.5, 15.5, 42.5 ] },
						"up": { "texture": "#textile", "uv": [ 10.5, 33.5, 11.0, 35.5 ] },
						"down": { "texture": "#textile", "uv": [ 11.0, 33.5, 11.5, 35.5 ] }
					},
					"children": [
						{
							"name": "LowerTorsoTextile5",
							"from": [ 0.01, -0.3, 0.2 ],
							"to": [ 0.41, 0.7, 2.6 ],
							"uv": [ 5.5, 36.0 ],
							"rotationOrigin": [ 0.0, -0.3, 2.6 ],
							"rotationX": -15.0,
							"faces": {
								"north": { "texture": "#textile", "uv": [ 5.5, 38.0, 6.0, 39.0 ] },
								"east": { "texture": "#textile", "uv": [ 6.0, 38.0, 8.0, 39.0 ] },
								"south": { "texture": "#textile", "uv": [ 8.0, 38.0, 8.5, 39.0 ] },
								"west": { "texture": "#textile", "uv": [ 8.5, 38.0, 10.5, 39.0 ] },
								"up": { "texture": "#textile", "uv": [ 5.5, 36.0, 6.0, 38.0 ] },
								"down": { "texture": "#textile", "uv": [ 6.0, 36.0, 6.5, 38.0 ] }
							}
						}
					]
				}
			]
		},
		{
			"name": "ArmorUpperArmR",
			"stepParentName": "UpperArmR",
			"from": [ -0.2, -0.2, -1.1 ],
			"to": [ 3.1, 7.2, 2.1 ],
			"uv": [ 7.5, 41.0 ],
			"rotationOrigin": [ -0.2, -0.2, -1.1 ],
			"faces": {
				"north": { "texture": "#stoneforgebody", "uv": [ 7.5, 44.0, 10.5, 51.0 ] },
				"east": { "texture": "#stoneforgebody", "uv": [ 10.5, 44.0, 13.5, 51.0 ] },
				"south": { "texture": "#stoneforgebody", "uv": [ 13.5, 44.0, 16.5, 51.0 ] },
				"west": { "texture": "#stoneforgebody", "uv": [ 16.5, 44.0, 19.5, 51.0 ] },
				"up": { "texture": "#stoneforgebody", "uv": [ 7.5, 41.0, 10.5, 44.0 ] },
				"down": { "texture": "#stoneforgebody", "uv": [ 10.5, 41.0, 13.5, 44.0 ] }
			},
			"children": [
				{
					"name": "ArmorPauldronR",
					"from": [ -0.1, 4.0, 0.3 ],
					"to": [ 3.3, 8.0, 2.3 ],
					"unwrapMode": 1,
					"uv": [ 16.0, 30.0 ],
					"rotationOrigin": [ -0.1, 4.0, 0.3 ],
					"faces": {
						"north": { "texture": "#stoneforgebody", "uv": [ 18.0, 32.0, 21.0, 36.0 ] },
						"east": { "texture": "#stoneforgebody", "uv": [ 16.0, 32.0, 18.0, 36.0 ] },
						"south": { "texture": "#stoneforgebody", "uv": [ 23.0, 32.0, 26.0, 36.0 ] },
						"west": { "texture": "#stoneforgebody", "uv": [ 21.0, 32.0, 23.0, 36.0 ] },
						"up": { "texture": "#stoneforgebody", "uv": [ 18.0, 30.0, 21.0, 32.0 ], "rotation": 180 },
						"down": { "texture": "#stoneforgebody", "uv": [ 18.0, 36.0, 21.0, 38.0 ] }
					},
					"children": [
						{
							"name": "ShoulderBase",
							"from": [ -0.7, -1.5, 0.4 ],
							"to": [ 3.7, 2.0, 2.4 ],
							"autoUnwrap": false,
							"uv": [ 13.5, 25.5 ],
							"rotationOrigin": [ 1.5, -1.5, 0.4 ],
							"rotationX": -10.0,
							"rotationY": -180.0,
							"rotationZ": -0.0031,
							"faces": {
								"north": { "texture": "#stoneforgebody", "uv": [ 13.5, 27.5, 17.5, 31.0 ], "enabled": false },
								"east": { "texture": "#stoneforgebody", "uv": [ 34.5, 10.5, 36.5, 14.0 ] },
								"south": { "texture": "#stoneforgebody", "uv": [ 19.5, 27.5, 23.5, 31.0 ], "enabled": false },
								"west": { "texture": "#stoneforgebody", "uv": [ 29.5, 10.5, 31.5, 14.0 ] },
								"up": { "texture": "#stoneforgebody", "uv": [ 31.0, 13.0, 35.0, 15.0 ] },
								"down": { "texture": "#stoneforgebody", "uv": [ 55.0, 45.0, 59.0, 47.0 ] }
							},
							"children": [
								{
									"name": "ShoulderSide25",
									"from": [ 0.0, 0.52, 1.5 ],
									"to": [ 2.6, 3.52, 2.0 ],
									"autoUnwrap": false,
									"uv": [ 11.0, 26.0 ],
									"rotationOrigin": [ 0.0, 0.5, 1.5 ],
									"rotationY": -23.0,
									"faces": {
										"north": { "texture": "#stoneforgebody", "uv": [ 11.0, 26.5, 13.5, 29.5 ], "enabled": false },
										"east": { "texture": "#stoneforgebody", "uv": [ 32.5, 11.5, 33.0, 14.5 ] },
										"south": { "texture": "#stoneforgebody", "uv": [ 30.5, 11.5, 33.0, 14.5 ] },
										"west": { "texture": "#stoneforgebody", "uv": [ 29.0, 12.0, 29.5, 15.0 ] },
										"up": { "texture": "#stoneforgebody", "uv": [ 29.0, 8.0, 31.5, 8.5 ] },
										"down": { "texture": "#stoneforgebody", "uv": [ 29.5, 14.5, 32.0, 15.0 ] }
									},
									"children": [
										{
											"name": "ShoulderSide26",
											"from": [ 0.6, -0.5, -0.1 ],
											"to": [ 2.6, 0.0, 0.4 ],
											"uv": [ 29.5, 7.5 ],
											"rotationOrigin": [ 0.6, -0.5, -0.1 ],
											"faces": {
												"north": { "texture": "#stoneforgebody", "uv": [ 29.5, 8.0, 31.5, 8.5 ] },
												"east": { "texture": "#stoneforgebody", "uv": [ 31.5, 8.0, 32.0, 8.5 ] },
												"south": { "texture": "#stoneforgebody", "uv": [ 32.0, 8.0, 34.0, 8.5 ] },
												"west": { "texture": "#stoneforgebody", "uv": [ 34.0, 8.0, 34.5, 8.5 ] },
												"up": { "texture": "#stoneforgebody", "uv": [ 29.5, 7.5, 31.5, 8.0 ] },
												"down": { "texture": "#stoneforgebody", "uv": [ 31.5, 7.5, 33.5, 8.0 ] }
											}
										},
										{
											"name": "ShoulderSide27",
											"from": [ 1.0, -1.0, -0.2 ],
											"to": [ 2.5, -0.5, 0.3 ],
											"uv": [ 31.0, 14.0 ],
											"rotationOrigin": [ 1.0, -1.0, -0.2 ],
											"faces": {
												"north": { "texture": "#stoneforgebody", "uv": [ 31.0, 14.5, 32.5, 15.0 ] },
												"east": { "texture": "#stoneforgebody", "uv": [ 32.5, 14.5, 33.0, 15.0 ] },
												"south": { "texture": "#stoneforgebody", "uv": [ 33.0, 14.5, 34.5, 15.0 ] },
												"west": { "texture": "#stoneforgebody", "uv": [ 34.5, 14.5, 35.0, 15.0 ] },
												"up": { "texture": "#stoneforgebody", "uv": [ 31.0, 14.0, 32.5, 14.5 ] },
												"down": { "texture": "#stoneforgebody", "uv": [ 32.5, 14.0, 34.0, 14.5 ] }
											}
										}
									]
								},
								{
									"name": "ShoulderSide28",
									"from": [ 1.8, 0.51, 1.5 ],
									"to": [ 4.4, 3.51, 2.0 ],
									"autoUnwrap": false,
									"uv": [ 19.5, 15.5 ],
									"rotationOrigin": [ 4.4, 0.5, 1.5 ],
									"rotationY": 23.0,
									"faces": {
										"north": { "texture": "#stoneforgebody", "uv": [ 19.5, 16.0, 22.0, 19.0 ], "enabled": false },
										"east": { "texture": "#stoneforgebody", "uv": [ 36.5, 11.0, 37.0, 14.0 ] },
										"south": { "texture": "#stoneforgebody", "uv": [ 34.0, 11.0, 36.5, 14.0 ] },
										"west": { "texture": "#stoneforgebody", "uv": [ 36.5, 12.0, 37.0, 15.0 ] },
										"up": { "texture": "#stoneforgebody", "uv": [ 33.5, 8.5, 36.0, 9.0 ] },
										"down": { "texture": "#stoneforgebody", "uv": [ 33.5, 7.5, 36.0, 8.0 ] }
									},
									"children": [
										{
											"name": "ShoulderSide29",
											"from": [ 0.0, -0.5, -0.1 ],
											"to": [ 2.0, 0.0, 0.4 ],
											"uv": [ 31.5, 8.0 ],
											"rotationOrigin": [ 2.6, -0.5, -0.1 ],
											"faces": {
												"north": { "texture": "#stoneforgebody", "uv": [ 31.5, 8.5, 33.5, 9.0 ] },
												"east": { "texture": "#stoneforgebody", "uv": [ 33.5, 8.5, 34.0, 9.0 ] },
												"south": { "texture": "#stoneforgebody", "uv": [ 34.0, 8.5, 36.0, 9.0 ] },
												"west": { "texture": "#stoneforgebody", "uv": [ 36.0, 8.5, 36.5, 9.0 ] },
												"up": { "texture": "#stoneforgebody", "uv": [ 31.5, 8.0, 33.5, 8.5 ] },
												"down": { "texture": "#stoneforgebody", "uv": [ 33.5, 8.0, 35.5, 8.5 ] }
											}
										},
										{
											"name": "ShoulderSide30",
											"from": [ 0.1, -1.0, -0.2 ],
											"to": [ 1.6, -0.5, 0.3 ],
											"uv": [ 33.0, 14.0 ],
											"rotationOrigin": [ 1.6, -1.0, -0.2 ],
											"faces": {
												"north": { "texture": "#stoneforgebody", "uv": [ 33.0, 14.5, 34.5, 15.0 ] },
												"east": { "texture": "#stoneforgebody", "uv": [ 34.5, 14.5, 35.0, 15.0 ] },
												"south": { "texture": "#stoneforgebody", "uv": [ 35.0, 14.5, 36.5, 15.0 ] },
												"west": { "texture": "#stoneforgebody", "uv": [ 36.5, 14.5, 37.0, 15.0 ] },
												"up": { "texture": "#stoneforgebody", "uv": [ 33.0, 14.0, 34.5, 14.5 ] },
												"down": { "texture": "#stoneforgebody", "uv": [ 34.5, 14.0, 36.0, 14.5 ] }
											}
										}
									]
								},
								{
									"name": "ShoulderSide31",
									"from": [ 1.8, 3.51, 1.1 ],
									"to": [ 4.2, 4.01, 1.6 ],
									"uv": [ 31.4, 12.9 ],
									"rotationOrigin": [ 4.2, 3.5, 1.1 ],
									"rotationY": 23.0,
									"faces": {
										"north": { "texture": "#stoneforgebody", "uv": [ 31.5, 13.5, 33.5, 14.0 ] },
										"east": { "texture": "#stoneforgebody", "uv": [ 33.5, 13.5, 34.0, 14.0 ] },
										"south": { "texture": "#stoneforgebody", "uv": [ 34.0, 13.5, 36.0, 14.0 ] },
										"west": { "texture": "#stoneforgebody", "uv": [ 36.0, 13.5, 36.5, 14.0 ] },
										"up": { "texture": "#stoneforgebody", "uv": [ 31.5, 13.0, 33.5, 13.5 ] },
										"down": { "texture": "#stoneforgebody", "uv": [ 33.5, 13.0, 35.5, 13.5 ] }
									}
								},
								{
									"name": "ShoulderSide32",
									"from": [ 0.2, 3.5, 1.1 ],
									"to": [ 2.6, 4.0, 1.6 ],
									"uv": [ 29.5, 13.0 ],
									"rotationOrigin": [ 0.2, 3.5, 1.1 ],
									"rotationY": -23.0,
									"faces": {
										"north": { "texture": "#stoneforgebody", "uv": [ 29.5, 13.5, 31.5, 14.0 ] },
										"east": { "texture": "#stoneforgebody", "uv": [ 31.5, 13.5, 32.0, 14.0 ] },
										"south": { "texture": "#stoneforgebody", "uv": [ 32.0, 13.5, 34.0, 14.0 ] },
										"west": { "texture": "#stoneforgebody", "uv": [ 34.0, 13.5, 34.5, 14.0 ] },
										"up": { "texture": "#stoneforgebody", "uv": [ 29.5, 13.0, 31.5, 13.5 ] },
										"down": { "texture": "#stoneforgebody", "uv": [ 31.5, 13.0, 33.5, 13.5 ] }
									}
								},
								{
									"name": "ShoulderSide33",
									"from": [ 0.4, 4.0, 0.8 ],
									"to": [ 2.6, 4.5, 1.3 ],
									"uv": [ 30.0, 13.0 ],
									"rotationOrigin": [ 0.4, 4.0, 0.8 ],
									"rotationY": -23.0,
									"faces": {
										"north": { "texture": "#stoneforgebody", "uv": [ 30.0, 13.5, 32.0, 14.0 ] },
										"east": { "texture": "#stoneforgebody", "uv": [ 32.0, 13.5, 32.5, 14.0 ] },
										"south": { "texture": "#stoneforgebody", "uv": [ 32.5, 13.5, 34.5, 14.0 ] },
										"west": { "texture": "#stoneforgebody", "uv": [ 34.5, 13.5, 35.0, 14.0 ] },
										"up": { "texture": "#stoneforgebody", "uv": [ 30.0, 13.0, 32.0, 13.5 ] },
										"down": { "texture": "#stoneforgebody", "uv": [ 32.0, 13.0, 34.0, 13.5 ] }
									}
								},
								{
									"name": "ShoulderSide34",
									"from": [ 1.8, 4.01, 0.8 ],
									"to": [ 4.0, 4.51, 1.3 ],
									"uv": [ 31.5, 7.5 ],
									"rotationOrigin": [ 4.0, 4.0, 0.8 ],
									"rotationY": 23.0,
									"faces": {
										"north": { "texture": "#stoneforgebody", "uv": [ 31.5, 8.0, 33.5, 8.5 ] },
										"east": { "texture": "#stoneforgebody", "uv": [ 33.5, 8.0, 34.0, 8.5 ] },
										"south": { "texture": "#stoneforgebody", "uv": [ 34.0, 8.0, 36.0, 8.5 ] },
										"west": { "texture": "#stoneforgebody", "uv": [ 36.0, 8.0, 36.5, 8.5 ] },
										"up": { "texture": "#stoneforgebody", "uv": [ 31.5, 7.5, 33.5, 8.0 ] },
										"down": { "texture": "#stoneforgebody", "uv": [ 33.5, 7.5, 35.5, 8.0 ] }
									}
								},
								{
									"name": "ShoulderSide35",
									"from": [ 1.8, 4.51, 0.4 ],
									"to": [ 3.8, 5.01, 0.9 ],
									"uv": [ 30.5, 8.5 ],
									"rotationOrigin": [ 3.8, 4.5, 0.4 ],
									"rotationY": 23.0,
									"faces": {
										"north": { "texture": "#stoneforgebody", "uv": [ 30.5, 9.0, 32.5, 9.5 ] },
										"east": { "texture": "#stoneforgebody", "uv": [ 32.5, 9.0, 33.0, 9.5 ] },
										"south": { "texture": "#stoneforgebody", "uv": [ 33.0, 9.0, 35.0, 9.5 ] },
										"west": { "texture": "#stoneforgebody", "uv": [ 35.0, 9.0, 35.5, 9.5 ] },
										"up": { "texture": "#stoneforgebody", "uv": [ 30.5, 8.5, 32.5, 9.0 ] },
										"down": { "texture": "#stoneforgebody", "uv": [ 32.5, 8.5, 34.5, 9.0 ] }
									}
								},
								{
									"name": "ShoulderSide36",
									"from": [ 0.6, 4.5, 0.4 ],
									"to": [ 2.6, 5.0, 0.9 ],
									"uv": [ 30.4, 9.5 ],
									"rotationOrigin": [ 0.6, 4.5, 0.4 ],
									"rotationY": -23.0,
									"faces": {
										"north": { "texture": "#stoneforgebody", "uv": [ 30.5, 10.0, 32.5, 10.5 ] },
										"east": { "texture": "#stoneforgebody", "uv": [ 32.5, 10.0, 33.0, 10.5 ] },
										"south": { "texture": "#stoneforgebody", "uv": [ 33.0, 10.0, 35.0, 10.5 ] },
										"west": { "texture": "#stoneforgebody", "uv": [ 35.0, 10.0, 35.5, 10.5 ] },
										"up": { "texture": "#stoneforgebody", "uv": [ 30.5, 9.5, 32.5, 10.0 ] },
										"down": { "texture": "#stoneforgebody", "uv": [ 32.5, 9.5, 34.5, 10.0 ] }
									}
								},
								{
									"name": "ShoulderBase8",
									"from": [ 0.2, 3.5, 0.0 ],
									"to": [ 4.2, 4.0, 1.1 ],
									"uv": [ 47.5, 25.0 ],
									"rotationOrigin": [ 0.2, 3.5, 0.0 ],
									"faces": {
										"north": { "texture": "#stoneforgebody", "uv": [ 47.5, 26.0, 51.5, 26.5 ] },
										"east": { "texture": "#stoneforgebody", "uv": [ 51.5, 26.0, 52.5, 26.5 ] },
										"south": { "texture": "#stoneforgebody", "uv": [ 52.5, 26.0, 56.5, 26.5 ] },
										"west": { "texture": "#stoneforgebody", "uv": [ 56.5, 26.0, 57.5, 26.5 ] },
										"up": { "texture": "#stoneforgebody", "uv": [ 47.5, 25.0, 51.5, 26.0 ] },
										"down": { "texture": "#stoneforgebody", "uv": [ 51.5, 25.0, 55.5, 26.0 ] }
									}
								},
								{
									"name": "ShoulderBase9",
									"from": [ 0.4, 4.0, 0.0 ],
									"to": [ 4.0, 4.5, 0.9 ],
									"uv": [ 45.5, 25.0 ],
									"rotationOrigin": [ 0.4, 4.0, 0.0 ],
									"faces": {
										"north": { "texture": "#stoneforgebody", "uv": [ 45.5, 25.5, 49.0, 26.0 ] },
										"east": { "texture": "#stoneforgebody", "uv": [ 49.0, 25.5, 49.5, 26.0 ] },
										"south": { "texture": "#stoneforgebody", "uv": [ 49.5, 25.5, 53.0, 26.0 ] },
										"west": { "texture": "#stoneforgebody", "uv": [ 53.0, 25.5, 53.5, 26.0 ] },
										"up": { "texture": "#stoneforgebody", "uv": [ 45.5, 25.0, 49.0, 25.5 ] },
										"down": { "texture": "#stoneforgebody", "uv": [ 49.0, 25.0, 52.5, 25.5 ] }
									}
								},
								{
									"name": "ShoulderBase10",
									"from": [ 0.6, 4.49, 0.0 ],
									"to": [ 3.8, 4.99, 0.7 ],
									"uv": [ 43.5, 23.0 ],
									"rotationOrigin": [ 0.6, 4.5, 0.0 ],
									"faces": {
										"north": { "texture": "#stoneforgebody", "uv": [ 43.5, 23.5, 46.5, 24.0 ] },
										"east": { "texture": "#stoneforgebody", "uv": [ 46.5, 23.5, 47.0, 24.0 ] },
										"south": { "texture": "#stoneforgebody", "uv": [ 47.0, 23.5, 50.0, 24.0 ] },
										"west": { "texture": "#stoneforgebody", "uv": [ 50.0, 23.5, 50.5, 24.0 ] },
										"up": { "texture": "#stoneforgebody", "uv": [ 43.5, 23.0, 46.5, 23.5 ] },
										"down": { "texture": "#stoneforgebody", "uv": [ 46.5, 23.0, 49.5, 23.5 ] }
									}
								},
								{
									"name": "TextileFlap21",
									"from": [ -0.3, -0.4, 1.5 ],
									"to": [ 0.5, 1.6, 2.3 ],
									"autoUnwrap": false,
									"uv": [ 3.0, 1.5 ],
									"rotationOrigin": [ -0.3, -0.4, 1.5 ],
									"faces": {
										"north": { "texture": "#textile", "uv": [ 4.5, 2.5, 5.0, 4.5 ] },
										"east": { "texture": "#textile", "uv": [ 4.5, 2.5, 5.0, 4.5 ] },
										"south": { "texture": "#textile", "uv": [ 7.5, 3.0, 8.0, 5.0 ] },
										"west": { "texture": "#textile", "uv": [ 4.5, 2.0, 5.0, 4.0 ] },
										"up": { "texture": "#textile", "uv": [ 4.0, 4.5, 4.5, 5.0 ] },
										"down": { "texture": "#textile", "uv": [ 6.0, 0.0, 6.5, 0.5 ] }
									},
									"children": [
										{
											"name": "TextileFlap22",
											"from": [ -0.4, -1.2, -0.1 ],
											"to": [ 0.0, 0.8, 0.7 ],
											"uv": [ 0.0, 0.0 ],
											"rotationOrigin": [ -0.4, -1.2, -0.1 ],
											"faces": {
												"north": { "texture": "#textile", "uv": [ 0.0, 0.5, 0.5, 2.5 ] },
												"east": { "texture": "#textile", "uv": [ 0.5, 0.5, 1.0, 2.5 ] },
												"south": { "texture": "#textile", "uv": [ 1.0, 0.5, 1.5, 2.5 ] },
												"west": { "texture": "#textile", "uv": [ 1.5, 0.5, 2.0, 2.5 ] },
												"up": { "texture": "#textile", "uv": [ 0.0, 0.0, 0.5, 0.5 ] },
												"down": { "texture": "#textile", "uv": [ 0.5, 0.0, 1.0, 0.5 ] }
											},
											"children": [
												{
													"name": "TextileFlap23",
													"from": [ 0.01, 0.0, 0.0 ],
													"to": [ 0.41, 0.55, 0.55 ],
													"uv": [ 0.0, 0.0 ],
													"rotationOrigin": [ 0.0, 0.0, 0.0 ],
													"rotationX": 45.0,
													"faces": {
														"north": { "texture": "#textile", "uv": [ 0.0, 0.5, 0.5, 1.0 ] },
														"east": { "texture": "#textile", "uv": [ 0.5, 0.5, 1.0, 1.0 ] },
														"south": { "texture": "#textile", "uv": [ 1.0, 0.5, 1.5, 1.0 ] },
														"west": { "texture": "#textile", "uv": [ 1.5, 0.5, 2.0, 1.0 ] },
														"up": { "texture": "#textile", "uv": [ 0.0, 0.0, 0.5, 0.5 ] },
														"down": { "texture": "#textile", "uv": [ 0.5, 0.0, 1.0, 0.5 ] }
													}
												}
											]
										},
										{
											"name": "TextileFlap24",
											"from": [ 0.1, -1.2, 1.2 ],
											"to": [ 0.5, 0.8, 2.0 ],
											"uv": [ 0.0, 0.0 ],
											"rotationOrigin": [ 0.1, -1.2, 1.2 ],
											"rotationY": 90.0,
											"faces": {
												"north": { "texture": "#textile", "uv": [ 0.0, 0.5, 0.5, 2.5 ] },
												"east": { "texture": "#textile", "uv": [ 0.5, 0.5, 1.0, 2.5 ] },
												"south": { "texture": "#textile", "uv": [ 1.0, 0.5, 1.5, 2.5 ] },
												"west": { "texture": "#textile", "uv": [ 1.5, 0.5, 2.0, 2.5 ] },
												"up": { "texture": "#textile", "uv": [ 0.0, 0.0, 0.5, 0.5 ] },
												"down": { "texture": "#textile", "uv": [ 0.5, 0.0, 1.0, 0.5 ] }
											},
											"children": [
												{
													"name": "TextileFlap25",
													"from": [ 0.01, 0.0, 0.0 ],
													"to": [ 0.41, 0.55, 0.55 ],
													"uv": [ 0.0, 0.0 ],
													"rotationOrigin": [ 0.0, 0.0, 0.0 ],
													"rotationX": 45.0,
													"faces": {
														"north": { "texture": "#textile", "uv": [ 0.0, 0.5, 0.5, 1.0 ] },
														"east": { "texture": "#textile", "uv": [ 0.5, 0.5, 1.0, 1.0 ] },
														"south": { "texture": "#textile", "uv": [ 1.0, 0.5, 1.5, 1.0 ] },
														"west": { "texture": "#textile", "uv": [ 1.5, 0.5, 2.0, 1.0 ] },
														"up": { "texture": "#textile", "uv": [ 0.0, 0.0, 0.5, 0.5 ] },
														"down": { "texture": "#textile", "uv": [ 0.5, 0.0, 1.0, 0.5 ] }
													}
												}
											]
										}
									]
								},
								{
									"name": "TextileFlap26",
									"from": [ 3.9, -0.4, 2.3 ],
									"to": [ 4.7, 1.6, 3.1 ],
									"autoUnwrap": false,
									"uv": [ 3.5, 1.0 ],
									"rotationOrigin": [ 3.9, -0.4, 2.3 ],
									"rotationY": 90.0,
									"faces": {
										"north": { "texture": "#textile", "uv": [ 8.0, 2.0, 8.5, 4.0 ] },
										"east": { "texture": "#textile", "uv": [ 8.0, 1.0, 8.5, 3.0 ] },
										"south": { "texture": "#textile", "uv": [ 8.0, 1.5, 8.5, 3.5 ] },
										"west": { "texture": "#textile", "uv": [ 7.5, 2.5, 8.0, 4.5 ] },
										"up": { "texture": "#textile", "uv": [ 4.5, 2.0, 5.0, 2.5 ] },
										"down": { "texture": "#textile", "uv": [ 4.5, 1.0, 5.0, 1.5 ] }
									},
									"children": [
										{
											"name": "TextileFlap27",
											"from": [ -0.4, -1.2, -0.1 ],
											"to": [ 0.0, 0.8, 0.7 ],
											"uv": [ 0.0, 0.0 ],
											"rotationOrigin": [ -0.4, -1.2, -0.1 ],
											"faces": {
												"north": { "texture": "#textile", "uv": [ 0.0, 0.5, 0.5, 2.5 ] },
												"east": { "texture": "#textile", "uv": [ 0.5, 0.5, 1.0, 2.5 ] },
												"south": { "texture": "#textile", "uv": [ 1.0, 0.5, 1.5, 2.5 ] },
												"west": { "texture": "#textile", "uv": [ 1.5, 0.5, 2.0, 2.5 ] },
												"up": { "texture": "#textile", "uv": [ 0.0, 0.0, 0.5, 0.5 ] },
												"down": { "texture": "#textile", "uv": [ 0.5, 0.0, 1.0, 0.5 ] }
											},
											"children": [
												{
													"name": "TextileFlap28",
													"from": [ 0.01, 0.0, 0.0 ],
													"to": [ 0.41, 0.55, 0.55 ],
													"uv": [ 0.0, 0.0 ],
													"rotationOrigin": [ 0.0, 0.0, 0.0 ],
													"rotationX": 45.0,
													"faces": {
														"north": { "texture": "#textile", "uv": [ 0.0, 0.5, 0.5, 1.0 ] },
														"east": { "texture": "#textile", "uv": [ 0.5, 0.5, 1.0, 1.0 ] },
														"south": { "texture": "#textile", "uv": [ 1.0, 0.5, 1.5, 1.0 ] },
														"west": { "texture": "#textile", "uv": [ 1.5, 0.5, 2.0, 1.0 ] },
														"up": { "texture": "#textile", "uv": [ 0.0, 0.0, 0.5, 0.5 ] },
														"down": { "texture": "#textile", "uv": [ 0.5, 0.0, 1.0, 0.5 ] }
													}
												}
											]
										},
										{
											"name": "TextileFlap29",
											"from": [ 0.1, -1.2, 1.2 ],
											"to": [ 0.5, 0.8, 2.0 ],
											"uv": [ 0.0, 0.0 ],
											"rotationOrigin": [ 0.1, -1.2, 1.2 ],
											"rotationY": 90.0,
											"faces": {
												"north": { "texture": "#textile", "uv": [ 0.0, 0.5, 0.5, 2.5 ] },
												"east": { "texture": "#textile", "uv": [ 0.5, 0.5, 1.0, 2.5 ] },
												"south": { "texture": "#textile", "uv": [ 1.0, 0.5, 1.5, 2.5 ] },
												"west": { "texture": "#textile", "uv": [ 1.5, 0.5, 2.0, 2.5 ] },
												"up": { "texture": "#textile", "uv": [ 0.0, 0.0, 0.5, 0.5 ] },
												"down": { "texture": "#textile", "uv": [ 0.5, 0.0, 1.0, 0.5 ] }
											},
											"children": [
												{
													"name": "TextileFlap30",
													"from": [ 0.01, 0.0, 0.0 ],
													"to": [ 0.41, 0.55, 0.55 ],
													"uv": [ 0.0, 0.0 ],
													"rotationOrigin": [ 0.0, 0.0, 0.0 ],
													"rotationX": 45.0,
													"faces": {
														"north": { "texture": "#textile", "uv": [ 0.0, 0.5, 0.5, 1.0 ] },
														"east": { "texture": "#textile", "uv": [ 0.5, 0.5, 1.0, 1.0 ] },
														"south": { "texture": "#textile", "uv": [ 1.0, 0.5, 1.5, 1.0 ] },
														"west": { "texture": "#textile", "uv": [ 1.5, 0.5, 2.0, 1.0 ] },
														"up": { "texture": "#textile", "uv": [ 0.0, 0.0, 0.5, 0.5 ] },
														"down": { "texture": "#textile", "uv": [ 0.5, 0.0, 1.0, 0.5 ] }
													}
												}
											]
										}
									]
								},
								{
									"name": "ShoulderRim9",
									"from": [ -0.4, -0.5, -0.8 ],
									"to": [ 5.2, 3.8, 0.0 ],
									"autoUnwrap": false,
									"uv": [ 14.0, 26.5 ],
									"rotationOrigin": [ -0.4, -0.5, -0.8 ],
									"faces": {
										"north": { "texture": "#stoneforgebody", "uv": [ 37.0, 11.0, 42.5, 15.0 ] },
										"east": { "texture": "#stoneforgebody", "uv": [ 34.0, 9.0, 34.5, 13.0 ] },
										"south": { "texture": "#stoneforgebody", "uv": [ 30.5, 9.5, 36.0, 13.5 ] },
										"west": { "texture": "#stoneforgebody", "uv": [ 32.0, 9.5, 32.5, 13.5 ] },
										"up": { "texture": "#stoneforgebody", "uv": [ 30.5, 9.0, 36.0, 9.5 ] },
										"down": { "texture": "#stoneforgebody", "uv": [ 30.0, 14.5, 35.5, 15.0 ] }
									},
									"children": [
										{
											"name": "ShoulderRim10",
											"from": [ 0.0, 4.3, 0.01 ],
											"to": [ 1.6, 6.9, 0.81 ],
											"uv": [ 31.5, 9.5 ],
											"rotationOrigin": [ 0.0, 4.3, 0.0 ],
											"rotationZ": -20.0,
											"faces": {
												"north": { "texture": "#stoneforgebody", "uv": [ 31.5, 10.0, 33.0, 12.5 ] },
												"east": { "texture": "#stoneforgebody", "uv": [ 33.0, 10.0, 33.5, 12.5 ] },
												"south": { "texture": "#stoneforgebody", "uv": [ 33.5, 10.0, 35.0, 12.5 ] },
												"west": { "texture": "#stoneforgebody", "uv": [ 35.0, 10.0, 35.5, 12.5 ] },
												"up": { "texture": "#stoneforgebody", "uv": [ 31.5, 9.5, 33.0, 10.0 ] },
												"down": { "texture": "#stoneforgebody", "uv": [ 33.0, 9.5, 34.5, 10.0 ] }
											}
										},
										{
											"name": "ShoulderRim11",
											"from": [ 4.0, 4.3, 0.01 ],
											"to": [ 5.6, 6.9, 0.81 ],
											"uv": [ 29.0, 9.5 ],
											"rotationOrigin": [ 5.6, 4.3, 0.0 ],
											"rotationZ": 20.0,
											"faces": {
												"north": { "texture": "#stoneforgebody", "uv": [ 29.0, 10.0, 30.5, 12.5 ] },
												"east": { "texture": "#stoneforgebody", "uv": [ 30.5, 10.0, 31.0, 12.5 ] },
												"south": { "texture": "#stoneforgebody", "uv": [ 31.0, 10.0, 32.5, 12.5 ] },
												"west": { "texture": "#stoneforgebody", "uv": [ 32.5, 10.0, 33.0, 12.5 ] },
												"up": { "texture": "#stoneforgebody", "uv": [ 29.0, 9.5, 30.5, 10.0 ] },
												"down": { "texture": "#stoneforgebody", "uv": [ 30.5, 9.5, 32.0, 10.0 ] }
											}
										},
										{
											"name": "ShoulderRim12",
											"from": [ 0.9, 5.8, 0.0 ],
											"to": [ 4.7, 6.8, 0.8 ],
											"uv": [ 29.0, 10.0 ],
											"rotationOrigin": [ 0.9, 5.8, 0.0 ],
											"faces": {
												"north": { "texture": "#stoneforgebody", "uv": [ 29.0, 10.5, 32.5, 11.5 ] },
												"east": { "texture": "#stoneforgebody", "uv": [ 32.5, 10.5, 33.0, 11.5 ] },
												"south": { "texture": "#stoneforgebody", "uv": [ 33.0, 10.5, 36.5, 11.5 ] },
												"west": { "texture": "#stoneforgebody", "uv": [ 36.5, 10.5, 37.0, 11.5 ] },
												"up": { "texture": "#stoneforgebody", "uv": [ 29.0, 10.0, 32.5, 10.5 ] },
												"down": { "texture": "#stoneforgebody", "uv": [ 32.5, 10.0, 36.0, 10.5 ] }
											}
										}
									]
								},
								{
									"name": "ShoulderTopAxis3",
									"from": [ 1.5, 5.2, -0.7 ],
									"to": [ 1.5, 5.2, -0.7 ],
									"uv": [ 0.0, 0.0 ],
									"rotationOrigin": [ 1.5, 5.2, -0.7 ],
									"rotationX": 20.0,
									"faces": {
										"north": { "texture": "#stoneforgebody", "uv": [ 0.0, 0.5, 0.5, 1.0 ] },
										"east": { "texture": "#stoneforgebody", "uv": [ 0.5, 0.5, 1.0, 1.0 ] },
										"south": { "texture": "#stoneforgebody", "uv": [ 1.0, 0.5, 1.5, 1.0 ] },
										"west": { "texture": "#stoneforgebody", "uv": [ 1.5, 0.5, 2.0, 1.0 ] },
										"up": { "texture": "#stoneforgebody", "uv": [ 0.0, 0.0, 0.5, 0.5 ] },
										"down": { "texture": "#stoneforgebody", "uv": [ 0.5, 0.0, 1.0, 0.5 ] }
									},
									"children": [
										{
											"name": "ShoulderTop5",
											"from": [ 0.0, 0.0, 0.0 ],
											"to": [ 1.4, 0.8, 1.4 ],
											"uv": [ 32.7, 10.0 ],
											"rotationOrigin": [ 0.0, 0.0, 0.0 ],
											"rotationY": -23.0,
											"faces": {
												"north": { "texture": "#stoneforgebody", "uv": [ 32.5, 11.0, 33.5, 11.5 ] },
												"east": { "texture": "#stoneforgebody", "uv": [ 34.0, 11.0, 35.0, 11.5 ] },
												"south": { "texture": "#stoneforgebody", "uv": [ 35.0, 11.0, 36.0, 11.5 ] },
												"west": { "texture": "#stoneforgebody", "uv": [ 36.0, 11.0, 37.0, 11.5 ] },
												"up": { "texture": "#stoneforgebody", "uv": [ 32.5, 10.0, 33.5, 11.0 ] },
												"down": { "texture": "#stoneforgebody", "uv": [ 34.0, 10.0, 35.0, 11.0 ] }
											},
											"children": [
												{
													"name": "ShoulderTop6",
													"from": [ 1.4, 0.01, 0.0 ],
													"to": [ 2.8, 0.81, 1.4 ],
													"uv": [ 33.0, 9.5 ],
													"rotationOrigin": [ 1.4, 0.0, 1.4 ],
													"rotationY": 46.0,
													"faces": {
														"north": { "texture": "#stoneforgebody", "uv": [ 33.0, 10.5, 34.0, 11.0 ] },
														"east": { "texture": "#stoneforgebody", "uv": [ 34.0, 10.5, 35.0, 11.0 ] },
														"south": { "texture": "#stoneforgebody", "uv": [ 35.0, 10.5, 36.0, 11.0 ] },
														"west": { "texture": "#stoneforgebody", "uv": [ 36.0, 10.5, 37.0, 11.0 ] },
														"up": { "texture": "#stoneforgebody", "uv": [ 33.0, 9.5, 34.0, 10.5 ] },
														"down": { "texture": "#stoneforgebody", "uv": [ 34.0, 9.5, 35.0, 10.5 ] }
													}
												}
											]
										}
									]
								}
							]
						}
					]
				},
				{
					"name": "ArmorUpperArmRTextile",
					"from": [ -0.01, -0.01, -0.01 ],
					"to": [ 3.31, 7.41, 3.21 ],
					"uv": [ 2.5, 22.5 ],
					"faces": {
						"north": { "texture": "#textile", "uv": [ 2.5, 25.5, 5.5, 32.5 ] },
						"east": { "texture": "#textile", "uv": [ 5.5, 25.5, 8.5, 32.5 ] },
						"south": { "texture": "#textile", "uv": [ 8.5, 25.5, 11.5, 32.5 ] },
						"west": { "texture": "#textile", "uv": [ 11.5, 25.5, 14.5, 32.5 ] },
						"up": { "texture": "#textile", "uv": [ 2.5, 22.5, 5.5, 25.5 ] },
						"down": { "texture": "#textile", "uv": [ 5.5, 22.5, 8.5, 25.5 ] }
					}
				}
			]
		},
		{
			"name": "ArmorUpperArmL",
			"stepParentName": "UpperArmL",
			"from": [ -0.2, -0.1, -0.1 ],
			"to": [ 3.1, 7.3, 3.1 ],
			"uv": [ 7.5, 41.0 ],
			"rotationOrigin": [ -0.2, -0.1, -0.1 ],
			"faces": {
				"north": { "texture": "#stoneforgebody", "uv": [ 7.5, 44.0, 10.5, 51.0 ] },
				"east": { "texture": "#stoneforgebody", "uv": [ 10.5, 44.0, 13.5, 51.0 ] },
				"south": { "texture": "#stoneforgebody", "uv": [ 13.5, 44.0, 16.5, 51.0 ] },
				"west": { "texture": "#stoneforgebody", "uv": [ 16.5, 44.0, 19.5, 51.0 ] },
				"up": { "texture": "#stoneforgebody", "uv": [ 7.5, 41.0, 10.5, 44.0 ] },
				"down": { "texture": "#stoneforgebody", "uv": [ 10.5, 41.0, 13.5, 44.0 ] }
			},
			"children": [
				{
					"name": "ArmorPauldronL",
					"from": [ -0.1, 4.0, 0.8 ],
					"to": [ 3.3, 8.0, 2.8 ],
					"unwrapMode": 3,
					"uv": [ 24.5, 30.0 ],
					"rotationOrigin": [ -0.1, 4.0, -0.5 ],
					"faces": {
						"north": { "texture": "#stoneforgebody", "uv": [ 31.5, 32.0, 34.5, 36.0 ] },
						"east": { "texture": "#stoneforgebody", "uv": [ 29.5, 32.0, 31.5, 36.0 ] },
						"south": { "texture": "#stoneforgebody", "uv": [ 26.5, 32.0, 29.5, 36.0 ] },
						"west": { "texture": "#stoneforgebody", "uv": [ 24.5, 32.0, 26.5, 36.0 ] },
						"up": { "texture": "#stoneforgebody", "uv": [ 26.5, 30.0, 29.5, 32.0 ] },
						"down": { "texture": "#stoneforgebody", "uv": [ 26.5, 36.0, 29.5, 38.0 ], "rotation": 180 }
					},
					"children": [
						{
							"name": "ShoulderBaseL",
							"from": [ -0.7, -1.5, 1.7 ],
							"to": [ 3.7, 2.0, 3.7 ],
							"autoUnwrap": false,
							"uv": [ 13.5, 25.5 ],
							"rotationOrigin": [ 1.5, -1.5, 1.7 ],
							"rotationX": 10.0,
							"faces": {
								"north": { "texture": "#stoneforgebody", "uv": [ 13.5, 27.5, 17.5, 31.0 ], "enabled": false },
								"east": { "texture": "#stoneforgebody", "uv": [ 34.5, 10.5, 36.5, 14.0 ] },
								"south": { "texture": "#stoneforgebody", "uv": [ 19.5, 27.5, 23.5, 31.0 ], "enabled": false },
								"west": { "texture": "#stoneforgebody", "uv": [ 29.5, 10.5, 31.5, 14.0 ] },
								"up": { "texture": "#stoneforgebody", "uv": [ 31.0, 13.0, 35.0, 15.0 ] },
								"down": { "texture": "#stoneforgebody", "uv": [ 55.0, 45.0, 59.0, 47.0 ] }
							},
							"children": [
								{
									"name": "ShoulderSide1",
									"from": [ 0.0, 0.52, 1.5 ],
									"to": [ 2.6, 3.52, 2.0 ],
									"autoUnwrap": false,
									"uv": [ 11.0, 26.0 ],
									"rotationOrigin": [ 0.0, 0.5, 1.5 ],
									"rotationY": -23.0,
									"faces": {
										"north": { "texture": "#stoneforgebody", "uv": [ 11.0, 26.5, 13.5, 29.5 ], "enabled": false },
										"east": { "texture": "#stoneforgebody", "uv": [ 32.5, 11.5, 33.0, 14.5 ] },
										"south": { "texture": "#stoneforgebody", "uv": [ 30.5, 11.5, 33.0, 14.5 ] },
										"west": { "texture": "#stoneforgebody", "uv": [ 29.0, 12.0, 29.5, 15.0 ] },
										"up": { "texture": "#stoneforgebody", "uv": [ 29.0, 8.0, 31.5, 8.5 ] },
										"down": { "texture": "#stoneforgebody", "uv": [ 29.5, 14.5, 32.0, 15.0 ] }
									},
									"children": [
										{
											"name": "ShoulderSide9",
											"from": [ 0.6, -0.5, -0.1 ],
											"to": [ 2.6, 0.0, 0.4 ],
											"uv": [ 29.5, 7.5 ],
											"rotationOrigin": [ 0.6, -0.5, -0.1 ],
											"faces": {
												"north": { "texture": "#stoneforgebody", "uv": [ 29.5, 8.0, 31.5, 8.5 ] },
												"east": { "texture": "#stoneforgebody", "uv": [ 31.5, 8.0, 32.0, 8.5 ] },
												"south": { "texture": "#stoneforgebody", "uv": [ 32.0, 8.0, 34.0, 8.5 ] },
												"west": { "texture": "#stoneforgebody", "uv": [ 34.0, 8.0, 34.5, 8.5 ] },
												"up": { "texture": "#stoneforgebody", "uv": [ 29.5, 7.5, 31.5, 8.0 ] },
												"down": { "texture": "#stoneforgebody", "uv": [ 31.5, 7.5, 33.5, 8.0 ] }
											}
										},
										{
											"name": "ShoulderSide11",
											"from": [ 1.0, -1.0, -0.2 ],
											"to": [ 2.5, -0.5, 0.3 ],
											"uv": [ 31.0, 14.0 ],
											"rotationOrigin": [ 1.0, -1.0, -0.2 ],
											"faces": {
												"north": { "texture": "#stoneforgebody", "uv": [ 31.0, 14.5, 32.5, 15.0 ] },
												"east": { "texture": "#stoneforgebody", "uv": [ 32.5, 14.5, 33.0, 15.0 ] },
												"south": { "texture": "#stoneforgebody", "uv": [ 33.0, 14.5, 34.5, 15.0 ] },
												"west": { "texture": "#stoneforgebody", "uv": [ 34.5, 14.5, 35.0, 15.0 ] },
												"up": { "texture": "#stoneforgebody", "uv": [ 31.0, 14.0, 32.5, 14.5 ] },
												"down": { "texture": "#stoneforgebody", "uv": [ 32.5, 14.0, 34.0, 14.5 ] }
											}
										}
									]
								},
								{
									"name": "ShoulderSide2",
									"from": [ 1.8, 0.51, 1.5 ],
									"to": [ 4.4, 3.51, 2.0 ],
									"autoUnwrap": false,
									"uv": [ 19.5, 15.5 ],
									"rotationOrigin": [ 4.4, 0.5, 1.5 ],
									"rotationY": 23.0,
									"faces": {
										"north": { "texture": "#stoneforgebody", "uv": [ 19.5, 16.0, 22.0, 19.0 ], "enabled": false },
										"east": { "texture": "#stoneforgebody", "uv": [ 36.5, 11.0, 37.0, 14.0 ] },
										"south": { "texture": "#stoneforgebody", "uv": [ 34.0, 11.0, 36.5, 14.0 ] },
										"west": { "texture": "#stoneforgebody", "uv": [ 36.5, 12.0, 37.0, 15.0 ] },
										"up": { "texture": "#stoneforgebody", "uv": [ 33.5, 8.5, 36.0, 9.0 ] },
										"down": { "texture": "#stoneforgebody", "uv": [ 33.5, 7.5, 36.0, 8.0 ] }
									},
									"children": [
										{
											"name": "ShoulderSide10",
											"from": [ 0.0, -0.5, -0.1 ],
											"to": [ 2.0, 0.0, 0.4 ],
											"uv": [ 31.5, 8.0 ],
											"rotationOrigin": [ 2.6, -0.5, -0.1 ],
											"faces": {
												"north": { "texture": "#stoneforgebody", "uv": [ 31.5, 8.5, 33.5, 9.0 ] },
												"east": { "texture": "#stoneforgebody", "uv": [ 33.5, 8.5, 34.0, 9.0 ] },
												"south": { "texture": "#stoneforgebody", "uv": [ 34.0, 8.5, 36.0, 9.0 ] },
												"west": { "texture": "#stoneforgebody", "uv": [ 36.0, 8.5, 36.5, 9.0 ] },
												"up": { "texture": "#stoneforgebody", "uv": [ 31.5, 8.0, 33.5, 8.5 ] },
												"down": { "texture": "#stoneforgebody", "uv": [ 33.5, 8.0, 35.5, 8.5 ] }
											}
										},
										{
											"name": "ShoulderSide12",
											"from": [ 0.1, -1.0, -0.2 ],
											"to": [ 1.6, -0.5, 0.3 ],
											"uv": [ 33.0, 14.0 ],
											"rotationOrigin": [ 1.6, -1.0, -0.2 ],
											"faces": {
												"north": { "texture": "#stoneforgebody", "uv": [ 33.0, 14.5, 34.5, 15.0 ] },
												"east": { "texture": "#stoneforgebody", "uv": [ 34.5, 14.5, 35.0, 15.0 ] },
												"south": { "texture": "#stoneforgebody", "uv": [ 35.0, 14.5, 36.5, 15.0 ] },
												"west": { "texture": "#stoneforgebody", "uv": [ 36.5, 14.5, 37.0, 15.0 ] },
												"up": { "texture": "#stoneforgebody", "uv": [ 33.0, 14.0, 34.5, 14.5 ] },
												"down": { "texture": "#stoneforgebody", "uv": [ 34.5, 14.0, 36.0, 14.5 ] }
											}
										}
									]
								},
								{
									"name": "ShoulderSide3",
									"from": [ 1.8, 3.51, 1.1 ],
									"to": [ 4.2, 4.01, 1.6 ],
									"uv": [ 31.4, 12.9 ],
									"rotationOrigin": [ 4.2, 3.5, 1.1 ],
									"rotationY": 23.0,
									"faces": {
										"north": { "texture": "#stoneforgebody", "uv": [ 31.5, 13.5, 33.5, 14.0 ] },
										"east": { "texture": "#stoneforgebody", "uv": [ 33.5, 13.5, 34.0, 14.0 ] },
										"south": { "texture": "#stoneforgebody", "uv": [ 34.0, 13.5, 36.0, 14.0 ] },
										"west": { "texture": "#stoneforgebody", "uv": [ 36.0, 13.5, 36.5, 14.0 ] },
										"up": { "texture": "#stoneforgebody", "uv": [ 31.5, 13.0, 33.5, 13.5 ] },
										"down": { "texture": "#stoneforgebody", "uv": [ 33.5, 13.0, 35.5, 13.5 ] }
									}
								},
								{
									"name": "ShoulderSide4",
									"from": [ 0.2, 3.5, 1.1 ],
									"to": [ 2.6, 4.0, 1.6 ],
									"uv": [ 29.5, 13.0 ],
									"rotationOrigin": [ 0.2, 3.5, 1.1 ],
									"rotationY": -23.0,
									"faces": {
										"north": { "texture": "#stoneforgebody", "uv": [ 29.5, 13.5, 31.5, 14.0 ] },
										"east": { "texture": "#stoneforgebody", "uv": [ 31.5, 13.5, 32.0, 14.0 ] },
										"south": { "texture": "#stoneforgebody", "uv": [ 32.0, 13.5, 34.0, 14.0 ] },
										"west": { "texture": "#stoneforgebody", "uv": [ 34.0, 13.5, 34.5, 14.0 ] },
										"up": { "texture": "#stoneforgebody", "uv": [ 29.5, 13.0, 31.5, 13.5 ] },
										"down": { "texture": "#stoneforgebody", "uv": [ 31.5, 13.0, 33.5, 13.5 ] }
									}
								},
								{
									"name": "ShoulderSide5",
									"from": [ 0.4, 4.0, 0.8 ],
									"to": [ 2.6, 4.5, 1.3 ],
									"uv": [ 30.0, 13.0 ],
									"rotationOrigin": [ 0.4, 4.0, 0.8 ],
									"rotationY": -23.0,
									"faces": {
										"north": { "texture": "#stoneforgebody", "uv": [ 30.0, 13.5, 32.0, 14.0 ] },
										"east": { "texture": "#stoneforgebody", "uv": [ 32.0, 13.5, 32.5, 14.0 ] },
										"south": { "texture": "#stoneforgebody", "uv": [ 32.5, 13.5, 34.5, 14.0 ] },
										"west": { "texture": "#stoneforgebody", "uv": [ 34.5, 13.5, 35.0, 14.0 ] },
										"up": { "texture": "#stoneforgebody", "uv": [ 30.0, 13.0, 32.0, 13.5 ] },
										"down": { "texture": "#stoneforgebody", "uv": [ 32.0, 13.0, 34.0, 13.5 ] }
									}
								},
								{
									"name": "ShoulderSide6",
									"from": [ 1.8, 4.01, 0.8 ],
									"to": [ 4.0, 4.51, 1.3 ],
									"uv": [ 31.5, 7.5 ],
									"rotationOrigin": [ 4.0, 4.0, 0.8 ],
									"rotationY": 23.0,
									"faces": {
										"north": { "texture": "#stoneforgebody", "uv": [ 31.5, 8.0, 33.5, 8.5 ] },
										"east": { "texture": "#stoneforgebody", "uv": [ 33.5, 8.0, 34.0, 8.5 ] },
										"south": { "texture": "#stoneforgebody", "uv": [ 34.0, 8.0, 36.0, 8.5 ] },
										"west": { "texture": "#stoneforgebody", "uv": [ 36.0, 8.0, 36.5, 8.5 ] },
										"up": { "texture": "#stoneforgebody", "uv": [ 31.5, 7.5, 33.5, 8.0 ] },
										"down": { "texture": "#stoneforgebody", "uv": [ 33.5, 7.5, 35.5, 8.0 ] }
									}
								},
								{
									"name": "ShoulderSide7",
									"from": [ 1.8, 4.51, 0.4 ],
									"to": [ 3.8, 5.01, 0.9 ],
									"uv": [ 30.5, 8.5 ],
									"rotationOrigin": [ 3.8, 4.5, 0.4 ],
									"rotationY": 23.0,
									"faces": {
										"north": { "texture": "#stoneforgebody", "uv": [ 30.5, 9.0, 32.5, 9.5 ] },
										"east": { "texture": "#stoneforgebody", "uv": [ 32.5, 9.0, 33.0, 9.5 ] },
										"south": { "texture": "#stoneforgebody", "uv": [ 33.0, 9.0, 35.0, 9.5 ] },
										"west": { "texture": "#stoneforgebody", "uv": [ 35.0, 9.0, 35.5, 9.5 ] },
										"up": { "texture": "#stoneforgebody", "uv": [ 30.5, 8.5, 32.5, 9.0 ] },
										"down": { "texture": "#stoneforgebody", "uv": [ 32.5, 8.5, 34.5, 9.0 ] }
									}
								},
								{
									"name": "ShoulderSide8",
									"from": [ 0.6, 4.5, 0.4 ],
									"to": [ 2.6, 5.0, 0.9 ],
									"uv": [ 30.4, 9.5 ],
									"rotationOrigin": [ 0.6, 4.5, 0.4 ],
									"rotationY": -23.0,
									"faces": {
										"north": { "texture": "#stoneforgebody", "uv": [ 30.5, 10.0, 32.5, 10.5 ] },
										"east": { "texture": "#stoneforgebody", "uv": [ 32.5, 10.0, 33.0, 10.5 ] },
										"south": { "texture": "#stoneforgebody", "uv": [ 33.0, 10.0, 35.0, 10.5 ] },
										"west": { "texture": "#stoneforgebody", "uv": [ 35.0, 10.0, 35.5, 10.5 ] },
										"up": { "texture": "#stoneforgebody", "uv": [ 30.5, 9.5, 32.5, 10.0 ] },
										"down": { "texture": "#stoneforgebody", "uv": [ 32.5, 9.5, 34.5, 10.0 ] }
									}
								},
								{
									"name": "ShoulderBase2",
									"from": [ 0.2, 3.5, 0.0 ],
									"to": [ 4.2, 4.0, 1.1 ],
									"uv": [ 47.5, 25.0 ],
									"rotationOrigin": [ 0.2, 3.5, 0.0 ],
									"faces": {
										"north": { "texture": "#stoneforgebody", "uv": [ 47.5, 26.0, 51.5, 26.5 ] },
										"east": { "texture": "#stoneforgebody", "uv": [ 51.5, 26.0, 52.5, 26.5 ] },
										"south": { "texture": "#stoneforgebody", "uv": [ 52.5, 26.0, 56.5, 26.5 ] },
										"west": { "texture": "#stoneforgebody", "uv": [ 56.5, 26.0, 57.5, 26.5 ] },
										"up": { "texture": "#stoneforgebody", "uv": [ 47.5, 25.0, 51.5, 26.0 ] },
										"down": { "texture": "#stoneforgebody", "uv": [ 51.5, 25.0, 55.5, 26.0 ] }
									}
								},
								{
									"name": "ShoulderBase3",
									"from": [ 0.4, 4.0, 0.0 ],
									"to": [ 4.0, 4.5, 0.9 ],
									"uv": [ 45.5, 25.0 ],
									"rotationOrigin": [ 0.4, 4.0, 0.0 ],
									"faces": {
										"north": { "texture": "#stoneforgebody", "uv": [ 45.5, 25.5, 49.0, 26.0 ] },
										"east": { "texture": "#stoneforgebody", "uv": [ 49.0, 25.5, 49.5, 26.0 ] },
										"south": { "texture": "#stoneforgebody", "uv": [ 49.5, 25.5, 53.0, 26.0 ] },
										"west": { "texture": "#stoneforgebody", "uv": [ 53.0, 25.5, 53.5, 26.0 ] },
										"up": { "texture": "#stoneforgebody", "uv": [ 45.5, 25.0, 49.0, 25.5 ] },
										"down": { "texture": "#stoneforgebody", "uv": [ 49.0, 25.0, 52.5, 25.5 ] }
									}
								},
								{
									"name": "ShoulderBase4",
									"from": [ 0.6, 4.49, 0.0 ],
									"to": [ 3.8, 4.99, 0.7 ],
									"uv": [ 43.5, 23.0 ],
									"rotationOrigin": [ 0.6, 4.5, 0.0 ],
									"faces": {
										"north": { "texture": "#stoneforgebody", "uv": [ 43.5, 23.5, 46.5, 24.0 ] },
										"east": { "texture": "#stoneforgebody", "uv": [ 46.5, 23.5, 47.0, 24.0 ] },
										"south": { "texture": "#stoneforgebody", "uv": [ 47.0, 23.5, 50.0, 24.0 ] },
										"west": { "texture": "#stoneforgebody", "uv": [ 50.0, 23.5, 50.5, 24.0 ] },
										"up": { "texture": "#stoneforgebody", "uv": [ 43.5, 23.0, 46.5, 23.5 ] },
										"down": { "texture": "#stoneforgebody", "uv": [ 46.5, 23.0, 49.5, 23.5 ] }
									}
								},
								{
									"name": "TextileFlap1",
									"from": [ -0.3, -0.4, 1.5 ],
									"to": [ 0.5, 1.6, 2.3 ],
									"autoUnwrap": false,
									"uv": [ 7.0, 0.5 ],
									"rotationOrigin": [ -0.3, -0.4, 1.5 ],
									"faces": {
										"north": { "texture": "#textile", "uv": [ 7.5, 1.0, 8.0, 3.0 ] },
										"east": { "texture": "#textile", "uv": [ 7.5, 1.0, 8.0, 3.0 ] },
										"south": { "texture": "#textile", "uv": [ 8.0, 1.0, 8.5, 3.0 ] },
										"west": { "texture": "#textile", "uv": [ 8.0, 1.0, 8.5, 3.0 ] },
										"up": { "texture": "#textile", "uv": [ 8.0, 0.5, 8.5, 1.0 ] },
										"down": { "texture": "#textile", "uv": [ 7.5, 0.5, 8.0, 1.0 ] }
									},
									"children": [
										{
											"name": "TextileFlap2",
											"from": [ -0.4, -1.2, -0.1 ],
											"to": [ 0.0, 0.8, 0.7 ],
											"uv": [ 0.0, 0.0 ],
											"rotationOrigin": [ -0.4, -1.2, -0.1 ],
											"faces": {
												"north": { "texture": "#textile", "uv": [ 0.0, 0.0, 0.5, 2.0 ] },
												"east": { "texture": "#textile", "uv": [ 0.0, 0.0, 0.5, 2.0 ] },
												"south": { "texture": "#textile", "uv": [ 0.0, 0.0, 0.5, 2.0 ] },
												"west": { "texture": "#textile", "uv": [ 0.0, 0.0, 0.5, 2.0 ] },
												"up": { "texture": "#textile", "uv": [ 0.0, 0.0, 0.5, 0.5 ] },
												"down": { "texture": "#textile", "uv": [ 0.0, 0.0, 0.5, 0.5 ] }
											},
											"children": [
												{
													"name": "TextileFlap3",
													"from": [ 0.01, 0.0, 0.0 ],
													"to": [ 0.41, 0.55, 0.55 ],
													"uv": [ 0.0, 0.0 ],
													"rotationOrigin": [ 0.0, 0.0, 0.0 ],
													"rotationX": 45.0,
													"faces": {
														"north": { "texture": "#textile", "uv": [ 0.0, 0.5, 0.5, 1.0 ] },
														"east": { "texture": "#textile", "uv": [ 0.5, 0.5, 1.0, 1.0 ] },
														"south": { "texture": "#textile", "uv": [ 1.0, 0.5, 1.5, 1.0 ] },
														"west": { "texture": "#textile", "uv": [ 1.5, 0.5, 2.0, 1.0 ] },
														"up": { "texture": "#textile", "uv": [ 0.0, 0.0, 0.5, 0.5 ] },
														"down": { "texture": "#textile", "uv": [ 0.5, 0.0, 1.0, 0.5 ] }
													}
												}
											]
										},
										{
											"name": "TextileFlap4",
											"from": [ 0.1, -1.2, 1.2 ],
											"to": [ 0.5, 0.8, 2.0 ],
											"uv": [ 0.0, 0.0 ],
											"rotationOrigin": [ 0.1, -1.2, 1.2 ],
											"rotationY": 90.0,
											"faces": {
												"north": { "texture": "#textile", "uv": [ 0.0, 0.0, 0.5, 2.0 ] },
												"east": { "texture": "#textile", "uv": [ 0.0, 0.0, 0.5, 2.0 ] },
												"south": { "texture": "#textile", "uv": [ 0.0, 0.0, 0.5, 2.0 ] },
												"west": { "texture": "#textile", "uv": [ 0.0, 0.0, 0.5, 2.0 ] },
												"up": { "texture": "#textile", "uv": [ 0.0, 0.0, 0.5, 0.5 ] },
												"down": { "texture": "#textile", "uv": [ 0.0, 0.0, 0.5, 0.5 ] }
											},
											"children": [
												{
													"name": "TextileFlap5",
													"from": [ 0.01, 0.0, 0.0 ],
													"to": [ 0.41, 0.55, 0.55 ],
													"uv": [ 0.0, 0.0 ],
													"rotationOrigin": [ 0.0, 0.0, 0.0 ],
													"rotationX": 45.0,
													"faces": {
														"north": { "texture": "#textile", "uv": [ 0.0, 0.5, 0.5, 1.0 ] },
														"east": { "texture": "#textile", "uv": [ 0.5, 0.5, 1.0, 1.0 ] },
														"south": { "texture": "#textile", "uv": [ 1.0, 0.5, 1.5, 1.0 ] },
														"west": { "texture": "#textile", "uv": [ 1.5, 0.5, 2.0, 1.0 ] },
														"up": { "texture": "#textile", "uv": [ 0.0, 0.0, 0.5, 0.5 ] },
														"down": { "texture": "#textile", "uv": [ 0.5, 0.0, 1.0, 0.5 ] }
													}
												}
											]
										}
									]
								},
								{
									"name": "TextileFlap6",
									"from": [ 3.9, -0.4, 2.3 ],
									"to": [ 4.7, 1.6, 3.1 ],
									"autoUnwrap": false,
									"uv": [ 11.0, 4.0 ],
									"rotationOrigin": [ 3.9, -0.4, 2.3 ],
									"rotationY": 90.0,
									"faces": {
										"north": { "texture": "#textile", "uv": [ 12.0, 4.5, 12.5, 6.5 ] },
										"east": { "texture": "#textile", "uv": [ 12.5, 4.5, 13.0, 6.5 ] },
										"south": { "texture": "#textile", "uv": [ 12.0, 4.5, 12.5, 6.5 ] },
										"west": { "texture": "#textile", "uv": [ 12.5, 4.5, 13.0, 6.5 ] },
										"up": { "texture": "#textile", "uv": [ 11.0, 4.5, 11.5, 5.0 ] },
										"down": { "texture": "#textile", "uv": [ 12.0, 4.5, 12.5, 5.0 ] }
									},
									"children": [
										{
											"name": "TextileFlap7",
											"from": [ -0.4, -1.2, -0.1 ],
											"to": [ 0.0, 0.8, 0.7 ],
											"uv": [ 0.0, 0.0 ],
											"rotationOrigin": [ -0.4, -1.2, -0.1 ],
											"faces": {
												"north": { "texture": "#textile", "uv": [ 0.0, 0.0, 0.5, 2.0 ] },
												"east": { "texture": "#textile", "uv": [ 0.0, 0.0, 0.5, 2.0 ] },
												"south": { "texture": "#textile", "uv": [ 0.0, 0.0, 0.5, 2.0 ] },
												"west": { "texture": "#textile", "uv": [ 0.0, 0.0, 0.5, 2.0 ] },
												"up": { "texture": "#textile", "uv": [ 0.0, 0.0, 0.5, 0.5 ] },
												"down": { "texture": "#textile", "uv": [ 0.0, 0.0, 0.5, 0.5 ] }
											},
											"children": [
												{
													"name": "TextileFlap8",
													"from": [ 0.01, 0.0, 0.0 ],
													"to": [ 0.41, 0.55, 0.55 ],
													"uv": [ 0.0, 0.0 ],
													"rotationOrigin": [ 0.0, 0.0, 0.0 ],
													"rotationX": 45.0,
													"faces": {
														"north": { "texture": "#textile", "uv": [ 0.0, 0.5, 0.5, 1.0 ] },
														"east": { "texture": "#textile", "uv": [ 0.5, 0.5, 1.0, 1.0 ] },
														"south": { "texture": "#textile", "uv": [ 1.0, 0.5, 1.5, 1.0 ] },
														"west": { "texture": "#textile", "uv": [ 1.5, 0.5, 2.0, 1.0 ] },
														"up": { "texture": "#textile", "uv": [ 0.0, 0.0, 0.5, 0.5 ] },
														"down": { "texture": "#textile", "uv": [ 0.5, 0.0, 1.0, 0.5 ] }
													}
												}
											]
										},
										{
											"name": "TextileFlap9",
											"from": [ 0.1, -1.2, 1.2 ],
											"to": [ 0.5, 0.8, 2.0 ],
											"uv": [ 0.0, 0.0 ],
											"rotationOrigin": [ 0.1, -1.2, 1.2 ],
											"rotationY": 90.0,
											"faces": {
												"north": { "texture": "#textile", "uv": [ 0.0, 0.0, 0.5, 2.0 ] },
												"east": { "texture": "#textile", "uv": [ 0.0, 0.0, 0.5, 2.0 ] },
												"south": { "texture": "#textile", "uv": [ 0.0, 0.0, 0.5, 2.0 ] },
												"west": { "texture": "#textile", "uv": [ 0.0, 0.0, 0.5, 2.0 ] },
												"up": { "texture": "#textile", "uv": [ 0.0, 0.0, 0.5, 0.5 ] },
												"down": { "texture": "#textile", "uv": [ 0.0, 0.0, 0.5, 0.5 ] }
											},
											"children": [
												{
													"name": "TextileFlap10",
													"from": [ 0.01, 0.0, 0.0 ],
													"to": [ 0.41, 0.55, 0.55 ],
													"uv": [ 0.0, 0.0 ],
													"rotationOrigin": [ 0.0, 0.0, 0.0 ],
													"rotationX": 45.0,
													"faces": {
														"north": { "texture": "#textile", "uv": [ 0.0, 0.5, 0.5, 1.0 ] },
														"east": { "texture": "#textile", "uv": [ 0.5, 0.5, 1.0, 1.0 ] },
														"south": { "texture": "#textile", "uv": [ 1.0, 0.5, 1.5, 1.0 ] },
														"west": { "texture": "#textile", "uv": [ 1.5, 0.5, 2.0, 1.0 ] },
														"up": { "texture": "#textile", "uv": [ 0.0, 0.0, 0.5, 0.5 ] },
														"down": { "texture": "#textile", "uv": [ 0.5, 0.0, 1.0, 0.5 ] }
													}
												}
											]
										}
									]
								},
								{
									"name": "ShoulderRim1",
									"from": [ -0.4, -0.5, -0.8 ],
									"to": [ 5.2, 3.8, 0.0 ],
									"autoUnwrap": false,
									"uv": [ 14.0, 26.5 ],
									"rotationOrigin": [ -0.4, -0.5, -0.8 ],
									"faces": {
										"north": { "texture": "#stoneforgebody", "uv": [ 37.0, 11.0, 42.5, 15.0 ] },
										"east": { "texture": "#stoneforgebody", "uv": [ 34.0, 9.0, 34.5, 13.0 ] },
										"south": { "texture": "#stoneforgebody", "uv": [ 30.5, 9.5, 36.0, 13.5 ] },
										"west": { "texture": "#stoneforgebody", "uv": [ 32.0, 9.5, 32.5, 13.5 ] },
										"up": { "texture": "#stoneforgebody", "uv": [ 30.5, 9.0, 36.0, 9.5 ] },
										"down": { "texture": "#stoneforgebody", "uv": [ 30.0, 14.5, 35.5, 15.0 ] }
									},
									"children": [
										{
											"name": "ShoulderRim2",
											"from": [ 0.0, 4.3, 0.01 ],
											"to": [ 1.6, 6.9, 0.81 ],
											"uv": [ 31.5, 9.5 ],
											"rotationOrigin": [ 0.0, 4.3, 0.0 ],
											"rotationZ": -20.0,
											"faces": {
												"north": { "texture": "#stoneforgebody", "uv": [ 31.5, 10.0, 33.0, 12.5 ] },
												"east": { "texture": "#stoneforgebody", "uv": [ 33.0, 10.0, 33.5, 12.5 ] },
												"south": { "texture": "#stoneforgebody", "uv": [ 33.5, 10.0, 35.0, 12.5 ] },
												"west": { "texture": "#stoneforgebody", "uv": [ 35.0, 10.0, 35.5, 12.5 ] },
												"up": { "texture": "#stoneforgebody", "uv": [ 31.5, 9.5, 33.0, 10.0 ] },
												"down": { "texture": "#stoneforgebody", "uv": [ 33.0, 9.5, 34.5, 10.0 ] }
											}
										},
										{
											"name": "ShoulderRim3",
											"from": [ 4.0, 4.3, 0.01 ],
											"to": [ 5.6, 6.9, 0.81 ],
											"uv": [ 31.0, 9.5 ],
											"rotationOrigin": [ 5.6, 4.3, 0.0 ],
											"rotationZ": 20.0,
											"faces": {
												"north": { "texture": "#stoneforgebody", "uv": [ 31.0, 10.0, 32.5, 12.5 ] },
												"east": { "texture": "#stoneforgebody", "uv": [ 32.5, 10.0, 33.0, 12.5 ] },
												"south": { "texture": "#stoneforgebody", "uv": [ 33.0, 10.0, 34.5, 12.5 ] },
												"west": { "texture": "#stoneforgebody", "uv": [ 34.5, 10.0, 35.0, 12.5 ] },
												"up": { "texture": "#stoneforgebody", "uv": [ 31.0, 9.5, 32.5, 10.0 ] },
												"down": { "texture": "#stoneforgebody", "uv": [ 32.5, 9.5, 34.0, 10.0 ] }
											}
										},
										{
											"name": "ShoulderRim4",
											"from": [ 0.9, 5.8, 0.0 ],
											"to": [ 4.7, 6.8, 0.8 ],
											"uv": [ 29.0, 10.0 ],
											"rotationOrigin": [ 0.9, 5.8, 0.0 ],
											"faces": {
												"north": { "texture": "#stoneforgebody", "uv": [ 29.0, 10.5, 32.5, 11.5 ] },
												"east": { "texture": "#stoneforgebody", "uv": [ 32.5, 10.5, 33.0, 11.5 ] },
												"south": { "texture": "#stoneforgebody", "uv": [ 33.0, 10.5, 36.5, 11.5 ] },
												"west": { "texture": "#stoneforgebody", "uv": [ 36.5, 10.5, 37.0, 11.5 ] },
												"up": { "texture": "#stoneforgebody", "uv": [ 29.0, 10.0, 32.5, 10.5 ] },
												"down": { "texture": "#stoneforgebody", "uv": [ 32.5, 10.0, 36.0, 10.5 ] }
											}
										}
									]
								},
								{
									"name": "ShoulderTopAxis",
									"from": [ 1.5, 5.2, -0.7 ],
									"to": [ 1.5, 5.2, -0.7 ],
									"uv": [ 0.0, 0.0 ],
									"rotationOrigin": [ 1.5, 5.2, -0.7 ],
									"rotationX": 20.0,
									"faces": {
										"north": { "texture": "#stoneforgebody", "uv": [ 0.0, 0.0, 0.5, 0.5 ] },
										"east": { "texture": "#stoneforgebody", "uv": [ 0.0, 0.0, 0.5, 0.5 ] },
										"south": { "texture": "#stoneforgebody", "uv": [ 0.0, 0.0, 0.5, 0.5 ] },
										"west": { "texture": "#stoneforgebody", "uv": [ 0.0, 0.0, 0.5, 0.5 ] },
										"up": { "texture": "#stoneforgebody", "uv": [ 0.0, 0.0, 0.5, 0.5 ] },
										"down": { "texture": "#stoneforgebody", "uv": [ 0.0, 0.0, 0.5, 0.5 ] }
									},
									"children": [
										{
											"name": "ShoulderTop1",
											"from": [ 0.0, 0.0, 0.0 ],
											"to": [ 1.4, 0.8, 1.4 ],
											"uv": [ 32.7, 10.0 ],
											"rotationOrigin": [ 0.0, 0.0, 0.0 ],
											"rotationY": -23.0,
											"faces": {
												"north": { "texture": "#stoneforgebody", "uv": [ 32.5, 11.0, 33.5, 11.5 ] },
												"east": { "texture": "#stoneforgebody", "uv": [ 34.0, 11.0, 35.0, 11.5 ] },
												"south": { "texture": "#stoneforgebody", "uv": [ 35.0, 11.0, 36.0, 11.5 ] },
												"west": { "texture": "#stoneforgebody", "uv": [ 36.0, 11.0, 37.0, 11.5 ] },
												"up": { "texture": "#stoneforgebody", "uv": [ 32.5, 10.0, 33.5, 11.0 ] },
												"down": { "texture": "#stoneforgebody", "uv": [ 34.0, 10.0, 35.0, 11.0 ] }
											},
											"children": [
												{
													"name": "ShoulderTop2",
													"from": [ 1.4, 0.01, 0.0 ],
													"to": [ 2.8, 0.81, 1.4 ],
													"uv": [ 33.0, 9.5 ],
													"rotationOrigin": [ 1.4, 0.0, 1.4 ],
													"rotationY": 46.0,
													"faces": {
														"north": { "texture": "#stoneforgebody", "uv": [ 33.0, 10.5, 34.0, 11.0 ] },
														"east": { "texture": "#stoneforgebody", "uv": [ 34.0, 10.5, 35.0, 11.0 ] },
														"south": { "texture": "#stoneforgebody", "uv": [ 35.0, 10.5, 36.0, 11.0 ] },
														"west": { "texture": "#stoneforgebody", "uv": [ 36.0, 10.5, 37.0, 11.0 ] },
														"up": { "texture": "#stoneforgebody", "uv": [ 33.0, 9.5, 34.0, 10.5 ] },
														"down": { "texture": "#stoneforgebody", "uv": [ 34.0, 9.5, 35.0, 10.5 ] }
													}
												}
											]
										}
									]
								}
							]
						}
					]
				},
				{
					"name": "ArmorUpperArmLTextile",
					"from": [ -0.01, -0.01, -0.01 ],
					"to": [ 3.31, 7.41, 3.21 ],
					"uv": [ 0.0, 22.5 ],
					"faces": {
						"north": { "texture": "#textile", "uv": [ 0.0, 25.5, 3.0, 32.5 ] },
						"east": { "texture": "#textile", "uv": [ 3.0, 25.5, 6.0, 32.5 ] },
						"south": { "texture": "#textile", "uv": [ 6.0, 25.5, 9.0, 32.5 ] },
						"west": { "texture": "#textile", "uv": [ 9.0, 25.5, 12.0, 32.5 ] },
						"up": { "texture": "#textile", "uv": [ 0.0, 22.5, 3.0, 25.5 ] },
						"down": { "texture": "#textile", "uv": [ 3.0, 22.5, 6.0, 25.5 ] }
					}
				}
			]
		},
		{
			"name": "ArmorLowerArmR",
			"stepParentName": "LowerArmR",
			"from": [ -0.2, -0.2, -0.35 ],
			"to": [ 2.7, 8.2, 2.25 ],
			"uv": [ 0.5, 43.0 ],
			"rotationOrigin": [ -0.2, -0.2, -0.5 ],
			"faces": {
				"north": { "texture": "#stoneforgebody", "uv": [ 0.5, 45.5, 3.0, 53.5 ] },
				"east": { "texture": "#stoneforgebody", "uv": [ 3.0, 45.5, 5.5, 53.5 ] },
				"south": { "texture": "#stoneforgebody", "uv": [ 5.5, 45.5, 8.0, 53.5 ] },
				"west": { "texture": "#stoneforgebody", "uv": [ 8.0, 45.5, 10.5, 53.5 ] },
				"up": { "texture": "#stoneforgebody", "uv": [ 0.5, 43.0, 3.0, 45.5 ] },
				"down": { "texture": "#stoneforgebody", "uv": [ 3.0, 43.0, 5.5, 45.5 ] }
			},
			"children": [
				{
					"name": "GloveR1",
					"from": [ 3.2, -0.3, 2.9 ],
					"to": [ 6.7, 5.7, 6.1 ],
					"uv": [ 0.0, 16.5 ],
					"rotationOrigin": [ 3.2, -0.3, 2.9 ],
					"rotationY": 180.0,
					"faces": {
						"north": { "texture": "#stoneforgebody", "uv": [ 0.0, 19.5, 3.5, 25.5 ] },
						"east": { "texture": "#stoneforgebody", "uv": [ 3.5, 19.5, 6.5, 25.5 ] },
						"south": { "texture": "#stoneforgebody", "uv": [ 6.5, 19.5, 10.0, 25.5 ] },
						"west": { "texture": "#stoneforgebody", "uv": [ 10.0, 19.5, 13.0, 25.5 ] },
						"up": { "texture": "#stoneforgebody", "uv": [ 0.0, 16.5, 3.5, 19.5 ] },
						"down": { "texture": "#stoneforgebody", "uv": [ 3.5, 16.5, 7.0, 19.5 ] }
					},
					"children": [
						{
							"name": "GloveR2",
							"from": [ -0.2, 3.0, -0.2 ],
							"to": [ 3.7, 3.8, 3.4 ],
							"uv": [ 0.0, 0.0 ],
							"rotationOrigin": [ -0.2, 3.0, -0.2 ],
							"faces": {
								"north": { "texture": "#stoneforgebody", "uv": [ 0.0, 3.5, 3.5, 4.0 ] },
								"east": { "texture": "#stoneforgebody", "uv": [ 3.5, 3.5, 7.0, 4.0 ] },
								"south": { "texture": "#stoneforgebody", "uv": [ 7.0, 3.5, 10.5, 4.0 ] },
								"west": { "texture": "#stoneforgebody", "uv": [ 10.5, 3.5, 14.0, 4.0 ] },
								"up": { "texture": "#stoneforgebody", "uv": [ 0.0, 0.0, 3.5, 3.5 ] },
								"down": { "texture": "#stoneforgebody", "uv": [ 3.5, 0.0, 7.0, 3.5 ] }
							}
						},
						{
							"name": "GloveR3",
							"from": [ 0.2, 5.8, 2.89 ],
							"to": [ 3.3, 7.0, 3.31 ],
							"uv": [ 13.0, 10.0 ],
							"rotationOrigin": [ 0.2, 5.8, 2.9 ],
							"faces": {
								"north": { "texture": "#stoneforgebody", "uv": [ 13.0, 10.5, 16.0, 11.5 ] },
								"east": { "texture": "#stoneforgebody", "uv": [ 16.0, 10.5, 16.5, 11.5 ] },
								"south": { "texture": "#stoneforgebody", "uv": [ 16.5, 10.5, 19.5, 11.5 ] },
								"west": { "texture": "#stoneforgebody", "uv": [ 19.5, 10.5, 20.0, 11.5 ] },
								"up": { "texture": "#stoneforgebody", "uv": [ 13.0, 10.0, 16.0, 10.5 ] },
								"down": { "texture": "#stoneforgebody", "uv": [ 16.0, 10.0, 19.0, 10.5 ] }
							}
						},
						{
							"name": "GloveR4",
							"from": [ -0.7, 5.8, 1.9 ],
							"to": [ 0.2, 7.0, 3.3 ],
							"uv": [ 16.0, 8.0 ],
							"rotationOrigin": [ 0.2, 7.0, 1.9 ],
							"rotationZ": 25.0,
							"faces": {
								"north": { "texture": "#stoneforgebody", "uv": [ 16.0, 9.0, 16.5, 10.0 ] },
								"east": { "texture": "#stoneforgebody", "uv": [ 16.5, 9.0, 17.5, 10.0 ] },
								"south": { "texture": "#stoneforgebody", "uv": [ 17.5, 9.0, 18.0, 10.0 ] },
								"west": { "texture": "#stoneforgebody", "uv": [ 18.0, 9.0, 19.0, 10.0 ] },
								"up": { "texture": "#stoneforgebody", "uv": [ 16.0, 8.0, 16.5, 9.0 ] },
								"down": { "texture": "#stoneforgebody", "uv": [ 16.5, 8.0, 17.0, 9.0 ] }
							}
						},
						{
							"name": "GloveR5",
							"from": [ 3.3, 5.8, 1.9 ],
							"to": [ 4.2, 7.0, 3.3 ],
							"uv": [ 16.0, 11.0 ],
							"rotationOrigin": [ 3.3, 7.0, 1.9 ],
							"rotationZ": -25.0,
							"faces": {
								"north": { "texture": "#stoneforgebody", "uv": [ 16.0, 12.0, 16.5, 13.0 ] },
								"east": { "texture": "#stoneforgebody", "uv": [ 16.5, 12.0, 17.5, 13.0 ] },
								"south": { "texture": "#stoneforgebody", "uv": [ 17.5, 12.0, 18.0, 13.0 ] },
								"west": { "texture": "#stoneforgebody", "uv": [ 18.0, 12.0, 19.0, 13.0 ] },
								"up": { "texture": "#stoneforgebody", "uv": [ 16.0, 11.0, 16.5, 12.0 ] },
								"down": { "texture": "#stoneforgebody", "uv": [ 16.5, 11.0, 17.0, 12.0 ] }
							}
						}
					]
				},
				{
					"name": "SleeveR",
					"from": [ 0.0, 7.0, -0.4 ],
					"to": [ 3.1, 8.0, 3.0 ],
					"uv": [ 5.0, 47.0 ],
					"rotationOrigin": [ 0.0, 7.0, -0.4 ],
					"faces": {
						"north": { "texture": "#stoneforgebody", "uv": [ 5.0, 50.0, 8.0, 51.0 ] },
						"east": { "texture": "#stoneforgebody", "uv": [ 8.0, 50.0, 11.0, 51.0 ] },
						"south": { "texture": "#stoneforgebody", "uv": [ 11.0, 50.0, 14.0, 51.0 ] },
						"west": { "texture": "#stoneforgebody", "uv": [ 14.0, 50.0, 17.0, 51.0 ] },
						"up": { "texture": "#stoneforgebody", "uv": [ 5.0, 47.0, 8.0, 50.0 ] },
						"down": { "texture": "#stoneforgebody", "uv": [ 8.0, 47.0, 11.0, 50.0 ] }
					},
					"children": [
						{
							"name": "SleeveRTextile",
							"from": [ -0.01, -0.01, -0.01 ],
							"to": [ 3.11, 1.01, 3.41 ],
							"uv": [ 1.5, 27.0 ],
							"faces": {
								"north": { "texture": "#textile", "uv": [ 1.5, 30.0, 4.5, 31.0 ] },
								"east": { "texture": "#textile", "uv": [ 4.5, 30.0, 7.5, 31.0 ] },
								"south": { "texture": "#textile", "uv": [ 7.5, 30.0, 10.5, 31.0 ] },
								"west": { "texture": "#textile", "uv": [ 10.5, 30.0, 13.5, 31.0 ] },
								"up": { "texture": "#textile", "uv": [ 1.5, 27.0, 4.5, 30.0 ] },
								"down": { "texture": "#textile", "uv": [ 4.5, 27.0, 7.5, 30.0 ] }
							}
						}
					]
				},
				{
					"name": "ArmorLowerArmRTextile",
					"from": [ -0.01, -0.01, -0.01 ],
					"to": [ 2.91, 8.41, 2.61 ],
					"uv": [ 1.5, 21.0 ],
					"rotationOrigin": [ 0.0, 0.0, -0.15 ],
					"faces": {
						"north": { "texture": "#textile", "uv": [ 1.5, 23.5, 4.0, 31.5 ] },
						"east": { "texture": "#textile", "uv": [ 4.0, 23.5, 6.5, 31.5 ] },
						"south": { "texture": "#textile", "uv": [ 6.5, 23.5, 9.0, 31.5 ] },
						"west": { "texture": "#textile", "uv": [ 9.0, 23.5, 11.5, 31.5 ] },
						"up": { "texture": "#textile", "uv": [ 1.5, 21.0, 4.0, 23.5 ] },
						"down": { "texture": "#textile", "uv": [ 4.0, 21.0, 6.5, 23.5 ] }
					}
				}
			]
		},
		{
			"name": "ArmorLowerArmL",
			"stepParentName": "LowerArmL",
			"from": [ -0.2, -0.2, -0.25 ],
			"to": [ 2.7, 8.2, 2.35 ],
			"uv": [ 11.5, 43.0 ],
			"rotationOrigin": [ -0.2, -0.2, -0.3 ],
			"faces": {
				"north": { "texture": "#stoneforgebody", "uv": [ 11.5, 45.5, 14.0, 53.5 ] },
				"east": { "texture": "#stoneforgebody", "uv": [ 14.0, 45.5, 16.5, 53.5 ] },
				"south": { "texture": "#stoneforgebody", "uv": [ 16.5, 45.5, 19.0, 53.5 ] },
				"west": { "texture": "#stoneforgebody", "uv": [ 19.0, 45.5, 21.5, 53.5 ] },
				"up": { "texture": "#stoneforgebody", "uv": [ 11.5, 43.0, 14.0, 45.5 ] },
				"down": { "texture": "#stoneforgebody", "uv": [ 14.0, 43.0, 16.5, 45.5 ] }
			},
			"children": [
				{
					"name": "GloveL1",
					"from": [ -0.3, -0.3, -0.3 ],
					"to": [ 3.2, 5.7, 2.9 ],
					"uv": [ 0.0, 16.5 ],
					"rotationOrigin": [ -0.3, -0.3, -0.3 ],
					"faces": {
						"north": { "texture": "#stoneforgebody", "uv": [ 0.0, 19.5, 3.5, 25.5 ] },
						"east": { "texture": "#stoneforgebody", "uv": [ 3.5, 19.5, 6.5, 25.5 ] },
						"south": { "texture": "#stoneforgebody", "uv": [ 6.5, 19.5, 10.0, 25.5 ] },
						"west": { "texture": "#stoneforgebody", "uv": [ 10.0, 19.5, 13.0, 25.5 ] },
						"up": { "texture": "#stoneforgebody", "uv": [ 0.0, 16.5, 3.5, 19.5 ] },
						"down": { "texture": "#stoneforgebody", "uv": [ 3.5, 16.5, 7.0, 19.5 ] }
					},
					"children": [
						{
							"name": "GloveL2",
							"from": [ -0.2, 3.0, -0.2 ],
							"to": [ 3.7, 3.8, 3.4 ],
							"uv": [ 0.0, 0.0 ],
							"rotationOrigin": [ -0.2, 3.0, -0.2 ],
							"faces": {
								"north": { "texture": "#stoneforgebody", "uv": [ 0.0, 3.5, 3.5, 4.0 ] },
								"east": { "texture": "#stoneforgebody", "uv": [ 3.5, 3.5, 7.0, 4.0 ] },
								"south": { "texture": "#stoneforgebody", "uv": [ 7.0, 3.5, 10.5, 4.0 ] },
								"west": { "texture": "#stoneforgebody", "uv": [ 10.5, 3.5, 14.0, 4.0 ] },
								"up": { "texture": "#stoneforgebody", "uv": [ 0.0, 0.0, 3.5, 3.5 ] },
								"down": { "texture": "#stoneforgebody", "uv": [ 3.5, 0.0, 7.0, 3.5 ] }
							}
						},
						{
							"name": "GloveL3",
							"from": [ 0.2, 5.8, 2.89 ],
							"to": [ 3.3, 7.0, 3.31 ],
							"uv": [ 12.2, 11.0 ],
							"rotationOrigin": [ 0.2, 5.8, 2.9 ],
							"faces": {
								"north": { "texture": "#stoneforgebody", "uv": [ 12.0, 11.5, 15.0, 12.5 ] },
								"east": { "texture": "#stoneforgebody", "uv": [ 15.5, 11.5, 16.0, 12.5 ] },
								"south": { "texture": "#stoneforgebody", "uv": [ 16.0, 11.5, 19.0, 12.5 ] },
								"west": { "texture": "#stoneforgebody", "uv": [ 19.0, 11.5, 19.5, 12.5 ] },
								"up": { "texture": "#stoneforgebody", "uv": [ 12.0, 11.0, 15.0, 11.5 ] },
								"down": { "texture": "#stoneforgebody", "uv": [ 15.5, 11.0, 18.5, 11.5 ] }
							}
						},
						{
							"name": "GloveL4",
							"from": [ -0.7, 5.8, 1.9 ],
							"to": [ 0.2, 7.0, 3.3 ],
							"uv": [ 15.5, 11.0 ],
							"rotationOrigin": [ 0.2, 7.0, 1.9 ],
							"rotationZ": 25.0,
							"faces": {
								"north": { "texture": "#stoneforgebody", "uv": [ 15.5, 12.0, 16.0, 13.0 ] },
								"east": { "texture": "#stoneforgebody", "uv": [ 16.0, 12.0, 17.0, 13.0 ] },
								"south": { "texture": "#stoneforgebody", "uv": [ 17.0, 12.0, 17.5, 13.0 ] },
								"west": { "texture": "#stoneforgebody", "uv": [ 17.5, 12.0, 18.5, 13.0 ] },
								"up": { "texture": "#stoneforgebody", "uv": [ 15.5, 11.0, 16.0, 12.0 ] },
								"down": { "texture": "#stoneforgebody", "uv": [ 16.0, 11.0, 16.5, 12.0 ] }
							}
						},
						{
							"name": "GloveL5",
							"from": [ 3.3, 5.8, 1.9 ],
							"to": [ 4.2, 7.0, 3.3 ],
							"uv": [ 15.0, 11.0 ],
							"rotationOrigin": [ 3.3, 7.0, 1.9 ],
							"rotationZ": -25.0,
							"faces": {
								"north": { "texture": "#stoneforgebody", "uv": [ 15.0, 12.0, 15.5, 13.0 ] },
								"east": { "texture": "#stoneforgebody", "uv": [ 15.5, 12.0, 16.5, 13.0 ] },
								"south": { "texture": "#stoneforgebody", "uv": [ 16.5, 12.0, 17.0, 13.0 ] },
								"west": { "texture": "#stoneforgebody", "uv": [ 17.0, 12.0, 18.0, 13.0 ] },
								"up": { "texture": "#stoneforgebody", "uv": [ 15.0, 11.0, 15.5, 12.0 ] },
								"down": { "texture": "#stoneforgebody", "uv": [ 15.5, 11.0, 16.0, 12.0 ] }
							}
						}
					]
				},
				{
					"name": "SleeveL",
					"from": [ -0.1, 7.0, -0.4 ],
					"to": [ 3.0, 8.0, 3.0 ],
					"uv": [ 5.5, 50.0 ],
					"rotationOrigin": [ -0.1, 7.0, -0.4 ],
					"faces": {
						"north": { "texture": "#stoneforgebody", "uv": [ 5.5, 53.0, 8.5, 54.0 ] },
						"east": { "texture": "#stoneforgebody", "uv": [ 8.5, 53.0, 11.5, 54.0 ] },
						"south": { "texture": "#stoneforgebody", "uv": [ 11.5, 53.0, 14.5, 54.0 ] },
						"west": { "texture": "#stoneforgebody", "uv": [ 14.5, 53.0, 17.5, 54.0 ] },
						"up": { "texture": "#stoneforgebody", "uv": [ 5.5, 50.0, 8.5, 53.0 ] },
						"down": { "texture": "#stoneforgebody", "uv": [ 8.5, 50.0, 11.5, 53.0 ] }
					},
					"children": [
						{
							"name": "SleeveLTextile",
							"from": [ -0.01, -0.01, -0.01 ],
							"to": [ 3.11, 1.01, 3.41 ],
							"uv": [ 1.5, 22.5 ],
							"faces": {
								"north": { "texture": "#textile", "uv": [ 1.5, 25.5, 4.5, 26.5 ] },
								"east": { "texture": "#textile", "uv": [ 4.5, 25.5, 7.5, 26.5 ] },
								"south": { "texture": "#textile", "uv": [ 7.5, 25.5, 10.5, 26.5 ] },
								"west": { "texture": "#textile", "uv": [ 10.5, 25.5, 13.5, 26.5 ] },
								"up": { "texture": "#textile", "uv": [ 1.5, 22.5, 4.5, 25.5 ] },
								"down": { "texture": "#textile", "uv": [ 4.5, 22.5, 7.5, 25.5 ] }
							}
						}
					]
				},
				{
					"name": "ArmorLowerArmLTextile",
					"from": [ -0.01, -0.01, -0.01 ],
					"to": [ 2.91, 8.41, 2.61 ],
					"uv": [ 6.0, 21.5 ],
					"rotationOrigin": [ 0.0, 0.0, -0.05 ],
					"faces": {
						"north": { "texture": "#textile", "uv": [ 6.0, 24.0, 8.5, 32.0 ] },
						"east": { "texture": "#textile", "uv": [ 8.5, 24.0, 11.0, 32.0 ] },
						"south": { "texture": "#textile", "uv": [ 11.0, 24.0, 13.5, 32.0 ] },
						"west": { "texture": "#textile", "uv": [ 13.5, 24.0, 16.0, 32.0 ] },
						"up": { "texture": "#textile", "uv": [ 6.0, 21.5, 8.5, 24.0 ] },
						"down": { "texture": "#textile", "uv": [ 8.5, 21.5, 11.0, 24.0 ] }
					}
				}
			]
		}
	]}