{
	"editor": {
		"allAngles": false,
		"entityTextureMode": false
	},
	"textureWidth": 16,
	"textureHeight": 16,
	"textureSizes": {
	},
	"textures": {
		"ebony-h": "game:block/wood/bark/ebony-h",
		"bottom-inside": "game:block/wood/trough/large/bottom-inside",
		"legs": "game:block/wood/trough/large/legs",
		"outer-ring": "game:block/wood/trough/large/outer-ring",
		"wood": "game:block/wood/trough/large/wood"
	},
	"elements": [
		{
			"name": "Origin point",
			"from": [ 0.0, 0.0, 0.0 ],
			"to": [ 0.0, 0.0, 0.0 ],
			"rotationOrigin": [ 8.0, 0.0, 8.0 ],
			"faces": {
			},
			"children": [
				{
					"name": "bottom",
					"from": [ 0.0, 0.0, 4.0 ],
					"to": [ 16.0, 4.0, 12.0 ],
					"rotationOrigin": [ 0.0, -3.0, 0.0 ],
					"faces": {
						"east": { "texture": "#bottom-inside", "uv": [ 2.0, 6.5, 10.0, 10.5 ] },
						"west": { "texture": "#wood", "uv": [ 11.0, 0.5, 15.0, 8.5 ], "rotation": 90, "windMode": [-1,-1,-1,-1] },
						"up": { "texture": "#bottom-inside", "uv": [ 0.0, 4.0, 16.0, 12.0 ] },
						"down": { "texture": "#wood", "uv": [ 0.0, 4.0, 16.0, 12.0 ] }
					}
				},
				{
					"name": "N wall",
					"from": [ 0.0, 0.0, 1.0 ],
					"to": [ 16.0, 15.0, 2.0 ],
					"rotationOrigin": [ 0.0, 4.0, 8.0 ],
					"faces": {
						"north": { "texture": "#outer-ring", "uv": [ 0.0, 0.5, 16.0, 15.5 ] },
						"east": { "texture": "#bottom-inside", "uv": [ 7.0, 1.0, 8.0, 16.0 ] },
						"south": { "texture": "#bottom-inside", "uv": [ 0.0, 1.0, 16.0, 16.0 ] },
						"west": { "texture": "#legs", "uv": [ 6.5, 1.0, 7.5, 16.0 ] },
						"up": { "texture": "#bottom-inside", "uv": [ 0.0, 13.0, 16.0, 14.0 ] },
						"down": { "texture": "#wood", "uv": [ 0.0, 0.0, 16.0, 1.0 ] }
					}
				},
				{
					"name": "S wall",
					"from": [ 0.0, 0.0, 12.0 ],
					"to": [ 16.0, 8.0, 13.0 ],
					"rotationOrigin": [ 0.0, -3.0, 10.0 ],
					"faces": {
						"north": { "texture": "#bottom-inside", "uv": [ 0.0, 4.0, 16.0, 12.0 ] },
						"east": { "texture": "#bottom-inside", "uv": [ 4.5, 7.0, 5.5, 15.0 ] },
						"west": { "texture": "#legs", "uv": [ 11.0, 4.5, 12.0, 12.5 ] },
						"up": { "texture": "#bottom-inside", "uv": [ 0.0, 10.5, 16.0, 11.5 ] },
						"down": { "texture": "#wood", "uv": [ 0.0, 0.0, 16.0, 1.0 ] }
					}
				},
				{
					"name": "S ring",
					"from": [ 8.0, 0.0, 15.0 ],
					"to": [ 16.0, 15.0, 16.0 ],
					"rotationOrigin": [ 8.0, 3.0, 2.0 ],
					"faces": {
						"east": { "texture": "#bottom-inside", "uv": [ 0.0, 0.0, 1.0, 15.0 ] },
						"south": { "texture": "#outer-ring", "uv": [ 8.0, 0.5, 16.0, 15.5 ] },
						"west": { "texture": "#outer-ring", "uv": [ 7.0, 0.5, 8.0, 15.5 ], "windMode": [-1,-1,-1,-1] },
						"up": { "texture": "#bottom-inside", "uv": [ 0.0, 10.0, 8.0, 11.0 ] },
						"down": { "texture": "#wood", "uv": [ 0.0, 0.0, 8.0, 1.0 ] }
					}
				},
				{
					"name": "N ring2",
					"from": [ 8.0, 0.0, 0.0 ],
					"to": [ 16.0, 15.0, 1.0 ],
					"rotationOrigin": [ 8.0, 3.0, 0.0 ],
					"faces": {
						"north": { "texture": "#outer-ring", "uv": [ 0.0, 0.5, 8.0, 15.5 ] },
						"east": { "texture": "#bottom-inside", "uv": [ 11.5, 1.0, 12.5, 16.0 ] },
						"west": { "texture": "#outer-ring", "uv": [ 8.0, 0.5, 9.0, 15.5 ] },
						"up": { "texture": "#bottom-inside", "uv": [ 0.0, 5.5, 8.0, 6.5 ] },
						"down": { "texture": "#wood", "uv": [ 0.0, 0.0, 8.0, 1.0 ] }
					}
				},
				{
					"name": "N wall2",
					"from": [ 0.0, 0.0, 2.0 ],
					"to": [ 16.0, 11.0, 3.0 ],
					"rotationOrigin": [ 0.0, -3.0, 9.0 ],
					"faces": {
						"east": { "texture": "#bottom-inside", "uv": [ 5.5, 5.0, 6.5, 16.0 ] },
						"south": { "texture": "#bottom-inside", "uv": [ 0.0, 4.0, 16.0, 15.0 ] },
						"west": { "texture": "#legs", "uv": [ 7.0, 2.5, 8.0, 13.5 ] },
						"up": { "texture": "#bottom-inside", "uv": [ 0.0, 11.5, 16.0, 12.5 ] },
						"down": { "texture": "#wood", "uv": [ 0.0, 0.0, 16.0, 1.0 ] }
					}
				},
				{
					"name": "N wall3",
					"from": [ 0.0, 0.0, 3.0 ],
					"to": [ 16.0, 8.0, 4.0 ],
					"rotationOrigin": [ 0.0, -3.0, 10.0 ],
					"faces": {
						"east": { "texture": "#bottom-inside", "uv": [ 4.0, 6.0, 5.0, 14.0 ] },
						"south": { "texture": "#bottom-inside", "uv": [ 0.0, 4.0, 16.0, 12.0 ] },
						"west": { "texture": "#legs", "uv": [ 7.0, 1.5, 8.0, 9.5 ] },
						"up": { "texture": "#bottom-inside", "uv": [ 0.0, 14.0, 16.0, 15.0 ] },
						"down": { "texture": "#wood", "uv": [ 0.0, 0.0, 16.0, 1.0 ] }
					}
				},
				{
					"name": "N wall4",
					"from": [ 0.0, 8.0, 3.0 ],
					"to": [ 4.0, 11.0, 4.0 ],
					"rotationOrigin": [ 0.0, 5.0, 10.0 ],
					"faces": {
						"east": { "texture": "#bottom-inside", "uv": [ 4.0, 6.0, 5.0, 9.0 ] },
						"south": { "texture": "#bottom-inside", "uv": [ 0.0, 4.0, 4.0, 7.0 ] },
						"west": { "texture": "#legs", "uv": [ 8.0, 5.5, 9.0, 8.5 ] },
						"up": { "texture": "#bottom-inside", "uv": [ 0.0, 11.5, 4.0, 12.5 ] }
					}
				},
				{
					"name": "N wall5",
					"from": [ 0.0, 11.0, 2.0 ],
					"to": [ 8.0, 15.0, 3.0 ],
					"rotationOrigin": [ 0.0, 8.0, 9.0 ],
					"faces": {
						"east": { "texture": "#bottom-inside", "uv": [ 4.0, 6.0, 5.0, 10.0 ] },
						"south": { "texture": "#bottom-inside", "uv": [ 0.0, 4.0, 8.0, 8.0 ] },
						"west": { "texture": "#legs", "uv": [ 5.5, 0.0, 6.5, 4.0 ] },
						"up": { "texture": "#bottom-inside", "uv": [ 0.0, 14.0, 8.0, 15.0 ] }
					}
				},
				{
					"name": "S wall2",
					"from": [ 0.0, 0.0, 13.0 ],
					"to": [ 16.0, 11.0, 14.0 ],
					"rotationOrigin": [ 0.0, -3.0, 11.0 ],
					"faces": {
						"north": { "texture": "#bottom-inside", "uv": [ 0.0, 4.0, 16.0, 15.0 ] },
						"east": { "texture": "#bottom-inside", "uv": [ 3.0, 4.5, 4.0, 15.5 ] },
						"west": { "texture": "#legs", "uv": [ 12.0, 0.0, 13.0, 11.0 ] },
						"up": { "texture": "#bottom-inside", "uv": [ 0.0, 8.5, 16.0, 9.5 ] },
						"down": { "texture": "#wood", "uv": [ 0.0, 0.0, 16.0, 1.0 ] }
					}
				},
				{
					"name": "S wall3",
					"from": [ 0.0, 0.0, 14.0 ],
					"to": [ 16.0, 15.0, 15.0 ],
					"rotationOrigin": [ 0.0, 4.0, 12.0 ],
					"faces": {
						"north": { "texture": "#bottom-inside", "uv": [ 0.0, 1.0, 16.0, 16.0 ] },
						"east": { "texture": "#bottom-inside", "uv": [ 1.0, 0.0, 2.0, 15.0 ] },
						"south": { "texture": "#outer-ring", "uv": [ 0.0, 0.5, 16.0, 15.5 ] },
						"west": { "texture": "#legs", "uv": [ 12.0, 1.0, 13.0, 16.0 ] },
						"up": { "texture": "#bottom-inside", "uv": [ 0.0, 9.0, 16.0, 10.0 ] },
						"down": { "texture": "#wood", "uv": [ 0.0, 0.0, 16.0, 1.0 ] }
					}
				},
				{
					"name": "S wall4",
					"from": [ 0.0, 8.0, 12.0 ],
					"to": [ 4.0, 11.0, 13.0 ],
					"rotationOrigin": [ 0.0, 5.0, 10.0 ],
					"faces": {
						"north": { "texture": "#bottom-inside", "uv": [ 0.0, 4.0, 4.0, 7.0 ] },
						"east": { "texture": "#bottom-inside", "uv": [ 4.0, 6.0, 5.0, 9.0 ] },
						"west": { "texture": "#legs", "uv": [ 10.5, 4.0, 11.5, 7.0 ] },
						"up": { "texture": "#bottom-inside", "uv": [ 0.5, 6.0, 4.5, 7.0 ] }
					}
				},
				{
					"name": "S wall5",
					"from": [ 0.0, 11.0, 13.0 ],
					"to": [ 8.0, 15.0, 14.0 ],
					"rotationOrigin": [ 0.0, 8.0, 11.0 ],
					"faces": {
						"north": { "texture": "#bottom-inside", "uv": [ 0.0, 4.0, 8.0, 8.0 ] },
						"east": { "texture": "#bottom-inside", "uv": [ 4.0, 6.0, 5.0, 10.0 ] },
						"west": { "texture": "#legs", "uv": [ 12.0, 6.5, 13.0, 10.5 ] },
						"up": { "texture": "#bottom-inside", "uv": [ 0.0, 10.0, 8.0, 11.0 ] }
					}
				}
			]
		},
		{
			"name": "frame",
			"from": [ 0.0, 0.5, 0.3 ],
			"to": [ 1.0, 1.5, 1.3 ],
			"rotationOrigin": [ 8.0, 8.0, 8.0 ],
			"rotationX": -90.0,
			"rotationZ": 90.0,
			"faces": {
			},
			"children": [
				{
					"name": "Cube3",
					"from": [ -0.5, 0.0, 3.8 ],
					"to": [ 5.55, 1.0, 4.8 ],
					"rotationOrigin": [ -0.5, 0.0, 3.8 ],
					"rotationX": -2.0,
					"rotationY": -3.0,
					"faces": {
						"north": { "texture": "#ebony-h", "uv": [ 0.0, 4.0, 6.0, 5.0 ] },
						"south": { "texture": "#ebony-h", "uv": [ 0.0, 4.0, 6.0, 5.0 ] },
						"west": { "texture": "#ebony-h", "uv": [ 0.5, 14.5, 1.5, 15.5 ] },
						"up": { "texture": "#ebony-h", "uv": [ 0.0, 4.0, 6.0, 5.0 ] },
						"down": { "texture": "#ebony-h", "uv": [ 0.0, 4.0, 6.0, 5.0 ] }
					}
				},
				{
					"name": "Cube4",
					"from": [ -0.3, 0.0, 5.7 ],
					"to": [ 6.7, 1.0, 6.74 ],
					"rotationOrigin": [ -0.3, 0.0, 5.7 ],
					"rotationX": 14.0,
					"rotationY": 2.0,
					"faces": {
						"north": { "texture": "#ebony-h", "uv": [ 0.0, 6.0, 7.0, 7.0 ] },
						"south": { "texture": "#ebony-h", "uv": [ 0.0, 6.0, 7.0, 7.0 ] },
						"west": { "texture": "#ebony-h", "uv": [ 0.0, 14.0, 1.0, 15.0 ] },
						"up": { "texture": "#ebony-h", "uv": [ 0.0, 6.0, 7.0, 7.0 ] },
						"down": { "texture": "#ebony-h", "uv": [ 1.0, 4.0, 8.0, 5.0 ] }
					}
				},
				{
					"name": "Cube5",
					"from": [ -0.7, 0.0, 7.9 ],
					"to": [ 5.4, 1.0, 8.4 ],
					"rotationOrigin": [ -0.7, 0.0, 7.9 ],
					"rotationX": 3.0,
					"rotationY": 4.0,
					"faces": {
						"north": { "texture": "#ebony-h", "uv": [ 0.0, 8.0, 6.0, 9.0 ] },
						"south": { "texture": "#ebony-h", "uv": [ 0.0, 8.0, 6.0, 9.0 ] },
						"west": { "texture": "#ebony-h", "uv": [ 1.0, 15.0, 1.5, 16.0 ] },
						"up": { "texture": "#ebony-h", "uv": [ 0.0, 8.0, 6.0, 8.5 ] },
						"down": { "texture": "#ebony-h", "uv": [ 0.0, 8.0, 6.0, 8.5 ] }
					}
				},
				{
					"name": "Cube6",
					"from": [ -0.3, 0.0, 9.1 ],
					"to": [ 5.0, 1.0, 10.1 ],
					"rotationOrigin": [ -0.3, 0.0, 9.5 ],
					"rotationX": 18.0,
					"rotationY": -1.0,
					"faces": {
						"north": { "texture": "#ebony-h", "uv": [ 0.0, 10.0, 5.0, 11.0 ] },
						"south": { "texture": "#ebony-h", "uv": [ 0.0, 10.0, 5.0, 11.0 ] },
						"west": { "texture": "#ebony-h", "uv": [ 0.0, 15.0, 1.0, 16.0 ] },
						"up": { "texture": "#ebony-h", "uv": [ 0.0, 10.0, 5.0, 11.0 ] },
						"down": { "texture": "#ebony-h", "uv": [ 0.0, 10.0, 5.0, 11.0 ] }
					}
				},
				{
					"name": "Cube7",
					"from": [ -0.5, 0.0, 11.4 ],
					"to": [ 7.0, 1.0, 12.4 ],
					"rotationOrigin": [ -0.5, 0.0, 11.4 ],
					"rotationX": -6.0,
					"rotationY": 2.0,
					"faces": {
						"north": { "texture": "#ebony-h", "uv": [ 0.0, 12.0, 7.5, 13.0 ] },
						"south": { "texture": "#ebony-h", "uv": [ 0.0, 12.0, 7.5, 13.0 ] },
						"west": { "texture": "#ebony-h", "uv": [ 0.5, 15.0, 1.5, 16.0 ] },
						"up": { "texture": "#ebony-h", "uv": [ 0.0, 12.0, 7.5, 13.0 ] },
						"down": { "texture": "#ebony-h", "uv": [ 0.0, 12.0, 7.5, 13.0 ] }
					}
				},
				{
					"name": "Cube8",
					"from": [ -0.2, 0.0, 14.1 ],
					"to": [ 6.0, 1.0, 15.1 ],
					"rotationOrigin": [ -0.2, 0.0, 14.1 ],
					"rotationX": 6.0,
					"rotationY": 1.0,
					"faces": {
						"north": { "texture": "#ebony-h", "uv": [ 2.5, 12.5, 8.5, 13.5 ] },
						"east": { "texture": "#ebony-h", "uv": [ 0.0, 14.0, 1.0, 15.0 ] },
						"south": { "texture": "#ebony-h", "uv": [ 4.0, 13.0, 10.0, 14.0 ] },
						"west": { "texture": "#ebony-h", "uv": [ 0.0, 14.0, 1.0, 15.0 ] },
						"up": { "texture": "#ebony-h", "uv": [ 3.5, 9.5, 9.5, 10.5 ] },
						"down": { "texture": "#ebony-h", "uv": [ 5.5, 8.5, 11.5, 9.5 ] }
					}
				},
				{
					"name": "Cube11",
					"from": [ 5.4, -0.1, 4.15 ],
					"to": [ 11.4, 0.9, 5.15 ],
					"rotationOrigin": [ 5.0, 0.0, 3.8 ],
					"rotationX": -9.0,
					"rotationY": 3.0,
					"faces": {
						"north": { "texture": "#ebony-h", "uv": [ 5.0, 4.0, 11.0, 5.0 ] },
						"south": { "texture": "#ebony-h", "uv": [ 5.0, 4.0, 11.0, 5.0 ] },
						"up": { "texture": "#ebony-h", "uv": [ 4.5, 5.0, 10.5, 6.0 ] },
						"down": { "texture": "#ebony-h", "uv": [ 5.0, 4.0, 11.0, 5.0 ] }
					}
				},
				{
					"name": "Cube12",
					"from": [ 6.6, 0.0, 5.5 ],
					"to": [ 12.6, 1.0, 6.54 ],
					"rotationOrigin": [ 7.0, 0.0, 5.7 ],
					"rotationX": 12.0,
					"faces": {
						"north": { "texture": "#ebony-h", "uv": [ 6.5, 6.0, 12.5, 7.0 ] },
						"south": { "texture": "#ebony-h", "uv": [ 6.5, 6.0, 12.5, 7.0 ] },
						"up": { "texture": "#ebony-h", "uv": [ 6.5, 6.0, 12.5, 7.0 ] },
						"down": { "texture": "#ebony-h", "uv": [ 2.5, 6.0, 8.5, 7.0 ] }
					}
				},
				{
					"name": "Cube13",
					"from": [ 5.4, 0.0, 7.5 ],
					"to": [ 9.4, 1.0, 8.1 ],
					"rotationOrigin": [ 6.0, 0.0, 7.9 ],
					"rotationX": 6.0,
					"faces": {
						"north": { "texture": "#ebony-h", "uv": [ 6.0, 8.0, 10.0, 9.0 ] },
						"south": { "texture": "#ebony-h", "uv": [ 6.0, 8.0, 10.0, 9.0 ] },
						"up": { "texture": "#ebony-h", "uv": [ 4.0, 6.0, 8.0, 6.5 ] },
						"down": { "texture": "#ebony-h", "uv": [ 6.0, 8.0, 10.0, 8.5 ] }
					}
				},
				{
					"name": "Cube14",
					"from": [ 4.96, -0.1, 9.4 ],
					"to": [ 11.0, 0.9, 10.44 ],
					"rotationOrigin": [ 5.0, 0.0, 9.5 ],
					"rotationX": -4.0,
					"faces": {
						"north": { "texture": "#ebony-h", "uv": [ 5.0, 10.0, 11.0, 11.0 ] },
						"south": { "texture": "#ebony-h", "uv": [ 5.0, 10.0, 11.0, 11.0 ] },
						"up": { "texture": "#ebony-h", "uv": [ 5.0, 10.0, 11.0, 11.0 ] },
						"down": { "texture": "#ebony-h", "uv": [ 5.0, 10.0, 11.0, 11.0 ] }
					}
				},
				{
					"name": "Cube15",
					"from": [ 7.0, 0.0, 11.1 ],
					"to": [ 13.0, 1.0, 12.1 ],
					"rotationOrigin": [ 7.0, 0.0, 11.4 ],
					"rotationX": 8.0,
					"faces": {
						"north": { "texture": "#ebony-h", "uv": [ 7.5, 12.0, 13.5, 13.0 ] },
						"south": { "texture": "#ebony-h", "uv": [ 7.5, 12.0, 13.5, 13.0 ] },
						"up": { "texture": "#ebony-h", "uv": [ 7.5, 12.0, 13.5, 13.0 ] },
						"down": { "texture": "#ebony-h", "uv": [ 7.5, 12.0, 13.5, 13.0 ] }
					}
				},
				{
					"name": "Cube16",
					"from": [ 6.0, -0.08, 14.1 ],
					"to": [ 12.0, 0.92, 15.1 ],
					"rotationOrigin": [ 6.0, 0.0, 14.1 ],
					"rotationX": -3.0,
					"faces": {
						"north": { "texture": "#ebony-h", "uv": [ 6.0, 14.0, 12.0, 15.0 ] },
						"south": { "texture": "#ebony-h", "uv": [ 6.0, 14.0, 12.0, 15.0 ] },
						"up": { "texture": "#ebony-h", "uv": [ 7.5, 13.0, 13.5, 14.0 ] },
						"down": { "texture": "#ebony-h", "uv": [ 6.0, 14.0, 12.0, 15.0 ] }
					}
				},
				{
					"name": "Cube19",
					"from": [ 11.4, 0.0, 3.7 ],
					"to": [ 17.0, 1.0, 4.7 ],
					"rotationOrigin": [ 12.0, 0.0, 3.7 ],
					"rotationX": 12.0,
					"rotationY": -1.0,
					"faces": {
						"north": { "texture": "#ebony-h", "uv": [ 0.0, 4.0, 5.5, 5.0 ] },
						"east": { "texture": "#ebony-h", "uv": [ 1.0, 14.5, 2.0, 15.5 ] },
						"south": { "texture": "#ebony-h", "uv": [ 0.0, 4.0, 5.5, 5.0 ] },
						"up": { "texture": "#ebony-h", "uv": [ 0.0, 4.0, 5.5, 5.0 ] },
						"down": { "texture": "#ebony-h", "uv": [ 0.0, 4.0, 5.5, 5.0 ] }
					}
				},
				{
					"name": "Cube20",
					"from": [ 12.6, 0.0, 5.6 ],
					"to": [ 16.22, 1.0, 6.64 ],
					"rotationOrigin": [ 13.0, 0.0, 5.6 ],
					"rotationX": 2.0,
					"rotationY": -2.0,
					"faces": {
						"north": { "texture": "#ebony-h", "uv": [ 2.0, 12.5, 5.5, 13.5 ] },
						"east": { "texture": "#ebony-h", "uv": [ 0.0, 14.0, 1.0, 15.0 ] },
						"south": { "texture": "#ebony-h", "uv": [ 2.5, 12.0, 6.0, 13.0 ] },
						"up": { "texture": "#ebony-h", "uv": [ 2.5, 8.5, 6.0, 9.5 ] },
						"down": { "texture": "#ebony-h", "uv": [ 5.5, 12.5, 9.0, 13.5 ] }
					}
				},
				{
					"name": "Cube21",
					"from": [ 9.3, 0.0, 7.6 ],
					"to": [ 16.8, 1.0, 8.1 ],
					"rotationOrigin": [ 9.3, 0.0, 7.6 ],
					"rotationX": -2.0,
					"rotationY": -2.0,
					"faces": {
						"north": { "texture": "#ebony-h", "uv": [ 0.0, 8.0, 7.5, 9.0 ] },
						"east": { "texture": "#ebony-h", "uv": [ 1.0, 15.0, 1.5, 16.0 ] },
						"south": { "texture": "#ebony-h", "uv": [ 0.0, 8.0, 7.5, 9.0 ] },
						"up": { "texture": "#ebony-h", "uv": [ 0.0, 8.0, 7.5, 8.5 ] },
						"down": { "texture": "#ebony-h", "uv": [ 0.0, 8.0, 7.5, 8.5 ] }
					}
				},
				{
					"name": "Cube22",
					"from": [ 10.97, -0.1, 9.4 ],
					"to": [ 16.5, 0.9, 10.43 ],
					"rotationOrigin": [ 11.0, -0.1, 9.8 ],
					"rotationX": -4.0,
					"rotationY": 2.0,
					"faces": {
						"north": { "texture": "#ebony-h", "uv": [ 0.0, 10.0, 5.5, 11.0 ] },
						"east": { "texture": "#ebony-h", "uv": [ 0.5, 15.0, 1.5, 16.0 ] },
						"south": { "texture": "#ebony-h", "uv": [ 0.0, 10.0, 5.5, 11.0 ] },
						"up": { "texture": "#ebony-h", "uv": [ 0.0, 10.0, 5.5, 11.0 ] },
						"down": { "texture": "#ebony-h", "uv": [ 0.0, 10.0, 5.5, 11.0 ] }
					}
				},
				{
					"name": "Cube23",
					"from": [ 13.0, -0.05, 11.15 ],
					"to": [ 17.0, 0.95, 12.15 ],
					"rotationOrigin": [ 13.0, -0.1, 11.1 ],
					"rotationX": 3.0,
					"rotationY": -3.0,
					"faces": {
						"north": { "texture": "#ebony-h", "uv": [ 0.0, 12.0, 4.0, 13.0 ] },
						"east": { "texture": "#ebony-h", "uv": [ 0.0, 14.5, 1.0, 15.5 ] },
						"south": { "texture": "#ebony-h", "uv": [ 0.0, 12.0, 4.0, 13.0 ] },
						"up": { "texture": "#ebony-h", "uv": [ 0.0, 12.0, 4.0, 13.0 ] },
						"down": { "texture": "#ebony-h", "uv": [ 0.0, 12.0, 4.0, 13.0 ] }
					}
				},
				{
					"name": "Cube24",
					"from": [ 11.95, 0.0, 14.1 ],
					"to": [ 16.4, 1.0, 15.1 ],
					"rotationOrigin": [ 12.0, 0.0, 14.1 ],
					"rotationX": 3.0,
					"rotationY": 1.0,
					"faces": {
						"north": { "texture": "#ebony-h", "uv": [ 0.0, 0.0, 4.0, 1.0 ] },
						"east": { "texture": "#ebony-h", "uv": [ 0.0, 14.5, 1.0, 15.5 ] },
						"south": { "texture": "#ebony-h", "uv": [ 0.0, 0.0, 4.0, 1.0 ] },
						"west": { "texture": "#ebony-h", "uv": [ 0.0, 0.0, 1.0, 1.0 ] },
						"up": { "texture": "#ebony-h", "uv": [ 1.5, 0.0, 5.5, 1.0 ] },
						"down": { "texture": "#ebony-h", "uv": [ 0.0, 0.0, 4.0, 1.0 ] }
					}
				},
				{
					"name": "Cube26",
					"from": [ -0.5, 0.0, 12.8 ],
					"to": [ 6.0, 0.67, 13.4 ],
					"rotationOrigin": [ -0.5, 0.0, 12.7 ],
					"rotationX": -1.0,
					"rotationY": 2.0,
					"faces": {
						"north": { "texture": "#ebony-h", "uv": [ 0.0, 12.0, 6.5, 12.5 ] },
						"south": { "texture": "#ebony-h", "uv": [ 0.0, 12.0, 6.5, 12.5 ] },
						"west": { "texture": "#ebony-h", "uv": [ 0.5, 15.0, 1.0, 15.5 ] },
						"up": { "texture": "#ebony-h", "uv": [ 0.0, 12.0, 6.5, 12.5 ] },
						"down": { "texture": "#ebony-h", "uv": [ 0.0, 12.0, 6.5, 12.5 ] }
					}
				},
				{
					"name": "Cube27",
					"from": [ 5.9, 0.0, 12.54 ],
					"to": [ 12.4, 0.67, 13.14 ],
					"rotationOrigin": [ 5.7, 0.0, 12.7 ],
					"rotationX": 3.0,
					"rotationY": -2.0,
					"faces": {
						"north": { "texture": "#ebony-h", "uv": [ 0.0, 12.0, 6.5, 12.5 ] },
						"south": { "texture": "#ebony-h", "uv": [ 0.0, 12.0, 6.5, 12.5 ] },
						"up": { "texture": "#ebony-h", "uv": [ 0.0, 12.0, 6.5, 12.5 ] },
						"down": { "texture": "#ebony-h", "uv": [ 0.0, 12.0, 6.5, 12.5 ] }
					}
				},
				{
					"name": "Cube28",
					"from": [ 12.32, 0.0, 12.8 ],
					"to": [ 17.32, 0.67, 13.4 ],
					"rotationOrigin": [ 12.2, 0.0, 12.9 ],
					"rotationX": 3.0,
					"rotationY": 2.0,
					"faces": {
						"north": { "texture": "#ebony-h", "uv": [ 0.0, 12.0, 5.0, 12.5 ] },
						"east": { "texture": "#ebony-h", "uv": [ 0.0, 14.5, 0.5, 15.0 ] },
						"south": { "texture": "#ebony-h", "uv": [ 0.0, 12.0, 5.0, 12.5 ] },
						"up": { "texture": "#ebony-h", "uv": [ 0.0, 12.0, 5.0, 12.5 ] },
						"down": { "texture": "#ebony-h", "uv": [ 0.0, 12.0, 5.0, 12.5 ] }
					}
				}
			]
		}
	]}