[
  {
    "op": "add",
    "path": "/editor/collapsedPaths",
    "value": "Root/Handle/Guard1,Root/Handle/Guard1/Empty1,Root/Handle/Guard1/Empty1/Guard2",
    "file": "game:shapes/item/tool/blade/forlorn.json"
  },
  {
    "op": "replace",
    "path": "/editor/entityTextureMode",
    "value": false,
    "file": "game:shapes/item/tool/blade/forlorn.json"
  },
  {
    "op": "remove",
    "path": "/elements/0/uv",
    "file": "game:shapes/item/tool/blade/forlorn.json"
  },
  {
    "op": "replace",
    "path": "/elements/0/children",
    "value": [
      {
        "name": "Grip",
        "from": [
          0.5,
          -0.1,
          -0.1
        ],
        "to": [
          4.0,
          1.1,
          1.1
        ],
        "faces": {
          "north": {
            "texture": "#forlornweapons",
            "uv": [
              3.0,
              22.5,
              6.5,
              23.5
            ]
          },
          "east": {
            "texture": "#forlornweapons",
            "uv": [
              0.0,
              27.5,
              1.0,
              28.5
            ]
          },
          "south": {
            "texture": "#forlornweapons",
            "uv": [
              3.0,
              24.5,
              6.5,
              25.5
            ]
          },
          "west": {
            "texture": "#forlornweapons",
            "uv": [
              0.0,
              27.5,
              1.0,
              28.5
            ]
          },
          "up": {
            "texture": "#forlornweapons",
            "uv": [
              3.0,
              23.5,
              6.5,
              24.5
            ]
          },
          "down": {
            "texture": "#forlornweapons",
            "uv": [
              3.0,
              25.5,
              6.5,
              26.5
            ]
          }
        }
      },
      {
        "name": "PommelGem",
        "from": [
          -1.25,
          0.0,
          0.0
        ],
        "to": [
          -1.0,
          1.0,
          1.0
        ],
        "rotationOrigin": [
          -1.0,
          0.0,
          0.0
        ],
        "faces": {
          "north": {
            "texture": "#forlornweapons",
            "uv": [
              7.0,
              26.5,
              7.5,
              27.5
            ]
          },
          "south": {
            "texture": "#forlornweapons",
            "uv": [
              8.5,
              26.5,
              9.0,
              27.5
            ]
          },
          "west": {
            "texture": "#forlornweapons",
            "uv": [
              7.5,
              26.5,
              8.5,
              27.5
            ]
          },
          "up": {
            "texture": "#forlornweapons",
            "uv": [
              7.5,
              26.0,
              8.5,
              26.5
            ],
            "rotation": 90
          },
          "down": {
            "texture": "#forlornweapons",
            "uv": [
              7.5,
              27.5,
              8.5,
              28.0
            ],
            "rotation": 90
          }
        }
      },
      {
        "name": "Pommel",
        "from": [
          -1.0,
          -0.1,
          -0.1
        ],
        "to": [
          0.0,
          1.1,
          1.1
        ],
        "rotationOrigin": [
          -1.0,
          0.0,
          0.0
        ],
        "faces": {
          "north": {
            "texture": "#forlornweapons",
            "uv": [
              18.5,
              23.5,
              19.5,
              24.5
            ],
            "rotation": 270
          },
          "east": {
            "texture": "#forlornweapons",
            "uv": [
              24.5,
              23.0,
              25.5,
              24.0
            ]
          },
          "south": {
            "texture": "#forlornweapons",
            "uv": [
              25.0,
              23.5,
              26.0,
              24.5
            ],
            "rotation": 90
          },
          "west": {
            "texture": "#forlornweapons",
            "uv": [
              10.0,
              24.5,
              11.0,
              25.5
            ]
          },
          "up": {
            "texture": "#forlornweapons",
            "uv": [
              19.5,
              23.5,
              20.5,
              24.5
            ],
            "rotation": 90
          },
          "down": {
            "texture": "#forlornweapons",
            "uv": [
              22.0,
              22.5,
              23.0,
              23.5
            ],
            "rotation": 90
          }
        }
      },
      {
        "name": "Guard1",
        "from": [
          4.5,
          -0.25,
          -0.25
        ],
        "to": [
          5.0,
          1.25,
          1.25
        ],
        "rotationOrigin": [
          4.0,
          0.0,
          0.0
        ],
        "faces": {
          "north": {
            "texture": "#forlornweapons",
            "uv": [
              29.0,
              24.5,
              29.5,
              26.0
            ]
          },
          "east": {
            "texture": "#forlornweapons",
            "uv": [
              27.0,
              23.0,
              28.5,
              24.5
            ]
          },
          "south": {
            "texture": "#forlornweapons",
            "uv": [
              30.5,
              24.5,
              31.0,
              26.0
            ]
          },
          "west": {
            "texture": "#forlornweapons",
            "uv": [
              27.0,
              23.0,
              28.5,
              24.5
            ]
          },
          "up": {
            "texture": "#forlornweapons",
            "uv": [
              29.0,
              25.5,
              30.5,
              26.0
            ],
            "rotation": 90
          },
          "down": {
            "texture": "#forlornweapons",
            "uv": [
              29.0,
              24.0,
              30.5,
              24.5
            ],
            "rotation": 90
          }
        },
        "children": [
          {
            "name": "Empty1",
            "from": [
              0.0,
              0.75,
              0.75
            ],
            "to": [
              0.0,
              0.75,
              0.75
            ],
            "rotationOrigin": [
              0.5,
              0.75,
              0.75
            ],
            "faces": {},
            "children": [
              {
                "name": "Guard2",
                "from": [
                  0.02,
                  -0.25,
                  0.0
                ],
                "to": [
                  0.52,
                  0.25,
                  2.5
                ],
                "rotationOrigin": [
                  0.0,
                  0.0,
                  0.0
                ],
                "rotationX": 11.25,
                "faces": {
                  "east": {
                    "texture": "#forlornweapons",
                    "uv": [
                      0.5,
                      29.0,
                      3.0,
                      29.5
                    ]
                  },
                  "west": {
                    "texture": "#forlornweapons",
                    "uv": [
                      4.0,
                      29.0,
                      6.5,
                      29.5
                    ]
                  },
                  "up": {
                    "texture": "#forlornweapons",
                    "uv": [
                      7.0,
                      29.0,
                      9.5,
                      29.5
                    ],
                    "rotation": 90
                  },
                  "down": {
                    "texture": "#forlornweapons",
                    "uv": [
                      10.0,
                      29.0,
                      12.5,
                      29.5
                    ],
                    "rotation": 90
                  }
                },
                "children": [
                  {
                    "name": "Guard3",
                    "from": [
                      -0.01,
                      0.0,
                      2.5
                    ],
                    "to": [
                      0.49,
                      0.5,
                      3.5
                    ],
                    "rotationOrigin": [
                      0.0,
                      0.0,
                      2.5
                    ],
                    "rotationX": -22.5,
                    "faces": {
                      "east": {
                        "texture": "#forlornweapons",
                        "uv": [
                          8.0,
                          23.0,
                          9.0,
                          23.5
                        ]
                      },
                      "south": {
                        "texture": "#forlornweapons",
                        "uv": [
                          8.5,
                          23.0,
                          9.0,
                          23.5
                        ]
                      },
                      "west": {
                        "texture": "#forlornweapons",
                        "uv": [
                          8.0,
                          24.0,
                          9.0,
                          24.5
                        ]
                      },
                      "up": {
                        "texture": "#forlornweapons",
                        "uv": [
                          10.0,
                          23.0,
                          10.5,
                          24.0
                        ]
                      },
                      "down": {
                        "texture": "#forlornweapons",
                        "uv": [
                          10.5,
                          23.0,
                          11.0,
                          24.0
                        ],
                        "windMode": [
                          -1,
                          -1,
                          -1,
                          -1
                        ]
                      }
                    },
                    "children": [
                      {
                        "name": "Guard4",
                        "from": [
                          -0.3,
                          -0.05,
                          0.45
                        ],
                        "to": [
                          0.0,
                          0.55,
                          1.05
                        ],
                        "rotationOrigin": [
                          0.0,
                          0.25,
                          0.75
                        ],
                        "faces": {
                          "north": {
                            "texture": "#forlornweapons",
                            "uv": [
                              0.0,
                              20.5,
                              0.5,
                              21.0
                            ]
                          },
                          "east": {
                            "texture": "#forlornweapons",
                            "uv": [
                              0.5,
                              21.0,
                              1.0,
                              21.5
                            ]
                          },
                          "south": {
                            "texture": "#forlornweapons",
                            "uv": [
                              1.0,
                              20.5,
                              1.5,
                              21.0
                            ]
                          },
                          "west": {
                            "texture": "#forlornweapons",
                            "uv": [
                              0.5,
                              21.0,
                              1.0,
                              21.5
                            ]
                          },
                          "up": {
                            "texture": "#forlornweapons",
                            "uv": [
                              0.5,
                              20.5,
                              1.0,
                              21.0
                            ]
                          },
                          "down": {
                            "texture": "#forlornweapons",
                            "uv": [
                              2.0,
                              20.5,
                              2.5,
                              21.0
                            ]
                          }
                        }
                      }
                    ]
                  }
                ]
              },
              {
                "name": "Guard5",
                "from": [
                  0.02,
                  -0.25,
                  0.0
                ],
                "to": [
                  0.52,
                  0.25,
                  2.5
                ],
                "rotationOrigin": [
                  0.0,
                  0.0,
                  0.0
                ],
                "rotationX": -168.75,
                "faces": {
                  "east": {
                    "texture": "#forlornweapons",
                    "uv": [
                      0.5,
                      29.0,
                      3.0,
                      29.5
                    ]
                  },
                  "west": {
                    "texture": "#forlornweapons",
                    "uv": [
                      4.0,
                      29.0,
                      6.5,
                      29.5
                    ]
                  },
                  "up": {
                    "texture": "#forlornweapons",
                    "uv": [
                      7.0,
                      29.0,
                      9.5,
                      29.5
                    ],
                    "rotation": 90
                  },
                  "down": {
                    "texture": "#forlornweapons",
                    "uv": [
                      10.0,
                      29.0,
                      12.5,
                      29.5
                    ],
                    "rotation": 90
                  }
                },
                "children": [
                  {
                    "name": "Guard6",
                    "from": [
                      -0.01,
                      0.0,
                      2.5
                    ],
                    "to": [
                      0.49,
                      0.5,
                      3.5
                    ],
                    "rotationOrigin": [
                      0.0,
                      0.0,
                      2.5
                    ],
                    "rotationX": -22.5,
                    "faces": {
                      "east": {
                        "texture": "#forlornweapons",
                        "uv": [
                          8.0,
                          23.0,
                          9.0,
                          23.5
                        ]
                      },
                      "south": {
                        "texture": "#forlornweapons",
                        "uv": [
                          8.5,
                          23.0,
                          9.0,
                          23.5
                        ]
                      },
                      "west": {
                        "texture": "#forlornweapons",
                        "uv": [
                          8.0,
                          24.0,
                          9.0,
                          24.5
                        ]
                      },
                      "up": {
                        "texture": "#forlornweapons",
                        "uv": [
                          10.0,
                          23.0,
                          10.5,
                          24.0
                        ]
                      },
                      "down": {
                        "texture": "#forlornweapons",
                        "uv": [
                          10.5,
                          23.0,
                          11.0,
                          24.0
                        ],
                        "windMode": [
                          -1,
                          -1,
                          -1,
                          -1
                        ]
                      }
                    },
                    "children": [
                      {
                        "name": "Guard7",
                        "from": [
                          0.5,
                          -0.05,
                          0.45
                        ],
                        "to": [
                          0.8,
                          0.55,
                          1.05
                        ],
                        "rotationOrigin": [
                          0.0,
                          0.25,
                          0.75
                        ],
                        "faces": {
                          "north": {
                            "texture": "#forlornweapons",
                            "uv": [
                              0.0,
                              20.5,
                              0.5,
                              21.0
                            ]
                          },
                          "east": {
                            "texture": "#forlornweapons",
                            "uv": [
                              0.5,
                              21.0,
                              1.0,
                              21.5
                            ]
                          },
                          "south": {
                            "texture": "#forlornweapons",
                            "uv": [
                              1.0,
                              20.5,
                              1.5,
                              21.0
                            ]
                          },
                          "west": {
                            "texture": "#forlornweapons",
                            "uv": [
                              0.5,
                              21.0,
                              1.0,
                              21.5
                            ]
                          },
                          "up": {
                            "texture": "#forlornweapons",
                            "uv": [
                              0.5,
                              20.5,
                              1.0,
                              21.0
                            ]
                          },
                          "down": {
                            "texture": "#forlornweapons",
                            "uv": [
                              2.0,
                              20.5,
                              2.5,
                              21.0
                            ]
                          }
                        }
                      }
                    ]
                  }
                ]
              }
            ]
          },
          {
            "name": "Blade1",
            "from": [
              0.5,
              0.65,
              0.5
            ],
            "to": [
              23.5,
              0.85,
              1.0
            ],
            "faces": {
              "north": {
                "texture": "#forlornweapons",
                "uv": [
                  0.0,
                  20.5,
                  23.0,
                  21.0
                ]
              },
              "south": {
                "texture": "#forlornweapons",
                "uv": [
                  0.0,
                  21.5,
                  23.0,
                  22.0
                ]
              },
              "up": {
                "texture": "#forlornweapons",
                "uv": [
                  0.0,
                  21.0,
                  23.0,
                  21.5
                ]
              },
              "down": {
                "texture": "#forlornweapons",
                "uv": [
                  0.0,
                  22.0,
                  23.0,
                  22.5
                ]
              }
            },
            "children": [
              {
                "name": "Tip",
                "from": [
                  23.0,
                  -0.001,
                  0.0
                ],
                "to": [
                  23.355,
                  0.199,
                  0.355
                ],
                "rotationOrigin": [
                  23.0,
                  0.0,
                  0.0
                ],
                "rotationY": -45.0,
                "faces": {
                  "north": {
                    "texture": "#forlornweapons",
                    "uv": [
                      31.5,
                      20.5,
                      32.0,
                      21.0
                    ]
                  },
                  "east": {
                    "texture": "#forlornweapons",
                    "uv": [
                      31.0,
                      20.5,
                      31.5,
                      21.0
                    ]
                  },
                  "up": {
                    "texture": "#forlornweapons",
                    "uv": [
                      22.5,
                      21.0,
                      23.0,
                      21.5
                    ]
                  },
                  "down": {
                    "texture": "#forlornweapons",
                    "uv": [
                      0.0,
                      22.0,
                      0.5,
                      22.5
                    ]
                  }
                }
              },
              {
                "name": "Edge1",
                "from": [
                  0.0,
                  0.05,
                  0.0
                ],
                "to": [
                  23.0,
                  0.15,
                  0.5
                ],
                "rotationOrigin": [
                  23.0,
                  0.1,
                  0.0
                ],
                "rotationY": -1.25,
                "faces": {
                  "north": {
                    "texture": "#forlornweapons",
                    "uv": [
                      9.0,
                      21.0,
                      32.0,
                      21.5
                    ]
                  },
                  "up": {
                    "texture": "#forlornweapons",
                    "uv": [
                      9.0,
                      20.5,
                      32.0,
                      21.0
                    ]
                  },
                  "down": {
                    "texture": "#forlornweapons",
                    "uv": [
                      9.0,
                      21.5,
                      32.0,
                      22.0
                    ]
                  }
                }
              },
              {
                "name": "Empty2",
                "from": [
                  0.0,
                  0.0,
                  0.0
                ],
                "to": [
                  0.0,
                  0.0,
                  0.0
                ],
                "rotationOrigin": [
                  0.0,
                  0.1,
                  0.25
                ],
                "rotationX": -180.0,
                "faces": {},
                "children": [
                  {
                    "name": "Edge2",
                    "from": [
                      0.0,
                      0.05,
                      0.0
                    ],
                    "to": [
                      23.0,
                      0.15,
                      0.5
                    ],
                    "rotationOrigin": [
                      23.0,
                      0.1,
                      0.0
                    ],
                    "rotationY": -1.25,
                    "faces": {
                      "north": {
                        "texture": "#forlornweapons",
                        "uv": [
                          9.0,
                          21.0,
                          32.0,
                          21.5
                        ]
                      },
                      "up": {
                        "texture": "#forlornweapons",
                        "uv": [
                          9.0,
                          20.5,
                          32.0,
                          21.0
                        ]
                      },
                      "down": {
                        "texture": "#forlornweapons",
                        "uv": [
                          9.0,
                          21.5,
                          32.0,
                          22.0
                        ]
                      }
                    }
                  }
                ]
              }
            ]
          }
        ]
      }
    ],
    "file": "game:shapes/item/tool/blade/forlorn.json"
  },
  {
    "op": "remove",
    "path": "/elements/0/faces/east",
    "file": "game:shapes/item/tool/blade/forlorn.json"
  },
  {
    "op": "remove",
    "path": "/elements/0/faces/west",
    "file": "game:shapes/item/tool/blade/forlorn.json"
  },
  {
    "op": "remove",
    "path": "/elements/0/faces/down/enabled",
    "file": "game:shapes/item/tool/blade/forlorn.json"
  },
  {
    "op": "replace",
    "path": "/elements/0/faces/down/texture",
    "value": "#forlornweapons",
    "file": "game:shapes/item/tool/blade/forlorn.json"
  },
  {
    "op": "replace",
    "path": "/elements/0/faces/down/uv/0",
    "value": 18.5,
    "file": "game:shapes/item/tool/blade/forlorn.json"
  },
  {
    "op": "replace",
    "path": "/elements/0/faces/down/uv/1",
    "value": 24.5,
    "file": "game:shapes/item/tool/blade/forlorn.json"
  },
  {
    "op": "replace",
    "path": "/elements/0/faces/down/uv/2",
    "value": 23.0,
    "file": "game:shapes/item/tool/blade/forlorn.json"
  },
  {
    "op": "replace",
    "path": "/elements/0/faces/down/uv/3",
    "value": 25.5,
    "file": "game:shapes/item/tool/blade/forlorn.json"
  },
  {
    "op": "remove",
    "path": "/elements/0/faces/north/enabled",
    "file": "game:shapes/item/tool/blade/forlorn.json"
  },
  {
    "op": "replace",
    "path": "/elements/0/faces/north/texture",
    "value": "#forlornweapons",
    "file": "game:shapes/item/tool/blade/forlorn.json"
  },
  {
    "op": "replace",
    "path": "/elements/0/faces/north/uv/0",
    "value": 18.5,
    "file": "game:shapes/item/tool/blade/forlorn.json"
  },
  {
    "op": "replace",
    "path": "/elements/0/faces/north/uv/1",
    "value": 25.5,
    "file": "game:shapes/item/tool/blade/forlorn.json"
  },
  {
    "op": "replace",
    "path": "/elements/0/faces/north/uv/2",
    "value": 23.0,
    "file": "game:shapes/item/tool/blade/forlorn.json"
  },
  {
    "op": "replace",
    "path": "/elements/0/faces/north/uv/3",
    "value": 26.5,
    "file": "game:shapes/item/tool/blade/forlorn.json"
  },
  {
    "op": "remove",
    "path": "/elements/0/faces/south/enabled",
    "file": "game:shapes/item/tool/blade/forlorn.json"
  },
  {
    "op": "replace",
    "path": "/elements/0/faces/south/texture",
    "value": "#forlornweapons",
    "file": "game:shapes/item/tool/blade/forlorn.json"
  },
  {
    "op": "replace",
    "path": "/elements/0/faces/south/uv/0",
    "value": 18.5,
    "file": "game:shapes/item/tool/blade/forlorn.json"
  },
  {
    "op": "replace",
    "path": "/elements/0/faces/south/uv/1",
    "value": 27.5,
    "file": "game:shapes/item/tool/blade/forlorn.json"
  },
  {
    "op": "replace",
    "path": "/elements/0/faces/south/uv/2",
    "value": 23.0,
    "file": "game:shapes/item/tool/blade/forlorn.json"
  },
  {
    "op": "replace",
    "path": "/elements/0/faces/south/uv/3",
    "value": 28.5,
    "file": "game:shapes/item/tool/blade/forlorn.json"
  },
  {
    "op": "remove",
    "path": "/elements/0/faces/up/enabled",
    "file": "game:shapes/item/tool/blade/forlorn.json"
  },
  {
    "op": "replace",
    "path": "/elements/0/faces/up/texture",
    "value": "#forlornweapons",
    "file": "game:shapes/item/tool/blade/forlorn.json"
  },
  {
    "op": "replace",
    "path": "/elements/0/faces/up/uv/0",
    "value": 18.5,
    "file": "game:shapes/item/tool/blade/forlorn.json"
  },
  {
    "op": "replace",
    "path": "/elements/0/faces/up/uv/1",
    "value": 26.5,
    "file": "game:shapes/item/tool/blade/forlorn.json"
  },
  {
    "op": "replace",
    "path": "/elements/0/faces/up/uv/2",
    "value": 23.0,
    "file": "game:shapes/item/tool/blade/forlorn.json"
  },
  {
    "op": "replace",
    "path": "/elements/0/faces/up/uv/3",
    "value": 27.5,
    "file": "game:shapes/item/tool/blade/forlorn.json"
  },
  {
    "op": "replace",
    "path": "/elements/0/from/0",
    "value": -1.0,
    "file": "game:shapes/item/tool/blade/forlorn.json"
  },
  {
    "op": "replace",
    "path": "/elements/0/from/1",
    "value": -0.5,
    "file": "game:shapes/item/tool/blade/forlorn.json"
  },
  {
    "op": "replace",
    "path": "/elements/0/from/2",
    "value": 7.5,
    "file": "game:shapes/item/tool/blade/forlorn.json"
  },
  {
    "op": "replace",
    "path": "/elements/0/name",
    "value": "Handle",
    "file": "game:shapes/item/tool/blade/forlorn.json"
  },
  {
    "op": "replace",
    "path": "/elements/0/rotationOrigin/0",
    "value": 0.0,
    "file": "game:shapes/item/tool/blade/forlorn.json"
  },
  {
    "op": "replace",
    "path": "/elements/0/to/0",
    "value": 3.5,
    "file": "game:shapes/item/tool/blade/forlorn.json"
  },
  {
    "op": "replace",
    "path": "/elements/0/to/1",
    "value": 0.5,
    "file": "game:shapes/item/tool/blade/forlorn.json"
  },
  {
    "op": "replace",
    "path": "/elements/0/to/2",
    "value": 8.5,
    "file": "game:shapes/item/tool/blade/forlorn.json"
  },
  {
    "op": "replace",
    "path": "/textureHeight",
    "value": 32,
    "file": "game:shapes/item/tool/blade/forlorn.json"
  },
  {
    "op": "remove",
    "path": "/textures/swordforlorn",
    "file": "game:shapes/item/tool/blade/forlorn.json"
  },
  {
    "op": "add",
    "path": "/textures/forlornweapons",
    "value": "forlornadditions:forlornweapons",
    "file": "game:shapes/item/tool/blade/forlorn.json"
  },
  {
    "op": "add",
    "path": "/textureSizes/forlornweapons",
    "value": [
      32,
      32
    ],
    "file": "game:shapes/item/tool/blade/forlorn.json"
  },
  {
    "op": "replace",
    "path": "/textureWidth",
    "value": 32,
    "file": "game:shapes/item/tool/blade/forlorn.json"
  }
]