[
  {
    "op": "replace",
    "path": "/attributes/groundStorageTransformByType/blade-forlorn-iron/translation/y",
    "value": 0.64,
    "file": "game:itemtypes/tool/blade.json",
    "side": "Server"
  },
  {
    "op": "replace",
    "path": "/attributes/groundStorageTransformByType/blade-forlorn-iron/translation/z",
    "value": -0.15,
    "file": "game:itemtypes/tool/blade.json",
    "side": "Server"
  },
  {
    "op": "replace",
    "path": "/attributes/toolrackTransformByType/blade-forlorn-iron/scale",
    "value": 1.5,
    "file": "game:itemtypes/tool/blade.json",
    "side": "Server"
  },
  {
    "op": "replace",
    "path": "/attributes/toolrackTransformByType/blade-forlorn-iron/translation/x",
    "value": -0.21,
    "file": "game:itemtypes/tool/blade.json",
    "side": "Server"
  },
  {
    "op": "replace",
    "path": "/attributes/toolrackTransformByType/blade-forlorn-iron/translation/y",
    "value": 0.8,
    "file": "game:itemtypes/tool/blade.json",
    "side": "Server"
  },
  {
    "op": "add",
    "path": "/groundTransformByType/blade-forlorn-iron",
    "value": {
      "translation": {
        "x": 0,
        "y": 0.02,
        "z": 0
      },
      "rotation": {
        "x": -10,
        "y": 0,
        "z": 0
      },
      "origin": {
        "x": 0.5,
        "y": 0,
        "z": 0.5
      },
      "scale": 4
    },
    "file": "game:itemtypes/tool/blade.json",
    "side": "Server"
  },
  {
    "op": "replace",
    "path": "/tpHandTransformByType/blade-forlorn-iron/scale",
    "value": 0.9,
    "file": "game:itemtypes/tool/blade.json",
    "side": "Server"
  },
  {
    "op": "replace",
    "path": "/tpHandTransformByType/blade-forlorn-iron/translation/x",
    "value": -1,
    "file": "game:itemtypes/tool/blade.json",
    "side": "Server"
  },
  {
    "op": "replace",
    "path": "/tpHandTransformByType/blade-forlorn-iron/translation/y",
    "value": -0.025,
    "file": "game:itemtypes/tool/blade.json",
    "side": "Server"
  },
  {
    "op": "replace",
    "path": "/tpHandTransformByType/blade-forlorn-iron/translation/z",
    "value": -0.56,
    "file": "game:itemtypes/tool/blade.json",
    "side": "Server"
  }
]