{
	"editor": {
		"backDropShape": "D:/Hry/Vintagestory121/assets/game/shapes/entity/humanoid/seraph-hairless",
		"collapsedPaths": "Root/ArmorLowerLegL/LineDownBackL,Root/LineDownBackR",
		"allAngles": true,
		"entityTextureMode": true
	},
	"textureWidth": 64,
	"textureHeight": 64,
	"textureSizes": {
	},
	"textures": {
			"gothiclegs": "fagothic:armor/entity/gothic_steel",
			"line": "fagothic:block/lines/linered"
	},
	"elements": [
		{
			"name": "ArmorUpperLegR",
			"stepParentName": "UpperFootR",
			"from": [ -0.49, -0.5, -0.1 ],
			"to": [ 4.31, 9.5, 3.7 ],
			"autoUnwrap": false,
			"uv": [ 17.5, 40.5 ],
			"rotationOrigin": [ -0.5, -0.5, -0.1 ],
			"faces": {
				"north": { "texture": "#gothiclegs", "uv": [ 16.0, 40.0, 20.5, 50.0 ] },
				"east": { "texture": "#gothiclegs", "uv": [ 20.5, 40.0, 24.0, 50.0 ] },
				"south": { "texture": "#gothiclegs", "uv": [ 24.0, 40.0, 28.5, 50.0 ] },
				"west": { "texture": "#gothiclegs", "uv": [ 28.5, 40.0, 32.0, 50.0 ] },
				"up": { "texture": "#gothiclegs", "uv": [ 32.0, 4.0, 36.5, 7.5 ] },
				"down": { "texture": "#gothiclegs", "uv": [ 36.5, 4.0, 41.0, 7.5 ] }
			}
		},
		{
			"name": "ArmorUpperLegL",
			"stepParentName": "UpperFootL",
			"from": [ -0.49, -0.5, -0.5 ],
			"to": [ 4.31, 9.5, 3.3 ],
			"autoUnwrap": false,
			"uv": [ 0.0, 40.0 ],
			"rotationOrigin": [ -0.5, -0.5, -0.5 ],
			"faces": {
				"north": { "texture": "#gothiclegs", "uv": [ 0.0, 40.0, 4.5, 50.0 ] },
				"east": { "texture": "#gothiclegs", "uv": [ 4.5, 40.0, 8.0, 50.0 ] },
				"south": { "texture": "#gothiclegs", "uv": [ 8.0, 40.0, 12.5, 50.0 ] },
				"west": { "texture": "#gothiclegs", "uv": [ 12.5, 40.0, 16.0, 50.0 ] },
				"up": { "texture": "#gothiclegs", "uv": [ 32.0, 0.5, 36.5, 4.0 ] },
				"down": { "texture": "#gothiclegs", "uv": [ 36.5, 0.5, 41.0, 4.0 ] }
			}
		},
		{
			"name": "ArmorLowerLegR",
			"stepParentName": "LowerFootR",
			"from": [ -0.45, -0.2, -0.25 ],
			"to": [ 4.25, 9.3, 3.25 ],
			"uv": [ 16.0, 51.0 ],
			"rotationOrigin": [ -0.45, -0.2, -0.25 ],
			"faces": {
				"north": { "texture": "#gothiclegs", "uv": [ 16.0, 54.5, 20.5, 64.0 ] },
				"east": { "texture": "#gothiclegs", "uv": [ 20.5, 54.5, 24.0, 64.0 ] },
				"south": { "texture": "#gothiclegs", "uv": [ 24.0, 54.5, 28.5, 64.0 ] },
				"west": { "texture": "#gothiclegs", "uv": [ 28.5, 54.5, 32.0, 64.0 ] },
				"up": { "texture": "#gothiclegs", "uv": [ 16.0, 51.0, 20.5, 54.5 ] },
				"down": { "texture": "#gothiclegs", "uv": [ 20.5, 51.0, 25.0, 54.5 ] }
			},
			"children": [
				{
					"name": "ArmorKneeR",
					"from": [ -0.5, 8.5, -0.3 ],
					"to": [ 1.7, 11.8, 3.7 ],
					"unwrapMode": 4,
					"uv": [ 32.0, 57.0 ],
					"rotationOrigin": [ -0.5, 8.5, -0.3 ],
					"faces": {
						"north": { "texture": "#gothiclegs", "uv": [ 32.0, 59.0, 34.0, 62.0 ] },
						"east": { "texture": "#gothiclegs", "uv": [ 40.0, 59.0, 44.0, 62.0 ] },
						"south": { "texture": "#gothiclegs", "uv": [ 38.0, 59.0, 40.0, 62.0 ] },
						"west": { "texture": "#gothiclegs", "uv": [ 34.0, 59.0, 38.0, 62.0 ] },
						"up": { "texture": "#gothiclegs", "uv": [ 34.0, 57.0, 38.0, 59.0 ], "rotation": 90 },
						"down": { "texture": "#gothiclegs", "uv": [ 34.0, 62.0, 38.0, 64.0 ], "rotation": 90 }
					},
					"children": [
						{
							"name": "ArmorKneeUpR",
							"from": [ 0.2, 1.4, 0.2 ],
							"to": [ 5.3, 2.8, 3.8 ],
							"unwrapMode": 4,
							"autoUnwrap": false,
							"uv": [ 33.5, 32.5 ],
							"rotationOrigin": [ 0.2, 1.4, 0.2 ],
							"rotationZ": -4.0,
							"faces": {
								"north": { "texture": "#gothiclegs", "uv": [ 39.0, 49.0, 44.0, 50.0 ] },
								"east": { "texture": "#gothiclegs", "uv": [ 32.0, 49.0, 35.5, 50.0 ] },
								"south": { "texture": "#gothiclegs", "uv": [ 35.0, 49.0, 40.0, 50.0 ] },
								"west": { "texture": "#gothiclegs", "uv": [ 44.5, 49.0, 48.0, 50.0 ] },
								"up": { "texture": "#gothiclegs", "uv": [ 32.0, 0.5, 35.5, 5.5 ], "rotation": 90 },
								"down": { "texture": "#gothiclegs", "uv": [ 32.0, 0.5, 35.5, 5.5 ], "rotation": 90 }
							}
						},
						{
							"name": "ArmorKneeDownR",
							"from": [ 0.2, -0.1, 0.2 ],
							"to": [ 5.3, 1.3, 3.8 ],
							"unwrapMode": 4,
							"autoUnwrap": false,
							"uv": [ 44.5, 28.5 ],
							"rotationOrigin": [ 0.2, -0.1, 0.2 ],
							"rotationZ": 4.0,
							"faces": {
								"north": { "texture": "#gothiclegs", "uv": [ 32.0, 50.0, 37.0, 51.0 ] },
								"east": { "texture": "#gothiclegs", "uv": [ 44.5, 50.0, 48.0, 51.0 ] },
								"south": { "texture": "#gothiclegs", "uv": [ 41.5, 50.0, 46.5, 51.0 ] },
								"west": { "texture": "#gothiclegs", "uv": [ 37.5, 50.0, 41.0, 51.0 ] },
								"up": { "texture": "#gothiclegs", "uv": [ 32.0, 2.5, 35.5, 7.5 ], "rotation": 90 },
								"down": { "texture": "#gothiclegs", "uv": [ 32.0, 2.5, 35.5, 7.5 ], "rotation": 90 }
							}
						},
						{
							"name": "ArmorKneeFrontR",
							"from": [ 0.0, 0.0, 0.5 ],
							"to": [ 2.0, 2.0, 3.5 ],
							"unwrapMode": 4,
							"uv": [ 44.0, 57.5 ],
							"rotationOrigin": [ 0.0, 0.0, 0.5 ],
							"rotationZ": 45.0,
							"faces": {
								"north": { "texture": "#gothiclegs", "uv": [ 44.0, 59.5, 46.0, 61.5 ] },
								"east": { "texture": "#gothiclegs", "uv": [ 51.0, 59.5, 54.0, 61.5 ] },
								"south": { "texture": "#gothiclegs", "uv": [ 49.0, 59.5, 51.0, 61.5 ] },
								"west": { "texture": "#gothiclegs", "uv": [ 46.0, 59.5, 49.0, 61.5 ] },
								"up": { "texture": "#gothiclegs", "uv": [ 46.0, 57.5, 49.0, 59.5 ], "rotation": 90 },
								"down": { "texture": "#gothiclegs", "uv": [ 46.0, 61.5, 49.0, 63.5 ], "rotation": 90 }
							}
						}
					]
				},
				{
					"name": "FootR",
					"from": [ -0.3, -0.1, -0.2 ],
					"to": [ 4.8, 2.4, 3.7 ],
					"autoUnwrap": false,
					"uv": [ 26.0, 17.0 ],
					"rotationOrigin": [ -0.3, -0.1, -0.2 ],
					"faces": {
						"north": { "texture": "#gothiclegs", "uv": [ 39.0, 36.5, 44.0, 39.0 ] },
						"east": { "texture": "#gothiclegs", "uv": [ 34.5, 40.0, 38.0, 42.5 ] },
						"south": { "texture": "#gothiclegs", "uv": [ 42.0, 36.5, 47.0, 39.0 ] },
						"west": { "texture": "#gothiclegs", "uv": [ 34.5, 40.0, 38.0, 42.5 ] },
						"up": { "texture": "#gothiclegs", "uv": [ 51.5, 16.0, 56.5, 19.5 ] },
						"down": { "texture": "#gothiclegs", "uv": [ 51.5, 16.0, 56.5, 19.5 ] }
					},
					"children": [
						{
							"name": "FootR1",
							"from": [ -1.4, 0.0, 0.7 ],
							"to": [ 0.0, 2.0, 3.2 ],
							"autoUnwrap": false,
							"uv": [ 56.5, 42.0 ],
							"rotationOrigin": [ -1.4, 0.0, 0.7 ],
							"faces": {
								"north": { "texture": "#gothiclegs", "uv": [ 37.0, 42.5, 38.0, 44.5 ] },
								"east": { "texture": "#gothiclegs", "uv": [ 38.0, 42.5, 40.5, 44.5 ] },
								"south": { "texture": "#gothiclegs", "uv": [ 34.5, 42.5, 35.5, 44.5 ] },
								"west": { "texture": "#gothiclegs", "uv": [ 38.0, 42.5, 40.5, 44.5 ] },
								"up": { "texture": "#gothiclegs", "uv": [ 34.5, 42.5, 35.5, 45.0 ] },
								"down": { "texture": "#gothiclegs", "uv": [ 37.0, 42.5, 38.0, 45.0 ] }
							}
						},
						{
							"name": "FootR2",
							"from": [ -2.8, 0.0, 1.3 ],
							"to": [ -1.4, 1.4, 2.6 ],
							"uv": [ 52.0, 51.0 ],
							"rotationOrigin": [ -2.8, 0.0, 1.3 ],
							"faces": {
								"north": { "texture": "#gothiclegs", "uv": [ 52.0, 52.0, 53.0, 53.0 ] },
								"east": { "texture": "#gothiclegs", "uv": [ 53.0, 52.0, 54.0, 53.0 ] },
								"south": { "texture": "#gothiclegs", "uv": [ 54.0, 52.0, 55.0, 53.0 ] },
								"west": { "texture": "#gothiclegs", "uv": [ 55.0, 52.0, 56.0, 53.0 ] },
								"up": { "texture": "#gothiclegs", "uv": [ 52.0, 51.0, 53.0, 52.0 ] },
								"down": { "texture": "#gothiclegs", "uv": [ 53.0, 51.0, 54.0, 52.0 ] }
							}
						}
					]
				}
			]
		},
		{
			"name": "ArmorLowerLegL",
			"stepParentName": "LowerFootL",
			"from": [ -0.5, -0.05, -0.1 ],
			"to": [ 4.2, 9.45, 3.4 ],
			"uv": [ 0.0, 51.0 ],
			"rotationOrigin": [ 5.5212, -0.386, 8.2278 ],
			"rotationX": -0.9971,
			"rotationY": -0.2268,
			"rotationZ": 0.0026,
			"faces": {
				"north": { "texture": "#gothiclegs", "uv": [ 0.0, 54.5, 4.5, 64.0 ] },
				"east": { "texture": "#gothiclegs", "uv": [ 4.5, 54.5, 8.0, 64.0 ] },
				"south": { "texture": "#gothiclegs", "uv": [ 8.0, 54.5, 12.5, 64.0 ] },
				"west": { "texture": "#gothiclegs", "uv": [ 12.5, 54.5, 16.0, 64.0 ] },
				"up": { "texture": "#gothiclegs", "uv": [ 0.0, 51.0, 4.5, 54.5 ] },
				"down": { "texture": "#gothiclegs", "uv": [ 4.5, 51.0, 9.0, 54.5 ] }
			},
			"children": [
				{
					"name": "ArmorKneeL",
					"from": [ -0.5, 8.5, -0.3 ],
					"to": [ 1.7, 11.8, 3.7 ],
					"unwrapMode": 4,
					"uv": [ 32.0, 57.0 ],
					"rotationOrigin": [ -0.5, 8.5, -0.3 ],
					"faces": {
						"north": { "texture": "#gothiclegs", "uv": [ 32.0, 59.0, 34.0, 62.0 ] },
						"east": { "texture": "#gothiclegs", "uv": [ 40.0, 59.0, 44.0, 62.0 ] },
						"south": { "texture": "#gothiclegs", "uv": [ 38.0, 59.0, 40.0, 62.0 ] },
						"west": { "texture": "#gothiclegs", "uv": [ 34.0, 59.0, 38.0, 62.0 ] },
						"up": { "texture": "#gothiclegs", "uv": [ 34.0, 57.0, 38.0, 59.0 ], "rotation": 90 },
						"down": { "texture": "#gothiclegs", "uv": [ 34.0, 62.0, 38.0, 64.0 ], "rotation": 90 }
					},
					"children": [
						{
							"name": "ArmorKneeUpL",
							"from": [ 0.2, 1.4, 0.2 ],
							"to": [ 5.3, 2.8, 3.8 ],
							"unwrapMode": 4,
							"autoUnwrap": false,
							"uv": [ 47.0, 36.5 ],
							"rotationOrigin": [ 0.2, 1.4, 0.2 ],
							"rotationZ": -4.0,
							"faces": {
								"north": { "texture": "#gothiclegs", "uv": [ 32.0, 49.0, 37.0, 50.0 ] },
								"east": { "texture": "#gothiclegs", "uv": [ 44.5, 49.0, 48.0, 50.0 ] },
								"south": { "texture": "#gothiclegs", "uv": [ 41.0, 49.0, 46.0, 50.0 ] },
								"west": { "texture": "#gothiclegs", "uv": [ 37.5, 49.0, 41.0, 50.0 ] },
								"up": { "texture": "#gothiclegs", "uv": [ 37.5, 2.5, 41.0, 7.5 ], "rotation": 90 },
								"down": { "texture": "#gothiclegs", "uv": [ 37.5, 2.5, 41.0, 7.5 ], "rotation": 90 }
							}
						},
						{
							"name": "ArmorKneeDownL",
							"from": [ 0.2, -0.1, 0.2 ],
							"to": [ 5.3, 1.3, 3.8 ],
							"unwrapMode": 4,
							"autoUnwrap": false,
							"uv": [ 30.0, 25.5 ],
							"rotationOrigin": [ 0.2, -0.1, 0.2 ],
							"rotationZ": 4.0,
							"faces": {
								"north": { "texture": "#gothiclegs", "uv": [ 39.5, 50.0, 44.5, 51.0 ] },
								"east": { "texture": "#gothiclegs", "uv": [ 32.0, 50.0, 35.5, 51.0 ] },
								"south": { "texture": "#gothiclegs", "uv": [ 36.0, 50.0, 41.0, 51.0 ] },
								"west": { "texture": "#gothiclegs", "uv": [ 44.5, 50.0, 48.0, 51.0 ] },
								"up": { "texture": "#gothiclegs", "uv": [ 37.5, 0.5, 41.0, 5.5 ], "rotation": 90 },
								"down": { "texture": "#gothiclegs", "uv": [ 37.5, 0.5, 41.0, 5.5 ], "rotation": 90 }
							}
						},
						{
							"name": "ArmorKneeFrontL",
							"from": [ 0.0, 0.0, 0.5 ],
							"to": [ 2.0, 2.0, 3.5 ],
							"unwrapMode": 4,
							"uv": [ 44.5, 57.5 ],
							"rotationOrigin": [ 0.0, 0.0, 0.5 ],
							"rotationZ": 45.0,
							"faces": {
								"north": { "texture": "#gothiclegs", "uv": [ 44.5, 59.5, 46.5, 61.5 ] },
								"east": { "texture": "#gothiclegs", "uv": [ 51.5, 59.5, 54.5, 61.5 ] },
								"south": { "texture": "#gothiclegs", "uv": [ 49.5, 59.5, 51.5, 61.5 ] },
								"west": { "texture": "#gothiclegs", "uv": [ 46.5, 59.5, 49.5, 61.5 ] },
								"up": { "texture": "#gothiclegs", "uv": [ 46.5, 57.5, 49.5, 59.5 ], "rotation": 90 },
								"down": { "texture": "#gothiclegs", "uv": [ 46.5, 61.5, 49.5, 63.5 ], "rotation": 90 }
							}
						}
					]
				},
				{
					"name": "FootL",
					"from": [ -0.3, -0.1, -0.2 ],
					"to": [ 4.8, 2.4, 3.7 ],
					"autoUnwrap": false,
					"uv": [ 46.0, 17.5 ],
					"rotationOrigin": [ -0.3, -0.1, -0.2 ],
					"faces": {
						"north": { "texture": "#gothiclegs", "uv": [ 39.0, 36.5, 44.0, 39.0 ] },
						"east": { "texture": "#gothiclegs", "uv": [ 46.5, 40.0, 50.0, 42.5 ] },
						"south": { "texture": "#gothiclegs", "uv": [ 42.0, 36.5, 47.0, 39.0 ] },
						"west": { "texture": "#gothiclegs", "uv": [ 46.5, 40.0, 50.0, 42.5 ] },
						"up": { "texture": "#gothiclegs", "uv": [ 46.5, 16.0, 51.5, 19.5 ] },
						"down": { "texture": "#gothiclegs", "uv": [ 46.5, 16.0, 51.5, 19.5 ] }
					},
					"children": [
						{
							"name": "FootL1",
							"from": [ -1.4, 0.0, 0.7 ],
							"to": [ 0.0, 2.0, 3.2 ],
							"autoUnwrap": false,
							"uv": [ 57.0, 41.0 ],
							"faces": {
								"north": { "texture": "#gothiclegs", "uv": [ 46.5, 42.5, 47.5, 44.5 ] },
								"east": { "texture": "#gothiclegs", "uv": [ 44.0, 42.5, 46.5, 44.5 ] },
								"south": { "texture": "#gothiclegs", "uv": [ 49.0, 42.5, 50.0, 44.5 ] },
								"west": { "texture": "#gothiclegs", "uv": [ 44.0, 42.5, 46.5, 44.5 ] },
								"up": { "texture": "#gothiclegs", "uv": [ 49.0, 42.5, 50.0, 45.0 ] },
								"down": { "texture": "#gothiclegs", "uv": [ 46.5, 42.5, 47.5, 45.0 ] }
							}
						},
						{
							"name": "FootL2",
							"from": [ -2.8, 0.0, 1.3 ],
							"to": [ -1.4, 1.4, 2.6 ],
							"uv": [ 52.0, 46.5 ],
							"faces": {
								"north": { "texture": "#gothiclegs", "uv": [ 52.0, 47.5, 53.0, 48.5 ] },
								"east": { "texture": "#gothiclegs", "uv": [ 53.0, 47.5, 54.0, 48.5 ] },
								"south": { "texture": "#gothiclegs", "uv": [ 54.0, 47.5, 55.0, 48.5 ] },
								"west": { "texture": "#gothiclegs", "uv": [ 55.0, 47.5, 56.0, 48.5 ] },
								"up": { "texture": "#gothiclegs", "uv": [ 52.0, 46.5, 53.0, 47.5 ] },
								"down": { "texture": "#gothiclegs", "uv": [ 53.0, 46.5, 54.0, 47.5 ] }
							}
						}
					]
				}
			]
		},
		{
			"name": "LineUpSideL",
			"stepParentName": "ArmorUpperLegL",
			"from": [ 0.6, -1.0, 4.1 ],
			"to": [ 5.6, 8.0, 4.4 ],
			"autoUnwrap": false,
			"uv": [ 17.0, 16.0 ],
			"rotationOrigin": [ 0.6, -1.0, 4.1 ],
			"rotationX": -2.0,
			"rotationZ": 2.0,
			"faces": {
				"north": { "texture": "#line", "uv": [ 9.0, 7.0, 14.0, 16.0 ] },
				"east": { "texture": "#line", "uv": [ 0.0, 6.5, 0.5, 15.5 ] },
				"south": { "texture": "#line", "uv": [ 9.0, 7.0, 14.0, 16.0 ] },
				"west": { "texture": "#line", "uv": [ 0.0, 6.5, 0.5, 15.5 ] },
				"up": { "texture": "#line", "uv": [ 0.0, 22.5, 5.0, 23.0 ] },
				"down": { "texture": "#line", "uv": [ 0.0, 23.0, 5.0, 23.5 ] }
			},
			"children": [
				{
					"name": "LineUpBackL",
					"from": [ 5.0, 0.0, -3.6 ],
					"to": [ 5.4, 9.0, 0.3 ],
					"autoUnwrap": false,
					"uv": [ 26.0, 27.0 ],
					"rotationOrigin": [ 5.0, 0.0, -3.6 ],
					"faces": {
						"north": { "texture": "#line", "uv": [ 0.0, 6.5, 0.5, 15.5 ] },
						"east": { "texture": "#line", "uv": [ 4.0, 7.0, 7.5, 16.0 ] },
						"south": { "texture": "#line", "uv": [ 0.5, 6.5, 1.0, 15.5 ] },
						"west": { "texture": "#line", "uv": [ 8.5, 7.0, 12.0, 16.0 ] },
						"up": { "texture": "#line", "uv": [ 14.0, 20.5, 14.5, 24.0 ] },
						"down": { "texture": "#line", "uv": [ 14.5, 20.5, 15.0, 24.0 ] }
					}
				},
				{
					"name": "LineUpFront1L",
					"from": [ -1.3, 3.55, 0.3 ],
					"to": [ -0.3, 8.95, 0.6 ],
					"uv": [ 3.0, 0.0 ],
					"rotationOrigin": [ -0.3, 3.5, 0.4 ],
					"rotationX": -6.0,
					"rotationY": -51.0,
					"rotationZ": -4.0,
					"faces": {
						"north": { "texture": "#line", "uv": [ 3.0, 0.5, 4.0, 5.5 ] },
						"east": { "texture": "#line", "uv": [ 4.0, 0.5, 4.5, 5.5 ] },
						"south": { "texture": "#line", "uv": [ 4.5, 0.5, 5.5, 5.5 ] },
						"west": { "texture": "#line", "uv": [ 5.5, 0.5, 6.0, 5.5 ] },
						"up": { "texture": "#line", "uv": [ 3.0, 0.0, 4.0, 0.5 ] },
						"down": { "texture": "#line", "uv": [ 4.0, 0.0, 5.0, 0.5 ] }
					}
				},
				{
					"name": "LineUpFront2L",
					"from": [ -0.8, 4.1, -2.5 ],
					"to": [ -0.5, 8.8, -0.4 ],
					"uv": [ 0.0, 16.0 ],
					"rotationOrigin": [ 4.8, 4.1, -2.5 ],
					"rotationX": -2.0,
					"faces": {
						"north": { "texture": "#line", "uv": [ 0.0, 18.0, 0.5, 22.5 ] },
						"east": { "texture": "#line", "uv": [ 0.5, 18.0, 2.5, 22.5 ] },
						"south": { "texture": "#line", "uv": [ 2.5, 18.0, 3.0, 22.5 ] },
						"west": { "texture": "#line", "uv": [ 3.0, 18.0, 5.0, 22.5 ] },
						"up": { "texture": "#line", "uv": [ 0.0, 16.0, 0.5, 18.0 ] },
						"down": { "texture": "#line", "uv": [ 0.5, 16.0, 1.0, 18.0 ] }
					}
				},
				{
					"name": "LineUpFront3L",
					"from": [ -0.9, 6.1, -3.2 ],
					"to": [ -0.6, 9.1, -2.1 ],
					"uv": [ 4.0, 2.5 ],
					"rotationOrigin": [ 4.7, 6.1, -3.2 ],
					"faces": {
						"north": { "texture": "#line", "uv": [ 4.0, 3.5, 4.5, 6.5 ] },
						"east": { "texture": "#line", "uv": [ 4.5, 3.5, 5.5, 6.5 ] },
						"south": { "texture": "#line", "uv": [ 5.5, 3.5, 6.0, 6.5 ] },
						"west": { "texture": "#line", "uv": [ 6.0, 3.5, 7.0, 6.5 ] },
						"up": { "texture": "#line", "uv": [ 4.0, 2.5, 4.5, 3.5 ] },
						"down": { "texture": "#line", "uv": [ 4.5, 2.5, 5.0, 3.5 ] }
					}
				},
				{
					"name": "LineUpFront4L",
					"from": [ -0.91, 4.3, -2.55 ],
					"to": [ -0.59, 6.3, -1.35 ],
					"uv": [ 10.5, 3.5 ],
					"rotationOrigin": [ -0.91, 4.3, -2.55 ],
					"rotationX": -20.0,
					"faces": {
						"north": { "texture": "#line", "uv": [ 10.5, 4.5, 11.0, 6.5 ] },
						"east": { "texture": "#line", "uv": [ 11.0, 4.5, 12.0, 6.5 ] },
						"south": { "texture": "#line", "uv": [ 12.0, 4.5, 12.5, 6.5 ] },
						"west": { "texture": "#line", "uv": [ 12.5, 4.5, 13.5, 6.5 ] },
						"up": { "texture": "#line", "uv": [ 10.5, 3.5, 11.0, 4.5 ] },
						"down": { "texture": "#line", "uv": [ 11.0, 3.5, 11.5, 4.5 ] }
					}
				},
				{
					"name": "LineUpFront5L",
					"from": [ -0.9, 3.3, -0.35 ],
					"to": [ -0.6, 5.5, 0.55 ],
					"uv": [ 8.5, 4.0 ],
					"rotationOrigin": [ -0.9, 3.3, -0.35 ],
					"rotationX": -69.0,
					"faces": {
						"north": { "texture": "#line", "uv": [ 8.5, 4.5, 9.0, 6.5 ] },
						"east": { "texture": "#line", "uv": [ 9.0, 4.5, 9.5, 6.5 ] },
						"south": { "texture": "#line", "uv": [ 9.5, 4.5, 10.0, 6.5 ] },
						"west": { "texture": "#line", "uv": [ 10.0, 4.5, 10.5, 6.5 ] },
						"up": { "texture": "#line", "uv": [ 8.5, 4.0, 9.0, 4.5 ] },
						"down": { "texture": "#line", "uv": [ 9.0, 4.0, 9.5, 4.5 ] }
					}
				},
				{
					"name": "LineUpSideL2",
					"from": [ -0.2, -0.1, -0.05 ],
					"to": [ 0.6, 3.9, 0.35 ],
					"uv": [ 9.5, 0.5 ],
					"rotationOrigin": [ 0.0, 0.0, 0.0 ],
					"rotationZ": 9.0,
					"faces": {
						"north": { "texture": "#line", "uv": [ 9.5, 1.0, 10.0, 5.0 ] },
						"east": { "texture": "#line", "uv": [ 10.0, 1.0, 10.5, 5.0 ] },
						"south": { "texture": "#line", "uv": [ 10.5, 1.0, 11.0, 5.0 ] },
						"west": { "texture": "#line", "uv": [ 11.0, 1.0, 11.5, 5.0 ] },
						"up": { "texture": "#line", "uv": [ 9.5, 0.5, 10.0, 1.0 ] },
						"down": { "texture": "#line", "uv": [ 10.0, 0.5, 10.5, 1.0 ] }
					}
				}
			]
		},
		{
			"name": "LineUpSideR",
			"stepParentName": "ArmorUpperLegR",
			"from": [ 0.6, -1.0, -0.6 ],
			"to": [ 5.6, 8.0, -0.3 ],
			"autoUnwrap": false,
			"uv": [ 20.5, 22.0 ],
			"rotationOrigin": [ 0.5991, -1.0, -0.6 ],
			"rotationX": 2.0,
			"rotationZ": 2.0,
			"faces": {
				"north": { "texture": "#line", "uv": [ 2.0, 7.0, 7.0, 16.0 ] },
				"east": { "texture": "#line", "uv": [ 15.5, 6.5, 16.0, 15.5 ] },
				"south": { "texture": "#line", "uv": [ 2.5, 7.0, 7.5, 16.0 ] },
				"west": { "texture": "#line", "uv": [ 15.0, 6.5, 15.5, 15.5 ] },
				"up": { "texture": "#line", "uv": [ 4.5, 22.5, 9.5, 23.0 ] },
				"down": { "texture": "#line", "uv": [ 4.5, 23.0, 9.5, 23.5 ] }
			},
			"children": [
				{
					"name": "LineUpBackR",
					"from": [ 5.0, 0.0, 0.0 ],
					"to": [ 5.4, 9.0, 3.9 ],
					"autoUnwrap": false,
					"uv": [ 28.0, 13.0 ],
					"rotationOrigin": [ 5.0, 0.0, 0.0 ],
					"faces": {
						"north": { "texture": "#line", "uv": [ 15.0, 6.5, 15.5, 15.5 ] },
						"east": { "texture": "#line", "uv": [ 8.5, 7.0, 12.0, 16.0 ] },
						"south": { "texture": "#line", "uv": [ 15.5, 6.5, 16.0, 15.5 ] },
						"west": { "texture": "#line", "uv": [ 4.0, 7.0, 7.5, 16.0 ] },
						"up": { "texture": "#line", "uv": [ 14.0, 17.0, 14.5, 20.5 ] },
						"down": { "texture": "#line", "uv": [ 14.5, 17.0, 15.0, 20.5 ] }
					}
				},
				{
					"name": "LineUpFront1R",
					"from": [ -1.1, 3.55, -0.3 ],
					"to": [ -0.1, 8.95, 0.0 ],
					"uv": [ 13.0, 0.0 ],
					"rotationOrigin": [ -0.2, 3.5, 0.0 ],
					"rotationX": 6.0,
					"rotationY": 51.0,
					"rotationZ": -4.0,
					"faces": {
						"north": { "texture": "#line", "uv": [ 13.0, 0.5, 14.0, 5.5 ] },
						"east": { "texture": "#line", "uv": [ 14.0, 0.5, 14.5, 5.5 ] },
						"south": { "texture": "#line", "uv": [ 14.5, 0.5, 15.5, 5.5 ] },
						"west": { "texture": "#line", "uv": [ 15.5, 0.5, 16.0, 5.5 ] },
						"up": { "texture": "#line", "uv": [ 13.0, 0.0, 14.0, 0.5 ] },
						"down": { "texture": "#line", "uv": [ 14.0, 0.0, 15.0, 0.5 ] }
					}
				},
				{
					"name": "LineUpFront2R",
					"from": [ -0.8, 4.3, 0.7 ],
					"to": [ -0.5, 9.0, 2.8 ],
					"uv": [ 4.5, 16.0 ],
					"rotationOrigin": [ -0.8, 4.3, 0.7 ],
					"rotationX": 2.0,
					"faces": {
						"north": { "texture": "#line", "uv": [ 4.5, 18.0, 5.0, 22.5 ] },
						"east": { "texture": "#line", "uv": [ 5.0, 18.0, 7.0, 22.5 ] },
						"south": { "texture": "#line", "uv": [ 7.0, 18.0, 7.5, 22.5 ] },
						"west": { "texture": "#line", "uv": [ 7.5, 18.0, 9.5, 22.5 ] },
						"up": { "texture": "#line", "uv": [ 4.5, 16.0, 5.0, 18.0 ] },
						"down": { "texture": "#line", "uv": [ 5.0, 16.0, 5.5, 18.0 ] }
					}
				},
				{
					"name": "LineUpFront3R",
					"from": [ -0.9, 6.1, 2.5 ],
					"to": [ -0.6, 9.1, 3.6 ],
					"uv": [ 11.5, 1.5 ],
					"rotationOrigin": [ -0.9, 6.1, 2.5 ],
					"faces": {
						"north": { "texture": "#line", "uv": [ 11.5, 2.5, 12.0, 5.5 ] },
						"east": { "texture": "#line", "uv": [ 12.0, 2.5, 13.0, 5.5 ] },
						"south": { "texture": "#line", "uv": [ 13.0, 2.5, 13.5, 5.5 ] },
						"west": { "texture": "#line", "uv": [ 13.5, 2.5, 14.5, 5.5 ] },
						"up": { "texture": "#line", "uv": [ 11.5, 1.5, 12.0, 2.5 ] },
						"down": { "texture": "#line", "uv": [ 12.0, 1.5, 12.5, 2.5 ] }
					}
				},
				{
					"name": "LineUpSideR2",
					"from": [ -0.2, -0.1, -0.05 ],
					"to": [ 0.6, 3.9, 0.35 ],
					"uv": [ 7.0, 0.5 ],
					"rotationOrigin": [ -0.2, -0.1, -0.05 ],
					"rotationZ": 9.0,
					"faces": {
						"north": { "texture": "#line", "uv": [ 7.0, 1.0, 7.5, 5.0 ] },
						"east": { "texture": "#line", "uv": [ 7.5, 1.0, 8.0, 5.0 ] },
						"south": { "texture": "#line", "uv": [ 8.0, 1.0, 8.5, 5.0 ] },
						"west": { "texture": "#line", "uv": [ 8.5, 1.0, 9.0, 5.0 ] },
						"up": { "texture": "#line", "uv": [ 7.0, 0.5, 7.5, 1.0 ] },
						"down": { "texture": "#line", "uv": [ 7.5, 0.5, 8.0, 1.0 ] }
					}
				},
				{
					"name": "LineUpFront4R",
					"from": [ -0.91, 4.7, 1.8 ],
					"to": [ -0.59, 6.7, 3.0 ],
					"uv": [ 1.5, 3.5 ],
					"rotationOrigin": [ -0.91, 4.7, 1.85 ],
					"rotationX": 20.0,
					"faces": {
						"north": { "texture": "#line", "uv": [ 1.5, 4.5, 2.0, 6.5 ] },
						"east": { "texture": "#line", "uv": [ 2.0, 4.5, 3.0, 6.5 ] },
						"south": { "texture": "#line", "uv": [ 3.0, 4.5, 3.5, 6.5 ] },
						"west": { "texture": "#line", "uv": [ 3.5, 4.5, 4.5, 6.5 ] },
						"up": { "texture": "#line", "uv": [ 1.5, 3.5, 2.0, 4.5 ] },
						"down": { "texture": "#line", "uv": [ 2.0, 3.5, 2.5, 4.5 ] }
					}
				},
				{
					"name": "LineUpFront5R",
					"from": [ -0.9, 4.1, 0.25 ],
					"to": [ -0.6, 6.5, 1.15 ],
					"uv": [ 14.0, 4.0 ],
					"rotationOrigin": [ -0.9, 4.1, 0.25 ],
					"rotationX": 69.0,
					"faces": {
						"north": { "texture": "#line", "uv": [ 14.0, 4.5, 14.5, 6.5 ] },
						"east": { "texture": "#line", "uv": [ 14.5, 4.5, 15.0, 6.5 ] },
						"south": { "texture": "#line", "uv": [ 15.0, 4.5, 15.5, 6.5 ] },
						"west": { "texture": "#line", "uv": [ 15.5, 4.5, 16.0, 6.5 ] },
						"up": { "texture": "#line", "uv": [ 14.0, 4.0, 14.5, 4.5 ] },
						"down": { "texture": "#line", "uv": [ 14.5, 4.0, 15.0, 4.5 ] }
					}
				}
			]
		},
		{
			"name": "LineDownBackR",
			"stepParentName": "LowerFootR",
			"from": [ 4.86, 2.6994, -0.9 ],
			"to": [ 5.16, 7.6994, 3.0 ],
			"autoUnwrap": false,
			"uv": [ 18.0, 17.0 ],
			"rotationOrigin": [ 4.8053, 2.6994, -0.8964 ],
			"rotationX": 0.9971,
			"rotationY": 0.2268,
			"rotationZ": 0.0026,
			"faces": {
				"north": { "texture": "#line", "uv": [ 8.5, 10.0, 9.0, 15.0 ] },
				"east": { "texture": "#line", "uv": [ 9.5, 10.5, 13.0, 15.5 ] },
				"south": { "texture": "#line", "uv": [ 8.5, 10.0, 9.0, 15.0 ] },
				"west": { "texture": "#line", "uv": [ 9.5, 10.5, 13.0, 15.5 ] },
				"up": { "texture": "#line", "uv": [ 11.0, 17.0, 11.5, 20.5 ] },
				"down": { "texture": "#line", "uv": [ 11.5, 17.0, 12.0, 20.5 ] }
			},
			"children": [
				{
					"name": "LineDownSideR",
					"from": [ -4.0, 0.9, 0.0 ],
					"to": [ 0.0, 5.0, 0.3 ],
					"autoUnwrap": false,
					"uv": [ 17.0, 15.0 ],
					"rotationOrigin": [ 0.0, 0.9, 0.0 ],
					"faces": {
						"north": { "texture": "#line", "uv": [ 10.5, 10.5, 14.5, 14.5 ] },
						"east": { "texture": "#line", "uv": [ 12.0, 17.0, 12.5, 21.0 ] },
						"south": { "texture": "#line", "uv": [ 10.5, 10.5, 14.5, 14.5 ] },
						"west": { "texture": "#line", "uv": [ 12.5, 17.0, 13.0, 21.0 ] },
						"up": { "texture": "#line", "uv": [ 9.5, 23.0, 13.5, 23.5 ] },
						"down": { "texture": "#line", "uv": [ 9.5, 22.5, 13.5, 23.0 ] }
					}
				},
				{
					"name": "LineDownSideR2",
					"from": [ -4.0, -0.2, -0.1 ],
					"to": [ 0.0, 0.9, 0.3 ],
					"unwrapMode": 6,
					"unwrapRotation": 1,
					"uv": [ 12.5, 0.5 ],
					"rotationOrigin": [ 0.0, -0.2, -0.1 ],
					"rotationZ": -10.0,
					"faces": {
						"north": { "texture": "#line", "uv": [ 12.5, 1.5, 13.5, 5.5 ], "rotation": 90 },
						"east": { "texture": "#line", "uv": [ 13.5, 5.5, 14.0, 6.5 ], "rotation": 180 },
						"south": { "texture": "#line", "uv": [ 14.0, 1.5, 15.0, 5.5 ], "rotation": 270 },
						"west": { "texture": "#line", "uv": [ 13.5, 0.5, 14.0, 1.5 ] },
						"up": { "texture": "#line", "uv": [ 15.0, 1.5, 15.5, 5.5 ], "rotation": 270 },
						"down": { "texture": "#line", "uv": [ 13.5, 1.5, 14.0, 5.5 ], "rotation": 90 }
					}
				},
				{
					"name": "LineDownSideR3",
					"from": [ -4.1, 0.4, -0.11 ],
					"to": [ -2.8, 5.6, 0.31 ],
					"uv": [ 11.0, 0.0 ],
					"rotationOrigin": [ -4.1, 0.4, -0.1 ],
					"rotationZ": 15.0,
					"faces": {
						"north": { "texture": "#line", "uv": [ 11.0, 0.5, 12.0, 5.5 ] },
						"east": { "texture": "#line", "uv": [ 12.0, 0.5, 12.5, 5.5 ] },
						"south": { "texture": "#line", "uv": [ 12.5, 0.5, 13.5, 5.5 ] },
						"west": { "texture": "#line", "uv": [ 13.5, 0.5, 14.0, 5.5 ] },
						"up": { "texture": "#line", "uv": [ 11.0, 0.0, 12.0, 0.5 ] },
						"down": { "texture": "#line", "uv": [ 12.0, 0.0, 13.0, 0.5 ] }
					}
				},
				{
					"name": "LineDownBackR2",
					"from": [ 0.0, -1.0, 1.9 ],
					"to": [ 0.3, 0.0, 3.9 ],
					"unwrapMode": 6,
					"uv": [ 11.5, 1.0 ],
					"rotationOrigin": [ -0.05, -1.0, 1.9 ],
					"faces": {
						"north": { "texture": "#line", "uv": [ 12.5, 1.0, 13.0, 2.0 ] },
						"east": { "texture": "#line", "uv": [ 11.5, 2.0, 12.5, 4.0 ], "rotation": 90 },
						"south": { "texture": "#line", "uv": [ 12.5, 4.0, 13.0, 5.0 ], "rotation": 180 },
						"west": { "texture": "#line", "uv": [ 13.0, 2.0, 14.0, 4.0 ], "rotation": 270 },
						"up": { "texture": "#line", "uv": [ 14.0, 2.0, 14.5, 4.0 ] },
						"down": { "texture": "#line", "uv": [ 12.5, 2.0, 13.0, 4.0 ] }
					}
				},
				{
					"name": "LineDownBackR3",
					"from": [ 0.1, -0.2, -0.3 ],
					"to": [ 0.4, 0.8, 2.0 ],
					"unwrapMode": 6,
					"uv": [ 11.5, 1.0 ],
					"rotationOrigin": [ 0.05, -0.2, -0.3 ],
					"rotationX": 19.0,
					"faces": {
						"north": { "texture": "#line", "uv": [ 12.5, 1.0, 13.0, 2.0 ] },
						"east": { "texture": "#line", "uv": [ 11.5, 2.0, 12.5, 4.0 ], "rotation": 90 },
						"south": { "texture": "#line", "uv": [ 12.5, 4.0, 13.0, 5.0 ], "rotation": 180 },
						"west": { "texture": "#line", "uv": [ 13.0, 2.0, 14.0, 4.0 ], "rotation": 270 },
						"up": { "texture": "#line", "uv": [ 14.0, 2.0, 14.5, 4.0 ] },
						"down": { "texture": "#line", "uv": [ 12.5, 2.0, 13.0, 4.0 ] }
					}
				}
			]
		},
		{
			"name": "LineDownBackL",
			"stepParentName": "LowerFootL",
			"from": [ 4.91, 2.7846, -0.15 ],
			"to": [ 5.21, 7.7846, 3.75 ],
			"autoUnwrap": false,
			"uv": [ 19.5, 20.5 ],
			"rotationOrigin": [ 4.905, 2.7846, 3.8451 ],
			"rotationX": -0.9971,
			"rotationY": -0.2268,
			"rotationZ": 0.0026,
			"faces": {
				"north": { "texture": "#line", "uv": [ 7.0, 10.0, 7.5, 15.0 ] },
				"east": { "texture": "#line", "uv": [ 3.0, 10.5, 6.5, 15.5 ] },
				"south": { "texture": "#line", "uv": [ 7.0, 10.0, 7.5, 15.0 ] },
				"west": { "texture": "#line", "uv": [ 3.0, 10.5, 6.5, 15.5 ] },
				"up": { "texture": "#line", "uv": [ 10.5, 17.0, 11.0, 20.5 ] },
				"down": { "texture": "#line", "uv": [ 10.0, 17.0, 10.5, 20.5 ] }
			},
			"children": [
				{
					"name": "LineDownSideL",
					"from": [ -4.0, 0.9, 3.6 ],
					"to": [ 0.0, 5.0, 3.9 ],
					"autoUnwrap": false,
					"uv": [ 27.5, 15.5 ],
					"rotationOrigin": [ 0.0, 0.0, 3.6 ],
					"faces": {
						"north": { "texture": "#line", "uv": [ 1.5, 10.5, 5.5, 14.5 ] },
						"east": { "texture": "#line", "uv": [ 13.0, 17.0, 13.5, 21.0 ] },
						"south": { "texture": "#line", "uv": [ 1.5, 10.5, 5.5, 14.5 ] },
						"west": { "texture": "#line", "uv": [ 13.5, 17.0, 14.0, 21.0 ] },
						"up": { "texture": "#line", "uv": [ 9.5, 23.5, 13.5, 24.0 ] },
						"down": { "texture": "#line", "uv": [ 9.5, 24.0, 13.5, 24.5 ] }
					}
				},
				{
					"name": "LineDownSideL2",
					"from": [ -4.0, -0.2, 3.6 ],
					"to": [ 0.0, 0.9, 4.0 ],
					"unwrapMode": 6,
					"unwrapRotation": 1,
					"uv": [ 1.5, 0.0 ],
					"rotationOrigin": [ 0.0, -0.2, 3.6 ],
					"rotationZ": -10.0,
					"faces": {
						"north": { "texture": "#line", "uv": [ 1.5, 1.0, 2.5, 5.0 ], "rotation": 90 },
						"east": { "texture": "#line", "uv": [ 2.5, 5.0, 3.0, 6.0 ], "rotation": 180 },
						"south": { "texture": "#line", "uv": [ 3.0, 1.0, 4.0, 5.0 ], "rotation": 270 },
						"west": { "texture": "#line", "uv": [ 2.5, 0.0, 3.0, 1.0 ] },
						"up": { "texture": "#line", "uv": [ 4.0, 1.0, 4.5, 5.0 ], "rotation": 270 },
						"down": { "texture": "#line", "uv": [ 2.5, 1.0, 3.0, 5.0 ], "rotation": 90 }
					}
				},
				{
					"name": "LineDownSideL3",
					"from": [ -4.2, 0.5, 3.6 ],
					"to": [ -2.9, 5.7, 4.02 ],
					"uv": [ 0.0, 0.0 ],
					"rotationOrigin": [ -4.2, 0.5, 3.6 ],
					"rotationZ": 15.0,
					"faces": {
						"north": { "texture": "#line", "uv": [ 0.0, 0.5, 1.0, 5.5 ] },
						"east": { "texture": "#line", "uv": [ 1.0, 0.5, 1.5, 5.5 ] },
						"south": { "texture": "#line", "uv": [ 1.5, 0.5, 2.5, 5.5 ] },
						"west": { "texture": "#line", "uv": [ 2.5, 0.5, 3.0, 5.5 ] },
						"up": { "texture": "#line", "uv": [ 0.0, 0.0, 1.0, 0.5 ] },
						"down": { "texture": "#line", "uv": [ 1.0, 0.0, 2.0, 0.5 ] }
					}
				},
				{
					"name": "LineDownBackL2",
					"from": [ 0.0, -1.0, 0.0 ],
					"to": [ 0.3, 0.0, 2.0 ],
					"unwrapMode": 4,
					"unwrapRotation": 1,
					"uv": [ 13.0, 3.0 ],
					"rotationOrigin": [ 0.0, -1.0, 0.0 ],
					"faces": {
						"north": { "texture": "#line", "uv": [ 13.5, 5.5, 14.5, 6.0 ], "rotation": 90 },
						"east": { "texture": "#line", "uv": [ 15.0, 3.5, 16.0, 5.5 ], "rotation": 270 },
						"south": { "texture": "#line", "uv": [ 13.5, 3.0, 14.5, 3.5 ], "rotation": 90 },
						"west": { "texture": "#line", "uv": [ 13.5, 3.5, 14.5, 5.5 ], "rotation": 90 },
						"up": { "texture": "#line", "uv": [ 13.0, 3.5, 13.5, 5.5 ], "rotation": 180 },
						"down": { "texture": "#line", "uv": [ 14.5, 3.5, 15.0, 5.5 ], "rotation": 180 }
					}
				},
				{
					"name": "LineDownBackL3",
					"from": [ 0.1, -1.0, 2.0 ],
					"to": [ 0.4, 0.0, 4.3 ],
					"unwrapMode": 6,
					"uv": [ 4.0, 2.5 ],
					"rotationOrigin": [ 0.1, -1.0, 2.0 ],
					"rotationX": -19.0,
					"faces": {
						"north": { "texture": "#line", "uv": [ 5.0, 2.5, 5.5, 3.5 ] },
						"east": { "texture": "#line", "uv": [ 4.0, 3.5, 5.0, 5.5 ], "rotation": 90 },
						"south": { "texture": "#line", "uv": [ 5.0, 5.5, 5.5, 6.5 ], "rotation": 180 },
						"west": { "texture": "#line", "uv": [ 5.5, 3.5, 6.5, 5.5 ], "rotation": 270 },
						"up": { "texture": "#line", "uv": [ 6.5, 3.5, 7.0, 5.5 ] },
						"down": { "texture": "#line", "uv": [ 5.0, 3.5, 5.5, 5.5 ] }
					}
				}
			]
		}
	]}