{
	"editor": {
		"allAngles": false,
		"entityTextureMode": false
	},
	"textureWidth": 16,
	"textureHeight": 16,
	"textureSizes": {
	},
	"textures": {
		"inner side": "game:block/wood/bucket/inner side",
		"copper": "game:block/metal/plate/copper"
	},
	"elements": [
		{
			"name": "floor",
			"from": [ 5.5, 0.0, 5.5 ],
			"to": [ 10.5, 0.5, 11.0 ],
			"rotationOrigin": [ 9.0, 0.0, 8.0 ],
			"faces": {
				"north": { "texture": "#copper", "uv": [ 0.0, 0.0, 5.0, 0.5 ] },
				"east": { "texture": "#copper", "uv": [ 0.0, 0.0, 5.5, 0.5 ], "windMode": [-1,-1,-1,-1] },
				"south": { "texture": "#copper", "uv": [ 0.0, 0.0, 5.0, 0.5 ], "windMode": [-1,-1,-1,-1] },
				"west": { "texture": "#copper", "uv": [ 0.0, 0.0, 5.5, 0.5 ], "windMode": [-1,-1,-1,-1] },
				"up": { "texture": "#copper", "uv": [ 0.0, 0.0, 5.0, 5.5 ], "windMode": [-1,-1,-1,-1] },
				"down": { "texture": "#copper", "uv": [ 0.0, 0.0, 5.0, 5.5 ], "windMode": [-1,-1,-1,-1] }
			},
			"children": [
				{
					"name": "N",
					"from": [ 0.0, 0.0, -0.5 ],
					"to": [ 5.0, 1.0, 0.0 ],
					"rotationOrigin": [ 0.5, 0.0, -0.5 ],
					"faces": {
						"north": { "texture": "#copper", "uv": [ 0.0, 0.0, 5.0, 1.0 ] },
						"east": { "texture": "#copper", "uv": [ 0.0, 0.0, 0.5, 1.0 ] },
						"south": { "texture": "#copper", "uv": [ 0.0, 0.0, 5.0, 1.0 ] },
						"west": { "texture": "#copper", "uv": [ 0.0, 0.0, 0.5, 1.0 ] },
						"up": { "texture": "#copper", "uv": [ 0.0, 0.0, 5.0, 0.5 ] },
						"down": { "texture": "#copper", "uv": [ 0.0, 0.0, 5.0, 0.5 ] }
					}
				},
				{
					"name": "S",
					"from": [ 0.0, 0.0, 5.5 ],
					"to": [ 5.0, 1.0, 6.0 ],
					"rotationOrigin": [ -0.5, 0.0, 5.5 ],
					"faces": {
						"north": { "texture": "#copper", "uv": [ 0.0, 0.0, 5.0, 1.0 ] },
						"east": { "texture": "#copper", "uv": [ 0.0, 0.0, 0.5, 1.0 ] },
						"south": { "texture": "#copper", "uv": [ 0.0, 0.0, 5.0, 1.0 ] },
						"west": { "texture": "#copper", "uv": [ 0.0, 0.0, 0.5, 1.0 ] },
						"up": { "texture": "#copper", "uv": [ 0.0, 0.0, 5.0, 0.5 ] },
						"down": { "texture": "#copper", "uv": [ 0.0, 0.0, 5.0, 0.5 ] }
					}
				},
				{
					"name": "W",
					"from": [ 3.0E-4, 0.0, -0.9997 ],
					"to": [ 5.5003, 1.0, -0.4997 ],
					"rotationOrigin": [ -0.5, 0.0, -0.5 ],
					"rotationY": -89.98,
					"faces": {
						"north": { "texture": "#copper", "uv": [ 0.0, 0.0, 5.5, 1.0 ] },
						"east": { "texture": "#copper", "uv": [ 0.0, 0.0, 0.5, 1.0 ] },
						"south": { "texture": "#copper", "uv": [ 0.0, 0.0, 5.5, 1.0 ] },
						"west": { "texture": "#copper", "uv": [ 0.0, 0.0, 0.5, 1.0 ] },
						"up": { "texture": "#copper", "uv": [ 0.0, 0.0, 5.5, 0.5 ] },
						"down": { "texture": "#copper", "uv": [ 0.0, 0.0, 5.5, 0.5 ] }
					}
				},
				{
					"name": "E",
					"from": [ 6.0, 0.0, -0.5 ],
					"to": [ 11.5, 1.0, 0.0 ],
					"rotationOrigin": [ 5.5, 0.0, -0.5 ],
					"rotationY": -89.98,
					"faces": {
						"north": { "texture": "#copper", "uv": [ 0.0, 0.0, 5.5, 1.0 ] },
						"east": { "texture": "#copper", "uv": [ 0.0, 0.0, 0.5, 1.0 ] },
						"south": { "texture": "#copper", "uv": [ 0.0, 0.0, 5.5, 1.0 ] },
						"west": { "texture": "#copper", "uv": [ 0.0, 0.0, 0.5, 1.0 ] },
						"up": { "texture": "#copper", "uv": [ 0.0, 0.0, 5.5, 0.5 ] },
						"down": { "texture": "#copper", "uv": [ 0.0, 0.0, 5.5, 0.5 ] }
					}
				}
			]
		},
		{
			"name": "Handle",
			"from": [ 7.7, 0.5, 11.5 ],
			"to": [ 8.2, 1.0, 15.5 ],
			"rotationOrigin": [ 9.0, 0.0, 12.0 ],
			"faces": {
				"north": { "texture": "#inner side", "uv": [ 0.0, 0.0, 0.5, 0.5 ] },
				"east": { "texture": "#inner side", "uv": [ 0.0, 0.0, 4.0, 0.5 ] },
				"south": { "texture": "#inner side", "uv": [ 0.0, 0.0, 0.5, 0.5 ] },
				"west": { "texture": "#inner side", "uv": [ 0.0, 0.0, 4.0, 0.5 ] },
				"up": { "texture": "#inner side", "uv": [ 0.0, 0.0, 0.5, 4.0 ] },
				"down": { "texture": "#inner side", "uv": [ 0.0, 0.0, 0.5, 4.0 ] }
			}
		}
	]}