[
	{
		"dependsOn": [
			{ "modid": "geoaddons" }
		],
		"side": "Server",
		"file": "interestingoregen:worldgen/deposits/metalore/limonite.json",
		"op": "addeach",
		"path": "/0/attributes/inblock/allowedVariants/0",
		"value": [
			"mudstone",
			"rhyolite"
		]
	},
	{
		"dependsOn": [
			{ "modid": "geoaddons" }
		],
		"side": "Server",
		"file": "interestingoregen:worldgen/deposits/metalore/limonite.json",
		"op": "add",
		"path": "/0/attributes/placeblock/allowedVariantsByInBlock/rock-mudstone",
		"value": [
			"poor",
			"medium",
			"rich",
			"bountiful"
		]
	},
	{
		"dependsOn": [
			{ "modid": "geoaddons" }
		],
		"side": "Server",
		"file": "interestingoregen:worldgen/deposits/metalore/limonite.json",
		"op": "add",
		"path": "/0/attributes/placeblock/allowedVariantsByInBlock/rock-rhyolite",
		"value": [
			"poor",
			"medium"
		]
	}
]