{
	"editor": {
		"collapsedPaths": "Root/Chest",
		"allAngles": false,
		"entityTextureMode": false
	},
	"textureWidth": 128,
	"textureHeight": 128,
	"textureSizes": {
		"blackguardbody": [128,128]
	},
	"textures": {
		"blackguardbody": "game:entity/humanoid/serapharmor/blackguard/blackguard-broken",
		"emblems1": "game:entity/humanoid/seraphclothes/emblem/emblems1",
		"seraph": "game:block/transparent"
	},
	"elements": [
		{
			"name": "Chest",
			"stepParentName": "UpperTorso",
			"from": [ -0.5, -1.25, -0.375 ],
			"to": [ 5.5, 5.25, 6.625 ],
			"faces": {
				"north": { "texture": "#blackguardbody", "uv": [ 90.0, 1.0, 101.0, 14.0 ], "autoUv": false },
				"east": { "texture": "#blackguardbody", "uv": [ 88.0, 0.0, 102.0, 13.0 ], "autoUv": false },
				"south": { "texture": "#blackguardbody", "uv": [ 89.0, 1.0, 100.0, 14.0 ], "autoUv": false },
				"west": { "texture": "#blackguardbody", "uv": [ 88.0, 9.0, 102.0, 22.0 ], "autoUv": false },
				"up": { "texture": "#blackguardbody", "uv": [ 102.0, 0.0, 116.0, 12.0 ], "rotation": 90, "autoUv": false },
				"down": { "texture": "#blackguardbody", "uv": [ 102.0, 0.0, 116.0, 11.0 ], "rotation": 270, "autoUv": false, "windMode": [-1,-1,-1,-1] }
			},
			"children": [
				{
					"name": "NeckNorth",
					"from": [ 1.25, 6.0, 0.25 ],
					"to": [ 5.25, 8.5, 1.0 ],
					"renderInEditor": false,
					"rotationOrigin": [ 1.25, 6.0, 0.25 ],
					"rotationX": -22.5,
					"faces": {
						"north": { "texture": "#blackguardbody", "uv": [ 48.0, 15.0, 55.0, 19.0 ], "autoUv": false },
						"east": { "texture": "#blackguardbody", "uv": [ 61.0, 16.0, 62.0, 20.0 ], "autoUv": false },
						"south": { "texture": "#blackguardbody", "uv": [ 54.0, 15.0, 61.0, 19.0 ], "autoUv": false },
						"west": { "texture": "#blackguardbody", "uv": [ 61.0, 16.0, 62.0, 20.0 ], "autoUv": false },
						"up": { "texture": "#blackguardbody", "uv": [ 51.0, 15.0, 58.0, 16.0 ], "autoUv": false }
					}
				},
				{
					"name": "NeckSouth",
					"from": [ 1.25, 6.0, 5.75 ],
					"to": [ 5.25, 8.5, 6.5 ],
					"renderInEditor": false,
					"rotationOrigin": [ 1.25, 6.0, 6.5 ],
					"rotationX": 22.5,
					"faces": {
						"north": { "texture": "#blackguardbody", "uv": [ 48.0, 15.0, 55.0, 19.0 ], "autoUv": false },
						"east": { "texture": "#blackguardbody", "uv": [ 61.0, 16.0, 62.0, 20.0 ], "autoUv": false },
						"south": { "texture": "#blackguardbody", "uv": [ 54.0, 15.0, 61.0, 19.0 ], "autoUv": false },
						"west": { "texture": "#blackguardbody", "uv": [ 61.0, 16.0, 62.0, 20.0 ], "autoUv": false },
						"up": { "texture": "#blackguardbody", "uv": [ 51.0, 15.0, 58.0, 16.0 ], "autoUv": false }
					}
				},
				{
					"name": "NeckEast",
					"from": [ 5.25, 6.5, 0.75 ],
					"to": [ 6.0, 9.0, 6.25 ],
					"rotationOrigin": [ 5.75, 6.5, 3.5 ],
					"rotationZ": -22.5,
					"faces": {
						"north": { "texture": "#blackguardbody", "uv": [ 61.0, 16.0, 62.0, 21.0 ], "autoUv": false },
						"east": { "texture": "#blackguardbody", "uv": [ 48.0, 15.0, 58.0, 20.0 ], "autoUv": false },
						"south": { "texture": "#blackguardbody", "uv": [ 61.0, 16.0, 62.0, 21.0 ], "autoUv": false },
						"west": { "texture": "#blackguardbody", "uv": [ 51.0, 15.0, 61.0, 20.0 ], "autoUv": false },
						"up": { "texture": "#blackguardbody", "uv": [ 49.0, 15.0, 59.0, 16.0 ], "rotation": 90, "autoUv": false },
						"down": { "texture": "#blackguardbody", "uv": [ 0.0, 0.0, 0.5, 5.5 ] }
					}
				},
				{
					"name": "ChestFront",
					"from": [ 0.0, 1.5, 0.01 ],
					"to": [ 1.0, 6.5, 7.01 ],
					"rotationOrigin": [ 0.0, 6.5, 0.0 ],
					"rotationZ": -10.0,
					"faces": {
						"north": { "texture": "#blackguardbody", "uv": [ 85.0, 12.0, 87.0, 22.0 ], "autoUv": false },
						"south": { "texture": "#blackguardbody", "uv": [ 103.0, 12.0, 105.0, 22.0 ], "autoUv": false },
						"west": { "texture": "#blackguardbody", "uv": [ 88.0, 12.0, 102.0, 22.0 ], "autoUv": false }
					},
					"children": [
						{
							"name": "ChestLower",
							"from": [ 0.0, -1.5, -0.02 ],
							"to": [ 1.0, 0.0, 6.98 ],
							"rotationOrigin": [ 0.0, 0.0, 0.0 ],
							"rotationZ": 45.0,
							"faces": {
								"north": { "texture": "#blackguardbody", "uv": [ 114.0, 0.0, 116.0, 3.0 ], "autoUv": false },
								"south": { "texture": "#blackguardbody", "uv": [ 101.0, 0.0, 103.0, 3.0 ], "autoUv": false },
								"west": { "texture": "#blackguardbody", "uv": [ 114.0, 19.0, 128.0, 22.0 ], "rotation": 180, "autoUv": false }
							}
						}
					]
				},
				{
					"name": "Back",
					"from": [ 5.5, 0.5, 0.5 ],
					"to": [ 6.0, 6.0, 6.5 ],
					"rotationOrigin": [ 6.0, 0.5, 0.0 ],
					"rotationZ": -5.0,
					"faces": {
						"north": { "texture": "#blackguardbody", "uv": [ 21.0, 28.0, 22.0, 38.0 ], "autoUv": false },
						"east": { "texture": "#blackguardbody", "uv": [ 7.0, 97.0, 19.0, 107.0 ], "autoUv": false },
						"south": { "texture": "#blackguardbody", "uv": [ 102.0, 0.0, 103.0, 10.0 ], "autoUv": false },
						"up": { "texture": "#blackguardbody", "uv": [ 115.0, 0.0, 116.0, 12.0 ], "autoUv": false }
					},
					"children": [
						{
							"name": "Emblem",
							"from": [ 0.25, 1.5, 1.75 ],
							"to": [ 0.75, 3.0, 4.25 ],
							"rotationOrigin": [ 0.0, 2.0, 2.0 ],
							"faces": {
								"north": { "texture": "#emblems1", "uv": [ 76.0, 20.0, 80.0, 32.0 ], "autoUv": false, "windMode": [-1,-1,-1,-1] },
								"east": { "texture": "#emblems1", "uv": [ 56.0, 20.0, 76.0, 32.0 ], "autoUv": false },
								"south": { "texture": "#emblems1", "uv": [ 52.0, 20.0, 56.0, 32.0 ], "autoUv": false, "windMode": [-1,-1,-1,-1] },
								"up": { "texture": "#emblems1", "uv": [ 56.0, 16.0, 76.0, 20.0 ], "rotation": 90, "autoUv": false, "windMode": [-1,-1,-1,-1] },
								"down": { "texture": "#emblems1", "uv": [ 56.0, 32.0, 76.0, 36.0 ], "rotation": 90, "autoUv": false, "windMode": [-1,-1,-1,-1] }
							},
							"children": [
								{
									"name": "Emblem1",
									"from": [ 0.0, 1.5, 0.5 ],
									"to": [ 0.5, 2.5, 2.0 ],
									"rotationOrigin": [ 0.0, 1.0, 0.0 ],
									"faces": {
										"north": { "texture": "#emblems1", "uv": [ 72.0, 8.0, 76.0, 16.0 ], "autoUv": false, "windMode": [-1,-1,-1,-1] },
										"east": { "texture": "#emblems1", "uv": [ 60.0, 8.0, 72.0, 16.0 ], "autoUv": false },
										"south": { "texture": "#emblems1", "uv": [ 56.0, 8.0, 60.0, 16.0 ], "autoUv": false, "windMode": [-1,-1,-1,-1] },
										"up": { "texture": "#emblems1", "uv": [ 60.0, 4.0, 72.0, 8.0 ], "rotation": 90, "autoUv": false, "windMode": [-1,-1,-1,-1] }
									}
								},
								{
									"name": "Emblem2",
									"from": [ 0.0, 2.0, 0.0 ],
									"to": [ 0.5, 3.0, 0.5 ],
									"rotationOrigin": [ 0.0, 1.0, 0.0 ],
									"faces": {
										"north": { "texture": "#emblems1", "uv": [ 76.0, 0.0, 80.0, 8.0 ], "autoUv": false },
										"east": { "texture": "#emblems1", "uv": [ 72.0, 0.0, 76.0, 8.0 ], "autoUv": false },
										"south": { "texture": "#emblems1", "uv": [ 68.0, 0.0, 71.0, 8.0 ], "autoUv": false },
										"up": { "texture": "#emblems1", "uv": [ 72.0, 0.0, 76.0, 4.0 ], "rotation": 90, "autoUv": false },
										"down": { "texture": "#emblems1", "uv": [ 72.0, 12.0, 76.0, 16.0 ], "autoUv": false, "windMode": [-1,-1,-1,-1] }
									}
								},
								{
									"name": "Emblem3",
									"from": [ 0.0, 2.0, 2.0 ],
									"to": [ 0.5, 3.0, 2.5 ],
									"rotationOrigin": [ 0.0, 1.0, 2.0 ],
									"faces": {
										"north": { "texture": "#emblems1", "uv": [ 52.0, 0.0, 56.0, 8.0 ], "autoUv": false },
										"east": { "texture": "#emblems1", "uv": [ 56.0, 0.0, 60.0, 8.0 ], "autoUv": false },
										"south": { "texture": "#emblems1", "uv": [ 60.0, 0.0, 63.0, 8.0 ], "autoUv": false },
										"up": { "texture": "#emblems1", "uv": [ 56.0, 0.0, 60.0, 4.0 ], "rotation": 90, "autoUv": false },
										"down": { "texture": "#emblems1", "uv": [ 56.0, 12.0, 60.0, 16.0 ], "autoUv": false }
									}
								},
								{
									"name": "Emblem4",
									"from": [ 0.0, 2.5, 1.0 ],
									"to": [ 0.5, 3.0, 1.5 ],
									"rotationOrigin": [ 0.0, 1.0, 1.0 ],
									"faces": {
										"north": { "texture": "#emblems1", "uv": [ 68.0, 0.0, 72.0, 4.0 ], "autoUv": false },
										"east": { "texture": "#emblems1", "uv": [ 64.0, 4.0, 68.0, 8.0 ], "autoUv": false },
										"south": { "texture": "#emblems1", "uv": [ 60.0, 0.0, 64.0, 4.0 ], "autoUv": false },
										"up": { "texture": "#emblems1", "uv": [ 64.0, 0.0, 68.0, 4.0 ], "rotation": 90, "autoUv": false }
									}
								}
							]
						}
					]
				}
			]
		},
		{
			"name": "GuantletR",
			"stepParentName": "LowerArmR",
			"from": [ -0.5, 6.75, -0.5 ],
			"to": [ 3.0, 7.75, 2.5 ],
			"rotationOrigin": [ -1.0, 7.0, 0.0 ],
			"faces": {
				"north": { "texture": "#blackguardbody", "uv": [ 111.0, 122.0, 118.0, 124.0 ], "autoUv": false },
				"east": { "texture": "#blackguardbody", "uv": [ 112.0, 122.0, 118.0, 124.0 ], "autoUv": false },
				"south": { "texture": "#blackguardbody", "uv": [ 106.0, 122.0, 113.0, 124.0 ], "autoUv": false },
				"west": { "texture": "#blackguardbody", "uv": [ 106.0, 122.0, 112.0, 124.0 ], "autoUv": false },
				"up": { "texture": "#blackguardbody", "uv": [ 106.0, 117.0, 113.0, 123.0 ], "autoUv": false },
				"down": { "texture": "#blackguardbody", "uv": [ 111.0, 117.0, 118.0, 123.0 ], "autoUv": false }
			},
			"children": [
				{
					"name": "GuantletMainR",
					"from": [ 0.25, -7.0, 0.25 ],
					"to": [ 3.25, 0.0, 2.75 ],
					"rotationOrigin": [ 0.0, -6.0, 0.0 ],
					"faces": {
						"north": { "texture": "#blackguardbody", "uv": [ 86.0, 109.0, 92.0, 123.0 ], "autoUv": false },
						"east": { "texture": "#blackguardbody", "uv": [ 91.0, 109.0, 96.0, 123.0 ], "autoUv": false },
						"south": { "texture": "#blackguardbody", "uv": [ 100.0, 109.0, 106.0, 123.0 ], "autoUv": false },
						"west": { "texture": "#blackguardbody", "uv": [ 87.0, 109.0, 92.0, 123.0 ], "autoUv": false },
						"down": { "texture": "#blackguardbody", "uv": [ 85.0, 111.5, 91.0, 116.5 ], "autoUv": false }
					}
				},
				{
					"name": "ElbowPlateR",
					"from": [ 1.0, -1.25, -0.25 ],
					"to": [ 4.0, 1.75, 0.25 ],
					"rotationOrigin": [ 2.5, 0.25, 0.0 ],
					"faces": {
						"north": { "texture": "#blackguardbody", "uv": [ 73.0, 91.0, 79.0, 97.0 ], "rotation": 90, "autoUv": false },
						"east": { "texture": "#blackguardbody", "uv": [ 44.0, 25.0, 45.0, 31.0 ], "autoUv": false },
						"south": { "texture": "#blackguardbody", "uv": [ 51.0, 25.0, 57.0, 31.0 ], "autoUv": false },
						"west": { "texture": "#blackguardbody", "uv": [ 50.0, 25.0, 51.0, 31.0 ], "autoUv": false },
						"up": { "texture": "#blackguardbody", "uv": [ 45.0, 24.0, 51.0, 25.0 ], "autoUv": false },
						"down": { "texture": "#blackguardbody", "uv": [ 45.0, 31.0, 51.0, 32.0 ], "autoUv": false }
					}
				},
				{
					"name": "ElbowR",
					"from": [ 1.75, 0.25, 0.3 ],
					"to": [ 3.75, 2.25, 2.8 ],
					"rotationOrigin": [ 1.75, 0.25, 0.0 ],
					"rotationZ": -45.0,
					"faces": {
						"north": { "texture": "#blackguardbody", "uv": [ 10.0, 33.0, 14.0, 37.0 ], "rotation": 180, "autoUv": false },
						"east": { "texture": "#blackguardbody", "uv": [ 32.0, 39.0, 37.0, 43.0 ], "autoUv": false },
						"south": { "texture": "#blackguardbody", "uv": [ 1.0, 33.0, 5.0, 37.0 ], "rotation": 180, "autoUv": false },
						"up": { "texture": "#blackguardbody", "uv": [ 31.0, 39.0, 36.0, 43.0 ], "rotation": 270, "autoUv": false }
					}
				}
			]
		},
		{
			"name": "Abdomen",
			"stepParentName": "LowerTorso",
			"from": [ -0.25, -1.0, -0.25 ],
			"to": [ 5.25, 4.0, 6.25 ],
			"rotationOrigin": [ 0.0, -1.0, 0.0 ],
			"faces": {
				"north": { "texture": "#blackguardbody", "uv": [ 81.0, 23.0, 91.0, 32.0 ], "autoUv": false },
				"east": { "texture": "#blackguardbody", "uv": [ 115.0, 23.0, 127.0, 32.0 ], "autoUv": false },
				"south": { "texture": "#blackguardbody", "uv": [ 105.0, 23.0, 115.0, 32.0 ], "autoUv": false },
				"west": { "texture": "#blackguardbody", "uv": [ 91.0, 23.0, 103.0, 32.0 ], "autoUv": false }
			}
		},
		{
			"name": "GuantletL",
			"stepParentName": "LowerArmL",
			"from": [ -0.5, 6.75, -0.5 ],
			"to": [ 3.0, 7.75, 2.5 ],
			"rotationOrigin": [ 0.0, 5.0, 0.0 ],
			"faces": {
				"north": { "texture": "#blackguardbody", "uv": [ 106.0, 122.0, 113.0, 124.0 ], "autoUv": false },
				"east": { "texture": "#blackguardbody", "uv": [ 106.0, 122.0, 112.0, 124.0 ], "autoUv": false },
				"south": { "texture": "#blackguardbody", "uv": [ 111.0, 122.0, 118.0, 124.0 ], "autoUv": false },
				"west": { "texture": "#blackguardbody", "uv": [ 112.0, 122.0, 118.0, 124.0 ], "autoUv": false },
				"up": { "texture": "#blackguardbody", "uv": [ 105.5, 117.0, 112.5, 123.0 ], "autoUv": false },
				"down": { "texture": "#blackguardbody", "uv": [ 111.0, 117.0, 118.0, 123.0 ], "autoUv": false }
			},
			"children": [
				{
					"name": "GuantletMainL",
					"from": [ 0.25, -7.0, 0.25 ],
					"to": [ 3.25, 0.0, 2.75 ],
					"rotationOrigin": [ 0.0, -6.0, 0.0 ],
					"faces": {
						"north": { "texture": "#blackguardbody", "uv": [ 100.0, 109.0, 106.0, 123.0 ], "autoUv": false },
						"east": { "texture": "#blackguardbody", "uv": [ 94.0, 109.5, 99.0, 123.5 ], "autoUv": false },
						"south": { "texture": "#blackguardbody", "uv": [ 90.0, 109.0, 96.0, 123.0 ], "autoUv": false },
						"west": { "texture": "#blackguardbody", "uv": [ 90.0, 109.0, 95.0, 123.0 ], "autoUv": false },
						"down": { "texture": "#blackguardbody", "uv": [ 86.0, 111.0, 92.0, 116.0 ], "autoUv": false }
					},
					"children": [
						{
							"name": "GuantletGloveL",
							"from": [ -0.25, -0.25, 0.75 ],
							"to": [ 3.25, 4.25, 2.75 ],
							"rotationOrigin": [ 0.0, 0.0, 1.0 ],
							"faces": {
								"north": { "texture": "#blackguardbody", "uv": [ 24.0, 97.0, 31.0, 106.0 ], "autoUv": false },
								"east": { "texture": "#blackguardbody", "uv": [ 2.0, 97.0, 6.0, 106.0 ], "autoUv": false },
								"south": { "texture": "#blackguardbody", "uv": [ 8.0, 97.0, 15.0, 106.0 ], "autoUv": false },
								"west": { "texture": "#blackguardbody", "uv": [ 11.0, 97.0, 15.0, 106.0 ], "autoUv": false },
								"up": { "texture": "#blackguardbody", "uv": [ 8.0, 102.0, 17.0, 106.0 ], "autoUv": false },
								"down": { "texture": "#blackguardbody", "uv": [ 1.0, 14.0, 8.0, 18.0 ], "autoUv": false }
							}
						}
					]
				},
				{
					"name": "ElbowL",
					"from": [ 1.75, 0.25, 0.2 ],
					"to": [ 3.75, 2.25, 2.7 ],
					"rotationOrigin": [ 1.75, 0.25, 0.0 ],
					"rotationZ": -45.0,
					"faces": {
						"north": { "texture": "#blackguardbody", "uv": [ 46.0, 26.0, 50.0, 30.0 ], "rotation": 180, "autoUv": false },
						"east": { "texture": "#blackguardbody", "uv": [ 31.0, 39.0, 36.0, 43.0 ], "autoUv": false },
						"south": { "texture": "#blackguardbody", "uv": [ 46.0, 26.0, 50.0, 30.0 ], "rotation": 270, "autoUv": false },
						"up": { "texture": "#blackguardbody", "uv": [ 31.0, 39.0, 36.0, 43.0 ], "rotation": 270, "autoUv": false }
					}
				}
			]
		},
		{
			"name": "BicepL",
			"stepParentName": "UpperArmL",
			"from": [ 3.65, 0.0, 1.25 ],
			"to": [ 7.15, 3.5, 3.75 ],
			"rotationOrigin": [ 3.5, 0.0, 1.75 ],
			"rotationY": -180.0,
			"faces": {
				"north": { "texture": "#blackguardbody", "uv": [ 1.0, 73.0, 8.0, 80.0 ], "autoUv": false },
				"east": { "texture": "#blackguardbody", "uv": [ 12.0, 73.0, 17.0, 80.0 ], "autoUv": false },
				"south": { "texture": "#blackguardbody", "uv": [ 11.0, 73.0, 18.0, 80.0 ], "autoUv": false },
				"west": { "texture": "#blackguardbody", "uv": [ 22.0, 73.0, 27.0, 80.0 ], "autoUv": false }
			},
			"children": [
				{
					"name": "ShoulderL",
					"from": [ -0.26, 3.75, -0.75 ],
					"to": [ 3.84, 7.75, 1.25 ],
					"rotationOrigin": [ -0.75, 3.0, 1.75 ],
					"rotationX": -11.25,
					"faces": {
						"north": { "texture": "#blackguardbody", "uv": [ 24.0, 96.0, 32.0, 104.0 ], "autoUv": false },
						"east": { "texture": "#blackguardbody", "uv": [ 12.0, 1.0, 16.0, 9.0 ], "autoUv": false },
						"west": { "texture": "#blackguardbody", "uv": [ 12.0, 1.0, 16.0, 9.0 ], "autoUv": false },
						"up": { "texture": "#blackguardbody", "uv": [ 35.0, 14.0, 43.0, 18.0 ], "rotation": 180, "autoUv": false }
					},
					"children": [
						{
							"name": "ShoulderTrimVL",
							"from": [ -0.26, -0.5, 1.75 ],
							"to": [ 4.24, 4.5, 2.25 ],
							"rotationOrigin": [ 0.0, -1.0, 1.5 ],
							"faces": {
								"north": { "texture": "#blackguardbody", "uv": [ 1.0, 0.0, 10.0, 10.0 ], "autoUv": false },
								"east": { "texture": "#blackguardbody", "uv": [ 1.0, 0.0, 2.0, 10.0 ], "autoUv": false },
								"south": { "texture": "#blackguardbody", "uv": [ 2.0, 0.0, 11.0, 10.0 ], "autoUv": false },
								"west": { "texture": "#blackguardbody", "uv": [ 1.0, 2.0, 2.0, 12.0 ], "autoUv": false },
								"up": { "texture": "#blackguardbody", "uv": [ 1.0, 0.0, 10.0, 1.0 ], "autoUv": false }
							}
						},
						{
							"name": "ShoulderTrimHL",
							"from": [ -0.25, -0.5, -0.25 ],
							"to": [ 4.25, 0.0, 2.25 ],
							"rotationOrigin": [ 0.0, -0.5, 2.25 ],
							"rotationX": -22.5,
							"faces": {
								"north": { "texture": "#blackguardbody", "uv": [ 1.0, 0.0, 10.0, 1.0 ], "autoUv": false },
								"east": { "texture": "#blackguardbody", "uv": [ 1.0, 0.0, 6.0, 1.0 ], "autoUv": false },
								"west": { "texture": "#blackguardbody", "uv": [ 1.0, 0.0, 6.0, 1.0 ], "autoUv": false },
								"up": { "texture": "#blackguardbody", "uv": [ 2.0, 0.0, 11.0, 5.0 ], "autoUv": false },
								"down": { "texture": "#blackguardbody", "uv": [ 1.0, 1.0, 10.0, 6.0 ], "autoUv": false }
							}
						},
						{
							"name": "Shoulder2L",
							"from": [ 0.0, -1.0, 0.0 ],
							"to": [ 4.1, 0.0, 1.0 ],
							"rotationOrigin": [ 0.0, -1.0, 0.0 ],
							"faces": {
								"north": { "texture": "#blackguardbody", "uv": [ 75.0, 93.0, 83.0, 95.0 ], "autoUv": false },
								"east": { "texture": "#blackguardbody", "uv": [ 21.0, 104.0, 23.0, 106.0 ], "autoUv": false },
								"west": { "texture": "#blackguardbody", "uv": [ 18.0, 104.0, 20.0, 106.0 ], "autoUv": false }
							}
						},
						{
							"name": "Shoulder3L",
							"from": [ 0.0, -0.5, 1.0 ],
							"to": [ 4.1, 0.0, 2.0 ],
							"rotationOrigin": [ 0.0, 0.0, 1.0 ],
							"faces": {
								"east": { "texture": "#blackguardbody", "uv": [ 67.0, 94.0, 69.0, 95.0 ], "autoUv": false },
								"west": { "texture": "#blackguardbody", "uv": [ 64.0, 94.0, 66.0, 95.0 ], "autoUv": false }
							}
						}
					]
				},
				{
					"name": "ShoulderInnerL",
					"from": [ -0.25, 3.5, 0.5 ],
					"to": [ 3.75, 7.5, 2.5 ],
					"rotationOrigin": [ -0.25, 3.0, 0.75 ],
					"faces": {
						"east": { "texture": "#blackguardbody", "uv": [ 70.0, 101.0, 74.0, 109.0 ], "autoUv": false },
						"west": { "texture": "#blackguardbody", "uv": [ 70.0, 100.0, 74.0, 108.0 ], "autoUv": false },
						"up": { "texture": "#blackguardbody", "uv": [ 69.5, 102.0, 77.5, 106.0 ], "autoUv": false },
						"down": { "texture": "#blackguardbody", "uv": [ 71.0, 102.0, 79.0, 106.0 ], "autoUv": false }
					}
				},
				{
					"name": "Cube3",
					"from": [ -0.2, 0.0, -0.2 ],
					"to": [ 3.6, 3.5, 1.8 ],
					"faces": {
						"north": { "texture": "#blackguardbody", "uv": [ 0.0, 59.0, 8.0, 66.0 ], "autoUv": false },
						"east": { "texture": "#blackguardbody", "uv": [ 59.0, 60.0, 63.0, 67.0 ], "autoUv": false },
						"west": { "texture": "#blackguardbody", "uv": [ 57.5, 60.0, 61.5, 67.0 ], "autoUv": false }
					}
				}
			]
		},
		{
			"name": "ThighOutterL",
			"stepParentName": "UpperFootL",
			"from": [ -0.75, 3.5, 0.5 ],
			"to": [ 4.75, 7.5, 3.5 ],
			"rotationOrigin": [ 0.0, 3.0, 0.0 ],
			"faces": {
				"east": { "texture": "#blackguardbody", "uv": [ 81.0, 22.0, 87.0, 30.0 ], "autoUv": false },
				"south": { "texture": "#blackguardbody", "uv": [ 104.0, 22.0, 115.0, 30.0 ], "autoUv": false },
				"west": { "texture": "#blackguardbody", "uv": [ 82.0, 22.0, 88.0, 30.0 ], "autoUv": false },
				"up": { "texture": "#blackguardbody", "uv": [ 104.0, 5.0, 115.0, 11.0 ], "autoUv": false }
			},
			"children": [
				{
					"name": "ThighLowerL",
					"from": [ 0.0, -8.0, 0.0 ],
					"to": [ 5.5, 0.0, 3.0 ],
					"rotationOrigin": [ 0.0, 0.0, 0.0 ],
					"rotationX": -1.0,
					"faces": {
						"east": { "texture": "#blackguardbody", "uv": [ 50.0, 50.0, 56.0, 66.0 ], "autoUv": false },
						"south": { "texture": "#blackguardbody", "uv": [ 16.0, 50.0, 27.0, 66.0 ], "autoUv": false },
						"west": { "texture": "#blackguardbody", "uv": [ 10.0, 50.0, 16.0, 66.0 ], "autoUv": false }
					}
				}
			]
		},
		{
			"name": "ThighOutterR",
			"stepParentName": "UpperFootR",
			"from": [ -0.75, 3.5, -0.25 ],
			"to": [ 4.75, 7.5, 2.75 ],
			"rotationOrigin": [ 0.0, 3.0, 0.0 ],
			"faces": {
				"north": { "texture": "#blackguardbody", "uv": [ 80.0, 22.0, 91.0, 30.0 ], "autoUv": false },
				"east": { "texture": "#blackguardbody", "uv": [ 104.0, 22.0, 110.0, 30.0 ], "autoUv": false },
				"west": { "texture": "#blackguardbody", "uv": [ 117.0, 22.0, 123.0, 30.0 ], "autoUv": false },
				"up": { "texture": "#blackguardbody", "uv": [ 104.0, 2.0, 115.0, 8.0 ], "autoUv": false }
			},
			"children": [
				{
					"name": "ThighLowerR",
					"from": [ 0.0, -8.0, 0.0 ],
					"to": [ 5.5, 0.0, 3.0 ],
					"rotationOrigin": [ 0.0, 0.0, 3.0 ],
					"faces": {
						"north": { "texture": "#blackguardbody", "uv": [ 16.0, 50.0, 27.0, 66.0 ], "autoUv": false },
						"east": { "texture": "#blackguardbody", "uv": [ 10.0, 50.0, 16.0, 66.0 ], "autoUv": false },
						"west": { "texture": "#blackguardbody", "uv": [ 50.0, 50.0, 56.0, 66.0 ], "autoUv": false }
					}
				}
			]
		}
	]}
