{
	"editor": {
		"collapsedPaths": "Root/Button2,Root/Button1",
		"allAngles": false,
		"entityTextureMode": false
	},
	"textureWidth": 16,
	"textureHeight": 16,
	"textureSizes": {
	},
	"textures": {
	},
	"elements": [
		{
			"name": "Plate",
			"from": [ 4.0, 0.0, 3.0 ],
			"to": [ 12.0, 2.0, 13.0 ],
			"rotationOrigin": [ 4.0, 0.0, 3.0 ],
			"faces": {
				"north": { "texture": "#wood", "uv": [ 0.0, 0.0, 8.0, 2.0 ] },
				"east": { "texture": "#wood", "uv": [ 0.0, 0.0, 10.0, 2.0 ] },
				"south": { "texture": "#wood", "uv": [ 0.0, 0.0, 8.0, 2.0 ] },
				"west": { "texture": "#wood", "uv": [ 0.0, 0.0, 10.0, 2.0 ] },
				"up": { "texture": "#wood", "uv": [ 0.0, 0.0, 8.0, 10.0 ] },
				"down": { "texture": "#wood", "uv": [ 0.0, 0.0, 8.0, 10.0 ] }
			},
			"children": [
				{
					"name": "Edge1",
					"from": [ 0.0, 1.0, 0.7 ],
					"to": [ 1.0, 2.0, 9.3 ],
					"rotationOrigin": [ 0.0, 2.0, 1.0 ],
					"rotationZ": 46.0,
					"faces": {
						"north": { "texture": "#wood", "uv": [ 0.0, 0.0, 1.0, 1.0 ] },
						"east": { "texture": "#wood", "uv": [ 0.0, 0.0, 8.5, 1.0 ] },
						"south": { "texture": "#wood", "uv": [ 0.0, 0.0, 1.0, 1.0 ] },
						"west": { "texture": "#wood", "uv": [ 0.0, 0.0, 8.5, 1.0 ] },
						"up": { "texture": "#wood", "uv": [ 0.0, 0.0, 1.0, 8.5 ] },
						"down": { "texture": "#wood", "uv": [ 0.0, 0.0, 1.0, 8.5 ] }
					}
				},
				{
					"name": "Edge2",
					"from": [ 8.0, 1.0, 0.7 ],
					"to": [ 9.0, 2.0, 9.3 ],
					"rotationOrigin": [ 8.0, 2.0, 1.0 ],
					"rotationZ": -135.0,
					"faces": {
						"north": { "texture": "#wood", "uv": [ 0.0, 0.0, 1.0, 1.0 ] },
						"east": { "texture": "#wood", "uv": [ 0.0, 0.0, 8.5, 1.0 ] },
						"south": { "texture": "#wood", "uv": [ 0.0, 0.0, 1.0, 1.0 ] },
						"west": { "texture": "#wood", "uv": [ 0.0, 0.0, 8.5, 1.0 ] },
						"up": { "texture": "#wood", "uv": [ 0.0, 0.0, 1.0, 8.5 ] },
						"down": { "texture": "#wood", "uv": [ 0.0, 0.0, 1.0, 8.5 ] }
					}
				},
				{
					"name": "Edge3",
					"from": [ 7.0, 1.0, -0.3 ],
					"to": [ 8.0, 2.0, 6.3 ],
					"rotationOrigin": [ 7.0, 2.0, 0.0 ],
					"rotationY": -90.0,
					"rotationZ": 45.0,
					"faces": {
						"north": { "texture": "#wood", "uv": [ 0.0, 0.0, 1.0, 1.0 ] },
						"east": { "texture": "#wood", "uv": [ 0.0, 0.0, 6.5, 1.0 ] },
						"south": { "texture": "#wood", "uv": [ 0.0, 0.0, 1.0, 1.0 ] },
						"west": { "texture": "#wood", "uv": [ 0.0, 0.0, 6.5, 1.0 ] },
						"up": { "texture": "#wood", "uv": [ 0.0, 0.0, 1.0, 6.5 ] },
						"down": { "texture": "#wood", "uv": [ 0.0, 0.0, 1.0, 6.5 ] }
					}
				},
				{
					"name": "Edge4",
					"from": [ 1.0, 1.0, 9.7 ],
					"to": [ 2.0, 2.0, 16.3 ],
					"rotationOrigin": [ 1.0, 2.0, 10.0 ],
					"rotationY": 90.0,
					"rotationZ": 45.0,
					"faces": {
						"north": { "texture": "#wood", "uv": [ 0.0, 0.0, 1.0, 1.0 ] },
						"east": { "texture": "#wood", "uv": [ 0.0, 0.0, 6.0, 1.0 ] },
						"south": { "texture": "#wood", "uv": [ 0.0, 0.0, 1.0, 1.0 ] },
						"west": { "texture": "#wood", "uv": [ 0.0, 0.0, 6.0, 1.0 ] },
						"up": { "texture": "#wood", "uv": [ 0.0, 0.0, 1.0, 6.0 ] },
						"down": { "texture": "#wood", "uv": [ 0.0, 0.0, 1.0, 6.0 ] }
					}
				},
				{
					"name": "Corner1",
					"from": [ 0.0, 2.0, 0.0 ],
					"to": [ 0.7, 2.75, 0.7 ],
					"rotationOrigin": [ 0.0, 2.0, 0.0 ],
					"faces": {
						"north": { "texture": "#wood", "uv": [ 0.0, 0.0, 0.5, 0.5 ] },
						"east": { "texture": "#wood", "uv": [ 0.0, 0.0, 0.5, 0.5 ] },
						"south": { "texture": "#wood", "uv": [ 0.0, 0.0, 0.5, 0.5 ] },
						"west": { "texture": "#wood", "uv": [ 0.0, 0.0, 0.5, 0.5 ] },
						"up": { "texture": "#wood", "uv": [ 0.0, 0.0, 0.5, 0.5 ] },
						"down": { "texture": "#wood", "uv": [ 0.0, 0.0, 0.5, 0.5 ] }
					}
				},
				{
					"name": "Corner2",
					"from": [ 0.0, 2.0, 9.3 ],
					"to": [ 0.7, 2.75, 10.0 ],
					"rotationOrigin": [ 0.0, 2.0, 9.0 ],
					"faces": {
						"north": { "texture": "#wood", "uv": [ 0.0, 0.0, 0.5, 0.5 ] },
						"east": { "texture": "#wood", "uv": [ 0.0, 0.0, 0.5, 0.5 ] },
						"south": { "texture": "#wood", "uv": [ 0.0, 0.0, 0.5, 0.5 ] },
						"west": { "texture": "#wood", "uv": [ 0.0, 0.0, 0.5, 0.5 ] },
						"up": { "texture": "#wood", "uv": [ 0.0, 0.0, 0.5, 0.5 ] },
						"down": { "texture": "#wood", "uv": [ 0.0, 0.0, 0.5, 0.5 ] }
					}
				},
				{
					"name": "Corner3",
					"from": [ 7.3, 2.0, 9.3 ],
					"to": [ 8.0, 2.75, 10.0 ],
					"rotationOrigin": [ 7.0, 2.0, 9.0 ],
					"faces": {
						"north": { "texture": "#wood", "uv": [ 0.0, 0.0, 0.5, 0.5 ] },
						"east": { "texture": "#wood", "uv": [ 0.0, 0.0, 0.5, 0.5 ] },
						"south": { "texture": "#wood", "uv": [ 0.0, 0.0, 0.5, 0.5 ] },
						"west": { "texture": "#wood", "uv": [ 0.0, 0.0, 0.5, 0.5 ] },
						"up": { "texture": "#wood", "uv": [ 0.0, 0.0, 0.5, 0.5 ] },
						"down": { "texture": "#wood", "uv": [ 0.0, 0.0, 0.5, 0.5 ] }
					}
				},
				{
					"name": "Corner4",
					"from": [ 7.3, 2.0, 0.0 ],
					"to": [ 8.0, 2.75, 0.7 ],
					"rotationOrigin": [ 7.0, 2.0, 0.0 ],
					"faces": {
						"north": { "texture": "#wood", "uv": [ 0.0, 0.0, 0.5, 0.5 ] },
						"east": { "texture": "#wood", "uv": [ 0.0, 0.0, 0.5, 0.5 ] },
						"south": { "texture": "#wood", "uv": [ 0.0, 0.0, 0.5, 0.5 ] },
						"west": { "texture": "#wood", "uv": [ 0.0, 0.0, 0.5, 0.5 ] },
						"up": { "texture": "#wood", "uv": [ 0.0, 0.0, 0.5, 0.5 ] },
						"down": { "texture": "#wood", "uv": [ 0.0, 0.0, 0.5, 0.5 ] }
					}
				},
				{
					"name": "Tray",
					"from": [ 0.7, 2.0, 0.7 ],
					"to": [ 7.3, 2.75, 9.3 ],
					"rotationOrigin": [ 1.0, 2.0, 1.0 ],
					"faces": {
						"north": { "texture": "#wood", "uv": [ 0.0, 0.0, 6.5, 0.5 ] },
						"east": { "texture": "#wood", "uv": [ 0.0, 0.0, 8.5, 0.5 ] },
						"south": { "texture": "#wood", "uv": [ 0.0, 0.0, 6.5, 0.5 ] },
						"west": { "texture": "#wood", "uv": [ 0.0, 0.0, 8.5, 0.5 ] },
						"up": { "texture": "#wood", "uv": [ 0.0, 0.0, 6.5, 8.5 ] },
						"down": { "texture": "#wood", "uv": [ 0.0, 0.0, 6.5, 8.5 ] }
					}
				}
			]
		},
		{
			"name": "Button1",
			"from": [ 5.5, 2.75, 4.55 ],
			"to": [ 6.0, 3.25, 5.05 ],
			"rotationOrigin": [ 5.0, 2.75, 5.0 ],
			"faces": {
				"north": { "texture": "#gold", "uv": [ 0.0, 0.0, 0.5, 0.5 ] },
				"east": { "texture": "#gold", "uv": [ 0.0, 0.0, 0.5, 0.5 ] },
				"south": { "texture": "#gold", "uv": [ 0.0, 0.0, 0.5, 0.5 ] },
				"west": { "texture": "#gold", "uv": [ 0.0, 0.0, 0.5, 0.5 ] },
				"up": { "texture": "#gold", "uv": [ 0.0, 0.0, 0.5, 0.5 ] },
				"down": { "texture": "#gold", "uv": [ 0.0, 0.0, 0.5, 0.5 ] }
			},
			"children": [
				{
					"name": "Cube2",
					"from": [ -0.25, 0.5, -0.25 ],
					"to": [ 0.75, 0.75, 0.75 ],
					"rotationOrigin": [ 0.0, 0.5, 0.0 ],
					"faces": {
						"north": { "texture": "#gold", "uv": [ 0.0, 0.0, 1.0, 0.5 ] },
						"east": { "texture": "#gold", "uv": [ 0.0, 0.0, 1.0, 0.5 ] },
						"south": { "texture": "#gold", "uv": [ 0.0, 0.0, 1.0, 0.5 ] },
						"west": { "texture": "#gold", "uv": [ 0.0, 0.0, 1.0, 0.5 ] },
						"up": { "texture": "#gold", "uv": [ 0.0, 0.0, 1.0, 1.0 ] },
						"down": { "texture": "#gold", "uv": [ 0.0, 0.0, 1.0, 1.0 ] }
					}
				}
			]
		},
		{
			"name": "Button2",
			"from": [ 10.0, 2.75, 4.5 ],
			"to": [ 10.5, 3.25, 5.0 ],
			"rotationOrigin": [ 9.0, 2.75, 5.0 ],
			"faces": {
				"north": { "texture": "#gold", "uv": [ 0.0, 0.0, 0.5, 0.5 ] },
				"east": { "texture": "#gold", "uv": [ 0.0, 0.0, 0.5, 0.5 ] },
				"south": { "texture": "#gold", "uv": [ 0.0, 0.0, 0.5, 0.5 ] },
				"west": { "texture": "#gold", "uv": [ 0.0, 0.0, 0.5, 0.5 ] },
				"up": { "texture": "#gold", "uv": [ 0.0, 0.0, 0.5, 0.5 ] },
				"down": { "texture": "#gold", "uv": [ 0.0, 0.0, 0.5, 0.5 ] }
			},
			"children": [
				{
					"name": "Cube3",
					"from": [ -0.25, 0.5, -0.2 ],
					"to": [ 0.75, 0.75, 0.8 ],
					"rotationOrigin": [ 0.5, 0.5, 0.05 ],
					"faces": {
						"north": { "texture": "#gold", "uv": [ 0.0, 0.0, 1.0, 0.5 ] },
						"east": { "texture": "#gold", "uv": [ 0.0, 0.0, 1.0, 0.5 ] },
						"south": { "texture": "#gold", "uv": [ 0.0, 0.0, 1.0, 0.5 ] },
						"west": { "texture": "#gold", "uv": [ 0.0, 0.0, 1.0, 0.5 ] },
						"up": { "texture": "#gold", "uv": [ 0.0, 0.0, 1.0, 1.0 ] },
						"down": { "texture": "#gold", "uv": [ 0.0, 0.0, 1.0, 1.0 ] }
					}
				}
			]
		},
		{
			"name": "Bearing1",
			"from": [ 7.0, 2.75, 7.5 ],
			"to": [ 7.5, 4.5, 8.5 ],
			"rotationOrigin": [ 7.0, 2.0, 7.0 ],
			"faces": {
				"north": { "texture": "#gold", "uv": [ 0.0, 0.0, 0.5, 1.5 ] },
				"east": { "texture": "#gold", "uv": [ 0.0, 0.0, 1.0, 1.5 ] },
				"south": { "texture": "#gold", "uv": [ 0.0, 0.0, 0.5, 1.5 ] },
				"west": { "texture": "#gold", "uv": [ 0.0, 0.0, 1.0, 1.5 ] },
				"up": { "texture": "#gold", "uv": [ 0.0, 0.0, 0.5, 1.0 ] },
				"down": { "texture": "#gold", "uv": [ 0.0, 0.0, 0.5, 1.0 ] }
			}
		},
		{
			"name": "Bearing2",
			"from": [ 8.5, 2.75, 7.5 ],
			"to": [ 9.0, 4.5, 8.5 ],
			"rotationOrigin": [ 9.0, 2.0, 7.0 ],
			"faces": {
				"north": { "texture": "#gold", "uv": [ 0.0, 0.0, 0.5, 1.5 ] },
				"east": { "texture": "#gold", "uv": [ 0.0, 0.0, 1.0, 1.5 ] },
				"south": { "texture": "#gold", "uv": [ 0.0, 0.0, 0.5, 1.5 ] },
				"west": { "texture": "#gold", "uv": [ 0.0, 0.0, 1.0, 1.5 ] },
				"up": { "texture": "#gold", "uv": [ 0.0, 0.0, 0.5, 1.0 ] },
				"down": { "texture": "#gold", "uv": [ 0.0, 0.0, 0.5, 1.0 ] }
			}
		},
		{
			"name": "Axis",
			"from": [ 7.5, 3.75, 5.5 ],
			"to": [ 8.5, 4.75, 12.5 ],
			"rotationOrigin": [ 8.0, 4.0, 8.0 ],
			"faces": {
				"north": { "texture": "#copper", "uv": [ 0.0, 0.0, 1.0, 1.0 ] },
				"east": { "texture": "#copper", "uv": [ 0.0, 0.0, 7.0, 1.0 ] },
				"south": { "texture": "#copper", "uv": [ 0.0, 0.0, 1.0, 1.0 ] },
				"west": { "texture": "#copper", "uv": [ 0.0, 0.0, 7.0, 1.0 ] },
				"up": { "texture": "#copper", "uv": [ 0.0, 0.0, 1.0, 7.0 ] },
				"down": { "texture": "#copper", "uv": [ 0.0, 0.0, 1.0, 7.0 ] }
			},
			"children": [
				{
					"name": "Needle1",
					"from": [ 0.375, -0.7, 0.5 ],
					"to": [ 0.625, 0.0, 0.75 ],
					"rotationOrigin": [ 1.0, 0.0, 1.0 ],
					"faces": {
						"north": { "texture": "#copper", "uv": [ 0.0, 0.0, 0.5, 0.5 ] },
						"east": { "texture": "#copper", "uv": [ 0.0, 0.0, 0.5, 0.5 ] },
						"south": { "texture": "#copper", "uv": [ 0.0, 0.0, 0.5, 0.5 ] },
						"west": { "texture": "#copper", "uv": [ 0.0, 0.0, 0.5, 0.5 ] },
						"up": { "texture": "#copper", "uv": [ 0.0, 0.0, 0.5, 0.5 ] },
						"down": { "texture": "#copper", "uv": [ 0.0, 0.0, 0.5, 0.5 ] }
					}
				},
				{
					"name": "Needle2",
					"from": [ 0.375, -0.3, 5.5 ],
					"to": [ 0.625, 0.0, 5.75 ],
					"rotationOrigin": [ 1.0, 0.0, 6.0 ],
					"faces": {
						"north": { "texture": "#copper", "uv": [ 0.0, 0.0, 0.5, 0.5 ] },
						"east": { "texture": "#copper", "uv": [ 0.0, 0.0, 0.5, 0.5 ] },
						"south": { "texture": "#copper", "uv": [ 0.0, 0.0, 0.5, 0.5 ] },
						"west": { "texture": "#copper", "uv": [ 0.0, 0.0, 0.5, 0.5 ] },
						"up": { "texture": "#copper", "uv": [ 0.0, 0.0, 0.5, 0.5 ] },
						"down": { "texture": "#copper", "uv": [ 0.0, 0.0, 0.5, 0.5 ] }
					}
				},
				{
					"name": "Handle1",
					"from": [ -0.25, 1.0, -0.25 ],
					"to": [ 1.25, 1.5, 1.25 ],
					"rotationOrigin": [ 0.0, 1.0, 0.0 ],
					"faces": {
						"north": { "texture": "#copper", "uv": [ 0.0, 0.0, 1.5, 0.5 ] },
						"east": { "texture": "#copper", "uv": [ 0.0, 0.0, 1.5, 0.5 ] },
						"south": { "texture": "#copper", "uv": [ 0.0, 0.0, 1.5, 0.5 ] },
						"west": { "texture": "#copper", "uv": [ 0.0, 0.0, 1.5, 0.5 ] },
						"up": { "texture": "#copper", "uv": [ 0.0, 0.0, 1.5, 1.5 ] },
						"down": { "texture": "#copper", "uv": [ 0.0, 0.0, 1.5, 1.5 ] }
					}
				},
				{
					"name": "Handle2",
					"from": [ -0.5, 1.0, 5.5 ],
					"to": [ 1.5, 1.5, 7.5 ],
					"rotationOrigin": [ -1.25, 1.0, 5.75 ],
					"faces": {
						"north": { "texture": "#bakelite", "uv": [ 0.0, 0.0, 2.0, 0.5 ] },
						"east": { "texture": "#bakelite", "uv": [ 0.0, 0.0, 2.0, 0.5 ] },
						"south": { "texture": "#bakelite", "uv": [ 0.0, 0.0, 2.0, 0.5 ] },
						"west": { "texture": "#bakelite", "uv": [ 0.0, 0.0, 2.0, 0.5 ] },
						"up": { "texture": "#bakelite", "uv": [ 0.0, 0.0, 2.0, 2.0 ] },
						"down": { "texture": "#bakelite", "uv": [ 0.0, 0.0, 2.0, 2.0 ] }
					}
				}
			]
		},
		{
			"name": "NeedlePlate1",
			"from": [ 7.875, 2.75, 6.0 ],
			"to": [ 8.125, 2.95, 6.25 ],
			"rotationOrigin": [ 8.5, 3.75, 6.5 ],
			"faces": {
				"north": { "texture": "#gold", "uv": [ 0.0, 0.0, 0.5, 0.5 ] },
				"east": { "texture": "#gold", "uv": [ 0.0, 0.0, 0.5, 0.5 ] },
				"south": { "texture": "#gold", "uv": [ 0.0, 0.0, 0.5, 0.5 ] },
				"west": { "texture": "#gold", "uv": [ 0.0, 0.0, 0.5, 0.5 ] },
				"up": { "texture": "#gold", "uv": [ 0.0, 0.0, 0.5, 0.5 ] },
				"down": { "texture": "#gold", "uv": [ 0.0, 0.0, 0.5, 0.5 ] }
			}
		},
		{
			"name": "NeedlePlate2",
			"from": [ 7.875, 2.75, 11.0 ],
			"to": [ 8.125, 3.35, 11.25 ],
			"rotationOrigin": [ 8.5, 3.75, 11.5 ],
			"faces": {
				"north": { "texture": "#gold", "uv": [ 0.0, 0.0, 0.5, 0.5 ] },
				"east": { "texture": "#gold", "uv": [ 0.0, 0.0, 0.5, 0.5 ] },
				"south": { "texture": "#gold", "uv": [ 0.0, 0.0, 0.5, 0.5 ] },
				"west": { "texture": "#gold", "uv": [ 0.0, 0.0, 0.5, 0.5 ] },
				"up": { "texture": "#gold", "uv": [ 0.0, 0.0, 0.5, 0.5 ] },
				"down": { "texture": "#gold", "uv": [ 0.0, 0.0, 0.5, 0.5 ] }
			}
		}
	],
	"animations": [
		{
			"name": "click",
			"code": "click",
			"quantityframes": 30,
			"onActivityStopped": "PlayTillEnd",
			"onAnimationEnd": "Stop",
			"keyframes": [
				{
					"frame": 0,
					"elements": {
						"Axis": { "rotationX": 0.0, "rotationY": 0.0, "rotationZ": 0.0 }
					}
				},
				{
					"frame": 5,
					"elements": {
						"Axis": { "rotationX": 2.0, "rotationY": 0.0, "rotationZ": 0.0 }
					}
				},
				{
					"frame": 9,
					"elements": {
						"Axis": { "rotationX": 0.0, "rotationY": 0.0, "rotationZ": 0.0 }
					}
				},
				{
					"frame": 19,
					"elements": {
						"Axis": { "rotationX": 2.0, "rotationY": 0.0, "rotationZ": 0.0 }
					}
				},
				{
					"frame": 25,
					"elements": {
						"Axis": { "rotationX": 0.0, "rotationY": 0.0, "rotationZ": 0.0 }
					}
				},
				{
					"frame": 29,
					"elements": {
						"Axis": { "rotationX": 2.0, "rotationY": 0.0, "rotationZ": 0.0 }
					}
				}
			]
		}
	]
}