{
	"editor": {
		"backDropShape": "D:/Hry/Vintagestory121/assets/game/shapes/entity/humanoid/seraph-hairless",
		"collapsedPaths": "Root/SideDecorationCrown/CrownFront,Root/ArmorHelmet/plumeBase,Root/ArmorHelmet/ArmorHelmetTop,Root/ArmorHelmet/plumeP3/plume22,Root/ArmorHelmet/SideDecorationCrown/CrownBack,Root/ArmorHelmet/TopDecorationLion/leg2/legdown2,Root/ArmorHelmet/TopDecorationLion/hand2,Root/ArmorHelmet/TopDecorationLion/hand1,Root/ArmorHelmet/SideDecorationCrown/CrownRight,Root/ArmorHelmet/Axel/Visorcentre/Visor7,Root/SideDecorationCrown,Root/ArmorHelmet/ArmorHelmetTop4,Root/ArmorHelmet/ArmorHelmetTop3,Root/ArmorHelmet/plume/plume4,Root/ArmorHelmet/plume/plume3,Root/ArmorHelmet/Axel/LamelRingBotAxel4,Root/ArmorHelmet/ArmorNose,Root/ArmorHelmet/Axel/ArmorHelmetTop5,Root/ArmorHelmet/Axel/LamelRingBotAxel3,Root/ArmorHelmet/TopDecorationLion/hand1/forearm1,Root/ArmorHelmet/lining,Root/TopDecorationLion/hand1,Root/ArmorHelmet/TopDecorationLion/Tail,Root/ArmorHelmet/Axel/ArmorHelmetTop6,Root/ArmorHelmet/Axel/LamelRingBotAxel2,Root/ArmorHelmet/SideDecorationCrown/CrownLeft,Root/ArmorHelmet/plumeP2,Root/ArmorHelmet/HeadDecCrownBase,Root/TopDecorationLion/hand2,Root/TopDecorationLion/Head,Root/ArmorHelmet/Axel/LamelRingTopAxel/Visor4,Root/ArmorHelmet/Axel/ArmorHelmetTop/GoldtopBOT1,Root/ArmorHelmet/HeadDecCrownBase/CrownBack,Root/ArmorHelmet/TopDecorationLion/leg2,Root/ArmorHelmet/TopDecorationLion/leg1,Root/TopDecorationLion/leg2,Root/ArmorHelmet/TopDecorationLion/hand2/forearm2,Root/ArmorHelmet/TopDecorationLion/Head,Root/ArmorHelmet/Axel/LamelRingMidAxel2/LamelringMid4,Root/ArmorHelmet/SideDecorationCrown/CrownFront,Root/ArmorHelmet/TopDecorationLion/Bottomtop,Root/ArmorHelmet/plume/plume21/plume22,Root/ArmorHelmet/plumeP1/plume4,Root/ArmorHelmet/Axel/LamelRingMidAxel4,Root/TopDecorationLion,Root/ArmorHelmet/Axel/LamelRingMidAxel3,Root/ArmorHelmet/Axel/ArmorHelmetTop/Goldtop1,Root/ArmorHelmet/Axel/LamelRingMidAxel2,Root/ArmorHelmet/TopDecorationLion/Head/Nose,Root/ArmorHelmet/HeadDecCrownBase/CrownFront3,Root/SideDecorationCrown/CrownRight,Root/ArmorHelmet/HeadDecCrownBase/CrownFront4,Root/ArmorHelmet/Axel/ArmorHelmetTop/HelmetTopRow3,Root/ArmorHelmet/Axel/LamelRingTopAxel,Root/ArmorHelmet/Axel/ArmorHelmetTop/HelmetTopRow4,Root/ArmorHelmet/Axel/ArmorHelmetTop/HelmetTopRow1,Root/ArmorHelmet/Axel/ArmorHelmetTop/HelmetTopRow2,Root/ArmorHelmet/TopDecorationLion/leg1/legdown1,Root/ArmorHelmet/HeadDecCrownBase/CrownLeft,Root/ArmorHelmet/Axel/LamelRingMidAxel,Root/ArmorHelmet/plume/plume21,Root/ArmorHelmet/HeadDecCrownBase/CrownFront2,Root/ArmorHelmet/Fin,Root/ArmorHelmet/Hinge1,Root/ArmorHelmet/HeadDecCrownBase/CrownFront,Root/ArmorHelmet/Axel/LamelRingTopAxel4/Lamelringtop10,Root/ArmorHelmet/Axel/LamelRingBotAxel,Root/ArmorHelmet/plume/plume3/plume4,Root/ArmorHelmet/Hinge4,Root/ArmorHelmet/Axel/LamelRingTopAxel3/Lamelringtop7,Root/ArmorHelmet/Axel/LamelRingTopAxel4,Root/ArmorHelmet/Axel/LamelRingTopAxel3,Root/ArmorHelmet/Axel/LamelRingTopAxel2,Root/SideDecorationCrown/CrownLeft,Root/ArmorHelmet/HeadDecCrownBase/CrownRight,Root/ArmorHelmet/plume/plume12,Root/ArmorHelmet/HeadDecCrownBase/CrownRight2,Root/SideDecorationCrown/CrownFront4,Root/SideDecorationCrown/CrownFront3,Root/SideDecorationCrown/CrownFront2",
		"allAngles": true,
		"entityTextureMode": true
	},
	"textureWidth": 64,
	"textureHeight": 64,
	"textureSizes": {
	},
	"textures": {
		"dynastyhead": "armor/entity/dynasties_song_steel",
		"plume": "block/plume/plumered"
	},
	"elements": [
		{
			"name": "ArmorHelmet",
			"stepParentName": "Head",
			"from": [ -0.4, -0.3, -0.6 ],
			"to": [ -0.4, -0.3, -0.6 ],
			"autoUnwrap": false,
			"uv": [ 27.0, 14.0 ],
			"rotationOrigin": [ -0.4, -0.3, -0.6 ],
			"faces": {
				"north": { "texture": "#dynastyhead", "uv": [ 26.5, 20.5, 27.0, 21.0 ], "windMode": [-1,-1,-1,-1], "windData": [1,1,1,1] },
				"east": { "texture": "#dynastyhead", "uv": [ 45.5, 20.5, 46.0, 21.0 ], "windMode": [-1,-1,-1,-1], "windData": [0,0,0,0] },
				"south": { "texture": "#dynastyhead", "uv": [ 38.5, 20.5, 39.0, 21.0 ], "windMode": [-1,-1,-1,-1], "windData": [1,1,1,1] },
				"west": { "texture": "#dynastyhead", "uv": [ 33.0, 20.5, 33.5, 21.0 ], "windMode": [-1,-1,-1,-1], "windData": [1,1,1,1] },
				"up": { "texture": "#dynastyhead", "uv": [ 33.0, 14.0, 33.5, 14.5 ], "rotation": 90, "windMode": [-1,-1,-1,-1], "windData": [1,1,1,1] },
				"down": { "texture": "#dynastyhead", "uv": [ 33.0, 26.5, 33.5, 27.0 ], "rotation": 90, "windMode": [-1,-1,-1,-1], "windData": [1,1,1,1] }
			},
			"children": [
				{
					"name": "Axel",
					"from": [ 3.4105, 4.76, 3.15 ],
					"to": [ 3.4105, 4.76, 3.15 ],
					"unwrapMode": 4,
					"autoUnwrap": false,
					"uv": [ 23.5, 7.5 ],
					"rotationOrigin": [ 3.4105, 4.7552, 3.15 ],
					"rotationZ": -4.0,
					"faces": {
						"north": { "texture": "#dynastyhead", "uv": [ 39.5, 21.5, 40.0, 22.0 ], "windMode": [-1,-1,-1,-1], "windData": [1,1,1,1] },
						"east": { "texture": "#dynastyhead", "uv": [ 33.5, 14.0, 34.0, 14.5 ], "windMode": [-1,-1,-1,-1], "windData": [1,1,1,1] },
						"south": { "texture": "#dynastyhead", "uv": [ 39.5, 21.5, 40.0, 22.0 ], "windMode": [-1,-1,-1,-1], "windData": [1,1,1,1] },
						"west": { "texture": "#dynastyhead", "uv": [ 33.5, 19.5, 34.0, 20.0 ], "windMode": [-1,-1,-1,-1], "windData": [1,1,1,1] },
						"up": { "texture": "#dynastyhead", "uv": [ 33.5, 15.0, 34.0, 15.5 ], "rotation": 90, "windMode": [-1,-1,-1,-1], "windData": [1,1,1,1] }
					},
					"children": [
						{
							"name": "ArmorHelmetTop",
							"from": [ 0.0, 0.0, 0.0 ],
							"to": [ 0.0, 0.0, 0.0 ],
							"unwrapMode": 4,
							"autoUnwrap": false,
							"uv": [ 23.5, 7.5 ],
							"faces": {
								"north": { "texture": "#dynastyhead", "uv": [ 39.5, 21.5, 40.0, 22.0 ], "windMode": [-1,-1,-1,-1], "windData": [1,1,1,1] },
								"east": { "texture": "#dynastyhead", "uv": [ 33.5, 14.0, 34.0, 14.5 ], "windMode": [-1,-1,-1,-1], "windData": [1,1,1,1] },
								"south": { "texture": "#dynastyhead", "uv": [ 39.5, 21.5, 40.0, 22.0 ], "windMode": [-1,-1,-1,-1], "windData": [1,1,1,1] },
								"west": { "texture": "#dynastyhead", "uv": [ 33.5, 19.5, 34.0, 20.0 ], "windMode": [-1,-1,-1,-1], "windData": [1,1,1,1] },
								"up": { "texture": "#dynastyhead", "uv": [ 33.5, 15.0, 34.0, 15.5 ], "rotation": 90, "windMode": [-1,-1,-1,-1], "windData": [1,1,1,1] }
							}
						},
						{
							"name": "Visorcentre",
							"from": [ 0.0, 0.0, 0.0 ],
							"to": [ 0.0, 0.0, 0.0 ],
							"unwrapMode": 4,
							"autoUnwrap": false,
							"uv": [ 23.5, 7.5 ],
							"faces": {
								"north": { "texture": "#dynastyhead", "uv": [ 39.5, 22.0, 40.0, 22.5 ], "windMode": [-1,-1,-1,-1], "windData": [1,1,1,1] },
								"east": { "texture": "#dynastyhead", "uv": [ 33.5, 14.0, 34.0, 14.5 ], "windMode": [-1,-1,-1,-1], "windData": [1,1,1,1] },
								"south": { "texture": "#dynastyhead", "uv": [ 39.5, 22.0, 40.0, 22.5 ], "windMode": [-1,-1,-1,-1], "windData": [1,1,1,1] },
								"west": { "texture": "#dynastyhead", "uv": [ 33.5, 19.5, 34.0, 20.0 ], "windMode": [-1,-1,-1,-1], "windData": [1,1,1,1] },
								"up": { "texture": "#dynastyhead", "uv": [ 33.5, 15.0, 34.0, 15.5 ], "rotation": 90, "windMode": [-1,-1,-1,-1], "windData": [1,1,1,1] }
							},
							"children": [
								{
									"name": "Visor1",
									"from": [ -4.2, -1.5, -1.25 ],
									"to": [ -3.1, 1.1, 1.17 ],
									"uv": [ 32.5, 19.5 ],
									"rotationOrigin": [ -4.2, -1.5, -1.25 ],
									"rotationZ": -5.0,
									"faces": {
										"north": { "texture": "#dynastyhead", "uv": [ 32.5, 21.5, 33.5, 24.0 ] },
										"east": { "texture": "#dynastyhead", "uv": [ 33.5, 21.5, 35.5, 24.0 ] },
										"south": { "texture": "#dynastyhead", "uv": [ 35.5, 21.5, 36.5, 24.0 ] },
										"west": { "texture": "#dynastyhead", "uv": [ 36.5, 21.5, 38.5, 24.0 ] },
										"up": { "texture": "#dynastyhead", "uv": [ 32.5, 19.5, 33.5, 21.5 ] },
										"down": { "texture": "#dynastyhead", "uv": [ 33.5, 19.5, 34.5, 21.5 ] }
									},
									"children": [
										{
											"name": "Visor2",
											"from": [ 0.0, 0.0139, 2.3 ],
											"to": [ 1.1, 2.6139, 4.75 ],
											"uv": [ 35.0, 19.5 ],
											"rotationOrigin": [ -0.001, 0.0139, 2.42 ],
											"rotationX": 4.0,
											"rotationY": 24.0,
											"faces": {
												"north": { "texture": "#dynastyhead", "uv": [ 35.0, 21.5, 36.0, 24.0 ] },
												"east": { "texture": "#dynastyhead", "uv": [ 36.0, 21.5, 38.0, 24.0 ] },
												"south": { "texture": "#dynastyhead", "uv": [ 38.0, 21.5, 39.0, 24.0 ] },
												"west": { "texture": "#dynastyhead", "uv": [ 39.0, 21.5, 41.0, 24.0 ] },
												"up": { "texture": "#dynastyhead", "uv": [ 35.0, 19.5, 36.0, 21.5 ] },
												"down": { "texture": "#dynastyhead", "uv": [ 36.0, 19.5, 37.0, 21.5 ] }
											},
											"children": [
												{
													"name": "Eye2",
													"from": [ -0.2, 1.2, 0.0 ],
													"to": [ 0.2, 1.8, 1.5 ],
													"uv": [ 35.5, 19.0 ],
													"rotationOrigin": [ -0.2, 1.2, 1.2 ],
													"rotationX": -13.0,
													"faces": {
														"north": { "texture": "#dynastyhead", "uv": [ 35.5, 20.5, 36.0, 21.0 ] },
														"east": { "texture": "#dynastyhead", "uv": [ 36.0, 20.5, 37.5, 21.0 ] },
														"south": { "texture": "#dynastyhead", "uv": [ 37.5, 20.5, 38.0, 21.0 ] },
														"west": { "texture": "#dynastyhead", "uv": [ 38.0, 20.5, 39.5, 21.0 ] },
														"up": { "texture": "#dynastyhead", "uv": [ 35.5, 19.0, 36.0, 20.5 ] },
														"down": { "texture": "#dynastyhead", "uv": [ 36.0, 19.0, 36.5, 20.5 ] }
													}
												}
											]
										},
										{
											"name": "Visor3",
											"from": [ 0.0, 0.0139, -2.3 ],
											"to": [ 1.1, 2.6139, 0.15 ],
											"uv": [ 32.0, 19.5 ],
											"rotationOrigin": [ -0.001, 0.0139, 0.02 ],
											"rotationX": -4.0,
											"rotationY": -24.0,
											"faces": {
												"north": { "texture": "#dynastyhead", "uv": [ 32.0, 21.5, 33.0, 24.0 ] },
												"east": { "texture": "#dynastyhead", "uv": [ 33.0, 21.5, 35.0, 24.0 ] },
												"south": { "texture": "#dynastyhead", "uv": [ 35.0, 21.5, 36.0, 24.0 ] },
												"west": { "texture": "#dynastyhead", "uv": [ 36.0, 21.5, 38.0, 24.0 ] },
												"up": { "texture": "#dynastyhead", "uv": [ 32.0, 19.5, 33.0, 21.5 ] },
												"down": { "texture": "#dynastyhead", "uv": [ 33.0, 19.5, 34.0, 21.5 ] }
											},
											"children": [
												{
													"name": "Eye1",
													"from": [ -0.2, 1.2, 1.1 ],
													"to": [ 0.2, 1.8, 2.6 ],
													"uv": [ 27.5, 19.0 ],
													"rotationOrigin": [ -0.2, 1.2, 1.1 ],
													"rotationX": 13.0,
													"faces": {
														"north": { "texture": "#dynastyhead", "uv": [ 27.5, 20.5, 28.0, 21.0 ] },
														"east": { "texture": "#dynastyhead", "uv": [ 28.0, 20.5, 29.5, 21.0 ] },
														"south": { "texture": "#dynastyhead", "uv": [ 29.5, 20.5, 30.0, 21.0 ] },
														"west": { "texture": "#dynastyhead", "uv": [ 30.0, 20.5, 31.5, 21.0 ] },
														"up": { "texture": "#dynastyhead", "uv": [ 27.5, 19.0, 28.0, 20.5 ] },
														"down": { "texture": "#dynastyhead", "uv": [ 28.0, 19.0, 28.5, 20.5 ] }
													}
												},
												{
													"name": "Plumeband1",
													"from": [ 4.6266, 1.4256, 5.899 ],
													"to": [ 5.0266, 1.8256, 8.319 ],
													"uv": [ 10.0, 24.5 ],
													"rotationOrigin": [ 4.8176, 0.9589, 5.8976 ],
													"rotationX": -167.7262,
													"rotationY": 65.859,
													"rotationZ": 167.7863,
													"faces": {
														"north": { "texture": "#plume", "uv": [ 10.0, 26.5, 10.5, 27.0 ] },
														"east": { "texture": "#plume", "uv": [ 10.5, 26.5, 12.5, 27.0 ] },
														"south": { "texture": "#plume", "uv": [ 12.5, 26.5, 13.0, 27.0 ] },
														"west": { "texture": "#plume", "uv": [ 13.0, 26.5, 15.0, 27.0 ] },
														"up": { "texture": "#plume", "uv": [ 10.0, 24.5, 10.5, 26.5 ] },
														"down": { "texture": "#plume", "uv": [ 10.5, 24.5, 11.0, 26.5 ] }
													},
													"children": [
														{
															"name": "Plumeband2",
															"from": [ -0.1, 0.0139, 2.42 ],
															"to": [ 0.6, 0.4139, 4.67 ],
															"uv": [ 2.0, 24.0 ],
															"rotationOrigin": [ -0.101, 0.0139, 2.42 ],
															"rotationY": 24.0,
															"faces": {
																"north": { "texture": "#plume", "uv": [ 2.0, 26.0, 2.5, 26.5 ] },
																"east": { "texture": "#plume", "uv": [ 2.5, 26.0, 4.5, 26.5 ] },
																"south": { "texture": "#plume", "uv": [ 4.5, 26.0, 5.0, 26.5 ] },
																"west": { "texture": "#plume", "uv": [ 5.0, 26.0, 7.0, 26.5 ] },
																"up": { "texture": "#plume", "uv": [ 2.0, 24.0, 2.5, 26.0 ] },
																"down": { "texture": "#plume", "uv": [ 2.5, 24.0, 3.0, 26.0 ] }
															}
														},
														{
															"name": "Plumeband3",
															"from": [ -0.1, 0.01, -2.13 ],
															"to": [ 0.3, 0.41, 0.02 ],
															"uv": [ 2.0, 24.0 ],
															"rotationOrigin": [ -0.101, 0.0139, 0.02 ],
															"rotationY": -24.0,
															"faces": {
																"north": { "texture": "#plume", "uv": [ 2.0, 26.0, 2.5, 26.5 ] },
																"east": { "texture": "#plume", "uv": [ 2.5, 26.0, 4.5, 26.5 ] },
																"south": { "texture": "#plume", "uv": [ 4.5, 26.0, 5.0, 26.5 ] },
																"west": { "texture": "#plume", "uv": [ 5.0, 26.0, 7.0, 26.5 ] },
																"up": { "texture": "#plume", "uv": [ 2.0, 24.0, 2.5, 26.0 ] },
																"down": { "texture": "#plume", "uv": [ 2.5, 24.0, 3.0, 26.0 ] }
															}
														},
														{
															"name": "Plumeband4",
															"from": [ 8.2521, 0.5664, 2.3965 ],
															"to": [ 8.6521, 0.9664, 4.8165 ],
															"uv": [ 2.0, 23.5 ],
															"rotationOrigin": [ 8.2506, 0.5664, 2.3961 ],
															"rotationX": 179.9983,
															"rotationY": -0.0197,
															"rotationZ": 170.0001,
															"faces": {
																"north": { "texture": "#plume", "uv": [ 2.0, 25.5, 2.5, 26.0 ] },
																"east": { "texture": "#plume", "uv": [ 2.5, 25.5, 4.5, 26.0 ] },
																"south": { "texture": "#plume", "uv": [ 4.5, 25.5, 5.0, 26.0 ] },
																"west": { "texture": "#plume", "uv": [ 5.0, 25.5, 7.0, 26.0 ] },
																"up": { "texture": "#plume", "uv": [ 2.0, 23.5, 2.5, 25.5 ] },
																"down": { "texture": "#plume", "uv": [ 2.5, 23.5, 3.0, 25.5 ] }
															},
															"children": [
																{
																	"name": "Plumeband5",
																	"from": [ 0.0, 0.0139, 2.42 ],
																	"to": [ 0.4, 0.4139, 4.57 ],
																	"uv": [ 2.0, 23.5 ],
																	"rotationOrigin": [ -0.001, 0.0139, 2.42 ],
																	"rotationY": 24.0,
																	"faces": {
																		"north": { "texture": "#plume", "uv": [ 2.0, 25.5, 2.5, 26.0 ] },
																		"east": { "texture": "#plume", "uv": [ 2.5, 25.5, 4.5, 26.0 ] },
																		"south": { "texture": "#plume", "uv": [ 4.5, 25.5, 5.0, 26.0 ] },
																		"west": { "texture": "#plume", "uv": [ 5.0, 25.5, 7.0, 26.0 ] },
																		"up": { "texture": "#plume", "uv": [ 2.0, 23.5, 2.5, 25.5 ] },
																		"down": { "texture": "#plume", "uv": [ 2.5, 23.5, 3.0, 25.5 ] }
																	}
																},
																{
																	"name": "Plumeband6",
																	"from": [ -0.1, 0.01, -2.13 ],
																	"to": [ 0.6, 0.41, 0.02 ],
																	"uv": [ 2.0, 23.5 ],
																	"rotationOrigin": [ -0.101, 0.0139, 0.02 ],
																	"rotationX": 3.0,
																	"rotationY": -24.0,
																	"faces": {
																		"north": { "texture": "#plume", "uv": [ 2.0, 25.5, 2.5, 26.0 ] },
																		"east": { "texture": "#plume", "uv": [ 2.5, 25.5, 4.5, 26.0 ] },
																		"south": { "texture": "#plume", "uv": [ 4.5, 25.5, 5.0, 26.0 ] },
																		"west": { "texture": "#plume", "uv": [ 5.0, 25.5, 7.0, 26.0 ] },
																		"up": { "texture": "#plume", "uv": [ 2.0, 23.5, 2.5, 25.5 ] },
																		"down": { "texture": "#plume", "uv": [ 2.5, 23.5, 3.0, 25.5 ] }
																	}
																},
																{
																	"name": "Plumeband7",
																	"from": [ 5.5687, 0.6212, -3.15 ],
																	"to": [ 6.3687, 1.0212, -0.73 ],
																	"uv": [ 9.5, 13.0 ],
																	"rotationOrigin": [ 5.5687, -1.1188, -3.15 ],
																	"rotationX": 90.2272,
																	"rotationY": -85.0,
																	"rotationZ": 85.2263,
																	"faces": {
																		"north": { "texture": "#plume", "uv": [ 9.5, 15.0, 10.0, 15.5 ] },
																		"east": { "texture": "#plume", "uv": [ 10.0, 15.0, 12.0, 15.5 ] },
																		"south": { "texture": "#plume", "uv": [ 12.0, 15.0, 12.5, 15.5 ] },
																		"west": { "texture": "#plume", "uv": [ 12.5, 15.0, 14.5, 15.5 ] },
																		"up": { "texture": "#plume", "uv": [ 9.5, 13.0, 10.0, 15.0 ] },
																		"down": { "texture": "#plume", "uv": [ 10.0, 13.0, 10.5, 15.0 ] }
																	},
																	"children": [
																		{
																			"name": "Plumeband8",
																			"from": [ 0.0, 0.0139, 2.42 ],
																			"to": [ 0.8, 0.4139, 4.77 ],
																			"uv": [ 9.5, 13.0 ],
																			"rotationOrigin": [ -0.001, 0.0139, 2.42 ],
																			"rotationY": 24.0,
																			"faces": {
																				"north": { "texture": "#plume", "uv": [ 9.5, 15.0, 10.0, 15.5 ] },
																				"east": { "texture": "#plume", "uv": [ 10.0, 15.0, 12.0, 15.5 ] },
																				"south": { "texture": "#plume", "uv": [ 12.0, 15.0, 12.5, 15.5 ] },
																				"west": { "texture": "#plume", "uv": [ 12.5, 15.0, 14.5, 15.5 ] },
																				"up": { "texture": "#plume", "uv": [ 9.5, 13.0, 10.0, 15.0 ] },
																				"down": { "texture": "#plume", "uv": [ 10.0, 13.0, 10.5, 15.0 ] }
																			}
																		},
																		{
																			"name": "Plumeband9",
																			"from": [ 0.0, 0.0139, -2.13 ],
																			"to": [ 0.8, 0.4139, 0.02 ],
																			"uv": [ 9.5, 13.0 ],
																			"rotationOrigin": [ -0.001, 0.0139, 0.02 ],
																			"rotationY": -24.0,
																			"faces": {
																				"north": { "texture": "#plume", "uv": [ 9.5, 15.0, 10.0, 15.5 ] },
																				"east": { "texture": "#plume", "uv": [ 10.0, 15.0, 12.0, 15.5 ] },
																				"south": { "texture": "#plume", "uv": [ 12.0, 15.0, 12.5, 15.5 ] },
																				"west": { "texture": "#plume", "uv": [ 12.5, 15.0, 14.5, 15.5 ] },
																				"up": { "texture": "#plume", "uv": [ 9.5, 13.0, 10.0, 15.0 ] },
																				"down": { "texture": "#plume", "uv": [ 10.0, 13.0, 10.5, 15.0 ] }
																			}
																		}
																	]
																}
															]
														}
													]
												}
											]
										}
									]
								},
								{
									"name": "Visorband1",
									"from": [ -1.34, -1.76, 4.02 ],
									"to": [ -0.84, 0.14, 6.44 ],
									"uv": [ 42.5, 12.0 ],
									"rotationOrigin": [ -1.149, -2.2267, 4.0186 ],
									"rotationX": -90.0,
									"rotationY": 90.0,
									"rotationZ": 85.0,
									"faces": {
										"north": { "texture": "#dynastyhead", "uv": [ 42.5, 14.0, 43.0, 15.5 ] },
										"east": { "texture": "#dynastyhead", "uv": [ 43.0, 14.0, 45.0, 15.5 ] },
										"south": { "texture": "#dynastyhead", "uv": [ 45.0, 14.0, 45.5, 15.5 ] },
										"west": { "texture": "#dynastyhead", "uv": [ 45.5, 14.0, 47.5, 15.5 ] },
										"up": { "texture": "#dynastyhead", "uv": [ 42.5, 12.0, 43.0, 14.0 ] },
										"down": { "texture": "#dynastyhead", "uv": [ 43.0, 12.0, 43.5, 14.0 ] }
									},
									"children": [
										{
											"name": "Visorband2",
											"from": [ -0.1, 0.0139, 2.42 ],
											"to": [ 0.4, 1.8139, 4.77 ],
											"uv": [ 42.5, 12.0 ],
											"rotationOrigin": [ -0.101, 0.0139, 2.42 ],
											"rotationX": -5.0,
											"rotationY": 24.0,
											"faces": {
												"north": { "texture": "#dynastyhead", "uv": [ 42.5, 14.0, 43.0, 15.5 ] },
												"east": { "texture": "#dynastyhead", "uv": [ 43.0, 14.0, 45.0, 15.5 ] },
												"south": { "texture": "#dynastyhead", "uv": [ 45.0, 14.0, 45.5, 15.5 ] },
												"west": { "texture": "#dynastyhead", "uv": [ 45.5, 14.0, 47.5, 15.5 ] },
												"up": { "texture": "#dynastyhead", "uv": [ 42.5, 12.0, 43.0, 14.0 ] },
												"down": { "texture": "#dynastyhead", "uv": [ 43.0, 12.0, 43.5, 14.0 ] }
											}
										},
										{
											"name": "Visorband3",
											"from": [ -0.1, 0.0139, -2.33 ],
											"to": [ 0.4, 1.8139, 0.02 ],
											"uv": [ 42.5, 12.0 ],
											"rotationOrigin": [ -0.101, 0.0139, 0.02 ],
											"rotationX": 5.0,
											"rotationY": -24.0,
											"rotationZ": 2.0,
											"faces": {
												"north": { "texture": "#dynastyhead", "uv": [ 42.5, 14.0, 43.0, 15.5 ] },
												"east": { "texture": "#dynastyhead", "uv": [ 43.0, 14.0, 45.0, 15.5 ] },
												"south": { "texture": "#dynastyhead", "uv": [ 45.0, 14.0, 45.5, 15.5 ] },
												"west": { "texture": "#dynastyhead", "uv": [ 45.5, 14.0, 47.5, 15.5 ] },
												"up": { "texture": "#dynastyhead", "uv": [ 42.5, 12.0, 43.0, 14.0 ] },
												"down": { "texture": "#dynastyhead", "uv": [ 43.0, 12.0, 43.5, 14.0 ] }
											}
										}
									]
								},
								{
									"name": "Visorband4",
									"from": [ 1.2485, -1.7, -4.3004 ],
									"to": [ 1.7485, 0.2, -1.8804 ],
									"uv": [ 42.5, 12.0 ],
									"rotationOrigin": [ 1.2485, -1.7, -4.3004 ],
									"rotationX": -0.0012,
									"rotationY": -89.9802,
									"rotationZ": -5.0011,
									"faces": {
										"north": { "texture": "#dynastyhead", "uv": [ 42.5, 14.0, 43.0, 15.5 ] },
										"east": { "texture": "#dynastyhead", "uv": [ 43.0, 14.0, 45.0, 15.5 ] },
										"south": { "texture": "#dynastyhead", "uv": [ 45.0, 14.0, 45.5, 15.5 ] },
										"west": { "texture": "#dynastyhead", "uv": [ 45.5, 14.0, 47.5, 15.5 ] },
										"up": { "texture": "#dynastyhead", "uv": [ 42.5, 12.0, 43.0, 14.0 ] },
										"down": { "texture": "#dynastyhead", "uv": [ 43.0, 12.0, 43.5, 14.0 ] }
									},
									"children": [
										{
											"name": "Visorband5",
											"from": [ 0.0, 0.0139, 2.42 ],
											"to": [ 0.5, 1.8139, 4.77 ],
											"uv": [ 42.5, 12.0 ],
											"rotationOrigin": [ -0.001, 0.0139, 2.42 ],
											"rotationX": -5.0,
											"rotationY": 24.0,
											"faces": {
												"north": { "texture": "#dynastyhead", "uv": [ 42.5, 14.0, 43.0, 15.5 ] },
												"east": { "texture": "#dynastyhead", "uv": [ 43.0, 14.0, 45.0, 15.5 ] },
												"south": { "texture": "#dynastyhead", "uv": [ 45.0, 14.0, 45.5, 15.5 ] },
												"west": { "texture": "#dynastyhead", "uv": [ 45.5, 14.0, 47.5, 15.5 ] },
												"up": { "texture": "#dynastyhead", "uv": [ 42.5, 12.0, 43.0, 14.0 ] },
												"down": { "texture": "#dynastyhead", "uv": [ 43.0, 12.0, 43.5, 14.0 ] }
											}
										},
										{
											"name": "Visorband6",
											"from": [ 0.0, 0.0139, -2.33 ],
											"to": [ 0.5, 1.8139, 0.02 ],
											"uv": [ 42.5, 12.0 ],
											"rotationOrigin": [ -0.001, 0.0139, 0.02 ],
											"rotationX": 5.0,
											"rotationY": -24.0,
											"faces": {
												"north": { "texture": "#dynastyhead", "uv": [ 42.5, 14.0, 43.0, 15.5 ] },
												"east": { "texture": "#dynastyhead", "uv": [ 43.0, 14.0, 45.0, 15.5 ] },
												"south": { "texture": "#dynastyhead", "uv": [ 45.0, 14.0, 45.5, 15.5 ] },
												"west": { "texture": "#dynastyhead", "uv": [ 45.5, 14.0, 47.5, 15.5 ] },
												"up": { "texture": "#dynastyhead", "uv": [ 42.5, 12.0, 43.0, 14.0 ] },
												"down": { "texture": "#dynastyhead", "uv": [ 43.0, 12.0, 43.5, 14.0 ] }
											}
										}
									]
								},
								{
									"name": "Visorband7",
									"from": [ 4.3, -1.7, 1.25 ],
									"to": [ 4.8, 0.2, 3.67 ],
									"uv": [ 42.5, 12.0 ],
									"rotationOrigin": [ 4.3, -1.7, 1.25 ],
									"rotationX": -180.0,
									"rotationZ": 175.0,
									"faces": {
										"north": { "texture": "#dynastyhead", "uv": [ 42.5, 14.0, 43.0, 15.5 ] },
										"east": { "texture": "#dynastyhead", "uv": [ 43.0, 14.0, 45.0, 15.5 ] },
										"south": { "texture": "#dynastyhead", "uv": [ 45.0, 14.0, 45.5, 15.5 ] },
										"west": { "texture": "#dynastyhead", "uv": [ 45.5, 14.0, 47.5, 15.5 ] },
										"up": { "texture": "#dynastyhead", "uv": [ 42.5, 12.0, 43.0, 14.0 ] },
										"down": { "texture": "#dynastyhead", "uv": [ 43.0, 12.0, 43.5, 14.0 ] }
									},
									"children": [
										{
											"name": "Visorband8",
											"from": [ 0.0, 0.0139, 2.42 ],
											"to": [ 0.5, 1.8139, 4.77 ],
											"uv": [ 42.5, 12.0 ],
											"rotationOrigin": [ -0.001, 0.0139, 2.42 ],
											"rotationX": -5.0,
											"rotationY": 24.0,
											"faces": {
												"north": { "texture": "#dynastyhead", "uv": [ 42.5, 14.0, 43.0, 15.5 ] },
												"east": { "texture": "#dynastyhead", "uv": [ 43.0, 14.0, 45.0, 15.5 ] },
												"south": { "texture": "#dynastyhead", "uv": [ 45.0, 14.0, 45.5, 15.5 ] },
												"west": { "texture": "#dynastyhead", "uv": [ 45.5, 14.0, 47.5, 15.5 ] },
												"up": { "texture": "#dynastyhead", "uv": [ 42.5, 12.0, 43.0, 14.0 ] },
												"down": { "texture": "#dynastyhead", "uv": [ 43.0, 12.0, 43.5, 14.0 ] }
											}
										},
										{
											"name": "Visorban9",
											"from": [ 0.0, 0.0139, -2.33 ],
											"to": [ 0.5, 1.8139, 0.02 ],
											"uv": [ 42.5, 12.0 ],
											"rotationOrigin": [ -0.001, 0.0139, 0.02 ],
											"rotationX": 5.0,
											"rotationY": -24.0,
											"faces": {
												"north": { "texture": "#dynastyhead", "uv": [ 42.5, 14.0, 43.0, 15.5 ] },
												"east": { "texture": "#dynastyhead", "uv": [ 43.0, 14.0, 45.0, 15.5 ] },
												"south": { "texture": "#dynastyhead", "uv": [ 45.0, 14.0, 45.5, 15.5 ] },
												"west": { "texture": "#dynastyhead", "uv": [ 45.5, 14.0, 47.5, 15.5 ] },
												"up": { "texture": "#dynastyhead", "uv": [ 42.5, 12.0, 43.0, 14.0 ] },
												"down": { "texture": "#dynastyhead", "uv": [ 43.0, 12.0, 43.5, 14.0 ] }
											}
										}
									]
								}
							]
						},
						{
							"name": "LamelRingTopAxel",
							"from": [ 0.0, -3.4, 0.0 ],
							"to": [ 0.0, -3.4, 0.0 ],
							"unwrapMode": 4,
							"autoUnwrap": false,
							"uv": [ 23.5, 7.5 ],
							"rotationOrigin": [ 0.0, -3.4, 0.0 ],
							"faces": {
								"north": { "texture": "#dynastyhead", "uv": [ 39.5, 21.5, 40.0, 22.0 ], "windMode": [-1,-1,-1,-1], "windData": [1,1,1,1] },
								"east": { "texture": "#dynastyhead", "uv": [ 33.5, 14.0, 34.0, 14.5 ], "windMode": [-1,-1,-1,-1], "windData": [1,1,1,1] },
								"south": { "texture": "#dynastyhead", "uv": [ 39.5, 21.5, 40.0, 22.0 ], "windMode": [-1,-1,-1,-1], "windData": [1,1,1,1] },
								"west": { "texture": "#dynastyhead", "uv": [ 33.5, 19.5, 34.0, 20.0 ], "windMode": [-1,-1,-1,-1], "windData": [1,1,1,1] },
								"up": { "texture": "#dynastyhead", "uv": [ 33.5, 15.0, 34.0, 15.5 ], "rotation": 90, "windMode": [-1,-1,-1,-1], "windData": [1,1,1,1] }
							},
							"children": [
								{
									"name": "Lamelringtop1",
									"from": [ -4.2, -0.5, -1.25 ],
									"to": [ -3.5, 0.8, 1.17 ],
									"uv": [ 42.5, 14.0 ],
									"rotationOrigin": [ -4.2, -0.5, -1.25 ],
									"rotationZ": -5.0,
									"faces": {
										"north": { "texture": "#dynastyhead", "uv": [ 42.5, 16.0, 43.0, 17.0 ] },
										"east": { "texture": "#dynastyhead", "uv": [ 43.0, 16.0, 45.0, 17.0 ] },
										"south": { "texture": "#dynastyhead", "uv": [ 45.0, 16.0, 45.5, 17.0 ] },
										"west": { "texture": "#dynastyhead", "uv": [ 45.5, 16.0, 47.5, 17.0 ] },
										"up": { "texture": "#dynastyhead", "uv": [ 42.5, 14.0, 43.0, 16.0 ] },
										"down": { "texture": "#dynastyhead", "uv": [ 43.0, 14.0, 43.5, 16.0 ] }
									},
									"children": [
										{
											"name": "Lamelringtop2",
											"from": [ 0.0, 0.0139, 2.52 ],
											"to": [ 0.7, 1.3139, 5.07 ],
											"uv": [ 41.5, 13.5 ],
											"rotationOrigin": [ -0.001, 0.0139, 2.52 ],
											"rotationX": -18.0,
											"rotationY": 24.0,
											"faces": {
												"north": { "texture": "#dynastyhead", "uv": [ 41.5, 16.0, 42.0, 17.0 ] },
												"east": { "texture": "#dynastyhead", "uv": [ 42.0, 16.0, 44.5, 17.0 ] },
												"south": { "texture": "#dynastyhead", "uv": [ 44.5, 16.0, 45.0, 17.0 ] },
												"west": { "texture": "#dynastyhead", "uv": [ 45.0, 16.0, 47.5, 17.0 ] },
												"up": { "texture": "#dynastyhead", "uv": [ 41.5, 13.5, 42.0, 16.0 ] },
												"down": { "texture": "#dynastyhead", "uv": [ 42.0, 13.5, 42.5, 16.0 ] }
											}
										},
										{
											"name": "Lamelringtop3",
											"from": [ 0.0, 0.0139, -2.6 ],
											"to": [ 0.7, 1.3139, -0.05 ],
											"uv": [ 41.5, 13.5 ],
											"rotationOrigin": [ -0.001, 0.0139, 0.02 ],
											"rotationX": 18.0,
											"rotationY": -24.0,
											"faces": {
												"north": { "texture": "#dynastyhead", "uv": [ 41.5, 16.0, 42.0, 17.0 ] },
												"east": { "texture": "#dynastyhead", "uv": [ 42.0, 16.0, 44.5, 17.0 ] },
												"south": { "texture": "#dynastyhead", "uv": [ 44.5, 16.0, 45.0, 17.0 ] },
												"west": { "texture": "#dynastyhead", "uv": [ 45.0, 16.0, 47.5, 17.0 ] },
												"up": { "texture": "#dynastyhead", "uv": [ 41.5, 13.5, 42.0, 16.0 ] },
												"down": { "texture": "#dynastyhead", "uv": [ 42.0, 13.5, 42.5, 16.0 ] }
											}
										}
									]
								}
							]
						},
						{
							"name": "LamelRingTopAxel2",
							"from": [ 0.0, -3.7, 0.0 ],
							"to": [ 0.0, -3.7, 0.0 ],
							"unwrapMode": 4,
							"autoUnwrap": false,
							"uv": [ 23.5, 7.5 ],
							"rotationOrigin": [ 0.0, -3.7, 0.0 ],
							"rotationY": 90.0,
							"faces": {
								"north": { "texture": "#dynastyhead", "uv": [ 39.5, 22.0, 40.0, 22.5 ], "windMode": [-1,-1,-1,-1], "windData": [1,1,1,1] },
								"east": { "texture": "#dynastyhead", "uv": [ 33.5, 14.0, 34.0, 14.5 ], "windMode": [-1,-1,-1,-1], "windData": [1,1,1,1] },
								"south": { "texture": "#dynastyhead", "uv": [ 39.5, 21.5, 40.0, 22.0 ], "windMode": [-1,-1,-1,-1], "windData": [1,1,1,1] },
								"west": { "texture": "#dynastyhead", "uv": [ 33.5, 19.5, 34.0, 20.0 ], "windMode": [-1,-1,-1,-1], "windData": [1,1,1,1] },
								"up": { "texture": "#dynastyhead", "uv": [ 33.5, 15.0, 34.0, 15.5 ], "rotation": 90, "windMode": [-1,-1,-1,-1], "windData": [1,1,1,1] }
							},
							"children": [
								{
									"name": "Lamelringtop4",
									"from": [ -4.2, 0.4, -1.25 ],
									"to": [ -3.5, 2.2, 1.17 ],
									"uv": [ 42.0, 12.5 ],
									"rotationOrigin": [ -4.2, 0.4, -1.25 ],
									"rotationZ": -8.0,
									"faces": {
										"north": { "texture": "#dynastyhead", "uv": [ 42.0, 14.5, 42.5, 16.0 ] },
										"east": { "texture": "#dynastyhead", "uv": [ 42.5, 14.5, 44.5, 16.0 ] },
										"south": { "texture": "#dynastyhead", "uv": [ 44.5, 14.5, 45.0, 16.0 ] },
										"west": { "texture": "#dynastyhead", "uv": [ 45.0, 14.5, 47.0, 16.0 ] },
										"up": { "texture": "#dynastyhead", "uv": [ 42.0, 12.5, 42.5, 14.5 ] },
										"down": { "texture": "#dynastyhead", "uv": [ 42.5, 12.5, 43.0, 14.5 ] }
									},
									"children": [
										{
											"name": "Lamelringtop5",
											"from": [ 0.0, 0.0139, 2.42 ],
											"to": [ 0.7, 1.8139, 4.67 ],
											"uv": [ 42.0, 12.5 ],
											"rotationOrigin": [ -0.001, 0.0139, 2.42 ],
											"rotationX": -5.0,
											"rotationY": 24.0,
											"faces": {
												"north": { "texture": "#dynastyhead", "uv": [ 42.0, 14.5, 42.5, 16.0 ] },
												"east": { "texture": "#dynastyhead", "uv": [ 42.5, 14.5, 44.5, 16.0 ] },
												"south": { "texture": "#dynastyhead", "uv": [ 44.5, 14.5, 45.0, 16.0 ] },
												"west": { "texture": "#dynastyhead", "uv": [ 45.0, 14.5, 47.0, 16.0 ] },
												"up": { "texture": "#dynastyhead", "uv": [ 42.0, 12.5, 42.5, 14.5 ] },
												"down": { "texture": "#dynastyhead", "uv": [ 42.5, 12.5, 43.0, 14.5 ] }
											}
										},
										{
											"name": "Lamelringtop6",
											"from": [ 0.0, 0.0139, -2.23 ],
											"to": [ 0.7, 1.8139, 0.02 ],
											"uv": [ 41.0, 12.5 ],
											"rotationOrigin": [ -0.001, 0.0139, 0.02 ],
											"rotationX": 5.0,
											"rotationY": -24.0,
											"faces": {
												"north": { "texture": "#dynastyhead", "uv": [ 41.0, 14.5, 41.5, 16.0 ] },
												"east": { "texture": "#dynastyhead", "uv": [ 41.5, 14.5, 43.5, 16.0 ] },
												"south": { "texture": "#dynastyhead", "uv": [ 43.5, 14.5, 44.0, 16.0 ] },
												"west": { "texture": "#dynastyhead", "uv": [ 44.0, 14.5, 46.0, 16.0 ] },
												"up": { "texture": "#dynastyhead", "uv": [ 41.0, 12.5, 41.5, 14.5 ] },
												"down": { "texture": "#dynastyhead", "uv": [ 41.5, 12.5, 42.0, 14.5 ] }
											}
										}
									]
								}
							]
						},
						{
							"name": "LamelRingMidAxel",
							"from": [ 0.0, -6.1, 0.0 ],
							"to": [ 0.0, -6.1, 0.0 ],
							"unwrapMode": 4,
							"autoUnwrap": false,
							"uv": [ 23.5, 7.5 ],
							"rotationOrigin": [ 0.0, -6.1, 0.0 ],
							"faces": {
								"north": { "texture": "#dynastyhead", "uv": [ 39.5, 21.5, 40.0, 22.0 ], "windMode": [-1,-1,-1,-1], "windData": [1,1,1,1] },
								"east": { "texture": "#dynastyhead", "uv": [ 33.5, 14.0, 34.0, 14.5 ], "windMode": [-1,-1,-1,-1], "windData": [1,1,1,1] },
								"south": { "texture": "#dynastyhead", "uv": [ 39.5, 22.0, 40.0, 22.5 ], "windMode": [-1,-1,-1,-1], "windData": [1,1,1,1] },
								"west": { "texture": "#dynastyhead", "uv": [ 33.5, 19.5, 34.0, 20.0 ], "windMode": [-1,-1,-1,-1], "windData": [1,1,1,1] },
								"up": { "texture": "#dynastyhead", "uv": [ 33.5, 15.0, 34.0, 15.5 ], "rotation": 90, "windMode": [-1,-1,-1,-1], "windData": [1,1,1,1] }
							},
							"children": [
								{
									"name": "Lamelringmid1",
									"from": [ -4.1, 1.3, -1.45 ],
									"to": [ -3.4, 2.4, 1.37 ],
									"uv": [ 41.5, 13.0 ],
									"rotationOrigin": [ -4.1, 1.3, -1.45 ],
									"rotationZ": 8.0,
									"faces": {
										"north": { "texture": "#dynastyhead", "uv": [ 41.5, 15.5, 42.0, 16.5 ] },
										"east": { "texture": "#dynastyhead", "uv": [ 42.0, 15.5, 44.5, 16.5 ] },
										"south": { "texture": "#dynastyhead", "uv": [ 44.5, 15.5, 45.0, 16.5 ] },
										"west": { "texture": "#dynastyhead", "uv": [ 45.0, 15.5, 47.5, 16.5 ] },
										"up": { "texture": "#dynastyhead", "uv": [ 41.5, 13.0, 42.0, 15.5 ] },
										"down": { "texture": "#dynastyhead", "uv": [ 42.0, 13.0, 42.5, 15.5 ] }
									},
									"children": [
										{
											"name": "Lamelringmid2",
											"from": [ 0.0, 0.0139, 2.82 ],
											"to": [ 0.7, 1.2139, 5.27 ],
											"uv": [ 42.5, 13.5 ],
											"rotationOrigin": [ -0.001, 0.0139, 2.82 ],
											"rotationX": -5.0,
											"rotationY": 24.0,
											"faces": {
												"north": { "texture": "#dynastyhead", "uv": [ 42.5, 15.5, 43.0, 16.5 ] },
												"east": { "texture": "#dynastyhead", "uv": [ 43.0, 15.5, 45.0, 16.5 ] },
												"south": { "texture": "#dynastyhead", "uv": [ 45.0, 15.5, 45.5, 16.5 ] },
												"west": { "texture": "#dynastyhead", "uv": [ 45.5, 15.5, 47.5, 16.5 ] },
												"up": { "texture": "#dynastyhead", "uv": [ 42.5, 13.5, 43.0, 15.5 ] },
												"down": { "texture": "#dynastyhead", "uv": [ 43.0, 13.5, 43.5, 15.5 ] }
											}
										},
										{
											"name": "Lamelringmid3",
											"from": [ 0.0, 0.0139, -2.23 ],
											"to": [ 0.7, 1.2139, 0.02 ],
											"uv": [ 41.5, 13.5 ],
											"rotationOrigin": [ -0.001, 0.0139, 0.02 ],
											"rotationX": 5.0,
											"rotationY": -24.0,
											"faces": {
												"north": { "texture": "#dynastyhead", "uv": [ 41.5, 15.5, 42.0, 16.5 ] },
												"east": { "texture": "#dynastyhead", "uv": [ 42.0, 15.5, 44.0, 16.5 ] },
												"south": { "texture": "#dynastyhead", "uv": [ 44.0, 15.5, 44.5, 16.5 ] },
												"west": { "texture": "#dynastyhead", "uv": [ 44.5, 15.5, 46.5, 16.5 ] },
												"up": { "texture": "#dynastyhead", "uv": [ 41.5, 13.5, 42.0, 15.5 ] },
												"down": { "texture": "#dynastyhead", "uv": [ 42.0, 13.5, 42.5, 15.5 ] }
											}
										}
									]
								}
							]
						},
						{
							"name": "LamelRingMidAxel2",
							"from": [ 0.0, -3.7, 0.0 ],
							"to": [ 0.0, -3.7, 0.0 ],
							"unwrapMode": 4,
							"autoUnwrap": false,
							"uv": [ 23.5, 7.5 ],
							"rotationOrigin": [ 0.0, -3.7, 0.0 ],
							"rotationY": 90.0,
							"faces": {
								"north": { "texture": "#dynastyhead", "uv": [ 39.5, 22.0, 40.0, 22.5 ], "windMode": [-1,-1,-1,-1], "windData": [1,1,1,1] },
								"east": { "texture": "#dynastyhead", "uv": [ 33.5, 14.0, 34.0, 14.5 ], "windMode": [-1,-1,-1,-1], "windData": [1,1,1,1] },
								"west": { "texture": "#dynastyhead", "uv": [ 33.5, 19.5, 34.0, 20.0 ], "windMode": [-1,-1,-1,-1], "windData": [1,1,1,1] },
								"up": { "texture": "#dynastyhead", "uv": [ 33.5, 15.0, 34.0, 15.5 ], "rotation": 90, "windMode": [-1,-1,-1,-1], "windData": [1,1,1,1] }
							},
							"children": [
								{
									"name": "LamelringMid4",
									"from": [ -4.5, -0.8, -1.25 ],
									"to": [ -3.8, 0.4, 1.17 ],
									"uv": [ 41.5, 13.0 ],
									"rotationOrigin": [ -3.9, -0.8, -1.25 ],
									"rotationZ": -8.0,
									"faces": {
										"north": { "texture": "#dynastyhead", "uv": [ 41.5, 15.0, 42.0, 16.0 ] },
										"east": { "texture": "#dynastyhead", "uv": [ 42.0, 15.0, 44.0, 16.0 ] },
										"south": { "texture": "#dynastyhead", "uv": [ 44.0, 15.0, 44.5, 16.0 ] },
										"west": { "texture": "#dynastyhead", "uv": [ 44.5, 15.0, 46.5, 16.0 ] },
										"up": { "texture": "#dynastyhead", "uv": [ 41.5, 13.0, 42.0, 15.0 ] },
										"down": { "texture": "#dynastyhead", "uv": [ 42.0, 13.0, 42.5, 15.0 ] }
									},
									"children": [
										{
											"name": "LamelringMid5",
											"from": [ 0.0, 0.01, 2.42 ],
											"to": [ 0.7, 1.21, 4.97 ],
											"uv": [ 41.0, 12.5 ],
											"rotationOrigin": [ -0.001, 0.0139, 2.42 ],
											"rotationX": -5.0,
											"rotationY": 24.0,
											"faces": {
												"north": { "texture": "#dynastyhead", "uv": [ 41.0, 15.0, 41.5, 16.0 ] },
												"east": { "texture": "#dynastyhead", "uv": [ 41.5, 15.0, 44.0, 16.0 ] },
												"south": { "texture": "#dynastyhead", "uv": [ 44.0, 15.0, 44.5, 16.0 ] },
												"west": { "texture": "#dynastyhead", "uv": [ 44.5, 15.0, 47.0, 16.0 ] },
												"up": { "texture": "#dynastyhead", "uv": [ 41.0, 12.5, 41.5, 15.0 ] },
												"down": { "texture": "#dynastyhead", "uv": [ 41.5, 12.5, 42.0, 15.0 ] }
											}
										},
										{
											"name": "LamelringMid6",
											"from": [ -0.05, 0.01, -2.53 ],
											"to": [ 0.65, 1.21, 0.02 ],
											"uv": [ 40.5, 12.5 ],
											"rotationOrigin": [ -0.001, -1.8861, 0.02 ],
											"rotationX": 5.0,
											"rotationY": -24.0,
											"faces": {
												"north": { "texture": "#dynastyhead", "uv": [ 40.5, 15.0, 41.0, 16.0 ] },
												"east": { "texture": "#dynastyhead", "uv": [ 41.0, 15.0, 43.5, 16.0 ] },
												"south": { "texture": "#dynastyhead", "uv": [ 43.5, 15.0, 44.0, 16.0 ] },
												"west": { "texture": "#dynastyhead", "uv": [ 44.0, 15.0, 46.5, 16.0 ] },
												"up": { "texture": "#dynastyhead", "uv": [ 40.5, 12.5, 41.0, 15.0 ] },
												"down": { "texture": "#dynastyhead", "uv": [ 41.0, 12.5, 41.5, 15.0 ] }
											}
										}
									]
								}
							]
						},
						{
							"name": "LamelRingBotAxel",
							"from": [ 0.0, -5.1, 0.0 ],
							"to": [ 0.0, -5.1, 0.0 ],
							"unwrapMode": 4,
							"autoUnwrap": false,
							"uv": [ 23.5, 7.5 ],
							"rotationOrigin": [ 0.0, -5.1, 0.0 ],
							"rotationY": 360.0,
							"faces": {
								"north": { "texture": "#dynastyhead", "uv": [ 39.5, 20.5, 40.0, 21.0 ], "windMode": [-1,-1,-1,-1], "windData": [1,1,1,1] },
								"east": { "texture": "#dynastyhead", "uv": [ 33.5, 14.0, 34.0, 14.5 ], "windMode": [-1,-1,-1,-1], "windData": [1,1,1,1] },
								"south": { "texture": "#dynastyhead", "uv": [ 39.5, 20.5, 40.0, 21.0 ], "windMode": [-1,-1,-1,-1], "windData": [1,1,1,1] },
								"west": { "texture": "#dynastyhead", "uv": [ 33.5, 19.5, 34.0, 20.0 ], "windMode": [-1,-1,-1,-1], "windData": [1,1,1,1] },
								"up": { "texture": "#dynastyhead", "uv": [ 33.5, 15.0, 34.0, 15.5 ], "rotation": 90, "windMode": [-1,-1,-1,-1], "windData": [1,1,1,1] }
							},
							"children": [
								{
									"name": "LamelringBot1",
									"from": [ -4.3, -1.0, -1.25 ],
									"to": [ -3.6, 0.4, 1.17 ],
									"uv": [ 42.0, 12.0 ],
									"rotationOrigin": [ -3.7, -1.0, -1.25 ],
									"faces": {
										"north": { "texture": "#dynastyhead", "uv": [ 42.0, 14.0, 42.5, 15.0 ] },
										"east": { "texture": "#dynastyhead", "uv": [ 42.5, 14.0, 44.5, 15.0 ] },
										"south": { "texture": "#dynastyhead", "uv": [ 44.5, 14.0, 45.0, 15.0 ] },
										"west": { "texture": "#dynastyhead", "uv": [ 45.0, 14.0, 47.0, 15.0 ] },
										"up": { "texture": "#dynastyhead", "uv": [ 42.0, 12.0, 42.5, 14.0 ] },
										"down": { "texture": "#dynastyhead", "uv": [ 42.5, 12.0, 43.0, 14.0 ] }
									},
									"children": [
										{
											"name": "LamelringBot2",
											"from": [ 0.0, 0.01, 2.42 ],
											"to": [ 0.7, 1.41, 4.97 ],
											"uv": [ 41.5, 11.5 ],
											"rotationOrigin": [ -0.001, 0.0139, 2.42 ],
											"rotationX": -5.0,
											"rotationY": 24.0,
											"faces": {
												"north": { "texture": "#dynastyhead", "uv": [ 41.5, 14.0, 42.0, 15.0 ] },
												"east": { "texture": "#dynastyhead", "uv": [ 42.0, 14.0, 44.5, 15.0 ] },
												"south": { "texture": "#dynastyhead", "uv": [ 44.5, 14.0, 45.0, 15.0 ] },
												"west": { "texture": "#dynastyhead", "uv": [ 45.0, 14.0, 47.5, 15.0 ] },
												"up": { "texture": "#dynastyhead", "uv": [ 41.5, 11.5, 42.0, 14.0 ] },
												"down": { "texture": "#dynastyhead", "uv": [ 42.0, 11.5, 42.5, 14.0 ] }
											}
										},
										{
											"name": "LamelringBot3",
											"from": [ -0.05, 0.01, -2.53 ],
											"to": [ 0.65, 1.41, 0.02 ],
											"uv": [ 41.0, 11.5 ],
											"rotationOrigin": [ -0.001, -1.8861, 0.02 ],
											"rotationX": 5.0,
											"rotationY": -24.0,
											"faces": {
												"north": { "texture": "#dynastyhead", "uv": [ 41.0, 14.0, 41.5, 15.0 ] },
												"east": { "texture": "#dynastyhead", "uv": [ 41.5, 14.0, 44.0, 15.0 ] },
												"south": { "texture": "#dynastyhead", "uv": [ 44.0, 14.0, 44.5, 15.0 ] },
												"west": { "texture": "#dynastyhead", "uv": [ 44.5, 14.0, 47.0, 15.0 ] },
												"up": { "texture": "#dynastyhead", "uv": [ 41.0, 11.5, 41.5, 14.0 ] },
												"down": { "texture": "#dynastyhead", "uv": [ 41.5, 11.5, 42.0, 14.0 ] }
											}
										}
									]
								}
							]
						},
						{
							"name": "LamelRingBotAxel2",
							"from": [ 0.0, -5.1, 0.0 ],
							"to": [ 0.0, -5.1, 0.0 ],
							"unwrapMode": 4,
							"autoUnwrap": false,
							"uv": [ 23.5, 7.5 ],
							"rotationOrigin": [ 0.0, -5.1, 0.0 ],
							"rotationY": 90.0,
							"faces": {
								"north": { "texture": "#dynastyhead", "uv": [ 39.5, 20.5, 40.0, 21.0 ], "windMode": [-1,-1,-1,-1], "windData": [1,1,1,1] },
								"east": { "texture": "#dynastyhead", "uv": [ 33.5, 14.0, 34.0, 14.5 ], "windMode": [-1,-1,-1,-1], "windData": [1,1,1,1] },
								"south": { "texture": "#dynastyhead", "uv": [ 39.5, 20.5, 40.0, 21.0 ], "windMode": [-1,-1,-1,-1], "windData": [1,1,1,1] },
								"west": { "texture": "#dynastyhead", "uv": [ 33.5, 19.5, 34.0, 20.0 ], "windMode": [-1,-1,-1,-1], "windData": [1,1,1,1] },
								"up": { "texture": "#dynastyhead", "uv": [ 33.5, 15.0, 34.0, 15.5 ], "rotation": 90, "windMode": [-1,-1,-1,-1], "windData": [1,1,1,1] }
							},
							"children": [
								{
									"name": "LamelringBot4",
									"from": [ -4.5, -0.7, -1.25 ],
									"to": [ -3.8, 0.7, 1.17 ],
									"uv": [ 41.5, 14.0 ],
									"rotationOrigin": [ -3.9, -0.7, -1.25 ],
									"faces": {
										"north": { "texture": "#dynastyhead", "uv": [ 41.5, 16.0, 42.0, 17.0 ] },
										"east": { "texture": "#dynastyhead", "uv": [ 42.0, 16.0, 44.0, 17.0 ] },
										"south": { "texture": "#dynastyhead", "uv": [ 44.0, 16.0, 44.5, 17.0 ] },
										"west": { "texture": "#dynastyhead", "uv": [ 44.5, 16.0, 46.5, 17.0 ] },
										"up": { "texture": "#dynastyhead", "uv": [ 41.5, 14.0, 42.0, 16.0 ] },
										"down": { "texture": "#dynastyhead", "uv": [ 42.0, 14.0, 42.5, 16.0 ] }
									},
									"children": [
										{
											"name": "LamelringBot5",
											"from": [ 0.0, 0.01, 2.42 ],
											"to": [ 0.7, 1.41, 4.97 ],
											"uv": [ 41.0, 13.5 ],
											"rotationOrigin": [ -0.001, 0.0139, 2.42 ],
											"rotationY": 24.0,
											"faces": {
												"north": { "texture": "#dynastyhead", "uv": [ 41.0, 16.0, 41.5, 17.0 ] },
												"east": { "texture": "#dynastyhead", "uv": [ 41.5, 16.0, 44.0, 17.0 ] },
												"south": { "texture": "#dynastyhead", "uv": [ 44.0, 16.0, 44.5, 17.0 ] },
												"west": { "texture": "#dynastyhead", "uv": [ 44.5, 16.0, 47.0, 17.0 ] },
												"up": { "texture": "#dynastyhead", "uv": [ 41.0, 13.5, 41.5, 16.0 ] },
												"down": { "texture": "#dynastyhead", "uv": [ 41.5, 13.5, 42.0, 16.0 ] }
											}
										},
										{
											"name": "LamelringBot6",
											"from": [ -0.05, 0.01, -2.53 ],
											"to": [ 0.65, 1.41, 0.02 ],
											"uv": [ 41.5, 13.5 ],
											"rotationOrigin": [ -0.001, -1.8861, 0.02 ],
											"rotationY": -24.0,
											"faces": {
												"north": { "texture": "#dynastyhead", "uv": [ 41.5, 16.0, 42.0, 17.0 ] },
												"east": { "texture": "#dynastyhead", "uv": [ 42.0, 16.0, 44.5, 17.0 ] },
												"south": { "texture": "#dynastyhead", "uv": [ 44.5, 16.0, 45.0, 17.0 ] },
												"west": { "texture": "#dynastyhead", "uv": [ 45.0, 16.0, 47.5, 17.0 ] },
												"up": { "texture": "#dynastyhead", "uv": [ 41.5, 13.5, 42.0, 16.0 ] },
												"down": { "texture": "#dynastyhead", "uv": [ 42.0, 13.5, 42.5, 16.0 ] }
											}
										}
									]
								}
							]
						},
						{
							"name": "ArmorHelmetTop2",
							"from": [ 0.0, 0.0, 0.0 ],
							"to": [ 0.0, 0.0, 0.0 ],
							"unwrapMode": 4,
							"autoUnwrap": false,
							"uv": [ 23.5, 7.5 ],
							"rotationOrigin": [ 0.0, 0.0, 0.0 ],
							"rotationY": 90.0,
							"faces": {
								"north": { "texture": "#dynastyhead", "uv": [ 39.5, 20.5, 40.0, 21.0 ], "windMode": [-1,-1,-1,-1], "windData": [1,1,1,1] },
								"east": { "texture": "#dynastyhead", "uv": [ 33.5, 14.0, 34.0, 14.5 ], "windMode": [-1,-1,-1,-1], "windData": [1,1,1,1] },
								"south": { "texture": "#dynastyhead", "uv": [ 39.5, 20.5, 40.0, 21.0 ], "windMode": [-1,-1,-1,-1], "windData": [1,1,1,1] },
								"west": { "texture": "#dynastyhead", "uv": [ 33.5, 19.5, 34.0, 20.0 ], "windMode": [-1,-1,-1,-1], "windData": [1,1,1,1] },
								"up": { "texture": "#dynastyhead", "uv": [ 33.5, 15.0, 34.0, 15.5 ], "rotation": 90, "windMode": [-1,-1,-1,-1], "windData": [1,1,1,1] }
							}
						},
						{
							"name": "ArmorHelmetTop3",
							"from": [ 0.0, 0.0, 0.0 ],
							"to": [ 0.0, 0.0, 0.0 ],
							"unwrapMode": 4,
							"autoUnwrap": false,
							"uv": [ 23.5, 7.5 ],
							"rotationOrigin": [ 0.0, 0.0, 0.0 ],
							"rotationY": 180.0,
							"faces": {
								"north": { "texture": "#dynastyhead", "uv": [ 39.5, 20.5, 40.0, 21.0 ], "windMode": [-1,-1,-1,-1], "windData": [1,1,1,1] },
								"east": { "texture": "#dynastyhead", "uv": [ 33.5, 14.0, 34.0, 14.5 ], "windMode": [-1,-1,-1,-1], "windData": [1,1,1,1] },
								"south": { "texture": "#dynastyhead", "uv": [ 39.5, 20.5, 40.0, 21.0 ], "windMode": [-1,-1,-1,-1], "windData": [1,1,1,1] },
								"west": { "texture": "#dynastyhead", "uv": [ 33.5, 19.5, 34.0, 20.0 ], "windMode": [-1,-1,-1,-1], "windData": [1,1,1,1] },
								"up": { "texture": "#dynastyhead", "uv": [ 33.5, 15.0, 34.0, 15.5 ], "rotation": 90, "windMode": [-1,-1,-1,-1], "windData": [1,1,1,1] }
							}
						},
						{
							"name": "ArmorHelmetTop4",
							"from": [ 0.0, 0.0, 0.0 ],
							"to": [ 0.0, 0.0, 0.0 ],
							"unwrapMode": 4,
							"autoUnwrap": false,
							"uv": [ 23.5, 7.5 ],
							"rotationOrigin": [ 0.0, 0.0, 0.0 ],
							"rotationY": 270.0,
							"faces": {
								"north": { "texture": "#dynastyhead", "uv": [ 39.5, 20.5, 40.0, 21.0 ], "windMode": [-1,-1,-1,-1], "windData": [1,1,1,1] },
								"east": { "texture": "#dynastyhead", "uv": [ 33.5, 14.0, 34.0, 14.5 ], "windMode": [-1,-1,-1,-1], "windData": [1,1,1,1] },
								"south": { "texture": "#dynastyhead", "uv": [ 39.5, 20.5, 40.0, 21.0 ], "windMode": [-1,-1,-1,-1], "windData": [1,1,1,1] },
								"west": { "texture": "#dynastyhead", "uv": [ 33.5, 19.5, 34.0, 20.0 ], "windMode": [-1,-1,-1,-1], "windData": [1,1,1,1] },
								"up": { "texture": "#dynastyhead", "uv": [ 33.5, 15.0, 34.0, 15.5 ], "rotation": 90, "windMode": [-1,-1,-1,-1], "windData": [1,1,1,1] }
							}
						},
						{
							"name": "LamelRingTopAxel3",
							"from": [ 0.0, -3.7, 0.0 ],
							"to": [ 0.0, -3.7, 0.0 ],
							"unwrapMode": 4,
							"autoUnwrap": false,
							"uv": [ 23.5, 7.5 ],
							"rotationOrigin": [ 0.0, -3.7, 0.0 ],
							"rotationY": 180.0,
							"faces": {
								"north": { "texture": "#dynastyhead", "uv": [ 39.5, 22.0, 40.0, 22.5 ], "windMode": [-1,-1,-1,-1], "windData": [1,1,1,1] },
								"east": { "texture": "#dynastyhead", "uv": [ 33.5, 14.0, 34.0, 14.5 ], "windMode": [-1,-1,-1,-1], "windData": [1,1,1,1] },
								"south": { "texture": "#dynastyhead", "uv": [ 39.5, 21.5, 40.0, 22.0 ], "windMode": [-1,-1,-1,-1], "windData": [1,1,1,1] },
								"west": { "texture": "#dynastyhead", "uv": [ 33.5, 19.5, 34.0, 20.0 ], "windMode": [-1,-1,-1,-1], "windData": [1,1,1,1] },
								"up": { "texture": "#dynastyhead", "uv": [ 33.5, 15.0, 34.0, 15.5 ], "rotation": 90, "windMode": [-1,-1,-1,-1], "windData": [1,1,1,1] }
							},
							"children": [
								{
									"name": "Lamelringtop7",
									"from": [ -4.2, 0.4, -1.25 ],
									"to": [ -3.5, 2.2, 1.17 ],
									"uv": [ 42.0, 12.5 ],
									"rotationOrigin": [ -4.2, 0.4, -1.25 ],
									"rotationZ": -8.0,
									"faces": {
										"north": { "texture": "#dynastyhead", "uv": [ 42.0, 14.5, 42.5, 16.0 ] },
										"east": { "texture": "#dynastyhead", "uv": [ 42.5, 14.5, 44.5, 16.0 ] },
										"south": { "texture": "#dynastyhead", "uv": [ 44.5, 14.5, 45.0, 16.0 ] },
										"west": { "texture": "#dynastyhead", "uv": [ 45.0, 14.5, 47.0, 16.0 ] },
										"up": { "texture": "#dynastyhead", "uv": [ 42.0, 12.5, 42.5, 14.5 ] },
										"down": { "texture": "#dynastyhead", "uv": [ 42.5, 12.5, 43.0, 14.5 ] }
									},
									"children": [
										{
											"name": "Lamelringtop8",
											"from": [ 0.0, 0.0139, 2.42 ],
											"to": [ 0.7, 1.8139, 4.67 ],
											"uv": [ 42.0, 12.5 ],
											"rotationOrigin": [ -0.001, 0.0139, 2.42 ],
											"rotationX": -5.0,
											"rotationY": 24.0,
											"faces": {
												"north": { "texture": "#dynastyhead", "uv": [ 42.0, 14.5, 42.5, 16.0 ] },
												"east": { "texture": "#dynastyhead", "uv": [ 42.5, 14.5, 44.5, 16.0 ] },
												"south": { "texture": "#dynastyhead", "uv": [ 44.5, 14.5, 45.0, 16.0 ] },
												"west": { "texture": "#dynastyhead", "uv": [ 45.0, 14.5, 47.0, 16.0 ] },
												"up": { "texture": "#dynastyhead", "uv": [ 42.0, 12.5, 42.5, 14.5 ] },
												"down": { "texture": "#dynastyhead", "uv": [ 42.5, 12.5, 43.0, 14.5 ] }
											}
										},
										{
											"name": "Lamelringtop9",
											"from": [ 0.0, 0.0139, -2.23 ],
											"to": [ 0.7, 1.8139, 0.02 ],
											"uv": [ 41.0, 12.5 ],
											"rotationOrigin": [ -0.001, 0.0139, 0.02 ],
											"rotationX": 5.0,
											"rotationY": -24.0,
											"faces": {
												"north": { "texture": "#dynastyhead", "uv": [ 41.0, 14.5, 41.5, 16.0 ] },
												"east": { "texture": "#dynastyhead", "uv": [ 41.5, 14.5, 43.5, 16.0 ] },
												"south": { "texture": "#dynastyhead", "uv": [ 43.5, 14.5, 44.0, 16.0 ] },
												"west": { "texture": "#dynastyhead", "uv": [ 44.0, 14.5, 46.0, 16.0 ] },
												"up": { "texture": "#dynastyhead", "uv": [ 41.0, 12.5, 41.5, 14.5 ] },
												"down": { "texture": "#dynastyhead", "uv": [ 41.5, 12.5, 42.0, 14.5 ] }
											}
										}
									]
								}
							]
						},
						{
							"name": "LamelRingTopAxel4",
							"from": [ 0.0, -3.7, 0.0 ],
							"to": [ 0.0, -3.7, 0.0 ],
							"unwrapMode": 4,
							"autoUnwrap": false,
							"uv": [ 23.5, 7.5 ],
							"rotationOrigin": [ 0.0, -3.7, 0.0 ],
							"rotationY": 270.0,
							"faces": {
								"north": { "texture": "#dynastyhead", "uv": [ 39.5, 22.0, 40.0, 22.5 ], "windMode": [-1,-1,-1,-1], "windData": [1,1,1,1] },
								"east": { "texture": "#dynastyhead", "uv": [ 33.5, 14.0, 34.0, 14.5 ], "windMode": [-1,-1,-1,-1], "windData": [1,1,1,1] },
								"south": { "texture": "#dynastyhead", "uv": [ 39.5, 21.5, 40.0, 22.0 ], "windMode": [-1,-1,-1,-1], "windData": [1,1,1,1] },
								"west": { "texture": "#dynastyhead", "uv": [ 33.5, 19.5, 34.0, 20.0 ], "windMode": [-1,-1,-1,-1], "windData": [1,1,1,1] },
								"up": { "texture": "#dynastyhead", "uv": [ 33.5, 15.0, 34.0, 15.5 ], "rotation": 90, "windMode": [-1,-1,-1,-1], "windData": [1,1,1,1] }
							},
							"children": [
								{
									"name": "Lamelringtop10",
									"from": [ -4.2, 0.4, -1.25 ],
									"to": [ -3.5, 2.2, 1.17 ],
									"uv": [ 42.0, 12.5 ],
									"rotationOrigin": [ -4.2, 0.4, -1.25 ],
									"rotationZ": -8.0,
									"faces": {
										"north": { "texture": "#dynastyhead", "uv": [ 42.0, 14.5, 42.5, 16.0 ] },
										"east": { "texture": "#dynastyhead", "uv": [ 42.5, 14.5, 44.5, 16.0 ] },
										"south": { "texture": "#dynastyhead", "uv": [ 44.5, 14.5, 45.0, 16.0 ] },
										"west": { "texture": "#dynastyhead", "uv": [ 45.0, 14.5, 47.0, 16.0 ] },
										"up": { "texture": "#dynastyhead", "uv": [ 42.0, 12.5, 42.5, 14.5 ] },
										"down": { "texture": "#dynastyhead", "uv": [ 42.5, 12.5, 43.0, 14.5 ] }
									},
									"children": [
										{
											"name": "Lamelringtop11",
											"from": [ 0.0, 0.0139, 2.42 ],
											"to": [ 0.7, 1.8139, 4.67 ],
											"uv": [ 42.0, 12.5 ],
											"rotationOrigin": [ -0.001, 0.0139, 2.42 ],
											"rotationX": -5.0,
											"rotationY": 24.0,
											"faces": {
												"north": { "texture": "#dynastyhead", "uv": [ 42.0, 14.5, 42.5, 16.0 ] },
												"east": { "texture": "#dynastyhead", "uv": [ 42.5, 14.5, 44.5, 16.0 ] },
												"south": { "texture": "#dynastyhead", "uv": [ 44.5, 14.5, 45.0, 16.0 ] },
												"west": { "texture": "#dynastyhead", "uv": [ 45.0, 14.5, 47.0, 16.0 ] },
												"up": { "texture": "#dynastyhead", "uv": [ 42.0, 12.5, 42.5, 14.5 ] },
												"down": { "texture": "#dynastyhead", "uv": [ 42.5, 12.5, 43.0, 14.5 ] }
											}
										},
										{
											"name": "Lamelringtop12",
											"from": [ 0.0, 0.0139, -2.23 ],
											"to": [ 0.7, 1.8139, 0.02 ],
											"uv": [ 41.0, 12.5 ],
											"rotationOrigin": [ -0.001, 0.0139, 0.02 ],
											"rotationX": 5.0,
											"rotationY": -24.0,
											"faces": {
												"north": { "texture": "#dynastyhead", "uv": [ 41.0, 14.5, 41.5, 16.0 ] },
												"east": { "texture": "#dynastyhead", "uv": [ 41.5, 14.5, 43.5, 16.0 ] },
												"south": { "texture": "#dynastyhead", "uv": [ 43.5, 14.5, 44.0, 16.0 ] },
												"west": { "texture": "#dynastyhead", "uv": [ 44.0, 14.5, 46.0, 16.0 ] },
												"up": { "texture": "#dynastyhead", "uv": [ 41.0, 12.5, 41.5, 14.5 ] },
												"down": { "texture": "#dynastyhead", "uv": [ 41.5, 12.5, 42.0, 14.5 ] }
											}
										}
									]
								}
							]
						},
						{
							"name": "LamelRingMidAxel3",
							"from": [ 0.0, -3.7, 0.0 ],
							"to": [ 0.0, -3.7, 0.0 ],
							"unwrapMode": 4,
							"autoUnwrap": false,
							"uv": [ 23.5, 7.5 ],
							"rotationOrigin": [ 0.0, -3.7, 0.0 ],
							"rotationY": 180.0,
							"faces": {
								"north": { "texture": "#dynastyhead", "uv": [ 39.5, 22.0, 40.0, 22.5 ], "windMode": [-1,-1,-1,-1], "windData": [1,1,1,1] },
								"east": { "texture": "#dynastyhead", "uv": [ 33.5, 14.0, 34.0, 14.5 ], "windMode": [-1,-1,-1,-1], "windData": [1,1,1,1] },
								"west": { "texture": "#dynastyhead", "uv": [ 33.5, 19.5, 34.0, 20.0 ], "windMode": [-1,-1,-1,-1], "windData": [1,1,1,1] },
								"up": { "texture": "#dynastyhead", "uv": [ 33.5, 15.0, 34.0, 15.5 ], "rotation": 90, "windMode": [-1,-1,-1,-1], "windData": [1,1,1,1] }
							},
							"children": [
								{
									"name": "LamelringMid7",
									"from": [ -4.5, -0.8, -1.25 ],
									"to": [ -3.8, 0.4, 1.17 ],
									"uv": [ 41.5, 13.0 ],
									"rotationOrigin": [ -3.9, -0.8, -1.25 ],
									"rotationZ": -8.0,
									"faces": {
										"north": { "texture": "#dynastyhead", "uv": [ 41.5, 15.0, 42.0, 16.0 ] },
										"east": { "texture": "#dynastyhead", "uv": [ 42.0, 15.0, 44.0, 16.0 ] },
										"south": { "texture": "#dynastyhead", "uv": [ 44.0, 15.0, 44.5, 16.0 ] },
										"west": { "texture": "#dynastyhead", "uv": [ 44.5, 15.0, 46.5, 16.0 ] },
										"up": { "texture": "#dynastyhead", "uv": [ 41.5, 13.0, 42.0, 15.0 ] },
										"down": { "texture": "#dynastyhead", "uv": [ 42.0, 13.0, 42.5, 15.0 ] }
									},
									"children": [
										{
											"name": "LamelringMid8",
											"from": [ 0.0, 0.01, 2.42 ],
											"to": [ 0.7, 1.21, 4.97 ],
											"uv": [ 41.0, 12.5 ],
											"rotationOrigin": [ -0.001, 0.0139, 2.42 ],
											"rotationX": -5.0,
											"rotationY": 24.0,
											"faces": {
												"north": { "texture": "#dynastyhead", "uv": [ 41.0, 15.0, 41.5, 16.0 ] },
												"east": { "texture": "#dynastyhead", "uv": [ 41.5, 15.0, 44.0, 16.0 ] },
												"south": { "texture": "#dynastyhead", "uv": [ 44.0, 15.0, 44.5, 16.0 ] },
												"west": { "texture": "#dynastyhead", "uv": [ 44.5, 15.0, 47.0, 16.0 ] },
												"up": { "texture": "#dynastyhead", "uv": [ 41.0, 12.5, 41.5, 15.0 ] },
												"down": { "texture": "#dynastyhead", "uv": [ 41.5, 12.5, 42.0, 15.0 ] }
											}
										},
										{
											"name": "LamelringMid9",
											"from": [ -0.05, 0.01, -2.53 ],
											"to": [ 0.65, 1.21, 0.02 ],
											"uv": [ 40.5, 12.5 ],
											"rotationOrigin": [ -0.001, -1.8861, 0.02 ],
											"rotationX": 5.0,
											"rotationY": -24.0,
											"faces": {
												"north": { "texture": "#dynastyhead", "uv": [ 40.5, 15.0, 41.0, 16.0 ] },
												"east": { "texture": "#dynastyhead", "uv": [ 41.0, 15.0, 43.5, 16.0 ] },
												"south": { "texture": "#dynastyhead", "uv": [ 43.5, 15.0, 44.0, 16.0 ] },
												"west": { "texture": "#dynastyhead", "uv": [ 44.0, 15.0, 46.5, 16.0 ] },
												"up": { "texture": "#dynastyhead", "uv": [ 40.5, 12.5, 41.0, 15.0 ] },
												"down": { "texture": "#dynastyhead", "uv": [ 41.0, 12.5, 41.5, 15.0 ] }
											}
										}
									]
								}
							]
						},
						{
							"name": "LamelRingMidAxel4",
							"from": [ 0.0, -3.7, 0.0 ],
							"to": [ 0.0, -3.7, 0.0 ],
							"unwrapMode": 4,
							"autoUnwrap": false,
							"uv": [ 23.5, 7.5 ],
							"rotationOrigin": [ 0.0, -3.7, 0.0 ],
							"rotationY": 270.0,
							"faces": {
								"north": { "texture": "#dynastyhead", "uv": [ 39.5, 22.0, 40.0, 22.5 ], "windMode": [-1,-1,-1,-1], "windData": [1,1,1,1] },
								"east": { "texture": "#dynastyhead", "uv": [ 33.5, 14.0, 34.0, 14.5 ], "windMode": [-1,-1,-1,-1], "windData": [1,1,1,1] },
								"west": { "texture": "#dynastyhead", "uv": [ 33.5, 19.5, 34.0, 20.0 ], "windMode": [-1,-1,-1,-1], "windData": [1,1,1,1] },
								"up": { "texture": "#dynastyhead", "uv": [ 33.5, 15.0, 34.0, 15.5 ], "rotation": 90, "windMode": [-1,-1,-1,-1], "windData": [1,1,1,1] }
							},
							"children": [
								{
									"name": "LamelringMid10",
									"from": [ -4.5, -0.8, -1.25 ],
									"to": [ -3.8, 0.4, 1.17 ],
									"uv": [ 41.5, 13.0 ],
									"rotationOrigin": [ -3.9, -0.8, -1.25 ],
									"rotationZ": -8.0,
									"faces": {
										"north": { "texture": "#dynastyhead", "uv": [ 41.5, 15.0, 42.0, 16.0 ] },
										"east": { "texture": "#dynastyhead", "uv": [ 42.0, 15.0, 44.0, 16.0 ] },
										"south": { "texture": "#dynastyhead", "uv": [ 44.0, 15.0, 44.5, 16.0 ] },
										"west": { "texture": "#dynastyhead", "uv": [ 44.5, 15.0, 46.5, 16.0 ] },
										"up": { "texture": "#dynastyhead", "uv": [ 41.5, 13.0, 42.0, 15.0 ] },
										"down": { "texture": "#dynastyhead", "uv": [ 42.0, 13.0, 42.5, 15.0 ] }
									},
									"children": [
										{
											"name": "LamelringMid11",
											"from": [ 0.0, 0.01, 2.42 ],
											"to": [ 0.7, 1.21, 4.97 ],
											"uv": [ 41.0, 12.5 ],
											"rotationOrigin": [ -0.001, 0.0139, 2.42 ],
											"rotationX": -5.0,
											"rotationY": 24.0,
											"faces": {
												"north": { "texture": "#dynastyhead", "uv": [ 41.0, 15.0, 41.5, 16.0 ] },
												"east": { "texture": "#dynastyhead", "uv": [ 41.5, 15.0, 44.0, 16.0 ] },
												"south": { "texture": "#dynastyhead", "uv": [ 44.0, 15.0, 44.5, 16.0 ] },
												"west": { "texture": "#dynastyhead", "uv": [ 44.5, 15.0, 47.0, 16.0 ] },
												"up": { "texture": "#dynastyhead", "uv": [ 41.0, 12.5, 41.5, 15.0 ] },
												"down": { "texture": "#dynastyhead", "uv": [ 41.5, 12.5, 42.0, 15.0 ] }
											}
										},
										{
											"name": "LamelringMid12",
											"from": [ -0.05, 0.01, -2.53 ],
											"to": [ 0.65, 1.21, 0.02 ],
											"uv": [ 40.5, 12.5 ],
											"rotationOrigin": [ -0.001, -1.8861, 0.02 ],
											"rotationX": 5.0,
											"rotationY": -24.0,
											"faces": {
												"north": { "texture": "#dynastyhead", "uv": [ 40.5, 15.0, 41.0, 16.0 ] },
												"east": { "texture": "#dynastyhead", "uv": [ 41.0, 15.0, 43.5, 16.0 ] },
												"south": { "texture": "#dynastyhead", "uv": [ 43.5, 15.0, 44.0, 16.0 ] },
												"west": { "texture": "#dynastyhead", "uv": [ 44.0, 15.0, 46.5, 16.0 ] },
												"up": { "texture": "#dynastyhead", "uv": [ 40.5, 12.5, 41.0, 15.0 ] },
												"down": { "texture": "#dynastyhead", "uv": [ 41.0, 12.5, 41.5, 15.0 ] }
											}
										}
									]
								}
							]
						},
						{
							"name": "LamelRingBotAxel3",
							"from": [ 0.0, -5.1, 0.0 ],
							"to": [ 0.0, -5.1, 0.0 ],
							"unwrapMode": 4,
							"autoUnwrap": false,
							"uv": [ 23.5, 7.5 ],
							"rotationOrigin": [ 0.0, -5.1, 0.0 ],
							"rotationY": 180.0,
							"faces": {
								"north": { "texture": "#dynastyhead", "uv": [ 39.5, 20.5, 40.0, 21.0 ], "windMode": [-1,-1,-1,-1], "windData": [1,1,1,1] },
								"east": { "texture": "#dynastyhead", "uv": [ 33.5, 14.0, 34.0, 14.5 ], "windMode": [-1,-1,-1,-1], "windData": [1,1,1,1] },
								"south": { "texture": "#dynastyhead", "uv": [ 39.5, 20.5, 40.0, 21.0 ], "windMode": [-1,-1,-1,-1], "windData": [1,1,1,1] },
								"west": { "texture": "#dynastyhead", "uv": [ 33.5, 19.5, 34.0, 20.0 ], "windMode": [-1,-1,-1,-1], "windData": [1,1,1,1] },
								"up": { "texture": "#dynastyhead", "uv": [ 33.5, 15.0, 34.0, 15.5 ], "rotation": 90, "windMode": [-1,-1,-1,-1], "windData": [1,1,1,1] }
							},
							"children": [
								{
									"name": "LamelringBot7",
									"from": [ -4.5, -0.7, -1.25 ],
									"to": [ -3.8, 0.7, 1.17 ],
									"uv": [ 41.5, 14.0 ],
									"rotationOrigin": [ -3.9, -0.7, -1.25 ],
									"faces": {
										"north": { "texture": "#dynastyhead", "uv": [ 41.5, 16.0, 42.0, 17.0 ] },
										"east": { "texture": "#dynastyhead", "uv": [ 42.0, 16.0, 44.0, 17.0 ] },
										"south": { "texture": "#dynastyhead", "uv": [ 44.0, 16.0, 44.5, 17.0 ] },
										"west": { "texture": "#dynastyhead", "uv": [ 44.5, 16.0, 46.5, 17.0 ] },
										"up": { "texture": "#dynastyhead", "uv": [ 41.5, 14.0, 42.0, 16.0 ] },
										"down": { "texture": "#dynastyhead", "uv": [ 42.0, 14.0, 42.5, 16.0 ] }
									},
									"children": [
										{
											"name": "LamelringBot8",
											"from": [ 0.0, 0.01, 2.42 ],
											"to": [ 0.7, 1.41, 4.97 ],
											"uv": [ 41.0, 13.5 ],
											"rotationOrigin": [ -0.001, 0.0139, 2.42 ],
											"rotationY": 24.0,
											"faces": {
												"north": { "texture": "#dynastyhead", "uv": [ 41.0, 16.0, 41.5, 17.0 ] },
												"east": { "texture": "#dynastyhead", "uv": [ 41.5, 16.0, 44.0, 17.0 ] },
												"south": { "texture": "#dynastyhead", "uv": [ 44.0, 16.0, 44.5, 17.0 ] },
												"west": { "texture": "#dynastyhead", "uv": [ 44.5, 16.0, 47.0, 17.0 ] },
												"up": { "texture": "#dynastyhead", "uv": [ 41.0, 13.5, 41.5, 16.0 ] },
												"down": { "texture": "#dynastyhead", "uv": [ 41.5, 13.5, 42.0, 16.0 ] }
											}
										},
										{
											"name": "LamelringBot9",
											"from": [ -0.05, 0.01, -2.53 ],
											"to": [ 0.65, 1.41, 0.02 ],
											"uv": [ 41.5, 13.5 ],
											"rotationOrigin": [ -0.001, -1.8861, 0.02 ],
											"rotationY": -24.0,
											"faces": {
												"north": { "texture": "#dynastyhead", "uv": [ 41.5, 16.0, 42.0, 17.0 ] },
												"east": { "texture": "#dynastyhead", "uv": [ 42.0, 16.0, 44.5, 17.0 ] },
												"south": { "texture": "#dynastyhead", "uv": [ 44.5, 16.0, 45.0, 17.0 ] },
												"west": { "texture": "#dynastyhead", "uv": [ 45.0, 16.0, 47.5, 17.0 ] },
												"up": { "texture": "#dynastyhead", "uv": [ 41.5, 13.5, 42.0, 16.0 ] },
												"down": { "texture": "#dynastyhead", "uv": [ 42.0, 13.5, 42.5, 16.0 ] }
											}
										}
									]
								}
							]
						},
						{
							"name": "LamelRingBotAxel4",
							"from": [ 0.0, -5.1, 0.0 ],
							"to": [ 0.0, -5.1, 0.0 ],
							"unwrapMode": 4,
							"autoUnwrap": false,
							"uv": [ 23.5, 7.5 ],
							"rotationOrigin": [ 0.0, -5.1, 0.0 ],
							"rotationY": 270.0,
							"faces": {
								"north": { "texture": "#dynastyhead", "uv": [ 39.5, 20.5, 40.0, 21.0 ], "windMode": [-1,-1,-1,-1], "windData": [1,1,1,1] },
								"east": { "texture": "#dynastyhead", "uv": [ 33.5, 14.0, 34.0, 14.5 ], "windMode": [-1,-1,-1,-1], "windData": [1,1,1,1] },
								"south": { "texture": "#dynastyhead", "uv": [ 39.5, 20.5, 40.0, 21.0 ], "windMode": [-1,-1,-1,-1], "windData": [1,1,1,1] },
								"west": { "texture": "#dynastyhead", "uv": [ 33.5, 19.5, 34.0, 20.0 ], "windMode": [-1,-1,-1,-1], "windData": [1,1,1,1] },
								"up": { "texture": "#dynastyhead", "uv": [ 33.5, 15.0, 34.0, 15.5 ], "rotation": 90, "windMode": [-1,-1,-1,-1], "windData": [1,1,1,1] }
							},
							"children": [
								{
									"name": "LamelringBot10",
									"from": [ -4.5, -0.7, -1.25 ],
									"to": [ -3.8, 0.7, 1.17 ],
									"uv": [ 41.5, 14.0 ],
									"rotationOrigin": [ -3.9, -0.7, -1.25 ],
									"faces": {
										"north": { "texture": "#dynastyhead", "uv": [ 41.5, 16.0, 42.0, 17.0 ] },
										"east": { "texture": "#dynastyhead", "uv": [ 42.0, 16.0, 44.0, 17.0 ] },
										"south": { "texture": "#dynastyhead", "uv": [ 44.0, 16.0, 44.5, 17.0 ] },
										"west": { "texture": "#dynastyhead", "uv": [ 44.5, 16.0, 46.5, 17.0 ] },
										"up": { "texture": "#dynastyhead", "uv": [ 41.5, 14.0, 42.0, 16.0 ] },
										"down": { "texture": "#dynastyhead", "uv": [ 42.0, 14.0, 42.5, 16.0 ] }
									},
									"children": [
										{
											"name": "LamelringBot11",
											"from": [ 0.0, 0.01, 2.42 ],
											"to": [ 0.7, 1.41, 4.97 ],
											"uv": [ 41.0, 13.5 ],
											"rotationOrigin": [ -0.001, 0.0139, 2.42 ],
											"rotationY": 24.0,
											"faces": {
												"north": { "texture": "#dynastyhead", "uv": [ 41.0, 16.0, 41.5, 17.0 ] },
												"east": { "texture": "#dynastyhead", "uv": [ 41.5, 16.0, 44.0, 17.0 ] },
												"south": { "texture": "#dynastyhead", "uv": [ 44.0, 16.0, 44.5, 17.0 ] },
												"west": { "texture": "#dynastyhead", "uv": [ 44.5, 16.0, 47.0, 17.0 ] },
												"up": { "texture": "#dynastyhead", "uv": [ 41.0, 13.5, 41.5, 16.0 ] },
												"down": { "texture": "#dynastyhead", "uv": [ 41.5, 13.5, 42.0, 16.0 ] }
											}
										},
										{
											"name": "LamelringBot12",
											"from": [ -0.05, 0.01, -2.53 ],
											"to": [ 0.65, 1.41, 0.02 ],
											"uv": [ 41.5, 13.5 ],
											"rotationOrigin": [ -0.001, -1.8861, 0.02 ],
											"rotationY": -24.0,
											"faces": {
												"north": { "texture": "#dynastyhead", "uv": [ 41.5, 16.0, 42.0, 17.0 ] },
												"east": { "texture": "#dynastyhead", "uv": [ 42.0, 16.0, 44.5, 17.0 ] },
												"south": { "texture": "#dynastyhead", "uv": [ 44.5, 16.0, 45.0, 17.0 ] },
												"west": { "texture": "#dynastyhead", "uv": [ 45.0, 16.0, 47.5, 17.0 ] },
												"up": { "texture": "#dynastyhead", "uv": [ 41.5, 13.5, 42.0, 16.0 ] },
												"down": { "texture": "#dynastyhead", "uv": [ 42.0, 13.5, 42.5, 16.0 ] }
											}
										}
									]
								}
							]
						}
					]
				},
				{
					"name": "TopDecBottom",
					"from": [ 2.6, 8.6, 2.0 ],
					"to": [ 4.8, 9.2, 4.3 ],
					"uv": [ 44.5, 19.5 ],
					"rotationOrigin": [ 2.6, 8.6, 2.0 ],
					"rotationZ": -5.0,
					"faces": {
						"north": { "texture": "#dynastyhead", "uv": [ 44.5, 21.5, 46.5, 22.0 ] },
						"east": { "texture": "#dynastyhead", "uv": [ 46.5, 21.5, 48.5, 22.0 ] },
						"south": { "texture": "#dynastyhead", "uv": [ 48.5, 21.5, 50.5, 22.0 ] },
						"west": { "texture": "#dynastyhead", "uv": [ 50.5, 21.5, 52.5, 22.0 ] },
						"up": { "texture": "#dynastyhead", "uv": [ 44.5, 19.5, 46.5, 21.5 ] },
						"down": { "texture": "#dynastyhead", "uv": [ 46.5, 19.5, 48.5, 21.5 ] }
					},
					"children": [
						{
							"name": "TopDec",
							"from": [ 0.4, 0.0, 0.8 ],
							"to": [ 1.1, 1.0, 1.5 ],
							"uv": [ 0.0, 8.0 ],
							"rotationOrigin": [ 0.4, 0.0, 0.8 ],
							"rotationZ": -24.0,
							"faces": {
								"north": { "texture": "#plume", "uv": [ 0.0, 8.5, 0.5, 9.5 ] },
								"east": { "texture": "#plume", "uv": [ 0.5, 8.5, 1.0, 9.5 ] },
								"south": { "texture": "#plume", "uv": [ 1.0, 8.5, 1.5, 9.5 ] },
								"west": { "texture": "#plume", "uv": [ 1.5, 8.5, 2.0, 9.5 ] },
								"up": { "texture": "#plume", "uv": [ 0.0, 8.0, 0.5, 8.5 ] },
								"down": { "texture": "#plume", "uv": [ 0.5, 8.0, 1.0, 8.5 ] }
							},
							"children": [
								{
									"name": "TopDec2",
									"from": [ 0.2978, 0.7366, 0.2 ],
									"to": [ 0.5978, 1.3366, 0.5 ],
									"uv": [ 0.0, 10.0 ],
									"rotationOrigin": [ 0.2978, 0.0366, 0.2 ],
									"faces": {
										"north": { "texture": "#plume", "uv": [ 0.0, 10.5, 0.5, 11.0 ] },
										"east": { "texture": "#plume", "uv": [ 0.5, 10.5, 1.0, 11.0 ] },
										"south": { "texture": "#plume", "uv": [ 1.0, 10.5, 1.5, 11.0 ] },
										"west": { "texture": "#plume", "uv": [ 1.5, 10.5, 2.0, 11.0 ] },
										"up": { "texture": "#plume", "uv": [ 0.0, 10.0, 0.5, 10.5 ] },
										"down": { "texture": "#plume", "uv": [ 0.5, 10.0, 1.0, 10.5 ] }
									}
								},
								{
									"name": "TopDec3",
									"from": [ 0.1985, 1.32, 0.1 ],
									"to": [ 0.6985, 1.92, 0.6 ],
									"uv": [ 0.0, 8.0 ],
									"rotationOrigin": [ 0.1985, 0.0244, 0.1 ],
									"faces": {
										"north": { "texture": "#plume", "uv": [ 0.0, 8.5, 0.5, 9.0 ] },
										"east": { "texture": "#plume", "uv": [ 0.5, 8.5, 1.0, 9.0 ] },
										"south": { "texture": "#plume", "uv": [ 1.0, 8.5, 1.5, 9.0 ] },
										"west": { "texture": "#plume", "uv": [ 1.5, 8.5, 2.0, 9.0 ] },
										"up": { "texture": "#plume", "uv": [ 0.0, 8.0, 0.5, 8.5 ] },
										"down": { "texture": "#plume", "uv": [ 0.5, 8.0, 1.0, 8.5 ] }
									},
									"children": [
										{
											"name": "Cube2",
											"from": [ -0.3, 0.3, 0.25 ],
											"to": [ 0.9, 1.4, 1.45 ],
											"uv": [ 1.0, 13.0 ],
											"rotationOrigin": [ -0.3, 0.3, 0.25 ],
											"rotationY": 45.0,
											"faces": {
												"north": { "texture": "#plume", "uv": [ 1.0, 14.0, 2.0, 15.0 ] },
												"east": { "texture": "#plume", "uv": [ 2.0, 14.0, 3.0, 15.0 ] },
												"south": { "texture": "#plume", "uv": [ 3.0, 14.0, 4.0, 15.0 ] },
												"west": { "texture": "#plume", "uv": [ 4.0, 14.0, 5.0, 15.0 ] },
												"up": { "texture": "#plume", "uv": [ 1.0, 13.0, 2.0, 14.0 ] },
												"down": { "texture": "#plume", "uv": [ 2.0, 13.0, 3.0, 14.0 ] }
											}
										},
										{
											"name": "Cube3",
											"from": [ -0.3, 1.3, 0.25 ],
											"to": [ 1.1, 2.7, 1.65 ],
											"uv": [ 0.0, 12.0 ],
											"rotationOrigin": [ -0.3, 1.3, 0.25 ],
											"rotationX": 17.0,
											"rotationY": 45.0,
											"rotationZ": -23.0,
											"faces": {
												"north": { "texture": "#plume", "uv": [ 0.0, 13.0, 1.0, 14.0 ] },
												"east": { "texture": "#plume", "uv": [ 1.0, 13.0, 2.0, 14.0 ] },
												"south": { "texture": "#plume", "uv": [ 2.0, 13.0, 3.0, 14.0 ] },
												"west": { "texture": "#plume", "uv": [ 3.0, 13.0, 4.0, 14.0 ] },
												"up": { "texture": "#plume", "uv": [ 0.0, 12.0, 1.0, 13.0 ] },
												"down": { "texture": "#plume", "uv": [ 1.0, 12.0, 2.0, 13.0 ] }
											}
										},
										{
											"name": "Cube4",
											"from": [ 0.3, 2.5, 0.2 ],
											"to": [ 1.6, 3.8, 1.5 ],
											"uv": [ 0.0, 12.0 ],
											"rotationOrigin": [ 0.3, 2.5, 0.2 ],
											"rotationX": 38.0,
											"rotationY": 26.0,
											"rotationZ": -59.0,
											"faces": {
												"north": { "texture": "#plume", "uv": [ 0.0, 13.0, 1.0, 14.0 ] },
												"east": { "texture": "#plume", "uv": [ 1.0, 13.0, 2.0, 14.0 ] },
												"south": { "texture": "#plume", "uv": [ 2.0, 13.0, 3.0, 14.0 ] },
												"west": { "texture": "#plume", "uv": [ 3.0, 13.0, 4.0, 14.0 ] },
												"up": { "texture": "#plume", "uv": [ 0.0, 12.0, 1.0, 13.0 ] },
												"down": { "texture": "#plume", "uv": [ 1.0, 12.0, 2.0, 13.0 ] }
											}
										},
										{
											"name": "Cube5",
											"from": [ 1.7, 3.2, 0.2 ],
											"to": [ 2.9, 4.6, 1.4 ],
											"uv": [ 0.0, 12.0 ],
											"rotationOrigin": [ 1.7, 3.2, 0.2 ],
											"rotationX": 41.0,
											"rotationY": -13.0,
											"rotationZ": -104.0,
											"faces": {
												"north": { "texture": "#plume", "uv": [ 0.0, 13.0, 1.0, 14.0 ] },
												"east": { "texture": "#plume", "uv": [ 1.0, 13.0, 2.0, 14.0 ] },
												"south": { "texture": "#plume", "uv": [ 2.0, 13.0, 3.0, 14.0 ] },
												"west": { "texture": "#plume", "uv": [ 3.0, 13.0, 4.0, 14.0 ] },
												"up": { "texture": "#plume", "uv": [ 0.0, 12.0, 1.0, 13.0 ] },
												"down": { "texture": "#plume", "uv": [ 1.0, 12.0, 2.0, 13.0 ] }
											}
										},
										{
											"name": "Cube6",
											"from": [ 3.0, 2.5, 0.2 ],
											"to": [ 4.1, 4.4, 1.3 ],
											"uv": [ 1.0, 12.0 ],
											"rotationOrigin": [ 3.0, 2.5, 0.2 ],
											"rotationX": 38.0,
											"rotationY": -20.0,
											"rotationZ": -115.0,
											"faces": {
												"north": { "texture": "#plume", "uv": [ 1.0, 13.0, 2.0, 14.5 ] },
												"east": { "texture": "#plume", "uv": [ 2.0, 13.0, 3.0, 14.5 ] },
												"south": { "texture": "#plume", "uv": [ 3.0, 13.0, 4.0, 14.5 ] },
												"west": { "texture": "#plume", "uv": [ 4.0, 13.0, 5.0, 14.5 ] },
												"up": { "texture": "#plume", "uv": [ 1.0, 12.0, 2.0, 13.0 ] },
												"down": { "texture": "#plume", "uv": [ 2.0, 12.0, 3.0, 13.0 ] }
											}
										},
										{
											"name": "Cube7",
											"from": [ 4.5, 1.3, 0.3 ],
											"to": [ 5.5, 4.4, 1.3 ],
											"uv": [ 1.0, 12.0 ],
											"rotationOrigin": [ 4.5, 1.3, 0.3 ],
											"rotationX": 40.0,
											"rotationY": -36.0,
											"rotationZ": -127.0,
											"faces": {
												"north": { "texture": "#plume", "uv": [ 1.0, 13.0, 2.0, 16.0 ] },
												"east": { "texture": "#plume", "uv": [ 2.0, 13.0, 3.0, 16.0 ] },
												"south": { "texture": "#plume", "uv": [ 3.0, 13.0, 4.0, 16.0 ] },
												"west": { "texture": "#plume", "uv": [ 4.0, 13.0, 5.0, 16.0 ] },
												"up": { "texture": "#plume", "uv": [ 1.0, 12.0, 2.0, 13.0 ] },
												"down": { "texture": "#plume", "uv": [ 2.0, 12.0, 3.0, 13.0 ] }
											}
										},
										{
											"name": "Cube8",
											"from": [ 6.3, -1.0, 0.2 ],
											"to": [ 7.2, 1.7, 1.1 ],
											"uv": [ 2.0, 12.0 ],
											"rotationOrigin": [ 6.3, -1.0, 0.2 ],
											"rotationX": 31.0,
											"rotationY": -36.0,
											"rotationZ": -133.0,
											"faces": {
												"north": { "texture": "#plume", "uv": [ 2.0, 12.5, 2.5, 15.0 ] },
												"east": { "texture": "#plume", "uv": [ 2.5, 12.5, 3.0, 15.0 ] },
												"south": { "texture": "#plume", "uv": [ 3.0, 12.5, 3.5, 15.0 ] },
												"west": { "texture": "#plume", "uv": [ 3.5, 12.5, 4.0, 15.0 ] },
												"up": { "texture": "#plume", "uv": [ 2.0, 12.0, 2.5, 12.5 ] },
												"down": { "texture": "#plume", "uv": [ 2.5, 12.0, 3.0, 12.5 ] }
											}
										},
										{
											"name": "Cube9",
											"from": [ 8.2, -4.8, -0.15 ],
											"to": [ 8.4, -3.6, 0.05 ],
											"uv": [ 11.0, 22.0 ],
											"rotationOrigin": [ 8.2, -4.8, -0.1 ],
											"rotationX": 91.0,
											"rotationY": 128.0,
											"rotationZ": 90.0,
											"faces": {
												"north": { "texture": "#plume", "uv": [ 11.0, 22.5, 11.5, 23.5 ] },
												"east": { "texture": "#plume", "uv": [ 11.5, 22.5, 12.0, 23.5 ] },
												"south": { "texture": "#plume", "uv": [ 12.0, 22.5, 12.5, 23.5 ] },
												"west": { "texture": "#plume", "uv": [ 12.5, 22.5, 13.0, 23.5 ] },
												"up": { "texture": "#plume", "uv": [ 11.0, 22.0, 11.5, 22.5 ] },
												"down": { "texture": "#plume", "uv": [ 11.5, 22.0, 12.0, 22.5 ] }
											}
										},
										{
											"name": "Cube10",
											"from": [ 7.7, -3.1, 0.3 ],
											"to": [ 8.4, -1.3, 1.0 ],
											"uv": [ 2.0, 12.0 ],
											"rotationOrigin": [ 7.7, -3.1, 0.3 ],
											"rotationX": 37.0,
											"rotationY": -45.0,
											"rotationZ": -133.0,
											"faces": {
												"north": { "texture": "#plume", "uv": [ 2.0, 12.5, 2.5, 14.0 ] },
												"east": { "texture": "#plume", "uv": [ 2.5, 12.5, 3.0, 14.0 ] },
												"south": { "texture": "#plume", "uv": [ 3.0, 12.5, 3.5, 14.0 ] },
												"west": { "texture": "#plume", "uv": [ 3.5, 12.5, 4.0, 14.0 ] },
												"up": { "texture": "#plume", "uv": [ 2.0, 12.0, 2.5, 12.5 ] },
												"down": { "texture": "#plume", "uv": [ 2.5, 12.0, 3.0, 12.5 ] }
											}
										},
										{
											"name": "Cube11",
											"from": [ 8.2, -4.8, 0.15 ],
											"to": [ 8.4, -3.4, 0.35 ],
											"uv": [ 11.0, 22.0 ],
											"rotationOrigin": [ 8.2, -4.8, 0.2 ],
											"rotationX": 91.0,
											"rotationY": 118.0,
											"rotationZ": 90.0,
											"faces": {
												"north": { "texture": "#plume", "uv": [ 11.0, 22.5, 11.5, 23.5 ] },
												"east": { "texture": "#plume", "uv": [ 11.5, 22.5, 12.0, 23.5 ] },
												"south": { "texture": "#plume", "uv": [ 12.0, 22.5, 12.5, 23.5 ] },
												"west": { "texture": "#plume", "uv": [ 12.5, 22.5, 13.0, 23.5 ] },
												"up": { "texture": "#plume", "uv": [ 11.0, 22.0, 11.5, 22.5 ] },
												"down": { "texture": "#plume", "uv": [ 11.5, 22.0, 12.0, 22.5 ] }
											}
										},
										{
											"name": "Cube12",
											"from": [ 7.9, -4.7, 0.15 ],
											"to": [ 8.1, -3.3, 0.35 ],
											"uv": [ 11.0, 22.0 ],
											"rotationOrigin": [ 7.9, -4.7, 0.2 ],
											"rotationX": 91.0,
											"rotationY": 113.0,
											"rotationZ": 90.0,
											"faces": {
												"north": { "texture": "#plume", "uv": [ 11.0, 22.5, 11.5, 23.5 ] },
												"east": { "texture": "#plume", "uv": [ 11.5, 22.5, 12.0, 23.5 ] },
												"south": { "texture": "#plume", "uv": [ 12.0, 22.5, 12.5, 23.5 ] },
												"west": { "texture": "#plume", "uv": [ 12.5, 22.5, 13.0, 23.5 ] },
												"up": { "texture": "#plume", "uv": [ 11.0, 22.0, 11.5, 22.5 ] },
												"down": { "texture": "#plume", "uv": [ 11.5, 22.0, 12.0, 22.5 ] }
											}
										},
										{
											"name": "Cube13",
											"from": [ 7.9, -4.7, 0.35 ],
											"to": [ 8.1, -3.5, 0.55 ],
											"uv": [ 11.0, 22.0 ],
											"rotationOrigin": [ 7.9, -4.7, 0.4 ],
											"rotationX": 81.0,
											"rotationY": 113.0,
											"rotationZ": 90.0,
											"faces": {
												"north": { "texture": "#plume", "uv": [ 11.0, 22.5, 11.5, 23.5 ] },
												"east": { "texture": "#plume", "uv": [ 11.5, 22.5, 12.0, 23.5 ] },
												"south": { "texture": "#plume", "uv": [ 12.0, 22.5, 12.5, 23.5 ] },
												"west": { "texture": "#plume", "uv": [ 12.5, 22.5, 13.0, 23.5 ] },
												"up": { "texture": "#plume", "uv": [ 11.0, 22.0, 11.5, 22.5 ] },
												"down": { "texture": "#plume", "uv": [ 11.5, 22.0, 12.0, 22.5 ] }
											}
										},
										{
											"name": "Cube14",
											"from": [ 7.9, -4.7, -0.15 ],
											"to": [ 8.1, -3.5, 0.05 ],
											"uv": [ 11.0, 22.0 ],
											"rotationOrigin": [ 7.9, -4.7, -0.1 ],
											"rotationX": 91.0,
											"rotationY": 118.0,
											"rotationZ": 90.0,
											"faces": {
												"north": { "texture": "#plume", "uv": [ 11.0, 22.5, 11.5, 23.5 ] },
												"east": { "texture": "#plume", "uv": [ 11.5, 22.5, 12.0, 23.5 ] },
												"south": { "texture": "#plume", "uv": [ 12.0, 22.5, 12.5, 23.5 ] },
												"west": { "texture": "#plume", "uv": [ 12.5, 22.5, 13.0, 23.5 ] },
												"up": { "texture": "#plume", "uv": [ 11.0, 22.0, 11.5, 22.5 ] },
												"down": { "texture": "#plume", "uv": [ 11.5, 22.0, 12.0, 22.5 ] }
											}
										}
									]
								}
							]
						}
					]
				},
				{
					"name": "HelmetTopRow1",
					"from": [ 0.13, 5.502, 0.6 ],
					"to": [ 6.73, 6.802, 5.6 ],
					"autoUnwrap": false,
					"uv": [ 43.0, 20.0 ],
					"rotationOrigin": [ 0.1279, 5.4991, 0.6 ],
					"rotationZ": -4.0,
					"faces": {
						"north": { "texture": "#dynastyhead", "uv": [ 43.0, 25.0, 49.5, 26.0 ] },
						"east": { "texture": "#dynastyhead", "uv": [ 44.5, 25.0, 49.5, 26.0 ] },
						"south": { "texture": "#dynastyhead", "uv": [ 45.5, 25.0, 52.0, 26.0 ] },
						"west": { "texture": "#dynastyhead", "uv": [ 45.0, 25.0, 50.0, 26.0 ] },
						"up": { "texture": "#dynastyhead", "uv": [ 43.0, 20.0, 49.5, 25.0 ] },
						"down": { "texture": "#dynastyhead", "uv": [ 45.5, 20.0, 52.0, 25.0 ] }
					},
					"children": [
						{
							"name": "HelmetTopRow1R",
							"from": [ 1.0, 0.0, -0.7 ],
							"to": [ 5.7, 1.3, 0.0 ],
							"autoUnwrap": false,
							"uv": [ 43.0, 22.5 ],
							"rotationOrigin": [ 1.0, 0.0, -0.7 ],
							"faces": {
								"north": { "texture": "#dynastyhead", "uv": [ 43.0, 23.0, 47.5, 24.0 ] },
								"east": { "texture": "#dynastyhead", "uv": [ 47.5, 23.0, 48.0, 24.0 ] },
								"south": { "texture": "#dynastyhead", "uv": [ 48.0, 23.0, 52.5, 24.0 ] },
								"west": { "texture": "#dynastyhead", "uv": [ 51.5, 23.0, 52.0, 24.0 ] },
								"up": { "texture": "#dynastyhead", "uv": [ 43.0, 22.5, 47.5, 23.0 ] },
								"down": { "texture": "#dynastyhead", "uv": [ 47.5, 22.5, 52.0, 23.0 ] }
							}
						},
						{
							"name": "HelmetTopRow1L",
							"from": [ 1.0, 0.0, 5.0 ],
							"to": [ 5.7, 1.3, 5.7 ],
							"autoUnwrap": false,
							"uv": [ 43.5, 22.0 ],
							"rotationOrigin": [ 1.0, 0.0, 5.0 ],
							"faces": {
								"north": { "texture": "#dynastyhead", "uv": [ 43.5, 22.5, 48.0, 23.5 ] },
								"east": { "texture": "#dynastyhead", "uv": [ 48.0, 22.5, 48.5, 23.5 ] },
								"south": { "texture": "#dynastyhead", "uv": [ 47.5, 22.5, 52.0, 23.5 ] },
								"west": { "texture": "#dynastyhead", "uv": [ 52.0, 22.5, 52.5, 23.5 ] },
								"up": { "texture": "#dynastyhead", "uv": [ 43.5, 22.0, 48.0, 22.5 ] },
								"down": { "texture": "#dynastyhead", "uv": [ 48.0, 22.0, 52.5, 22.5 ] }
							}
						}
					]
				},
				{
					"name": "HelmetTopRow2",
					"from": [ 0.81, 6.6642, 1.1 ],
					"to": [ 6.31, 7.7642, 5.1 ],
					"autoUnwrap": false,
					"uv": [ 0.5, 23.0 ],
					"rotationOrigin": [ 0.8104, 6.6613, 1.1 ],
					"rotationZ": -4.0,
					"faces": {
						"north": { "texture": "#dynastyhead", "uv": [ 44.0, 19.5, 49.5, 20.5 ] },
						"east": { "texture": "#dynastyhead", "uv": [ 47.5, 22.0, 51.5, 23.0 ] },
						"south": { "texture": "#dynastyhead", "uv": [ 44.5, 22.0, 50.0, 23.0 ] },
						"west": { "texture": "#dynastyhead", "uv": [ 45.5, 22.5, 49.5, 23.5 ] },
						"up": { "texture": "#dynastyhead", "uv": [ 47.0, 19.5, 52.5, 23.5 ] },
						"down": { "texture": "#dynastyhead", "uv": [ 46.0, 19.0, 51.5, 23.0 ] }
					},
					"children": [
						{
							"name": "HelmetTopRow1R2",
							"from": [ 0.5, 0.0, -0.7 ],
							"to": [ 4.7, 1.1, 0.0 ],
							"uv": [ 43.5, 21.0 ],
							"rotationOrigin": [ 0.5, 0.0, -0.7 ],
							"faces": {
								"north": { "texture": "#dynastyhead", "uv": [ 43.5, 21.5, 47.5, 22.5 ] },
								"east": { "texture": "#dynastyhead", "uv": [ 47.5, 21.5, 48.0, 22.5 ] },
								"south": { "texture": "#dynastyhead", "uv": [ 48.0, 21.5, 52.0, 22.5 ] },
								"west": { "texture": "#dynastyhead", "uv": [ 52.0, 21.5, 52.5, 22.5 ] },
								"up": { "texture": "#dynastyhead", "uv": [ 43.5, 21.0, 47.5, 21.5 ] },
								"down": { "texture": "#dynastyhead", "uv": [ 47.5, 21.0, 51.5, 21.5 ] }
							}
						},
						{
							"name": "HelmetTopRow1L2",
							"from": [ 0.5, 0.0, 4.0 ],
							"to": [ 4.7, 1.1, 4.7 ],
							"uv": [ 43.5, 21.5 ],
							"rotationOrigin": [ 0.5, 0.0, 4.0 ],
							"faces": {
								"north": { "texture": "#dynastyhead", "uv": [ 43.5, 22.0, 47.5, 23.0 ] },
								"east": { "texture": "#dynastyhead", "uv": [ 47.5, 22.0, 48.0, 23.0 ] },
								"south": { "texture": "#dynastyhead", "uv": [ 48.0, 22.0, 52.0, 23.0 ] },
								"west": { "texture": "#dynastyhead", "uv": [ 52.0, 22.0, 52.5, 23.0 ] },
								"up": { "texture": "#dynastyhead", "uv": [ 43.5, 21.5, 47.5, 22.0 ] },
								"down": { "texture": "#dynastyhead", "uv": [ 47.5, 21.5, 51.5, 22.0 ] }
							}
						}
					]
				},
				{
					"name": "HelmetTopRow3",
					"from": [ 1.57, 7.5271, 1.6 ],
					"to": [ 5.47, 8.8271, 4.6 ],
					"autoUnwrap": false,
					"uv": [ 43.0, 19.0 ],
					"rotationOrigin": [ 1.5719, 7.5242, 1.6 ],
					"rotationZ": -4.0,
					"faces": {
						"north": { "texture": "#dynastyhead", "uv": [ 43.0, 22.0, 46.5, 23.0 ] },
						"east": { "texture": "#dynastyhead", "uv": [ 46.5, 22.0, 49.5, 23.0 ] },
						"south": { "texture": "#dynastyhead", "uv": [ 49.0, 22.0, 52.5, 23.0 ] },
						"west": { "texture": "#dynastyhead", "uv": [ 49.5, 22.0, 52.5, 23.0 ] },
						"up": { "texture": "#dynastyhead", "uv": [ 43.0, 19.0, 46.5, 22.0 ] },
						"down": { "texture": "#dynastyhead", "uv": [ 46.5, 19.0, 50.0, 22.0 ] }
					},
					"children": [
						{
							"name": "HelmetTopRow1R3",
							"from": [ 0.5, 0.0, -0.7 ],
							"to": [ 3.6, 1.3, 0.0 ],
							"uv": [ 45.4, 20.0 ],
							"rotationOrigin": [ 0.5, 0.0, -0.7 ],
							"faces": {
								"north": { "texture": "#dynastyhead", "uv": [ 45.5, 20.5, 48.5, 21.5 ] },
								"east": { "texture": "#dynastyhead", "uv": [ 48.5, 20.5, 49.0, 21.5 ] },
								"south": { "texture": "#dynastyhead", "uv": [ 49.0, 20.5, 52.0, 21.5 ] },
								"west": { "texture": "#dynastyhead", "uv": [ 52.0, 20.5, 52.5, 21.5 ] },
								"up": { "texture": "#dynastyhead", "uv": [ 45.5, 20.0, 48.5, 20.5 ] },
								"down": { "texture": "#dynastyhead", "uv": [ 48.5, 20.0, 51.5, 20.5 ] }
							}
						},
						{
							"name": "HelmetTopRow1L3",
							"from": [ 0.5, 0.0, 3.0 ],
							"to": [ 3.6, 1.3, 3.7 ],
							"uv": [ 45.0, 19.5 ],
							"rotationOrigin": [ 0.5, 0.0, 3.0 ],
							"faces": {
								"north": { "texture": "#dynastyhead", "uv": [ 45.0, 20.0, 48.0, 21.0 ] },
								"east": { "texture": "#dynastyhead", "uv": [ 48.0, 20.0, 48.5, 21.0 ] },
								"south": { "texture": "#dynastyhead", "uv": [ 48.5, 20.0, 51.5, 21.0 ] },
								"west": { "texture": "#dynastyhead", "uv": [ 51.5, 20.0, 52.0, 21.0 ] },
								"up": { "texture": "#dynastyhead", "uv": [ 45.0, 19.5, 48.0, 20.0 ] },
								"down": { "texture": "#dynastyhead", "uv": [ 48.0, 19.5, 51.0, 20.0 ] }
							}
						}
					]
				},
				{
					"name": "HelmetTopRow0",
					"from": [ 0.64, 4.62, -0.2 ],
					"to": [ 6.44, 6.12, 6.4 ],
					"autoUnwrap": false,
					"uv": [ 4.0, 8.0 ],
					"rotationOrigin": [ 0.6377, 4.6162, -0.2 ],
					"rotationZ": -4.0,
					"faces": {
						"north": { "texture": "#dynastyhead", "uv": [ 44.5, 21.5, 50.0, 23.0 ] },
						"east": { "texture": "#dynastyhead", "uv": [ 45.0, 24.0, 51.5, 25.5 ] },
						"south": { "texture": "#dynastyhead", "uv": [ 47.0, 24.5, 52.5, 26.0 ] },
						"west": { "texture": "#dynastyhead", "uv": [ 43.0, 24.5, 49.5, 26.0 ] },
						"up": { "texture": "#dynastyhead", "uv": [ 43.0, 19.0, 48.5, 25.5 ] },
						"down": { "texture": "#dynastyhead", "uv": [ 47.0, 19.0, 52.5, 25.5 ] }
					},
					"children": [
						{
							"name": "HelmetTopRow0R",
							"from": [ 0.93, 0.2, -0.5 ],
							"to": [ 4.93, 1.5, 0.0 ],
							"uv": [ 43.5, 23.0 ],
							"rotationOrigin": [ 0.9297, 0.2001, -0.5 ],
							"faces": {
								"north": { "texture": "#dynastyhead", "uv": [ 43.5, 23.5, 47.5, 24.5 ] },
								"east": { "texture": "#dynastyhead", "uv": [ 47.5, 23.5, 48.0, 24.5 ] },
								"south": { "texture": "#dynastyhead", "uv": [ 48.0, 23.5, 52.0, 24.5 ] },
								"west": { "texture": "#dynastyhead", "uv": [ 52.0, 23.5, 52.5, 24.5 ] },
								"up": { "texture": "#dynastyhead", "uv": [ 43.5, 23.0, 47.5, 23.5 ] },
								"down": { "texture": "#dynastyhead", "uv": [ 47.5, 23.0, 51.5, 23.5 ] }
							}
						},
						{
							"name": "HelmetTopRow0L",
							"from": [ 0.93, 0.2, 6.6 ],
							"to": [ 4.93, 1.5, 7.1 ],
							"uv": [ 43.5, 22.5 ],
							"rotationOrigin": [ 0.9297, 0.2001, 6.6 ],
							"faces": {
								"north": { "texture": "#dynastyhead", "uv": [ 43.5, 23.0, 47.5, 24.0 ] },
								"east": { "texture": "#dynastyhead", "uv": [ 47.5, 23.0, 48.0, 24.0 ] },
								"south": { "texture": "#dynastyhead", "uv": [ 48.0, 23.0, 52.0, 24.0 ] },
								"west": { "texture": "#dynastyhead", "uv": [ 52.0, 23.0, 52.5, 24.0 ] },
								"up": { "texture": "#dynastyhead", "uv": [ 43.5, 22.5, 47.5, 23.0 ] },
								"down": { "texture": "#dynastyhead", "uv": [ 47.5, 22.5, 51.5, 23.0 ] }
							}
						},
						{
							"name": "HelmetTopRow0Back",
							"from": [ 5.7, 0.2, 0.8 ],
							"to": [ 6.4, 1.5, 5.8 ],
							"autoUnwrap": false,
							"uv": [ 46.5, 22.5 ],
							"rotationOrigin": [ 5.7, 0.2001, 0.8 ],
							"faces": {
								"north": { "texture": "#dynastyhead", "uv": [ 51.0, 23.5, 51.5, 24.5 ] },
								"east": { "texture": "#dynastyhead", "uv": [ 43.5, 24.0, 48.5, 25.0 ] },
								"south": { "texture": "#dynastyhead", "uv": [ 51.5, 24.0, 52.0, 25.0 ] },
								"west": { "texture": "#dynastyhead", "uv": [ 47.5, 24.0, 52.5, 25.0 ] },
								"up": { "texture": "#dynastyhead", "uv": [ 43.5, 19.5, 44.0, 24.5 ] },
								"down": { "texture": "#dynastyhead", "uv": [ 44.0, 19.5, 44.5, 24.5 ] }
							}
						}
					]
				}
			]
		}
	]}