{"editor": {"collapsedPaths": "Root/main/middle/slanted down8,Root/main/middle/slanted down11,Root/main/middle/slanted down9,Root/main/middle/slanted down,Root/main/middle/slanted down7,Root/origin/slanted down/Grass1,Root/main/middle/slanted down10,Root/main/lower2,Root/origin/middle/slanted down/Grass1,Root/main/middle/slanted down/Grass1,Root/main/middle/slanted down/Grass3", "allAngles": false, "entityTextureMode": false}, "textureWidth": 16, "textureHeight": 16, "textureSizes": {"normal": [32, 16], "short-south": [24, 24], "short-north": [24, 24], "material": [16, 16]}, "textures": {}, "elements": [{"name": "main", "from": [0.0, 0.0, 0.0], "to": [0.0, 0.0, 0.0], "rotationOrigin": [8.0, 0.0, 8.0], "faces": {"north": {"texture": "#null", "uv": [0.0, 0.0, 0.5, 0.5], "enabled": false}, "east": {"texture": "#null", "uv": [0.0, 0.0, 0.5, 0.5], "enabled": false}, "south": {"texture": "#null", "uv": [0.0, 0.0, 0.5, 0.5], "enabled": false}, "west": {"texture": "#null", "uv": [0.0, 0.0, 0.5, 0.5], "enabled": false}, "up": {"texture": "#null", "uv": [0.0, 0.0, 0.5, 0.5], "enabled": false}, "down": {"texture": "#null", "uv": [0.0, 0.0, 0.5, 0.5], "enabled": false}}, "children": [{"name": "lower", "from": [-4.0, 0.0, 0.0], "to": [-4.0, 0.0, 0.0], "rotationOrigin": [0.0, -4.0, 0.0], "faces": {"north": {"texture": "#null", "uv": [0.0, 0.0, 0.5, 0.5], "enabled": false}, "east": {"texture": "#null", "uv": [0.0, 0.0, 0.5, 0.5], "enabled": false}, "south": {"texture": "#null", "uv": [0.0, 0.0, 0.5, 0.5], "enabled": false}, "west": {"texture": "#null", "uv": [0.0, 0.0, 0.5, 0.5], "enabled": false}, "up": {"texture": "#null", "uv": [0.0, 0.0, 0.5, 0.5], "enabled": false}, "down": {"texture": "#null", "uv": [0.0, 0.0, 0.5, 0.5], "enabled": false}}, "children": [{"name": "0", "from": [0.0, 0.0, 0.0], "to": [0.0, 0.0, 0.0], "faces": {}, "children": [{"name": "0", "from": [14.889, 7.0, 0], "to": [17.87, 9.0, 2], "rotationOrigin": [8.0, 7.0, 7.95], "rotationZ": 63.44, "faces": {"north": {"texture": "#material", "uv": [0.0, 1.0, 2.5, 3.0]}, "east": {"texture": "#material", "uv": [0, 1.0, 2, 3.0], "windMode": [-1, -1, -1, -1], "windData": [0, 1, 1, 0]}, "south": {"texture": "#material", "uv": [13.5, 1.0, 16.0, 3.0]}, "west": {"texture": "#material", "uv": [0, 1.0, 2, 3.0], "windMode": [-1, -1, -1, -1]}, "up": {"texture": "#material", "uv": [0, 0.0, 2, 2.5], "rotation": 90, "windMode": [-1, -1, -1, -1], "windData": [0, 0, 1, 1]}, "down": {"texture": "#material", "uv": [0, 0.0, 2, 2.5], "rotation": 270}}}, {"name": "1", "from": [14.889, 7.0, 2], "to": [17.87, 9.0, 4], "rotationOrigin": [8.0, 7.0, 7.95], "rotationZ": 63.44, "faces": {"north": {"texture": "#material", "uv": [0.0, 1.0, 2.5, 3.0]}, "east": {"texture": "#material", "uv": [2, 1.0, 4, 3.0], "windMode": [-1, -1, -1, -1], "windData": [0, 1, 1, 0]}, "south": {"texture": "#material", "uv": [13.5, 1.0, 16.0, 3.0]}, "west": {"texture": "#material", "uv": [2, 1.0, 4, 3.0], "windMode": [-1, -1, -1, -1]}, "up": {"texture": "#material", "uv": [2, 0.0, 4, 2.5], "rotation": 90, "windMode": [-1, -1, -1, -1], "windData": [0, 0, 1, 1]}, "down": {"texture": "#material", "uv": [2, 0.0, 4, 2.5], "rotation": 270}}}, {"name": "2", "from": [14.889, 7.0, 4], "to": [17.87, 9.0, 6], "rotationOrigin": [8.0, 7.0, 7.95], "rotationZ": 63.44, "faces": {"north": {"texture": "#material", "uv": [0.0, 1.0, 2.5, 3.0]}, "east": {"texture": "#material", "uv": [4, 1.0, 6, 3.0], "windMode": [-1, -1, -1, -1], "windData": [0, 1, 1, 0]}, "south": {"texture": "#material", "uv": [13.5, 1.0, 16.0, 3.0]}, "west": {"texture": "#material", "uv": [4, 1.0, 6, 3.0], "windMode": [-1, -1, -1, -1]}, "up": {"texture": "#material", "uv": [4, 0.0, 6, 2.5], "rotation": 90, "windMode": [-1, -1, -1, -1], "windData": [0, 0, 1, 1]}, "down": {"texture": "#material", "uv": [4, 0.0, 6, 2.5], "rotation": 270}}}, {"name": "3", "from": [14.889, 7.0, 6], "to": [17.87, 9.0, 8], "rotationOrigin": [8.0, 7.0, 7.95], "rotationZ": 63.44, "faces": {"north": {"texture": "#material", "uv": [0.0, 1.0, 2.5, 3.0]}, "east": {"texture": "#material", "uv": [6, 1.0, 8, 3.0], "windMode": [-1, -1, -1, -1], "windData": [0, 1, 1, 0]}, "south": {"texture": "#material", "uv": [13.5, 1.0, 16.0, 3.0]}, "west": {"texture": "#material", "uv": [6, 1.0, 8, 3.0], "windMode": [-1, -1, -1, -1]}, "up": {"texture": "#material", "uv": [6, 0.0, 8, 2.5], "rotation": 90, "windMode": [-1, -1, -1, -1], "windData": [0, 0, 1, 1]}, "down": {"texture": "#material", "uv": [6, 0.0, 8, 2.5], "rotation": 270}}}, {"name": "4", "from": [14.889, 7.0, 8], "to": [17.87, 9.0, 10], "rotationOrigin": [8.0, 7.0, 7.95], "rotationZ": 63.44, "faces": {"north": {"texture": "#material", "uv": [0.0, 1.0, 2.5, 3.0]}, "east": {"texture": "#material", "uv": [8, 1.0, 10, 3.0], "windMode": [-1, -1, -1, -1], "windData": [0, 1, 1, 0]}, "south": {"texture": "#material", "uv": [13.5, 1.0, 16.0, 3.0]}, "west": {"texture": "#material", "uv": [8, 1.0, 10, 3.0], "windMode": [-1, -1, -1, -1]}, "up": {"texture": "#material", "uv": [8, 0.0, 10, 2.5], "rotation": 90, "windMode": [-1, -1, -1, -1], "windData": [0, 0, 1, 1]}, "down": {"texture": "#material", "uv": [8, 0.0, 10, 2.5], "rotation": 270}}}, {"name": "5", "from": [14.889, 7.0, 10], "to": [17.87, 9.0, 12], "rotationOrigin": [8.0, 7.0, 7.95], "rotationZ": 63.44, "faces": {"north": {"texture": "#material", "uv": [0.0, 1.0, 2.5, 3.0]}, "east": {"texture": "#material", "uv": [10, 1.0, 12, 3.0], "windMode": [-1, -1, -1, -1], "windData": [0, 1, 1, 0]}, "south": {"texture": "#material", "uv": [13.5, 1.0, 16.0, 3.0]}, "west": {"texture": "#material", "uv": [10, 1.0, 12, 3.0], "windMode": [-1, -1, -1, -1]}, "up": {"texture": "#material", "uv": [10, 0.0, 12, 2.5], "rotation": 90, "windMode": [-1, -1, -1, -1], "windData": [0, 0, 1, 1]}, "down": {"texture": "#material", "uv": [10, 0.0, 12, 2.5], "rotation": 270}}}, {"name": "6", "from": [14.889, 7.0, 12], "to": [17.87, 9.0, 14], "rotationOrigin": [8.0, 7.0, 7.95], "rotationZ": 63.44, "faces": {"north": {"texture": "#material", "uv": [0.0, 1.0, 2.5, 3.0]}, "east": {"texture": "#material", "uv": [12, 1.0, 14, 3.0], "windMode": [-1, -1, -1, -1], "windData": [0, 1, 1, 0]}, "south": {"texture": "#material", "uv": [13.5, 1.0, 16.0, 3.0]}, "west": {"texture": "#material", "uv": [12, 1.0, 14, 3.0], "windMode": [-1, -1, -1, -1]}, "up": {"texture": "#material", "uv": [12, 0.0, 14, 2.5], "rotation": 90, "windMode": [-1, -1, -1, -1], "windData": [0, 0, 1, 1]}, "down": {"texture": "#material", "uv": [12, 0.0, 14, 2.5], "rotation": 270}}}, {"name": "7", "from": [14.889, 7.0, 14], "to": [17.87, 9.0, 16], "rotationOrigin": [8.0, 7.0, 7.95], "rotationZ": 63.44, "faces": {"north": {"texture": "#material", "uv": [0.0, 1.0, 2.5, 3.0]}, "east": {"texture": "#material", "uv": [14, 1.0, 16, 3.0], "windMode": [-1, -1, -1, -1], "windData": [0, 1, 1, 0]}, "south": {"texture": "#material", "uv": [13.5, 1.0, 16.0, 3.0]}, "west": {"texture": "#material", "uv": [14, 1.0, 16, 3.0], "windMode": [-1, -1, -1, -1]}, "up": {"texture": "#material", "uv": [14, 0.0, 16, 2.5], "rotation": 90, "windMode": [-1, -1, -1, -1], "windData": [0, 0, 1, 1]}, "down": {"texture": "#material", "uv": [14, 0.0, 16, 2.5], "rotation": 270}}}]}, {"name": "1", "from": [0.0, 0.0, 0.0], "to": [0.0, 0.0, 0.0], "faces": {}, "children": [{"name": "0", "from": [11.908, 7.0, 0], "to": [14.889, 9.0, 2], "rotationOrigin": [8.0, 7.0, 7.95], "rotationZ": 63.44, "faces": {"north": {"texture": "#material", "uv": [2.5, 1.0, 5.0, 3.0]}, "east": {"texture": "#material", "uv": [0, 1.0, 2, 3.0], "windMode": [-1, -1, -1, -1], "windData": [0, 1, 1, 0]}, "south": {"texture": "#material", "uv": [11.0, 1.0, 13.5, 3.0]}, "west": {"texture": "#material", "uv": [0, 1.0, 2, 3.0], "windMode": [-1, -1, -1, -1]}, "up": {"texture": "#material", "uv": [0, 2.5, 2, 5.0], "rotation": 90, "windMode": [-1, -1, -1, -1], "windData": [0, 0, 1, 1]}, "down": {"texture": "#material", "uv": [0, 2.5, 2, 5.0], "rotation": 270}}}, {"name": "1", "from": [11.908, 7.0, 2], "to": [14.889, 9.0, 4], "rotationOrigin": [8.0, 7.0, 7.95], "rotationZ": 63.44, "faces": {"north": {"texture": "#material", "uv": [2.5, 1.0, 5.0, 3.0]}, "east": {"texture": "#material", "uv": [2, 1.0, 4, 3.0], "windMode": [-1, -1, -1, -1], "windData": [0, 1, 1, 0]}, "south": {"texture": "#material", "uv": [11.0, 1.0, 13.5, 3.0]}, "west": {"texture": "#material", "uv": [2, 1.0, 4, 3.0], "windMode": [-1, -1, -1, -1]}, "up": {"texture": "#material", "uv": [2, 2.5, 4, 5.0], "rotation": 90, "windMode": [-1, -1, -1, -1], "windData": [0, 0, 1, 1]}, "down": {"texture": "#material", "uv": [2, 2.5, 4, 5.0], "rotation": 270}}}, {"name": "2", "from": [11.908, 7.0, 4], "to": [14.889, 9.0, 6], "rotationOrigin": [8.0, 7.0, 7.95], "rotationZ": 63.44, "faces": {"north": {"texture": "#material", "uv": [2.5, 1.0, 5.0, 3.0]}, "east": {"texture": "#material", "uv": [4, 1.0, 6, 3.0], "windMode": [-1, -1, -1, -1], "windData": [0, 1, 1, 0]}, "south": {"texture": "#material", "uv": [11.0, 1.0, 13.5, 3.0]}, "west": {"texture": "#material", "uv": [4, 1.0, 6, 3.0], "windMode": [-1, -1, -1, -1]}, "up": {"texture": "#material", "uv": [4, 2.5, 6, 5.0], "rotation": 90, "windMode": [-1, -1, -1, -1], "windData": [0, 0, 1, 1]}, "down": {"texture": "#material", "uv": [4, 2.5, 6, 5.0], "rotation": 270}}}, {"name": "3", "from": [11.908, 7.0, 6], "to": [14.889, 9.0, 8], "rotationOrigin": [8.0, 7.0, 7.95], "rotationZ": 63.44, "faces": {"north": {"texture": "#material", "uv": [2.5, 1.0, 5.0, 3.0]}, "east": {"texture": "#material", "uv": [6, 1.0, 8, 3.0], "windMode": [-1, -1, -1, -1], "windData": [0, 1, 1, 0]}, "south": {"texture": "#material", "uv": [11.0, 1.0, 13.5, 3.0]}, "west": {"texture": "#material", "uv": [6, 1.0, 8, 3.0], "windMode": [-1, -1, -1, -1]}, "up": {"texture": "#material", "uv": [6, 2.5, 8, 5.0], "rotation": 90, "windMode": [-1, -1, -1, -1], "windData": [0, 0, 1, 1]}, "down": {"texture": "#material", "uv": [6, 2.5, 8, 5.0], "rotation": 270}}}, {"name": "4", "from": [11.908, 7.0, 8], "to": [14.889, 9.0, 10], "rotationOrigin": [8.0, 7.0, 7.95], "rotationZ": 63.44, "faces": {"north": {"texture": "#material", "uv": [2.5, 1.0, 5.0, 3.0]}, "east": {"texture": "#material", "uv": [8, 1.0, 10, 3.0], "windMode": [-1, -1, -1, -1], "windData": [0, 1, 1, 0]}, "south": {"texture": "#material", "uv": [11.0, 1.0, 13.5, 3.0]}, "west": {"texture": "#material", "uv": [8, 1.0, 10, 3.0], "windMode": [-1, -1, -1, -1]}, "up": {"texture": "#material", "uv": [8, 2.5, 10, 5.0], "rotation": 90, "windMode": [-1, -1, -1, -1], "windData": [0, 0, 1, 1]}, "down": {"texture": "#material", "uv": [8, 2.5, 10, 5.0], "rotation": 270}}}, {"name": "5", "from": [11.908, 7.0, 10], "to": [14.889, 9.0, 12], "rotationOrigin": [8.0, 7.0, 7.95], "rotationZ": 63.44, "faces": {"north": {"texture": "#material", "uv": [2.5, 1.0, 5.0, 3.0]}, "east": {"texture": "#material", "uv": [10, 1.0, 12, 3.0], "windMode": [-1, -1, -1, -1], "windData": [0, 1, 1, 0]}, "south": {"texture": "#material", "uv": [11.0, 1.0, 13.5, 3.0]}, "west": {"texture": "#material", "uv": [10, 1.0, 12, 3.0], "windMode": [-1, -1, -1, -1]}, "up": {"texture": "#material", "uv": [10, 2.5, 12, 5.0], "rotation": 90, "windMode": [-1, -1, -1, -1], "windData": [0, 0, 1, 1]}, "down": {"texture": "#material", "uv": [10, 2.5, 12, 5.0], "rotation": 270}}}, {"name": "6", "from": [11.908, 7.0, 12], "to": [14.889, 9.0, 14], "rotationOrigin": [8.0, 7.0, 7.95], "rotationZ": 63.44, "faces": {"north": {"texture": "#material", "uv": [2.5, 1.0, 5.0, 3.0]}, "east": {"texture": "#material", "uv": [12, 1.0, 14, 3.0], "windMode": [-1, -1, -1, -1], "windData": [0, 1, 1, 0]}, "south": {"texture": "#material", "uv": [11.0, 1.0, 13.5, 3.0]}, "west": {"texture": "#material", "uv": [12, 1.0, 14, 3.0], "windMode": [-1, -1, -1, -1]}, "up": {"texture": "#material", "uv": [12, 2.5, 14, 5.0], "rotation": 90, "windMode": [-1, -1, -1, -1], "windData": [0, 0, 1, 1]}, "down": {"texture": "#material", "uv": [12, 2.5, 14, 5.0], "rotation": 270}}}, {"name": "7", "from": [11.908, 7.0, 14], "to": [14.889, 9.0, 16], "rotationOrigin": [8.0, 7.0, 7.95], "rotationZ": 63.44, "faces": {"north": {"texture": "#material", "uv": [2.5, 1.0, 5.0, 3.0]}, "east": {"texture": "#material", "uv": [14, 1.0, 16, 3.0], "windMode": [-1, -1, -1, -1], "windData": [0, 1, 1, 0]}, "south": {"texture": "#material", "uv": [11.0, 1.0, 13.5, 3.0]}, "west": {"texture": "#material", "uv": [14, 1.0, 16, 3.0], "windMode": [-1, -1, -1, -1]}, "up": {"texture": "#material", "uv": [14, 2.5, 16, 5.0], "rotation": 90, "windMode": [-1, -1, -1, -1], "windData": [0, 0, 1, 1]}, "down": {"texture": "#material", "uv": [14, 2.5, 16, 5.0], "rotation": 270}}}]}, {"name": "2", "from": [0.0, 0.0, 0.0], "to": [0.0, 0.0, 0.0], "faces": {}, "children": [{"name": "0", "from": [8.926, 7.0, 0], "to": [11.907, 9.0, 2], "rotationOrigin": [8.0, 7.0, 7.95], "rotationZ": 63.44, "faces": {"north": {"texture": "#material", "uv": [5.0, 1.0, 7.5, 3.0]}, "east": {"texture": "#material", "uv": [0, 1.0, 2, 3.0], "windMode": [-1, -1, -1, -1], "windData": [0, 1, 1, 0]}, "south": {"texture": "#material", "uv": [8.5, 1.0, 11.0, 3.0]}, "west": {"texture": "#material", "uv": [0, 1.0, 2, 3.0], "windMode": [-1, -1, -1, -1]}, "up": {"texture": "#material", "uv": [0, 5.0, 2, 7.5], "rotation": 90, "windMode": [-1, -1, -1, -1], "windData": [0, 0, 1, 1]}, "down": {"texture": "#material", "uv": [0, 5.0, 2, 7.5], "rotation": 270}}}, {"name": "1", "from": [8.926, 7.0, 2], "to": [11.907, 9.0, 4], "rotationOrigin": [8.0, 7.0, 7.95], "rotationZ": 63.44, "faces": {"north": {"texture": "#material", "uv": [5.0, 1.0, 7.5, 3.0]}, "east": {"texture": "#material", "uv": [2, 1.0, 4, 3.0], "windMode": [-1, -1, -1, -1], "windData": [0, 1, 1, 0]}, "south": {"texture": "#material", "uv": [8.5, 1.0, 11.0, 3.0]}, "west": {"texture": "#material", "uv": [2, 1.0, 4, 3.0], "windMode": [-1, -1, -1, -1]}, "up": {"texture": "#material", "uv": [2, 5.0, 4, 7.5], "rotation": 90, "windMode": [-1, -1, -1, -1], "windData": [0, 0, 1, 1]}, "down": {"texture": "#material", "uv": [2, 5.0, 4, 7.5], "rotation": 270}}}, {"name": "2", "from": [8.926, 7.0, 4], "to": [11.907, 9.0, 6], "rotationOrigin": [8.0, 7.0, 7.95], "rotationZ": 63.44, "faces": {"north": {"texture": "#material", "uv": [5.0, 1.0, 7.5, 3.0]}, "east": {"texture": "#material", "uv": [4, 1.0, 6, 3.0], "windMode": [-1, -1, -1, -1], "windData": [0, 1, 1, 0]}, "south": {"texture": "#material", "uv": [8.5, 1.0, 11.0, 3.0]}, "west": {"texture": "#material", "uv": [4, 1.0, 6, 3.0], "windMode": [-1, -1, -1, -1]}, "up": {"texture": "#material", "uv": [4, 5.0, 6, 7.5], "rotation": 90, "windMode": [-1, -1, -1, -1], "windData": [0, 0, 1, 1]}, "down": {"texture": "#material", "uv": [4, 5.0, 6, 7.5], "rotation": 270}}}, {"name": "3", "from": [8.926, 7.0, 6], "to": [11.907, 9.0, 8], "rotationOrigin": [8.0, 7.0, 7.95], "rotationZ": 63.44, "faces": {"north": {"texture": "#material", "uv": [5.0, 1.0, 7.5, 3.0]}, "east": {"texture": "#material", "uv": [6, 1.0, 8, 3.0], "windMode": [-1, -1, -1, -1], "windData": [0, 1, 1, 0]}, "south": {"texture": "#material", "uv": [8.5, 1.0, 11.0, 3.0]}, "west": {"texture": "#material", "uv": [6, 1.0, 8, 3.0], "windMode": [-1, -1, -1, -1]}, "up": {"texture": "#material", "uv": [6, 5.0, 8, 7.5], "rotation": 90, "windMode": [-1, -1, -1, -1], "windData": [0, 0, 1, 1]}, "down": {"texture": "#material", "uv": [6, 5.0, 8, 7.5], "rotation": 270}}}, {"name": "4", "from": [8.926, 7.0, 8], "to": [11.907, 9.0, 10], "rotationOrigin": [8.0, 7.0, 7.95], "rotationZ": 63.44, "faces": {"north": {"texture": "#material", "uv": [5.0, 1.0, 7.5, 3.0]}, "east": {"texture": "#material", "uv": [8, 1.0, 10, 3.0], "windMode": [-1, -1, -1, -1], "windData": [0, 1, 1, 0]}, "south": {"texture": "#material", "uv": [8.5, 1.0, 11.0, 3.0]}, "west": {"texture": "#material", "uv": [8, 1.0, 10, 3.0], "windMode": [-1, -1, -1, -1]}, "up": {"texture": "#material", "uv": [8, 5.0, 10, 7.5], "rotation": 90, "windMode": [-1, -1, -1, -1], "windData": [0, 0, 1, 1]}, "down": {"texture": "#material", "uv": [8, 5.0, 10, 7.5], "rotation": 270}}}, {"name": "5", "from": [8.926, 7.0, 10], "to": [11.907, 9.0, 12], "rotationOrigin": [8.0, 7.0, 7.95], "rotationZ": 63.44, "faces": {"north": {"texture": "#material", "uv": [5.0, 1.0, 7.5, 3.0]}, "east": {"texture": "#material", "uv": [10, 1.0, 12, 3.0], "windMode": [-1, -1, -1, -1], "windData": [0, 1, 1, 0]}, "south": {"texture": "#material", "uv": [8.5, 1.0, 11.0, 3.0]}, "west": {"texture": "#material", "uv": [10, 1.0, 12, 3.0], "windMode": [-1, -1, -1, -1]}, "up": {"texture": "#material", "uv": [10, 5.0, 12, 7.5], "rotation": 90, "windMode": [-1, -1, -1, -1], "windData": [0, 0, 1, 1]}, "down": {"texture": "#material", "uv": [10, 5.0, 12, 7.5], "rotation": 270}}}, {"name": "6", "from": [8.926, 7.0, 12], "to": [11.907, 9.0, 14], "rotationOrigin": [8.0, 7.0, 7.95], "rotationZ": 63.44, "faces": {"north": {"texture": "#material", "uv": [5.0, 1.0, 7.5, 3.0]}, "east": {"texture": "#material", "uv": [12, 1.0, 14, 3.0], "windMode": [-1, -1, -1, -1], "windData": [0, 1, 1, 0]}, "south": {"texture": "#material", "uv": [8.5, 1.0, 11.0, 3.0]}, "west": {"texture": "#material", "uv": [12, 1.0, 14, 3.0], "windMode": [-1, -1, -1, -1]}, "up": {"texture": "#material", "uv": [12, 5.0, 14, 7.5], "rotation": 90, "windMode": [-1, -1, -1, -1], "windData": [0, 0, 1, 1]}, "down": {"texture": "#material", "uv": [12, 5.0, 14, 7.5], "rotation": 270}}}, {"name": "7", "from": [8.926, 7.0, 14], "to": [11.907, 9.0, 16], "rotationOrigin": [8.0, 7.0, 7.95], "rotationZ": 63.44, "faces": {"north": {"texture": "#material", "uv": [5.0, 1.0, 7.5, 3.0]}, "east": {"texture": "#material", "uv": [14, 1.0, 16, 3.0], "windMode": [-1, -1, -1, -1], "windData": [0, 1, 1, 0]}, "south": {"texture": "#material", "uv": [8.5, 1.0, 11.0, 3.0]}, "west": {"texture": "#material", "uv": [14, 1.0, 16, 3.0], "windMode": [-1, -1, -1, -1]}, "up": {"texture": "#material", "uv": [14, 5.0, 16, 7.5], "rotation": 90, "windMode": [-1, -1, -1, -1], "windData": [0, 0, 1, 1]}, "down": {"texture": "#material", "uv": [14, 5.0, 16, 7.5], "rotation": 270}}}]}, {"name": "3", "from": [0.0, 0.0, 0.0], "to": [0.0, 0.0, 0.0], "faces": {}, "children": [{"name": "0", "from": [5.945, 7.0, 0], "to": [8.926, 9.0, 2], "rotationOrigin": [8.0, 7.0, 7.95], "rotationZ": 63.44, "faces": {"north": {"texture": "#material", "uv": [7.5, 1.0, 10.0, 3.0]}, "east": {"texture": "#material", "uv": [0, 1.0, 2, 3.0], "windMode": [-1, -1, -1, -1], "windData": [0, 1, 1, 0]}, "south": {"texture": "#material", "uv": [6.0, 1.0, 8.5, 3.0]}, "west": {"texture": "#material", "uv": [0, 1.0, 2, 3.0], "windMode": [-1, -1, -1, -1]}, "up": {"texture": "#material", "uv": [0, 7.5, 2, 10.0], "rotation": 90, "windMode": [-1, -1, -1, -1], "windData": [0, 0, 1, 1]}, "down": {"texture": "#material", "uv": [0, 7.5, 2, 10.0], "rotation": 270}}}, {"name": "1", "from": [5.945, 7.0, 2], "to": [8.926, 9.0, 4], "rotationOrigin": [8.0, 7.0, 7.95], "rotationZ": 63.44, "faces": {"north": {"texture": "#material", "uv": [7.5, 1.0, 10.0, 3.0]}, "east": {"texture": "#material", "uv": [2, 1.0, 4, 3.0], "windMode": [-1, -1, -1, -1], "windData": [0, 1, 1, 0]}, "south": {"texture": "#material", "uv": [6.0, 1.0, 8.5, 3.0]}, "west": {"texture": "#material", "uv": [2, 1.0, 4, 3.0], "windMode": [-1, -1, -1, -1]}, "up": {"texture": "#material", "uv": [2, 7.5, 4, 10.0], "rotation": 90, "windMode": [-1, -1, -1, -1], "windData": [0, 0, 1, 1]}, "down": {"texture": "#material", "uv": [2, 7.5, 4, 10.0], "rotation": 270}}}, {"name": "2", "from": [5.945, 7.0, 4], "to": [8.926, 9.0, 6], "rotationOrigin": [8.0, 7.0, 7.95], "rotationZ": 63.44, "faces": {"north": {"texture": "#material", "uv": [7.5, 1.0, 10.0, 3.0]}, "east": {"texture": "#material", "uv": [4, 1.0, 6, 3.0], "windMode": [-1, -1, -1, -1], "windData": [0, 1, 1, 0]}, "south": {"texture": "#material", "uv": [6.0, 1.0, 8.5, 3.0]}, "west": {"texture": "#material", "uv": [4, 1.0, 6, 3.0], "windMode": [-1, -1, -1, -1]}, "up": {"texture": "#material", "uv": [4, 7.5, 6, 10.0], "rotation": 90, "windMode": [-1, -1, -1, -1], "windData": [0, 0, 1, 1]}, "down": {"texture": "#material", "uv": [4, 7.5, 6, 10.0], "rotation": 270}}}, {"name": "3", "from": [5.945, 7.0, 6], "to": [8.926, 9.0, 8], "rotationOrigin": [8.0, 7.0, 7.95], "rotationZ": 63.44, "faces": {"north": {"texture": "#material", "uv": [7.5, 1.0, 10.0, 3.0]}, "east": {"texture": "#material", "uv": [6, 1.0, 8, 3.0], "windMode": [-1, -1, -1, -1], "windData": [0, 1, 1, 0]}, "south": {"texture": "#material", "uv": [6.0, 1.0, 8.5, 3.0]}, "west": {"texture": "#material", "uv": [6, 1.0, 8, 3.0], "windMode": [-1, -1, -1, -1]}, "up": {"texture": "#material", "uv": [6, 7.5, 8, 10.0], "rotation": 90, "windMode": [-1, -1, -1, -1], "windData": [0, 0, 1, 1]}, "down": {"texture": "#material", "uv": [6, 7.5, 8, 10.0], "rotation": 270}}}, {"name": "4", "from": [5.945, 7.0, 8], "to": [8.926, 9.0, 10], "rotationOrigin": [8.0, 7.0, 7.95], "rotationZ": 63.44, "faces": {"north": {"texture": "#material", "uv": [7.5, 1.0, 10.0, 3.0]}, "east": {"texture": "#material", "uv": [8, 1.0, 10, 3.0], "windMode": [-1, -1, -1, -1], "windData": [0, 1, 1, 0]}, "south": {"texture": "#material", "uv": [6.0, 1.0, 8.5, 3.0]}, "west": {"texture": "#material", "uv": [8, 1.0, 10, 3.0], "windMode": [-1, -1, -1, -1]}, "up": {"texture": "#material", "uv": [8, 7.5, 10, 10.0], "rotation": 90, "windMode": [-1, -1, -1, -1], "windData": [0, 0, 1, 1]}, "down": {"texture": "#material", "uv": [8, 7.5, 10, 10.0], "rotation": 270}}}, {"name": "5", "from": [5.945, 7.0, 10], "to": [8.926, 9.0, 12], "rotationOrigin": [8.0, 7.0, 7.95], "rotationZ": 63.44, "faces": {"north": {"texture": "#material", "uv": [7.5, 1.0, 10.0, 3.0]}, "east": {"texture": "#material", "uv": [10, 1.0, 12, 3.0], "windMode": [-1, -1, -1, -1], "windData": [0, 1, 1, 0]}, "south": {"texture": "#material", "uv": [6.0, 1.0, 8.5, 3.0]}, "west": {"texture": "#material", "uv": [10, 1.0, 12, 3.0], "windMode": [-1, -1, -1, -1]}, "up": {"texture": "#material", "uv": [10, 7.5, 12, 10.0], "rotation": 90, "windMode": [-1, -1, -1, -1], "windData": [0, 0, 1, 1]}, "down": {"texture": "#material", "uv": [10, 7.5, 12, 10.0], "rotation": 270}}}, {"name": "6", "from": [5.945, 7.0, 12], "to": [8.926, 9.0, 14], "rotationOrigin": [8.0, 7.0, 7.95], "rotationZ": 63.44, "faces": {"north": {"texture": "#material", "uv": [7.5, 1.0, 10.0, 3.0]}, "east": {"texture": "#material", "uv": [12, 1.0, 14, 3.0], "windMode": [-1, -1, -1, -1], "windData": [0, 1, 1, 0]}, "south": {"texture": "#material", "uv": [6.0, 1.0, 8.5, 3.0]}, "west": {"texture": "#material", "uv": [12, 1.0, 14, 3.0], "windMode": [-1, -1, -1, -1]}, "up": {"texture": "#material", "uv": [12, 7.5, 14, 10.0], "rotation": 90, "windMode": [-1, -1, -1, -1], "windData": [0, 0, 1, 1]}, "down": {"texture": "#material", "uv": [12, 7.5, 14, 10.0], "rotation": 270}}}, {"name": "7", "from": [5.945, 7.0, 14], "to": [8.926, 9.0, 16], "rotationOrigin": [8.0, 7.0, 7.95], "rotationZ": 63.44, "faces": {"north": {"texture": "#material", "uv": [7.5, 1.0, 10.0, 3.0]}, "east": {"texture": "#material", "uv": [14, 1.0, 16, 3.0], "windMode": [-1, -1, -1, -1], "windData": [0, 1, 1, 0]}, "south": {"texture": "#material", "uv": [6.0, 1.0, 8.5, 3.0]}, "west": {"texture": "#material", "uv": [14, 1.0, 16, 3.0], "windMode": [-1, -1, -1, -1]}, "up": {"texture": "#material", "uv": [14, 7.5, 16, 10.0], "rotation": 90, "windMode": [-1, -1, -1, -1], "windData": [0, 0, 1, 1]}, "down": {"texture": "#material", "uv": [14, 7.5, 16, 10.0], "rotation": 270}}}]}, {"name": "4", "from": [0.0, 0.0, 0.0], "to": [0.0, 0.0, 0.0], "faces": {}, "children": [{"name": "0", "from": [2.963, 7.0, 0], "to": [5.944, 9.0, 2], "rotationOrigin": [8.0, 7.0, 7.95], "rotationZ": 63.44, "faces": {"north": {"texture": "#material", "uv": [10.0, 1.0, 12.5, 3.0]}, "east": {"texture": "#material", "uv": [0, 1.0, 2, 3.0], "windMode": [-1, -1, -1, -1], "windData": [0, 1, 1, 0]}, "south": {"texture": "#material", "uv": [3.5, 1.0, 6.0, 3.0]}, "west": {"texture": "#material", "uv": [0, 1.0, 2, 3.0], "windMode": [-1, -1, -1, -1]}, "up": {"texture": "#material", "uv": [0, 10.0, 2, 12.5], "rotation": 90, "windMode": [-1, -1, -1, -1], "windData": [0, 0, 1, 1]}, "down": {"texture": "#material", "uv": [0, 10.0, 2, 12.5], "rotation": 270}}}, {"name": "1", "from": [2.963, 7.0, 2], "to": [5.944, 9.0, 4], "rotationOrigin": [8.0, 7.0, 7.95], "rotationZ": 63.44, "faces": {"north": {"texture": "#material", "uv": [10.0, 1.0, 12.5, 3.0]}, "east": {"texture": "#material", "uv": [2, 1.0, 4, 3.0], "windMode": [-1, -1, -1, -1], "windData": [0, 1, 1, 0]}, "south": {"texture": "#material", "uv": [3.5, 1.0, 6.0, 3.0]}, "west": {"texture": "#material", "uv": [2, 1.0, 4, 3.0], "windMode": [-1, -1, -1, -1]}, "up": {"texture": "#material", "uv": [2, 10.0, 4, 12.5], "rotation": 90, "windMode": [-1, -1, -1, -1], "windData": [0, 0, 1, 1]}, "down": {"texture": "#material", "uv": [2, 10.0, 4, 12.5], "rotation": 270}}}, {"name": "2", "from": [2.963, 7.0, 4], "to": [5.944, 9.0, 6], "rotationOrigin": [8.0, 7.0, 7.95], "rotationZ": 63.44, "faces": {"north": {"texture": "#material", "uv": [10.0, 1.0, 12.5, 3.0]}, "east": {"texture": "#material", "uv": [4, 1.0, 6, 3.0], "windMode": [-1, -1, -1, -1], "windData": [0, 1, 1, 0]}, "south": {"texture": "#material", "uv": [3.5, 1.0, 6.0, 3.0]}, "west": {"texture": "#material", "uv": [4, 1.0, 6, 3.0], "windMode": [-1, -1, -1, -1]}, "up": {"texture": "#material", "uv": [4, 10.0, 6, 12.5], "rotation": 90, "windMode": [-1, -1, -1, -1], "windData": [0, 0, 1, 1]}, "down": {"texture": "#material", "uv": [4, 10.0, 6, 12.5], "rotation": 270}}}, {"name": "3", "from": [2.963, 7.0, 6], "to": [5.944, 9.0, 8], "rotationOrigin": [8.0, 7.0, 7.95], "rotationZ": 63.44, "faces": {"north": {"texture": "#material", "uv": [10.0, 1.0, 12.5, 3.0]}, "east": {"texture": "#material", "uv": [6, 1.0, 8, 3.0], "windMode": [-1, -1, -1, -1], "windData": [0, 1, 1, 0]}, "south": {"texture": "#material", "uv": [3.5, 1.0, 6.0, 3.0]}, "west": {"texture": "#material", "uv": [6, 1.0, 8, 3.0], "windMode": [-1, -1, -1, -1]}, "up": {"texture": "#material", "uv": [6, 10.0, 8, 12.5], "rotation": 90, "windMode": [-1, -1, -1, -1], "windData": [0, 0, 1, 1]}, "down": {"texture": "#material", "uv": [6, 10.0, 8, 12.5], "rotation": 270}}}, {"name": "4", "from": [2.963, 7.0, 8], "to": [5.944, 9.0, 10], "rotationOrigin": [8.0, 7.0, 7.95], "rotationZ": 63.44, "faces": {"north": {"texture": "#material", "uv": [10.0, 1.0, 12.5, 3.0]}, "east": {"texture": "#material", "uv": [8, 1.0, 10, 3.0], "windMode": [-1, -1, -1, -1], "windData": [0, 1, 1, 0]}, "south": {"texture": "#material", "uv": [3.5, 1.0, 6.0, 3.0]}, "west": {"texture": "#material", "uv": [8, 1.0, 10, 3.0], "windMode": [-1, -1, -1, -1]}, "up": {"texture": "#material", "uv": [8, 10.0, 10, 12.5], "rotation": 90, "windMode": [-1, -1, -1, -1], "windData": [0, 0, 1, 1]}, "down": {"texture": "#material", "uv": [8, 10.0, 10, 12.5], "rotation": 270}}}, {"name": "5", "from": [2.963, 7.0, 10], "to": [5.944, 9.0, 12], "rotationOrigin": [8.0, 7.0, 7.95], "rotationZ": 63.44, "faces": {"north": {"texture": "#material", "uv": [10.0, 1.0, 12.5, 3.0]}, "east": {"texture": "#material", "uv": [10, 1.0, 12, 3.0], "windMode": [-1, -1, -1, -1], "windData": [0, 1, 1, 0]}, "south": {"texture": "#material", "uv": [3.5, 1.0, 6.0, 3.0]}, "west": {"texture": "#material", "uv": [10, 1.0, 12, 3.0], "windMode": [-1, -1, -1, -1]}, "up": {"texture": "#material", "uv": [10, 10.0, 12, 12.5], "rotation": 90, "windMode": [-1, -1, -1, -1], "windData": [0, 0, 1, 1]}, "down": {"texture": "#material", "uv": [10, 10.0, 12, 12.5], "rotation": 270}}}, {"name": "6", "from": [2.963, 7.0, 12], "to": [5.944, 9.0, 14], "rotationOrigin": [8.0, 7.0, 7.95], "rotationZ": 63.44, "faces": {"north": {"texture": "#material", "uv": [10.0, 1.0, 12.5, 3.0]}, "east": {"texture": "#material", "uv": [12, 1.0, 14, 3.0], "windMode": [-1, -1, -1, -1], "windData": [0, 1, 1, 0]}, "south": {"texture": "#material", "uv": [3.5, 1.0, 6.0, 3.0]}, "west": {"texture": "#material", "uv": [12, 1.0, 14, 3.0], "windMode": [-1, -1, -1, -1]}, "up": {"texture": "#material", "uv": [12, 10.0, 14, 12.5], "rotation": 90, "windMode": [-1, -1, -1, -1], "windData": [0, 0, 1, 1]}, "down": {"texture": "#material", "uv": [12, 10.0, 14, 12.5], "rotation": 270}}}, {"name": "7", "from": [2.963, 7.0, 14], "to": [5.944, 9.0, 16], "rotationOrigin": [8.0, 7.0, 7.95], "rotationZ": 63.44, "faces": {"north": {"texture": "#material", "uv": [10.0, 1.0, 12.5, 3.0]}, "east": {"texture": "#material", "uv": [14, 1.0, 16, 3.0], "windMode": [-1, -1, -1, -1], "windData": [0, 1, 1, 0]}, "south": {"texture": "#material", "uv": [3.5, 1.0, 6.0, 3.0]}, "west": {"texture": "#material", "uv": [14, 1.0, 16, 3.0], "windMode": [-1, -1, -1, -1]}, "up": {"texture": "#material", "uv": [14, 10.0, 16, 12.5], "rotation": 90, "windMode": [-1, -1, -1, -1], "windData": [0, 0, 1, 1]}, "down": {"texture": "#material", "uv": [14, 10.0, 16, 12.5], "rotation": 270}}}]}, {"name": "5", "from": [0.0, 0.0, 0.0], "to": [0.0, 0.0, 0.0], "faces": {}, "children": [{"name": "0", "from": [-0.0183, 7.0, 0], "to": [2.9627, 9.0, 2], "rotationOrigin": [8.0, 7.0, 7.95], "rotationZ": 63.44, "faces": {"north": {"texture": "#material", "uv": [13.5, 1.0, 16.0, 3.0]}, "east": {"texture": "#material", "uv": [0, 1.0, 2, 3.0], "windMode": [-1, -1, -1, -1], "windData": [0, 1, 1, 0]}, "south": {"texture": "#material", "uv": [0.0, 1.0, 2.5, 3.0]}, "west": {"texture": "#material", "uv": [0, 1.0, 2, 3.0], "windMode": [-1, -1, -1, -1]}, "up": {"texture": "#material", "uv": [0, 12.5, 2, 15.0], "rotation": 90, "windMode": [-1, -1, -1, -1], "windData": [0, 0, 1, 1]}, "down": {"texture": "#material", "uv": [0, 12.5, 2, 15.0], "rotation": 270}}}, {"name": "1", "from": [-0.0183, 7.0, 2], "to": [2.9627, 9.0, 4], "rotationOrigin": [8.0, 7.0, 7.95], "rotationZ": 63.44, "faces": {"north": {"texture": "#material", "uv": [13.5, 1.0, 16.0, 3.0]}, "east": {"texture": "#material", "uv": [2, 1.0, 4, 3.0], "windMode": [-1, -1, -1, -1], "windData": [0, 1, 1, 0]}, "south": {"texture": "#material", "uv": [0.0, 1.0, 2.5, 3.0]}, "west": {"texture": "#material", "uv": [2, 1.0, 4, 3.0], "windMode": [-1, -1, -1, -1]}, "up": {"texture": "#material", "uv": [2, 12.5, 4, 15.0], "rotation": 90, "windMode": [-1, -1, -1, -1], "windData": [0, 0, 1, 1]}, "down": {"texture": "#material", "uv": [2, 12.5, 4, 15.0], "rotation": 270}}}, {"name": "2", "from": [-0.0183, 7.0, 4], "to": [2.9627, 9.0, 6], "rotationOrigin": [8.0, 7.0, 7.95], "rotationZ": 63.44, "faces": {"north": {"texture": "#material", "uv": [13.5, 1.0, 16.0, 3.0]}, "east": {"texture": "#material", "uv": [4, 1.0, 6, 3.0], "windMode": [-1, -1, -1, -1], "windData": [0, 1, 1, 0]}, "south": {"texture": "#material", "uv": [0.0, 1.0, 2.5, 3.0]}, "west": {"texture": "#material", "uv": [4, 1.0, 6, 3.0], "windMode": [-1, -1, -1, -1]}, "up": {"texture": "#material", "uv": [4, 12.5, 6, 15.0], "rotation": 90, "windMode": [-1, -1, -1, -1], "windData": [0, 0, 1, 1]}, "down": {"texture": "#material", "uv": [4, 12.5, 6, 15.0], "rotation": 270}}}, {"name": "3", "from": [-0.0183, 7.0, 6], "to": [2.9627, 9.0, 8], "rotationOrigin": [8.0, 7.0, 7.95], "rotationZ": 63.44, "faces": {"north": {"texture": "#material", "uv": [13.5, 1.0, 16.0, 3.0]}, "east": {"texture": "#material", "uv": [6, 1.0, 8, 3.0], "windMode": [-1, -1, -1, -1], "windData": [0, 1, 1, 0]}, "south": {"texture": "#material", "uv": [0.0, 1.0, 2.5, 3.0]}, "west": {"texture": "#material", "uv": [6, 1.0, 8, 3.0], "windMode": [-1, -1, -1, -1]}, "up": {"texture": "#material", "uv": [6, 12.5, 8, 15.0], "rotation": 90, "windMode": [-1, -1, -1, -1], "windData": [0, 0, 1, 1]}, "down": {"texture": "#material", "uv": [6, 12.5, 8, 15.0], "rotation": 270}}}, {"name": "4", "from": [-0.0183, 7.0, 8], "to": [2.9627, 9.0, 10], "rotationOrigin": [8.0, 7.0, 7.95], "rotationZ": 63.44, "faces": {"north": {"texture": "#material", "uv": [13.5, 1.0, 16.0, 3.0]}, "east": {"texture": "#material", "uv": [8, 1.0, 10, 3.0], "windMode": [-1, -1, -1, -1], "windData": [0, 1, 1, 0]}, "south": {"texture": "#material", "uv": [0.0, 1.0, 2.5, 3.0]}, "west": {"texture": "#material", "uv": [8, 1.0, 10, 3.0], "windMode": [-1, -1, -1, -1]}, "up": {"texture": "#material", "uv": [8, 12.5, 10, 15.0], "rotation": 90, "windMode": [-1, -1, -1, -1], "windData": [0, 0, 1, 1]}, "down": {"texture": "#material", "uv": [8, 12.5, 10, 15.0], "rotation": 270}}}, {"name": "5", "from": [-0.0183, 7.0, 10], "to": [2.9627, 9.0, 12], "rotationOrigin": [8.0, 7.0, 7.95], "rotationZ": 63.44, "faces": {"north": {"texture": "#material", "uv": [13.5, 1.0, 16.0, 3.0]}, "east": {"texture": "#material", "uv": [10, 1.0, 12, 3.0], "windMode": [-1, -1, -1, -1], "windData": [0, 1, 1, 0]}, "south": {"texture": "#material", "uv": [0.0, 1.0, 2.5, 3.0]}, "west": {"texture": "#material", "uv": [10, 1.0, 12, 3.0], "windMode": [-1, -1, -1, -1]}, "up": {"texture": "#material", "uv": [10, 12.5, 12, 15.0], "rotation": 90, "windMode": [-1, -1, -1, -1], "windData": [0, 0, 1, 1]}, "down": {"texture": "#material", "uv": [10, 12.5, 12, 15.0], "rotation": 270}}}, {"name": "6", "from": [-0.0183, 7.0, 12], "to": [2.9627, 9.0, 14], "rotationOrigin": [8.0, 7.0, 7.95], "rotationZ": 63.44, "faces": {"north": {"texture": "#material", "uv": [13.5, 1.0, 16.0, 3.0]}, "east": {"texture": "#material", "uv": [12, 1.0, 14, 3.0], "windMode": [-1, -1, -1, -1], "windData": [0, 1, 1, 0]}, "south": {"texture": "#material", "uv": [0.0, 1.0, 2.5, 3.0]}, "west": {"texture": "#material", "uv": [12, 1.0, 14, 3.0], "windMode": [-1, -1, -1, -1]}, "up": {"texture": "#material", "uv": [12, 12.5, 14, 15.0], "rotation": 90, "windMode": [-1, -1, -1, -1], "windData": [0, 0, 1, 1]}, "down": {"texture": "#material", "uv": [12, 12.5, 14, 15.0], "rotation": 270}}}, {"name": "7", "from": [-0.0183, 7.0, 14], "to": [2.9627, 9.0, 16], "rotationOrigin": [8.0, 7.0, 7.95], "rotationZ": 63.44, "faces": {"north": {"texture": "#material", "uv": [13.5, 1.0, 16.0, 3.0]}, "east": {"texture": "#material", "uv": [14, 1.0, 16, 3.0], "windMode": [-1, -1, -1, -1], "windData": [0, 1, 1, 0]}, "south": {"texture": "#material", "uv": [0.0, 1.0, 2.5, 3.0]}, "west": {"texture": "#material", "uv": [14, 1.0, 16, 3.0], "windMode": [-1, -1, -1, -1]}, "up": {"texture": "#material", "uv": [14, 12.5, 16, 15.0], "rotation": 90, "windMode": [-1, -1, -1, -1], "windData": [0, 0, 1, 1]}, "down": {"texture": "#material", "uv": [14, 12.5, 16, 15.0], "rotation": 270}}}]}]}, {"name": "upper", "from": [4.0, 0.0, 0.0], "to": [4.0, 0.0, 0.0], "rotationOrigin": [4.0, 0.0, 0.0], "faces": {"north": {"texture": "#null", "uv": [0.0, 0.0, 0.5, 0.5], "enabled": false}, "east": {"texture": "#null", "uv": [0.0, 0.0, 0.5, 0.5], "enabled": false}, "south": {"texture": "#null", "uv": [0.0, 0.0, 0.5, 0.5], "enabled": false}, "west": {"texture": "#null", "uv": [0.0, 0.0, 0.5, 0.5], "enabled": false}, "up": {"texture": "#null", "uv": [0.0, 0.0, 0.5, 0.5], "enabled": false}, "down": {"texture": "#null", "uv": [0.0, 0.0, 0.5, 0.5], "enabled": false}}, "children": [{"name": "0", "from": [0.0, 0.0, 0.0], "to": [0.0, 0.0, 0.0], "faces": {}, "children": [{"name": "0", "from": [14.889, 7.0, 0], "to": [17.87, 9.0, 2], "rotationOrigin": [8.0, 7.0, 7.95], "rotationZ": 63.44, "faces": {"north": {"texture": "#material", "uv": [0.0, 1.0, 2.5, 3.0]}, "east": {"texture": "#material", "uv": [0, 1.0, 2, 3.0], "windMode": [-1, -1, -1, -1], "windData": [0, 1, 1, 0]}, "south": {"texture": "#material", "uv": [13.5, 1.0, 16.0, 3.0]}, "west": {"texture": "#material", "uv": [0, 1.0, 2, 3.0], "windMode": [-1, -1, -1, -1]}, "up": {"texture": "#material", "uv": [0, 0.0, 2, 2.5], "rotation": 90, "windMode": [-1, -1, -1, -1], "windData": [0, 0, 1, 1]}, "down": {"texture": "#material", "uv": [0, 0.0, 2, 2.5], "rotation": 270}}}, {"name": "1", "from": [14.889, 7.0, 2], "to": [17.87, 9.0, 4], "rotationOrigin": [8.0, 7.0, 7.95], "rotationZ": 63.44, "faces": {"north": {"texture": "#material", "uv": [0.0, 1.0, 2.5, 3.0]}, "east": {"texture": "#material", "uv": [2, 1.0, 4, 3.0], "windMode": [-1, -1, -1, -1], "windData": [0, 1, 1, 0]}, "south": {"texture": "#material", "uv": [13.5, 1.0, 16.0, 3.0]}, "west": {"texture": "#material", "uv": [2, 1.0, 4, 3.0], "windMode": [-1, -1, -1, -1]}, "up": {"texture": "#material", "uv": [2, 0.0, 4, 2.5], "rotation": 90, "windMode": [-1, -1, -1, -1], "windData": [0, 0, 1, 1]}, "down": {"texture": "#material", "uv": [2, 0.0, 4, 2.5], "rotation": 270}}}, {"name": "2", "from": [14.889, 7.0, 4], "to": [17.87, 9.0, 6], "rotationOrigin": [8.0, 7.0, 7.95], "rotationZ": 63.44, "faces": {"north": {"texture": "#material", "uv": [0.0, 1.0, 2.5, 3.0]}, "east": {"texture": "#material", "uv": [4, 1.0, 6, 3.0], "windMode": [-1, -1, -1, -1], "windData": [0, 1, 1, 0]}, "south": {"texture": "#material", "uv": [13.5, 1.0, 16.0, 3.0]}, "west": {"texture": "#material", "uv": [4, 1.0, 6, 3.0], "windMode": [-1, -1, -1, -1]}, "up": {"texture": "#material", "uv": [4, 0.0, 6, 2.5], "rotation": 90, "windMode": [-1, -1, -1, -1], "windData": [0, 0, 1, 1]}, "down": {"texture": "#material", "uv": [4, 0.0, 6, 2.5], "rotation": 270}}}, {"name": "3", "from": [14.889, 7.0, 6], "to": [17.87, 9.0, 8], "rotationOrigin": [8.0, 7.0, 7.95], "rotationZ": 63.44, "faces": {"north": {"texture": "#material", "uv": [0.0, 1.0, 2.5, 3.0]}, "east": {"texture": "#material", "uv": [6, 1.0, 8, 3.0], "windMode": [-1, -1, -1, -1], "windData": [0, 1, 1, 0]}, "south": {"texture": "#material", "uv": [13.5, 1.0, 16.0, 3.0]}, "west": {"texture": "#material", "uv": [6, 1.0, 8, 3.0], "windMode": [-1, -1, -1, -1]}, "up": {"texture": "#material", "uv": [6, 0.0, 8, 2.5], "rotation": 90, "windMode": [-1, -1, -1, -1], "windData": [0, 0, 1, 1]}, "down": {"texture": "#material", "uv": [6, 0.0, 8, 2.5], "rotation": 270}}}, {"name": "4", "from": [14.889, 7.0, 8], "to": [17.87, 9.0, 10], "rotationOrigin": [8.0, 7.0, 7.95], "rotationZ": 63.44, "faces": {"north": {"texture": "#material", "uv": [0.0, 1.0, 2.5, 3.0]}, "east": {"texture": "#material", "uv": [8, 1.0, 10, 3.0], "windMode": [-1, -1, -1, -1], "windData": [0, 1, 1, 0]}, "south": {"texture": "#material", "uv": [13.5, 1.0, 16.0, 3.0]}, "west": {"texture": "#material", "uv": [8, 1.0, 10, 3.0], "windMode": [-1, -1, -1, -1]}, "up": {"texture": "#material", "uv": [8, 0.0, 10, 2.5], "rotation": 90, "windMode": [-1, -1, -1, -1], "windData": [0, 0, 1, 1]}, "down": {"texture": "#material", "uv": [8, 0.0, 10, 2.5], "rotation": 270}}}, {"name": "5", "from": [14.889, 7.0, 10], "to": [17.87, 9.0, 12], "rotationOrigin": [8.0, 7.0, 7.95], "rotationZ": 63.44, "faces": {"north": {"texture": "#material", "uv": [0.0, 1.0, 2.5, 3.0]}, "east": {"texture": "#material", "uv": [10, 1.0, 12, 3.0], "windMode": [-1, -1, -1, -1], "windData": [0, 1, 1, 0]}, "south": {"texture": "#material", "uv": [13.5, 1.0, 16.0, 3.0]}, "west": {"texture": "#material", "uv": [10, 1.0, 12, 3.0], "windMode": [-1, -1, -1, -1]}, "up": {"texture": "#material", "uv": [10, 0.0, 12, 2.5], "rotation": 90, "windMode": [-1, -1, -1, -1], "windData": [0, 0, 1, 1]}, "down": {"texture": "#material", "uv": [10, 0.0, 12, 2.5], "rotation": 270}}}, {"name": "6", "from": [14.889, 7.0, 12], "to": [17.87, 9.0, 14], "rotationOrigin": [8.0, 7.0, 7.95], "rotationZ": 63.44, "faces": {"north": {"texture": "#material", "uv": [0.0, 1.0, 2.5, 3.0]}, "east": {"texture": "#material", "uv": [12, 1.0, 14, 3.0], "windMode": [-1, -1, -1, -1], "windData": [0, 1, 1, 0]}, "south": {"texture": "#material", "uv": [13.5, 1.0, 16.0, 3.0]}, "west": {"texture": "#material", "uv": [12, 1.0, 14, 3.0], "windMode": [-1, -1, -1, -1]}, "up": {"texture": "#material", "uv": [12, 0.0, 14, 2.5], "rotation": 90, "windMode": [-1, -1, -1, -1], "windData": [0, 0, 1, 1]}, "down": {"texture": "#material", "uv": [12, 0.0, 14, 2.5], "rotation": 270}}}, {"name": "7", "from": [14.889, 7.0, 14], "to": [17.87, 9.0, 16], "rotationOrigin": [8.0, 7.0, 7.95], "rotationZ": 63.44, "faces": {"north": {"texture": "#material", "uv": [0.0, 1.0, 2.5, 3.0]}, "east": {"texture": "#material", "uv": [14, 1.0, 16, 3.0], "windMode": [-1, -1, -1, -1], "windData": [0, 1, 1, 0]}, "south": {"texture": "#material", "uv": [13.5, 1.0, 16.0, 3.0]}, "west": {"texture": "#material", "uv": [14, 1.0, 16, 3.0], "windMode": [-1, -1, -1, -1]}, "up": {"texture": "#material", "uv": [14, 0.0, 16, 2.5], "rotation": 90, "windMode": [-1, -1, -1, -1], "windData": [0, 0, 1, 1]}, "down": {"texture": "#material", "uv": [14, 0.0, 16, 2.5], "rotation": 270}}}]}, {"name": "1", "from": [0.0, 0.0, 0.0], "to": [0.0, 0.0, 0.0], "faces": {}, "children": [{"name": "0", "from": [11.908, 7.0, 0], "to": [14.889, 9.0, 2], "rotationOrigin": [8.0, 7.0, 7.95], "rotationZ": 63.44, "faces": {"north": {"texture": "#material", "uv": [2.5, 1.0, 5.0, 3.0]}, "east": {"texture": "#material", "uv": [0, 1.0, 2, 3.0], "windMode": [-1, -1, -1, -1], "windData": [0, 1, 1, 0]}, "south": {"texture": "#material", "uv": [11.0, 1.0, 13.5, 3.0]}, "west": {"texture": "#material", "uv": [0, 1.0, 2, 3.0], "windMode": [-1, -1, -1, -1]}, "up": {"texture": "#material", "uv": [0, 2.5, 2, 5.0], "rotation": 90, "windMode": [-1, -1, -1, -1], "windData": [0, 0, 1, 1]}, "down": {"texture": "#material", "uv": [0, 2.5, 2, 5.0], "rotation": 270}}}, {"name": "1", "from": [11.908, 7.0, 2], "to": [14.889, 9.0, 4], "rotationOrigin": [8.0, 7.0, 7.95], "rotationZ": 63.44, "faces": {"north": {"texture": "#material", "uv": [2.5, 1.0, 5.0, 3.0]}, "east": {"texture": "#material", "uv": [2, 1.0, 4, 3.0], "windMode": [-1, -1, -1, -1], "windData": [0, 1, 1, 0]}, "south": {"texture": "#material", "uv": [11.0, 1.0, 13.5, 3.0]}, "west": {"texture": "#material", "uv": [2, 1.0, 4, 3.0], "windMode": [-1, -1, -1, -1]}, "up": {"texture": "#material", "uv": [2, 2.5, 4, 5.0], "rotation": 90, "windMode": [-1, -1, -1, -1], "windData": [0, 0, 1, 1]}, "down": {"texture": "#material", "uv": [2, 2.5, 4, 5.0], "rotation": 270}}}, {"name": "2", "from": [11.908, 7.0, 4], "to": [14.889, 9.0, 6], "rotationOrigin": [8.0, 7.0, 7.95], "rotationZ": 63.44, "faces": {"north": {"texture": "#material", "uv": [2.5, 1.0, 5.0, 3.0]}, "east": {"texture": "#material", "uv": [4, 1.0, 6, 3.0], "windMode": [-1, -1, -1, -1], "windData": [0, 1, 1, 0]}, "south": {"texture": "#material", "uv": [11.0, 1.0, 13.5, 3.0]}, "west": {"texture": "#material", "uv": [4, 1.0, 6, 3.0], "windMode": [-1, -1, -1, -1]}, "up": {"texture": "#material", "uv": [4, 2.5, 6, 5.0], "rotation": 90, "windMode": [-1, -1, -1, -1], "windData": [0, 0, 1, 1]}, "down": {"texture": "#material", "uv": [4, 2.5, 6, 5.0], "rotation": 270}}}, {"name": "3", "from": [11.908, 7.0, 6], "to": [14.889, 9.0, 8], "rotationOrigin": [8.0, 7.0, 7.95], "rotationZ": 63.44, "faces": {"north": {"texture": "#material", "uv": [2.5, 1.0, 5.0, 3.0]}, "east": {"texture": "#material", "uv": [6, 1.0, 8, 3.0], "windMode": [-1, -1, -1, -1], "windData": [0, 1, 1, 0]}, "south": {"texture": "#material", "uv": [11.0, 1.0, 13.5, 3.0]}, "west": {"texture": "#material", "uv": [6, 1.0, 8, 3.0], "windMode": [-1, -1, -1, -1]}, "up": {"texture": "#material", "uv": [6, 2.5, 8, 5.0], "rotation": 90, "windMode": [-1, -1, -1, -1], "windData": [0, 0, 1, 1]}, "down": {"texture": "#material", "uv": [6, 2.5, 8, 5.0], "rotation": 270}}}, {"name": "4", "from": [11.908, 7.0, 8], "to": [14.889, 9.0, 10], "rotationOrigin": [8.0, 7.0, 7.95], "rotationZ": 63.44, "faces": {"north": {"texture": "#material", "uv": [2.5, 1.0, 5.0, 3.0]}, "east": {"texture": "#material", "uv": [8, 1.0, 10, 3.0], "windMode": [-1, -1, -1, -1], "windData": [0, 1, 1, 0]}, "south": {"texture": "#material", "uv": [11.0, 1.0, 13.5, 3.0]}, "west": {"texture": "#material", "uv": [8, 1.0, 10, 3.0], "windMode": [-1, -1, -1, -1]}, "up": {"texture": "#material", "uv": [8, 2.5, 10, 5.0], "rotation": 90, "windMode": [-1, -1, -1, -1], "windData": [0, 0, 1, 1]}, "down": {"texture": "#material", "uv": [8, 2.5, 10, 5.0], "rotation": 270}}}, {"name": "5", "from": [11.908, 7.0, 10], "to": [14.889, 9.0, 12], "rotationOrigin": [8.0, 7.0, 7.95], "rotationZ": 63.44, "faces": {"north": {"texture": "#material", "uv": [2.5, 1.0, 5.0, 3.0]}, "east": {"texture": "#material", "uv": [10, 1.0, 12, 3.0], "windMode": [-1, -1, -1, -1], "windData": [0, 1, 1, 0]}, "south": {"texture": "#material", "uv": [11.0, 1.0, 13.5, 3.0]}, "west": {"texture": "#material", "uv": [10, 1.0, 12, 3.0], "windMode": [-1, -1, -1, -1]}, "up": {"texture": "#material", "uv": [10, 2.5, 12, 5.0], "rotation": 90, "windMode": [-1, -1, -1, -1], "windData": [0, 0, 1, 1]}, "down": {"texture": "#material", "uv": [10, 2.5, 12, 5.0], "rotation": 270}}}, {"name": "6", "from": [11.908, 7.0, 12], "to": [14.889, 9.0, 14], "rotationOrigin": [8.0, 7.0, 7.95], "rotationZ": 63.44, "faces": {"north": {"texture": "#material", "uv": [2.5, 1.0, 5.0, 3.0]}, "east": {"texture": "#material", "uv": [12, 1.0, 14, 3.0], "windMode": [-1, -1, -1, -1], "windData": [0, 1, 1, 0]}, "south": {"texture": "#material", "uv": [11.0, 1.0, 13.5, 3.0]}, "west": {"texture": "#material", "uv": [12, 1.0, 14, 3.0], "windMode": [-1, -1, -1, -1]}, "up": {"texture": "#material", "uv": [12, 2.5, 14, 5.0], "rotation": 90, "windMode": [-1, -1, -1, -1], "windData": [0, 0, 1, 1]}, "down": {"texture": "#material", "uv": [12, 2.5, 14, 5.0], "rotation": 270}}}, {"name": "7", "from": [11.908, 7.0, 14], "to": [14.889, 9.0, 16], "rotationOrigin": [8.0, 7.0, 7.95], "rotationZ": 63.44, "faces": {"north": {"texture": "#material", "uv": [2.5, 1.0, 5.0, 3.0]}, "east": {"texture": "#material", "uv": [14, 1.0, 16, 3.0], "windMode": [-1, -1, -1, -1], "windData": [0, 1, 1, 0]}, "south": {"texture": "#material", "uv": [11.0, 1.0, 13.5, 3.0]}, "west": {"texture": "#material", "uv": [14, 1.0, 16, 3.0], "windMode": [-1, -1, -1, -1]}, "up": {"texture": "#material", "uv": [14, 2.5, 16, 5.0], "rotation": 90, "windMode": [-1, -1, -1, -1], "windData": [0, 0, 1, 1]}, "down": {"texture": "#material", "uv": [14, 2.5, 16, 5.0], "rotation": 270}}}]}, {"name": "2", "from": [0.0, 0.0, 0.0], "to": [0.0, 0.0, 0.0], "faces": {}, "children": [{"name": "0", "from": [8.926, 7.0, 0], "to": [11.907, 9.0, 2], "rotationOrigin": [8.0, 7.0, 7.95], "rotationZ": 63.44, "faces": {"north": {"texture": "#material", "uv": [5.0, 1.0, 7.5, 3.0]}, "east": {"texture": "#material", "uv": [0, 1.0, 2, 3.0], "windMode": [-1, -1, -1, -1], "windData": [0, 1, 1, 0]}, "south": {"texture": "#material", "uv": [8.5, 1.0, 11.0, 3.0]}, "west": {"texture": "#material", "uv": [0, 1.0, 2, 3.0], "windMode": [-1, -1, -1, -1]}, "up": {"texture": "#material", "uv": [0, 5.0, 2, 7.5], "rotation": 90, "windMode": [-1, -1, -1, -1], "windData": [0, 0, 1, 1]}, "down": {"texture": "#material", "uv": [0, 5.0, 2, 7.5], "rotation": 270}}}, {"name": "1", "from": [8.926, 7.0, 2], "to": [11.907, 9.0, 4], "rotationOrigin": [8.0, 7.0, 7.95], "rotationZ": 63.44, "faces": {"north": {"texture": "#material", "uv": [5.0, 1.0, 7.5, 3.0]}, "east": {"texture": "#material", "uv": [2, 1.0, 4, 3.0], "windMode": [-1, -1, -1, -1], "windData": [0, 1, 1, 0]}, "south": {"texture": "#material", "uv": [8.5, 1.0, 11.0, 3.0]}, "west": {"texture": "#material", "uv": [2, 1.0, 4, 3.0], "windMode": [-1, -1, -1, -1]}, "up": {"texture": "#material", "uv": [2, 5.0, 4, 7.5], "rotation": 90, "windMode": [-1, -1, -1, -1], "windData": [0, 0, 1, 1]}, "down": {"texture": "#material", "uv": [2, 5.0, 4, 7.5], "rotation": 270}}}, {"name": "2", "from": [8.926, 7.0, 4], "to": [11.907, 9.0, 6], "rotationOrigin": [8.0, 7.0, 7.95], "rotationZ": 63.44, "faces": {"north": {"texture": "#material", "uv": [5.0, 1.0, 7.5, 3.0]}, "east": {"texture": "#material", "uv": [4, 1.0, 6, 3.0], "windMode": [-1, -1, -1, -1], "windData": [0, 1, 1, 0]}, "south": {"texture": "#material", "uv": [8.5, 1.0, 11.0, 3.0]}, "west": {"texture": "#material", "uv": [4, 1.0, 6, 3.0], "windMode": [-1, -1, -1, -1]}, "up": {"texture": "#material", "uv": [4, 5.0, 6, 7.5], "rotation": 90, "windMode": [-1, -1, -1, -1], "windData": [0, 0, 1, 1]}, "down": {"texture": "#material", "uv": [4, 5.0, 6, 7.5], "rotation": 270}}}, {"name": "3", "from": [8.926, 7.0, 6], "to": [11.907, 9.0, 8], "rotationOrigin": [8.0, 7.0, 7.95], "rotationZ": 63.44, "faces": {"north": {"texture": "#material", "uv": [5.0, 1.0, 7.5, 3.0]}, "east": {"texture": "#material", "uv": [6, 1.0, 8, 3.0], "windMode": [-1, -1, -1, -1], "windData": [0, 1, 1, 0]}, "south": {"texture": "#material", "uv": [8.5, 1.0, 11.0, 3.0]}, "west": {"texture": "#material", "uv": [6, 1.0, 8, 3.0], "windMode": [-1, -1, -1, -1]}, "up": {"texture": "#material", "uv": [6, 5.0, 8, 7.5], "rotation": 90, "windMode": [-1, -1, -1, -1], "windData": [0, 0, 1, 1]}, "down": {"texture": "#material", "uv": [6, 5.0, 8, 7.5], "rotation": 270}}}, {"name": "4", "from": [8.926, 7.0, 8], "to": [11.907, 9.0, 10], "rotationOrigin": [8.0, 7.0, 7.95], "rotationZ": 63.44, "faces": {"north": {"texture": "#material", "uv": [5.0, 1.0, 7.5, 3.0]}, "east": {"texture": "#material", "uv": [8, 1.0, 10, 3.0], "windMode": [-1, -1, -1, -1], "windData": [0, 1, 1, 0]}, "south": {"texture": "#material", "uv": [8.5, 1.0, 11.0, 3.0]}, "west": {"texture": "#material", "uv": [8, 1.0, 10, 3.0], "windMode": [-1, -1, -1, -1]}, "up": {"texture": "#material", "uv": [8, 5.0, 10, 7.5], "rotation": 90, "windMode": [-1, -1, -1, -1], "windData": [0, 0, 1, 1]}, "down": {"texture": "#material", "uv": [8, 5.0, 10, 7.5], "rotation": 270}}}, {"name": "5", "from": [8.926, 7.0, 10], "to": [11.907, 9.0, 12], "rotationOrigin": [8.0, 7.0, 7.95], "rotationZ": 63.44, "faces": {"north": {"texture": "#material", "uv": [5.0, 1.0, 7.5, 3.0]}, "east": {"texture": "#material", "uv": [10, 1.0, 12, 3.0], "windMode": [-1, -1, -1, -1], "windData": [0, 1, 1, 0]}, "south": {"texture": "#material", "uv": [8.5, 1.0, 11.0, 3.0]}, "west": {"texture": "#material", "uv": [10, 1.0, 12, 3.0], "windMode": [-1, -1, -1, -1]}, "up": {"texture": "#material", "uv": [10, 5.0, 12, 7.5], "rotation": 90, "windMode": [-1, -1, -1, -1], "windData": [0, 0, 1, 1]}, "down": {"texture": "#material", "uv": [10, 5.0, 12, 7.5], "rotation": 270}}}, {"name": "6", "from": [8.926, 7.0, 12], "to": [11.907, 9.0, 14], "rotationOrigin": [8.0, 7.0, 7.95], "rotationZ": 63.44, "faces": {"north": {"texture": "#material", "uv": [5.0, 1.0, 7.5, 3.0]}, "east": {"texture": "#material", "uv": [12, 1.0, 14, 3.0], "windMode": [-1, -1, -1, -1], "windData": [0, 1, 1, 0]}, "south": {"texture": "#material", "uv": [8.5, 1.0, 11.0, 3.0]}, "west": {"texture": "#material", "uv": [12, 1.0, 14, 3.0], "windMode": [-1, -1, -1, -1]}, "up": {"texture": "#material", "uv": [12, 5.0, 14, 7.5], "rotation": 90, "windMode": [-1, -1, -1, -1], "windData": [0, 0, 1, 1]}, "down": {"texture": "#material", "uv": [12, 5.0, 14, 7.5], "rotation": 270}}}, {"name": "7", "from": [8.926, 7.0, 14], "to": [11.907, 9.0, 16], "rotationOrigin": [8.0, 7.0, 7.95], "rotationZ": 63.44, "faces": {"north": {"texture": "#material", "uv": [5.0, 1.0, 7.5, 3.0]}, "east": {"texture": "#material", "uv": [14, 1.0, 16, 3.0], "windMode": [-1, -1, -1, -1], "windData": [0, 1, 1, 0]}, "south": {"texture": "#material", "uv": [8.5, 1.0, 11.0, 3.0]}, "west": {"texture": "#material", "uv": [14, 1.0, 16, 3.0], "windMode": [-1, -1, -1, -1]}, "up": {"texture": "#material", "uv": [14, 5.0, 16, 7.5], "rotation": 90, "windMode": [-1, -1, -1, -1], "windData": [0, 0, 1, 1]}, "down": {"texture": "#material", "uv": [14, 5.0, 16, 7.5], "rotation": 270}}}]}, {"name": "3", "from": [0.0, 0.0, 0.0], "to": [0.0, 0.0, 0.0], "faces": {}, "children": [{"name": "0", "from": [5.945, 7.0, 0], "to": [8.926, 9.0, 2], "rotationOrigin": [8.0, 7.0, 7.95], "rotationZ": 63.44, "faces": {"north": {"texture": "#material", "uv": [7.5, 1.0, 10.0, 3.0]}, "east": {"texture": "#material", "uv": [0, 1.0, 2, 3.0], "windMode": [-1, -1, -1, -1], "windData": [0, 1, 1, 0]}, "south": {"texture": "#material", "uv": [6.0, 1.0, 8.5, 3.0]}, "west": {"texture": "#material", "uv": [0, 1.0, 2, 3.0], "windMode": [-1, -1, -1, -1]}, "up": {"texture": "#material", "uv": [0, 7.5, 2, 10.0], "rotation": 90, "windMode": [-1, -1, -1, -1], "windData": [0, 0, 1, 1]}, "down": {"texture": "#material", "uv": [0, 7.5, 2, 10.0], "rotation": 270}}}, {"name": "1", "from": [5.945, 7.0, 2], "to": [8.926, 9.0, 4], "rotationOrigin": [8.0, 7.0, 7.95], "rotationZ": 63.44, "faces": {"north": {"texture": "#material", "uv": [7.5, 1.0, 10.0, 3.0]}, "east": {"texture": "#material", "uv": [2, 1.0, 4, 3.0], "windMode": [-1, -1, -1, -1], "windData": [0, 1, 1, 0]}, "south": {"texture": "#material", "uv": [6.0, 1.0, 8.5, 3.0]}, "west": {"texture": "#material", "uv": [2, 1.0, 4, 3.0], "windMode": [-1, -1, -1, -1]}, "up": {"texture": "#material", "uv": [2, 7.5, 4, 10.0], "rotation": 90, "windMode": [-1, -1, -1, -1], "windData": [0, 0, 1, 1]}, "down": {"texture": "#material", "uv": [2, 7.5, 4, 10.0], "rotation": 270}}}, {"name": "2", "from": [5.945, 7.0, 4], "to": [8.926, 9.0, 6], "rotationOrigin": [8.0, 7.0, 7.95], "rotationZ": 63.44, "faces": {"north": {"texture": "#material", "uv": [7.5, 1.0, 10.0, 3.0]}, "east": {"texture": "#material", "uv": [4, 1.0, 6, 3.0], "windMode": [-1, -1, -1, -1], "windData": [0, 1, 1, 0]}, "south": {"texture": "#material", "uv": [6.0, 1.0, 8.5, 3.0]}, "west": {"texture": "#material", "uv": [4, 1.0, 6, 3.0], "windMode": [-1, -1, -1, -1]}, "up": {"texture": "#material", "uv": [4, 7.5, 6, 10.0], "rotation": 90, "windMode": [-1, -1, -1, -1], "windData": [0, 0, 1, 1]}, "down": {"texture": "#material", "uv": [4, 7.5, 6, 10.0], "rotation": 270}}}, {"name": "3", "from": [5.945, 7.0, 6], "to": [8.926, 9.0, 8], "rotationOrigin": [8.0, 7.0, 7.95], "rotationZ": 63.44, "faces": {"north": {"texture": "#material", "uv": [7.5, 1.0, 10.0, 3.0]}, "east": {"texture": "#material", "uv": [6, 1.0, 8, 3.0], "windMode": [-1, -1, -1, -1], "windData": [0, 1, 1, 0]}, "south": {"texture": "#material", "uv": [6.0, 1.0, 8.5, 3.0]}, "west": {"texture": "#material", "uv": [6, 1.0, 8, 3.0], "windMode": [-1, -1, -1, -1]}, "up": {"texture": "#material", "uv": [6, 7.5, 8, 10.0], "rotation": 90, "windMode": [-1, -1, -1, -1], "windData": [0, 0, 1, 1]}, "down": {"texture": "#material", "uv": [6, 7.5, 8, 10.0], "rotation": 270}}}, {"name": "4", "from": [5.945, 7.0, 8], "to": [8.926, 9.0, 10], "rotationOrigin": [8.0, 7.0, 7.95], "rotationZ": 63.44, "faces": {"north": {"texture": "#material", "uv": [7.5, 1.0, 10.0, 3.0]}, "east": {"texture": "#material", "uv": [8, 1.0, 10, 3.0], "windMode": [-1, -1, -1, -1], "windData": [0, 1, 1, 0]}, "south": {"texture": "#material", "uv": [6.0, 1.0, 8.5, 3.0]}, "west": {"texture": "#material", "uv": [8, 1.0, 10, 3.0], "windMode": [-1, -1, -1, -1]}, "up": {"texture": "#material", "uv": [8, 7.5, 10, 10.0], "rotation": 90, "windMode": [-1, -1, -1, -1], "windData": [0, 0, 1, 1]}, "down": {"texture": "#material", "uv": [8, 7.5, 10, 10.0], "rotation": 270}}}, {"name": "5", "from": [5.945, 7.0, 10], "to": [8.926, 9.0, 12], "rotationOrigin": [8.0, 7.0, 7.95], "rotationZ": 63.44, "faces": {"north": {"texture": "#material", "uv": [7.5, 1.0, 10.0, 3.0]}, "east": {"texture": "#material", "uv": [10, 1.0, 12, 3.0], "windMode": [-1, -1, -1, -1], "windData": [0, 1, 1, 0]}, "south": {"texture": "#material", "uv": [6.0, 1.0, 8.5, 3.0]}, "west": {"texture": "#material", "uv": [10, 1.0, 12, 3.0], "windMode": [-1, -1, -1, -1]}, "up": {"texture": "#material", "uv": [10, 7.5, 12, 10.0], "rotation": 90, "windMode": [-1, -1, -1, -1], "windData": [0, 0, 1, 1]}, "down": {"texture": "#material", "uv": [10, 7.5, 12, 10.0], "rotation": 270}}}, {"name": "6", "from": [5.945, 7.0, 12], "to": [8.926, 9.0, 14], "rotationOrigin": [8.0, 7.0, 7.95], "rotationZ": 63.44, "faces": {"north": {"texture": "#material", "uv": [7.5, 1.0, 10.0, 3.0]}, "east": {"texture": "#material", "uv": [12, 1.0, 14, 3.0], "windMode": [-1, -1, -1, -1], "windData": [0, 1, 1, 0]}, "south": {"texture": "#material", "uv": [6.0, 1.0, 8.5, 3.0]}, "west": {"texture": "#material", "uv": [12, 1.0, 14, 3.0], "windMode": [-1, -1, -1, -1]}, "up": {"texture": "#material", "uv": [12, 7.5, 14, 10.0], "rotation": 90, "windMode": [-1, -1, -1, -1], "windData": [0, 0, 1, 1]}, "down": {"texture": "#material", "uv": [12, 7.5, 14, 10.0], "rotation": 270}}}, {"name": "7", "from": [5.945, 7.0, 14], "to": [8.926, 9.0, 16], "rotationOrigin": [8.0, 7.0, 7.95], "rotationZ": 63.44, "faces": {"north": {"texture": "#material", "uv": [7.5, 1.0, 10.0, 3.0]}, "east": {"texture": "#material", "uv": [14, 1.0, 16, 3.0], "windMode": [-1, -1, -1, -1], "windData": [0, 1, 1, 0]}, "south": {"texture": "#material", "uv": [6.0, 1.0, 8.5, 3.0]}, "west": {"texture": "#material", "uv": [14, 1.0, 16, 3.0], "windMode": [-1, -1, -1, -1]}, "up": {"texture": "#material", "uv": [14, 7.5, 16, 10.0], "rotation": 90, "windMode": [-1, -1, -1, -1], "windData": [0, 0, 1, 1]}, "down": {"texture": "#material", "uv": [14, 7.5, 16, 10.0], "rotation": 270}}}]}, {"name": "4", "from": [0.0, 0.0, 0.0], "to": [0.0, 0.0, 0.0], "faces": {}, "children": [{"name": "0", "from": [2.963, 7.0, 0], "to": [5.944, 9.0, 2], "rotationOrigin": [8.0, 7.0, 7.95], "rotationZ": 63.44, "faces": {"north": {"texture": "#material", "uv": [10.0, 1.0, 12.5, 3.0]}, "east": {"texture": "#material", "uv": [0, 1.0, 2, 3.0], "windMode": [-1, -1, -1, -1], "windData": [0, 1, 1, 0]}, "south": {"texture": "#material", "uv": [3.5, 1.0, 6.0, 3.0]}, "west": {"texture": "#material", "uv": [0, 1.0, 2, 3.0], "windMode": [-1, -1, -1, -1]}, "up": {"texture": "#material", "uv": [0, 10.0, 2, 12.5], "rotation": 90, "windMode": [-1, -1, -1, -1], "windData": [0, 0, 1, 1]}, "down": {"texture": "#material", "uv": [0, 10.0, 2, 12.5], "rotation": 270}}}, {"name": "1", "from": [2.963, 7.0, 2], "to": [5.944, 9.0, 4], "rotationOrigin": [8.0, 7.0, 7.95], "rotationZ": 63.44, "faces": {"north": {"texture": "#material", "uv": [10.0, 1.0, 12.5, 3.0]}, "east": {"texture": "#material", "uv": [2, 1.0, 4, 3.0], "windMode": [-1, -1, -1, -1], "windData": [0, 1, 1, 0]}, "south": {"texture": "#material", "uv": [3.5, 1.0, 6.0, 3.0]}, "west": {"texture": "#material", "uv": [2, 1.0, 4, 3.0], "windMode": [-1, -1, -1, -1]}, "up": {"texture": "#material", "uv": [2, 10.0, 4, 12.5], "rotation": 90, "windMode": [-1, -1, -1, -1], "windData": [0, 0, 1, 1]}, "down": {"texture": "#material", "uv": [2, 10.0, 4, 12.5], "rotation": 270}}}, {"name": "2", "from": [2.963, 7.0, 4], "to": [5.944, 9.0, 6], "rotationOrigin": [8.0, 7.0, 7.95], "rotationZ": 63.44, "faces": {"north": {"texture": "#material", "uv": [10.0, 1.0, 12.5, 3.0]}, "east": {"texture": "#material", "uv": [4, 1.0, 6, 3.0], "windMode": [-1, -1, -1, -1], "windData": [0, 1, 1, 0]}, "south": {"texture": "#material", "uv": [3.5, 1.0, 6.0, 3.0]}, "west": {"texture": "#material", "uv": [4, 1.0, 6, 3.0], "windMode": [-1, -1, -1, -1]}, "up": {"texture": "#material", "uv": [4, 10.0, 6, 12.5], "rotation": 90, "windMode": [-1, -1, -1, -1], "windData": [0, 0, 1, 1]}, "down": {"texture": "#material", "uv": [4, 10.0, 6, 12.5], "rotation": 270}}}, {"name": "3", "from": [2.963, 7.0, 6], "to": [5.944, 9.0, 8], "rotationOrigin": [8.0, 7.0, 7.95], "rotationZ": 63.44, "faces": {"north": {"texture": "#material", "uv": [10.0, 1.0, 12.5, 3.0]}, "east": {"texture": "#material", "uv": [6, 1.0, 8, 3.0], "windMode": [-1, -1, -1, -1], "windData": [0, 1, 1, 0]}, "south": {"texture": "#material", "uv": [3.5, 1.0, 6.0, 3.0]}, "west": {"texture": "#material", "uv": [6, 1.0, 8, 3.0], "windMode": [-1, -1, -1, -1]}, "up": {"texture": "#material", "uv": [6, 10.0, 8, 12.5], "rotation": 90, "windMode": [-1, -1, -1, -1], "windData": [0, 0, 1, 1]}, "down": {"texture": "#material", "uv": [6, 10.0, 8, 12.5], "rotation": 270}}}, {"name": "4", "from": [2.963, 7.0, 8], "to": [5.944, 9.0, 10], "rotationOrigin": [8.0, 7.0, 7.95], "rotationZ": 63.44, "faces": {"north": {"texture": "#material", "uv": [10.0, 1.0, 12.5, 3.0]}, "east": {"texture": "#material", "uv": [8, 1.0, 10, 3.0], "windMode": [-1, -1, -1, -1], "windData": [0, 1, 1, 0]}, "south": {"texture": "#material", "uv": [3.5, 1.0, 6.0, 3.0]}, "west": {"texture": "#material", "uv": [8, 1.0, 10, 3.0], "windMode": [-1, -1, -1, -1]}, "up": {"texture": "#material", "uv": [8, 10.0, 10, 12.5], "rotation": 90, "windMode": [-1, -1, -1, -1], "windData": [0, 0, 1, 1]}, "down": {"texture": "#material", "uv": [8, 10.0, 10, 12.5], "rotation": 270}}}, {"name": "5", "from": [2.963, 7.0, 10], "to": [5.944, 9.0, 12], "rotationOrigin": [8.0, 7.0, 7.95], "rotationZ": 63.44, "faces": {"north": {"texture": "#material", "uv": [10.0, 1.0, 12.5, 3.0]}, "east": {"texture": "#material", "uv": [10, 1.0, 12, 3.0], "windMode": [-1, -1, -1, -1], "windData": [0, 1, 1, 0]}, "south": {"texture": "#material", "uv": [3.5, 1.0, 6.0, 3.0]}, "west": {"texture": "#material", "uv": [10, 1.0, 12, 3.0], "windMode": [-1, -1, -1, -1]}, "up": {"texture": "#material", "uv": [10, 10.0, 12, 12.5], "rotation": 90, "windMode": [-1, -1, -1, -1], "windData": [0, 0, 1, 1]}, "down": {"texture": "#material", "uv": [10, 10.0, 12, 12.5], "rotation": 270}}}, {"name": "6", "from": [2.963, 7.0, 12], "to": [5.944, 9.0, 14], "rotationOrigin": [8.0, 7.0, 7.95], "rotationZ": 63.44, "faces": {"north": {"texture": "#material", "uv": [10.0, 1.0, 12.5, 3.0]}, "east": {"texture": "#material", "uv": [12, 1.0, 14, 3.0], "windMode": [-1, -1, -1, -1], "windData": [0, 1, 1, 0]}, "south": {"texture": "#material", "uv": [3.5, 1.0, 6.0, 3.0]}, "west": {"texture": "#material", "uv": [12, 1.0, 14, 3.0], "windMode": [-1, -1, -1, -1]}, "up": {"texture": "#material", "uv": [12, 10.0, 14, 12.5], "rotation": 90, "windMode": [-1, -1, -1, -1], "windData": [0, 0, 1, 1]}, "down": {"texture": "#material", "uv": [12, 10.0, 14, 12.5], "rotation": 270}}}, {"name": "7", "from": [2.963, 7.0, 14], "to": [5.944, 9.0, 16], "rotationOrigin": [8.0, 7.0, 7.95], "rotationZ": 63.44, "faces": {"north": {"texture": "#material", "uv": [10.0, 1.0, 12.5, 3.0]}, "east": {"texture": "#material", "uv": [14, 1.0, 16, 3.0], "windMode": [-1, -1, -1, -1], "windData": [0, 1, 1, 0]}, "south": {"texture": "#material", "uv": [3.5, 1.0, 6.0, 3.0]}, "west": {"texture": "#material", "uv": [14, 1.0, 16, 3.0], "windMode": [-1, -1, -1, -1]}, "up": {"texture": "#material", "uv": [14, 10.0, 16, 12.5], "rotation": 90, "windMode": [-1, -1, -1, -1], "windData": [0, 0, 1, 1]}, "down": {"texture": "#material", "uv": [14, 10.0, 16, 12.5], "rotation": 270}}}]}, {"name": "5", "from": [0.0, 0.0, 0.0], "to": [0.0, 0.0, 0.0], "faces": {}, "children": [{"name": "0", "from": [-0.0183, 7.0, 0], "to": [2.9627, 9.0, 2], "rotationOrigin": [8.0, 7.0, 7.95], "rotationZ": 63.44, "faces": {"north": {"texture": "#material", "uv": [13.5, 1.0, 16.0, 3.0]}, "east": {"texture": "#material", "uv": [0, 1.0, 2, 3.0], "windMode": [-1, -1, -1, -1], "windData": [0, 1, 1, 0]}, "south": {"texture": "#material", "uv": [0.0, 1.0, 2.5, 3.0]}, "west": {"texture": "#material", "uv": [0, 1.0, 2, 3.0], "windMode": [-1, -1, -1, -1]}, "up": {"texture": "#material", "uv": [0, 12.5, 2, 15.0], "rotation": 90, "windMode": [-1, -1, -1, -1], "windData": [0, 0, 1, 1]}, "down": {"texture": "#material", "uv": [0, 12.5, 2, 15.0], "rotation": 270}}}, {"name": "1", "from": [-0.0183, 7.0, 2], "to": [2.9627, 9.0, 4], "rotationOrigin": [8.0, 7.0, 7.95], "rotationZ": 63.44, "faces": {"north": {"texture": "#material", "uv": [13.5, 1.0, 16.0, 3.0]}, "east": {"texture": "#material", "uv": [2, 1.0, 4, 3.0], "windMode": [-1, -1, -1, -1], "windData": [0, 1, 1, 0]}, "south": {"texture": "#material", "uv": [0.0, 1.0, 2.5, 3.0]}, "west": {"texture": "#material", "uv": [2, 1.0, 4, 3.0], "windMode": [-1, -1, -1, -1]}, "up": {"texture": "#material", "uv": [2, 12.5, 4, 15.0], "rotation": 90, "windMode": [-1, -1, -1, -1], "windData": [0, 0, 1, 1]}, "down": {"texture": "#material", "uv": [2, 12.5, 4, 15.0], "rotation": 270}}}, {"name": "2", "from": [-0.0183, 7.0, 4], "to": [2.9627, 9.0, 6], "rotationOrigin": [8.0, 7.0, 7.95], "rotationZ": 63.44, "faces": {"north": {"texture": "#material", "uv": [13.5, 1.0, 16.0, 3.0]}, "east": {"texture": "#material", "uv": [4, 1.0, 6, 3.0], "windMode": [-1, -1, -1, -1], "windData": [0, 1, 1, 0]}, "south": {"texture": "#material", "uv": [0.0, 1.0, 2.5, 3.0]}, "west": {"texture": "#material", "uv": [4, 1.0, 6, 3.0], "windMode": [-1, -1, -1, -1]}, "up": {"texture": "#material", "uv": [4, 12.5, 6, 15.0], "rotation": 90, "windMode": [-1, -1, -1, -1], "windData": [0, 0, 1, 1]}, "down": {"texture": "#material", "uv": [4, 12.5, 6, 15.0], "rotation": 270}}}, {"name": "3", "from": [-0.0183, 7.0, 6], "to": [2.9627, 9.0, 8], "rotationOrigin": [8.0, 7.0, 7.95], "rotationZ": 63.44, "faces": {"north": {"texture": "#material", "uv": [13.5, 1.0, 16.0, 3.0]}, "east": {"texture": "#material", "uv": [6, 1.0, 8, 3.0], "windMode": [-1, -1, -1, -1], "windData": [0, 1, 1, 0]}, "south": {"texture": "#material", "uv": [0.0, 1.0, 2.5, 3.0]}, "west": {"texture": "#material", "uv": [6, 1.0, 8, 3.0], "windMode": [-1, -1, -1, -1]}, "up": {"texture": "#material", "uv": [6, 12.5, 8, 15.0], "rotation": 90, "windMode": [-1, -1, -1, -1], "windData": [0, 0, 1, 1]}, "down": {"texture": "#material", "uv": [6, 12.5, 8, 15.0], "rotation": 270}}}, {"name": "4", "from": [-0.0183, 7.0, 8], "to": [2.9627, 9.0, 10], "rotationOrigin": [8.0, 7.0, 7.95], "rotationZ": 63.44, "faces": {"north": {"texture": "#material", "uv": [13.5, 1.0, 16.0, 3.0]}, "east": {"texture": "#material", "uv": [8, 1.0, 10, 3.0], "windMode": [-1, -1, -1, -1], "windData": [0, 1, 1, 0]}, "south": {"texture": "#material", "uv": [0.0, 1.0, 2.5, 3.0]}, "west": {"texture": "#material", "uv": [8, 1.0, 10, 3.0], "windMode": [-1, -1, -1, -1]}, "up": {"texture": "#material", "uv": [8, 12.5, 10, 15.0], "rotation": 90, "windMode": [-1, -1, -1, -1], "windData": [0, 0, 1, 1]}, "down": {"texture": "#material", "uv": [8, 12.5, 10, 15.0], "rotation": 270}}}, {"name": "5", "from": [-0.0183, 7.0, 10], "to": [2.9627, 9.0, 12], "rotationOrigin": [8.0, 7.0, 7.95], "rotationZ": 63.44, "faces": {"north": {"texture": "#material", "uv": [13.5, 1.0, 16.0, 3.0]}, "east": {"texture": "#material", "uv": [10, 1.0, 12, 3.0], "windMode": [-1, -1, -1, -1], "windData": [0, 1, 1, 0]}, "south": {"texture": "#material", "uv": [0.0, 1.0, 2.5, 3.0]}, "west": {"texture": "#material", "uv": [10, 1.0, 12, 3.0], "windMode": [-1, -1, -1, -1]}, "up": {"texture": "#material", "uv": [10, 12.5, 12, 15.0], "rotation": 90, "windMode": [-1, -1, -1, -1], "windData": [0, 0, 1, 1]}, "down": {"texture": "#material", "uv": [10, 12.5, 12, 15.0], "rotation": 270}}}, {"name": "6", "from": [-0.0183, 7.0, 12], "to": [2.9627, 9.0, 14], "rotationOrigin": [8.0, 7.0, 7.95], "rotationZ": 63.44, "faces": {"north": {"texture": "#material", "uv": [13.5, 1.0, 16.0, 3.0]}, "east": {"texture": "#material", "uv": [12, 1.0, 14, 3.0], "windMode": [-1, -1, -1, -1], "windData": [0, 1, 1, 0]}, "south": {"texture": "#material", "uv": [0.0, 1.0, 2.5, 3.0]}, "west": {"texture": "#material", "uv": [12, 1.0, 14, 3.0], "windMode": [-1, -1, -1, -1]}, "up": {"texture": "#material", "uv": [12, 12.5, 14, 15.0], "rotation": 90, "windMode": [-1, -1, -1, -1], "windData": [0, 0, 1, 1]}, "down": {"texture": "#material", "uv": [12, 12.5, 14, 15.0], "rotation": 270}}}, {"name": "7", "from": [-0.0183, 7.0, 14], "to": [2.9627, 9.0, 16], "rotationOrigin": [8.0, 7.0, 7.95], "rotationZ": 63.44, "faces": {"north": {"texture": "#material", "uv": [13.5, 1.0, 16.0, 3.0]}, "east": {"texture": "#material", "uv": [14, 1.0, 16, 3.0], "windMode": [-1, -1, -1, -1], "windData": [0, 1, 1, 0]}, "south": {"texture": "#material", "uv": [0.0, 1.0, 2.5, 3.0]}, "west": {"texture": "#material", "uv": [14, 1.0, 16, 3.0], "windMode": [-1, -1, -1, -1]}, "up": {"texture": "#material", "uv": [14, 12.5, 16, 15.0], "rotation": 90, "windMode": [-1, -1, -1, -1], "windData": [0, 0, 1, 1]}, "down": {"texture": "#material", "uv": [14, 12.5, 16, 15.0], "rotation": 270}}}]}]}]}]}