{
  "ingredientPattern": "_F_,CBC,RRR",
  "ingredients": {
    "F": {
      "type": "item",
      "code": "backracks:firewood-backrack-normal",
      "quantity": 1
    },
    "B": {
      "type": "item",
      "code": "game:basket-normal-papyrus",
      "quantity": 1
    },
    "C": {
      "type": "item",
      "code": "game:papyrustops*",
      "quantity": 8
    },
    "R": {
      "type": "item",
      "code": "game:rope",
      "quantity": 1
    }
  },
  "width": 3,
  "height": 3,
  "output": {
    "type": "item",
    "code": "backracks:basket-backrack-normal",
    "quantity": 1
  }
}
