{
  "ingredientPattern": "HF_,NSN,NRN",
  "ingredients": {
    "F": {
      "type": "item",
      "code": "backracks:firewood-backrack-normal",
      "quantity": 1
    },
    "S": {
      "type": "block",
      "code": "game:shelf-*",
      "quantity": 1
    },
    "N": {
      "type": "item",
      "code": "game:metalnailsandstrips-copper",
      "quantity": 1
    },
    "R": {
      "type": "item",
      "code": "game:rope",
      "quantity": 1
    },
    "H": {
      "type": "item",
      "code": "game:hammer-*",
      "isTool": true,
      "toolDurabilityCost": 10
    }
  },
  "width": 3,
  "height": 3,
  "output": {
    "type": "item",
    "code": "backracks:shelf-backrack-normal",
    "quantity": 1
  }
}
