{
	"editor": {
		"backDropShape": "seraph-hairless",
		"collapsedPaths": ",Root/Cube3,Root/Cube2/Cube3",
		"allAngles": true,
		"entityTextureMode": true
	},
	"textureWidth": 32,
	"textureHeight": 32,
	"textureSizes": {
		"waistscarf-purple": [32,32]
	},
	"textures": {
		"waistscarf-purple": "entity/humanoid/seraphclothes/waist/waistscarf-purple"
	},
	"elements": [
		{
			"name": "Cube2",
			"stepParentName": "LowerTorso",
			"from": [ -13.8, -15.0, -13.0 ],
			"to": [ -13.8, -15.0, -13.0 ],
			"uv": [ 0.0, 0.0 ],
			"rotationOrigin": [ 0.0, 0.0, 0.0 ],
			"rotationZ": -1.0,
			"faces": {
				"north": { "texture": "#waistscarf-purple", "uv": [ 0.0, 0.5, 0.5, 1.0 ], "windMode": [-1,-1,-1,-1] },
				"east": { "texture": "#waistscarf-purple", "uv": [ 0.5, 0.5, 1.0, 1.0 ], "windMode": [-1,-1,-1,-1] },
				"south": { "texture": "#waistscarf-purple", "uv": [ 1.0, 0.5, 1.5, 1.0 ], "windMode": [-1,-1,-1,-1] },
				"west": { "texture": "#waistscarf-purple", "uv": [ 1.5, 0.5, 2.0, 1.0 ], "windMode": [-1,-1,-1,-1] },
				"up": { "texture": "#waistscarf-purple", "uv": [ 0.0, 0.0, 0.5, 0.5 ], "windMode": [-1,-1,-1,-1] },
				"down": { "texture": "#waistscarf-purple", "uv": [ 0.5, 0.0, 1.0, 0.5 ], "windMode": [-1,-1,-1,-1] }
			},
			"children": [
				{
					"name": "waist",
					"from": [ 13.53, 16.1736, 12.6934 ],
					"to": [ 19.005, 18.4986, 19.2934 ],
					"uv": [ 0.0, 23.5 ],
					"rotationOrigin": [ 16.2125, 17.3361, 15.9934 ],
					"rotationX": -2.0,
					"rotationZ": 0.001,
					"faces": {
						"north": { "texture": "#waistscarf-purple", "uv": [ 0.0, 30.0, 5.0, 32.0 ], "windMode": [-1,-1,-1,-1], "windData": [0,1,1,1] },
						"east": { "texture": "#waistscarf-purple", "uv": [ 5.0, 30.0, 11.5, 32.0 ] },
						"south": { "texture": "#waistscarf-purple", "uv": [ 11.5, 30.0, 16.5, 32.0 ], "windMode": [-1,-1,-1,-1], "windData": [1,1,1,1] },
						"west": { "texture": "#waistscarf-purple", "uv": [ 16.5, 30.0, 23.0, 32.0 ], "windMode": [-1,-1,-1,-1], "windData": [0,1,1,1] },
						"up": { "texture": "#waistscarf-purple", "uv": [ 0.0, 23.5, 5.0, 30.0 ], "windMode": [-1,-1,-1,-1], "windData": [1,1,1,1] },
						"down": { "texture": "#waistscarf-purple", "uv": [ 5.0, 23.5, 10.0, 30.0 ], "windMode": [-1,-1,-1,-1], "windData": [0,1,1,1] }
					}
				},
				{
					"name": "waistup1",
					"from": [ 13.57, 17.795, 12.7549 ],
					"to": [ 18.845, 18.795, 16.8049 ],
					"uv": [ 0.5, 17.5 ],
					"rotationOrigin": [ 16.2125, 18.295, 14.7799 ],
					"rotationX": 12.5,
					"rotationZ": 0.001,
					"faces": {
						"north": { "texture": "#waistscarf-purple", "uv": [ 0.5, 21.5, 5.5, 22.5 ], "windMode": [-1,-1,-1,-1], "windData": [1,1,1,1] },
						"east": { "texture": "#waistscarf-purple", "uv": [ 5.5, 21.5, 9.5, 22.5 ], "windMode": [-1,-1,-1,-1], "windData": [1,1,1,1] },
						"south": { "texture": "#waistscarf-purple", "uv": [ 9.5, 21.5, 14.5, 22.5 ], "windMode": [-1,-1,-1,-1], "windData": [1,1,1,1] },
						"west": { "texture": "#waistscarf-purple", "uv": [ 14.5, 21.5, 18.5, 22.5 ], "windMode": [-1,-1,-1,-1], "windData": [1,1,1,1] },
						"up": { "texture": "#waistscarf-purple", "uv": [ 0.5, 17.5, 5.5, 21.5 ], "windMode": [-1,-1,-1,-1], "windData": [1,1,1,1] },
						"down": { "texture": "#waistscarf-purple", "uv": [ 5.5, 17.5, 10.5, 21.5 ], "windMode": [-1,-1,-1,-1], "windData": [1,1,1,1] }
					}
				},
				{
					"name": "waist2",
					"from": [ 13.63, 16.97, 12.79 ],
					"to": [ 18.905, 19.195, 19.19 ],
					"uv": [ 10.0, 12.0 ],
					"rotationOrigin": [ 16.3125, 18.1361, 16.0934 ],
					"rotationX": -2.0,
					"rotationZ": 0.001,
					"faces": {
						"north": { "texture": "#waistscarf-purple", "uv": [ 10.0, 18.0, 15.0, 20.0 ], "windMode": [-1,-1,-1,-1], "windData": [0,1,1,1] },
						"east": { "texture": "#waistscarf-purple", "uv": [ 15.0, 18.0, 21.0, 20.0 ] },
						"south": { "texture": "#waistscarf-purple", "uv": [ 21.0, 18.0, 26.0, 20.0 ], "windMode": [-1,-1,-1,-1], "windData": [1,1,1,1] },
						"west": { "texture": "#waistscarf-purple", "uv": [ 26.0, 18.0, 32.0, 20.0 ], "windMode": [-1,-1,-1,-1], "windData": [0,1,1,1] },
						"up": { "texture": "#waistscarf-purple", "uv": [ 10.0, 12.0, 15.0, 18.0 ], "windMode": [-1,-1,-1,-1], "windData": [1,1,1,1] },
						"down": { "texture": "#waistscarf-purple", "uv": [ 15.0, 12.0, 20.0, 18.0 ], "windMode": [-1,-1,-1,-1], "windData": [0,1,1,1] }
					}
				}
			]
		},
		{
			"name": "Cube3",
			"stepParentName": "UpperTorso",
			"from": [ -0.14, 4.4, 0.71 ],
			"to": [ -0.14, 4.4, 0.71 ],
			"uv": [ 0.0, 0.0 ],
			"rotationOrigin": [ 0.8605, 4.4048, 1.7147 ],
			"rotationX": -14.0,
			"rotationY": -1.5025,
			"rotationZ": -7.4889,
			"faces": {
				"north": { "texture": "#waistscarf-purple", "uv": [ 0.0, 0.5, 0.5, 1.0 ] },
				"east": { "texture": "#waistscarf-purple", "uv": [ 0.5, 0.5, 1.0, 1.0 ] },
				"south": { "texture": "#waistscarf-purple", "uv": [ 1.0, 0.5, 1.5, 1.0 ] },
				"west": { "texture": "#waistscarf-purple", "uv": [ 1.5, 0.5, 2.0, 1.0 ] },
				"up": { "texture": "#waistscarf-purple", "uv": [ 0.0, 0.0, 0.5, 0.5 ] },
				"down": { "texture": "#waistscarf-purple", "uv": [ 0.5, 0.0, 1.0, 0.5 ] }
			},
			"children": [
				{
					"name": "waistfront2",
					"from": [ 0.0, 0.0, 0.0 ],
					"to": [ 0.5, 0.9, 1.1 ],
					"uv": [ 23.5, 23.5 ],
					"rotationOrigin": [ 0.25, 0.45, 0.55 ],
					"faces": {
						"north": { "texture": "#waistscarf-purple", "uv": [ 23.5, 24.5, 24.0, 25.0 ] },
						"east": { "texture": "#waistscarf-purple", "uv": [ 24.0, 24.5, 25.0, 25.0 ], "windMode": [-1,-1,-1,-1], "windData": [1,1,1,1] },
						"south": { "texture": "#waistscarf-purple", "uv": [ 25.0, 24.5, 25.5, 25.0 ], "windMode": [-1,-1,-1,-1], "windData": [1,1,1,1] },
						"west": { "texture": "#waistscarf-purple", "uv": [ 25.5, 24.5, 26.5, 25.0 ], "windMode": [-1,-1,-1,-1], "windData": [1,1,1,1] },
						"up": { "texture": "#waistscarf-purple", "uv": [ 23.5, 23.5, 24.0, 24.5 ], "windMode": [-1,-1,-1,-1], "windData": [1,1,1,1] },
						"down": { "texture": "#waistscarf-purple", "uv": [ 24.0, 23.5, 24.5, 24.5 ], "windMode": [-1,-1,-1,-1], "windData": [1,1,1,1] }
					}
				},
				{
					"name": "waist2l",
					"from": [ 0.293, -4.46, -0.4893 ],
					"to": [ 0.618, 0.215, 0.6107 ],
					"uv": [ 18.5, 6.0 ],
					"rotationOrigin": [ 0.4555, -2.1225, 0.0607 ],
					"rotationX": 12.5556,
					"rotationY": 0.379,
					"rotationZ": 7.3215,
					"faces": {
						"north": { "texture": "#waistscarf-purple", "uv": [ 18.5, 7.0, 19.0, 11.5 ] },
						"east": { "texture": "#waistscarf-purple", "uv": [ 19.0, 7.0, 20.0, 11.5 ], "windMode": [-1,-1,-1,-1], "windData": [1,1,1,1] },
						"south": { "texture": "#waistscarf-purple", "uv": [ 20.0, 7.0, 20.5, 11.5 ], "windMode": [-1,-1,-1,-1], "windData": [1,1,1,1] },
						"west": { "texture": "#waistscarf-purple", "uv": [ 20.5, 7.0, 21.5, 11.5 ], "windMode": [-1,-1,-1,-1], "windData": [1,1,1,1] },
						"up": { "texture": "#waistscarf-purple", "uv": [ 18.5, 6.0, 19.0, 7.0 ], "windMode": [-1,-1,-1,-1], "windData": [1,1,1,1] },
						"down": { "texture": "#waistscarf-purple", "uv": [ 19.0, 6.0, 19.5, 7.0 ], "windMode": [-1,-1,-1,-1], "windData": [1,1,1,1] }
					}
				},
				{
					"name": "waist2r",
					"from": [ 0.2956, -4.5093, 0.0 ],
					"to": [ 0.6206, 0.0407, 1.1 ],
					"uv": [ 22.0, 6.0 ],
					"rotationOrigin": [ 0.4581, -2.2343, 0.55 ],
					"rotationZ": 7.5,
					"faces": {
						"north": { "texture": "#waistscarf-purple", "uv": [ 22.0, 7.0, 22.5, 11.5 ], "windMode": [-1,-1,-1,-1], "windData": [1,1,1,1] },
						"east": { "texture": "#waistscarf-purple", "uv": [ 22.5, 7.0, 23.5, 11.5 ] },
						"south": { "texture": "#waistscarf-purple", "uv": [ 23.5, 7.0, 24.0, 11.5 ], "windMode": [-1,-1,-1,-1], "windData": [1,1,1,1] },
						"west": { "texture": "#waistscarf-purple", "uv": [ 24.0, 7.0, 25.0, 11.5 ], "windMode": [-1,-1,-1,-1], "windData": [1,1,1,1] },
						"up": { "texture": "#waistscarf-purple", "uv": [ 22.0, 6.0, 22.5, 7.0 ], "windMode": [-1,-1,-1,-1], "windData": [1,1,1,1] },
						"down": { "texture": "#waistscarf-purple", "uv": [ 22.5, 6.0, 23.0, 7.0 ], "windMode": [-1,-1,-1,-1], "windData": [1,1,1,1] }
					}
				},
				{
					"name": "waist1l",
					"from": [ 0.8379, -5.9739, -1.1643 ],
					"to": [ 1.1629, -4.2989, -0.0643 ],
					"uv": [ 25.5, 9.0 ],
					"rotationOrigin": [ 0.9999, -5.1364, -0.6143 ],
					"rotationX": 12.5556,
					"rotationY": 0.379,
					"rotationZ": 17.5714,
					"faces": {
						"north": { "texture": "#waistscarf-purple", "uv": [ 25.5, 10.0, 26.0, 11.5 ] },
						"east": { "texture": "#waistscarf-purple", "uv": [ 26.0, 10.0, 27.0, 11.5 ], "windMode": [-1,-1,-1,-1], "windData": [1,1,1,1] },
						"south": { "texture": "#waistscarf-purple", "uv": [ 27.0, 10.0, 27.5, 11.5 ], "windMode": [-1,-1,-1,-1], "windData": [1,1,1,1] },
						"west": { "texture": "#waistscarf-purple", "uv": [ 27.5, 10.0, 28.5, 11.5 ], "windMode": [-1,-1,-1,-1], "windData": [1,1,1,1] },
						"up": { "texture": "#waistscarf-purple", "uv": [ 25.5, 9.0, 26.0, 10.0 ], "windMode": [-1,-1,-1,-1], "windData": [1,1,1,1] },
						"down": { "texture": "#waistscarf-purple", "uv": [ 26.0, 9.0, 26.5, 10.0 ], "windMode": [-1,-1,-1,-1], "windData": [1,1,1,1] }
					}
				},
				{
					"name": "waist1r",
					"from": [ 0.8447, -5.7715, -0.125 ],
					"to": [ 1.1697, -4.3965, 1.1 ],
					"uv": [ 27.0, 7.0 ],
					"rotationOrigin": [ 1.0072, -5.084, 0.4875 ],
					"rotationZ": 22.5,
					"faces": {
						"north": { "texture": "#waistscarf-purple", "uv": [ 27.0, 8.0, 27.5, 9.0 ] },
						"east": { "texture": "#waistscarf-purple", "uv": [ 27.5, 8.0, 28.5, 9.0 ], "windMode": [-1,-1,-1,-1], "windData": [1,1,1,1] },
						"south": { "texture": "#waistscarf-purple", "uv": [ 28.5, 8.0, 29.0, 9.0 ], "windMode": [-1,-1,-1,-1], "windData": [1,1,1,1] },
						"west": { "texture": "#waistscarf-purple", "uv": [ 29.0, 8.0, 30.0, 9.0 ], "windMode": [-1,-1,-1,-1], "windData": [1,1,1,1] },
						"up": { "texture": "#waistscarf-purple", "uv": [ 27.0, 7.0, 27.5, 8.0 ], "windMode": [-1,-1,-1,-1], "windData": [1,1,1,1] },
						"down": { "texture": "#waistscarf-purple", "uv": [ 27.5, 7.0, 28.0, 8.0 ], "windMode": [-1,-1,-1,-1], "windData": [1,1,1,1] }
					}
				},
				{
					"name": "waistshoulders7",
					"from": [ 2.451, -1.4408, -0.2234 ],
					"to": [ 3.076, 3.5592, 0.8766 ],
					"uv": [ 0.0, 4.5 ],
					"rotationOrigin": [ 2.7135, 1.0092, 0.3266 ],
					"rotationX": -0.7207,
					"rotationY": 5.9983,
					"rotationZ": -81.6237,
					"faces": {
						"north": { "texture": "#waistscarf-purple", "uv": [ 0.0, 5.5, 0.5, 10.5 ] },
						"east": { "texture": "#waistscarf-purple", "uv": [ 0.5, 5.5, 1.5, 10.5 ], "windMode": [-1,-1,-1,-1], "windData": [1,1,1,1] },
						"south": { "texture": "#waistscarf-purple", "uv": [ 1.5, 5.5, 2.0, 10.5 ], "windMode": [-1,-1,-1,-1], "windData": [1,1,1,1] },
						"west": { "texture": "#waistscarf-purple", "uv": [ 2.0, 5.5, 3.0, 10.5 ], "windMode": [-1,-1,-1,-1], "windData": [1,1,1,1] },
						"up": { "texture": "#waistscarf-purple", "uv": [ 0.0, 4.5, 0.5, 5.5 ], "windMode": [-1,-1,-1,-1], "windData": [1,1,1,1] },
						"down": { "texture": "#waistscarf-purple", "uv": [ 0.5, 4.5, 1.0, 5.5 ], "windMode": [-1,-1,-1,-1], "windData": [1,1,1,1] }
					}
				},
				{
					"name": "waistbehind0",
					"from": [ 5.4844, 0.5378, -0.4437 ],
					"to": [ 5.8594, 1.3628, 0.6563 ],
					"uv": [ 20.0, 1.5 ],
					"rotationOrigin": [ 4.8093, 0.1283, 1.5641 ],
					"rotationX": -0.5309,
					"rotationY": 6.6153,
					"rotationZ": 19.2819,
					"faces": {
						"north": { "texture": "#waistscarf-purple", "uv": [ 20.0, 2.5, 20.5, 3.0 ], "windMode": [-1,-1,-1,-1], "windData": [1,1,1,1] },
						"east": { "texture": "#waistscarf-purple", "uv": [ 20.5, 2.5, 21.5, 3.0 ], "windMode": [-1,-1,-1,-1], "windData": [1,1,1,1] },
						"south": { "texture": "#waistscarf-purple", "uv": [ 21.5, 2.5, 22.0, 3.0 ] },
						"west": { "texture": "#waistscarf-purple", "uv": [ 22.0, 2.5, 23.0, 3.0 ], "windMode": [-1,-1,-1,-1], "windData": [1,1,1,1] },
						"up": { "texture": "#waistscarf-purple", "uv": [ 20.0, 1.5, 20.5, 2.5 ], "windMode": [-1,-1,-1,-1], "windData": [1,1,1,1] },
						"down": { "texture": "#waistscarf-purple", "uv": [ 20.5, 1.5, 21.0, 2.5 ], "windMode": [-1,-1,-1,-1], "windData": [1,1,1,1] }
					}
				},
				{
					"name": "Cube4",
					"from": [ 7.63, -9.7303, -0.85 ],
					"to": [ 7.63, -9.7303, -0.85 ],
					"uv": [ 0.0, 0.0 ],
					"rotationOrigin": [ 7.6662, -9.7303, -0.8454 ],
					"rotationY": 6.0179,
					"rotationZ": 13.6232,
					"faces": {
						"north": { "texture": "#waistscarf-purple", "uv": [ 0.0, 0.5, 0.5, 1.0 ] },
						"east": { "texture": "#waistscarf-purple", "uv": [ 0.5, 0.5, 1.0, 1.0 ] },
						"south": { "texture": "#waistscarf-purple", "uv": [ 1.0, 0.5, 1.5, 1.0 ] },
						"west": { "texture": "#waistscarf-purple", "uv": [ 1.5, 0.5, 2.0, 1.0 ] },
						"up": { "texture": "#waistscarf-purple", "uv": [ 0.0, 0.0, 0.5, 0.5 ] },
						"down": { "texture": "#waistscarf-purple", "uv": [ 0.5, 0.0, 1.0, 0.5 ] }
					},
					"children": [
						{
							"name": "waistbehind1",
							"from": [ -0.0339, 0.6761, -0.8 ],
							"to": [ 0.3411, 9.8761, 0.35 ],
							"uv": [ 15.0, 1.5 ],
							"rotationOrigin": [ -0.0464, 5.2761, -0.2344 ],
							"rotationX": 10.8707,
							"rotationY": -0.1319,
							"rotationZ": 0.0111,
							"faces": {
								"north": { "texture": "#waistscarf-purple", "uv": [ 15.0, 2.5, 15.5, 11.5 ], "windMode": [-1,-1,-1,-1], "windData": [0,1,1,0] },
								"east": { "texture": "#waistscarf-purple", "uv": [ 15.5, 2.5, 16.5, 11.5 ], "windMode": [-1,-1,-1,-1], "windData": [0,1,1,0] },
								"south": { "texture": "#waistscarf-purple", "uv": [ 16.5, 2.5, 17.0, 11.5 ] },
								"west": { "texture": "#waistscarf-purple", "uv": [ 17.0, 2.5, 18.0, 11.5 ], "windMode": [-1,-1,-1,-1], "windData": [0,0,1,1] },
								"up": { "texture": "#waistscarf-purple", "uv": [ 15.0, 1.5, 15.5, 2.5 ], "windMode": [-1,-1,-1,-1], "windData": [1,1,1,1] },
								"down": { "texture": "#waistscarf-purple", "uv": [ 15.5, 1.5, 16.0, 2.5 ], "windMode": [-1,-1,-1,-1] }
							}
						},
						{
							"name": "waistbehind3",
							"from": [ 0.0, 0.0, 0.0 ],
							"to": [ 0.35, 10.8, 1.1 ],
							"uv": [ 11.5, 0.0 ],
							"rotationOrigin": [ -0.0218, 5.4, 0.5531 ],
							"rotationX": 1.0,
							"faces": {
								"north": { "texture": "#waistscarf-purple", "uv": [ 11.5, 1.0, 12.0, 11.5 ], "windMode": [-1,-1,-1,-1], "windData": [0,1,1,0] },
								"east": { "texture": "#waistscarf-purple", "uv": [ 12.0, 1.0, 13.0, 11.5 ], "windMode": [-1,-1,-1,-1], "windData": [0,1,1,0] },
								"south": { "texture": "#waistscarf-purple", "uv": [ 13.0, 1.0, 13.5, 11.5 ], "windMode": [-1,-1,-1,-1], "windData": [0,0,1,1] },
								"west": { "texture": "#waistscarf-purple", "uv": [ 13.5, 1.0, 14.5, 11.5 ], "windMode": [-1,-1,-1,-1], "windData": [0,0,1,1] },
								"up": { "texture": "#waistscarf-purple", "uv": [ 11.5, 0.0, 12.0, 1.0 ], "windMode": [-1,-1,-1,-1], "windData": [1,1,1,1] },
								"down": { "texture": "#waistscarf-purple", "uv": [ 12.0, 0.0, 12.5, 1.0 ], "windMode": [-1,-1,-1,-1] }
							}
						},
						{
							"name": "waistbehind2",
							"from": [ -0.0067, -0.1, -0.4 ],
							"to": [ 0.3433, 10.7, 0.7 ],
							"uv": [ 8.0, 0.0 ],
							"rotationOrigin": [ 0.0152, 3.8926, 0.8386 ],
							"rotationX": 4.3,
							"rotationY": 0.144,
							"rotationZ": 0.0397,
							"faces": {
								"north": { "texture": "#waistscarf-purple", "uv": [ 8.0, 1.0, 8.5, 11.5 ], "windMode": [-1,-1,-1,-1], "windData": [0,1,1,0] },
								"east": { "texture": "#waistscarf-purple", "uv": [ 8.5, 1.0, 9.5, 11.5 ], "windMode": [-1,-1,-1,-1], "windData": [0,1,1,0] },
								"south": { "texture": "#waistscarf-purple", "uv": [ 9.5, 1.0, 10.0, 11.5 ], "windMode": [-1,-1,-1,-1], "windData": [0,0,1,1] },
								"west": { "texture": "#waistscarf-purple", "uv": [ 10.0, 1.0, 11.0, 11.5 ], "windMode": [-1,-1,-1,-1], "windData": [0,0,1,1] },
								"up": { "texture": "#waistscarf-purple", "uv": [ 8.0, 0.0, 8.5, 1.0 ], "windMode": [-1,-1,-1,-1], "windData": [1,1,1,1] },
								"down": { "texture": "#waistscarf-purple", "uv": [ 8.5, 0.0, 9.0, 1.0 ], "windMode": [-1,-1,-1,-1] }
							}
						}
					]
				},
				{
					"name": "Cube5",
					"from": [ 7.9611, -12.1515, -3.38 ],
					"to": [ 7.9611, -12.1515, -3.38 ],
					"uv": [ 0.0, 0.0 ],
					"rotationOrigin": [ 7.9611, -12.1515, -3.3757 ],
					"rotationX": 14.0,
					"rotationY": 6.088,
					"rotationZ": 9.6023,
					"faces": {
						"north": { "texture": "#waistscarf-purple", "uv": [ 0.0, 0.5, 0.5, 1.0 ] },
						"east": { "texture": "#waistscarf-purple", "uv": [ 0.5, 0.5, 1.0, 1.0 ] },
						"south": { "texture": "#waistscarf-purple", "uv": [ 1.0, 0.5, 1.5, 1.0 ] },
						"west": { "texture": "#waistscarf-purple", "uv": [ 1.5, 0.5, 2.0, 1.0 ] },
						"up": { "texture": "#waistscarf-purple", "uv": [ 0.0, 0.0, 0.5, 0.5 ] },
						"down": { "texture": "#waistscarf-purple", "uv": [ 0.5, 0.0, 1.0, 0.5 ] }
					},
					"children": [
						{
							"name": "waistbehind5",
							"from": [ 0.0, 0.0, 0.0 ],
							"to": [ 0.4, 3.05, 2.875 ],
							"uv": [ 2.0, 0.0 ],
							"rotationOrigin": [ 0.0172, 1.528, 1.534 ],
							"faces": {
								"north": { "texture": "#waistscarf-purple", "uv": [ 2.0, 2.5, 2.5, 5.5 ], "windMode": [-1,-1,-1,-1] },
								"east": { "texture": "#waistscarf-purple", "uv": [ 2.5, 2.5, 5.0, 5.5 ], "windMode": [-1,-1,-1,-1] },
								"south": { "texture": "#waistscarf-purple", "uv": [ 5.0, 2.5, 5.5, 5.5 ], "windMode": [-1,-1,-1,-1] },
								"west": { "texture": "#waistscarf-purple", "uv": [ 5.5, 2.5, 8.0, 5.5 ], "windMode": [-1,-1,-1,-1] },
								"up": { "texture": "#waistscarf-purple", "uv": [ 2.0, 0.0, 2.5, 2.5 ], "windMode": [-1,-1,-1,-1] },
								"down": { "texture": "#waistscarf-purple", "uv": [ 2.5, 0.0, 3.0, 2.5 ], "windMode": [-1,-1,-1,-1] }
							}
						},
						{
							"name": "waistbehind4",
							"from": [ -0.0279, 2.52, -0.0195 ],
							"to": [ 0.3721, 3.545, 2.8555 ],
							"uv": [ 4.5, 9.5 ],
							"rotationOrigin": [ -0.0357, 2.984, 1.5808 ],
							"rotationX": -3.0,
							"rotationY": 0.6775,
							"rotationZ": 4.3488,
							"faces": {
								"north": { "texture": "#waistscarf-purple", "uv": [ 4.5, 12.0, 5.0, 13.0 ], "windMode": [-1,-1,-1,-1] },
								"east": { "texture": "#waistscarf-purple", "uv": [ 5.0, 12.0, 7.5, 13.0 ], "windMode": [-1,-1,-1,-1] },
								"south": { "texture": "#waistscarf-purple", "uv": [ 7.5, 12.0, 8.0, 13.0 ] },
								"west": { "texture": "#waistscarf-purple", "uv": [ 8.0, 12.0, 10.5, 13.0 ] },
								"up": { "texture": "#waistscarf-purple", "uv": [ 4.5, 9.5, 5.0, 12.0 ], "windMode": [-1,-1,-1,-1] },
								"down": { "texture": "#waistscarf-purple", "uv": [ 5.0, 9.5, 5.5, 12.0 ], "windMode": [-1,-1,-1,-1] }
							}
						},
						{
							"name": "waistbehind6",
							"from": [ 0.311, -0.4564, -0.0459 ],
							"to": [ 0.311, 0.0186, 2.8291 ],
							"uv": [ 24.0, 3.5 ],
							"rotationOrigin": [ -0.0784, 1.6401, 1.4938 ],
							"faces": {
								"east": { "texture": "#waistscarf-purple", "uv": [ 24.0, 3.5, 31.5, 2.0 ], "autoUv": false, "windMode": [-1,-1,-1,-1] }
							}
						}
					]
				}
			]
		}
	]}