[
    {
        "file": "expandedmolds:blocktypes/clay/mold/chutesectionmold.json",
        "op": "addmerge",
        "path": "/entityBehaviorsByType/chutesectionmold-*",
        "value": [
            {
                "Name": "WearAndTear",
                "Properties": {
                    "MergeWithAutoRegistry": true,
                    "OnlyMergeIfNormallyAutoReg": true
                }
            },
            {
                "Name": "WearAndTearMold",
                "Properties": {
                    "MinDurabilityUsage": 0.06,
                    "MaxDurabilityUsage": 0.10
                }
            }
        ],
        "dependsOn": [ { "modid": "wearandtear" } ]
    },
    {
        "file": "expandedmolds:blocktypes/clay/mold/ingotmold.json",
        "op": "addmerge",
        "path": "/entityBehaviorsByType/ingotmold-*",
        "value": [
            {
                "Name": "WearAndTear",
                "Properties": {
                    "MergeWithAutoRegistry": true,
                    "OnlyMergeIfNormallyAutoReg": true
                }
            },
            {
                "Name": "WearAndTearMold",
                "Properties": {
                    "MinDurabilityUsage": 0.06,
                    "MaxDurabilityUsage": 0.10
                }
            }
        ],
        "dependsOn": [ { "modid": "wearandtear" } ]
    }
]