{
	code: "club",
	damagedby: ["blockbreaking", "attacking"],




attributes: {

			"bloodshed-defense": {
				"blockSoundLight": "game:tool/slash",
				"blockSoundHeavy": "game:effect/anvilmergehit",
				"protectionChanceByType": {
					"*": {
						"passive": 0.2,
						"active": 1
					},
				},
				"damageAbsorptionByType": {
					"*-relic0": 2.5,
					"*-relic1": 3.5,
					"*-relic2": 5.5,
					"*-relic3": 6,
					"*-relic4": 7,
					"*-relic5": 7.5,
				},
				"vertProtectionRange": 52.5,
				"horizProtectionRange": 52.5
			},
},





	variantgroups: [
		{ code: "type", states: ["warhammer" ] },
		{ code: "material", states: ["relic0", "relic1", "relic2", "relic3", "relic4", "relic5"] }
	],
	skipVariants: [
		"club-warhammer-gold",
		"club-warhammer-silver",
	],
	allowedVariants: [
		"club-warhammer-*"
	],
	shapeByType: {
		"club-warhammer-*": { base: "vanillaarmory:shapes/item/tool/club/warhammerrelic" },
		
	},
	heldTpHitAnimation: "breaktool",

	texturesByType: { 
		"club-warhammer-*": { "blackbronze": { base: "vanillaarmory:{material}" }, 
				"handle": { base: "game:block/wood/debarked/veryaged" },
		},
	},
	attackRange: 2,
	attributes: {

"sharpenable": true,
"onGrindstoneTransform": {
		translation: { x: -0.2, y: 0.3, z: 0.4 },
		rotation: { x: 50, y: 0, z: 0 },
		origin: { x: 0.5, y: 0.1, z: 0.5 },
		scale: 1
},

		heldItemPitchFollow: 0.9,
		rackable: true,
		toolrackTransformByType: {
			"club-flanged-*": {
				translation: { x: -0.7, y: 0.64, z: 0 },
				rotation: { x: 180, y: 0, z: 0 },
				origin: { x: 0.5, y: 0, z: 0.5 },
				scale: 1.3
			},
			"club-morningstar-*": {
				translation: { x: -0.5, y: 0.6, z: 0 },
				origin: { x: 0.5, y: 0, z: 0.5 },
				scale: 1.3
			},
			"club-spiked-*": {
				translation: { x: -0.53, y: 0.55, z: 0 },
				origin: { x: 0.5, y: 0, z: 0.5 },
				scale: 1.3
			},
			"club-warhammer-*": {
				translation: { x: -0.9, y: 0.57, z: 0 },
				rotation: { x: 10, y: 0, z: 0 },
				origin: { x: 0.5, y: 0, z: 0.5 },
				scale: 1.3
			},
			"*": { 
				translation: { x: -0.23, y: 0.5, z: 0 },
				rotation: { x: 0, y: 0, z: 0 },
				origin: { x: 0.5, y: 0, z: 0.5 },
				scale: 1.3
			}
		},
		groundStorageTransformByType: {
			"club-morningstar-*": {
				translation: { x: 0, y: 0.35, z: -0.17 },
				rotation: { x: 26, y: 88, z: -87 },
				scale: 0.88
			},
			"club-spiked-*": {
				translation: { x: 0, y: 0.59, z: -0.125 },
				rotation: { x: 26, y: 88, z: -90 },
				scale: 0.88
			},
			"club-warhammer-*": {
				translation: { x: 0, y: 0.47, z: -0.125 },
				rotation: { x: 26, y: 82, z: -87 },
				scale: 0.88
			},
			"club-flanged-*": {
				translation: { x: 0, y: 0.4, z: -0.1 },
				rotation: { x: 26, y: 88, z: -87 },
				scale: 0.88
			},
			"*": {
				translation: { x: 0, y: 0.02, z: -0.005 },
				rotation: { x: 26, y: 88, z: -87 },
				scale: 0.88
			}
		}
	},
	behaviors: [{ 
		name: "GroundStorable",
		properties: {
			layout: 'WallHalves',
			wallOffYByType: {
				"club-spiked-*": 2,
				"club-warhammer-*": 2,
				"*": 1
			},
			ctrlKey: true,
			selectionBox: { x1: 0, y1: 0, z1: 0, x2: 1, y2: 0.1, z2: 1 },
			collisionBox: { x1: 0, y1: 0, z1: 0, x2: 0, y2: 0, z2: 0 },
		}
	}, { name: "AnimationAuthoritative" }],
	durabilitybytype: {
		"club-warhammer-relic0": 160,
		"club-warhammer-relic1": 240,
		"club-warhammer-relic2": 576,
		"club-warhammer-relic3": 816,
		"club-warhammer-relic4": 2035,
		"club-warhammer-relic5": 2442,
	},
	attackRangebytype: {	
		"*": 2
	},
	attributesByType: {
		"club-warhammer-*": {
			attachableToEntity: {
				categoryCode: "utilities",
				attachedShapeBySlotCode: {
					"frontrightside": { base: "item/wearable/hooved/elk/weaponr-warhammer-relic" },
					"frontleftside": { base: "item/wearable/hooved/elk/weaponl-warhammer-relic" }
				}
			}				
		}
	},
	tooltierbytype: {
		"*-relic0": 4,
		"*-relic1": 4,
		"*-relic2": 5,
		"*-relic3": 6,
		"*-relic4": 7,
		"*-relic5": 8,	
	},
	attackpowerbytype: {
		"club-warhammer-relic0": 2.43,
		"club-warhammer-relic1": 3.65,
		"club-warhammer-relic2": 4.6,
		"club-warhammer-relic3": 4.8,
		"club-warhammer-relic4": 5.09,
		"club-warhammer-relic5": 6.11,
	},
	creativeinventory: { 
		"general": ["*"],  "vanillaarmory": ["*"], 
		"items": ["*"], 
		"tools": ["*"],
		"clutterByType": { "*-ruined": ["*"] }
	},
		
	fpHandTransformByType: {
		
		"*": {
				translation: { x: 0.1, y: -0.4, z: 0 },
				rotation: { x: 180, y: 15, z: 93 },
				scale: 2
			},
	},
	guiTransformByType: {
		
		"club-morningstar-*": {
			translation: { x: 0, y: 0, z: 0 },
			rotation: { x: -66, y: -128, z: 164 },
			origin: { x: 1.15, y: -0.19, z: 0.7 },
			scale: 2.39
		},
		"*": {
			translation: { x: 0, y: 0, z: 0 },
			rotation: { x: -66, y: -128, z: 164 },
			origin: { x: 1.16, y: 0.11, z: 0.46 },
			scale: 2.39
		},
		
	},
	groundTransformByType: {
		
		"*": {
			translation: { x: 0, y: 0.36, z: 0 },
			rotation: { x: 0, y: 0, z: 0 },
			origin: { x: 0.5, y: 0.45, z: 0.5 },
			scale: 3.6
		},
		
	},
	tpHandTransformByType: {
		
		"*": {
				translation: { x: -0.8, y: -0.57, z: -1.08 },
				rotation: { x: -90, y: 1, z: 0 },
				scale: 0.85
		},
		
	}
}