{
	"editor": {
		"backDropShape": "H:/steamlibrary/steamapps/common/Vintagestory/assets/game/shapes/entity/humanoid/seraph",
		"allAngles": false,
		"entityTextureMode": false
	},
	"textureWidth": 8,
	"textureHeight": 8,
	"textureSizes": {
	},
	"textures": {
		"brass": "block/metal/plate/brass",
		"belt": "entity/humanoid/seraphclothes/waist/sturdy-leather-belt",
		"brown": "item/armor/cloth/brown"
	},
	"elements": [
		{
			"name": "waist",
			"stepParentName": "LowerTorso",
			"from": [ -0.2, 0.5, -0.4 ],
			"to": [ 0.3, 1.0, 6.4 ],
			"rotationOrigin": [ 2.8, 0.5, 3.0 ],
			"rotationX": -5.9,
			"rotationZ": 7.0,
			"faces": {
				"north": { "texture": "#brown", "uv": [ 2.5, 1.75, 3.0, 2.25 ] },
				"east": { "texture": "#brown", "uv": [ 2.5, 1.75, 6.5, 2.25 ], "autoUv": false },
				"south": { "texture": "#brown", "uv": [ 2.5, 1.75, 3.0, 2.25 ] },
				"west": { "texture": "#brown", "uv": [ 2.5, 1.75, 6.5, 2.25 ], "autoUv": false },
				"up": { "texture": "#brown", "uv": [ 2.5, 1.75, 6.5, 2.25 ], "rotation": 90, "autoUv": false },
				"down": { "texture": "#brown", "uv": [ 2.5, 1.75, 6.5, 2.25 ], "rotation": 90, "autoUv": false }
			},
			"children": [
				{
					"name": "pouch",
					"from": [ -0.1, -1.4, -0.7 ],
					"to": [ 1.9, 0.6, 0.2 ],
					"rotationOrigin": [ -0.1, -1.4, -0.7 ],
					"rotationX": 5.0,
					"faces": {
						"north": { "texture": "#belt", "uv": [ 6.0, 3.0, 8.0, 5.0 ] },
						"east": { "texture": "#belt", "uv": [ 6.0, 3.0, 6.5, 5.0 ] },
						"south": { "texture": "#belt", "uv": [ 6.0, 3.0, 8.0, 5.0 ] },
						"west": { "texture": "#belt", "uv": [ 6.0, 3.0, 6.5, 5.0 ] },
						"up": { "texture": "#belt", "uv": [ 6.0, 3.5, 8.0, 4.0 ] },
						"down": { "texture": "#belt", "uv": [ 6.0, 3.5, 8.0, 4.0 ] }
					},
					"children": [
						{
							"name": "flap",
							"from": [ -0.05, 1.1, -0.1 ],
							"to": [ 2.05, 2.1, 0.4 ],
							"rotationOrigin": [ -0.1, 1.1, -0.1 ],
							"rotationX": 6.0,
							"faces": {
								"north": { "texture": "#belt", "uv": [ 6.0, 0.0, 8.0, 1.0 ] },
								"east": { "texture": "#belt", "uv": [ 7.5, 0.0, 8.0, 1.0 ] },
								"south": { "texture": "#belt", "uv": [ 6.0, 0.0, 8.0, 1.0 ] },
								"west": { "texture": "#belt", "uv": [ 7.5, 0.0, 8.0, 1.0 ] },
								"up": { "texture": "#belt", "uv": [ 6.0, 0.0, 8.0, 0.5 ] },
								"down": { "texture": "#belt", "uv": [ 6.0, 0.0, 8.0, 0.5 ] }
							},
							"children": [
								{
									"name": "button",
									"from": [ 0.85, -0.1, -0.1 ],
									"to": [ 1.25, 0.3, 0.3 ],
									"rotationOrigin": [ 1.05, 0.1, -0.1 ],
									"rotationZ": 45.0,
									"faces": {
										"north": { "texture": "#brass", "uv": [ 0.0, 0.0, 0.5, 0.5 ] },
										"east": { "texture": "#brass", "uv": [ 0.0, 0.0, 0.5, 0.5 ] },
										"south": { "texture": "#brass", "uv": [ 0.0, 0.0, 0.5, 0.5 ] },
										"west": { "texture": "#brass", "uv": [ 0.0, 0.0, 0.5, 0.5 ] },
										"up": { "texture": "#brass", "uv": [ 0.0, 0.0, 0.5, 0.5 ] },
										"down": { "texture": "#brass", "uv": [ 0.0, 0.0, 0.5, 0.5 ] }
									}
								}
							]
						}
					]
				},
				{
					"name": "w-right",
					"from": [ 0.5, 0.0, 0.0 ],
					"to": [ 5.0, 0.5, 0.5 ],
					"rotationOrigin": [ 0.5, 0.0, 0.0 ],
					"faces": {
						"north": { "texture": "#brown", "uv": [ 2.5, 1.75, 7.0, 2.25 ] },
						"south": { "texture": "#brown", "uv": [ 2.5, 1.75, 7.0, 2.25 ] },
						"up": { "texture": "#brown", "uv": [ 2.5, 1.75, 6.5, 2.25 ], "autoUv": false },
						"down": { "texture": "#brown", "uv": [ 2.5, 1.75, 6.5, 2.25 ], "autoUv": false }
					}
				},
				{
					"name": "w-left",
					"from": [ 0.5, 0.0, 6.3 ],
					"to": [ 5.0, 0.5, 6.8 ],
					"rotationOrigin": [ 0.5, 0.0, 6.3 ],
					"faces": {
						"north": { "texture": "#brown", "uv": [ 2.5, 1.75, 7.0, 2.25 ] },
						"south": { "texture": "#brown", "uv": [ 2.5, 1.75, 7.0, 2.25 ] },
						"up": { "texture": "#brown", "uv": [ 2.5, 1.75, 6.5, 2.25 ], "autoUv": false },
						"down": { "texture": "#brown", "uv": [ 2.5, 1.75, 6.5, 2.25 ], "autoUv": false }
					}
				},
				{
					"name": "w-back",
					"from": [ 5.0, 0.0, 0.0 ],
					"to": [ 5.5, 0.5, 6.8 ],
					"rotationOrigin": [ 8.0, 0.0, 3.4 ],
					"faces": {
						"north": { "texture": "#brown", "uv": [ 2.5, 1.75, 3.0, 2.25 ] },
						"east": { "texture": "#brown", "uv": [ 2.5, 1.75, 6.5, 2.25 ], "autoUv": false },
						"south": { "texture": "#brown", "uv": [ 2.5, 1.75, 3.0, 2.25 ] },
						"west": { "texture": "#brown", "uv": [ 2.5, 1.75, 6.5, 2.25 ], "autoUv": false },
						"up": { "texture": "#brown", "uv": [ 2.5, 1.75, 6.5, 2.25 ], "rotation": 90, "autoUv": false },
						"down": { "texture": "#brown", "uv": [ 2.5, 1.75, 6.5, 2.25 ], "rotation": 90, "autoUv": false }
					}
				}
			]
		}
	]}