[
	{ "op": "addmerge", "path": "/allowedVariants/-", "value": "looseores-bismuthinite-monzonite-free", "file": "game:blocktypes/stone/looseores.json", },
	{ "op": "addmerge", "path": "/allowedVariants/-", "value": "looseores-bismuthinite-syenite-free", "file": "game:blocktypes/stone/looseores.json", },

	{ "op": "addmerge", "path": "/allowedVariants/-", "value": "looseores-cassiterite-arenite-free", "file": "game:blocktypes/stone/looseores.json", },
	{ "op": "addmerge", "path": "/allowedVariants/-", "value": "looseores-cassiterite-arkose-free", "file": "game:blocktypes/stone/looseores.json", },
	{ "op": "addmerge", "path": "/allowedVariants/-", "value": "looseores-cassiterite-syenite-free", "file": "game:blocktypes/stone/looseores.json", },

	{ "op": "addmerge", "path": "/allowedVariants/-", "value": "looseores-chromite-serpentinite-free", "file": "game:blocktypes/stone/looseores.json", },
	{ "op": "addmerge", "path": "/allowedVariants/-", "value": "looseores-chromite-pyroxenite-free", "file": "game:blocktypes/stone/looseores.json", },
	{ "op": "addmerge", "path": "/allowedVariants/-", "value": "looseores-chromite-komatiite-free", "file": "game:blocktypes/stone/looseores.json", },

	{ "op": "addmerge", "path": "/allowedVariants/-", "value": "looseores-galena_nativesilver-arenite-free", "file": "game:blocktypes/stone/looseores.json", },
	{ "op": "addmerge", "path": "/allowedVariants/-", "value": "looseores-galena_nativesilver-wacke-free", "file": "game:blocktypes/stone/looseores.json", },
	{ "op": "addmerge", "path": "/allowedVariants/-", "value": "looseores-galena_nativesilver-travertine-free", "file": "game:blocktypes/stone/looseores.json", },
	{ "op": "addmerge", "path": "/allowedVariants/-", "value": "looseores-galena_nativesilver-monzonite-free", "file": "game:blocktypes/stone/looseores.json", },
	{ "op": "addmerge", "path": "/allowedVariants/-", "value": "looseores-galena_nativesilver-syenite-free", "file": "game:blocktypes/stone/looseores.json", },

	{ "op": "addmerge", "path": "/allowedVariants/-", "value": "looseores-galena-arenite-free", "file": "game:blocktypes/stone/looseores.json", },
	{ "op": "addmerge", "path": "/allowedVariants/-", "value": "looseores-galena-arkose-free", "file": "game:blocktypes/stone/looseores.json", },
	{ "op": "addmerge", "path": "/allowedVariants/-", "value": "looseores-galena-wacke-free", "file": "game:blocktypes/stone/looseores.json", },
	{ "op": "addmerge", "path": "/allowedVariants/-", "value": "looseores-galena-travertine-free", "file": "game:blocktypes/stone/looseores.json", },
	{ "op": "addmerge", "path": "/allowedVariants/-", "value": "looseores-galena-monzonite-free", "file": "game:blocktypes/stone/looseores.json", },
	{ "op": "addmerge", "path": "/allowedVariants/-", "value": "looseores-galena-syenite-free", "file": "game:blocktypes/stone/looseores.json", },

	{ "op": "addmerge", "path": "/allowedVariants/-", "value": "looseores-hematite-arenite-free", "file": "game:blocktypes/stone/looseores.json", },
	{ "op": "addmerge", "path": "/allowedVariants/-", "value": "looseores-hematite-arkose-free", "file": "game:blocktypes/stone/looseores.json", },
	{ "op": "addmerge", "path": "/allowedVariants/-", "value": "looseores-hematite-marl-free", "file": "game:blocktypes/stone/looseores.json", },
	{ "op": "addmerge", "path": "/allowedVariants/-", "value": "looseores-hematite-serpentinite-free", "file": "game:blocktypes/stone/looseores.json", },
	{ "op": "addmerge", "path": "/allowedVariants/-", "value": "looseores-hematite-wacke-free", "file": "game:blocktypes/stone/looseores.json", },
	{ "op": "addmerge", "path": "/allowedVariants/-", "value": "looseores-hematite-monzonite-free", "file": "game:blocktypes/stone/looseores.json", },
	{ "op": "addmerge", "path": "/allowedVariants/-", "value": "looseores-hematite-syenite-free", "file": "game:blocktypes/stone/looseores.json", },

	{ "op": "addmerge", "path": "/allowedVariants/-", "value": "looseores-ilmenite-pyroxenite-free", "file": "game:blocktypes/stone/looseores.json", },
	{ "op": "addmerge", "path": "/allowedVariants/-", "value": "looseores-ilmenite-komatiite-free", "file": "game:blocktypes/stone/looseores.json", },
	{ "op": "addmerge", "path": "/allowedVariants/-", "value": "looseores-ilmenite-monzonite-free", "file": "game:blocktypes/stone/looseores.json", },
	{ "op": "addmerge", "path": "/allowedVariants/-", "value": "looseores-ilmenite-syenite-free", "file": "game:blocktypes/stone/looseores.json", },

	{ "op": "addmerge", "path": "/allowedVariants/-", "value": "looseores-limonite-arenite-free", "file": "game:blocktypes/stone/looseores.json", },
	{ "op": "addmerge", "path": "/allowedVariants/-", "value": "looseores-limonite-marl-free", "file": "game:blocktypes/stone/looseores.json", },
	{ "op": "addmerge", "path": "/allowedVariants/-", "value": "looseores-limonite-wacke-free", "file": "game:blocktypes/stone/looseores.json", },
	{ "op": "addmerge", "path": "/allowedVariants/-", "value": "looseores-limonite-monzonite-free", "file": "game:blocktypes/stone/looseores.json", },
	{ "op": "addmerge", "path": "/allowedVariants/-", "value": "looseores-limonite-syenite-free", "file": "game:blocktypes/stone/looseores.json", },

	{ "op": "addmerge", "path": "/allowedVariants/-", "value": "looseores-magnetite-arenite-free", "file": "game:blocktypes/stone/looseores.json", },
	{ "op": "addmerge", "path": "/allowedVariants/-", "value": "looseores-magnetite-arkose-free", "file": "game:blocktypes/stone/looseores.json", },
	{ "op": "addmerge", "path": "/allowedVariants/-", "value": "looseores-magnetite-wacke-free", "file": "game:blocktypes/stone/looseores.json", },
	{ "op": "addmerge", "path": "/allowedVariants/-", "value": "looseores-magnetite-serpentinite-free", "file": "game:blocktypes/stone/looseores.json", },
	{ "op": "addmerge", "path": "/allowedVariants/-", "value": "looseores-magnetite-komatiite-free", "file": "game:blocktypes/stone/looseores.json", },
	{ "op": "addmerge", "path": "/allowedVariants/-", "value": "looseores-magnetite-pyroxenite-free", "file": "game:blocktypes/stone/looseores.json", },
	{ "op": "addmerge", "path": "/allowedVariants/-", "value": "looseores-magnetite-monzonite-free", "file": "game:blocktypes/stone/looseores.json", },
	{ "op": "addmerge", "path": "/allowedVariants/-", "value": "looseores-magnetite-syenite-free", "file": "game:blocktypes/stone/looseores.json", },

	{ "op": "addmerge", "path": "/allowedVariants/-", "value": "looseores-malachite-travertine-free", "file": "game:blocktypes/stone/looseores.json", },
	{ "op": "addmerge", "path": "/allowedVariants/-", "value": "looseores-malachite-monzonite-free", "file": "game:blocktypes/stone/looseores.json", },
	{ "op": "addmerge", "path": "/allowedVariants/-", "value": "looseores-malachite-syenite-free", "file": "game:blocktypes/stone/looseores.json", },

	{ "op": "addmerge", "path": "/allowedVariants/-", "value": "looseores-nativecopper-arenite-free", "file": "game:blocktypes/stone/looseores.json", },
	{ "op": "addmerge", "path": "/allowedVariants/-", "value": "looseores-nativecopper-arkose-free", "file": "game:blocktypes/stone/looseores.json", },
	{ "op": "addmerge", "path": "/allowedVariants/-", "value": "looseores-nativecopper-serpentinite-free", "file": "game:blocktypes/stone/looseores.json", },
	{ "op": "addmerge", "path": "/allowedVariants/-", "value": "looseores-nativecopper-wacke-free", "file": "game:blocktypes/stone/looseores.json", },
	{ "op": "addmerge", "path": "/allowedVariants/-", "value": "looseores-nativecopper-pyroxenite-free", "file": "game:blocktypes/stone/looseores.json", },
	{ "op": "addmerge", "path": "/allowedVariants/-", "value": "looseores-nativecopper-monzonite-free", "file": "game:blocktypes/stone/looseores.json", },
	{ "op": "addmerge", "path": "/allowedVariants/-", "value": "looseores-nativecopper-syenite-free", "file": "game:blocktypes/stone/looseores.json", },

	{ "op": "addmerge", "path": "/allowedVariants/-", "value": "looseores-pentlandite-serpentinite-free", "file": "game:blocktypes/stone/looseores.json", },
	{ "op": "addmerge", "path": "/allowedVariants/-", "value": "looseores-pentlandite-komatiite-free", "file": "game:blocktypes/stone/looseores.json", },
	{ "op": "addmerge", "path": "/allowedVariants/-", "value": "looseores-pentlandite-pyroxenite-free", "file": "game:blocktypes/stone/looseores.json", },

	{ "op": "addmerge", "path": "/allowedVariants/-", "value": "looseores-quartz_nativegold-arenite-free", "file": "game:blocktypes/stone/looseores.json", },
	{ "op": "addmerge", "path": "/allowedVariants/-", "value": "looseores-quartz_nativegold-arkose-free", "file": "game:blocktypes/stone/looseores.json", },
	{ "op": "addmerge", "path": "/allowedVariants/-", "value": "looseores-quartz_nativegold-monzonite-free", "file": "game:blocktypes/stone/looseores.json", },
	{ "op": "addmerge", "path": "/allowedVariants/-", "value": "looseores-quartz_nativegold-marl-free", "file": "game:blocktypes/stone/looseores.json", },
	{ "op": "addmerge", "path": "/allowedVariants/-", "value": "looseores-quartz_nativegold-wacke-free", "file": "game:blocktypes/stone/looseores.json", },

	{ "op": "addmerge", "path": "/allowedVariants/-", "value": "looseores-quartz_nativesilver-arenite-free", "file": "game:blocktypes/stone/looseores.json", },
	{ "op": "addmerge", "path": "/allowedVariants/-", "value": "looseores-quartz_nativesilver-arkose-free", "file": "game:blocktypes/stone/looseores.json", },
	{ "op": "addmerge", "path": "/allowedVariants/-", "value": "looseores-quartz_nativesilver-marl-free", "file": "game:blocktypes/stone/looseores.json", },
	{ "op": "addmerge", "path": "/allowedVariants/-", "value": "looseores-quartz_nativesilver-wacke-free", "file": "game:blocktypes/stone/looseores.json", },
	{ "op": "addmerge", "path": "/allowedVariants/-", "value": "looseores-quartz_nativesilver-monzonite-free", "file": "game:blocktypes/stone/looseores.json", },

	{ "op": "addmerge", "path": "/allowedVariants/-", "value": "looseores-rhodochrosite-arenite-free", "file": "game:blocktypes/stone/looseores.json", },
	{ "op": "addmerge", "path": "/allowedVariants/-", "value": "looseores-rhodochrosite-marl-free", "file": "game:blocktypes/stone/looseores.json", },
	{ "op": "addmerge", "path": "/allowedVariants/-", "value": "looseores-rhodochrosite-wacke-free", "file": "game:blocktypes/stone/looseores.json", },

	{ "op": "addmerge", "path": "/allowedVariants/-", "value": "looseores-sphalerite-wacke-free", "file": "game:blocktypes/stone/looseores.json", },
	{ "op": "addmerge", "path": "/allowedVariants/-", "value": "looseores-sphalerite-marl-free", "file": "game:blocktypes/stone/looseores.json", },
	{ "op": "addmerge", "path": "/allowedVariants/-", "value": "looseores-sphalerite-arenite-free", "file": "game:blocktypes/stone/looseores.json", },
	{ "op": "addmerge", "path": "/allowedVariants/-", "value": "looseores-sphalerite-arkose-free", "file": "game:blocktypes/stone/looseores.json", },
	{ "op": "addmerge", "path": "/allowedVariants/-", "value": "looseores-sphalerite-monzonite-free", "file": "game:blocktypes/stone/looseores.json", },
	{ "op": "addmerge", "path": "/allowedVariants/-", "value": "looseores-sphalerite-syenite-free", "file": "game:blocktypes/stone/looseores.json", },
]