{
  "editor": {
    "allAngles": false,
    "entityTextureMode": false
  },
  "textureWidth": 12,
  "textureHeight": 12,
  "textureSizes": {
    "letter-envelope": [
      12,
      12
    ],
    "envelope-flap": [
      32,
      8
    ],
    "red": [
      16,
      16
    ],
    "green": [
      32,
      32
    ],
    "blue": [
      32,
      32
    ],
    "black": [
      32,
      32
    ],
    "uncolored": [
      32,
      32
    ],
    "redimpression": [
      12,
      12
    ]
  },
  "textures": {
    "seal-default": "seal-default",
    "letter-envelope": "letter-envelope",
    "envelope-flap": "envelope-flap",
    "uncolored": "uncoloreddark",
    "uncoloredimpression": "uncolored",
    "red": "reddark",
    "redimpression": "red",
    "green": "greendark",
    "greenimpression": "green",
    "blue": "bluedark",
    "blueimpression": "blue",
    "black": "blackdark",
    "blackimpression": "black"
  },
  "elements": [
    {
      "name": "origin",
      "from": [
        8.0,
        0.0,
        8.0
      ],
      "to": [
        8.0,
        0.0,
        8.0
      ],
      "rotationOrigin": [
        8.0,
        0.0,
        8.0
      ],
      "faces": {
      },
      "children": [
        {
          "name": "flap",
          "from": [
            -5.0,
            0.55,
            -2.5
          ],
          "to": [
            5.0,
            0.65,
            0.5
          ],
          "rotationOrigin": [
            0.0,
            0.6,
            -2.5
          ],
          "rotationX": -20.0,
          "faces": {
            "up": {
              "texture": "#envelope-flap",
              "uv": [
                6.0,
                0.0,
                26.0,
                8.0
              ],
              "autoUv": false,
              "snapUv": false,
              "windMode": [
                -1,
                -1,
                -1,
                -1
              ]
            },
            "down": {
              "texture": "#envelope-flap",
              "uv": [
                6.0,
                0.0,
                26.0,
                8.0
              ],
              "autoUv": false,
              "snapUv": false,
              "windMode": [
                -1,
                -1,
                -1,
                -1
              ]
            }
          },
          "children": [
            {
              "name": "waxPiece",
              "from": [
                3.95,
                0.0,
                2.65
              ],
              "to": [
                5.95,
                0.2,
                3.15
              ],
              "rotationOrigin": [
                4.9,
                0.5,
                2.4
              ],
              "faces": {
                "north": {
                  "texture": "#envelope-flap",
                  "uv": [
                    1.125,
                    1.125,
                    3.0,
                    1.5
                  ],
                  "windMode": [
                    -1,
                    -1,
                    -1,
                    -1
                  ]
                },
                "east": {
                  "texture": "#envelope-flap",
                  "uv": [
                    0.0,
                    0.0,
                    0.375,
                    0.375
                  ],
                  "windMode": [
                    -1,
                    -1,
                    -1,
                    -1
                  ]
                },
                "south": {
                  "texture": "#envelope-flap",
                  "uv": [
                    0.0,
                    0.375,
                    1.875,
                    0.75
                  ],
                  "windMode": [
                    -1,
                    -1,
                    -1,
                    -1
                  ]
                },
                "west": {
                  "texture": "#envelope-flap",
                  "uv": [
                    0.0,
                    1.125,
                    0.375,
                    1.5
                  ]
                },
                "up": {
                  "texture": "#envelope-flap",
                  "uv": [
                    1.125,
                    0.0,
                    3.0,
                    0.375
                  ],
                  "windMode": [
                    -1,
                    -1,
                    -1,
                    -1
                  ]
                }
              }
            },
            {
              "name": "waxPiece2",
              "from": [
                4.25,
                0.0,
                2.35
              ],
              "to": [
                5.65,
                0.19,
                2.85
              ],
              "rotationOrigin": [
                5.1,
                0.5,
                2.1
              ],
              "faces": {
                "north": {
                  "texture": "#envelope-flap",
                  "uv": [
                    1.125,
                    1.125,
                    2.25,
                    1.5
                  ],
                  "windMode": [
                    -1,
                    -1,
                    -1,
                    -1
                  ]
                },
                "east": {
                  "texture": "#envelope-flap",
                  "uv": [
                    0.0,
                    0.0,
                    0.375,
                    0.375
                  ],
                  "windMode": [
                    -1,
                    -1,
                    -1,
                    -1
                  ]
                },
                "south": {
                  "texture": "#envelope-flap",
                  "uv": [
                    0.0,
                    0.375,
                    1.125,
                    0.75
                  ],
                  "windMode": [
                    -1,
                    -1,
                    -1,
                    -1
                  ]
                },
                "west": {
                  "texture": "#envelope-flap",
                  "uv": [
                    0.0,
                    1.125,
                    0.375,
                    1.5
                  ]
                },
                "up": {
                  "texture": "#envelope-flap",
                  "uv": [
                    1.125,
                    0.0,
                    2.25,
                    0.375
                  ],
                  "windMode": [
                    -1,
                    -1,
                    -1,
                    -1
                  ]
                }
              }
            }
          ]
        },
        {
          "name": "envelope",
          "from": [
            -5.0,
            0.1,
            -2.5
          ],
          "to": [
            5.0,
            0.6,
            2.5
          ],
          "rotationOrigin": [
            0.0,
            0.1,
            0.0
          ],
          "rotationZ": -1.0,
          "faces": {
            "north": {
              "texture": "#letter-envelope",
              "uv": [
                0.0,
                11.5,
                10.0,
                12.0
              ],
              "windMode": [
                -1,
                -1,
                -1,
                -1
              ]
            },
            "east": {
              "texture": "#letter-envelope",
              "uv": [
                5.0,
                5.0,
                10.0,
                5.5
              ],
              "windMode": [
                -1,
                -1,
                -1,
                -1
              ]
            },
            "south": {
              "texture": "#letter-envelope",
              "uv": [
                0.0,
                11.0,
                10.0,
                11.5
              ],
              "windMode": [
                -1,
                -1,
                -1,
                -1
              ]
            },
            "west": {
              "texture": "#letter-envelope",
              "uv": [
                0.0,
                5.0,
                5.0,
                5.5
              ],
              "windMode": [
                -1,
                -1,
                -1,
                -1
              ]
            },
            "up": {
              "texture": "#letter-envelope",
              "uv": [
                0.0,
                0.0,
                10.0,
                5.0
              ]
            },
            "down": {
              "texture": "#letter-envelope",
              "uv": [
                0.0,
                5.5,
                10.0,
                10.5
              ],
              "windMode": [
                -1,
                -1,
                -1,
                -1
              ]
            }
          },
          "children": [
            {
              "name": "wax",
              "from": [
                3.95,
                0.5,
                3.05
              ],
              "to": [
                5.95,
                0.75,
                3.55
              ],
              "rotationOrigin": [
                4.9,
                0.5,
                2.3
              ],
              "faces": {
                "north": {
                  "texture": "#red",
                  "uv": [
                    1.125,
                    1.125,
                    3.0,
                    1.5
                  ],
                  "windMode": [
                    -1,
                    -1,
                    -1,
                    -1
                  ]
                },
                "east": {
                  "texture": "#red",
                  "uv": [
                    0.0,
                    0.0,
                    0.375,
                    0.375
                  ],
                  "windMode": [
                    -1,
                    -1,
                    -1,
                    -1
                  ]
                },
                "south": {
                  "texture": "#red",
                  "uv": [
                    0.0,
                    0.375,
                    1.875,
                    0.75
                  ],
                  "windMode": [
                    -1,
                    -1,
                    -1,
                    -1
                  ]
                },
                "west": {
                  "texture": "#red",
                  "uv": [
                    0.0,
                    1.125,
                    0.375,
                    1.5
                  ]
                },
                "up": {
                  "texture": "#red",
                  "uv": [
                    0.0,
                    0.375,
                    1.875,
                    0.75
                  ],
                  "windMode": [
                    -1,
                    -1,
                    -1,
                    -1
                  ]
                }
              }
            },
            {
              "name": "wax2",
              "from": [
                4.25,
                0.5,
                3.35
              ],
              "to": [
                5.65,
                0.74,
                3.85
              ],
              "rotationOrigin": [
                5.2,
                0.5,
                2.6
              ],
              "faces": {
                "north": {
                  "texture": "#red",
                  "uv": [
                    1.125,
                    1.125,
                    2.25,
                    1.5
                  ],
                  "windMode": [
                    -1,
                    -1,
                    -1,
                    -1
                  ]
                },
                "east": {
                  "texture": "#red",
                  "uv": [
                    0.0,
                    0.0,
                    0.375,
                    0.375
                  ],
                  "windMode": [
                    -1,
                    -1,
                    -1,
                    -1
                  ]
                },
                "south": {
                  "texture": "#red",
                  "uv": [
                    0.0,
                    0.375,
                    1.125,
                    0.75
                  ],
                  "windMode": [
                    -1,
                    -1,
                    -1,
                    -1
                  ]
                },
                "west": {
                  "texture": "#red",
                  "uv": [
                    0.0,
                    1.125,
                    0.375,
                    1.5
                  ]
                },
                "up": {
                  "texture": "#red",
                  "uv": [
                    0.0,
                    0.375,
                    1.125,
                    0.75
                  ],
                  "windMode": [
                    -1,
                    -1,
                    -1,
                    -1
                  ]
                }
              }
            }
          ]
        }
      ]
    }
  ]
}