{
	"editor": {
		"backDropShape": "",
		"collapsedPaths": "",
		"allAngles": false,
		"entityTextureMode": true,
		"singleTexture": false,
		"vsFormatConverted": false
	},
	"textureWidth": 16,
	"textureHeight": 16,
	"textureSizes": {
		"letter-envelope": [12, 12],
		"envelope-flap": [20, 8],
		"envelope-back.png": [20, 8],
		"envelope-flap.png": [20, 8],
		"letter-envelope.png": [12, 12],
		"paper": [16, 16],
		"item-paper.png": [32, 32]
	},
	"textures": {
		"letter-envelope": "letter-envelope",
		"envelope-flap": "envelope-flap",
		"envelope-back.png": "envelope-back",
		"envelope-flap.png": "envelope-flap",
		"letter-envelope.png": "letter-envelope",
		"paper": "item/lore/item-paper",
		"item-paper.png": "item/lore/item-paper"
	},
	"elements": [
		{
			"name": "EnvelopeFlap",
			"from": [8, 0.45, 5.5],
			"to": [8, 0.45, 5.5],
			"rotationOrigin": [8, 0.45, 5.5],
			"rotationX": -32.5,
			"children": [
				{
					"name": "cube",
					"from": [-2, 0, 3],
					"to": [2, 0.05, 3.5],
					"rotationOrigin": [0, -0.45, 2.5],
					"uv": [0, 0],
					"shade": true,
					"faces": {
						"north": {"texture": "#envelope-flap.png", "uv": [6, 7, 14, 8], "autoUv": false, "snapUv": false},
						"east": {"texture": "#envelope-flap.png", "uv": [6, 7, 7, 8], "autoUv": false, "snapUv": false},
						"south": {"texture": "#envelope-flap.png", "uv": [6, 7, 14, 8], "autoUv": false, "snapUv": false},
						"west": {"texture": "#envelope-flap.png", "uv": [13, 7, 14, 8], "autoUv": false, "snapUv": false},
						"up": {"texture": "#envelope-flap.png", "uv": [6, 7, 14, 8], "autoUv": false, "snapUv": false},
						"down": {"texture": "#envelope-flap.png", "uv": [6, 7, 14, 8], "autoUv": false, "snapUv": false}
					},
					"stepParentName": "",
					"climateColorMap": "",
					"gradientShade": false,
					"renderPass": 0,
					"seasonColorMap": ""
				},
				{
					"name": "cube",
					"from": [-2.5, 0, 2.5],
					"to": [2.5, 0.05, 3],
					"rotationOrigin": [0, -0.45, 2],
					"uv": [0, 0],
					"shade": true,
					"faces": {
						"north": {"texture": "#envelope-flap.png", "uv": [5, 6, 15, 7], "autoUv": false, "snapUv": false},
						"east": {"texture": "#envelope-flap.png", "uv": [14, 6, 15, 7], "autoUv": false, "snapUv": false},
						"south": {"texture": "#envelope-flap.png", "uv": [5, 6, 15, 7], "autoUv": false, "snapUv": false},
						"west": {"texture": "#envelope-flap.png", "uv": [5, 6, 6, 7], "autoUv": false, "snapUv": false},
						"up": {"texture": "#envelope-flap.png", "uv": [5, 6, 15, 7], "autoUv": false, "snapUv": false},
						"down": {"texture": "#envelope-flap.png", "uv": [5, 6, 15, 7], "autoUv": false, "snapUv": false}
					},
					"stepParentName": "",
					"climateColorMap": "",
					"gradientShade": false,
					"renderPass": 0,
					"seasonColorMap": ""
				},
				{
					"name": "cube",
					"from": [-3, 0, 2],
					"to": [3, 0.05, 2.5],
					"rotationOrigin": [0, -0.45, 1.5],
					"uv": [0, 0],
					"shade": true,
					"faces": {
						"north": {"texture": "#envelope-flap.png", "uv": [4, 5, 16, 6], "autoUv": false, "snapUv": false},
						"east": {"texture": "#envelope-flap.png", "uv": [4, 5, 5, 6], "autoUv": false, "snapUv": false},
						"south": {"texture": "#envelope-flap.png", "uv": [4, 5, 16, 6], "autoUv": false, "snapUv": false},
						"west": {"texture": "#envelope-flap.png", "uv": [15, 5, 16, 6], "autoUv": false, "snapUv": false},
						"up": {"texture": "#envelope-flap.png", "uv": [4, 5, 16, 6], "autoUv": false, "snapUv": false},
						"down": {"texture": "#envelope-flap.png", "uv": [4, 5, 16, 6], "autoUv": false, "snapUv": false}
					},
					"stepParentName": "",
					"climateColorMap": "",
					"gradientShade": false,
					"renderPass": 0,
					"seasonColorMap": ""
				},
				{
					"name": "cube",
					"from": [-3.5, 0, 1.5],
					"to": [3.5, 0.05, 2],
					"rotationOrigin": [0, -0.45, 1],
					"uv": [0, 0],
					"shade": true,
					"faces": {
						"north": {"texture": "#envelope-flap.png", "uv": [3, 4, 17, 5], "autoUv": false, "snapUv": false},
						"east": {"texture": "#envelope-flap.png", "uv": [16, 4, 17, 5], "autoUv": false, "snapUv": false},
						"south": {"texture": "#envelope-flap.png", "uv": [3, 4, 17, 5], "autoUv": false, "snapUv": false},
						"west": {"texture": "#envelope-flap.png", "uv": [3, 4, 4, 5], "autoUv": false, "snapUv": false},
						"up": {"texture": "#envelope-flap.png", "uv": [3, 4, 17, 5], "autoUv": false, "snapUv": false},
						"down": {"texture": "#envelope-flap.png", "uv": [3, 4, 17, 5], "autoUv": false, "snapUv": false}
					},
					"stepParentName": "",
					"climateColorMap": "",
					"gradientShade": false,
					"renderPass": 0,
					"seasonColorMap": ""
				},
				{
					"name": "cube",
					"from": [-4, 0, 1],
					"to": [4, 0.05, 1.5],
					"rotationOrigin": [0, -0.45, 0.5],
					"uv": [0, 0],
					"shade": true,
					"faces": {
						"north": {"texture": "#envelope-flap.png", "uv": [2, 3, 18, 4], "autoUv": false, "snapUv": false},
						"east": {"texture": "#envelope-flap.png", "uv": [2, 3, 3, 4], "autoUv": false, "snapUv": false},
						"south": {"texture": "#envelope-flap.png", "uv": [2, 3, 18, 4], "autoUv": false, "snapUv": false},
						"west": {"texture": "#envelope-flap.png", "uv": [17, 3, 18, 4], "autoUv": false, "snapUv": false},
						"up": {"texture": "#envelope-flap.png", "uv": [2, 3, 18, 4], "autoUv": false, "snapUv": false},
						"down": {"texture": "#envelope-flap.png", "uv": [2, 3, 18, 4], "autoUv": false, "snapUv": false}
					},
					"stepParentName": "",
					"climateColorMap": "",
					"gradientShade": false,
					"renderPass": 0,
					"seasonColorMap": ""
				},
				{
					"name": "cube",
					"from": [-4.5, 0, 0.5],
					"to": [4.5, 0.05, 1],
					"rotationOrigin": [0, -0.45, 0],
					"uv": [0, 0],
					"shade": true,
					"faces": {
						"north": {"texture": "#envelope-flap.png", "uv": [1, 2, 19, 3], "autoUv": false, "snapUv": false},
						"east": {"texture": "#envelope-flap.png", "uv": [18, 2, 19, 3], "autoUv": false, "snapUv": false},
						"south": {"texture": "#envelope-flap.png", "uv": [1, 2, 19, 3], "autoUv": false, "snapUv": false},
						"west": {"texture": "#envelope-flap.png", "uv": [1, 2, 2, 3], "autoUv": false, "snapUv": false},
						"up": {"texture": "#envelope-flap.png", "uv": [1, 2, 19, 3], "autoUv": false, "snapUv": false},
						"down": {"texture": "#envelope-flap.png", "uv": [1, 2, 19, 3], "autoUv": false, "snapUv": false}
					},
					"stepParentName": "",
					"climateColorMap": "",
					"gradientShade": false,
					"renderPass": 0,
					"seasonColorMap": ""
				},
				{
					"name": "cube",
					"from": [-5, 0, 0],
					"to": [5, 0.05, 0.5],
					"rotationOrigin": [0, -0.45, -0.5],
					"uv": [0, 0],
					"shade": true,
					"faces": {
						"north": {"texture": "#envelope-flap.png", "uv": [0, 0, 20, 1], "autoUv": false, "snapUv": false},
						"east": {"texture": "#envelope-flap.png", "uv": [19, 1, 20, 2], "autoUv": false, "snapUv": false},
						"south": {"texture": "#envelope-flap.png", "uv": [0, 1, 20, 2], "autoUv": false, "snapUv": false},
						"west": {"texture": "#envelope-flap.png", "uv": [0, 1, 1, 2], "autoUv": false, "snapUv": false},
						"up": {"texture": "#envelope-flap.png", "uv": [0, 1, 20, 2], "autoUv": false, "snapUv": false},
						"down": {"texture": "#envelope-flap.png", "uv": [0, 1, 20, 2], "autoUv": false, "snapUv": false}
					},
					"stepParentName": "",
					"climateColorMap": "",
					"gradientShade": false,
					"renderPass": 0,
					"seasonColorMap": ""
				}
			],
			"stepParentName": ""
		},
		{
			"name": "origin",
			"from": [8, 0, 8],
			"to": [8, 0, 8],
			"rotationOrigin": [8, 0, 8],
			"children": [
				{
					"name": "TopBottom",
					"from": [-5, 0.45, 1],
					"to": [5, 0.5, 2.5],
					"rotationOrigin": [0, 0, 1.5],
					"uv": [0, 0],
					"shade": true,
					"faces": {
						"north": {"texture": "#letter-envelope.png", "uv": [0, 0, 10, 0.05], "autoUv": false, "snapUv": false},
						"east": {"texture": "#letter-envelope.png", "uv": [0, 5, 1.5, 5.05], "autoUv": false, "snapUv": false},
						"south": {"texture": "#letter-envelope.png", "uv": [0, 11, 10, 11.05], "autoUv": false, "snapUv": false},
						"west": {"texture": "#letter-envelope.png", "uv": [8.5, 5, 10, 5.05], "autoUv": false, "snapUv": false},
						"up": {"texture": "#letter-envelope.png", "uv": [0, 3.5, 10, 5], "autoUv": false, "snapUv": false},
						"down": {"texture": "#letter-envelope.png", "uv": [0, 3.5, 10, 5], "autoUv": false, "snapUv": false}
					},
					"stepParentName": "",
					"climateColorMap": "",
					"gradientShade": false,
					"renderPass": 0,
					"seasonColorMap": ""
				},
				{
					"name": "TopTopRim",
					"from": [-4.95, 0.45, -2.5],
					"to": [4.95, 0.5, -2.45],
					"rotationOrigin": [0, 0, -2],
					"uv": [0, 0],
					"shade": true,
					"faces": {
						"north": {"texture": "#letter-envelope.png", "uv": [0, 11.5, 9.9, 11.55], "autoUv": false, "snapUv": false},
						"east": {"texture": "#letter-envelope.png", "uv": [0, 0, 0.05, 0.05], "autoUv": false, "snapUv": false},
						"south": {"texture": "#letter-envelope.png", "uv": [0, 11.5, 9.9, 11.55], "autoUv": false, "snapUv": false},
						"west": {"texture": "#letter-envelope.png", "uv": [0, 0, 0.05, 0.05], "autoUv": false, "snapUv": false},
						"up": {"texture": "#letter-envelope.png", "uv": [0, 11.5, 9.9, 11.55], "autoUv": false, "snapUv": false},
						"down": {"texture": "#letter-envelope.png", "uv": [0, 11.5, 9.9, 11.55], "autoUv": false, "snapUv": false}
					},
					"stepParentName": "",
					"climateColorMap": "",
					"gradientShade": false,
					"renderPass": 0,
					"seasonColorMap": ""
				},
				{
					"name": "TopLeft",
					"from": [0, 8, 0],
					"to": [0, 8, 0],
					"rotationOrigin": [0, 8, 0],
					"children": [
						{
							"name": "cube",
							"from": [-5, -7.55, -0.5],
							"to": [-3, -7.5, 1],
							"rotationOrigin": [0, -8, 0],
							"uv": [0, 0],
							"shade": true,
							"faces": {
								"north": {"texture": "#letter-envelope.png", "uv": [0, 0, 2, 0.05], "autoUv": false, "snapUv": false},
								"east": {"texture": "#letter-envelope.png", "uv": [0, 0, 1.5, 0.05], "autoUv": false, "snapUv": false},
								"south": {"texture": "#letter-envelope.png", "uv": [0, 0, 2, 0.05], "autoUv": false, "snapUv": false},
								"west": {"texture": "#letter-envelope.png", "uv": [7, 5, 8.5, 5.05], "autoUv": false, "snapUv": false},
								"up": {"texture": "#letter-envelope.png", "uv": [0, 2, 2, 3.5], "autoUv": false, "snapUv": false},
								"down": {"texture": "#letter-envelope.png", "uv": [0, 2, 2, 3.5], "autoUv": false, "snapUv": false}
							},
							"stepParentName": "",
							"climateColorMap": "",
							"gradientShade": false,
							"renderPass": 0,
							"seasonColorMap": ""
						},
						{
							"name": "cube",
							"from": [-5, -7.55, -1.5],
							"to": [-4, -7.5, -0.5],
							"rotationOrigin": [-1, -8, -1.5],
							"uv": [0, 0],
							"shade": true,
							"faces": {
								"north": {"texture": "#letter-envelope.png", "uv": [0, 0, 1, 0.05], "autoUv": false, "snapUv": false},
								"east": {"texture": "#letter-envelope.png", "uv": [0, 0, 1, 0.05], "autoUv": false, "snapUv": false},
								"south": {"texture": "#letter-envelope.png", "uv": [0, 0, 1, 0.05], "autoUv": false, "snapUv": false},
								"west": {"texture": "#letter-envelope.png", "uv": [6, 5, 7, 5.05], "autoUv": false, "snapUv": false},
								"up": {"texture": "#letter-envelope.png", "uv": [0, 1, 1, 2], "autoUv": false, "snapUv": false},
								"down": {"texture": "#letter-envelope.png", "uv": [0, 1, 1, 2], "autoUv": false, "snapUv": false}
							},
							"stepParentName": "",
							"climateColorMap": "",
							"gradientShade": false,
							"renderPass": 0,
							"seasonColorMap": ""
						},
						{
							"name": "cube",
							"from": [-4, -7.55, -1],
							"to": [-3.5, -7.5, -0.5],
							"rotationOrigin": [-0.5, -8, -1.5],
							"uv": [0, 0],
							"shade": true,
							"faces": {
								"north": {"texture": "#letter-envelope.png", "uv": [0, 0, 0.5, 0.05], "autoUv": false, "snapUv": false},
								"east": {"texture": "#letter-envelope.png", "uv": [0, 0, 0.5, 0.05], "autoUv": false, "snapUv": false},
								"south": {"texture": "#letter-envelope.png", "uv": [0, 0, 0.5, 0.05], "autoUv": false, "snapUv": false},
								"west": {"texture": "#letter-envelope.png", "uv": [0, 0, 0.5, 0.05], "autoUv": false, "snapUv": false},
								"up": {"texture": "#letter-envelope.png", "uv": [1, 1.5, 1.5, 2], "autoUv": false, "snapUv": false},
								"down": {"texture": "#letter-envelope.png", "uv": [1, 1.5, 1.5, 2], "autoUv": false, "snapUv": false}
							},
							"stepParentName": "",
							"climateColorMap": "",
							"gradientShade": false,
							"renderPass": 0,
							"seasonColorMap": ""
						},
						{
							"name": "cube",
							"from": [-5, -7.55, -2],
							"to": [-4.5, -7.5, -1.5],
							"rotationOrigin": [-1.5, -8, -2.5],
							"uv": [0, 0],
							"shade": true,
							"faces": {
								"north": {"texture": "#letter-envelope.png", "uv": [0, 0, 0.5, 0.05], "autoUv": false, "snapUv": false},
								"east": {"texture": "#letter-envelope.png", "uv": [0, 0, 0.5, 0.05], "autoUv": false, "snapUv": false},
								"south": {"texture": "#letter-envelope.png", "uv": [0, 0, 0.5, 0.05], "autoUv": false, "snapUv": false},
								"west": {"texture": "#letter-envelope.png", "uv": [4.5, 5, 5, 5.05], "autoUv": false, "snapUv": false},
								"up": {"texture": "#letter-envelope.png", "uv": [0, 0.5, 0.5, 1], "autoUv": false, "snapUv": false},
								"down": {"texture": "#letter-envelope.png", "uv": [0, 0.5, 0.5, 1], "autoUv": false, "snapUv": false}
							},
							"stepParentName": "",
							"climateColorMap": "",
							"gradientShade": false,
							"renderPass": 0,
							"seasonColorMap": ""
						},
						{
							"name": "cube",
							"from": [-5, -7.55, -2.5],
							"to": [-4.95, -7.5, -2],
							"rotationOrigin": [-1.5, -8, -3],
							"uv": [0, 0],
							"shade": true,
							"faces": {
								"north": {"texture": "#letter-envelope.png", "uv": [0, 0, 0.05, 0.05], "autoUv": false, "snapUv": false},
								"east": {"texture": "#letter-envelope.png", "uv": [0, 0, 0.5, 0.05], "autoUv": false, "snapUv": false},
								"south": {"texture": "#letter-envelope.png", "uv": [0, 0, 0.05, 0.05], "autoUv": false, "snapUv": false},
								"west": {"texture": "#letter-envelope.png", "uv": [4, 5, 4.5, 5.05], "autoUv": false, "snapUv": false},
								"up": {"texture": "#letter-envelope.png", "uv": [0, 0, 0.05, 0.5], "autoUv": false, "snapUv": false},
								"down": {"texture": "#letter-envelope.png", "uv": [0, 0, 0.05, 0.5], "autoUv": false, "snapUv": false}
							},
							"stepParentName": "",
							"climateColorMap": "",
							"gradientShade": false,
							"renderPass": 0,
							"seasonColorMap": ""
						},
						{
							"name": "cube",
							"from": [-3, -7.55, 0],
							"to": [-2.5, -7.5, 0.5],
							"rotationOrigin": [0.5, -8, -0.5],
							"uv": [0, 0],
							"shade": true,
							"faces": {
								"north": {"texture": "#letter-envelope.png", "uv": [0, 0, 0.5, 0.05], "autoUv": false, "snapUv": false},
								"east": {"texture": "#letter-envelope.png", "uv": [0, 0, 0.5, 0.05], "autoUv": false, "snapUv": false},
								"south": {"texture": "#letter-envelope.png", "uv": [0, 0, 0.5, 0.05], "autoUv": false, "snapUv": false},
								"west": {"texture": "#letter-envelope.png", "uv": [0, 0, 0.5, 0.05], "autoUv": false, "snapUv": false},
								"up": {"texture": "#letter-envelope.png", "uv": [2, 2.5, 2.5, 3], "autoUv": false, "snapUv": false},
								"down": {"texture": "#letter-envelope.png", "uv": [2, 2.5, 2.5, 3], "autoUv": false, "snapUv": false}
							},
							"stepParentName": "",
							"climateColorMap": "",
							"gradientShade": false,
							"renderPass": 0,
							"seasonColorMap": ""
						},
						{
							"name": "cube",
							"from": [-3, -7.55, 0.5],
							"to": [-2.5, -7.5, 1],
							"rotationOrigin": [0.5, -8, 0],
							"uv": [0, 0],
							"shade": true,
							"faces": {
								"north": {"texture": "#letter-envelope.png", "uv": [0, 0, 0.5, 0.05], "autoUv": false, "snapUv": false},
								"east": {"texture": "#letter-envelope.png", "uv": [0, 0, 0.5, 0.05], "autoUv": false, "snapUv": false},
								"south": {"texture": "#letter-envelope.png", "uv": [0, 0, 0.5, 0.05], "autoUv": false, "snapUv": false},
								"west": {"texture": "#letter-envelope.png", "uv": [0, 0, 0.5, 0.05], "autoUv": false, "snapUv": false},
								"up": {"texture": "#letter-envelope.png", "uv": [2, 3, 2.5, 3.5], "autoUv": false, "snapUv": false},
								"down": {"texture": "#letter-envelope.png", "uv": [2, 3, 2.5, 3.5], "autoUv": false, "snapUv": false}
							},
							"stepParentName": "",
							"climateColorMap": "",
							"gradientShade": false,
							"renderPass": 0,
							"seasonColorMap": ""
						},
						{
							"name": "cube",
							"from": [-2.5, -7.55, 0.5],
							"to": [-2, -7.5, 1],
							"rotationOrigin": [1, -8, 0],
							"uv": [0, 0],
							"shade": true,
							"faces": {
								"north": {"texture": "#letter-envelope.png", "uv": [0, 0, 0.5, 0.05], "autoUv": false, "snapUv": false},
								"east": {"texture": "#letter-envelope.png", "uv": [0, 0, 0.5, 0.05], "autoUv": false, "snapUv": false},
								"south": {"texture": "#letter-envelope.png", "uv": [0, 0, 0.5, 0.05], "autoUv": false, "snapUv": false},
								"west": {"texture": "#letter-envelope.png", "uv": [0, 0, 0.5, 0.05], "autoUv": false, "snapUv": false},
								"up": {"texture": "#letter-envelope.png", "uv": [2.5, 3, 3, 3.5], "autoUv": false, "snapUv": false},
								"down": {"texture": "#letter-envelope.png", "uv": [2.5, 3, 3, 3.5], "autoUv": false, "snapUv": false}
							},
							"stepParentName": "",
							"climateColorMap": "",
							"gradientShade": false,
							"renderPass": 0,
							"seasonColorMap": ""
						}
					],
					"stepParentName": ""
				},
				{
					"name": "TopRight",
					"from": [-16, 8, 0],
					"to": [-16, 8, 0],
					"rotationOrigin": [-16, 8, 0],
					"children": [
						{
							"name": "cube",
							"from": [19, -7.55, -0.5],
							"to": [21, -7.5, 1],
							"rotationOrigin": [16, -8, 0],
							"uv": [0, 0],
							"shade": true,
							"faces": {
								"north": {"texture": "#letter-envelope.png", "uv": [2, 0, 0, 0.05], "autoUv": false, "snapUv": false},
								"east": {"texture": "#letter-envelope.png", "uv": [3, 5, 1.5, 5.05], "autoUv": false, "snapUv": false},
								"south": {"texture": "#letter-envelope.png", "uv": [2, 0, 0, 0.05], "autoUv": false, "snapUv": false},
								"west": {"texture": "#letter-envelope.png", "uv": [1.5, 0, 0, 0.05], "autoUv": false, "snapUv": false},
								"up": {"texture": "#letter-envelope.png", "uv": [10, 2, 8, 3.5], "autoUv": false, "snapUv": false},
								"down": {"texture": "#letter-envelope.png", "uv": [10, 2, 8, 3.5], "autoUv": false, "snapUv": false}
							},
							"stepParentName": "",
							"climateColorMap": "",
							"gradientShade": false,
							"renderPass": 0,
							"seasonColorMap": ""
						},
						{
							"name": "cube",
							"from": [20, -7.55, -1.5],
							"to": [21, -7.5, -0.5],
							"rotationOrigin": [17, -8, -1.5],
							"uv": [0, 0],
							"shade": true,
							"faces": {
								"north": {"texture": "#letter-envelope.png", "uv": [1, 0, 0, 0.05], "autoUv": false, "snapUv": false},
								"east": {"texture": "#letter-envelope.png", "uv": [4, 5, 3, 5.05], "autoUv": false, "snapUv": false},
								"south": {"texture": "#letter-envelope.png", "uv": [1, 0, 0, 0.05], "autoUv": false, "snapUv": false},
								"west": {"texture": "#letter-envelope.png", "uv": [1, 0, 0, 0.05], "autoUv": false, "snapUv": false},
								"up": {"texture": "#letter-envelope.png", "uv": [10, 1, 9, 2], "autoUv": false, "snapUv": false},
								"down": {"texture": "#letter-envelope.png", "uv": [10, 1, 9, 2], "autoUv": false, "snapUv": false}
							},
							"stepParentName": "",
							"climateColorMap": "",
							"gradientShade": false,
							"renderPass": 0,
							"seasonColorMap": ""
						},
						{
							"name": "cube",
							"from": [19.5, -7.55, -1],
							"to": [20, -7.5, -0.5],
							"rotationOrigin": [16.5, -8, -1.5],
							"uv": [0, 0],
							"shade": true,
							"faces": {
								"north": {"texture": "#letter-envelope.png", "uv": [0.5, 0, 0, 0.05], "autoUv": false, "snapUv": false},
								"east": {"texture": "#letter-envelope.png", "uv": [0.5, 0, 0, 0.05], "autoUv": false, "snapUv": false},
								"south": {"texture": "#letter-envelope.png", "uv": [0.5, 0, 0, 0.05], "autoUv": false, "snapUv": false},
								"west": {"texture": "#letter-envelope.png", "uv": [0.5, 0, 0, 0.05], "autoUv": false, "snapUv": false},
								"up": {"texture": "#letter-envelope.png", "uv": [9, 1.5, 8.5, 2], "autoUv": false, "snapUv": false},
								"down": {"texture": "#letter-envelope.png", "uv": [9, 1.5, 8.5, 2], "autoUv": false, "snapUv": false}
							},
							"stepParentName": "",
							"climateColorMap": "",
							"gradientShade": false,
							"renderPass": 0,
							"seasonColorMap": ""
						},
						{
							"name": "cube",
							"from": [20.5, -7.55, -2],
							"to": [21, -7.5, -1.5],
							"rotationOrigin": [17.5, -8, -2.5],
							"uv": [0, 0],
							"shade": true,
							"faces": {
								"north": {"texture": "#letter-envelope.png", "uv": [0.5, 0, 0, 0.05], "autoUv": false, "snapUv": false},
								"east": {"texture": "#letter-envelope.png", "uv": [4.5, 5, 4, 5.05], "autoUv": false, "snapUv": false},
								"south": {"texture": "#letter-envelope.png", "uv": [0.5, 0, 0, 0.05], "autoUv": false, "snapUv": false},
								"west": {"texture": "#letter-envelope.png", "uv": [0.5, 0, 0, 0.05], "autoUv": false, "snapUv": false},
								"up": {"texture": "#letter-envelope.png", "uv": [10, 0.5, 9.5, 1], "autoUv": false, "snapUv": false},
								"down": {"texture": "#letter-envelope.png", "uv": [10, 0.5, 9.5, 1], "autoUv": false, "snapUv": false}
							},
							"stepParentName": "",
							"climateColorMap": "",
							"gradientShade": false,
							"renderPass": 0,
							"seasonColorMap": ""
						},
						{
							"name": "cube",
							"from": [20.95, -7.55, -2.5],
							"to": [21, -7.5, -2],
							"rotationOrigin": [17.5, -8, -3],
							"uv": [0, 0],
							"shade": true,
							"faces": {
								"north": {"texture": "#letter-envelope.png", "uv": [0.5, 0, 0.55, 0.05], "autoUv": false, "snapUv": false},
								"east": {"texture": "#letter-envelope.png", "uv": [4.5, 5, 5, 5.05], "autoUv": false, "snapUv": false},
								"south": {"texture": "#letter-envelope.png", "uv": [0.5, 0, 0.55, 0.05], "autoUv": false, "snapUv": false},
								"west": {"texture": "#letter-envelope.png", "uv": [0.5, 0, 1, 0.05], "autoUv": false, "snapUv": false},
								"up": {"texture": "#letter-envelope.png", "uv": [9.85, 0, 9.9, 0.5], "autoUv": false, "snapUv": false},
								"down": {"texture": "#letter-envelope.png", "uv": [0.5, 0, 0.55, 0.5], "autoUv": false, "snapUv": false}
							},
							"stepParentName": "",
							"climateColorMap": "",
							"gradientShade": false,
							"renderPass": 0,
							"seasonColorMap": ""
						},
						{
							"name": "cube",
							"from": [18.5, -7.55, 0],
							"to": [19, -7.5, 0.5],
							"rotationOrigin": [15.5, -8, -0.5],
							"uv": [0, 0],
							"shade": true,
							"faces": {
								"north": {"texture": "#letter-envelope.png", "uv": [0.5, 0, 0, 0.05], "autoUv": false, "snapUv": false},
								"east": {"texture": "#letter-envelope.png", "uv": [0.5, 0, 0, 0.05], "autoUv": false, "snapUv": false},
								"south": {"texture": "#letter-envelope.png", "uv": [0.5, 0, 0, 0.05], "autoUv": false, "snapUv": false},
								"west": {"texture": "#letter-envelope.png", "uv": [0.5, 0, 0, 0.05], "autoUv": false, "snapUv": false},
								"up": {"texture": "#letter-envelope.png", "uv": [8, 2.5, 7.5, 3], "autoUv": false, "snapUv": false},
								"down": {"texture": "#letter-envelope.png", "uv": [8, 2.5, 7.5, 3], "autoUv": false, "snapUv": false}
							},
							"stepParentName": "",
							"climateColorMap": "",
							"gradientShade": false,
							"renderPass": 0,
							"seasonColorMap": ""
						},
						{
							"name": "cube",
							"from": [18.5, -7.55, 0.5],
							"to": [19, -7.5, 1],
							"rotationOrigin": [15.5, -8, 0],
							"uv": [0, 0],
							"shade": true,
							"faces": {
								"north": {"texture": "#letter-envelope.png", "uv": [0.5, 0, 0, 0.05], "autoUv": false, "snapUv": false},
								"east": {"texture": "#letter-envelope.png", "uv": [0.5, 0, 0, 0.05], "autoUv": false, "snapUv": false},
								"south": {"texture": "#letter-envelope.png", "uv": [0.5, 0, 0, 0.05], "autoUv": false, "snapUv": false},
								"west": {"texture": "#letter-envelope.png", "uv": [0.5, 0, 0, 0.05], "autoUv": false, "snapUv": false},
								"up": {"texture": "#letter-envelope.png", "uv": [8, 3, 7.5, 3.5], "autoUv": false, "snapUv": false},
								"down": {"texture": "#letter-envelope.png", "uv": [8, 3, 7.5, 3.5], "autoUv": false, "snapUv": false}
							},
							"stepParentName": "",
							"climateColorMap": "",
							"gradientShade": false,
							"renderPass": 0,
							"seasonColorMap": ""
						},
						{
							"name": "cube",
							"from": [18, -7.55, 0.5],
							"to": [18.5, -7.5, 1],
							"rotationOrigin": [15, -8, 0],
							"uv": [0, 0],
							"shade": true,
							"faces": {
								"north": {"texture": "#letter-envelope.png", "uv": [0.5, 0, 0, 0.05], "autoUv": false, "snapUv": false},
								"east": {"texture": "#letter-envelope.png", "uv": [0.5, 0, 0, 0.05], "autoUv": false, "snapUv": false},
								"south": {"texture": "#letter-envelope.png", "uv": [0.5, 0, 0, 0.05], "autoUv": false, "snapUv": false},
								"west": {"texture": "#letter-envelope.png", "uv": [0.5, 0, 0, 0.05], "autoUv": false, "snapUv": false},
								"up": {"texture": "#letter-envelope.png", "uv": [7.5, 3, 7, 3.5], "autoUv": false, "snapUv": false},
								"down": {"texture": "#letter-envelope.png", "uv": [7.5, 3, 7, 3.5], "autoUv": false, "snapUv": false}
							},
							"stepParentName": "",
							"climateColorMap": "",
							"gradientShade": false,
							"renderPass": 0,
							"seasonColorMap": ""
						}
					],
					"stepParentName": ""
				},
				{
					"name": "RimTop",
					"from": [-4.95, 0, -2.5],
					"to": [4.95, 0.45, -2.45],
					"rotationOrigin": [0, -0.05, -2],
					"uv": [0, 0],
					"shade": true,
					"faces": {
						"north": {"texture": "#letter-envelope.png", "uv": [0, 11.5, 9.9, 11.95], "autoUv": false, "snapUv": false},
						"east": {"texture": "#letter-envelope.png", "uv": [0, 0, 0.05, 0.45], "autoUv": false, "snapUv": false},
						"south": {"texture": "#letter-envelope.png", "uv": [0, 11.5, 9.9, 11.95], "autoUv": false, "snapUv": false},
						"west": {"texture": "#letter-envelope.png", "uv": [0, 0, 0.05, 0.45], "autoUv": false, "snapUv": false},
						"up": {"texture": "#letter-envelope.png", "uv": [0, 11.5, 9.9, 11.55], "autoUv": false, "snapUv": false},
						"down": {"texture": "#letter-envelope.png", "uv": [0, 11.5, 9.9, 11.55], "autoUv": false, "snapUv": false}
					},
					"stepParentName": "",
					"climateColorMap": "",
					"gradientShade": false,
					"renderPass": 0,
					"seasonColorMap": ""
				},
				{
					"name": "RimBottom",
					"from": [-4.95, 0, 2.45],
					"to": [4.95, 0.45, 2.5],
					"rotationOrigin": [0, -0.05, 2.95],
					"uv": [0, 0],
					"shade": true,
					"faces": {
						"north": {"texture": "#letter-envelope.png", "uv": [0, 11, 9.9, 11.45], "autoUv": false, "snapUv": false},
						"east": {"texture": "#letter-envelope.png", "uv": [0, 0, 0.05, 0.45], "autoUv": false, "snapUv": false},
						"south": {"texture": "#letter-envelope.png", "uv": [0, 11, 9.9, 11.45], "autoUv": false, "snapUv": false},
						"west": {"texture": "#letter-envelope.png", "uv": [0, 0, 0.05, 0.45], "autoUv": false, "snapUv": false},
						"up": {"texture": "#letter-envelope.png", "uv": [0, 0, 9.9, 0.05], "autoUv": false, "snapUv": false},
						"down": {"texture": "#letter-envelope.png", "uv": [0, 0, 9.9, 0.05], "autoUv": false, "snapUv": false}
					},
					"stepParentName": "",
					"climateColorMap": "",
					"gradientShade": false,
					"renderPass": 0,
					"seasonColorMap": ""
				},
				{
					"name": "RimRight",
					"from": [4.95, 0, -2.5],
					"to": [5, 0.45, 2.5],
					"rotationOrigin": [4, 0, -1.5],
					"uv": [0, 0],
					"shade": true,
					"faces": {
						"north": {"texture": "#letter-envelope.png", "uv": [0, 0, 0.05, 0.45], "autoUv": false, "snapUv": false},
						"east": {"texture": "#letter-envelope.png", "uv": [0, 5, 5, 5.45], "autoUv": false, "snapUv": false},
						"south": {"texture": "#letter-envelope.png", "uv": [0, 0, 0.05, 0.45], "autoUv": false, "snapUv": false},
						"west": {"texture": "#letter-envelope.png", "uv": [0, 5, 5, 5.45], "autoUv": false, "snapUv": false},
						"up": {"texture": "#letter-envelope.png", "uv": [0, 0, 0.05, 5], "autoUv": false, "snapUv": false},
						"down": {"texture": "#letter-envelope.png", "uv": [0, 0, 0.05, 5], "autoUv": false, "snapUv": false}
					},
					"stepParentName": "",
					"climateColorMap": "",
					"gradientShade": false,
					"renderPass": 0,
					"seasonColorMap": ""
				},
				{
					"name": "RimLeft",
					"from": [-5, 0, -2.5],
					"to": [-4.95, 0.45, 2.5],
					"rotationOrigin": [-5.95, 0, -1.5],
					"uv": [0, 0],
					"shade": true,
					"faces": {
						"north": {"texture": "#letter-envelope.png", "uv": [0, 0, 0.05, 0.45], "autoUv": false, "snapUv": false},
						"east": {"texture": "#letter-envelope.png", "uv": [5, 5, 10, 5.45], "autoUv": false, "snapUv": false},
						"south": {"texture": "#letter-envelope.png", "uv": [0, 0, 0.05, 0.45], "autoUv": false, "snapUv": false},
						"west": {"texture": "#letter-envelope.png", "uv": [5, 5, 10, 5.45], "autoUv": false, "snapUv": false},
						"up": {"texture": "#letter-envelope.png", "uv": [0, 0, 0.05, 5], "autoUv": false, "snapUv": false},
						"down": {"texture": "#letter-envelope.png", "uv": [0, 0, 0.05, 5], "autoUv": false, "snapUv": false}
					},
					"stepParentName": "",
					"climateColorMap": "",
					"gradientShade": false,
					"renderPass": 0,
					"seasonColorMap": ""
				},
				{
					"name": "Bottom",
					"from": [-4.95, 0, -2.45],
					"to": [4.95, 0.05, 2.45],
					"rotationOrigin": [0, -0.45, 1.5],
					"uv": [0, 0],
					"shade": true,
					"faces": {
						"north": {"texture": "#envelope-back.png", "uv": [0, 0, 9.9, 0.05], "autoUv": false, "snapUv": false},
						"east": {"texture": "#envelope-back.png", "uv": [0, 0, 4.9, 0.05], "autoUv": false, "snapUv": false},
						"south": {"texture": "#envelope-back.png", "uv": [0, 0, 9.9, 0.05], "autoUv": false, "snapUv": false},
						"west": {"texture": "#envelope-back.png", "uv": [0, 0, 4.9, 0.05], "autoUv": false, "snapUv": false},
						"up": {"texture": "#letter-envelope.png", "uv": [0, 5.6, 9.9, 10.5], "autoUv": false, "snapUv": false},
						"down": {"texture": "#envelope-back.png", "uv": [0, 0, 20, 8], "autoUv": false, "snapUv": false}
					},
					"stepParentName": "",
					"climateColorMap": "",
					"gradientShade": false,
					"renderPass": 0,
					"seasonColorMap": ""
				}
			],
			"stepParentName": ""
		},
		{
			"name": "paper-low",
			"from": [8, 0.675, 13.925],
			"to": [8, 0.675, 13.925],
			"rotationOrigin": [8, 0.675, 13.925],
			"children": [],
			"stepParentName": ""
		}
	],
	"animations": []
}