﻿{
  "editor": {
    "allAngles": false,
    "entityTextureMode": true
  },
  "textureWidth": 12,
  "textureHeight": 12,
  "textureSizes": {
    "letter-envelope": [
      12,
      12
    ],
    "red": [
      32,
      32
    ],
    "green": [
      32,
      32
    ],
    "blue": [
      16,
      16
    ],
    "black": [
      32,
      32
    ],
    "uncolored": [
      32,
      32
    ],
    "seal-default": [
      16,
      16
    ]
  },
  "textures": {
    "seal-default": "seal-default",
    "letter-envelope": "letter-envelope",
    "uncolored": "uncoloreddark",
    "uncoloredimpression": "uncolored",
    //    "red": "red",
    "red": "reddark",
    "redimpression": "red",
    "green": "greendark",
    "greenimpression": "green",
    "blue": "bluedark",
    "blueimpression": "blue",
    "black": "blackdark",
    "blackimpression": "black"
  },
  "elements": [
    {
      "name": "origin",
      "from": [
        8.0,
        0.0,
        8.0
      ],
      "to": [
        8.0,
        0.0,
        8.0
      ],
      "uv": [
        0.0,
        0.0
      ],
      "rotationOrigin": [
        8.0,
        0.0,
        8.0
      ],
      "faces": {
      },
      "children": [
        {
          "name": "envelope",
          "from": [
            -5.0,
            0.1,
            -2.5
          ],
          "to": [
            5.0,
            0.6,
            2.5
          ],
          "autoUnwrap": false,
          "uv": [
            0.0,
            1.0
          ],
          "rotationOrigin": [
            0.0,
            0.1,
            0.0
          ],
          "rotationZ": -1.0,
          "faces": {
            "north": {
              "texture": "#letter-envelope",
              "uv": [
                0.0,
                11.5,
                10.0,
                12.0
              ],
              "windMode": [
                -1,
                -1,
                -1,
                -1
              ]
            },
            "east": {
              "texture": "#letter-envelope",
              "uv": [
                5.0,
                5.0,
                10.0,
                5.5
              ],
              "windMode": [
                -1,
                -1,
                -1,
                -1
              ]
            },
            "south": {
              "texture": "#letter-envelope",
              "uv": [
                0.0,
                11.0,
                10.0,
                11.5
              ],
              "windMode": [
                -1,
                -1,
                -1,
                -1
              ]
            },
            "west": {
              "texture": "#letter-envelope",
              "uv": [
                0.0,
                5.0,
                5.0,
                5.5
              ],
              "windMode": [
                -1,
                -1,
                -1,
                -1
              ]
            },
            "up": {
              "texture": "#letter-envelope",
              "uv": [
                0.0,
                0.0,
                10.0,
                5.0
              ]
            },
            "down": {
              "texture": "#letter-envelope",
              "uv": [
                0.0,
                5.5,
                10.0,
                10.5
              ],
              "windMode": [
                -1,
                -1,
                -1,
                -1
              ]
            }
          },
          "children": [
            {
              "name": "wax",
              "from": [
                3.95,
                0.5,
                2.55
              ],
              "to": [
                5.95,
                0.7,
                3.95
              ],
              "autoUnwrap": false,
              "uv": [
                0.0,
                4.0
              ],
              "rotationOrigin": [
                4.9,
                0.5,
                2.5
              ],
              "faces": {
                "north": {
                  "texture": "#seal-default",
                  "uv": [
                    0.0,
                    0.0,
                    2.0,
                    0.5
                  ],
                  "windMode": [
                    -1,
                    -1,
                    -1,
                    -1
                  ]
                },
                "east": {
                  "texture": "#seal-default",
                  "uv": [
                    0.0,
                    0.0,
                    1.0,
                    0.5
                  ],
                  "windMode": [
                    -1,
                    -1,
                    -1,
                    -1
                  ]
                },
                "south": {
                  "texture": "#seal-default",
                  "uv": [
                    1.0,
                    1.0,
                    3.0,
                    1.5
                  ],
                  "windMode": [
                    -1,
                    -1,
                    -1,
                    -1
                  ]
                },
                "west": {
                  "texture": "#seal-default",
                  "uv": [
                    3.0,
                    2.0,
                    4.0,
                    2.5
                  ]
                },
                "up": {
                  "texture": "#seal-default",
                  "uv": [
                    1.0,
                    1.0,
                    3.0,
                    2.0
                  ],
                  "windMode": [
                    -1,
                    -1,
                    -1,
                    -1
                  ]
                }
              }
            },
            {
              "name": "wax2",
              "from": [
                4.35,
                0.5,
                2.35
              ],
              "to": [
                5.55,
                0.69,
                4.15
              ],
              "autoUnwrap": false,
              "uv": [
                0.0,
                4.0
              ],
              "rotationOrigin": [
                5.0,
                0.5,
                2.2
              ],
              "faces": {
                "north": {
                  "texture": "#seal-default",
                  "uv": [
                    0.0,
                    0.0,
                    1.0,
                    0.5
                  ],
                  "windMode": [
                    -1,
                    -1,
                    -1,
                    -1
                  ]
                },
                "east": {
                  "texture": "#seal-default",
                  "uv": [
                    0.0,
                    0.0,
                    1.5,
                    0.5
                  ],
                  "windMode": [
                    -1,
                    -1,
                    -1,
                    -1
                  ]
                },
                "south": {
                  "texture": "#seal-default",
                  "uv": [
                    1.0,
                    1.0,
                    2.0,
                    1.5
                  ],
                  "windMode": [
                    -1,
                    -1,
                    -1,
                    -1
                  ]
                },
                "west": {
                  "texture": "#seal-default",
                  "uv": [
                    3.0,
                    2.0,
                    4.5,
                    2.5
                  ]
                },
                "up": {
                  "texture": "#seal-default",
                  "uv": [
                    1.0,
                    1.0,
                    2.0,
                    2.5
                  ],
                  "windMode": [
                    -1,
                    -1,
                    -1,
                    -1
                  ]
                }
              }
            }
          ]
        }
      ]
    }
  ]
}