{
	"code": "clothes",
	"class": "ItemWearable",
	"variantgroups": [
		{ "code": "category", "states": ["upperbody"] },
		{ "code": "upperbody", "onVariant": "category", "states": ["ball_gown"] },
		{ "code": "color", "states": ["white", "pink", "blue"] }
	],
	"shapeByType": {
		"*": { "base": "wearable/maid_dress" }
	},
	"storageFlags": 128,
	"attributes": {
		"clothescategory": "upperbody",
		"wearableAttachment": true
	},
	"attributesByType": {
		"*": { "warmth": 2 }
	},
	"texturesByType": {
		"*": {
			"seraph": { "base": "game:block/transparent" },
			"shirt": { "base": "wearable/upperbody/ball_gown/{color}"}
		}
	},
	"creativeinventory": {
		"servantattire": ["*"]
	},
	"renderAlphaTest": 0.25,
	"fpHandTransform": {
		"translation": { "x": 0.05, "y": -0.6, "z": 0.3 },
		"rotation": { "x": 180, "y": 150, "z": 180 },
		"scale": 2
	},
	"tpHandTransform": {
		"translation": { "x": 1.1, "y": -0.7, "z": 0.6 },
		"rotation": { "x": -71, "y": 180, "z": 83 },
		"origin": { "x": 0, "y": 0, "z": 0 },
		"scale": 0.55
	},
	"guiTransform": {
		"translation": { "x": 0, "y": -1, "z": 0 },
		"rotation": { "x": -178, "y": -65, "z": 10 },
		"origin": { "x": 0.9, "y": 1.2, "z": 0.7 },
		"scale": 2.1
	}
}