{
	"code": "clothes",
	"class": "ItemWearable",
	"variantgroups": [
		{ "code": "category", "states": ["head"] },
		{ "code": "head", "onVariant": "category", "states": ["maid_bonnet"] }
	],
	"shapeByType": {
		"*": { "base": "wearable/maid_bonnet" }
	},
	"storageFlags": 128,
	"attributes": {
		"clothescategory": "head",
		"wearableAttachment": true
	},
	"texturesByType": {
		"*": {
			"seraph": { "base": "game:block/transparent" },
			"maid_bonnet": { "base": "wearable/head/maid_bonnet" }
		}
	},
	"creativeinventory": {
		"servantattire": ["*"]
	},
	"renderAlphaTest": 0.25,
	"fpHandTransform": {
		"translation": { "x": -0.25, "y": -0.1, "z": 0.5 },
		"rotation": { "x": 180, "y": 159, "z": 150 },
		"scale": 2
	},
	"tpHandTransform": {
		"translation": { "x": 0.5, "y": -0.95, "z": 1.75 },
		"rotation": { "x": -15, "y": 90, "z": 70 },
		"origin": {"x": 0, "y": 0, "z": 0},
		"scale": 0.75
	},
	"guiTransform": {
		"translation": { "x": 2, "y": 1, "z": 100 },
		"rotation": { "x": -21, "y": -46, "z": 180 },
		"origin": {"x": -0.05, "y": 2.1, "z": 1 },
		"scaleXyz": { x: -1.65, y: 1.65, z: 1.65 }
	},
}