[
  
 
  
  {
    "op": "addeach",
	"path": "/ingredients/4/validStacks/-",
	"value": [
        {
          "type": "item",
          "code": "farmcrops:vegetable-*",
          "shapeElement": "game:bowl/vegetable 1/*"
        },
		{
          "type": "item",
          "code": "farmcrops:pickledvegetable-*",
          "shapeElement": "game:bowl/vegetable 1/*"
        },
		  {
          "type": "item",
          "code": "farmcrops:choppedvegetable-*",
          "shapeElement": "game:bowl/vegetable 1/*"
        }
      ],
    "side": "server",
    "file": "recipes/cooking/meatystew.json"
  },
  {
    "op": "addeach",
	"path": "/ingredients/9/validStacks/-",
	"value": [{
          "type": "item",
          "code": "farmcrops:breadcrumbs-*"
        }
      ],
    "side": "server",
    "file": "recipes/cooking/meatystew.json",
    "dependsOn": [{ "modid": "expandedfoods" }]
  },
  {
    "op": "addeach",
	"path": "/ingredients/4/validStacks/-",
	"value": [
		    {
          "type": "item",
          "code": "farmcrops:choppedvegetable-*",
          "shapeElement": "game:bowl/vegetable 1/*"
        }
      ],
    "side": "server",
    "dependsOn": [{ "modid": "expandedfoods" }],
    "file": "recipes/cooking/meatystew.json"
  },
  {
    "op": "addeach",
	"path": "/ingredients/5/validStacks/-",
	"value": [
        {
          "type": "item",
          "code": "farmcrops:vegetable-*",
          "shapeElement": "game:bowl/vegetable 2/*"
        },
		{
          "type": "item",
          "code": "farmcrops:pickledvegetable-*",
          "shapeElement": "game:bowl/vegetable 2/*"
        }
      ],
    "side": "server",
    "file": "recipes/cooking/meatystew.json"
  },
  {
    "op": "addeach",
	"path": "/ingredients/5/validStacks/-",
	"value": [
		    {
          "type": "item",
          "code": "farmcrops:choppedvegetable-*",
          "shapeElement": "game:bowl/vegetable 1/*"
        }
      ],
    "side": "server",
    "dependsOn": [{ "modid": "expandedfoods" }],
    "file": "recipes/cooking/meatystew.json"
  }
]