[

    {
        "op": "addeach",
        "path": "/ingredients/0/validStacks/-",
        "value": [

          { "type": "item", "code": "farmcrops:resourcecrop-sugarbeet", "shapeElement": "bowl/vegetable 1/*" },
          { "type": "block", "code": "farmcrops:sugarcane",  "shapeElement": "bowl/vegetable 1/*" },
  
          { "type": "item", "code": "farmcrops:choppedvegetable-beet",  "shapeElement": "bowl/vegetable 1/*", "textureMapping": ["vegetable", "beet"]},
          { "type": "item", "code": "farmcrops:choppedvegetable-pickledbeet",  "shapeElement": "bowl/vegetable 1/*", "textureMapping": ["vegetable", "beet"]},
          { "type": "item", "code": "farmcrops:choppedvegetable-cauliflower",  "shapeElement": "bowl/vegetable 1/*", "textureMapping": ["vegetable", "cauliflower"]},
          { "type": "item", "code": "farmcrops:choppedvegetable-pickledcauliflower",  "shapeElement": "bowl/vegetable 1/*", "textureMapping": ["vegetable", "cauliflower"]},
          { "type": "item", "code": "farmcrops:choppedvegetable-corn",  "shapeElement": "bowl/vegetable 1/*", "textureMapping": ["vegetable", "corn"]},
        
          { "type": "item", "code": "farmcrops:choppedvegetable-eggplant",  "shapeElement": "bowl/vegetable 1/*", "textureMapping": ["vegetable", "group5"]},
          { "type": "item", "code": "farmcrops:choppedvegetable-pickledeggplant",  "shapeElement": "bowl/vegetable 1/*", "textureMapping": ["vegetable", "group5"]},
          { "type": "item", "code": "farmcrops:choppedvegetable-jalapeno",  "shapeElement": "bowl/vegetable 1/*", "textureMapping": ["vegetable", "jalapeno"]},
          { "type": "item", "code": "farmcrops:choppedvegetable-pickledjalapeno",  "shapeElement": "bowl/vegetable 1/*", "textureMapping": ["vegetable", "jalapeno"]},
          { "type": "item", "code": "farmcrops:choppedvegetable-potato",  "shapeElement": "bowl/vegetable 1/*", "textureMapping": ["vegetable", "group6"]},
          { "type": "item", "code": "farmcrops:choppedvegetable-pickledpotato",  "shapeElement": "bowl/vegetable 1/*", "textureMapping": ["vegetable", "group6"]},
          { "type": "item", "code": "farmcrops:choppedvegetable-yam",  "shapeElement": "bowl/vegetable 1/*", "textureMapping": ["vegetable", "group1"]},
          { "type": "item", "code": "farmcrops:choppedvegetable-pickledyam",  "shapeElement": "bowl/vegetable 1/*", "textureMapping": ["vegetable", "group1"]}
  
          ],
        "file": "expandedfoods:recipes/mixing/salad.json",
        "side": "server",
        "dependsOn": [{ "modid": "expandedfoods" }]
      },

      
      {
        "op": "addeach",
        "path": "/ingredients/1/validStacks/-",
        "value": [

          { "type": "item", "code": "farmcrops:resourcecrop-sugarbeet", "shapeElement": "bowl/vegetable 2/*" },
          { "type": "block", "code": "farmcrops:sugarcane",  "shapeElement": "bowl/vegetable 2/*" },
     
          { "type": "item", "code": "farmcrops:choppedvegetable-beet",  "shapeElement": "bowl/vegetable 2/*", "textureMapping": ["vegetable", "beet"]},
          { "type": "item", "code": "farmcrops:choppedvegetable-pickledbeet",  "shapeElement": "bowl/vegetable 2/*", "textureMapping": ["vegetable", "beet"]},
          { "type": "item", "code": "farmcrops:choppedvegetable-cauliflower",  "shapeElement": "bowl/vegetable 2/*", "textureMapping": ["vegetable", "cauliflower"]},
          { "type": "item", "code": "farmcrops:choppedvegetable-pickledcauliflower",  "shapeElement": "bowl/vegetable 2/*", "textureMapping": ["vegetable", "cauliflower"]},
          { "type": "item", "code": "farmcrops:choppedvegetable-corn",  "shapeElement": "bowl/vegetable 2/*", "textureMapping": ["vegetable", "corn"]},
        
          { "type": "item", "code": "farmcrops:choppedvegetable-eggplant",  "shapeElement": "bowl/vegetable 2/*", "textureMapping": ["vegetable", "group5"]},
          { "type": "item", "code": "farmcrops:choppedvegetable-pickledeggplant",  "shapeElement": "bowl/vegetable 2/*", "textureMapping": ["vegetable", "group5"]},
          { "type": "item", "code": "farmcrops:choppedvegetable-jalapeno",  "shapeElement": "bowl/vegetable 2/*", "textureMapping": ["vegetable", "jalapeno"]},
          { "type": "item", "code": "farmcrops:choppedvegetable-pickledjalapeno",  "shapeElement": "bowl/vegetable 2/*", "textureMapping": ["vegetable", "jalapeno"]},
          { "type": "item", "code": "farmcrops:choppedvegetable-potato",  "shapeElement": "bowl/vegetable 2/*", "textureMapping": ["vegetable", "group6"]},
          { "type": "item", "code": "farmcrops:choppedvegetable-pickledpotato",  "shapeElement": "bowl/vegetable 2/*", "textureMapping": ["vegetable", "group6"]},
          { "type": "item", "code": "farmcrops:choppedvegetable-yam",  "shapeElement": "bowl/vegetable 2/*", "textureMapping": ["vegetable", "group1"]},
          { "type": "item", "code": "farmcrops:choppedvegetable-pickledyam",  "shapeElement": "bowl/vegetable 2/*", "textureMapping": ["vegetable", "group1"]},
          

          ],
          "file": "expandedfoods:recipes/mixing/salad.json",
          "side": "server",
          "dependsOn": [{ "modid": "expandedfoods" }]
        },
      
    {
        "op": "addeach",
        "path": "/ingredients/2/validStacks/-",
        "value": [

          { "type": "item", "code": "farmcrops:resourcecrop-sugarbeet", "shapeElement": "bowl/vegetable 3/*" },
          { "type": "block", "code": "farmcrops:sugarcane",  "shapeElement": "bowl/vegetable 3/*" },
     
          { "type": "item", "code": "farmcrops:choppedvegetable-beet",  "shapeElement": "bowl/vegetable 3/*", "textureMapping": ["vegetable", "beet"]},
          { "type": "item", "code": "farmcrops:choppedvegetable-pickledbeet",  "shapeElement": "bowl/vegetable 3/*", "textureMapping": ["vegetable", "beet"]},
          { "type": "item", "code": "farmcrops:choppedvegetable-cauliflower",  "shapeElement": "bowl/vegetable 3/*", "textureMapping": ["vegetable", "cauliflower"]},
          { "type": "item", "code": "farmcrops:choppedvegetable-pickledcauliflower",  "shapeElement": "bowl/vegetable 3/*", "textureMapping": ["vegetable", "cauliflower"]},
          { "type": "item", "code": "farmcrops:choppedvegetable-corn",  "shapeElement": "bowl/vegetable 3/*", "textureMapping": ["vegetable", "corn"]},
        
          { "type": "item", "code": "farmcrops:choppedvegetable-eggplant",  "shapeElement": "bowl/vegetable 3/*", "textureMapping": ["vegetable", "group5"]},
          { "type": "item", "code": "farmcrops:choppedvegetable-pickledeggplant",  "shapeElement": "bowl/vegetable 3/*", "textureMapping": ["vegetable", "group5"]},
          { "type": "item", "code": "farmcrops:choppedvegetable-jalapeno",  "shapeElement": "bowl/vegetable 3/*", "textureMapping": ["vegetable", "jalapeno"]},
          { "type": "item", "code": "farmcrops:choppedvegetable-pickledjalapeno",  "shapeElement": "bowl/vegetable 3/*", "textureMapping": ["vegetable", "jalapeno"]},
          { "type": "item", "code": "farmcrops:choppedvegetable-potato",  "shapeElement": "bowl/vegetable 3/*", "textureMapping": ["vegetable", "group6"]},
          { "type": "item", "code": "farmcrops:choppedvegetable-pickledpotato",  "shapeElement": "bowl/vegetable 3/*", "textureMapping": ["vegetable", "group6"]},
          { "type": "item", "code": "farmcrops:choppedvegetable-yam",  "shapeElement": "bowl/vegetable 3/*", "textureMapping": ["vegetable", "group1"]},
          { "type": "item", "code": "farmcrops:choppedvegetable-pickledyam",  "shapeElement": "bowl/vegetable 3/*", "textureMapping": ["vegetable", "group1"]},
          
          { "type": "item", "code": "farmcrops:breadedvegetable-oat-*-partbaked",  "shapeElement": "bowl/vegetable 3/*", "textureMapping": ["vegetable", "breading-oat-partbaked"]},
          { "type": "item", "code": "farmcrops:breadedvegetable-oat-*-cooked",  "shapeElement": "bowl/vegetable 3/*", "textureMapping": ["vegetable", "breading-oat"]},
          { "type": "item", "code": "farmcrops:breadedvegetable-oat-*-charred",  "shapeElement": "bowl/vegetable 3/*", "textureMapping": ["vegetable", "breading-oat-charred"]},
          { "type": "item", "code": "farmcrops:breadedvegetable-oat-*-syruppartbaked",  "shapeElement": "bowl/vegetable 3/*", "textureMapping": ["vegetable", "breading-oat-syrup"]},
          { "type": "item", "code": "farmcrops:breadedvegetable-oat-*-syrupv",  "shapeElement": "bowl/vegetable 3/*", "textureMapping": ["vegetable", "breading-oat-syrup"]},
          { "type": "item", "code": "farmcrops:breadedvegetable-oat-*-syrupcharred",  "shapeElement": "bowl/vegetable 3/*", "textureMapping": ["vegetable", "breading-oat-syrup"]},
          { "type": "item", "code": "farmcrops:breadedvegetable-corn-*-partbaked",  "shapeElement": "bowl/vegetable 3/*", "textureMapping": ["vegetable", "breading-corn-partbaked"]},
          { "type": "item", "code": "farmcrops:breadedvegetable-corn-*-cooked",  "shapeElement": "bowl/vegetable 3/*", "textureMapping": ["vegetable", "breading-corn"]},
          { "type": "item", "code": "farmcrops:breadedvegetable-corn-*-charred",  "shapeElement": "bowl/vegetable 3/*", "textureMapping": ["vegetable", "breading-corn-charred"]},
          { "type": "item", "code": "farmcrops:breadedvegetable-corn-*-syruppartbaked",  "shapeElement": "bowl/vegetable 3/*", "textureMapping": ["vegetable", "breading-corn-syrup"]},
          { "type": "item", "code": "farmcrops:breadedvegetable-corn-*-syrupv",  "shapeElement": "bowl/vegetable 3/*", "textureMapping": ["vegetable", "breading-corn-syrup"]},
          { "type": "item", "code": "farmcrops:breadedvegetable-corn-*-syrupcharred",  "shapeElement": "bowl/vegetable 3/*", "textureMapping": ["vegetable", "breading-corn-syrup"]},

            
          { "type": "item", "code": "farmcrops:breadedmushroom-oat-partbaked",  "shapeElement": "bowl/vegetable 3/*", "textureMapping": ["vegetable", "breading-oat-partbaked"]},
          { "type": "item", "code": "farmcrops:breadedmushroom-oat-cooked",  "shapeElement": "bowl/vegetable 3/*", "textureMapping": ["vegetable", "breading-oat"]},
          { "type": "item", "code": "farmcrops:breadedmushroom-oat-charred",  "shapeElement": "bowl/vegetable 3/*", "textureMapping": ["vegetable", "breading-oat-charred"]},
          { "type": "item", "code": "farmcrops:breadedmushroom-oat-syruppartbaked",  "shapeElement": "bowl/vegetable 3/*", "textureMapping": ["vegetable", "breading-oat-syrup"]},
          { "type": "item", "code": "farmcrops:breadedmushroom-oat-syrup",  "shapeElement": "bowl/vegetable 3/*", "textureMapping": ["vegetable", "breading-oat-syrup"]},
          { "type": "item", "code": "farmcrops:breadedmushroom-oat-syrupcharred",  "shapeElement": "bowl/vegetable 3/*", "textureMapping": ["vegetable", "breading-oat-syrup"]},
          { "type": "item", "code": "farmcrops:breadedmushroom-corn-partbaked",  "shapeElement": "bowl/vegetable 3/*", "textureMapping": ["vegetable", "breading-corn-partbaked"]},
          { "type": "item", "code": "farmcrops:breadedmushroom-corn-cooked",  "shapeElement": "bowl/vegetable 3/*", "textureMapping": ["vegetable", "breading-corn"]},
          { "type": "item", "code": "farmcrops:breadedmushroom-corn-charred",  "shapeElement": "bowl/vegetable 3/*", "textureMapping": ["vegetable", "breading-corn-charred"]},
          { "type": "item", "code": "farmcrops:breadedmushroom-corn-syruppartbaked",  "shapeElement": "bowl/vegetable 3/*", "textureMapping": ["vegetable", "breading-corn-syrup"]},
          { "type": "item", "code": "farmcrops:breadedmushroom-corn-syrup",  "shapeElement": "bowl/vegetable 3/*", "textureMapping": ["vegetable", "breading-corn-syrup"]},
          { "type": "item", "code": "farmcrops:breadedmushroom-corn-syrupcharred",  "shapeElement": "bowl/vegetable 3/*", "textureMapping": ["vegetable", "breading-corn-syrup"]}



          ],
          "file": "expandedfoods:recipes/mixing/salad.json",
          "side": "server",
          "dependsOn": [{ "modid": "expandedfoods" }]
        },

        {
            "op": "addeach",
            "path": "/ingredients/3/validStacks/-",
            "value": [
        
              { "type": "item", "code": "farmcrops:resourcecrop-sugarbeet", "shapeElement": "bowl/vegetable 4/*" },
              { "type": "block", "code": "farmcrops:sugarcane",  "shapeElement": "bowl/vegetable 4/*" },
         
              { "type": "item", "code": "farmcrops:choppedvegetable-beet",  "shapeElement": "bowl/vegetable 4/*", "textureMapping": ["vegetable", "beet"]},
              { "type": "item", "code": "farmcrops:choppedvegetable-pickledbeet",  "shapeElement": "bowl/vegetable 4/*", "textureMapping": ["vegetable", "beet"]},
              { "type": "item", "code": "farmcrops:choppedvegetable-cauliflower",  "shapeElement": "bowl/vegetable 4/*", "textureMapping": ["vegetable", "cauliflower"]},
              { "type": "item", "code": "farmcrops:choppedvegetable-pickledcauliflower",  "shapeElement": "bowl/vegetable 4/*", "textureMapping": ["vegetable", "cauliflower"]},
              { "type": "item", "code": "farmcrops:choppedvegetable-corn",  "shapeElement": "bowl/vegetable 4/*", "textureMapping": ["vegetable", "corn"]},
            
              { "type": "item", "code": "farmcrops:choppedvegetable-eggplant",  "shapeElement": "bowl/vegetable 4/*", "textureMapping": ["vegetable", "group5"]},
              { "type": "item", "code": "farmcrops:choppedvegetable-pickledeggplant",  "shapeElement": "bowl/vegetable 4/*", "textureMapping": ["vegetable", "group5"]},
              { "type": "item", "code": "farmcrops:choppedvegetable-jalapeno",  "shapeElement": "bowl/vegetable 4/*", "textureMapping": ["vegetable", "jalapeno"]},
              { "type": "item", "code": "farmcrops:choppedvegetable-pickledjalapeno",  "shapeElement": "bowl/vegetable 4/*", "textureMapping": ["vegetable", "jalapeno"]},
              { "type": "item", "code": "farmcrops:choppedvegetable-potato",  "shapeElement": "bowl/vegetable 4/*", "textureMapping": ["vegetable", "group6"]},
              { "type": "item", "code": "farmcrops:choppedvegetable-pickledpotato",  "shapeElement": "bowl/vegetable 4/*", "textureMapping": ["vegetable", "group6"]},
              { "type": "item", "code": "farmcrops:choppedvegetable-yam",  "shapeElement": "bowl/vegetable 4/*", "textureMapping": ["vegetable", "group1"]},
              { "type": "item", "code": "farmcrops:choppedvegetable-pickledyam",  "shapeElement": "bowl/vegetable 4/*", "textureMapping": ["vegetable", "group1"]},
              
              { "type": "item", "code": "farmcrops:breadedvegetable-oat-*-partbaked",  "shapeElement": "bowl/vegetable 4/*", "textureMapping": ["vegetable", "breading-oat-partbaked"]},
              { "type": "item", "code": "farmcrops:breadedvegetable-oat-*-cooked",  "shapeElement": "bowl/vegetable 4/*", "textureMapping": ["vegetable", "breading-oat"]},
              { "type": "item", "code": "farmcrops:breadedvegetable-oat-*-charred",  "shapeElement": "bowl/vegetable 4/*", "textureMapping": ["vegetable", "breading-oat-charred"]},
              { "type": "item", "code": "farmcrops:breadedvegetable-oat-*-syruppartbaked",  "shapeElement": "bowl/vegetable 4/*", "textureMapping": ["vegetable", "breading-oat-syrup"]},
              { "type": "item", "code": "farmcrops:breadedvegetable-oat-*-syrupv",  "shapeElement": "bowl/vegetable 4/*", "textureMapping": ["vegetable", "breading-oat-syrup"]},
              { "type": "item", "code": "farmcrops:breadedvegetable-oat-*-syrupcharred",  "shapeElement": "bowl/vegetable 4/*", "textureMapping": ["vegetable", "breading-oat-syrup"]},
              { "type": "item", "code": "farmcrops:breadedvegetable-corn-*-partbaked",  "shapeElement": "bowl/vegetable 4/*", "textureMapping": ["vegetable", "breading-corn-partbaked"]},
              { "type": "item", "code": "farmcrops:breadedvegetable-corn-*-cooked",  "shapeElement": "bowl/vegetable 4/*", "textureMapping": ["vegetable", "breading-corn"]},
              { "type": "item", "code": "farmcrops:breadedvegetable-corn-*-charred",  "shapeElement": "bowl/vegetable 4/*", "textureMapping": ["vegetable", "breading-corn-charred"]},
              { "type": "item", "code": "farmcrops:breadedvegetable-corn-*-syruppartbaked",  "shapeElement": "bowl/vegetable 4/*", "textureMapping": ["vegetable", "breading-corn-syrup"]},
              { "type": "item", "code": "farmcrops:breadedvegetable-corn-*-syrupv",  "shapeElement": "bowl/vegetable 4/*", "textureMapping": ["vegetable", "breading-corn-syrup"]},
              { "type": "item", "code": "farmcrops:breadedvegetable-corn-*-syrupcharred",  "shapeElement": "bowl/vegetable 4/*", "textureMapping": ["vegetable", "breading-corn-syrup"]},
    
                
              { "type": "item", "code": "farmcrops:breadedmushroom-oat-partbaked",  "shapeElement": "bowl/vegetable 4/*", "textureMapping": ["vegetable", "breading-oat-partbaked"]},
              { "type": "item", "code": "farmcrops:breadedmushroom-oat-cooked",  "shapeElement": "bowl/vegetable 4/*", "textureMapping": ["vegetable", "breading-oat"]},
              { "type": "item", "code": "farmcrops:breadedmushroom-oat-charred",  "shapeElement": "bowl/vegetable 4/*", "textureMapping": ["vegetable", "breading-oat-charred"]},
              { "type": "item", "code": "farmcrops:breadedmushroom-oat-syruppartbaked",  "shapeElement": "bowl/vegetable 4/*", "textureMapping": ["vegetable", "breading-oat-syrup"]},
              { "type": "item", "code": "farmcrops:breadedmushroom-oat-syrup",  "shapeElement": "bowl/vegetable 4/*", "textureMapping": ["vegetable", "breading-oat-syrup"]},
              { "type": "item", "code": "farmcrops:breadedmushroom-oat-syrupcharred",  "shapeElement": "bowl/vegetable 4/*", "textureMapping": ["vegetable", "breading-oat-syrup"]},
              { "type": "item", "code": "farmcrops:breadedmushroom-corn-partbaked",  "shapeElement": "bowl/vegetable 4/*", "textureMapping": ["vegetable", "breading-corn-partbaked"]},
              { "type": "item", "code": "farmcrops:breadedmushroom-corn-cooked",  "shapeElement": "bowl/vegetable 4/*", "textureMapping": ["vegetable", "breading-corn"]},
              { "type": "item", "code": "farmcrops:breadedmushroom-corn-charred",  "shapeElement": "bowl/vegetable 4/*", "textureMapping": ["vegetable", "breading-corn-charred"]},
              { "type": "item", "code": "farmcrops:breadedmushroom-corn-syruppartbaked",  "shapeElement": "bowl/vegetable 4/*", "textureMapping": ["vegetable", "breading-corn-syrup"]},
              { "type": "item", "code": "farmcrops:breadedmushroom-corn-syrup",  "shapeElement": "bowl/vegetable 4/*", "textureMapping": ["vegetable", "breading-corn-syrup"]},
              { "type": "item", "code": "farmcrops:breadedmushroom-corn-syrupcharred",  "shapeElement": "bowl/vegetable 4/*", "textureMapping": ["vegetable", "breading-corn-syrup"]}
    
    
    
              ],
              "file": "expandedfoods:recipes/mixing/salad.json",
              "side": "server",
              "dependsOn": [{ "modid": "expandedfoods" }]
            },

        
            {
                "op": "addeach",
                "path": "/ingredients/5/validStacks/-",
                "value": [
            
                    { "type": "item", "code": "farmcrops:breadedmeatnugget-corn-bushmeat-syruppartbaked",  "shapeElement": "bowl/red meat/*", "textureMapping": ["meat", "breading-corn-syrup"]  },
                    { "type": "item", "code": "farmcrops:breadedmeatnugget-oat-bushmeat-syruppartbaked",  "shapeElement": "bowl/red meat/*", "textureMapping": ["meat", "breading-oat-syrup"]  },
                    { "type": "item", "code": "farmcrops:breadedmeatnugget-corn-redmeat-syruppartbaked",  "shapeElement": "bowl/red meat/*", "textureMapping": ["meat", "breading-corn-syrup"]  },
                    { "type": "item", "code": "farmcrops:breadedmeatnugget-oat-redmeat-syruppartbaked",  "shapeElement": "bowl/red meat/*", "textureMapping": ["meat", "breading-oat-syrup"]  },
                    { "type": "item", "code": "farmcrops:breadedmeatnugget-corn-poultry-syruppartbaked",  "shapeElement": "bowl/poultry/*", "textureMapping": ["meat", "breading-corn-syrup"]  },
                    { "type": "item", "code": "farmcrops:breadedmeatnugget-oat-poultry-syruppartbaked",  "shapeElement": "bowl/poultry/*", "textureMapping": ["meat", "breading-oat-syrup"]  },
                    { "type": "item", "code": "farmcrops:breadedmeatnugget-corn-bushmeat-syrup",  "shapeElement": "bowl/red meat/*", "textureMapping": ["meat", "breading-corn-syrup"]  },
                    { "type": "item", "code": "farmcrops:breadedmeatnugget-oat-bushmeat-syrup",  "shapeElement": "bowl/red meat/*", "textureMapping": ["meat", "breading-oat-syrup"]  },
                    { "type": "item", "code": "farmcrops:breadedmeatnugget-corn-redmeat-syrup",  "shapeElement": "bowl/red meat/*", "textureMapping": ["meat", "breading-corn-syrup"]  },
                    { "type": "item", "code": "farmcrops:breadedmeatnugget-oat-redmeat-syrup",  "shapeElement": "bowl/red meat/*", "textureMapping": ["meat", "breading-oat-syrup"]  },
                    { "type": "item", "code": "farmcrops:breadedmeatnugget-corn-poultry-syrup",  "shapeElement": "bowl/poultry/*", "textureMapping": ["meat", "breading-corn-syrup"]  },
                    { "type": "item", "code": "farmcrops:breadedmeatnugget-oat-poultry-syrup",  "shapeElement": "bowl/poultry/*", "textureMapping": ["meat", "breading-oat-syrup"]  },
                    { "type": "item", "code": "farmcrops:breadedmeatnugget-corn-bushmeat-syrupcharred",  "shapeElement": "bowl/red meat/*", "textureMapping": ["meat", "breading-corn-syrup"]  },
                    { "type": "item", "code": "farmcrops:breadedmeatnugget-oat-bushmeat-syrupcharred",  "shapeElement": "bowl/red meat/*", "textureMapping": ["meat", "breading-oat-syrup"]  },
                    { "type": "item", "code": "farmcrops:breadedmeatnugget-corn-redmeat-syrupcharred",  "shapeElement": "bowl/red meat/*", "textureMapping": ["meat", "breading-corn-syrup"]  },
                    { "type": "item", "code": "farmcrops:breadedmeatnugget-oat-redmeat-syrupcharred",  "shapeElement": "bowl/red meat/*", "textureMapping": ["meat", "breading-oat-syrup"]  },
                    { "type": "item", "code": "farmcrops:breadedmeatnugget-corn-poultry-syrupcharred",  "shapeElement": "bowl/poultry/*", "textureMapping": ["meat", "breading-corn-syrup"]  },
                    { "type": "item", "code": "farmcrops:breadedmeatnugget-oat-poultry-syrupcharred",  "shapeElement": "bowl/poultry/*", "textureMapping": ["meat", "breading-oat-syrup"]  },
                    { "type": "item", "code": "farmcrops:breadedmeatnugget-corn-bushmeat-partbaked",  "shapeElement": "bowl/red meat/*", "textureMapping": ["meat", "breading-corn-partbaked"]  },
                    { "type": "item", "code": "farmcrops:breadedmeatnugget-oat-bushmeat-partbaked",  "shapeElement": "bowl/red meat/*", "textureMapping": ["meat", "breading-oat-partbaked"]  },
                    { "type": "item", "code": "farmcrops:breadedmeatnugget-corn-redmeat-partbaked",  "shapeElement": "bowl/red meat/*", "textureMapping": ["meat", "breading-corn-partbaked"]  },
                    { "type": "item", "code": "farmcrops:breadedmeatnugget-oat-redmeat-partbaked",  "shapeElement": "bowl/red meat/*", "textureMapping": ["meat", "breading-oat-partbaked"]  },
                    { "type": "item", "code": "farmcrops:breadedmeatnugget-corn-poultry-partbaked",  "shapeElement": "bowl/poultry/*", "textureMapping": ["meat", "breading-corn-partbaked"]  },
                    { "type": "item", "code": "farmcrops:breadedmeatnugget-oat-poultry-partbaked",  "shapeElement": "bowl/poultry/*", "textureMapping": ["meat", "breading-oat-partbaked"]  },
                    { "type": "item", "code": "farmcrops:breadedmeatnugget-corn-bushmeat-tender",  "shapeElement": "bowl/red meat/*", "textureMapping": ["meat", "breading-corn"]  },
                    { "type": "item", "code": "farmcrops:breadedmeatnugget-oat-bushmeat-tender",  "shapeElement": "bowl/red meat/*", "textureMapping": ["meat", "breading-oat"]  },
                    { "type": "item", "code": "farmcrops:breadedmeatnugget-corn-redmeat-tender",  "shapeElement": "bowl/red meat/*", "textureMapping": ["meat", "breading-corn"]  },
                    { "type": "item", "code": "farmcrops:breadedmeatnugget-oat-redmeat-tender",  "shapeElement": "bowl/red meat/*", "textureMapping": ["meat", "breading-oat"]  },
                    { "type": "item", "code": "farmcrops:breadedmeatnugget-corn-poultry-tender",  "shapeElement": "bowl/poultry/*", "textureMapping": ["meat", "breading-corn"]  },
                    { "type": "item", "code": "farmcrops:breadedmeatnugget-oat-poultry-tender",  "shapeElement": "bowl/poultry/*", "textureMapping": ["meat", "breading-oat"]  },
                    { "type": "item", "code": "farmcrops:breadedmeatnugget-corn-bushmeat-charred",  "shapeElement": "bowl/red meat/*", "textureMapping": ["meat", "breading-corn-charred"]  },
                    { "type": "item", "code": "farmcrops:breadedmeatnugget-oat-bushmeat-charred",  "shapeElement": "bowl/red meat/*", "textureMapping": ["meat", "breading-oat-charred"]  },
                    { "type": "item", "code": "farmcrops:breadedmeatnugget-corn-redmeat-charred",  "shapeElement": "bowl/red meat/*", "textureMapping": ["meat", "breading-corn-charred"]  },
                    { "type": "item", "code": "farmcrops:breadedmeatnugget-oat-redmeat-charred",  "shapeElement": "bowl/red meat/*", "textureMapping": ["meat", "breading-oat-charred"]  },
                    { "type": "item", "code": "farmcrops:breadedmeatnugget-corn-poultry-charred",  "shapeElement": "bowl/poultry/*", "textureMapping": ["meat", "breading-corn-charred"]  },
                    { "type": "item", "code": "farmcrops:breadedmeatnugget-oat-poultry-charred",  "shapeElement": "bowl/poultry/*", "textureMapping": ["meat", "breading-oat-charred"]  },
                    { "type": "item", "code": "farmcrops:breadedfishnugget-corn-syruppartbaked",  "shapeElement": "bowl/fish/*", "textureMapping": ["normal", "breading-corn-syrup"]  }, 
                    { "type": "item", "code": "farmcrops:breadedfishnugget-oat-syruppartbaked",  "shapeElement": "bowl/fish/*", "textureMapping": ["normal", "breading-oat-syrup"]  }, 
                    { "type": "item", "code": "farmcrops:breadedfishnugget-corn-syrup",  "shapeElement": "bowl/fish/*", "textureMapping": ["normal", "breading-corn-syrup"]  }, 
                    { "type": "item", "code": "farmcrops:breadedfishnugget-oat-syrup",  "shapeElement": "bowl/fish/*", "textureMapping": ["normal", "breading-oat-syrup"]  }, 
                    { "type": "item", "code": "farmcrops:breadedfishnugget-corn-syrupcharred",  "shapeElement": "bowl/fish/*", "textureMapping": ["normal", "breading-corn-syrup"]  }, 
                    { "type": "item", "code": "farmcrops:breadedfishnugget-oat-syrupcharred",  "shapeElement": "bowl/fish/*", "textureMapping": ["normal", "breading-oat-syrup"]  }, 
                    { "type": "item", "code": "farmcrops:breadedfishnugget-corn-partbaked",  "shapeElement": "bowl/fish/*", "textureMapping": ["normal", "breading-corn-partbaked"]  }, 
                    { "type": "item", "code": "farmcrops:breadedfishnugget-oat-partbaked",  "shapeElement": "bowl/fish/*", "textureMapping": ["normal", "breading-oat-partbaked"]  }, 
                    { "type": "item", "code": "farmcrops:breadedfishnugget-corn-tender",  "shapeElement": "bowl/fish/*", "textureMapping": ["normal", "breading-corn"]  }, 
                    { "type": "item", "code": "farmcrops:breadedfishnugget-oat-tender",  "shapeElement": "bowl/fish/*", "textureMapping": ["normal", "breading-oat"]  }, 
                    { "type": "item", "code": "farmcrops:breadedfishnugget-corn-charred",  "shapeElement": "bowl/fish/*", "textureMapping": ["normal", "breading-corn-charred"]  }, 
                    { "type": "item", "code": "farmcrops:breadedfishnugget-oat-charred",  "shapeElement": "bowl/fish/*", "textureMapping": ["normal", "breading-oat-charred"]  }
                    
                  ],
                  "file": "expandedfoods:recipes/mixing/salad.json",
                  "side": "server",
                  "dependsOn": [{ "modid": "expandedfoods" }]
                },

        {
        "op": "addeach",
        "path": "/ingredients/8/validStacks/-",
        "value": [
            { "type": "item", "code": "farmcrops:syrup-*",  "shapeElement": "bowl/topping/*", "textureMapping": ["topping", "peachsyrup"] }, 
            { "type": "item", "code": "farmcrops:foodoilportion-*",  "shapeElement": "bowl/topping/*", "textureMapping": ["topping", "foodoil"] }
        ],			
        "file": "expandedfoods:recipes/mixing/salad.json",
        "side": "server",
        "dependsOn": [{ "modid": "expandedfoods" }]
        },

        {
            "op": "addeach",
            "path": "/ingredients/11/validStacks/-",
            "value": [
    
                { "type": "item", "code": "farmcrops:breadcrumbs-*"},
                { "type": "item", "code": "farmcrops:grain-oat"},
                { "type": "item", "code": "farmcrops:cookedchoppedvegetable-corn-*"}
       
            ],			
            "file": "expandedfoods:recipes/mixing/salad.json",
            "side": "server",
            "dependsOn": [{ "modid": "expandedfoods" }]
            },


        {
            "op": "addeach",
            "path": "/ingredients/12/validStacks/-",
            "value": [
        
                { "type": "item", "code": "farmcrops:breadedball-oat-partbaked", "shapeElement": "bowl/meatnugget 1/*", "textureMapping": ["meatnugget", "breading-oat-partbaked"] },
                { "type": "item", "code": "farmcrops:breadedball-oat-cooked", "shapeElement": "bowl/meatnugget 1/*", "textureMapping": ["meatnugget", "breading-oat"] },
                { "type": "item", "code": "farmcrops:breadedball-oat-charred", "shapeElement": "bowl/meatnugget 1/*", "textureMapping": ["meatnugget", "breading-oat-charred"] },
                { "type": "item", "code": "farmcrops:breadedball-oat-syruppartbaked", "shapeElement": "bowl/meatnugget 1/*", "textureMapping": ["meatnugget", "breading-oat-syrup"] },
                { "type": "item", "code": "farmcrops:breadedball-oat-syrup", "shapeElement": "bowl/meatnugget 1/*", "textureMapping": ["meatnugget", "breading-oat-syrup"] },
                { "type": "item", "code": "farmcrops:breadedball-oat-syrupcharred", "shapeElement": "bowl/meatnugget 1/*", "textureMapping": ["meatnugget", "breading-oat-syrup"] },
                { "type": "item", "code": "farmcrops:breadedball-corn-partbaked", "shapeElement": "bowl/meatnugget 1/*", "textureMapping": ["meatnugget", "breading-corn-partbaked"] },
                { "type": "item", "code": "farmcrops:breadedball-corn-cooked", "shapeElement": "bowl/meatnugget 1/*", "textureMapping": ["meatnugget", "breading-corn"] },
                { "type": "item", "code": "farmcrops:breadedball-corn-charred", "shapeElement": "bowl/meatnugget 1/*", "textureMapping": ["meatnugget", "breading-corn-charred"] },
                { "type": "item", "code": "farmcrops:breadedball-corn-syruppartbaked", "shapeElement": "bowl/meatnugget 1/*", "textureMapping": ["meatnugget", "breading-corn-syrup"] },
                { "type": "item", "code": "farmcrops:breadedball-corn-syrup", "shapeElement": "bowl/meatnugget 1/*", "textureMapping": ["meatnugget", "breading-corn-syrup"] },
                { "type": "item", "code": "farmcrops:breadedball-corn-syrupcharred", "shapeElement": "bowl/meatnugget 1/*", "textureMapping": ["meatnugget", "breading-corn-syrup"] },
          
            ],
            "file": "expandedfoods:recipes/mixing/salad.json",
            "side": "server",
            "dependsOn": [{ "modid": "expandedfoods" }]
            },


    
        
        

]