{
	"editor": {
		"backDropShape": "D:/Hry/Vintagestory121/assets/game/shapes/entity/humanoid/seraph-hairless",
		"collapsedPaths": "Root/CoatLowerLegB3,Root/Belt,Root/CoatLowerLegB1,Root/CoatLowerLegRimB5/CoatLowerLegRimB6,Root/ChestFluffB1,Root/ArmorBelt,Root/ArmorCoatL,Root/ArmorCoatR,Root/Cube18",
		"allAngles": true,
		"entityTextureMode": true
	},
	"textureWidth": 64,
	"textureHeight": 64,
	"textureSizes": {
	},
	"textures": {
			"templarbody": "armor/entity/templar_light_steel",
			"textile": "block/textiles/textilered"
	},
	"elements": [
		{
			"name": "ArmorUpperTorso",
			"stepParentName": "UpperTorso",
			"from": [ -0.3, -0.2, -0.3 ],
			"to": [ 5.3, 5.2, 6.5 ],
			"uv": [ 0.0, 0.0 ],
			"rotationOrigin": [ -0.3, -0.2, -0.3 ],
			"faces": {
				"north": { "texture": "#templarbody", "uv": [ 0.0, 6.5, 5.5, 11.5 ] },
				"east": { "texture": "#templarbody", "uv": [ 5.5, 6.5, 12.0, 11.5 ] },
				"south": { "texture": "#templarbody", "uv": [ 12.0, 6.5, 17.5, 11.5 ] },
				"west": { "texture": "#templarbody", "uv": [ 17.5, 6.5, 24.0, 11.5 ] },
				"up": { "texture": "#templarbody", "uv": [ 0.0, 0.0, 5.5, 6.5 ] },
				"down": { "texture": "#templarbody", "uv": [ 5.5, 0.0, 11.0, 6.5 ] }
			},
			"children": [
				{
					"name": "ArmorCollarR",
					"from": [ 0.3, 5.9, 0.0 ],
					"to": [ 5.3, 7.2, 0.8 ],
					"unwrapMode": 5,
					"uv": [ 49.0, 18.5 ],
					"rotationOrigin": [ 0.3, 5.9, 0.8 ],
					"rotationX": -25.0,
					"faces": {
						"north": { "texture": "#templarbody", "uv": [ 50.0, 18.5, 55.0, 19.5 ], "rotation": 180 },
						"east": { "texture": "#templarbody", "uv": [ 55.0, 19.5, 56.0, 20.0 ], "rotation": 90 },
						"south": { "texture": "#templarbody", "uv": [ 50.0, 20.0, 55.0, 21.0 ] },
						"west": { "texture": "#templarbody", "uv": [ 49.0, 19.5, 50.0, 20.0 ], "rotation": 270 },
						"up": { "texture": "#templarbody", "uv": [ 50.0, 19.5, 55.0, 20.0 ] }
					}
				},
				{
					"name": "ArmorCollarL",
					"from": [ 0.3, 5.9, 6.0 ],
					"to": [ 5.3, 7.2, 6.8 ],
					"unwrapMode": 5,
					"uv": [ 49.0, 16.0 ],
					"rotationOrigin": [ 0.3, 5.9, 6.0 ],
					"rotationX": 25.0,
					"faces": {
						"north": { "texture": "#templarbody", "uv": [ 50.0, 16.0, 55.0, 17.0 ], "rotation": 180 },
						"east": { "texture": "#templarbody", "uv": [ 55.0, 17.0, 56.0, 17.5 ], "rotation": 90 },
						"south": { "texture": "#templarbody", "uv": [ 50.0, 17.5, 55.0, 18.5 ] },
						"west": { "texture": "#templarbody", "uv": [ 49.0, 17.0, 50.0, 17.5 ], "rotation": 270 },
						"up": { "texture": "#templarbody", "uv": [ 50.0, 17.0, 55.0, 17.5 ] }
					}
				},
				{
					"name": "ArmorCollarRear",
					"from": [ 4.7, 5.9, 0.4 ],
					"to": [ 5.5, 7.2, 6.4 ],
					"unwrapMode": 5,
					"uv": [ 61.5, 20.0 ],
					"rotationOrigin": [ 4.7, 5.9, 0.4 ],
					"rotationZ": -25.0,
					"faces": {
						"north": { "texture": "#templarbody", "uv": [ 62.5, 20.0, 63.0, 21.0 ], "rotation": 180 },
						"east": { "texture": "#templarbody", "uv": [ 63.0, 21.0, 64.0, 27.0 ], "rotation": 90 },
						"south": { "texture": "#templarbody", "uv": [ 62.5, 27.0, 63.0, 28.0 ] },
						"west": { "texture": "#templarbody", "uv": [ 61.5, 21.0, 62.5, 27.0 ], "rotation": 270 },
						"up": { "texture": "#templarbody", "uv": [ 62.5, 21.0, 63.0, 27.0 ] }
					}
				},
				{
					"name": "Tabard",
					"from": [ -0.3, -0.1, -0.1 ],
					"to": [ 0.3, 5.6, 3.4 ],
					"autoUnwrap": false,
					"uv": [ 53.0, 41.0 ],
					"rotationOrigin": [ -0.3, -0.1, -0.1 ],
					"faces": {
						"north": { "texture": "#templarbody", "uv": [ 51.5, 41.0, 52.0, 46.5 ] },
						"east": { "texture": "#templarbody", "uv": [ 53.5, 44.5, 57.0, 50.0 ] },
						"south": { "texture": "#templarbody", "uv": [ 57.0, 44.5, 57.5, 50.0 ] },
						"west": { "texture": "#templarbody", "uv": [ 57.5, 44.5, 61.0, 50.0 ] },
						"up": { "texture": "#templarbody", "uv": [ 53.0, 41.0, 53.5, 44.5 ] },
						"down": { "texture": "#templarbody", "uv": [ 53.5, 54.0, 54.0, 57.5 ] }
					},
					"children": [
						{
							"name": "Tabard1",
							"from": [ 4.7, 0.5, -0.3 ],
							"to": [ 6.1, 5.7, 0.3 ],
							"uv": [ 58.0, 36.5 ],
							"rotationOrigin": [ 4.7, 0.5, -0.3 ],
							"faces": {
								"north": { "texture": "#templarbody", "uv": [ 58.0, 37.0, 59.0, 42.0 ] },
								"east": { "texture": "#templarbody", "uv": [ 59.0, 37.0, 59.5, 42.0 ] },
								"south": { "texture": "#templarbody", "uv": [ 59.5, 37.0, 60.5, 42.0 ] },
								"west": { "texture": "#templarbody", "uv": [ 60.5, 37.0, 61.0, 42.0 ] },
								"up": { "texture": "#templarbody", "uv": [ 58.0, 36.5, 59.0, 37.0 ] },
								"down": { "texture": "#templarbody", "uv": [ 59.0, 36.5, 60.0, 37.0 ] }
							}
						},
						{
							"name": "Tabard6",
							"from": [ 0.3, -2.0, 0.23 ],
							"to": [ 6.2, 0.6, 0.83 ],
							"unwrapMode": 5,
							"unwrapRotation": 1,
							"uv": [ 56.9, 41.1 ],
							"rotationOrigin": [ 0.3, -2.0, 0.2 ],
							"rotationX": -12.0,
							"faces": {
								"north": { "texture": "#templarbody", "uv": [ 57.0, 44.0, 59.5, 49.5 ], "rotation": 270 },
								"east": { "texture": "#templarbody", "uv": [ 59.5, 41.0, 60.0, 43.5 ], "rotation": 180 },
								"south": { "texture": "#templarbody", "uv": [ 60.0, 44.0, 62.5, 49.5 ], "rotation": 90 },
								"west": { "texture": "#templarbody", "uv": [ 59.5, 49.5, 60.0, 52.0 ] },
								"up": { "texture": "#templarbody", "uv": [ 59.5, 44.0, 60.0, 49.5 ], "rotation": 90 },
								"down": { "texture": "#templarbody", "uv": [ 62.5, 44.0, 63.0, 49.5 ], "rotation": 270 }
							}
						},
						{
							"name": "Tabard5",
							"from": [ 0.1, 0.1, -0.4 ],
							"to": [ 1.5, 5.7, 0.2 ],
							"uv": [ 60.0, 36.5 ],
							"rotationOrigin": [ 0.1, 0.1, -0.4 ],
							"faces": {
								"north": { "texture": "#templarbody", "uv": [ 60.0, 37.0, 61.0, 42.5 ] },
								"east": { "texture": "#templarbody", "uv": [ 61.0, 37.0, 61.5, 42.5 ] },
								"south": { "texture": "#templarbody", "uv": [ 61.5, 37.0, 62.5, 42.5 ] },
								"west": { "texture": "#templarbody", "uv": [ 62.5, 37.0, 63.0, 42.5 ] },
								"up": { "texture": "#templarbody", "uv": [ 60.0, 36.5, 61.0, 37.0 ] },
								"down": { "texture": "#templarbody", "uv": [ 61.0, 36.5, 62.0, 37.0 ] }
							}
						},
						{
							"name": "Tabard8",
							"from": [ 0.0, 0.0, 3.5 ],
							"to": [ 0.6, 5.7, 7.0 ],
							"autoUnwrap": false,
							"uv": [ 54.0, 41.0 ],
							"rotationOrigin": [ 0.0, 0.0, 3.5 ],
							"faces": {
								"north": { "texture": "#templarbody", "uv": [ 54.0, 44.5, 54.5, 50.0 ] },
								"east": { "texture": "#templarbody", "uv": [ 54.5, 44.5, 58.0, 50.0 ] },
								"south": { "texture": "#templarbody", "uv": [ 58.0, 44.5, 58.5, 50.0 ] },
								"west": { "texture": "#templarbody", "uv": [ 58.5, 44.5, 62.0, 50.0 ] },
								"up": { "texture": "#templarbody", "uv": [ 54.0, 41.0, 54.5, 44.5 ] },
								"down": { "texture": "#templarbody", "uv": [ 51.5, 54.0, 52.0, 57.5 ] }
							}
						},
						{
							"name": "Tabard16",
							"from": [ 0.3, -1.8, -0.1 ],
							"to": [ 0.9, 0.0, 7.1 ],
							"unwrapMode": 5,
							"autoUnwrap": false,
							"uv": [ 56.5, 35.0 ],
							"rotationOrigin": [ 0.3, -1.8, -0.1 ],
							"rotationZ": 6.0,
							"faces": {
								"north": { "texture": "#templarbody", "uv": [ 58.0, 35.0, 58.5, 36.5 ], "rotation": 180 },
								"east": { "texture": "#templarbody", "uv": [ 58.5, 36.5, 60.0, 43.5 ], "rotation": 90 },
								"south": { "texture": "#templarbody", "uv": [ 58.0, 43.5, 58.5, 45.0 ] },
								"west": { "texture": "#templarbody", "uv": [ 56.5, 36.1, 57.3, 43.5 ], "rotation": 270, "autoUv": false },
								"up": { "texture": "#templarbody", "uv": [ 58.0, 36.5, 58.5, 43.5 ] },
								"down": { "texture": "#templarbody", "uv": [ 60.0, 36.5, 60.5, 43.5 ] }
							}
						},
						{
							"name": "Tabard17",
							"from": [ 0.3, -2.0, 6.43 ],
							"to": [ 6.2, 0.6, 7.13 ],
							"unwrapMode": 5,
							"unwrapRotation": 1,
							"uv": [ 55.0, 35.5 ],
							"rotationOrigin": [ 0.3, -2.0, 6.4 ],
							"rotationX": 7.0,
							"faces": {
								"north": { "texture": "#templarbody", "uv": [ 55.0, 38.0, 57.5, 43.5 ], "rotation": 270 },
								"east": { "texture": "#templarbody", "uv": [ 57.5, 35.5, 58.0, 38.0 ], "rotation": 180 },
								"south": { "texture": "#templarbody", "uv": [ 58.0, 38.0, 60.5, 43.5 ], "rotation": 90 },
								"west": { "texture": "#templarbody", "uv": [ 57.5, 43.5, 58.0, 46.0 ] },
								"up": { "texture": "#templarbody", "uv": [ 57.5, 38.0, 58.0, 43.5 ], "rotation": 90 },
								"down": { "texture": "#templarbody", "uv": [ 60.5, 38.0, 61.0, 43.5 ], "rotation": 270 }
							}
						},
						{
							"name": "Tabard18",
							"from": [ 0.1, 0.2, 6.8 ],
							"to": [ 1.5, 5.6, 7.4 ],
							"uv": [ 60.5, 36.5 ],
							"rotationOrigin": [ 0.1, 0.2, 6.8 ],
							"faces": {
								"north": { "texture": "#templarbody", "uv": [ 60.5, 37.0, 61.5, 42.0 ] },
								"east": { "texture": "#templarbody", "uv": [ 61.5, 37.0, 62.0, 42.0 ] },
								"south": { "texture": "#templarbody", "uv": [ 62.0, 37.0, 63.0, 42.0 ] },
								"west": { "texture": "#templarbody", "uv": [ 63.0, 37.0, 63.5, 42.0 ] },
								"up": { "texture": "#templarbody", "uv": [ 60.5, 36.5, 61.5, 37.0 ] },
								"down": { "texture": "#templarbody", "uv": [ 61.5, 36.5, 62.5, 37.0 ] }
							}
						},
						{
							"name": "Tabard19",
							"from": [ 4.7, 0.5, 6.9 ],
							"to": [ 6.0, 5.7, 7.5 ],
							"uv": [ 59.0, 37.0 ],
							"rotationOrigin": [ 4.7, 0.5, 6.9 ],
							"faces": {
								"north": { "texture": "#templarbody", "uv": [ 59.0, 37.5, 60.0, 42.5 ] },
								"east": { "texture": "#templarbody", "uv": [ 60.0, 37.5, 60.5, 42.5 ] },
								"south": { "texture": "#templarbody", "uv": [ 60.5, 37.5, 61.5, 42.5 ] },
								"west": { "texture": "#templarbody", "uv": [ 61.5, 37.5, 62.0, 42.5 ] },
								"up": { "texture": "#templarbody", "uv": [ 59.0, 37.0, 60.0, 37.5 ] },
								"down": { "texture": "#templarbody", "uv": [ 60.0, 37.0, 61.0, 37.5 ] }
							}
						},
						{
							"name": "Tabard20",
							"from": [ -0.1, 5.7, -0.17 ],
							"to": [ 6.1, 6.0, 1.23 ],
							"unwrapMode": 5,
							"unwrapRotation": 1,
							"uv": [ 55.0, 37.0 ],
							"rotationOrigin": [ -0.1, 5.7, -0.2 ],
							"faces": {
								"north": { "texture": "#templarbody", "uv": [ 55.0, 37.5, 55.5, 43.5 ], "rotation": 270 },
								"east": { "texture": "#templarbody", "uv": [ 55.5, 37.0, 56.5, 37.5 ], "rotation": 180 },
								"south": { "texture": "#templarbody", "uv": [ 56.5, 37.5, 57.0, 43.5 ], "rotation": 90 },
								"west": { "texture": "#templarbody", "uv": [ 55.5, 43.5, 56.5, 44.0 ] },
								"up": { "texture": "#templarbody", "uv": [ 55.5, 37.5, 56.5, 43.5 ], "rotation": 90 },
								"down": { "texture": "#templarbody", "uv": [ 57.0, 37.5, 58.0, 43.5 ], "rotation": 270 }
							}
						},
						{
							"name": "Tabard21",
							"from": [ -0.1, 5.7, 5.83 ],
							"to": [ 6.1, 6.0, 7.23 ],
							"unwrapMode": 5,
							"unwrapRotation": 1,
							"uv": [ 54.5, 37.0 ],
							"rotationOrigin": [ -0.1, 5.7, 5.8 ],
							"faces": {
								"north": { "texture": "#templarbody", "uv": [ 54.5, 37.5, 55.0, 43.5 ], "rotation": 270 },
								"east": { "texture": "#templarbody", "uv": [ 55.0, 37.0, 56.0, 37.5 ], "rotation": 180 },
								"south": { "texture": "#templarbody", "uv": [ 56.0, 37.5, 56.5, 43.5 ], "rotation": 90 },
								"west": { "texture": "#templarbody", "uv": [ 55.0, 43.5, 56.0, 44.0 ] },
								"up": { "texture": "#templarbody", "uv": [ 55.0, 37.5, 56.0, 43.5 ], "rotation": 90 },
								"down": { "texture": "#templarbody", "uv": [ 56.5, 37.5, 57.5, 43.5 ], "rotation": 270 }
							}
						},
						{
							"name": "Tabard22",
							"from": [ 5.9, 0.0, 0.3 ],
							"to": [ 6.5, 5.9, 3.6 ],
							"uv": [ 56.5, 36.0 ],
							"rotationOrigin": [ 5.9, 0.0, 0.3 ],
							"faces": {
								"north": { "texture": "#templarbody", "uv": [ 56.5, 39.0, 57.0, 44.5 ] },
								"east": { "texture": "#templarbody", "uv": [ 57.0, 39.0, 60.0, 44.5 ] },
								"south": { "texture": "#templarbody", "uv": [ 60.0, 39.0, 60.5, 44.5 ] },
								"west": { "texture": "#templarbody", "uv": [ 60.5, 39.0, 63.5, 44.5 ] },
								"up": { "texture": "#templarbody", "uv": [ 56.5, 36.0, 57.0, 39.0 ] },
								"down": { "texture": "#templarbody", "uv": [ 57.0, 36.0, 57.5, 39.0 ] }
							}
						},
						{
							"name": "Tabard28",
							"from": [ 5.9, 0.0, 3.6 ],
							"to": [ 6.5, 5.9, 7.0 ],
							"uv": [ 55.0, 40.0 ],
							"rotationOrigin": [ 5.9, 0.0, 3.6 ],
							"faces": {
								"north": { "texture": "#templarbody", "uv": [ 55.0, 43.0, 55.5, 48.5 ] },
								"east": { "texture": "#templarbody", "uv": [ 55.5, 43.0, 58.5, 48.5 ] },
								"south": { "texture": "#templarbody", "uv": [ 58.5, 43.0, 59.0, 48.5 ] },
								"west": { "texture": "#templarbody", "uv": [ 59.0, 43.0, 62.0, 48.5 ] },
								"up": { "texture": "#templarbody", "uv": [ 55.0, 40.0, 55.5, 43.0 ] },
								"down": { "texture": "#templarbody", "uv": [ 55.5, 40.0, 56.0, 43.0 ] }
							}
						},
						{
							"name": "Tabard29",
							"from": [ 5.9, -2.0, 3.8 ],
							"to": [ 6.5, 0.0, 7.0 ],
							"uv": [ 57.0, 45.0 ],
							"rotationOrigin": [ 5.9, -2.0, 3.8 ],
							"faces": {
								"north": { "texture": "#templarbody", "uv": [ 57.0, 48.0, 57.5, 50.0 ] },
								"east": { "texture": "#templarbody", "uv": [ 57.5, 48.0, 60.5, 50.0 ] },
								"south": { "texture": "#templarbody", "uv": [ 60.5, 48.0, 61.0, 50.0 ] },
								"west": { "texture": "#templarbody", "uv": [ 61.0, 48.0, 64.0, 50.0 ] },
								"up": { "texture": "#templarbody", "uv": [ 57.0, 45.0, 57.5, 48.0 ] },
								"down": { "texture": "#templarbody", "uv": [ 57.5, 45.0, 58.0, 48.0 ] }
							}
						},
						{
							"name": "Tabard30",
							"from": [ 5.9, -1.6, 0.3 ],
							"to": [ 6.5, 0.0, 3.8 ],
							"uv": [ 56.0, 44.5 ],
							"rotationOrigin": [ 5.9, -1.6, 0.3 ],
							"faces": {
								"north": { "texture": "#templarbody", "uv": [ 56.0, 48.0, 56.5, 49.5 ] },
								"east": { "texture": "#templarbody", "uv": [ 56.5, 48.0, 60.0, 49.5 ] },
								"south": { "texture": "#templarbody", "uv": [ 60.0, 48.0, 60.5, 49.5 ] },
								"west": { "texture": "#templarbody", "uv": [ 60.5, 48.0, 64.0, 49.5 ] },
								"up": { "texture": "#templarbody", "uv": [ 56.0, 44.5, 56.5, 48.0 ] },
								"down": { "texture": "#templarbody", "uv": [ 56.5, 44.5, 57.0, 48.0 ] }
							}
						}
					]
				},
				{
					"name": "ChestFluffB1",
					"from": [ 3.4983, 1.94, -0.8 ],
					"to": [ 6.4983, 5.94, 7.6 ],
					"unwrapMode": 2,
					"autoUnwrap": false,
					"uv": [ 51.0, 40.0 ],
					"rotationOrigin": [ 4.9987, 4.9471, 2.8 ],
					"rotationZ": 47.0,
					"faces": {
						"north": { "texture": "#textile", "uv": [ 61.0, 43.0, 64.0, 47.0 ] },
						"east": { "texture": "#textile", "uv": [ 53.0, 43.0, 61.0, 47.0 ], "windMode": [-1,-1,-1,-1], "windData": [1,1,1,1] },
						"south": { "texture": "#textile", "uv": [ 51.0, 43.0, 54.0, 47.0 ] },
						"up": { "texture": "#textile", "uv": [ 52.5, 7.0, 60.5, 10.0 ], "rotation": 90 }
					},
					"children": [
						{
							"name": "CheftFluffB2",
							"from": [ 0.7, -2.0, 0.6 ],
							"to": [ 2.7, 2.0, 7.9 ],
							"unwrapMode": 2,
							"autoUnwrap": false,
							"uv": [ 34.0, 9.5 ],
							"rotationOrigin": [ 2.7, 2.0, 4.1 ],
							"rotationZ": -25.0,
							"faces": {
								"north": { "texture": "#textile", "uv": [ 42.0, 9.5, 44.0, 13.5 ] },
								"east": { "texture": "#textile", "uv": [ 36.0, 9.5, 43.0, 13.5 ] },
								"south": { "texture": "#textile", "uv": [ 34.0, 9.5, 36.0, 13.5 ] }
							}
						},
						{
							"name": "ChestFluffF2",
							"from": [ -2.59, 3.63, 0.6 ],
							"to": [ -0.59, 6.63, 7.4 ],
							"unwrapMode": 4,
							"uv": [ 26.0, 6.0 ],
							"rotationOrigin": [ -2.5935, 6.6348, 3.7 ],
							"rotationZ": -57.0,
							"faces": {
								"north": { "texture": "#textile", "uv": [ 26.0, 6.0, 28.0, 9.0 ] },
								"south": { "texture": "#textile", "uv": [ 34.5, 6.0, 36.5, 9.0 ] },
								"west": { "texture": "#textile", "uv": [ 28.0, 6.0, 34.5, 9.0 ] }
							}
						},
						{
							"name": "ChestFluffF1",
							"from": [ -3.36, 4.33, 0.0 ],
							"to": [ -0.36, 7.33, 8.0 ],
							"unwrapMode": 4,
							"autoUnwrap": false,
							"uv": [ 24.5, -0.5 ],
							"rotationOrigin": [ -2.3552, 6.3329, 3.6 ],
							"rotationZ": -80.0,
							"faces": {
								"north": { "texture": "#textile", "uv": [ 24.5, 3.0, 27.5, 6.0 ] },
								"south": { "texture": "#textile", "uv": [ 34.5, 3.0, 37.5, 6.0 ] },
								"west": { "texture": "#textile", "uv": [ 27.5, 3.0, 35.5, 6.0 ] },
								"up": { "texture": "#textile", "uv": [ 27.5, 0.0, 34.5, 3.0 ], "rotation": 90, "autoUv": false }
							}
						}
					]
				}
			]
		},
		{
			"name": "ArmorLowerTorso",
			"stepParentName": "LowerTorso",
			"from": [ -0.3, -0.5, -0.3 ],
			"to": [ 5.3, 5.1, 6.3 ],
			"uv": [ 0.0, 11.5 ],
			"rotationOrigin": [ -0.3, -0.5, -0.3 ],
			"faces": {
				"north": { "texture": "#templarbody", "uv": [ 0.0, 18.0, 5.5, 23.5 ] },
				"east": { "texture": "#templarbody", "uv": [ 5.5, 18.0, 12.0, 23.5 ] },
				"south": { "texture": "#templarbody", "uv": [ 12.0, 18.0, 17.5, 23.5 ] },
				"west": { "texture": "#templarbody", "uv": [ 17.5, 18.0, 24.0, 23.5 ] },
				"up": { "texture": "#templarbody", "uv": [ 0.0, 11.5, 5.5, 18.0 ] },
				"down": { "texture": "#templarbody", "uv": [ 5.5, 11.5, 11.0, 18.0 ] }
			}
		},
		{
			"name": "ArmorUpperArmR",
			"stepParentName": "UpperArmR",
			"from": [ -0.2, -0.2, -0.3 ],
			"to": [ 3.1, 7.2, 2.1 ],
			"uv": [ 36.0, 0.0 ],
			"rotationOrigin": [ -0.2, -0.2, -0.3 ],
			"faces": {
				"north": { "texture": "#templarbody", "uv": [ 36.0, 2.0, 39.0, 9.0 ] },
				"east": { "texture": "#templarbody", "uv": [ 39.0, 2.0, 41.0, 9.0 ] },
				"south": { "texture": "#templarbody", "uv": [ 41.0, 2.0, 44.0, 9.0 ] },
				"west": { "texture": "#templarbody", "uv": [ 44.0, 2.0, 46.0, 9.0 ] },
				"up": { "texture": "#templarbody", "uv": [ 36.0, 0.0, 39.0, 2.0 ] },
				"down": { "texture": "#templarbody", "uv": [ 39.0, 0.0, 42.0, 2.0 ] }
			},
			"children": [
				{
					"name": "ShoulderRFluff1",
					"from": [ -1.0317, 4.1778, -3.1492 ],
					"to": [ 4.3683, 7.1778, 1.8508 ],
					"unwrapMode": 5,
					"autoUnwrap": false,
					"uv": [ 51.5, 27.0 ],
					"rotationOrigin": [ 1.47, 6.1798, -0.6514 ],
					"rotationX": -30.0,
					"rotationY": 0.0,
					"rotationZ": 0.0,
					"faces": {
						"east": { "texture": "#textile", "uv": [ 59.5, 27.0, 62.5, 32.0 ], "rotation": 270 },
						"west": { "texture": "#textile", "uv": [ 51.5, 27.0, 54.5, 32.0 ], "rotation": 90 },
						"up": { "texture": "#textile", "uv": [ 54.5, 27.0, 59.5, 32.0 ], "rotation": 180 }
					},
					"children": [
						{
							"name": "ShoulderRFluff2",
							"from": [ 0.2, -0.5, -1.5 ],
							"to": [ 5.2, 2.5, 2.5 ],
							"unwrapMode": 5,
							"autoUnwrap": false,
							"uv": [ 20.0, 44.0 ],
							"rotationOrigin": [ 2.6, 2.5, 2.0 ],
							"rotationX": -28.0,
							"faces": {
								"east": { "texture": "#textile", "uv": [ 27.5, 44.0, 30.5, 48.0 ], "rotation": 270 },
								"west": { "texture": "#textile", "uv": [ 20.0, 44.0, 23.0, 48.0 ], "rotation": 90 },
								"up": { "texture": "#textile", "uv": [ 23.0, 44.0, 28.0, 48.0 ], "rotation": 180, "windMode": [-1,-1,-1,-1], "windData": [1,1,1,1] }
							}
						}
					]
				}
			]
		},
		{
			"name": "ArmorUpperArmL",
			"stepParentName": "UpperArmL",
			"from": [ -0.2, -0.2, -0.2 ],
			"to": [ 3.1, 7.2, 2.2 ],
			"uv": [ 26.0, 0.0 ],
			"rotationOrigin": [ -0.2, -0.2, -0.2 ],
			"faces": {
				"north": { "texture": "#templarbody", "uv": [ 26.0, 2.0, 29.0, 9.0 ] },
				"east": { "texture": "#templarbody", "uv": [ 29.0, 2.0, 31.0, 9.0 ] },
				"south": { "texture": "#templarbody", "uv": [ 31.0, 2.0, 34.0, 9.0 ] },
				"west": { "texture": "#templarbody", "uv": [ 34.0, 2.0, 36.0, 9.0 ] },
				"up": { "texture": "#templarbody", "uv": [ 26.0, 0.0, 29.0, 2.0 ] },
				"down": { "texture": "#templarbody", "uv": [ 29.0, 0.0, 32.0, 2.0 ] }
			},
			"children": [
				{
					"name": "ShoulderLFluff1",
					"from": [ -1.13, 3.88, 0.45 ],
					"to": [ 4.27, 6.88, 5.45 ],
					"unwrapMode": 5,
					"uv": [ 51.5, 32.5 ],
					"rotationOrigin": [ 1.37, 5.8797, 2.9513 ],
					"rotationX": 38.0,
					"rotationZ": -4.0,
					"faces": {
						"east": { "texture": "#textile", "uv": [ 59.5, 32.5, 62.5, 37.5 ], "rotation": 90 },
						"west": { "texture": "#textile", "uv": [ 51.5, 32.5, 54.5, 37.5 ], "rotation": 270 },
						"up": { "texture": "#textile", "uv": [ 54.5, 32.5, 59.5, 37.5 ] }
					},
					"children": [
						{
							"name": "ShoulderLFluff2",
							"from": [ 0.2, -0.5, 2.0 ],
							"to": [ 5.2, 2.5, 6.0 ],
							"unwrapMode": 5,
							"autoUnwrap": false,
							"uv": [ 20.0, 39.5 ],
							"rotationOrigin": [ 2.2, 2.5, 2.5 ],
							"rotationX": 28.0,
							"faces": {
								"east": { "texture": "#textile", "uv": [ 27.5, 39.5, 30.5, 43.5 ], "rotation": 90 },
								"west": { "texture": "#textile", "uv": [ 20.0, 39.5, 23.0, 43.5 ], "rotation": 270 },
								"up": { "texture": "#textile", "uv": [ 23.0, 39.5, 28.0, 43.5 ] }
							}
						}
					]
				}
			]
		},
		{
			"name": "ArmorLowerArmR",
			"stepParentName": "LowerArmR",
			"from": [ -0.2, -0.2, -0.25 ],
			"to": [ 2.7, 8.2, 2.25 ],
			"uv": [ 36.0, 9.0 ],
			"rotationOrigin": [ -0.2, -0.2, -0.4 ],
			"faces": {
				"north": { "texture": "#templarbody", "uv": [ 36.0, 11.5, 38.5, 19.5 ] },
				"east": { "texture": "#templarbody", "uv": [ 38.5, 11.5, 41.0, 19.5 ] },
				"south": { "texture": "#templarbody", "uv": [ 41.0, 11.5, 43.5, 19.5 ] },
				"west": { "texture": "#templarbody", "uv": [ 43.5, 11.5, 46.0, 19.5 ] },
				"up": { "texture": "#templarbody", "uv": [ 36.0, 9.0, 38.5, 11.5 ] },
				"down": { "texture": "#templarbody", "uv": [ 38.5, 9.0, 41.0, 11.5 ] }
			}
		},
		{
			"name": "ArmorLowerArmL",
			"stepParentName": "LowerArmL",
			"from": [ -0.2, -0.2, -0.25 ],
			"to": [ 2.7, 8.2, 2.25 ],
			"uv": [ 26.0, 9.0 ],
			"rotationOrigin": [ -0.2, -0.2, -0.3 ],
			"faces": {
				"north": { "texture": "#templarbody", "uv": [ 26.0, 11.5, 28.5, 19.5 ] },
				"east": { "texture": "#templarbody", "uv": [ 28.5, 11.5, 31.0, 19.5 ] },
				"south": { "texture": "#templarbody", "uv": [ 31.0, 11.5, 33.5, 19.5 ] },
				"west": { "texture": "#templarbody", "uv": [ 33.5, 11.5, 36.0, 19.5 ] },
				"up": { "texture": "#templarbody", "uv": [ 26.0, 9.0, 28.5, 11.5 ] },
				"down": { "texture": "#templarbody", "uv": [ 28.5, 9.0, 31.0, 11.5 ] }
			}
		},
		{
			"name": "ArmorCoatR",
			"stepParentName": "UpperFootR",
			"from": [ -0.7, 0.2, -0.35 ],
			"to": [ 4.9, 7.2, 3.15 ],
			"uv": [ 18.0, 24.5 ],
			"rotationOrigin": [ -0.7, 0.2, -0.5 ],
			"faces": {
				"north": { "texture": "#templarbody", "uv": [ 18.0, 28.0, 23.5, 35.0 ] },
				"east": { "texture": "#templarbody", "uv": [ 23.5, 28.0, 27.0, 35.0 ] },
				"south": { "texture": "#templarbody", "uv": [ 27.0, 28.0, 32.5, 35.0 ] },
				"west": { "texture": "#templarbody", "uv": [ 32.5, 28.0, 36.0, 35.0 ] },
				"up": { "texture": "#templarbody", "uv": [ 18.0, 24.5, 23.5, 28.0 ] },
				"down": { "texture": "#templarbody", "uv": [ 23.5, 24.5, 29.0, 28.0 ] }
			},
			"children": [
				{
					"name": "ArmorLegCoverR",
					"from": [ 0.5, 0.1, 0.2 ],
					"to": [ 5.1, 9.1, 3.6 ],
					"autoUnwrap": false,
					"uv": [ 41.5, 40.5 ],
					"rotationOrigin": [ 0.5, 0.1, 0.2 ],
					"faces": {
						"north": { "texture": "#templarbody", "uv": [ 56.0, 54.5, 60.5, 63.5 ] },
						"east": { "texture": "#templarbody", "uv": [ 59.5, 54.5, 62.5, 63.5 ] },
						"south": { "texture": "#templarbody", "uv": [ 59.5, 54.5, 64.0, 63.5 ] },
						"west": { "texture": "#templarbody", "uv": [ 57.0, 54.5, 60.0, 63.5 ] },
						"up": { "texture": "#templarbody", "uv": [ 56.0, 50.5, 60.5, 53.5 ] }
					}
				},
				{
					"name": "CoatLegR",
					"from": [ -0.2, 2.5, -0.4 ],
					"to": [ 5.9, 9.0, 3.8 ],
					"autoUnwrap": false,
					"uv": [ 23.0, 39.0 ],
					"rotationOrigin": [ -0.2, 2.5, -0.4 ],
					"rotationX": 2.0,
					"rotationZ": 2.0,
					"faces": {
						"north": { "texture": "#templarbody", "uv": [ 53.5, 43.0, 59.5, 49.5 ] },
						"east": { "texture": "#templarbody", "uv": [ 54.0, 43.0, 58.0, 49.5 ] },
						"south": { "texture": "#templarbody", "uv": [ 53.5, 43.0, 59.5, 49.5 ] },
						"west": { "texture": "#templarbody", "uv": [ 53.5, 43.0, 57.5, 49.5 ] },
						"up": { "texture": "#templarbody", "uv": [ 25.0, 43.5, 31.0, 47.5 ] },
						"down": { "texture": "#templarbody", "uv": [ 25.0, 39.0, 31.0, 43.0 ] }
					}
				},
				{
					"name": "CoatSideR1",
					"from": [ 0.6, 1.0, -0.3 ],
					"to": [ 3.4, 3.0, 0.0 ],
					"uv": [ 55.0, 47.0 ],
					"rotationOrigin": [ 0.8389, 1.6555, -0.5148 ],
					"rotationZ": 38.0,
					"faces": {
						"north": { "texture": "#templarbody", "uv": [ 55.0, 47.5, 57.5, 49.5 ] },
						"east": { "texture": "#templarbody", "uv": [ 57.5, 47.5, 58.0, 49.5 ] },
						"south": { "texture": "#templarbody", "uv": [ 58.0, 47.5, 60.5, 49.5 ] },
						"west": { "texture": "#templarbody", "uv": [ 60.5, 47.5, 61.0, 49.5 ] },
						"up": { "texture": "#templarbody", "uv": [ 55.0, 47.0, 57.5, 47.5 ] },
						"down": { "texture": "#templarbody", "uv": [ 57.5, 47.0, 60.0, 47.5 ] }
					},
					"children": [
						{
							"name": "CoatSideR2",
							"from": [ 2.1326, 0.6181, 0.0 ],
							"to": [ 4.9326, 2.6181, 0.3 ],
							"uv": [ 57.0, 34.0 ],
							"rotationOrigin": [ 2.1326, 0.6181, 0.0 ],
							"rotationZ": -73.0,
							"faces": {
								"north": { "texture": "#templarbody", "uv": [ 57.0, 34.5, 59.5, 36.5 ] },
								"east": { "texture": "#templarbody", "uv": [ 59.5, 34.5, 60.0, 36.5 ] },
								"south": { "texture": "#templarbody", "uv": [ 60.0, 34.5, 62.5, 36.5 ] },
								"west": { "texture": "#templarbody", "uv": [ 62.5, 34.5, 63.0, 36.5 ] },
								"up": { "texture": "#templarbody", "uv": [ 57.0, 34.0, 59.5, 34.5 ] },
								"down": { "texture": "#templarbody", "uv": [ 59.5, 34.0, 62.0, 34.5 ] }
							}
						},
						{
							"name": "CoatSideR3",
							"from": [ 2.4773, -2.1893, 0.1 ],
							"to": [ 3.8773, -0.1893, 0.4 ],
							"uv": [ 57.5, 45.0 ],
							"rotationOrigin": [ 2.4773, -2.1893, 0.1 ],
							"rotationX": -1.5763,
							"rotationY": 1.2312,
							"rotationZ": -37.9831,
							"faces": {
								"north": { "texture": "#templarbody", "uv": [ 57.5, 45.5, 58.5, 47.5 ] },
								"east": { "texture": "#templarbody", "uv": [ 58.5, 45.5, 59.0, 47.5 ] },
								"south": { "texture": "#templarbody", "uv": [ 59.0, 45.5, 60.0, 47.5 ] },
								"west": { "texture": "#templarbody", "uv": [ 60.0, 45.5, 60.5, 47.5 ] },
								"up": { "texture": "#templarbody", "uv": [ 57.5, 45.0, 58.5, 45.5 ] },
								"down": { "texture": "#templarbody", "uv": [ 58.5, 45.0, 59.5, 45.5 ] }
							}
						},
						{
							"name": "CoatSideR4",
							"from": [ -1.0687, 0.5812, 0.0 ],
							"to": [ 0.3313, 2.5812, 0.3 ],
							"uv": [ 55.0, 47.5 ],
							"rotationOrigin": [ -1.0687, 0.5812, 0.0 ],
							"rotationX": -1.5763,
							"rotationY": 1.2312,
							"rotationZ": -37.9831,
							"faces": {
								"north": { "texture": "#templarbody", "uv": [ 55.0, 48.0, 56.0, 50.0 ] },
								"east": { "texture": "#templarbody", "uv": [ 56.0, 48.0, 56.5, 50.0 ] },
								"south": { "texture": "#templarbody", "uv": [ 56.5, 48.0, 57.5, 50.0 ] },
								"west": { "texture": "#templarbody", "uv": [ 57.5, 48.0, 58.0, 50.0 ] },
								"up": { "texture": "#templarbody", "uv": [ 55.0, 47.5, 56.0, 48.0 ] },
								"down": { "texture": "#templarbody", "uv": [ 56.0, 47.5, 57.0, 48.0 ] }
							}
						}
					]
				},
				{
					"name": "CoatFR1",
					"from": [ 0.0, -4.6, -0.2 ],
					"to": [ 0.4, 2.6, 3.8 ],
					"uv": [ 52.5, 38.0 ],
					"rotationOrigin": [ 0.0, -4.6, -0.2 ],
					"rotationZ": 2.0,
					"faces": {
						"north": { "texture": "#templarbody", "uv": [ 52.5, 42.0, 53.0, 49.0 ] },
						"east": { "texture": "#templarbody", "uv": [ 53.0, 42.0, 57.0, 49.0 ] },
						"south": { "texture": "#templarbody", "uv": [ 57.0, 42.0, 57.5, 49.0 ] },
						"west": { "texture": "#templarbody", "uv": [ 57.5, 42.0, 61.5, 49.0 ] },
						"up": { "texture": "#templarbody", "uv": [ 52.5, 38.0, 53.0, 42.0 ] },
						"down": { "texture": "#templarbody", "uv": [ 53.0, 38.0, 53.5, 42.0 ] }
					},
					"children": [
						{
							"name": "CoatFR2",
							"from": [ 0.01, 0.0, 0.0 ],
							"to": [ 0.4, 2.9, 2.8 ],
							"uv": [ 54.0, 41.0 ],
							"rotationOrigin": [ 0.0, 0.0, 0.0 ],
							"rotationX": 44.9825,
							"rotationY": -1.4141,
							"rotationZ": -1.4145,
							"faces": {
								"north": { "texture": "#templarbody", "uv": [ 54.0, 43.5, 54.5, 46.0 ] },
								"east": { "texture": "#templarbody", "uv": [ 54.5, 43.5, 57.0, 46.0 ] },
								"south": { "texture": "#templarbody", "uv": [ 57.0, 43.5, 57.5, 46.0 ] },
								"west": { "texture": "#templarbody", "uv": [ 57.5, 43.5, 60.0, 46.0 ] },
								"up": { "texture": "#templarbody", "uv": [ 54.0, 41.0, 54.5, 43.5 ] },
								"down": { "texture": "#templarbody", "uv": [ 54.5, 41.0, 55.0, 43.5 ] }
							}
						}
					]
				},
				{
					"name": "CoatBR1",
					"from": [ 5.6, 0.5, -0.1 ],
					"to": [ 6.0, 3.0, 3.9 ],
					"uv": [ 55.0, 34.5 ],
					"rotationOrigin": [ 5.6, 0.5, -0.1 ],
					"rotationZ": 2.0,
					"faces": {
						"north": { "texture": "#templarbody", "uv": [ 55.0, 38.5, 55.5, 41.0 ] },
						"east": { "texture": "#templarbody", "uv": [ 55.5, 38.5, 59.5, 41.0 ] },
						"south": { "texture": "#templarbody", "uv": [ 59.5, 38.5, 60.0, 41.0 ] },
						"west": { "texture": "#templarbody", "uv": [ 60.0, 38.5, 64.0, 41.0 ] },
						"up": { "texture": "#templarbody", "uv": [ 55.0, 34.5, 55.5, 38.5 ] },
						"down": { "texture": "#templarbody", "uv": [ 55.5, 34.5, 56.0, 38.5 ] }
					}
				}
			]
		},
		{
			"name": "ArmorCoatL",
			"stepParentName": "UpperFootL",
			"from": [ -0.7, 0.2, 0.05 ],
			"to": [ 4.9, 7.2, 3.55 ],
			"uv": [ 0.0, 24.5 ],
			"rotationOrigin": [ -0.7, 0.2, -0.1 ],
			"faces": {
				"north": { "texture": "#templarbody", "uv": [ 0.0, 28.0, 5.5, 35.0 ] },
				"east": { "texture": "#templarbody", "uv": [ 5.5, 28.0, 9.0, 35.0 ] },
				"south": { "texture": "#templarbody", "uv": [ 9.0, 28.0, 14.5, 35.0 ] },
				"west": { "texture": "#templarbody", "uv": [ 14.5, 28.0, 18.0, 35.0 ] },
				"up": { "texture": "#templarbody", "uv": [ 0.0, 24.5, 5.5, 28.0 ] },
				"down": { "texture": "#templarbody", "uv": [ 5.5, 24.5, 11.0, 28.0 ] }
			},
			"children": [
				{
					"name": "ArmorLegCoverL",
					"from": [ 0.5, 0.1, -0.2 ],
					"to": [ 5.1, 9.1, 3.2 ],
					"autoUnwrap": false,
					"uv": [ 0.0, 0.0 ],
					"rotationOrigin": [ 0.5, 0.1, -0.2 ],
					"faces": {
						"north": { "texture": "#templarbody", "uv": [ 57.0, 54.5, 61.5, 63.5 ] },
						"east": { "texture": "#templarbody", "uv": [ 58.0, 54.5, 61.0, 63.5 ] },
						"south": { "texture": "#templarbody", "uv": [ 59.5, 54.5, 64.0, 63.5 ] },
						"west": { "texture": "#templarbody", "uv": [ 56.0, 54.5, 59.0, 63.5 ] },
						"up": { "texture": "#templarbody", "uv": [ 59.5, 50.5, 64.0, 53.5 ] }
					}
				},
				{
					"name": "CoatFL1",
					"from": [ 0.0, -4.7, -0.4 ],
					"to": [ 0.4, 2.5, 3.6 ],
					"uv": [ 55.0, 38.0 ],
					"rotationOrigin": [ 0.0, -4.7, 3.6 ],
					"rotationX": 2.0,
					"rotationZ": 2.0,
					"faces": {
						"north": { "texture": "#templarbody", "uv": [ 55.0, 42.0, 55.5, 49.0 ] },
						"east": { "texture": "#templarbody", "uv": [ 55.5, 42.0, 59.5, 49.0 ] },
						"south": { "texture": "#templarbody", "uv": [ 59.5, 42.0, 60.0, 49.0 ] },
						"west": { "texture": "#templarbody", "uv": [ 60.0, 42.0, 64.0, 49.0 ] },
						"up": { "texture": "#templarbody", "uv": [ 55.0, 38.0, 55.5, 42.0 ] },
						"down": { "texture": "#templarbody", "uv": [ 55.5, 38.0, 56.0, 42.0 ] }
					},
					"children": [
						{
							"name": "CoatFL2",
							"from": [ -0.0027, 0.175, -0.02 ],
							"to": [ 0.3873, 3.075, 2.78 ],
							"uv": [ 56.0, 43.0 ],
							"rotationOrigin": [ -0.0127, 0.175, -0.0172 ],
							"rotationX": 48.9731,
							"rotationY": 0.1469,
							"rotationZ": -0.1728,
							"faces": {
								"north": { "texture": "#templarbody", "uv": [ 56.0, 45.5, 56.5, 48.0 ] },
								"east": { "texture": "#templarbody", "uv": [ 56.5, 45.5, 59.0, 48.0 ] },
								"south": { "texture": "#templarbody", "uv": [ 59.0, 45.5, 59.5, 48.0 ] },
								"west": { "texture": "#templarbody", "uv": [ 59.5, 45.5, 62.0, 48.0 ] },
								"up": { "texture": "#templarbody", "uv": [ 56.0, 43.0, 56.5, 45.5 ] },
								"down": { "texture": "#templarbody", "uv": [ 56.5, 43.0, 57.0, 45.5 ] }
							}
						}
					]
				},
				{
					"name": "CoatSideL1",
					"from": [ 1.1, 0.9, 3.6 ],
					"to": [ 3.9, 2.9, 3.9 ],
					"uv": [ 56.0, 45.5 ],
					"rotationOrigin": [ 1.1, 0.9, 3.6 ],
					"rotationZ": 38.0,
					"faces": {
						"north": { "texture": "#templarbody", "uv": [ 56.0, 46.0, 58.5, 48.0 ] },
						"east": { "texture": "#templarbody", "uv": [ 58.5, 46.0, 59.0, 48.0 ] },
						"south": { "texture": "#templarbody", "uv": [ 59.0, 46.0, 61.5, 48.0 ] },
						"west": { "texture": "#templarbody", "uv": [ 61.5, 46.0, 62.0, 48.0 ] },
						"up": { "texture": "#templarbody", "uv": [ 56.0, 45.5, 58.5, 46.0 ] },
						"down": { "texture": "#templarbody", "uv": [ 58.5, 45.5, 61.0, 46.0 ] }
					},
					"children": [
						{
							"name": "CoatSideL2",
							"from": [ 2.1326, 0.6181, 0.0 ],
							"to": [ 4.9326, 2.6181, 0.3 ],
							"uv": [ 55.0, 45.5 ],
							"rotationOrigin": [ 2.1326, 0.6181, 0.0 ],
							"rotationZ": -73.0,
							"faces": {
								"north": { "texture": "#templarbody", "uv": [ 55.0, 46.0, 57.5, 48.0 ] },
								"east": { "texture": "#templarbody", "uv": [ 57.5, 46.0, 58.0, 48.0 ] },
								"south": { "texture": "#templarbody", "uv": [ 58.0, 46.0, 60.5, 48.0 ] },
								"west": { "texture": "#templarbody", "uv": [ 60.5, 46.0, 61.0, 48.0 ] },
								"up": { "texture": "#templarbody", "uv": [ 55.0, 45.5, 57.5, 46.0 ] },
								"down": { "texture": "#templarbody", "uv": [ 57.5, 45.5, 60.0, 46.0 ] }
							}
						},
						{
							"name": "CoatSideL3",
							"from": [ 2.4773, -2.1893, 0.0 ],
							"to": [ 3.8773, -0.1893, 0.4 ],
							"uv": [ 57.4, 45.0 ],
							"rotationOrigin": [ 2.4773, -2.1893, 0.0 ],
							"rotationX": -1.5763,
							"rotationY": 1.2312,
							"rotationZ": -37.9831,
							"faces": {
								"north": { "texture": "#templarbody", "uv": [ 57.5, 45.5, 58.5, 47.5 ] },
								"east": { "texture": "#templarbody", "uv": [ 58.5, 45.5, 59.0, 47.5 ] },
								"south": { "texture": "#templarbody", "uv": [ 59.0, 45.5, 60.0, 47.5 ] },
								"west": { "texture": "#templarbody", "uv": [ 60.0, 45.5, 60.5, 47.5 ] },
								"up": { "texture": "#templarbody", "uv": [ 57.5, 45.0, 58.5, 45.5 ] },
								"down": { "texture": "#templarbody", "uv": [ 58.5, 45.0, 59.5, 45.5 ] }
							}
						},
						{
							"name": "CoatSideL4",
							"from": [ -1.0687, 0.5812, 0.1 ],
							"to": [ 0.3313, 2.5812, 0.4 ],
							"uv": [ 56.5, 46.0 ],
							"rotationOrigin": [ -1.0687, 0.5812, 0.1 ],
							"rotationX": -1.5763,
							"rotationY": 1.2312,
							"rotationZ": -37.9831,
							"faces": {
								"north": { "texture": "#templarbody", "uv": [ 56.5, 46.5, 57.5, 48.5 ] },
								"east": { "texture": "#templarbody", "uv": [ 57.5, 46.5, 58.0, 48.5 ] },
								"south": { "texture": "#templarbody", "uv": [ 58.0, 46.5, 59.0, 48.5 ] },
								"west": { "texture": "#templarbody", "uv": [ 59.0, 46.5, 59.5, 48.5 ] },
								"up": { "texture": "#templarbody", "uv": [ 56.5, 46.0, 57.5, 46.5 ] },
								"down": { "texture": "#templarbody", "uv": [ 57.5, 46.0, 58.5, 46.5 ] }
							}
						}
					]
				},
				{
					"name": "CoatLegL",
					"from": [ -0.2, 2.5, -0.2 ],
					"to": [ 5.92, 9.0, 4.0 ],
					"autoUnwrap": false,
					"uv": [ 24.5, 37.5 ],
					"rotationOrigin": [ -0.2, 2.5, 3.8 ],
					"rotationX": -2.0,
					"rotationZ": 2.0,
					"faces": {
						"north": { "texture": "#templarbody", "uv": [ 57.5, 43.0, 63.5, 49.5 ] },
						"east": { "texture": "#templarbody", "uv": [ 60.0, 43.0, 64.0, 49.5 ] },
						"south": { "texture": "#templarbody", "uv": [ 58.0, 43.0, 64.0, 49.5 ] },
						"west": { "texture": "#templarbody", "uv": [ 60.0, 43.0, 64.0, 49.5 ] },
						"up": { "texture": "#templarbody", "uv": [ 58.0, 43.5, 64.0, 47.5 ] },
						"down": { "texture": "#templarbody", "uv": [ 57.5, 43.0, 63.5, 47.0 ] }
					}
				},
				{
					"name": "CoatBL1",
					"from": [ 5.7, 0.3, -0.4 ],
					"to": [ 6.1, 2.8, 3.6 ],
					"uv": [ 54.0, 34.5 ],
					"rotationOrigin": [ 5.7, 0.3, 3.6 ],
					"rotationX": 2.0,
					"rotationZ": 2.0,
					"faces": {
						"north": { "texture": "#templarbody", "uv": [ 54.0, 38.5, 54.5, 41.0 ] },
						"east": { "texture": "#templarbody", "uv": [ 54.5, 38.5, 58.5, 41.0 ] },
						"south": { "texture": "#templarbody", "uv": [ 58.5, 38.5, 59.0, 41.0 ] },
						"west": { "texture": "#templarbody", "uv": [ 59.0, 38.5, 63.0, 41.0 ] },
						"up": { "texture": "#templarbody", "uv": [ 54.0, 34.5, 54.5, 38.5 ] },
						"down": { "texture": "#templarbody", "uv": [ 54.5, 34.5, 55.0, 38.5 ] }
					}
				}
			]
		},
		{
			"name": "Belt",
			"stepParentName": "LowerTorso",
			"from": [ -0.7, 1.2, -0.8 ],
			"to": [ 5.9, 2.5, 6.9 ],
			"autoUnwrap": false,
			"uv": [ 29.8, 55.5 ],
			"rotationOrigin": [ -0.7, 1.2, -0.8 ],
			"faces": {
				"north": { "texture": "#templarbody", "uv": [ 43.0, 62.5, 49.5, 63.5 ] },
				"east": { "texture": "#templarbody", "uv": [ 49.0, 62.5, 56.5, 63.5 ] },
				"south": { "texture": "#templarbody", "uv": [ 43.0, 62.5, 49.5, 63.5 ] },
				"west": { "texture": "#templarbody", "uv": [ 49.0, 62.5, 56.5, 63.5 ] },
				"up": { "texture": "#templarbody", "uv": [ 43.5, 56.5, 50.0, 64.0 ] },
				"down": { "texture": "#templarbody", "uv": [ 49.5, 56.5, 56.0, 64.0 ] }
			},
			"children": [
				{
					"name": "Belt2",
					"from": [ 0.6, -5.0, 7.7 ],
					"to": [ 1.6, 0.9, 8.5 ],
					"unwrapMode": 3,
					"unwrapRotation": 1,
					"uv": [ 42.5, 54.0 ],
					"rotationOrigin": [ 0.6, -3.7, 7.7 ],
					"rotationX": -10.0,
					"faces": {
						"north": { "texture": "#templarbody", "uv": [ 49.0, 54.5, 54.5, 55.5 ], "rotation": 270 },
						"east": { "texture": "#templarbody", "uv": [ 43.0, 54.0, 48.5, 54.5 ], "rotation": 90 },
						"south": { "texture": "#templarbody", "uv": [ 43.0, 54.5, 48.5, 55.5 ], "rotation": 90 },
						"west": { "texture": "#templarbody", "uv": [ 43.0, 55.5, 48.5, 56.0 ], "rotation": 90 },
						"up": { "texture": "#templarbody", "uv": [ 42.5, 54.5, 43.0, 55.5 ], "rotation": 90 },
						"down": { "texture": "#templarbody", "uv": [ 48.5, 54.5, 49.0, 55.5 ], "rotation": 270 }
					}
				},
				{
					"name": "ArmorBelt",
					"from": [ -0.1738, -0.1843, -0.2 ],
					"to": [ 6.6262, 2.8157, 7.8 ],
					"unwrapMode": 4,
					"autoUnwrap": false,
					"uv": [ 0.0, 32.5 ],
					"rotationOrigin": [ 3.0267, 0.8203, 3.2 ],
					"faces": {
						"north": { "texture": "#textile", "uv": [ 0.0, 33.5, 6.5, 36.5 ] },
						"east": { "texture": "#textile", "uv": [ 18.0, 33.5, 26.0, 36.5 ] },
						"south": { "texture": "#textile", "uv": [ 13.0, 33.5, 19.5, 36.5 ] },
						"west": { "texture": "#textile", "uv": [ 6.0, 33.5, 14.0, 36.5 ] },
						"up": { "texture": "#textile", "uv": [ 57.0, 58.0, 65.0, 64.5 ], "rotation": 90 },
						"down": { "texture": "#textile", "uv": [ 57.0, 58.0, 65.0, 64.5 ], "rotation": 90 }
					},
					"children": [
						{
							"name": "BeltTrim1",
							"from": [ 0.0, 2.7, -0.1 ],
							"to": [ 0.5, 3.7, 8.1 ],
							"unwrapMode": 4,
							"autoUnwrap": false,
							"uv": [ 15.0, 31.0 ],
							"rotationOrigin": [ 0.5, 2.7, 4.0 ],
							"rotationZ": 30.0,
							"faces": {
								"north": { "texture": "#textile", "uv": [ 15.0, 31.5, 15.5, 32.5 ] },
								"east": { "texture": "#textile", "uv": [ 3.0, 31.5, 11.0, 32.5 ] },
								"south": { "texture": "#textile", "uv": [ 22.5, 31.5, 23.0, 32.5 ] },
								"west": { "texture": "#textile", "uv": [ 15.5, 31.5, 23.5, 32.5 ] },
								"up": { "texture": "#textile", "uv": [ 15.5, 31.0, 23.5, 31.5 ], "rotation": 90 },
								"down": { "texture": "#textile", "uv": [ 15.5, 32.5, 23.5, 33.0 ], "rotation": 90 }
							}
						},
						{
							"name": "BeltTrim2",
							"from": [ -0.1, -0.7, -0.1 ],
							"to": [ 0.4, 0.3, 8.1 ],
							"unwrapMode": 4,
							"autoUnwrap": false,
							"uv": [ 5.5, 40.0 ],
							"rotationOrigin": [ 0.4, 0.3, 4.0 ],
							"rotationZ": -36.0,
							"faces": {
								"north": { "texture": "#textile", "uv": [ 17.0, 37.0, 17.5, 38.0 ] },
								"east": { "texture": "#textile", "uv": [ 14.0, 37.0, 22.0, 38.0 ] },
								"south": { "texture": "#textile", "uv": [ 12.5, 37.0, 13.0, 38.0 ] },
								"west": { "texture": "#textile", "uv": [ 17.0, 37.0, 25.0, 38.0 ] },
								"up": { "texture": "#textile", "uv": [ 16.0, 36.5, 24.0, 37.0 ], "rotation": 90 },
								"down": { "texture": "#textile", "uv": [ 18.0, 38.0, 26.0, 38.5 ], "rotation": 90 }
							}
						},
						{
							"name": "BeltTrim3",
							"from": [ 6.2, -0.7, -0.1 ],
							"to": [ 6.7, 0.3, 8.1 ],
							"unwrapMode": 2,
							"uv": [ 6.5, 36.5 ],
							"rotationOrigin": [ 6.2, 0.3, 4.0 ],
							"rotationZ": 22.0,
							"faces": {
								"north": { "texture": "#textile", "uv": [ 15.0, 37.0, 15.5, 38.0 ] },
								"east": { "texture": "#textile", "uv": [ 7.0, 37.0, 15.0, 38.0 ] },
								"south": { "texture": "#textile", "uv": [ 6.5, 37.0, 7.0, 38.0 ] },
								"west": { "texture": "#textile", "uv": [ 15.5, 37.0, 23.5, 38.0 ] },
								"up": { "texture": "#textile", "uv": [ 7.0, 36.5, 15.0, 37.0 ], "rotation": 270 },
								"down": { "texture": "#textile", "uv": [ 7.0, 38.0, 15.0, 38.5 ], "rotation": 270 }
							}
						},
						{
							"name": "BeltTrim4",
							"from": [ 6.2, 2.7, -0.1 ],
							"to": [ 6.7, 3.7, 8.1 ],
							"unwrapMode": 2,
							"uv": [ 10.0, 31.0 ],
							"rotationOrigin": [ 6.2, 2.7, 4.0 ],
							"rotationZ": -27.0,
							"faces": {
								"north": { "texture": "#textile", "uv": [ 18.5, 31.5, 19.0, 32.5 ] },
								"east": { "texture": "#textile", "uv": [ 10.5, 31.5, 18.5, 32.5 ] },
								"south": { "texture": "#textile", "uv": [ 10.0, 31.5, 10.5, 32.5 ] },
								"west": { "texture": "#textile", "uv": [ 19.0, 31.5, 27.0, 32.5 ] },
								"up": { "texture": "#textile", "uv": [ 10.5, 31.0, 18.5, 31.5 ], "rotation": 270 },
								"down": { "texture": "#textile", "uv": [ 10.5, 32.5, 18.5, 33.0 ], "rotation": 270 }
							}
						},
						{
							"name": "BeltTrim5",
							"from": [ -0.1, -0.7, 0.0 ],
							"to": [ 6.7, 0.3, 0.5 ],
							"unwrapMode": 1,
							"uv": [ 0.0, 36.5 ],
							"rotationOrigin": [ 3.0, 0.3, 0.5 ],
							"rotationX": 36.0,
							"faces": {
								"north": { "texture": "#textile", "uv": [ 0.5, 37.0, 7.0, 38.0 ] },
								"east": { "texture": "#textile", "uv": [ 0.0, 37.0, 0.5, 38.0 ], "windMode": [-1,-1,-1,-1], "windData": [0,1,0,0] },
								"south": { "texture": "#textile", "uv": [ 7.5, 37.0, 14.0, 38.0 ], "windMode": [-1,-1,-1,-1] },
								"west": { "texture": "#textile", "uv": [ 7.0, 37.0, 7.5, 38.0 ] },
								"up": { "texture": "#textile", "uv": [ 0.5, 36.5, 7.0, 37.0 ], "rotation": 180 },
								"down": { "texture": "#textile", "uv": [ 0.5, 38.0, 7.0, 38.5 ] }
							}
						},
						{
							"name": "BeltTrim6",
							"from": [ -0.1, 2.7, 0.0 ],
							"to": [ 6.7, 3.7, 0.5 ],
							"unwrapMode": 1,
							"uv": [ 0.0, 31.0 ],
							"rotationOrigin": [ 3.0, 2.7, 0.5 ],
							"rotationX": -36.0,
							"faces": {
								"north": { "texture": "#textile", "uv": [ 0.5, 31.5, 7.0, 32.5 ] },
								"east": { "texture": "#textile", "uv": [ 0.0, 31.5, 0.5, 32.5 ], "windMode": [-1,-1,-1,-1], "windData": [1,1,1,1] },
								"south": { "texture": "#textile", "uv": [ 7.5, 31.5, 14.0, 32.5 ], "windMode": [-1,-1,-1,-1], "windData": [1,1,1,1] },
								"west": { "texture": "#textile", "uv": [ 7.0, 31.5, 7.5, 32.5 ] },
								"up": { "texture": "#textile", "uv": [ 0.5, 31.0, 7.0, 31.5 ], "rotation": 180 },
								"down": { "texture": "#textile", "uv": [ 0.5, 32.5, 7.0, 33.0 ] }
							}
						},
						{
							"name": "BeltTrim7",
							"from": [ -0.1, 2.7, 7.5 ],
							"to": [ 6.7, 3.7, 8.0 ],
							"unwrapMode": 3,
							"uv": [ 0.0, 31.0 ],
							"rotationOrigin": [ 3.0, 2.7, 7.5 ],
							"rotationX": 36.0,
							"faces": {
								"north": { "texture": "#textile", "uv": [ 7.5, 31.5, 14.0, 32.5 ], "windMode": [-1,-1,-1,-1], "windData": [1,1,1,1] },
								"east": { "texture": "#textile", "uv": [ 7.0, 31.5, 7.5, 32.5 ] },
								"south": { "texture": "#textile", "uv": [ 0.5, 31.5, 7.0, 32.5 ] },
								"west": { "texture": "#textile", "uv": [ 0.0, 31.5, 0.5, 32.5 ] },
								"up": { "texture": "#textile", "uv": [ 0.5, 31.0, 7.0, 31.5 ] },
								"down": { "texture": "#textile", "uv": [ 0.5, 32.5, 7.0, 33.0 ], "rotation": 180 }
							}
						},
						{
							"name": "BeltTrim8",
							"from": [ -0.1, -0.7, 7.5 ],
							"to": [ 6.7, 0.3, 8.0 ],
							"unwrapMode": 3,
							"uv": [ 13.0, 36.5 ],
							"rotationOrigin": [ 3.0, 0.3, 7.5 ],
							"rotationX": -33.0,
							"faces": {
								"north": { "texture": "#textile", "uv": [ 20.5, 37.0, 27.0, 38.0 ], "windMode": [-1,-1,-1,-1] },
								"east": { "texture": "#textile", "uv": [ 20.0, 37.0, 20.5, 38.0 ] },
								"south": { "texture": "#textile", "uv": [ 13.5, 37.0, 20.0, 38.0 ] },
								"west": { "texture": "#textile", "uv": [ 13.0, 37.0, 13.5, 38.0 ] },
								"up": { "texture": "#textile", "uv": [ 13.5, 36.5, 20.0, 37.0 ] },
								"down": { "texture": "#textile", "uv": [ 13.5, 38.0, 20.0, 38.5 ], "rotation": 180 }
							}
						},
						{
							"name": "BeltBone1",
							"from": [ -0.2, 0.9, 2.8 ],
							"to": [ 0.2, 2.4, 3.2 ],
							"uv": [ 8.0, 53.0 ],
							"rotationOrigin": [ 0.0, 1.4, 3.0 ],
							"rotationY": 45.0,
							"faces": {
								"north": { "texture": "#textile", "uv": [ 8.0, 53.5, 8.5, 55.0 ] },
								"west": { "texture": "#textile", "uv": [ 8.5, 53.5, 9.0, 55.0 ] },
								"up": { "texture": "#textile", "uv": [ 8.0, 53.0, 8.5, 53.5 ] },
								"down": { "texture": "#textile", "uv": [ 8.5, 53.0, 9.0, 53.5 ] }
							}
						},
						{
							"name": "BeltBone2",
							"from": [ -0.2, 1.1, 3.8 ],
							"to": [ 0.2, 2.6, 4.2 ],
							"uv": [ 8.0, 52.0 ],
							"rotationOrigin": [ 0.0, 1.6, 4.0 ],
							"rotationY": 45.0,
							"faces": {
								"north": { "texture": "#textile", "uv": [ 8.0, 52.5, 8.5, 54.0 ] },
								"west": { "texture": "#textile", "uv": [ 8.5, 52.5, 9.0, 54.0 ] },
								"up": { "texture": "#textile", "uv": [ 8.0, 52.0, 8.5, 52.5 ] },
								"down": { "texture": "#textile", "uv": [ 8.5, 52.0, 9.0, 52.5 ] }
							}
						},
						{
							"name": "BeltBone3",
							"from": [ -0.2, 0.8, 4.8 ],
							"to": [ 0.2, 2.3, 5.2 ],
							"uv": [ 9.0, 53.5 ],
							"rotationOrigin": [ 0.0, 1.3, 5.0 ],
							"rotationY": 45.0,
							"faces": {
								"north": { "texture": "#textile", "uv": [ 9.0, 54.0, 9.5, 55.5 ] },
								"west": { "texture": "#textile", "uv": [ 9.5, 54.0, 10.0, 55.5 ] },
								"up": { "texture": "#textile", "uv": [ 9.0, 53.5, 9.5, 54.0 ] },
								"down": { "texture": "#textile", "uv": [ 9.5, 53.5, 10.0, 54.0 ] }
							}
						},
						{
							"name": "BeltBone4",
							"from": [ -0.2, 1.0, 5.8 ],
							"to": [ 0.2, 2.5, 6.2 ],
							"uv": [ 7.5, 53.5 ],
							"rotationOrigin": [ 0.0, 1.5, 6.0 ],
							"rotationY": 45.0,
							"faces": {
								"north": { "texture": "#textile", "uv": [ 7.5, 54.0, 8.0, 55.5 ] },
								"west": { "texture": "#textile", "uv": [ 8.0, 54.0, 8.5, 55.5 ] },
								"up": { "texture": "#textile", "uv": [ 7.5, 53.5, 8.0, 54.0 ] },
								"down": { "texture": "#textile", "uv": [ 8.0, 53.5, 8.5, 54.0 ] }
							}
						},
						{
							"name": "BeltBone5",
							"from": [ 6.6, 0.8, 6.8 ],
							"to": [ 7.0, 2.3, 7.2 ],
							"uv": [ 7.5, 52.0 ],
							"rotationOrigin": [ 6.8, 1.5, 7.0 ],
							"rotationY": 45.0,
							"faces": {
								"east": { "texture": "#textile", "uv": [ 7.5, 52.5, 8.0, 54.0 ], "windMode": [-1,-1,-1,-1], "windData": [1,1,1,1] },
								"south": { "texture": "#textile", "uv": [ 8.0, 52.5, 8.5, 54.0 ], "windMode": [-1,-1,-1,-1], "windData": [1,1,1,1] },
								"up": { "texture": "#textile", "uv": [ 7.5, 52.0, 8.0, 52.5 ] },
								"down": { "texture": "#textile", "uv": [ 8.0, 52.0, 8.5, 52.5 ] }
							}
						},
						{
							"name": "BeltBone6",
							"from": [ 6.6, 0.6, 5.8 ],
							"to": [ 7.0, 2.1, 6.2 ],
							"uv": [ 9.0, 53.0 ],
							"rotationOrigin": [ 6.8, 1.5, 6.0 ],
							"rotationY": 45.0,
							"faces": {
								"east": { "texture": "#textile", "uv": [ 9.0, 53.5, 9.5, 55.0 ], "windMode": [-1,-1,-1,-1], "windData": [1,1,1,1] },
								"south": { "texture": "#textile", "uv": [ 9.5, 53.5, 10.0, 55.0 ], "windMode": [-1,-1,-1,-1], "windData": [1,1,1,1] },
								"up": { "texture": "#textile", "uv": [ 9.0, 53.0, 9.5, 53.5 ] },
								"down": { "texture": "#textile", "uv": [ 9.5, 53.0, 10.0, 53.5 ] }
							}
						},
						{
							"name": "BeltBone7",
							"from": [ 6.6, 0.8, 4.8 ],
							"to": [ 7.0, 2.3, 5.2 ],
							"uv": [ 9.5, 52.0 ],
							"rotationOrigin": [ 6.8, 1.7, 5.0 ],
							"rotationY": 45.0,
							"faces": {
								"east": { "texture": "#textile", "uv": [ 9.5, 52.5, 10.0, 54.0 ], "windMode": [-1,-1,-1,-1], "windData": [1,1,1,1] },
								"south": { "texture": "#textile", "uv": [ 10.0, 52.5, 10.5, 54.0 ], "windMode": [-1,-1,-1,-1], "windData": [1,1,1,1] },
								"up": { "texture": "#textile", "uv": [ 9.5, 52.0, 10.0, 52.5 ] },
								"down": { "texture": "#textile", "uv": [ 10.0, 52.0, 10.5, 52.5 ] }
							}
						},
						{
							"name": "BeltBone8",
							"from": [ 6.6, 0.7, 3.8 ],
							"to": [ 7.0, 2.2, 4.2 ],
							"uv": [ 7.5, 53.0 ],
							"rotationOrigin": [ 6.8, 1.6, 4.0 ],
							"rotationY": 45.0,
							"faces": {
								"east": { "texture": "#textile", "uv": [ 7.5, 53.5, 8.0, 55.0 ], "windMode": [-1,-1,-1,-1], "windData": [1,1,1,1] },
								"south": { "texture": "#textile", "uv": [ 8.0, 53.5, 8.5, 55.0 ], "windMode": [-1,-1,-1,-1], "windData": [1,1,1,1] },
								"up": { "texture": "#textile", "uv": [ 7.5, 53.0, 8.0, 53.5 ] },
								"down": { "texture": "#textile", "uv": [ 8.0, 53.0, 8.5, 53.5 ] }
							}
						}
					]
				}
			]
		},
		{
			"name": "CoatLowerLegB3",
			"stepParentName": "LowerFootR",
			"from": [ 4.7, 3.9, -0.8 ],
			"to": [ 5.1, 9.7, 3.2 ],
			"uv": [ 55.0, 39.0 ],
			"rotationOrigin": [ 4.7, 3.9, -0.8 ],
			"rotationX": 2.9959,
			"rotationY": 0.1569,
			"rotationZ": -0.0041,
			"faces": {
				"north": { "texture": "#templarbody", "uv": [ 55.0, 43.0, 55.5, 48.5 ] },
				"east": { "texture": "#templarbody", "uv": [ 55.5, 43.0, 59.5, 48.5 ] },
				"south": { "texture": "#templarbody", "uv": [ 59.5, 43.0, 60.0, 48.5 ] },
				"west": { "texture": "#templarbody", "uv": [ 60.0, 43.0, 64.0, 48.5 ] },
				"up": { "texture": "#templarbody", "uv": [ 55.0, 39.0, 55.5, 43.0 ] },
				"down": { "texture": "#templarbody", "uv": [ 55.5, 39.0, 56.0, 43.0 ] }
			},
			"children": [
				{
					"name": "CoatLowerLegB4",
					"from": [ 0.0, 0.0, 0.0 ],
					"to": [ 0.4, 2.8, 2.8 ],
					"uv": [ 57.0, 43.0 ],
					"rotationOrigin": [ 0.0, 0.0, 0.0 ],
					"rotationX": 45.0042,
					"rotationY": -0.1081,
					"rotationZ": 0.1139,
					"faces": {
						"north": { "texture": "#templarbody", "uv": [ 57.0, 45.5, 57.5, 48.0 ] },
						"east": { "texture": "#templarbody", "uv": [ 57.5, 45.5, 60.0, 48.0 ] },
						"south": { "texture": "#templarbody", "uv": [ 60.0, 45.5, 60.5, 48.0 ] },
						"west": { "texture": "#templarbody", "uv": [ 60.5, 45.5, 63.0, 48.0 ] },
						"up": { "texture": "#templarbody", "uv": [ 57.0, 43.0, 57.5, 45.5 ] },
						"down": { "texture": "#templarbody", "uv": [ 57.5, 43.0, 58.0, 45.5 ] }
					}
				}
			]
		},
		{
			"name": "CoatLowerLegB1",
			"stepParentName": "LowerFootL",
			"from": [ 4.87, 3.81, 0.14 ],
			"to": [ 5.27, 9.61, 4.14 ],
			"uv": [ 53.5, 41.0 ],
			"rotationOrigin": [ 4.8712, 3.1132, 0.1404 ],
			"rotationX": -1.9942,
			"rotationY": -0.4536,
			"rotationZ": 0.0012,
			"faces": {
				"north": { "texture": "#templarbody", "uv": [ 53.5, 45.0, 54.0, 50.5 ] },
				"east": { "texture": "#templarbody", "uv": [ 54.0, 45.0, 58.0, 50.5 ] },
				"south": { "texture": "#templarbody", "uv": [ 58.0, 45.0, 58.5, 50.5 ] },
				"west": { "texture": "#templarbody", "uv": [ 58.5, 45.0, 62.5, 50.5 ] },
				"up": { "texture": "#templarbody", "uv": [ 53.5, 41.0, 54.0, 45.0 ] },
				"down": { "texture": "#templarbody", "uv": [ 54.0, 41.0, 54.5, 45.0 ] }
			},
			"children": [
				{
					"name": "CoatLowerLegB2",
					"from": [ -0.01, 0.15, 0.01 ],
					"to": [ 0.39, 2.95, 2.81 ],
					"uv": [ 55.0, 45.0 ],
					"rotationOrigin": [ -0.0521, 0.1456, 0.0085 ],
					"rotationX": 46.99,
					"faces": {
						"north": { "texture": "#templarbody", "uv": [ 55.0, 47.5, 55.5, 50.0 ] },
						"east": { "texture": "#templarbody", "uv": [ 55.5, 47.5, 58.0, 50.0 ] },
						"south": { "texture": "#templarbody", "uv": [ 58.0, 47.5, 58.5, 50.0 ] },
						"west": { "texture": "#templarbody", "uv": [ 58.5, 47.5, 61.0, 50.0 ] },
						"up": { "texture": "#templarbody", "uv": [ 55.0, 45.0, 55.5, 47.5 ] },
						"down": { "texture": "#templarbody", "uv": [ 55.5, 45.0, 56.0, 47.5 ] }
					}
				}
			]
		},
		{
			"name": "BracerR1",
			"from": [ 6.7917, 10.7205, 1.76 ],
			"to": [ 10.2917, 16.7205, 3.26 ],
			"unwrapMode": 1,
			"autoUnwrap": false,
			"uv": [ 30.5, 23.5 ],
			"rotationOrigin": [ 8.4917, 12.2205, 2.0557 ],
			"rotationX": 0.0062,
			"rotationY": -1.0055,
			"rotationZ": -2.1024,
			"faces": {
				"north": { "texture": "#textile", "uv": [ 32.0, 25.0, 35.5, 31.0 ] },
				"east": { "texture": "#textile", "uv": [ 30.5, 25.0, 32.0, 31.0 ] },
				"south": { "texture": "#textile", "uv": [ 25.0, 15.0, 31.0, 18.5 ], "rotation": 90 },
				"west": { "texture": "#textile", "uv": [ 35.5, 25.0, 37.0, 31.0 ] },
				"up": { "texture": "#textile", "uv": [ 32.0, 23.5, 35.5, 25.0 ], "rotation": 180 },
				"down": { "texture": "#textile", "uv": [ 32.0, 31.0, 35.5, 32.5 ] }
			},
			"children": [
				{
					"name": "BracerR2",
					"from": [ 0.0, 1.0, 1.9 ],
					"to": [ 3.5, 6.0, 3.4 ],
					"unwrapMode": 3,
					"autoUnwrap": false,
					"uv": [ 29.0, 33.0 ],
					"rotationOrigin": [ 1.7, 1.0, 2.4 ],
					"rotationX": 5.0,
					"faces": {
						"north": { "texture": "#textile", "uv": [ 25.5, 13.5, 29.0, 18.5 ], "windMode": [-1,-1,-1,-1], "windData": [0,1,1,0] },
						"east": { "texture": "#textile", "uv": [ 34.0, 34.5, 35.5, 39.5 ] },
						"south": { "texture": "#textile", "uv": [ 30.5, 34.5, 34.0, 39.5 ], "windMode": [-1,-1,-1,-1], "windData": [0,0,1,1] },
						"west": { "texture": "#textile", "uv": [ 29.0, 34.5, 30.5, 39.5 ] },
						"up": { "texture": "#textile", "uv": [ 30.5, 33.0, 34.0, 34.5 ] },
						"down": { "texture": "#textile", "uv": [ 30.5, 39.5, 34.0, 41.0 ], "rotation": 180 }
					}
				}
			]
		},
		{
			"name": "BracerL1",
			"from": [ 6.8726, 10.7235, 12.84 ],
			"to": [ 10.3726, 16.7235, 14.34 ],
			"unwrapMode": 3,
			"autoUnwrap": false,
			"uv": [ 37.5, 23.5 ],
			"rotationOrigin": [ 8.5726, 12.2235, 12.84 ],
			"rotationX": -0.0062,
			"rotationY": 1.0055,
			"rotationZ": -2.1024,
			"faces": {
				"north": { "texture": "#textile", "uv": [ 25.0, 14.0, 31.0, 17.5 ], "rotation": 90, "windMode": [-1,-1,-1,-1], "windData": [0,1,1,0] },
				"east": { "texture": "#textile", "uv": [ 42.5, 25.0, 44.0, 31.0 ] },
				"south": { "texture": "#textile", "uv": [ 39.0, 25.0, 42.5, 31.0 ] },
				"west": { "texture": "#textile", "uv": [ 37.5, 25.0, 39.0, 31.0 ] },
				"up": { "texture": "#textile", "uv": [ 39.0, 23.5, 42.5, 25.0 ] },
				"down": { "texture": "#textile", "uv": [ 39.0, 31.0, 42.5, 32.5 ], "rotation": 180 }
			},
			"children": [
				{
					"name": "BracerL2",
					"from": [ 0.0, 1.0, -1.9 ],
					"to": [ 3.5, 6.0, -0.4 ],
					"unwrapMode": 1,
					"autoUnwrap": false,
					"uv": [ 36.0, 33.0 ],
					"rotationOrigin": [ 1.5, 1.0, -0.9 ],
					"rotationX": -5.0,
					"faces": {
						"north": { "texture": "#textile", "uv": [ 37.5, 34.5, 41.0, 39.5 ] },
						"east": { "texture": "#textile", "uv": [ 36.0, 34.5, 37.5, 39.5 ] },
						"south": { "texture": "#textile", "uv": [ 25.5, 13.5, 29.0, 18.5 ] },
						"west": { "texture": "#textile", "uv": [ 41.0, 34.5, 42.5, 39.5 ] },
						"up": { "texture": "#textile", "uv": [ 37.5, 33.0, 41.0, 34.5 ], "rotation": 180 },
						"down": { "texture": "#textile", "uv": [ 37.5, 39.5, 41.0, 41.0 ] }
					}
				}
			]
		}
	],
	"animations": [
	]
}