[
	{
		ingredientPattern: "_BC,BPB,MKM",
		ingredients: {
			"P": { type: "item", code: "game:metalplate-iron" },
			"M": { type: "item", code: "game:metalchain-iron" },
			"B": { type: "item", code: "game:cloth-blue" },
			"K": { type: "item", code: "game:cloth-black" },
			"C": { type: "item", code: "game:charcoal" },
			"L": { type: "item", code: "game:metalscale-iron" },
		},
		width: 3,
		height: 3,
		output: { type: "item", code: "armor-head-tracker-blackguardtracker", quantity: 1  }
	},
	{
		ingredientPattern: "_MC,LAL,KBK",
		ingredients: {
			"M": { type: "item", code: "game:metalchain-iron", quantity: 2  },
			"B": { type: "item", code: "game:cloth-blue" },
			"K": { type: "item", code: "game:leather-normal-black" },
			"C": { type: "item", code: "game:charcoal" },
			"L": { type: "item", code: "game:metalscale-iron", quantity: 3  },
			"A": { type: "item", code: "game:armor-body-jerkin-leather" },
		},
		width: 3,
		height: 3,
		output: { type: "item", code: "armor-body-tracker-blackguardtracker", quantity: 1  }
	},
	{
		ingredientPattern: "BBC,LAL,KMK",
		ingredients: {
			"M": { type: "item", code: "game:metalchain-iron", quantity: 2  },
			"B": { type: "item", code: "game:cloth-blue" },
			"K": { type: "item", code: "game:leather-normal-black" },
			"C": { type: "item", code: "game:charcoal" },
			"L": { type: "item", code: "game:metalscale-iron", quantity: 3  },
			"A": { type: "item", code: "game:armor-legs-jerkin-leather" },
		},
		width: 3,
		height: 3,
		output: { type: "item", code: "armor-legs-tracker-blackguardtracker", quantity: 1  }
	},
	{
		ingredientPattern: "A,M",
		recipeGroup: 2,
		ingredients: {
			"A": { type: "item", code: "armor-head-tracker-blackguardtracker" },
			"M": { type: "item", code: "game:metalchain-iron" },
		},
		width: 1,
		height: 2,
		averageDurability: false,
		output: { type: "item", code: "armor-head-tracker-blackguardtracker"  },
	},
	{
		ingredientPattern: "A,K,L",
		recipeGroup: 2,
		ingredients: {
			"A": { type: "item", code: "armor-body-tracker-blackguardtracker"  },
			"K": { type: "item", code: "game:leather-normal-black" },
			"L": { type: "item", code: "game:metalscale-iron"  },
		},
		width: 1,
		height: 3,
		averageDurability: false,
		output: { type: "item", code: "armor-body-tracker-blackguardtracker"  },
	},
	{
		ingredientPattern: "A,K,L",
		recipeGroup: 2,
		ingredients: {
			"A": { type: "item", code: "armor-legs-tracker-blackguardtracker"  },
			"K": { type: "item", code: "game:leather-normal-black" },
			"L": { type: "item", code: "game:metalscale-iron"  },
		},
		width: 1,
		height: 3,
		averageDurability: false,
		output: { type: "item", code: "armor-legs-tracker-blackguardtracker"  }
	}
]
