[
	{
		ingredientPattern: "PPP,MAM,C_C",
		recipeGroup: 1,
		ingredients: {
			"P": { type: "item", code: "game:metalplate-steel" },
			"M": { type: "item", code: "game:metalchain-steel" },
			"C": { type: "item", code: "game:cloth-blue" },
			"A": { type: "item", code: "game:armor-body-antique-blackguard-pristine" },
		},
		width: 3,
		height: 3,
		output: { type: "item", code: "armor-body-antique-blackguardwarden-pristine", quantity: 1  }
	},
	{
		ingredientPattern: "_P_,MAM",
		recipeGroup: 1,
		ingredients: {
			"P": { type: "item", code: "game:metalplate-steel" },
			"M": { type: "item", code: "game:metalchain-steel" },
			"A": { type: "item", code: "game:armor-legs-antique-blackguard-pristine" },
		},
		width: 3,
		height: 2,
		output: { type: "item", code: "armor-legs-antique-blackguardwarden-pristine", quantity: 1  }
	},
	{
		ingredientPattern: "PA",
		recipeGroup: 1,
		ingredients: {
			"P": { type: "item", code: "game:metalplate-steel" },
			"A": { type: "item", code: "game:armor-head-antique-blackguard-pristine" },
		},
		width: 1,
		height: 2,
		output: { type: "item", code: "armor-head-antique-blackguardwarden-pristine"  }
	},
	{
		ingredientPattern: "AL,P_,M_",
		recipeGroup: 2,
		ingredients: {
			"P": { type: "item", code: "game:metalplate-steel" },
			"M": { type: "item", code: "game:metalchain-steel" },
			"L": { type: "item", code: "game:leather-normal-plain" },
			"A": { type: "item", code: "armor-legs-antique-blackguardwarden-pristine" },
		},
		width: 2,
		height: 3,
		averageDurability: false,
		output: { type: "item", code: "armor-legs-antique-blackguardwarden-pristine"  }
	},
	{
		ingredientPattern: "AL,P_,M_",
		recipeGroup: 2,
		ingredients: {
			"P": { type: "item", code: "game:metalplate-steel" },
			"M": { type: "item", code: "game:metalchain-steel" },
			"L": { type: "item", code: "game:leather-normal-plain" },
			"A": { type: "item", code: "armor-body-antique-blackguardwarden-pristine" },
		},
		width: 2,
		height: 3,
		averageDurability: false,
		output: { type: "item", code: "armor-body-antique-blackguardwarden-pristine", quantity: 1  }
	},
	{
		ingredientPattern: "AL,P_,M_",
		recipeGroup: 2,
		ingredients: {
			"P": { type: "item", code: "game:metalplate-steel" },
			"M": { type: "item", code: "game:metalchain-steel" },
			"L": { type: "item", code: "game:leather-normal-plain" },
			"A": { type: "item", code: "armor-head-antique-blackguardwarden-pristine" },
		},
		width: 2,
		height: 3,
		averageDurability: false,
		output: { type: "item", code: "armor-head-antique-blackguardwarden-pristine"  }
	},
	{
		ingredientPattern: "AL,P_,M_",
		recipeGroup: 2,
		ingredients: {
			"P": { type: "item", code: "game:metalplate-steel" },
			"M": { type: "item", code: "game:metalchain-steel" },
			"L": { type: "item", code: "game:leather-normal-plain" },
			"A": { type: "item", code: "armor-legs-antique-blackguardwarden-damaged" },
		},
		width: 2,
		height: 3,
		output: { type: "item", code: "armor-legs-antique-blackguardwarden-pristine"  }
	},
	{
		ingredientPattern: "AL,P_,M_",
		recipeGroup: 2,
		ingredients: {
			"P": { type: "item", code: "game:metalplate-steel" },
			"M": { type: "item", code: "game:metalchain-steel" },
			"L": { type: "item", code: "game:leather-normal-plain" },
			"A": { type: "item", code: "armor-body-antique-blackguardwarden-damaged" },
		},
		width: 2,
		height: 3,
		output: { type: "item", code: "armor-body-antique-blackguardwarden-pristine", quantity: 1  }
	},
	{
		ingredientPattern: "AL,P_,M_",
		recipeGroup: 2,
		ingredients: {
			"P": { type: "item", code: "game:metalplate-steel" },
			"M": { type: "item", code: "game:metalchain-steel" },
			"L": { type: "item", code: "game:leather-normal-plain" },
			"A": { type: "item", code: "armor-head-antique-blackguardwarden-damaged" },
		},
		width: 2,
		height: 3,
		output: { type: "item", code: "armor-head-antique-blackguardwarden-pristine"  }
	}
]
