{
	"editor": {
		"allAngles": false,
		"singleTexture": false
	},
	"textureWidth": 16,
	"textureHeight": 16,
	"textures": {
		"flaxbread": "game:item/food/grain/flaxbread"
	},
	"elements": [
		{
			"name": "flaxbread 19",
			"from": [ 6.0, 0.0, 5.0 ], 
			"to": [ 9.5, 1.5, 9.0 ], 
			"rotationOrigin": [ 7.6, 0.0, 7.0 ],
			"faces": {
				"north": { "texture": "#flaxbread", "uv": [ 2.0, 6.0, 5.5, 7.5 ] },
				"east": { "texture": "#flaxbread", "uv": [ 0.0, 6.0, 4.0, 7.5 ] },
				"south": { "texture": "#flaxbread", "uv": [ 11.0, 3.5, 14.5, 5.0 ] },
				"west": { "texture": "#flaxbread", "uv": [ 0.0, 6.0, 4.0, 7.5 ] },
				"up": { "texture": "#flaxbread", "uv": [ 0.5, 1.5, 4.0, 5.5 ] },
				"down": { "texture": "#flaxbread", "uv": [ 4.0, 0.0, 7.5, 4.0 ] }
			},
			"children": [
				{
					"name": "flaxbread 1 top20",
					"from": [ 0.5, 1.5, 0.5 ], 
					"to": [ 3.0, 2.0, 4.0 ], 
					"faces": {
						"north": { "texture": "#flaxbread", "uv": [ 1.0, 1.5, 3.5, 2.0 ] },
						"east": { "texture": "#flaxbread", "uv": [ 0.5, 2.0, 1.0, 5.5 ], "rotation": 90 },
						"south": { "texture": "#flaxbread", "uv": [ 11.0, 5.5, 13.5, 6.0 ] },
						"west": { "texture": "#flaxbread", "uv": [ 3.5, 2.0, 4.0, 5.5 ], "rotation": 90 },
						"up": { "texture": "#flaxbread", "uv": [ 1.0, 2.0, 3.5, 5.5 ] },
						"down": { "texture": "#flaxbread", "uv": [ 5.0, 2.0, 7.5, 5.5 ], "enabled": false }
					}
				}
			]
		}
	]}