[
  {
    "file": "game:worldgen/rockstrata.json",
    "op": "addmerge",
    "path": "/variants/-",
    "value": 
    {
	blockcode:   "rock-komatiite",
	"amplitudes":  [4, 2, 1],
	"thresholds":  [2.2, 1.1, 0.5],
	"frequencies": [0.05, 0.1, 0.2],
	genDir: "BottomUp",
	rockGroup: "Volcanic"
    }
  },
  {
    "file": "game:worldgen/rockstrata.json",
    "op": "addmerge",
    "path": "/variants/-",
    "value": 
    {
	blockcode:   "rock-arenite",
	"amplitudes":  [5, 2.5, 1.25, 0.7],
	"thresholds":  [2.5, 1.25, 0.75, 0.4],
	"frequencies": [0.05, 0.1, 0.2, 0.4],
	genDir: "TopDown",
	rockGroup: "Sedimentary"
    }
  },
  {
    "file": "game:worldgen/rockstrata.json",
    "op": "addmerge",
    "path": "/variants/-",
    "value": 
    {
	blockcode:   "rock-arkose",
	"amplitudes":  [5, 2.5, 1.25, 0.7],
	"thresholds":  [2.5, 1.25, 0.75, 0.4],
	"frequencies": [0.05, 0.1, 0.2, 0.4],
	genDir: "TopDown",
	rockGroup: "Sedimentary"
    }
  },
  {
    "file": "game:worldgen/rockstrata.json",
    "op": "addmerge",
    "path": "/variants/-",
    "value": 
    {
	blockcode:   "rock-marl",
	"amplitudes":  [4, 2, 1],
	"thresholds":  [2.2, 1.1, 0.5],
	"frequencies": [0.05, 0.1, 0.2],
	genDir: "TopDown",
	rockGroup: "Sedimentary"
    }
  },
  {
    "file": "game:worldgen/rockstrata.json",
    "op": "addmerge",
    "path": "/variants/-",
    "value": 
    {
	blockcode:   "rock-travertine",
	"amplitudes":  [4, 2, 1],
	"thresholds":  [2.2, 1.1, 0.5],
	"frequencies": [0.05, 0.1, 0.2],
	genDir: "TopDown",
	rockGroup: "Sedimentary"
    }
  },
  {
    "file": "game:worldgen/rockstrata.json",
    "op": "addmerge",
    "path": "/variants/-",
    "value": 
    {
	blockcode:   "rock-wacke",
	"amplitudes":  [5, 2.5, 1.25, 0.7],
	"thresholds":  [2.5, 1.25, 0.75, 0.4],
	"frequencies": [0.05, 0.1, 0.2, 0.4],
	genDir: "TopDown",
	rockGroup: "Sedimentary"
    }
  },
  {
    "file": "game:worldgen/rockstrata.json",
    "op": "addmerge",
    "path": "/variants/-",
    "value": 
    {
	blockcode:   "rock-serpentinite",
	amplitudes:  [2.9, 1.6, 0.75, 0.43],
	thresholds:  [0.8, 0.4, 0.2, 0.15],
	frequencies: [0.05, 0.1, 0.2, 0.4],
	genDir: "BottomUp",
	rockGroup: "Metamorphic"
    }
  },
  {
    "file": "game:worldgen/rockstrata.json",
    "op": "addmerge",
    "path": "/variants/-",
    "value": 
    {
	blockcode:   "rock-monzonite",
	amplitudes:     [2.9, 1.6, 0.75, 0.43],
	thresholds:  [0.8, 0.4, 0.2, 0.15],
	frequencies: [0.05, 0.1, 0.2, 0.4],
	genDir: "BottomUp",
	rockGroup: "Igneous"
    }
  },
  {
    "file": "game:worldgen/rockstrata.json",
    "op": "addmerge",
    "path": "/variants/-",
    "value": 
    {
	blockcode:   "rock-syenite",
	amplitudes:     [2.9, 1.6, 0.75, 0.43],
	thresholds:  [0.8, 0.4, 0.2, 0.15],
	frequencies: [0.05, 0.1, 0.2, 0.4],
	genDir: "BottomUp",
	rockGroup: "Igneous"
    }
  },
  {
    "file": "game:worldgen/rockstrata.json",
    "op": "addmerge",
    "path": "/variants/-",
    "value": 
    {
	blockcode:   "rock-pyroxenite",
	amplitudes:     [2.9, 1.6, 0.75, 0.43],
	thresholds:  [0.8, 0.4, 0.2, 0.15],
	frequencies: [0.05, 0.1, 0.2, 0.4],
	genDir: "BottomUp",
	rockGroup: "Igneous"
    }
  },
]