{
	"editor": {
		"backDropShape": "cervini/megalocerosgiganteus/adult",
		"collapsedPaths": "Root/ORIGINbridle/Bit/StrapBottom,Root/ORIGINbridle/Bit/StrapTop,Root/ORIGINbridle/Bit/ReinsN4,Root/ORIGINbridle/Bit/ReinsN",
		"allAngles": true,
		"entityTextureMode": false
	},
	"textureWidth": 16,
	"textureHeight": 16,
	"textureSizes": {
		"plain": [16,16]
	},
	"textures": {
		"plain": "game:block/leather/plain",
		"tinbronze1": "game:block/metal/sheet-plain/tinbronze1"
	},
	"elements": [
		{
			"name": "faceORIGIN",
			"stepParentName": "Nose",
			"from": [ 2.3, 0.9, 0.6 ],
			"to": [ 3.3, 1.9, 1.6 ],
			"rotationOrigin": [ 2.3, 0.9, 0.6 ],
			"faces": {
			},
			"children": [
				{
					"name": "Medallion",
					"from": [ 3.8, 1.7, 1.0 ],
					"to": [ 5.2, 1.9, 1.4 ],
					"rotationOrigin": [ 4.4, 1.7, 1.2 ],
					"faces": {
						"north": { "texture": "#tinbronze1", "uv": [ 8.0, 8.0, 9.0, 8.5 ] },
						"east": { "texture": "#tinbronze1", "uv": [ 9.5, 15.0, 10.0, 15.5 ] },
						"south": { "texture": "#tinbronze1", "uv": [ 4.5, 5.0, 5.5, 5.5 ] },
						"west": { "texture": "#tinbronze1", "uv": [ 8.0, 14.0, 8.5, 14.5 ] },
						"up": { "texture": "#tinbronze1", "uv": [ 11.5, 6.0, 12.5, 6.5 ] }
					},
					"children": [
						{
							"name": "strap",
							"from": [ 1.2, 0.0, -0.1 ],
							"to": [ 1.7, 0.1, 0.5 ],
							"rotationOrigin": [ 1.2, 0.0, 0.2 ],
							"faces": {
								"north": { "texture": "#plain", "uv": [ 2.0, 3.0, 2.5, 3.5 ] },
								"south": { "texture": "#plain", "uv": [ 11.5, 2.0, 12.0, 2.5 ] },
								"up": { "texture": "#plain", "uv": [ 5.5, 4.0, 6.0, 4.5 ] },
								"down": { "texture": "#plain", "uv": [ 2.5, 15.0, 3.0, 15.5 ] }
							},
							"children": [
								{
									"name": "band",
									"from": [ -1.0, -0.9, -1.0 ],
									"to": [ 0.0, 0.1, 1.6 ],
									"rotationOrigin": [ 0.0, 0.0, 0.3 ],
									"faces": {
										"north": { "texture": "#plain", "uv": [ 2.0, 10.0, 3.0, 11.0 ] },
										"east": { "texture": "#plain", "uv": [ 11.0, 10.0, 13.5, 11.0 ] },
										"south": { "texture": "#plain", "uv": [ 8.0, 8.0, 9.0, 9.0 ] },
										"west": { "texture": "#plain", "uv": [ 4.0, 1.5, 6.5, 2.5 ] },
										"up": { "texture": "#plain", "uv": [ 6.5, 12.5, 7.5, 15.0 ] },
										"down": { "texture": "#plain", "uv": [ 7.5, 7.5, 8.5, 10.0 ] }
									},
									"children": [
										{
											"name": "strip1",
											"from": [ -0.1, 0.9, 1.9 ],
											"to": [ 1.1, 1.1, 2.1 ],
											"rotationOrigin": [ 0.5, 1.0, 2.0 ],
											"rotationY": -10.0,
											"faces": {
												"north": { "texture": "#tinbronze1", "uv": [ 11.0, 9.0, 12.0, 9.5 ] },
												"east": { "texture": "#tinbronze1", "uv": [ 10.0, 8.5, 10.5, 9.0 ] },
												"south": { "texture": "#tinbronze1", "uv": [ 13.5, 0.5, 14.5, 1.0 ] },
												"west": { "texture": "#tinbronze1", "uv": [ 0.5, 12.5, 1.0, 13.0 ] },
												"up": { "texture": "#tinbronze1", "uv": [ 8.0, 10.5, 9.0, 11.0 ] }
											}
										},
										{
											"name": "strip2",
											"from": [ -0.1, 0.9, 0.5 ],
											"to": [ 1.1, 1.1, 0.7 ],
											"rotationOrigin": [ 0.5, 1.0, 0.6 ],
											"rotationY": 10.0,
											"faces": {
												"north": { "texture": "#tinbronze1", "uv": [ 4.5, 13.5, 5.5, 14.0 ] },
												"east": { "texture": "#tinbronze1", "uv": [ 6.5, 9.5, 7.0, 10.0 ] },
												"south": { "texture": "#tinbronze1", "uv": [ 2.0, 2.5, 3.0, 3.0 ] },
												"west": { "texture": "#tinbronze1", "uv": [ 11.0, 0.0, 11.5, 0.5 ] },
												"up": { "texture": "#tinbronze1", "uv": [ 14.5, 8.0, 15.5, 8.5 ] }
											}
										},
										{
											"name": "Cube2",
											"from": [ 0.2, 0.7, -0.1 ],
											"to": [ 0.4, 0.9, 2.7 ],
											"rotationOrigin": [ 0.3, 0.8, 1.3 ],
											"faces": {
												"north": { "texture": "#tinbronze1", "uv": [ 7.0, 8.5, 7.5, 9.0 ] },
												"east": { "texture": "#tinbronze1", "uv": [ 3.5, 14.5, 6.0, 15.0 ] },
												"south": { "texture": "#tinbronze1", "uv": [ 9.0, 2.5, 9.5, 3.0 ] },
												"west": { "texture": "#tinbronze1", "uv": [ 1.0, 5.0, 3.5, 5.5 ] },
												"up": { "texture": "#tinbronze1", "uv": [ 5.5, 2.0, 6.0, 4.5 ] },
												"down": { "texture": "#tinbronze1", "uv": [ 9.5, 7.5, 10.0, 10.0 ] }
											}
										},
										{
											"name": "Cube3",
											"from": [ 0.2, 0.3, -0.1 ],
											"to": [ 0.4, 0.5, 2.7 ],
											"rotationOrigin": [ 0.3, 0.4, 1.3 ],
											"faces": {
												"north": { "texture": "#tinbronze1", "uv": [ 6.5, 10.0, 7.0, 10.5 ] },
												"east": { "texture": "#tinbronze1", "uv": [ 10.0, 12.5, 12.5, 13.0 ] },
												"south": { "texture": "#tinbronze1", "uv": [ 8.5, 14.0, 9.0, 14.5 ] },
												"west": { "texture": "#tinbronze1", "uv": [ 6.0, 14.0, 8.5, 14.5 ] },
												"up": { "texture": "#tinbronze1", "uv": [ 5.5, 6.0, 6.0, 8.5 ] },
												"down": { "texture": "#tinbronze1", "uv": [ 14.0, 8.5, 14.5, 11.0 ] }
											}
										}
									]
								}
							]
						}
					]
				}
			]
		},
		{
			"name": "headstrap",
			"stepParentName": "Head",
			"from": [ -0.1, 4.6, 2.001 ],
			"to": [ 1.9, 5.1, 2.601 ],
			"rotationOrigin": [ -0.1, 4.6, 2.0 ],
			"faces": {
				"north": { "texture": "#plain", "uv": [ 5.5, 4.0, 7.5, 4.5 ] },
				"south": { "texture": "#plain", "uv": [ 2.5, 4.0, 4.5, 4.5 ] },
				"west": { "texture": "#plain", "uv": [ 5.5, 13.5, 6.0, 14.0 ], "windMode": [-1,-1,-1,-1] },
				"up": { "texture": "#plain", "uv": [ 0.0, 9.0, 2.0, 9.5 ] }
			}
		}
	]}