{
  "ingredient": {
    "type": "item",
    "code": "game:clay-*",
    "name": "color",
    "allowedVariants": [ "blue", "fire", "red" ]
  },
  "pattern": [
    [
      "_____",
      "_____",
      "__#__",
      "_____",
      "_____"
    ],
    [
      "_____",
      "_***_",
      "_*_*_",
      "_***_",
      "_____"
    ],
    [
      "_____",
      "_***_",
      "_*_*_",
      "_***_",
      "_____"
    ],
    [
      "_____",
      "_***_",
      "_*_*_",
      "_***_",
      "_____"
    ],
    [
      "_____",
      "_***_",
      "_*_*_",
      "_***_",
      "_____"
    ]
  ],
  "name": "Clay Smoking Pipe Bowl",
  "output": {
    "type": "item",
    "code": "claysmokingpipebowl-{color}-raw"
  }
}