[
	{
		ingredientPattern: "_H_,BPB,_B_",
		ingredients: {
			"B": { type: "item", code: "game:plank-aged", name: "wood", quantity: 1 },
			"P": { type: "item", code: "game:boss-*", name: "metal", allowedVariants: ["tinbronze", "bismuthbronze", "blackbronze", "iron", "meteoriciron", "steel", "gold", "silver"], quantity: 1 },
			"H": { type: "item", code: "game:hoop-*", name: "metal", allowedVariants: ["tinbronze", "bismuthbronze", "blackbronze", "iron", "meteoriciron", "steel", "gold", "silver"], quantity: 1 },
		},
		width: 3,
		height: 3,
		output: { type: "item", code: "game:shield-woodmetal", quantity: 1, attributes: { "metal": "{metal}", "wood": "veryaged", "deco": "none" }  }
	},
	{
		ingredientPattern: "_H_,BPB,_B_",
		ingredients: {
			"B": { type: "item", code: "game:plank-lightaged", name: "wood", quantity: 1 },
			"P": { type: "item", code: "game:boss-*", name: "metal", allowedVariants: ["tinbronze", "bismuthbronze", "blackbronze", "iron", "meteoriciron", "steel", "gold", "silver"], quantity: 1 },
			"H": { type: "item", code: "game:hoop-*", name: "metal", allowedVariants: ["tinbronze", "bismuthbronze", "blackbronze", "iron", "meteoriciron", "steel", "gold", "silver"], quantity: 1 },
		},
		width: 3,
		height: 3,
		output: { type: "item", code: "game:shield-woodmetal", quantity: 1, attributes: { "metal": "{metal}", "wood": "aged", "deco": "none" }  }
	},
]