{
	code: "knife",
	"__comment": "ItemKnife contains code for harvesting animal carcasses",
	class: "ItemKnife",
	damagedby: ["blockbreaking", "attacking"],
	tool: "knife",
	attributes: {

"bloodshed-defense": {
				"blockSoundLight": "game:tool/slash",
				"blockSoundHeavy": "game:effect/anvilmergehit",
				"protectionChanceByType": {
					"*": {
						"passive": 0.5,
						"active": 1
					},
				},
				"damageAbsorptionByType": {
					"*-ruined": 2,
					"*-copper": 3,
					"*-tinbronze": 4,
					"*-bismuthbronze": 4.5,
					"*-blackbronze": 5,
					"*-iron": 5.5,
					"*-meteoriciron": 6,
					"*-steel": 6.5,
					"*-gold": 6.5,
					"*-silver": 6.5
				},
				"vertProtectionRange": 30,
				"horizProtectionRange": 30
			},


"sharpenable": true,
"onGrindstoneTransform": {
		translation: { x: -0.2, y: 0.3, z: 0.4 },
		rotation: { x: 50, y: 0, z: 0 },
		origin: { x: 0.5, y: 0.1, z: 0.5 },
		scale: 1
},

		heldItemPitchFollow: 1,
		knifeHitBlockAnimation: "knifecut",
		knifeHitEntityAnimation: "knifestab",
		handbook: {
			groupBy: ["knife-*"]
		},
		toolrackTransformByType: {
			
			"knife-khanjar-*": {
				translation: { x: 0.1, y: 0.6, z: -0.1 },
				rotation: { x: 97, y: 180, z: 3 },
				origin: { x: 0.5, y: 0, z: 0.5 },
				scale: 1.8
			},
			
		},
		groundStorageTransformByType: {
			
			"knife-khanjar-*": {
				translation: { x: 0, y: 0.065, z: -0.145 },
				rotation: { x: 26, y: 88, z: -97 },
				scale: 1
			},
			
		}
	},
	behaviors: [{ 
		name: "GroundStorable",
		properties: {
			layout: 'WallHalves',
			wallOffY: 1,
			ctrlKey: true,
			selectionBox: { x1: 0, y1: 0, z1: 0, x2: 1, y2: 0.1, z2: 1 },
			collisionBox: { x1: 0, y1: 0, z1: 0, x2: 0, y2: 0, z2: 0 },
		},
	}, { name: "AnimationAuthoritative" }],
	variantgroups: [
		{ code: "type", states: ["khanjar"] },
		{ code: "material", states: ["copper", "tinbronze", "bismuthbronze", "blackbronze", "gold", "silver", "iron", "meteoriciron", "steel", ] },
	],
	skipVariants: [
		"knife-khanjar-scrap",
	],
	allowedVariants: [
		"knife-khanjar-*",
	],
	shapeByType: {
		"knife-khanjar-silver": { "base": "vanillaarmory:shapes/item/tool/blade/khanjar-ornate" },
		"knife-khanjar-gold": { "base": "vanillaarmory:shapes/item/tool/blade/khanjar-ornate" },


		"*": { base: "game:item/tool/knife/khanjar" }
	},
	heldTpHitAnimation: "knifestab",
	texturesByType: {
		"knife-khanjar-silver": { "blackbronze": { base: "game:block/metal/ingot/steel" }, 
					 "handguard": { base: "game:block/metal/ingot/silver" },
					 "cloth": { base: "game:block/cloth/linen/blue" },
		},
		"knife-khanjar-gold": { "blackbronze": { base: "game:block/metal/ingot/steel" } },


		"knife-khanjar-*": {
			"blackbronze": { base: "game:block/metal/ingot/{material}" }
		},
	},
	durabilitybytype: {
				
		"knife-khanjar-gold": 2968,
		"knife-khanjar-silver": 2968,
		"knife-khanjar-copper": 350,
		"knife-khanjar-tinbronze": 630,
		"knife-khanjar-bismuthbronze": 742,
		"knife-khanjar-blackbronze": 840,
		"knife-khanjar-iron": 1190,
		"knife-khanjar-meteoriciron": 1540,
		"knife-khanjar-steel": 2968,

	},
	miningspeedbytype: {
		
		"knife-*": {
			"plant": 1,
		},
		
	},
	
	tooltierbytype: {
		
		"*-copper": 2,
		"*-gold": 5,
		"*-silver": 5,
		"*-ruined": 2,
		"*-bismuthbronze": 3,
		"*-tinbronze": 3,
		"*-blackbronze": 3,
		"*-iron": 4,
		"*-meteoriciron": 4,
		"*-steel": 5
	},
	attackRange: 1.2,
	attributesByType: {
		"knife-khanjar-gold": {
			attachableToEntity: {
				categoryCode: "utilities",
				attachedShapeBySlotCode: {
					"frontrightside": { base: "item/wearable/hooved/elk/weaponr-khanjar-ornate" },
					"frontleftside": { base: "item/wearable/hooved/elk/weaponl-khanjar-ornate" }
				}
			}				
		},
		"knife-khanjar-silver": {
			attachableToEntity: {
				categoryCode: "utilities",
				attachedShapeBySlotCode: {
					"frontrightside": { base: "item/wearable/hooved/elk/weaponr-khanjar-ornate" },
					"frontleftside": { base: "item/wearable/hooved/elk/weaponl-khanjar-ornate" }
				}
			}				
		},
		"knife-khanjar-*": {
			attachableToEntity: {
				categoryCode: "utilities",
				attachedShapeBySlotCode: {
					"frontrightside": { base: "item/wearable/hooved/elk/weaponr-khanjar" },
					"frontleftside": { base: "item/wearable/hooved/elk/weaponl-khanjar" }
				}
			}				
		}
	},
	attackpowerbytype: {
		
		"knife-khanjar-copper": 5.32,
		"knife-khanjar-bismuthbronze": 6.02,
		"knife-khanjar-tinbronze": 6.3,
		"knife-khanjar-gold": 7.42,
		"knife-khanjar-silver": 7.42,
		"knife-khanjar-blackbronze": 6.72,
		"knife-khanjar-iron": 7,
		"knife-khanjar-meteoriciron": 7.42,
		"knife-khanjar-steel": 7.42,

		
	},
	creativeinventory: { "general": ["*"],  "vanillaarmory": ["*"], "items": ["*"], "tools": ["*"] },
	fpHandTransformByType: {
		"*-ruined": {
			translation: { x: 0.2, y: 0, z: 0.5 },
			rotation: { x: 140, y: 93, z: -75 },
			scale: 2.5
		},
		"*": {
			translation: { x: 0.2, y: 0.1, z: 0.5 },
			rotation: { x: 140, y: 93, z: -75 },
			scale: 2.5
		}
	},
	guiTransformByType: {
		
		"knife-khanjar-*": {
			translation: { x: 0, y: 0, z: 0 },
			rotation: { x: -158, y: 0, z: 40 },
			origin: { x: 0.75, y: 0.4, z: 1.24 },
			scale: 1.8
		},
		
	},
	groundTransform: {
			translation: { x: 0, y: 0, z: 0 },
			rotation: { x: -90, y: 0, z: 0 },
			origin: { x: 0.5, y: 0.5, z: 0.45 },
			scale: 3.6
	},
	tpHandTransformByType: {
		
		"*": {
			translation: { x: -0.7, y: 0.01, z: -0.49 },
			rotation: { x: 0, y: 0, z: -3 },
			scale: 1
		},
		
	}
}