{
	code: "knife",
	"__comment": "ItemKnife contains code for harvesting animal carcasses",
	class: "ItemKnife",
	damagedby: ["blockbreaking", "attacking"],
	tool: "knife",
	attributes: {

"bloodshed-defense": {
				"blockSoundLight": "game:tool/slash",
				"blockSoundHeavy": "game:effect/anvilmergehit",
				"protectionChanceByType": {
					"*": {
						"passive": 0.5,
						"active": 1
					},
				},
				"damageAbsorptionByType": {
					"*-ruined": 2,
					"*-copper": 3,
					"*-tinbronze": 4,
					"*-bismuthbronze": 4.5,
					"*-blackbronze": 5,
					"*-iron": 5.5,
					"*-meteoriciron": 6,
					"*-steel": 6.5,
					"*-gold": 6.5,
					"*-silver": 6.5
				},
				"vertProtectionRange": 30,
				"horizProtectionRange": 30
			},


"sharpenable": true,
"onGrindstoneTransform": {
		translation: { x: -0.2, y: 0.3, z: 0.4 },
		rotation: { x: 50, y: 0, z: 0 },
		origin: { x: 0.5, y: 0.1, z: 0.5 },
		scale: 1
},

		heldItemPitchFollow: 1,
		knifeHitBlockAnimation: "knifecut",
		knifeHitEntityAnimation: "knifestab",
		handbook: {
			groupBy: ["knife-*"]
		},
		toolrackTransformByType: {
			
			"knife-stiletto-*": {
				translation: { x: 0.17, y: 0.6, z: -0.1 },
				rotation: { x: 90, y: 180, z: 0 },
				origin: { x: 0.5, y: 0, z: 0.5 },
				scale: 1.8
			},
			
		},
		groundStorageTransformByType: {
			
			"knife-stiletto-*": {
				translation: { x: 0, y: 0.17, z: -0.11 },
				rotation: { x: 26, y: 88, z: -87 },
				scale: 1
			},
			
		}
	},
	behaviors: [{ 
		name: "GroundStorable",
		properties: {
			layout: 'WallHalves',
			wallOffY: 1,
			ctrlKey: true,
			selectionBox: { x1: 0, y1: 0, z1: 0, x2: 1, y2: 0.1, z2: 1 },
			collisionBox: { x1: 0, y1: 0, z1: 0, x2: 0, y2: 0, z2: 0 },
		},
	}, { name: "AnimationAuthoritative" }],
	variantgroups: [
		{ code: "type", states: ["stiletto"] },
		{ code: "material", states: ["copper", "tinbronze", "bismuthbronze", "blackbronze", "gold", "silver", "iron", "meteoriciron", "steel", ] },
	],
	skipVariants: [
		"knife-stiletto-scrap",
	],
	allowedVariants: [
		"knife-stiletto-*",
	],
	shapeByType: {
		"knife-stiletto-silver": { "base": "vanillaarmory:shapes/item/tool/blade/stiletto-ornate" },
		"knife-stiletto-gold": { "base": "vanillaarmory:shapes/item/tool/blade/stiletto-ornate" },

		"*": { base: "game:item/tool/knife/stiletto" }
	},
	heldTpHitAnimation: "knifestab",
	texturesByType: {
		"knife-stiletto-silver": { "blackbronze": { base: "game:block/metal/ingot/steel" }, 
					 "handguard": { base: "game:block/metal/ingot/silver" },
					 "cloth": { base: "game:block/cloth/linen/blue" },
		},
		"knife-stiletto-gold": { "blackbronze": { base: "game:block/metal/ingot/steel" } },


		"knife-stiletto-*": {
			"blackbronze": { base: "game:block/metal/ingot/{material}" }
		},
	},
	durabilitybytype: {
				
		"knife-stiletto-gold": 1696,
		"knife-stiletto-silver": 1696,
		"knife-stiletto-copper": 200,
		"knife-stiletto-tinbronze": 360,
		"knife-stiletto-bismuthbronze": 424,
		"knife-stiletto-blackbronze": 480,
		"knife-stiletto-iron": 680,
		"knife-stiletto-meteoriciron": 880,
		"knife-stiletto-steel": 1696,

	},
	miningspeedbytype: {
		
		"knife-*": {
			"plant": 1,
		},
		
	},
	
	tooltierbytype: {
		
		"*-copper": 2,
		"*-gold": 5,
		"*-silver": 5,
		"*-ruined": 2,
		"*-bismuthbronze": 3,
		"*-tinbronze": 3,
		"*-blackbronze": 3,
		"*-iron": 4,
		"*-meteoriciron": 4,
		"*-steel": 5
	},
	attackRange: 1.2,
	attributesByType: {
		"knife-stiletto-gold": {
			attachableToEntity: {
				categoryCode: "utilities",
				attachedShapeBySlotCode: {
					"frontrightside": { base: "item/wearable/hooved/elk/weaponr-stiletto-ornate" },
					"frontleftside": { base: "item/wearable/hooved/elk/weaponl-stiletto-ornate" }
				}
			}				
		},
		"knife-stiletto-silver": {
			attachableToEntity: {
				categoryCode: "utilities",
				attachedShapeBySlotCode: {
					"frontrightside": { base: "item/wearable/hooved/elk/weaponr-stiletto-ornate" },
					"frontleftside": { base: "item/wearable/hooved/elk/weaponl-stiletto-ornate" }
				}
			}				
		},
		"knife-stiletto-*": {
			attachableToEntity: {
				categoryCode: "utilities",
				attachedShapeBySlotCode: {
					"frontrightside": { base: "item/wearable/hooved/elk/weaponr-stiletto" },
					"frontleftside": { base: "item/wearable/hooved/elk/weaponl-stiletto" }
				}
			}				
		}
	},
	attackpowerbytype: {
		
		"knife-stiletto-copper": 7.6,
		"knife-stiletto-bismuthbronze": 8.6,
		"knife-stiletto-tinbronze": 9,
		"knife-stiletto-gold": 10.6,
		"knife-stiletto-silver": 10.6,
		"knife-stiletto-blackbronze": 9.6,
		"knife-stiletto-iron": 10,
		"knife-stiletto-meteoriciron": 10.6,
		"knife-stiletto-steel": 10.6,

		
	},
	creativeinventory: { "general": ["*"],  "vanillaarmory": ["*"], "items": ["*"], "tools": ["*"] },
	fpHandTransformByType: {
		"*-ruined": {
			translation: { x: 0.2, y: 0, z: 0.5 },
			rotation: { x: 140, y: 93, z: -75 },
			scale: 2.5
		},
		"*": {
			translation: { x: 0.2, y: 0.1, z: 0.5 },
			rotation: { x: 140, y: 93, z: -75 },
			scale: 2.5
		}
	},
	guiTransformByType: {
		
		"knife-stiletto-*": {
			translation: { x: 0, y: 0, z: 0 },
			rotation: { x: -161, y: 11, z: 56 },
			origin: { x: 0.58, y: 0.1, z: 0.5 },
			scale: 2.25
		},
		
	},
	groundTransform: {
			translation: { x: 0, y: 0, z: 0 },
			rotation: { x: -90, y: 0, z: 0 },
			origin: { x: 0.5, y: 0.5, z: 0.45 },
			scale: 3.6
	},
	tpHandTransformByType: {
		
		"knife-stiletto-*": {
			translation: { x: -0.63, y: 0.01, z: -0.65 },
			rotation: { x: -18, y: 0, z: -3 },
			scale: 1
		},
		
	}
}