[




  {
    "ingredientPattern": "S,B",
    "requiresTrait": "carpenter",
    "ingredients": {

      "S": {
        "type": "Block",
        "code": "game:plankslab-aged-*"
      },
      "B": {
        "type": "Item",
        "code": "game:plank-aged"
      }
    },
    "width": 1,
    "height": 2,
    "output": {
      "type": "Block",
      "code": "game:clutter",
      "attributes": {
        "type": "chair-long",
        "collected": true
      }
    }

  },
  {
    "ingredientPattern": "SSS,CBC",
    "requiresTrait": "carpenter",
    "ingredients": {

      "S": {
        "type": "Block",
        "code": "game:plankslab-aged-*"
      },
      "B": {
        "type": "Item",
        "code": "game:plank-aged"
      },
      "C": {
        "type": "Block",
        "code": "game:clutter",
        "attributes": {
          "type": "chair-long",
          "collected": true
        }
      }
    },
    "width": 3,
    "height": 2,
    "output": {
      "type": "Block",
      "code": "game:clutter",
      "attributes": {
        "type": "table-long",
        "collected": true
      }
    }

  },
  {
    "ingredientPattern": "BBB,B_B,B_B",
    "requiresTrait": "carpenter",
    "ingredients": {

      "B": {
        "type": "Item",
        "code": "game:plank-aged"
      }
    },
    "width": 3,
    "height": 3,
    "output": {
      "type": "Block",
      "code": "game:clutter",
      "attributes": {
        "type": "table-aged",
        "collected": true
      }
    }

  },
  {
    "ingredientPattern": "BBB,B_B",
    "requiresTrait": "carpenter",
    "ingredients": {

      "B": {
        "type": "Item",
        "code": "game:plank-aged"
      }
    },
    "width": 3,
    "height": 2,
    "output": {
      "type": "Block",
      "code": "game:clutter",
      "attributes": {
        "type": "chair-aged",
        "collected": true
      }
    }

  },


  {
    "ingredientPattern": "S,T",
    "requiresTrait": "carpenter",
    "ingredients": {

      "S": {
        "type": "Item",
        "code": "game:candle",
        "quantity": 2
      },
      "T": {
        "type": "Block",
        "code": "game:clutter",
        "attributes": {
          "type": "table-long",
          "collected": true
        }
      }
    },
    "width": 1,
    "height": 2,
    "output": {
      "type": "Block",
      "code": "game:clutter",
      "attributes": {
        "type": "table-long-with-accessories",
        "collected": true
      }
    }

  },
  {
    "ingredientPattern": "S,T",
    "requiresTrait": "carpenter",
    "ingredients": {

      "S": {
        "type": "Item",
        "code": "game:cloth-blue"
      },
      "T": {
        "type": "Block",
        "code": "game:clutter",
        "attributes": {
          "type": "table-long",
          "collected": true
        }
      }
    },
    "width": 1,
    "height": 2,
    "output": {
      "type": "Block",
      "code": "game:clutter",
      "attributes": {
        "type": "table-long-with-cloth-blue",
        "collected": true
      }
    }

  },
  {
    "ingredientPattern": "S,T",
    "requiresTrait": "carpenter",
    "ingredients": {

      "S": {
        "type": "Item",
        "code": "game:cloth-green"
      },
      "T": {
        "type": "Block",
        "code": "game:clutter",
        "attributes": {
          "type": "table-long",
          "collected": true
        }
      }
    },
    "width": 1,
    "height": 2,
    "output": {
      "type": "Block",
      "code": "game:clutter",
      "attributes": {
        "type": "table-long-with-cloth-green",
        "collected": true
      }
    }

  },
  {
    "ingredientPattern": "S,T",
    "requiresTrait": "carpenter",
    "ingredients": {

      "S": {
        "type": "Item",
        "code": "game:cloth-purple"
      },
      "T": {
        "type": "Block",
        "code": "game:clutter",
        "attributes": {
          "type": "table-long",
          "collected": true
        }
      }
    },
    "width": 1,
    "height": 2,
    "output": {
      "type": "Block",
      "code": "game:clutter",
      "attributes": {
        "type": "table-long-with-cloth-purple",
        "collected": true
      }
    }

  },
  {
    "ingredientPattern": "S,T",
    "requiresTrait": "carpenter",
    "ingredients": {

      "S": {
        "type": "Item",
        "code": "game:cloth-red"
      },
      "T": {
        "type": "Block",
        "code": "game:clutter",
        "attributes": {
          "type": "table-long",
          "collected": true
        }
      }
    },
    "width": 1,
    "height": 2,
    "output": {
      "type": "Block",
      "code": "game:clutter",
      "attributes": {
        "type": "table-long-with-cloth-red",
        "collected": true
      }
    }

  },
  {
    "ingredientPattern": "HS,NB",
    "requiresTrait": "carpenter",
    "ingredients": {

      "H": {
        "type": "Item",
        "code": "game:hammer-*",
        "isTool": true,
        "toolDurabilityCost": 5
      },
      "S": {
        "type": "Item",
        "code": "game:saw-*",
        "isTool": true,
        "toolDurabilityCost": 1
      },
      "B": {
        "type": "Item",
        "code": "game:plank-ebony",
        "quantity": 16
      },
      "N": {
        "type": "Item",
        "code": "game:metalnailsandstrips-blackbronze"
      }
    },
    "width": 2,
    "height": 2,
    "output": {
      "type": "Block",
      "code": "game:clutter",
      "attributes": {
        "type": "table-noble-single",
        "collected": true
      }
    }
  },


  {
    "ingredientPattern": "HS_,NBN",
    "requiresTrait": "carpenter",
    "ingredients": {

      "H": {
        "type": "Item",
        "code": "game:hammer-*",
        "isTool": true,
        "toolDurabilityCost": 5
      },
      "S": {
        "type": "Item",
        "code": "game:saw-*",
        "isTool": true,
        "toolDurabilityCost": 1
      },
      "B": {
        "type": "Item",
        "code": "game:plank-ebony",
        "quantity": 16
      },
      "N": {
        "type": "Item",
        "code": "game:metalnailsandstrips-blackbronze"
      }
    },
    "width": 3,
    "height": 2,
    "output": {
      "type": "Block",
      "code": "game:clutter",
      "attributes": {
        "type": "table-noble-double",
        "collected": true
      }
    }
  },
  {
    "ingredientPattern": "HS,NB",
    "requiresTrait": "carpenter",
    "ingredients": {

      "H": {
        "type": "Item",
        "code": "game:hammer-*",
        "isTool": true,
        "toolDurabilityCost": 5
      },
      "S": {
        "type": "Item",
        "code": "game:saw-*",
        "isTool": true,
        "toolDurabilityCost": 1
      },
      "B": {
        "type": "Item",
        "code": "game:plank-oak",
        "quantity": 16
      },
      "N": {
        "type": "Item",
        "code": "game:metalnailsandstrips-*"
      }
    },
    "width": 2,
    "height": 2,
    "output": {
      "type": "Block",
      "code": "game:clutter",
      "attributes": {
        "type": "table-tavern-single",
        "collected": true
      }
    }
  },


  {
    "ingredientPattern": "HS_,NBN",
    "requiresTrait": "carpenter",
    "ingredients": {

      "H": {
        "type": "Item",
        "code": "game:hammer-*",
        "isTool": true,
        "toolDurabilityCost": 5
      },
      "S": {
        "type": "Item",
        "code": "game:saw-*",
        "isTool": true,
        "toolDurabilityCost": 1
      },
      "B": {
        "type": "Item",
        "code": "game:plank-oak",
        "quantity": 16
      },
      "N": {
        "type": "Item",
        "code": "game:metalnailsandstrips-*"
      }
    },
    "width": 3,
    "height": 2,
    "output": {
      "type": "Block",
      "code": "game:clutter",
      "attributes": {
        "type": "table-tavern-double",
        "collected": true
      }
    }
  },
  {
    "ingredientPattern": "S,B",
    "requiresTrait": "carpenter",
    "ingredients": {

      "S": {
        "type": "Block",
        "code": "game:plankslab-aged-*"
      },
      "B": {
        "type": "Item",
        "code": "game:plank-aged"
      }
    },
    "width": 1,
    "height": 2,
    "output": {
      "type": "Block",
      "code": "game:clutter",
      "attributes": { "type": "chair-long" }
    }

  },
  {
    "ingredientPattern": "SSS,CBC",
    "requiresTrait": "carpenter",
    "ingredients": {

      "S": {
        "type": "Block",
        "code": "game:plankslab-aged-*"
      },
      "B": {
        "type": "Item",
        "code": "game:plank-aged"
      },
      "C": {
        "type": "Block",
        "code": "game:clutter",
        "attributes": { "type": "chair-long" }
      }
    },
    "width": 3,
    "height": 2,
    "output": {
      "type": "Block",
      "code": "game:clutter",
      "attributes": { "type": "table-long" }
    }

  },
  {
    "ingredientPattern": "BBB,B_B,B_B",
    "requiresTrait": "carpenter",
    "ingredients": {

      "B": {
        "type": "Item",
        "code": "game:plank-aged"
      }
    },
    "width": 3,
    "height": 3,
    "output": {
      "type": "Block",
      "code": "game:clutter",
      "attributes": { "type": "table-aged" }
    }

  },
  {
    "ingredientPattern": "BBB,B_B",
    "requiresTrait": "carpenter",
    "ingredients": {

      "B": {
        "type": "Item",
        "code": "game:plank-aged"
      }
    },
    "width": 3,
    "height": 2,
    "output": {
      "type": "Block",
      "code": "game:clutter",
      "attributes": { "type": "chair-aged" }
    }

  },


    {
        "ingredientPattern": "S,T",
        "ingredients": {
            
            "S": {type: "Item", code: "game:candle", quantity: 2 },
            "T": {type: "Block", code: "game:clutter", attributes: { "type": "table-long"} }
        },
        "width": 1,
        "height": 2,
        "output": {type: "Block", code: "game:clutter", attributes: { "type": "table-long-with-accessories"} }
        
    },
    {
        "ingredientPattern": "S,T",
        "ingredients": {
            
            "S": {type: "Item", code: "game:cloth-blue" },
            "T": {type: "Block", code: "game:clutter", attributes: { "type": "table-long"} }
        },
        "width": 1,
        "height": 2,
        "output": {type: "Block", code: "game:clutter", attributes: { "type": "table-long-with-cloth-blue"} }
        
    },
    {
        "ingredientPattern": "S,T",
        "ingredients": {
            
            "S": {type: "Item", code: "game:cloth-green" },
            "T": {type: "Block", code: "game:clutter", attributes: { "type": "table-long"} }
        },
        "width": 1,
        "height": 2,
        "output": {type: "Block", code: "game:clutter", attributes: { "type": "table-long-with-cloth-green"} }
        
    },
    {
        "ingredientPattern": "S,T",
        "ingredients": {
            
            "S": {type: "Item", code: "game:cloth-purple" },
            "T": {type: "Block", code: "game:clutter", attributes: { "type": "table-long"} }
        },
        "width": 1,
        "height": 2,
        "output": {type: "Block", code: "game:clutter", attributes: { "type": "table-long-with-cloth-purple"} }
        
    },
    {
        "ingredientPattern": "S,T",
        "ingredients": {
            
            "S": {type: "Item", code: "game:cloth-red" },
            "T": {type: "Block", code: "game:clutter", attributes: { "type": "table-long"} }
        },
        "width": 1,
        "height": 2,
        "output": {type: "Block", code: "game:clutter", attributes: { "type": "table-long-with-cloth-red"} }
        
    },





  {
    "ingredientPattern": "HS,NB",
    "requiresTrait": "carpenter",
    "ingredients": {

      "H": {
        "type": "Item",
        "code": "game:hammer-*",
        "isTool": true,
        "toolDurabilityCost": 5
      },
      "S": {
        "type": "Item",
        "code": "game:saw-*",
        "isTool": true,
        "toolDurabilityCost": 1
      },
      "B": {
        "type": "Item",
        "code": "game:plank-ebony",
        "quantity": 16
      },
      "N": {
        "type": "Item",
        "code": "game:metalnailsandstrips-blackbronze"
      }
    },
    "width": 2,
    "height": 2,
    "output": {
      "type": "Block",
      "code": "game:clutter",
      "attributes": { "type": "table-noble-single" }
    }
  },


  {
    "ingredientPattern": "HS_,NBN",
    "requiresTrait": "carpenter",
    "ingredients": {

      "H": {
        "type": "Item",
        "code": "game:hammer-*",
        "isTool": true,
        "toolDurabilityCost": 5
      },
      "S": {
        "type": "Item",
        "code": "game:saw-*",
        "isTool": true,
        "toolDurabilityCost": 1
      },
      "B": {
        "type": "Item",
        "code": "game:plank-ebony",
        "quantity": 32
      },
      "N": {
        "type": "Item",
        "code": "game:metalnailsandstrips-blackbronze"
      }
    },
    "width": 3,
    "height": 2,
    "output": {
      "type": "Block",
      "code": "game:clutter",
      "attributes": { "type": "table-noble-double" }
    }
  },
    {
        "ingredientPattern": "HS,NB",
        "ingredients": {
            
            "H": {type: "Item", code: "game:hammer-*" , isTool: true, toolDurabilityCost: 5 },
            "S": {type: "Item", code: "game:saw-*" , isTool: true, toolDurabilityCost: 1 },
            "B": {type: "Item", code: "game:plank-oak" , quantity: 16 },
            "N": {type: "Item", code: "game:metalnailsandstrips-*" }
        },
        "width": 2,
        "height": 2,
        "output": {type: "Block", code: "game:clutter", attributes: { "type": "table-tavern-single" } }
    },
    {
        "ingredientPattern": "HS_,NBN",
        "ingredients": {
            
            "H": {type: "Item", code: "game:hammer-*" , isTool: true, toolDurabilityCost: 5 },
            "S": {type: "Item", code: "game:saw-*" , isTool: true, toolDurabilityCost: 1 },
            "B": {type: "Item", code: "game:plank-oak" , quantity: 16 },
            "N": {type: "Item", code: "game:metalnailsandstrips-*" },
        },
        "width": 3,
        "height": 2,
        "output": {type: "Block", code: "game:clutter", attributes: { "type": "table-tavern-double" } }
    },








   
]