[
  {
    "ingredientPattern": "PP,PP,PP",
    "requiresTrait": "carpenter",
    "ingredients": {
      "P": {
        "type": "Item",
        "code": "game:plank-aged"
      }

    },
    "width": 2,
    "height": 3,
    "output": {
      "type": "Block",
      "code": "game:door-ruined-rough1"
    }

  },
  {
    "ingredientPattern": "A,D",
    "requiresTrait": "carpenter",
    "ingredients": {
      "A": {
        "type": "item",
        "code": "game:axe-*",
        "isTool": true
      },
      "D": {
        "type": "Block",
        "code": "game:door-ruined-rough1"
      }
    },
    "width": 1,
    "height": 2,
    "output": {
      "type": "Block",
      "code": "game:door-ruined-rough2"
    }

  },
  {
    "ingredientPattern": "A,D",
    "requiresTrait": "carpenter",
    "ingredients": {
      "A": {
        "type": "item",
        "code": "game:axe-*",
        "isTool": true
      },
      "D": {
        "type": "Block",
        "code": "game:door-ruined-rough2"
      }
    },
    "width": 1,
    "height": 2,
    "output": {
      "type": "Block",
      "code": "game:door-ruined-rough3"
    }

  },






  {
    "ingredientPattern": "PP,PP,PP",
    "requiresTrait": "carpenter",
    "ingredients": {
      "P": {
        "type": "Item",
        "code": "game:plank-aged"
      }

    },
    "width": 2,
    "height": 3,
    "output": {
      "type": "Block",
      "code": "game:door-ruined-windowed1"
    }

  },
  {
    "ingredientPattern": "A,D",
    "requiresTrait": "carpenter",
    "ingredients": {
      "A": {
        "type": "item",
        "code": "game:axe-*",
        "isTool": true
      },
      "D": {
        "type": "Block",
        "code": "game:door-ruined-windowed1"
      }
    },
    "width": 1,
    "height": 2,
    "output": {
      "type": "Block",
      "code": "game:door-ruined-windowed2"
    }

  },
  {
    "ingredientPattern": "A,D",
    "requiresTrait": "carpenter",
    "ingredients": {
      "A": {
        "type": "item",
        "code": "game:axe-*",
        "isTool": true
      },
      "D": {
        "type": "Block",
        "code": "game:door-ruined-windowed2"
      }
    },
    "width": 1,
    "height": 2,
    "output": {
      "type": "Block",
      "code": "game:door-ruined-windowed3"
    }

  },












  {
    "name": "Fancy door",
    "ingredientPattern": "AWW,_WW,_WW",
    "requiresTrait": "carpenter",
    "ingredients": {
      "W": {
        "type": "item",
        "code": "game:plank-*",
        "name": "wood"
      },
      "A": {
        "type": "item",
        "code": "game:saw-*",
        "isTool": true
      }

    },
    "width": 3,
    "height": 3,
    "output": {
      "type": "Block",
      "code": "game:door-sleek-windowed-{wood}"
    }
  },
]