[





  {
    "ingredientPattern": "H,C,W",
    "requiresTrait": "carpenter",
    "ingredients": {
      "H": {
        "type": "Item",
        "code": "game:hammer-*",
        "isTool": true
      },
      "W": {
        "type": "Block",
        "code": "game:debarkedlog-acacia-ud"
      },
      "C": {
        "type": "Item",
        "code": "game:chisel-*",
        "isTool": true
      }
    },
    "width": 1,
    "height": 3,
    "recipeGroup": 333,
    "output": {
      "type": "Block",
      "code": "game:carvedlog-acacia-aged-middle-plain-ud"
    }
  },

  {
    "ingredientPattern": "WX",
    "requiresTrait": "carpenter",
    "ingredients": {
      "X": {
        "type": "Item",
        "code": "game:saw-*",
        "isTool": true
      },
      "W": {
        "type": "Block",
        "code": "game:carvedlog-acacia-aged-middle-plain-ud"
      }
    },
    "width": 2,
    "height": 1,
    "output": {
      "type": "Block",
      "code": "game:carvedlog-acacia-aged-top-plain-ud"
    }

  },

  {
    "ingredientPattern": "WX",
    "requiresTrait": "carpenter",
    "ingredients": {
      "X": {
        "type": "Item",
        "code": "game:saw-*",
        "isTool": true
      },
      "W": {
        "type": "Block",
        "code": "game:carvedlog-acacia-aged-top-plain-ud"
      }
    },
    "width": 2,
    "height": 1,
    "output": {
      "type": "Block",
      "code": "game:carvedlog-acacia-aged-bottom-plain-ud"
    }

  },

  {
    "ingredientPattern": "WX",
    "requiresTrait": "carpenter",
    "ingredients": {
      "X": {
        "type": "Item",
        "code": "game:saw-*",
        "isTool": true
      },
      "W": {
        "type": "Block",
        "code": "game:carvedlog-acacia-aged-bottom-plain-ud"
      }
    },
    "width": 2,
    "height": 1,
    "output": {
      "type": "Block",
      "code": "game:carvedlog-acacia-aged-top-fancy-ud"
    }

  },

  {
    "ingredientPattern": "WX",
    "requiresTrait": "carpenter",
    "ingredients": {
      "X": {
        "type": "Item",
        "code": "game:saw-*",
        "isTool": true
      },
      "W": {
        "type": "Block",
        "code": "game:carvedlog-acacia-aged-top-fancy-ud"
      }
    },
    "width": 2,
    "height": 1,
    "output": {
      "type": "Block",
      "code": "game:carvedlog-acacia-aged-middle-fancy-ud"
    }

  },

  {
    "ingredientPattern": "WX",
    "requiresTrait": "carpenter",
    "ingredients": {
      "X": {
        "type": "Item",
        "code": "game:saw-*",
        "isTool": true
      },
      "W": {
        "type": "Block",
        "code": "game:carvedlog-acacia-aged-middle-fancy-ud"
      }
    },
    "width": 2,
    "height": 1,
    "output": {
      "type": "Block",
      "code": "game:carvedlog-acacia-aged-bottom-fancy-ud"
    }

  },

  {
    "ingredientPattern": "WX",
    "requiresTrait": "carpenter",
    "ingredients": {
      "X": {
        "type": "Item",
        "code": "game:saw-*",
        "isTool": true
      },
      "W": {
        "type": "Block",
        "code": "game:carvedlog-acacia-aged-bottom-fancy-ud"
      }
    },
    "width": 2,
    "height": 1,
    "output": {
      "type": "Block",
      "code": "game:carvedlog-acacia-aged-middle-plain-ud"
    }

  },
  {
    "ingredientPattern": "W",
    "requiresTrait": "carpenter",
    "ingredients": {
      "W": {
        "type": "Block",
        "code": "game:planks-ebony-*"
      }
    },
    "width": 1,
    "height": 1,
    "output": {
      "type": "Block",
      "code": "game:planks-agedebony-ud"
    }
  },
  {
    "ingredientPattern": "W",
    "requiresTrait": "carpenter",
    "ingredients": {
      "W": {
        "type": "Block",
        "code": "game:planks-agedebony-*"
      }
    },
    "width": 1,
    "height": 1,
    "output": {
      "type": "Block",
      "code": "game:planks-rottenebony-ud"
    }
  },
  {
    "ingredientPattern": "W",
    "requiresTrait": "carpenter",
    "ingredients": {
      "W": {
        "type": "Block",
        "code": "game:debarkedlog-aged-*"
      }
    },
    "width": 1,
    "height": 1,
    "output": {
      "type": "Block",
      "code": "game:debarkedlog-veryaged-ud"
    }
  },
  {
    "ingredientPattern": "W",
    "requiresTrait": "carpenter",
    "ingredients": {
      "W": {
        "type": "Block",
        "code": "game:debarkedlog-veryaged-*"
      }
    },
    "width": 1,
    "height": 1,
    "output": {
      "type": "Block",
      "code": "game:debarkedlog-veryagedrotten-ud"
    }
  },



  {
    "ingredientPattern": "B_B,BSB,B_B",
    "requiresTrait": "carpenter",
    "ingredients": {
      "B": {
        "type": "Item",
        "code": "game:plank-aged"
      },
      "S": {
        "type": "Item",
        "code": "game:stick"
      }
    },
    "width": 3,
    "height": 3,
    "output": {
      "type": "Block",
      "code": "game:clutter",
      "attributes": {
        "type": "ladder-aged1",
        "collected": true
      }
    }
  },
  {
    "ingredientPattern": "B_B,BSB,B_B",
    "requiresTrait": "carpenter",
    "ingredients": {
      "B": {
        "type": "Item",
        "code": "game:plank-aged"
      },
      "S": {
        "type": "Item",
        "code": "game:stick"
      }
    },
    "width": 3,
    "height": 3,
    "output": {
      "type": "Block",
      "code": "game:clutter",
      "attributes": { "type": "ladder-aged1" }
    }
  },


  {
    "ingredientPattern": "_B_,BSB,_B_",
    "requiresTrait": "carpenter",
    "ingredients": {
      "B": {
        "type": "Block",
        "code": "game:supportbeam-oak"
      },
      "S": {
        "type": "Item",
        "code": "game:stick",
        "quantity": 4
      }
    },
    "width": 3,
    "height": 3,
    "output": {
      "type": "Block",
      "code": "game:clutter",
      "attributes": {
        "type": "cross-lattice",
        "collected": true
      },
      "quantity": 16
    }
  },
  {
    "ingredientPattern": "_B_,BSB,_B_",
    "requiresTrait": "carpenter",
    "ingredients": {
      "B": {
        "type": "Block",
        "code": "game:supportbeam-oak"
      },
      "S": {
        "type": "Item",
        "code": "game:stick",
        "quantity": 4
      }
    },
    "width": 3,
    "height": 3,
    "output": {
      "type": "Block",
      "code": "game:clutter",
      "attributes": { "type": "cross-lattice" },
      "quantity": 16
    }
  },
]