[
	{
		"ingredientPattern": "CCC,CLC,SK_",
		"ingredients": {
			"C": { "type": "item", "code": "game:cloth-*", "quantity": 2, "name": "color", "allowedVariants": ["blue", "brown", "green", "orange", "yellow", "plain"], }, 
			"L": { "type": "item", "code": "game:leather-normal-plain", "quantity": 2 },
			"K": { "type": "item", "code": "stitchingkitmedium", "quantity": 1 }, 
			"S": { "type": "item", "code": "game:shears-*", isTool: true }
		},
		"width": 3,
		"height": 3,
		"output": { "type": "item", "code": "clothes-arm-chapsbasic-{color}", "quantity": 1 }
	},
	{
		"ingredientPattern": "CCC,CLC,SK_",
		"ingredients": {
			"C": { "type": "item", "code": "game:cloth-*", "quantity": 2, "name": "color", "allowedVariants": ["black", "purple", "red", "white"], }, 
			"L": { "type": "item", "code": "game:leather-normal-black", "quantity": 2 },
			"K": { "type": "item", "code": "stitchingkitmedium", "quantity": 1 }, 
			"S": { "type": "item", "code": "game:shears-*", isTool: true }
		},
		"width": 3,
		"height": 3,
		"output": { "type": "item", "code": "clothes-arm-chapsbasic-{color}", "quantity": 1 }
	},
	{
		"ingredientPattern": "CCC,CLC,SK_",
		"ingredients": {
			"C": { "type": "item", "code": "game:cloth-*", "quantity": 2, "name": "color", "allowedVariants": ["gray", "pink"], }, 
			"L": { "type": "item", "code": "game:leather-normal-white", "quantity": 2 },
			"K": { "type": "item", "code": "stitchingkitmedium", "quantity": 1 }, 
			"S": { "type": "item", "code": "game:shears-*", isTool: true }
		},
		"width": 3,
		"height": 3,
		"output": { "type": "item", "code": "clothes-arm-chapsbasic-{color}", "quantity": 1 }
	},
	{
		"ingredientPattern": "CCC,CLC,SK_",
		"requiresTrait": "clothier",
		"ingredients": {
			"C": { "type": "item", "code": "game:cloth-*", "quantity": 1, "name": "color", "allowedVariants": ["blue", "brown", "green", "orange", "yellow", "plain"], }, 
			"L": { "type": "item", "code": "game:leather-normal-plain", "quantity": 1 },
			"K": { "type": "item", "code": "stitchingkitmedium", "quantity": 1 },
			"S": { "type": "item", "code": "game:shears-*", isTool: true }
		},
		"width": 3,
		"height": 3,
		"output": { "type": "item", "code": "clothes-arm-chapsbasic-{color}", "quantity": 1 }
	},
	{
		"ingredientPattern": "CCC,CLC,SK_",
		"requiresTrait": "clothier",
		"ingredients": {
			"C": { "type": "item", "code": "game:cloth-*", "quantity": 1, "name": "color", "allowedVariants": ["black", "purple", "red", "white"], }, 
			"L": { "type": "item", "code": "game:leather-normal-black", "quantity": 1 }, 
			"K": { "type": "item", "code": "stitchingkitmedium", "quantity": 1 },
			"S": { "type": "item", "code": "game:shears-*", isTool: true }
		},
		"width": 3,
		"height": 3,
		"output": { "type": "item", "code": "clothes-arm-chapsbasic-{color}", "quantity": 1 }
	},
	{
		"ingredientPattern": "CCC,CLC,SK_",
		"requiresTrait": "clothier",
		"ingredients": {
			"C": { "type": "item", "code": "game:cloth-*", "quantity": 1, "name": "color", "allowedVariants": ["gray", "pink"], }, 
			"L": { "type": "item", "code": "game:leather-normal-white", "quantity": 1 }, 
			"K": { "type": "item", "code": "stitchingkitmedium", "quantity": 1 },
			"S": { "type": "item", "code": "game:shears-*", isTool: true }
		},
		"width": 3,
		"height": 3,
		"output": { "type": "item", "code": "clothes-arm-chapsbasic-{color}", "quantity": 1 }
	}
]