[
	{
		"ingredientPattern": "SCT,C_C",
		"ingredients": {
			"C": { "type": "item", "code": "game:cloth-*", "quantity": 2, "name": "color", "allowedVariants": ["black", "blue", "brown", "green", "gray", "orange", "pink", "purple", "red", "white", "yellow"], }, 
			"T": { "type": "item", "code": "stitchingkitmedium", "quantity": 1 }, 
			"S": { "type": "item", "code": "game:shears-*", isTool: true }
		},
		"width": 3,
		"height": 2,
		"output": { "type": "item", "code": "clothes-head-derby-{color}", "quantity": 1 }
	},
	{
		"ingredientPattern": "SCN,C_C",
		"requiresTrait": "clothier",
		"ingredients": {
			"C": { "type": "item", "code": "game:cloth-*", "quantity": 1, "name": "color", "allowedVariants": ["black", "blue", "brown", "green", "gray", "orange", "pink", "purple", "red", "white", "yellow"], }, 
			"S": { "type": "item", "code": "game:shears-*", isTool: true },
			"N": { "type": "item", "code": "stitchingkitmedium", "quantity": 1 }
		},
		"width": 3,
		"height": 2,
		"output": { "type": "item", "code": "clothes-head-derby-{color}", "quantity":1 }
	}
]