[
	{
		"ingredientPattern": "SDK,DCD",
		"ingredients": {
			"D": { "type": "item", "code": "game:drygrass", "quantity": 2 }, 
			"C": { "type": "item", "code": "game:cloth-*", "quantity": 2, "name": "color", "allowedVariants": ["blue", "green", "orange", "pink", "purple", "red", "yellow"], }, 
			"K": { "type": "item", "code": "stitchingkitlight", "quantity": 1 }, 
			"S": { "type": "item", "code": "game:shears-*", isTool: true }
		},
		"width": 3,
		"height": 2,
		"output": { "type": "item", "code": "clothes-head-strawboaterhat-{color}", "quantity": 1 }
	},
	{
		"ingredientPattern": "SDK,DCD",
		"requiresTrait": "clothier",
		"ingredients": {
			"D": { "type": "item", "code": "game:drygrass", "quantity": 1 },
			"C": { "type": "item", "code": "game:cloth-*", "quantity": 1, "name": "color", "allowedVariants": ["blue", "green", "orange", "pink", "purple", "red", "yellow"], },
			"K": { "type": "item", "code": "stitchingkitlight", "quantity": 1 },
			"S": { "type": "item", "code": "game:shears-*", isTool: true }
		},
		"width": 3,
		"height": 2,
		"output": { "type": "item", "code": "clothes-head-strawboaterhat-{color}", "quantity": 1 }		
	}
]