[
	{
		"ingredientPattern": "CCC,CKC,_S_",
		"ingredients": {
			"C": { "type": "item", "code": "game:cloth-*", "quantity": 2, "name": "color", "allowedVariants": ["black", "blue", "brown", "gray"], }, 
			"K": { "type": "item", "code": "stitchingkitmedium", "quantity": 1 }, 
			"S": { "type": "item", "code": "game:shears-*", isTool: true }
		},
		"width": 3,
		"height": 3,
		"output": { "type": "item", "code": "clothes-lowerbody-bluejeans-{color}", "quantity": 1 }
	},
	{
		"ingredientPattern": "CCC,CKC,_S_",
		"requiresTrait": "clothier",
		"ingredients": {
			"C": { "type": "item", "code": "game:cloth-*", "quantity": 1, "name": "color", "allowedVariants": ["black", "blue", "brown", "gray"], }, 
			"K": { "type": "item", "code": "stitchingkitmedium", "quantity": 1 },
			"S": { "type": "item", "code": "game:shears-*", isTool: true }
		},
		"width": 3,
		"height": 3,
		"output": { "type": "item", "code": "clothes-lowerbody-bluejeans-{color}", "quantity": 1 }
	}
]