[
	{
		"ingredientPattern": "RS",
		"ingredients": {
			"R": { "type": "item", "code": "game:rope", "quantity": 1 }, 
			"S": { "type": "item", "code": "game:stone-obsidian", "quantity": 1 }
		},
		"width": 2,
		"height": 1,
		"output": { "type": "item", "code": "clothes-neck-arrowheadnecklaceobsidian", "quantity": 1 }
	},
	{
		"ingredientPattern": "RS",
		"ingredients": {
			"R": { "type": "item", "code": "game:rope", "quantity": 1 }, 
			"S": { "type": "item", "code": "game:arrowhead-flint", "quantity": 1 }
		},
		"width": 2,
		"height": 1,
		"output": { "type": "item", "code": "game:clothes-nadiya-neck-flint-amulet", "quantity": 1 }
	}
]