[
	{
		"ingredientPattern": "PVP,PVP",
		"ingredients": {"P": { "type": "item", "code": "game:paper-parchment", "quantity": 1 }, "V": { "type": "block", "code": "game:wildvine-section-north", "name": "wildvine" }},
		"width": 3,
		"height": 2,
		"output": { "type": "item", "code": "clothes-shoulder-cigar", "quantity": 1 }
	},
	{
		"ingredientPattern": "PVP,PVP",
		"ingredients": {"P": { "type": "item", "code": "game:paper-parchment", "quantity": 1 }, "V": { "type": "block", "code": "game:wildvine-tropical-section-north", "name": "wildvine" }},
		"width": 3,
		"height": 2,
		"output": { "type": "item", "code": "clothes-shoulder-cigar", "quantity": 1 }	
	},
	{
		"ingredientPattern": "C",
		"ingredients": {
			"C": { "type": "item", "code": "americanfrontiersman:clothes-face-fcigar", "quantity": 1 }
		},
		"width": 1,
		"height": 1,
		"output": { "type": "item", "code": "clothes-shoulder-cigar", "quantity": 1 }
	},
	{
		"ingredientPattern": "C",
		"ingredients": {
			"C": { "type": "item", "code": "americanfrontiersman:clothes-shoulder-cigar", "quantity": 1 }
		},
		"width": 1,
		"height": 1,
		"output": { "type": "item", "code": "clothes-face-fcigar", "quantity": 1 }
	}
]