[
	{
		"ingredientPattern": "BRS,WRK",
		"ingredients": {
			"B": { "type": "item", "code": "game:cloth-blue", "quantity": 1 }, 
			"R": { "type": "item", "code": "game:cloth-red", "quantity": 1 }, 
			"W": { "type": "item", "code": "game:cloth-white", "quantity": 1 }, 
			"K": { "type": "item", "code": "stitchingkitlight", "quantity": 1 }, 
			"S": { "type": "item", "code": "game:shears-*", isTool: true }
		},
		"width": 3,
		"height": 2,
		"output": { "type": "item", "code": "clothes-shoulder-bandana-plain", "quantity": 1 }
	},
	{
		"ingredientPattern": "CCC,SK_",
		"ingredients": {
			"C": { "type": "item", "code": "game:cloth-*", "quantity": 1, "name": "color", "allowedVariants": ["black", "blue", "brown", "green", "gray", "orange", "pink", "purple", "red", "white", "yellow"], },  
			"K": { "type": "item", "code": "stitchingkitlight", "quantity": 1 },
			"S": { "type": "item", "code": "game:shears-*", isTool: true }
		},
		"width": 3,
		"height": 2,
		"output": { "type": "item", "code": "clothes-shoulder-bandana-{color}", "quantity": 1 }
	}
]