[
	{
		"ingredientPattern": "TTS",
		"ingredients": {
			"T": { "type": "item", "code": "game:flaxtwine", "quantity": 1 },
			"S": { "type": "item", "code": "game:stick", "quantity": 1 }
		},
		"width": 3,
		"height": 1,
		"output": { "type": "item", "code": "stitchingkitlight", "quantity": 1 }
	},
	{
		"ingredientPattern": "_T_,TBT,_T_",
		"ingredients": {
			"T": { "type": "item", "code": "game:flaxtwine", "quantity": 1 },
			"B": { "type": "item", "code": "game:metalbit-copper", "quantity": 2 }
		},
		"width": 3,
		"height": 3,
		"output": { "type": "item", "code": "stitchingkitmedium", "quantity": 1 }
	},
	{
		"ingredientPattern": "LLB",
		"ingredients": {
			"L": { "type": "item", "code": "game:leather-normal-plain", "quantity": 1 },
			"B": { "type": "item", "code": "game:metalbit-copper", "quantity": 2 }
		},
		"width": 3,
		"height": 1,
		"output": { "type": "item", "code": "stitchingkitleather", "quantity": 1 }
	}
]