[
	{
		"ingredientPattern": "CSC,BLB,CKC",
		"ingredients": {
			"L": { "type": "item", "code": "game:leather-normal-black", "quantity": 2 }, 
			"C": { "type": "item", "code": "game:cloth-*", "quantity": 2, "name": "color", "allowedVariants": ["black", "gray","white"], }, 
			"B": { "type": "item", "code": "game:metalbit-brass", "quantity": 2 },
			"K": { "type": "item", "code": "stitchingkitmedium", "quantity": 1 },
			"S": { "type": "item", "code": "game:shears-*", isTool: true }
		},
		"width": 3,
		"height": 3,
		"output": { "type": "item", "code": "clothes-upperbodyover-suspenderslinen-{color}", "quantity": 1 }
	},
	{
		"ingredientPattern": "CSC,BLB,CKC",
		"ingredients": {
			"L": { "type": "item", "code": "game:leather-normal-plain", "quantity": 2 }, 
			"C": { "type": "item", "code": "game:cloth-*", "quantity": 2, "name": "color", "allowedVariants": ["brown", "plain"], }, 
			"B": { "type": "item", "code": "game:metalbit-brass", "quantity": 2 },
			"K": { "type": "item", "code": "stitchingkitmedium", "quantity": 1 },
			"S": { "type": "item", "code": "game:shears-*", isTool: true }
		},
		"width": 3,
		"height": 3,
		"output": { "type": "item", "code": "clothes-upperbodyover-suspenderslinen-{color}", "quantity": 1 }
	},
	{
		"ingredientPattern": "CSC,BLB,CKC",
		"ingredients": {
			"L": { "type": "item", "code": "game:leather-normal-*", "quantity": 2, "name": "color", "allowedVariants": ["blue", "green","orange", "pink", "purple", "red", "yellow"], }, 
			"C": { "type": "item", "code": "game:cloth-*", "quantity": 2, "name": "color", "allowedVariants": ["blue", "green","orange", "pink", "purple", "red", "yellow"], }, 
			"B": { "type": "item", "code": "game:metalbit-brass", "quantity": 2 },
			"K": { "type": "item", "code": "stitchingkitmedium", "quantity": 1 },
			"S": { "type": "item", "code": "game:shears-*", isTool: true }
		},
		"width": 3,
		"height": 3,
		"output": { "type": "item", "code": "clothes-upperbodyover-suspenderslinen-{color}", "quantity": 1 }
	},
	{
		"ingredientPattern": "CSC,BLB,CKC",
		"requiresTrait": "clothier",
		"ingredients": {
			"L": { "type": "item", "code": "game:leather-normal-black", "quantity": 1 }, 
			"C": { "type": "item", "code": "game:cloth-*", "quantity": 1, "name": "color", "allowedVariants": ["black", "gray","white"], }, 
			"B": { "type": "item", "code": "game:metalbit-brass", "quantity": 2 },
			"K": { "type": "item", "code": "stitchingkitmedium", "quantity": 1 },
			"S": { "type": "item", "code": "game:shears-*", isTool: true }
		},
		"width": 3,
		"height": 3,
		"output": { "type": "item", "code": "clothes-upperbodyover-suspenderslinen-{color}", "quantity": 1 }
	},
	{
		"ingredientPattern": "CSC,BLB,CKC",
		"requiresTrait": "clothier",
		"ingredients": {
			"L": { "type": "item", "code": "game:leather-normal-plain", "quantity": 1 }, 
			"C": { "type": "item", "code": "game:cloth-*", "quantity": 1, "name": "color", "allowedVariants": ["brown", "plain"], }, 
			"B": { "type": "item", "code": "game:metalbit-brass", "quantity": 2 },
			"K": { "type": "item", "code": "stitchingkitmedium", "quantity": 1 },
			"S": { "type": "item", "code": "game:shears-*", isTool: true }
		},
		"width": 3,
		"height": 3,
		"output": { "type": "item", "code": "clothes-upperbodyover-suspenderslinen-{color}", "quantity": 1 }
	},
	{
		"ingredientPattern": "CSC,BLB,CKC",
		"requiresTrait": "clothier",
		"ingredients": {
			"L": { "type": "item", "code": "game:leather-normal-*", "quantity": 1, "name": "color", "allowedVariants": ["blue", "green","orange", "pink", "purple", "red", "yellow"], }, 
			"C": { "type": "item", "code": "game:cloth-*", "quantity": 1, "name": "color", "allowedVariants": ["blue", "green","orange", "pink", "purple", "red", "yellow"], }, 
			"B": { "type": "item", "code": "game:metalbit-brass", "quantity": 2 },
			"K": { "type": "item", "code": "stitchingkitmedium", "quantity": 1 },
			"S": { "type": "item", "code": "game:shears-*", isTool: true }
		},
		"width": 3,
		"height": 3,
		"output": { "type": "item", "code": "clothes-upperbodyover-suspenderslinen-{color}", "quantity": 1 }
	}
]