[
	{
		"ingredientPattern": "CBC,CBC,ST_",
		"ingredients": {
			"C": { "type": "item", "code": "game:cloth-*", "quantity": 2, "name": "color", "allowedVariants": ["blue", "brown", "green", "orange", "pink", "purple", "red", "white", "yellow", "plain"], }, 
			"T": { "type": "item", "code": "stitchingkitmedium", "quantity": 1 }, 
			"S": { "type": "item", "code": "game:shears-*", isTool: true },
			"B": { "type": "item", "code": "game:metalbit-tin", "quantity": 1 }
		},
		"width": 3,
		"height": 3,
		"output": { "type": "item", "code": "clothes-upperbodyover-dustercanvas-{color}", "quantity": 1 }
	},
	{
		"ingredientPattern": "CBC,CBC,ST_",
		"ingredients": {
			"C": { "type": "item", "code": "game:cloth-*", "quantity": 2, "name": "color", "allowedVariants": ["black", "gray"], }, 
			"T": { "type": "item", "code": "stitchingkitmedium", "quantity": 1 }, 
			"S": { "type": "item", "code": "game:shears-*", isTool: true },
			"B": { "type": "item", "code": "game:metalbit-brass", "quantity": 1 }
		},
		"width": 3,
		"height": 3,
		"output": { "type": "item", "code": "clothes-upperbodyover-dustercanvas-{color}", "quantity": 1 }
	},
	{
		"ingredientPattern": "CBC,CBC,SK_",
		"requiresTrait": "clothier",
		"ingredients": {
			"C": { "type": "item", "code": "game:cloth-*", "quantity": 1, "name": "color", "allowedVariants": ["black", "gray"], }, 
			"K": { "type": "item", "code": "stitchingkitmedium", "quantity": 1 },
			"S": { "type": "item", "code": "game:shears-*", isTool: true },
			"B": { "type": "item", "code": "game:metalbit-brass", "quantity": 1 }
		},
		"width": 3,
		"height": 3,
		"output": { "type": "item", "code": "clothes-upperbodyover-dustercanvas-{color}", "quantity":1 }
	},
	{
		"ingredientPattern": "CBC,CBC,SK_",
		"requiresTrait": "clothier",
		"ingredients": {
			"C": { "type": "item", "code": "game:cloth-*", "quantity": 1, "name": "color", "allowedVariants": ["blue", "brown", "green", "orange", "pink", "purple", "red", "white", "yellow", "plain"], }, 
			"K": { "type": "item", "code": "stitchingkitmedium", "quantity": 1 },
			"S": { "type": "item", "code": "game:shears-*", isTool: true },
			"B": { "type": "item", "code": "game:metalbit-tin", "quantity": 1 }
		},
		"width": 3,
		"height": 3,
		"output": { "type": "item", "code": "clothes-upperbodyover-dustercanvas-{color}", "quantity":1 }
	}
]