[
	{
		"ingredientPattern": "CCB,CCB,TS_",
		"ingredients": {
			"C": { "type": "item", "code": "game:cloth-*", "quantity": 2, "name": "color", "allowedVariants": ["blue", "brown", "green", "orange", "pink", "purple", "red", "white", "yellow"], },
			"T": { "type": "item", "code": "stitchingkitlight", "quantity": 1 }, 
			"S": { "type": "item", "code": "game:shears-*", isTool: true },
			"B": { "type": "item", "code": "game:metalbit-tin", "quantity": 1 }
		},
		"width": 3,
		"height": 3,
		"output": { "type": "item", "code": "clothes-upperbody-flanneltuckedlong-{color}", "quantity": 1 }
	},
	{
		"ingredientPattern": "CCB,CCB,TS_",
		"ingredients": {
			"C": { "type": "item", "code": "game:cloth-*", "quantity": 2, "name": "color", "allowedVariants": ["black", "gray"], },
			"T": { "type": "item", "code": "stitchingkitlight", "quantity": 1 }, 
			"S": { "type": "item", "code": "game:shears-*", isTool: true },
			"B": { "type": "item", "code": "game:metalbit-brass", "quantity": 1 }
		},
		"width": 3,
		"height": 3,
		"output": { "type": "item", "code": "clothes-upperbody-flanneltuckedlong-{color}", "quantity": 1 }
	},
	{
		"ingredientPattern": "CCB,CCB,SK_",
		"requiresTrait": "clothier",
		"ingredients": { 
			"C": { "type": "item", "code": "game:cloth-*", "quantity": 1, "name": "color", "allowedVariants": ["blue", "brown", "green", "orange", "pink", "purple", "red", "white", "yellow"], }, 
			"K": { "type": "item", "code": "stitchingkitlight", "quantity": 1 },
			"S": { "type": "item", "code": "game:shears-*", isTool: true },
			"B": { "type": "item", "code": "game:metalbit-tin", "quantity": 1 }
		},
		"width": 3,
		"height": 3,
		"output": { "type": "item", "code": "clothes-upperbody-flanneltuckedlong-{color}", "quantity": 1 }
	},
	{
		"ingredientPattern": "CCB,CCB,SK_",
		"requiresTrait": "clothier",
		"ingredients": { 
			"C": { "type": "item", "code": "game:cloth-*", "quantity": 1, "name": "color", "allowedVariants": ["black", "gray"], }, 
			"K": { "type": "item", "code": "stitchingkitlight", "quantity": 1 },
			"S": { "type": "item", "code": "game:shears-*", isTool: true },
			"B": { "type": "item", "code": "game:metalbit-brass", "quantity": 1 }
		},
		"width": 3,
		"height": 3,
		"output": { "type": "item", "code": "clothes-upperbody-flanneltuckedlong-{color}", "quantity": 1 }
	},
	{
		"ingredientPattern": "SF",
		"ingredients": {
			"S": { "type": "item", "code": "game:shears-*", isTool: true },
			"F": { "type": "item", "code": "americanfrontiersman:clothes-upperbody-flanneltuckedlong-*", "quantity": 1, "name": "color", "allowedVariants": ["black", "blue", "brown", "green", "gray", "orange", "pink", "purple", "red", "white", "yellow"], }
		},
		"width": 2,
		"height": 1,
		"output": { "type": "item", "code": "clothes-upperbody-flanneltucked-{color}", "quantity": 1 }
	}
]