[
	{
		"ingredientPattern": "LPL,LCL,TS_",
		"ingredients": {
			"L": { "type": "item", "code": "game:leather-normal-*", "quantity": 2, "name": "color", "allowedVariants": ["black", "gray", "plain"], },
			"P": { "type": "item", "code": "game:hide-pelt-small", "quantity": 4 },
			"C": { "type": "item", "code": "game:cloth-plain", "quantity": 2 }, 
			"T": { "type": "item", "code": "stitchingkitleather", "quantity": 1 }, 
			"S": { "type": "item", "code": "game:shears-*", isTool: true }
		},
		"width": 3,
		"height": 3,
		"output": { "type": "item", "code": "clothes-upperbodyover-mountaineercoat-{color}", "quantity": 1 }
	},
	{
		"ingredientPattern": "LPL,LCL,TSB",
		"ingredients": {
			"L": { "type": "item", "code": "game:leather-normal-plain", "quantity": 2 },
			"C": { "type": "item", "code": "game:cloth-plain", "quantity": 2 }, 
			"P": { "type": "item", "code": "game:hide-pelt-small", "quantity": 4 },
			"B": { "type": "block", "code": "game:woodbucket" }, 
			"T": { "type": "item", "code": "stitchingkitleather", "quantity": 1 }, 
			"S": { "type": "item", "code": "game:shears-*", isTool: true }
		},
		"width": 3,
		"height": 3,
		"attributes": {
			"liquidContainerProps": {
				"requiresContent": { "type": "item", "code": "strongtanninportion" },
				"requiresLitres": 2
			}
		},
		"output": { "type": "item", "code": "clothes-upperbodyover-mountaineercoat-brown", "quantity": 1 }
	},
	{
		"ingredientPattern": "LPL,LCL,TS_",
		"ingredients": {
			"L": { "type": "item", "code": "game:leather-normal-*", "quantity": 2, "name": "color", "allowedVariants": ["black", "gray", "plain"], },
			"P": { "type": "item", "code": "game:hide-pelt-*", "allowedVariants": ["medium", "large"], "quantity": 2 },
			"C": { "type": "item", "code": "game:cloth-plain", "quantity": 2 }, 
			"T": { "type": "item", "code": "stitchingkitleather", "quantity": 1 }, 
			"S": { "type": "item", "code": "game:shears-*", isTool: true }
		},
		"width": 3,
		"height": 3,
		"output": { "type": "item", "code": "clothes-upperbodyover-mountaineercoat-{color}", "quantity": 1 }
	},
	{
		"ingredientPattern": "LPL,LCL,TSB",
		"ingredients": {
			"L": { "type": "item", "code": "game:leather-normal-plain", "quantity": 2 },
			"C": { "type": "item", "code": "game:cloth-plain", "quantity": 2 }, 
			"P": { "type": "item", "code": "game:hide-pelt-*", "allowedVariants": ["medium", "large"], "quantity": 2 },
			"B": { "type": "block", "code": "game:woodbucket" },  
			"T": { "type": "item", "code": "stitchingkitleather", "quantity": 1 }, 
			"S": { "type": "item", "code": "game:shears-*", isTool: true }
		},
		"width": 3,
		"height": 3,
		"attributes": {
			"liquidContainerProps": {
				"requiresContent": { "type": "item", "code": "strongtanninportion" },
				"requiresLitres": 2
			}
		},
		"output": { "type": "item", "code": "clothes-upperbodyover-mountaineercoat-brown", "quantity": 1 }
	},
	{
		"ingredientPattern": "LPL,LCL,TS_",
		"ingredients": {
			"L": { "type": "item", "code": "game:leather-normal-*", "quantity": 2, "name": "color", "allowedVariants": ["black", "gray", "plain"], },
			"P": { "type": "item", "code": "game:hide-pelt-huge", "quantity": 1 },
			"C": { "type": "item", "code": "game:cloth-plain", "quantity": 2 }, 
			"T": { "type": "item", "code": "stitchingkitleather", "quantity": 1 }, 
			"S": { "type": "item", "code": "game:shears-*", isTool: true }
		},
		"width": 3,
		"height": 3,
		"output": { "type": "item", "code": "clothes-upperbodyover-mountaineercoat-{color}", "quantity": 1 }
	},
	{
		"ingredientPattern": "LPL,LCL,TSB",
		"ingredients": {
			"L": { "type": "item", "code": "game:leather-normal-plain", "quantity": 2 },
			"C": { "type": "item", "code": "game:cloth-plain", "quantity": 2 }, 
			"P": { "type": "item", "code": "game:hide-pelt-huge", "quantity": 1 },
			"B": { "type": "block", "code": "game:woodbucket" }, 
			"T": { "type": "item", "code": "stitchingkitleather", "quantity": 1 }, 
			"S": { "type": "item", "code": "game:shears-*", isTool: true }
		},
		"width": 3,
		"height": 3,
		"attributes": {
			"liquidContainerProps": {
				"requiresContent": { "type": "item", "code": "strongtanninportion" },
				"requiresLitres": 2
			}
		},
		"output": { "type": "item", "code": "clothes-upperbodyover-mountaineercoat-brown", "quantity": 1 }
	},
	{
		"ingredientPattern": "LPL,LCL,KS_",
		"requiresTrait": "clothier",
		"ingredients": { 
			"L": { "type": "item", "code": "game:leather-normal-*", "quantity": 1, "name": "color", "allowedVariants": ["black", "gray", "plain"], },
			"P": { "type": "item", "code": "game:hide-pelt-small", "quantity": 2 },
			"C": { "type": "item", "code": "game:cloth-plain", "quantity": 1 },   
			"K": { "type": "item", "code": "stitchingkitleather", "quantity": 1 },
			"S": { "type": "item", "code": "game:shears-*", isTool: true }
		},
		"width": 3,
		"height": 3,
		"output": { "type": "item", "code": "clothes-upperbodyover-mountaineercoat-{color}", "quantity": 1 }
	},
	{
		"ingredientPattern": "LPL,LCL,KSB",
		"requiresTrait": "clothier",
		"ingredients": { 
			"L": { "type": "item", "code": "game:leather-normal-plain", "quantity": 1 },
			"C": { "type": "item", "code": "game:cloth-plain", "quantity": 1 }, 
			"P": { "type": "item", "code": "game:hide-pelt-small", "quantity": 2 },
			"B": { "type": "block", "code": "game:woodbucket" },  
			"K": { "type": "item", "code": "stitchingkitleather", "quantity": 1 },
			"S": { "type": "item", "code": "game:shears-*", isTool: true }
		},
		"width": 3,
		"height": 3,
		"attributes": {
			"liquidContainerProps": {
				"requiresContent": { "type": "item", "code": "strongtanninportion" },
				"requiresLitres": 2
			}
		},
		"output": { "type": "item", "code": "clothes-upperbodyover-mountaineercoat-brown", "quantity": 1 }
	},
	{
		"ingredientPattern": "LPL,LCL,KS_",
		"requiresTrait": "clothier",
		"ingredients": { 
			"L": { "type": "item", "code": "game:leather-normal-*", "quantity": 1, "name": "color", "allowedVariants": ["black", "gray", "plain"], },
			"P": { "type": "item", "code": "game:hide-pelt-*", "allowedVariants": ["medium", "large", "huge"], "quantity": 1 },
			"C": { "type": "item", "code": "game:cloth-plain", "quantity": 1 }, 
			"K": { "type": "item", "code": "stitchingkitleather", "quantity": 1 },
			"S": { "type": "item", "code": "game:shears-*", isTool: true }
		},
		"width": 3,
		"height": 3,
		"output": { "type": "item", "code": "clothes-upperbodyover-mountaineercoat-{color}", "quantity": 1 }
	},
	{
		"ingredientPattern": "LPL,LCL,KSB",
		"requiresTrait": "clothier",
		"ingredients": { 
			"L": { "type": "item", "code": "game:leather-normal-plain", "quantity": 1 },
			"C": { "type": "item", "code": "game:cloth-plain", "quantity": 1 }, 
			"P": { "type": "item", "code": "game:hide-pelt-*", "allowedVariants": ["medium", "large", "huge"], "quantity": 1 },
			"B": { "type": "block", "code": "game:woodbucket" },
			"K": { "type": "item", "code": "stitchingkitleather", "quantity": 1 },
			"S": { "type": "item", "code": "game:shears-*", isTool: true }
		},
		"width": 3,
		"height": 3,
		"attributes": {
			"liquidContainerProps": {
				"requiresContent": { "type": "item", "code": "strongtanninportion" },
				"requiresLitres": 2
			}
		},
		"output": { "type": "item", "code": "clothes-upperbodyover-mountaineercoat-brown", "quantity": 1 }
	},
	{
		"ingredientPattern": "MS",
		"ingredients": {
			"M": { "type": "item", "code": "americanfrontiersman:clothes-upperbodyover-mountaineercoat-*", "quantity": 1, "name": "color", "allowedVariants": ["black", "brown", "gray", "plain"], },
			"S": { "type": "item", "code": "game:shears-*", isTool: true }
		},
		"width": 2,
		"height": 1,
		"output": { "type": "item", "code": "clothes-upperbodyover-mountaineercoatnofringe-{color}", "quantity": 1 }
	}
]