{
	"editor": {
		"collapsedPaths": "Root/Pommel/Guard/Emblem,Root/Edge,Root/Pommel/Guard/Edge,Root/Pommel/Handle,Root/Edge7,Root/Edge7/Edge10,Root/Pommel/Guard/Edge7",
		"allAngles": false,
		"entityTextureMode": false
	},
	"textureWidth": 16,
	"textureHeight": 16,
	"textureSizes": {
	},
	"textures": {
		"iron": "block/metal/ingot/iron",
		"sword-blackguard": "item/tool/sword-blackguard"
	},
	"elements": [
		{
			"name": "Blade",
			"from": [ 3.75, 0.9, 7.75 ],
			"to": [ 15.25, 1.1, 8.25 ],
			"rotationOrigin": [ 4.0, 1.0, 8.0 ],
			"faces": {
				"north": { "texture": "#iron", "uv": [ 0.0, 1.5, 11.5, 2.0 ] },
				"south": { "texture": "#iron", "uv": [ 0.0, 1.5, 11.5, 2.0 ] },
				"up": { "texture": "#iron", "uv": [ 2.0, 10.5, 13.5, 11.0 ] },
				"down": { "texture": "#iron", "uv": [ 0.0, 1.5, 11.5, 2.0 ] }
			},
			"children": [
				{
					"name": "BladeTip",
					"from": [ 11.32, 0.0, 0.075 ],
					"to": [ 11.67, 0.2, 0.425 ],
					"rotationOrigin": [ 11.5, 0.1, 0.25 ],
					"rotationY": 45.0,
					"faces": {
						"east": { "texture": "#iron", "uv": [ 11.0, 1.5, 11.5, 2.0 ], "windMode": [-1,-1,-1,-1] },
						"south": { "texture": "#iron", "uv": [ 11.0, 1.5, 11.5, 2.0 ] },
						"up": { "texture": "#iron", "uv": [ 11.0, 1.5, 11.5, 2.0 ] },
						"down": { "texture": "#iron", "uv": [ 11.0, 1.5, 11.5, 2.0 ] }
					}
				},
				{
					"name": "Blade2",
					"from": [ -4.0, 0.0, 0.0 ],
					"to": [ 0.0, 0.2, 0.5 ],
					"rotationOrigin": [ -14.75, 0.1, 0.25 ],
					"faces": {
						"north": { "texture": "#iron", "uv": [ 0.0, 1.5, 4.0, 2.0 ] },
						"south": { "texture": "#iron", "uv": [ 0.0, 1.5, 4.0, 2.0 ] },
						"west": { "texture": "#iron", "uv": [ 0.0, 0.0, 0.5, 0.5 ], "windMode": [-1,-1,-1,-1] },
						"up": { "texture": "#iron", "uv": [ 0.0, 1.5, 4.0, 2.0 ] },
						"down": { "texture": "#iron", "uv": [ 0.0, 1.5, 4.0, 2.0 ] }
					}
				},
				{
					"name": "Edge",
					"from": [ -1.25, 0.04, -0.625 ],
					"to": [ 2.75, 0.14, 0.375 ],
					"rotationOrigin": [ -1.25, 0.1, 0.25 ],
					"faces": {
						"north": { "texture": "#iron", "uv": [ 4.0, 13.5, 8.0, 14.0 ] },
						"west": { "texture": "#iron", "uv": [ 0.0, 12.0, 1.0, 12.5 ], "windMode": [-1,-1,-1,-1] },
						"up": { "texture": "#iron", "uv": [ 8.0, 13.5, 12.0, 14.5 ] },
						"down": { "texture": "#iron", "uv": [ 0.0, 13.5, 4.0, 14.5 ] }
					},
					"children": [
						{
							"name": "Edge2",
							"from": [ 4.0, 0.005, 0.0 ],
							"to": [ 8.0, 0.105, 1.0 ],
							"rotationOrigin": [ 4.0, 0.06, 0.0 ],
							"rotationY": -2.12,
							"faces": {
								"north": { "texture": "#iron", "uv": [ 1.5, 11.0, 5.5, 11.5 ] },
								"up": { "texture": "#iron", "uv": [ 4.0, 11.5, 8.0, 12.5 ] },
								"down": { "texture": "#iron", "uv": [ 0.0, 11.5, 4.0, 12.5 ] }
							},
							"children": [
								{
									"name": "Edge3",
									"from": [ 4.0, -0.001, 0.0 ],
									"to": [ 9.0, 0.099, 0.5 ],
									"rotationOrigin": [ 4.0, 0.0, 0.0 ],
									"rotationY": -2.175,
									"faces": {
										"north": { "texture": "#iron", "uv": [ 0.5, 14.0, 5.5, 14.5 ] },
										"east": { "texture": "#iron", "uv": [ 5.0, 9.5, 5.5, 10.0 ] },
										"west": { "texture": "#iron", "uv": [ 5.5, 9.5, 6.0, 10.0 ] },
										"up": { "texture": "#iron", "uv": [ 0.0, 13.5, 5.0, 14.0 ] },
										"down": { "texture": "#iron", "uv": [ 0.0, 13.5, 5.0, 14.0 ] }
									}
								}
							]
						}
					]
				},
				{
					"name": "Edge7",
					"from": [ -1.25, 0.04, -0.625 ],
					"to": [ 2.75, 0.14, 0.375 ],
					"rotationOrigin": [ -1.25, 0.1, 0.25 ],
					"rotationX": 180.0,
					"faces": {
						"north": { "texture": "#iron", "uv": [ 4.0, 13.5, 8.0, 14.0 ] },
						"west": { "texture": "#iron", "uv": [ 1.0, 12.0, 2.0, 12.5 ], "windMode": [-1,-1,-1,-1] },
						"up": { "texture": "#iron", "uv": [ 8.0, 13.5, 12.0, 14.5 ] },
						"down": { "texture": "#iron", "uv": [ 0.0, 13.5, 4.0, 14.5 ] }
					},
					"children": [
						{
							"name": "Edge8",
							"from": [ 4.0, 0.005, 0.0 ],
							"to": [ 8.0, 0.105, 1.0 ],
							"rotationOrigin": [ 4.0, 0.06, 0.0 ],
							"rotationY": -2.12,
							"faces": {
								"north": { "texture": "#iron", "uv": [ 3.5, 10.5, 7.5, 11.0 ] },
								"up": { "texture": "#iron", "uv": [ 6.0, 11.5, 10.0, 12.5 ] },
								"down": { "texture": "#iron", "uv": [ 4.0, 11.5, 8.0, 12.5 ] }
							},
							"children": [
								{
									"name": "Edge9",
									"from": [ 4.0, -0.001, 0.0 ],
									"to": [ 9.0, 0.099, 0.5 ],
									"rotationOrigin": [ 4.0, 0.0, 0.0 ],
									"rotationY": -2.175,
									"faces": {
										"north": { "texture": "#iron", "uv": [ 0.5, 14.0, 5.5, 14.5 ] },
										"east": { "texture": "#iron", "uv": [ 5.0, 9.5, 5.5, 10.0 ] },
										"west": { "texture": "#iron", "uv": [ 5.5, 9.5, 6.0, 10.0 ] },
										"up": { "texture": "#iron", "uv": [ 0.0, 13.5, 5.0, 14.0 ] },
										"down": { "texture": "#iron", "uv": [ 0.0, 13.5, 5.0, 14.0 ] }
									}
								}
							]
						}
					]
				},
				{
					"name": "Tip",
					"from": [ 11.485, 0.043, 0.0 ],
					"to": [ 11.985, 0.143, 0.5 ],
					"rotationOrigin": [ 11.735, 0.1, 0.25 ],
					"rotationY": 45.0,
					"faces": {
						"east": { "texture": "#iron", "uv": [ 0.0, 11.5, 0.5, 12.0 ] },
						"south": { "texture": "#iron", "uv": [ 0.0, 11.5, 0.5, 12.0 ] },
						"up": { "texture": "#iron", "uv": [ 0.0, 11.5, 0.5, 12.0 ] },
						"down": { "texture": "#iron", "uv": [ 0.0, 11.5, 0.5, 12.0 ] }
					}
				}
			]
		}
	]}
