{
	"editor": {
		"allAngles": false,
		"entityTextureMode": false
	},
	"textureWidth": 16,
	"textureHeight": 16,
	"textureSizes": {
	},
	"textures": {
		"ceramic": "game:block/clay/blueclay",
		"sides": "game:block/clay/planter/amber"
	},
	"elements": [
		{
			"name": "origin",
			"from": [ 8.0, 0.0, 8.0 ], 
			"to": [ 8.0, 0.0, 8.0 ], 
			"rotationOrigin": [ 8.0, 0.0, 8.0 ],
			"faces": {
				"north": { "texture": "#ceramic", "uv": [ 0.0, 0.0, 0.5, 0.5 ], "enabled": false },
				"east": { "texture": "#ceramic", "uv": [ 0.0, 0.0, 0.5, 0.5 ], "enabled": false },
				"south": { "texture": "#ceramic", "uv": [ 0.0, 0.0, 0.5, 0.5 ], "enabled": false },
				"west": { "texture": "#ceramic", "uv": [ 0.0, 0.0, 0.5, 0.5 ], "enabled": false },
				"up": { "texture": "#ceramic", "uv": [ 0.0, 0.0, 0.5, 0.5 ], "enabled": false },
				"down": { "texture": "#ceramic", "uv": [ 0.0, 0.0, 0.5, 0.5 ], "enabled": false }
			},
			"children": [
				{
					"name": "bottom",
					"from": [ -5.0, 0.0, -5.0 ], 
					"to": [ 5.0, 1.0, 5.0 ], 
					"rotationOrigin": [ -8.0, 0.0, -8.0 ],
					"faces": {
						"north": { "texture": "#ceramic", "uv": [ 1.0, 8.0, 11.0, 9.0 ], "enabled": false },
						"east": { "texture": "#ceramic", "uv": [ 4.0, 9.0, 14.0, 10.0 ], "enabled": false },
						"south": { "texture": "#ceramic", "uv": [ 1.0, 7.0, 11.0, 8.0 ], "enabled": false },
						"west": { "texture": "#ceramic", "uv": [ 3.0, 2.0, 13.0, 3.0 ], "enabled": false },
						"up": { "texture": "#ceramic", "uv": [ 3.0, 3.0, 13.0, 13.0 ] },
						"down": { "texture": "#ceramic", "uv": [ 2.0, 3.0, 12.0, 13.0 ] }
					},
					"children": [
						{
							"name": "N",
							"from": [ -1.0, 0.0, -1.0 ], 
							"to": [ 11.0, 9.0, 0.0 ], 
							"faces": {
								"north": { "texture": "#sides", "uv": [ 2.0, 7.0, 14.0, 16.0 ] },
								"east": { "texture": "#sides", "uv": [ 1.0, 7.0, 2.0, 16.0 ] },
								"south": { "texture": "#ceramic", "uv": [ 2.0, 1.0, 14.0, 10.0 ] },
								"west": { "texture": "#sides", "uv": [ 14.0, 7.0, 15.0, 16.0 ] },
								"up": { "texture": "#sides", "uv": [ 2.0, 6.0, 14.0, 7.0 ], "rotation": 180 },
								"down": { "texture": "#ceramic", "uv": [ 0.0, 0.0, 12.0, 1.0 ] }
							}
						},
						{
							"name": "S",
							"from": [ -1.0, 0.0, 10.0 ], 
							"to": [ 11.0, 9.0, 11.0 ], 
							"faces": {
								"north": { "texture": "#ceramic", "uv": [ 0.0, 0.0, 12.0, 9.0 ] },
								"east": { "texture": "#sides", "uv": [ 14.0, 7.0, 15.0, 16.0 ] },
								"south": { "texture": "#sides", "uv": [ 2.0, 7.0, 14.0, 16.0 ] },
								"west": { "texture": "#sides", "uv": [ 1.0, 7.0, 2.0, 16.0 ] },
								"up": { "texture": "#sides", "uv": [ 2.0, 6.0, 14.0, 7.0 ] },
								"down": { "texture": "#ceramic", "uv": [ 0.0, 0.0, 12.0, 1.0 ] }
							}
						},
						{
							"name": "W",
							"from": [ -1.0, 0.0, 0.0 ], 
							"to": [ 0.0, 9.0, 10.0 ], 
							"faces": {
								"north": { "texture": "#ceramic", "uv": [ 0.0, 0.0, 1.0, 9.0 ], "enabled": false },
								"east": { "texture": "#ceramic", "uv": [ 0.0, 7.0, 10.0, 16.0 ] },
								"south": { "texture": "#ceramic", "uv": [ 0.0, 0.0, 1.0, 9.0 ], "enabled": false },
								"west": { "texture": "#sides", "uv": [ 3.0, 7.0, 13.0, 16.0 ] },
								"up": { "texture": "#sides", "uv": [ 3.0, 6.0, 13.0, 7.0 ], "rotation": 90 },
								"down": { "texture": "#ceramic", "uv": [ 0.0, 0.0, 1.0, 10.0 ] }
							}
						},
						{
							"name": "E",
							"from": [ 10.0, 0.0, 0.0 ], 
							"to": [ 11.0, 9.0, 10.0 ], 
							"faces": {
								"north": { "texture": "#ceramic", "uv": [ 0.0, 0.0, 1.0, 9.0 ], "enabled": false },
								"east": { "texture": "#sides", "uv": [ 3.0, 7.0, 13.0, 16.0 ] },
								"south": { "texture": "#ceramic", "uv": [ 0.0, 0.0, 1.0, 9.0 ], "enabled": false },
								"west": { "texture": "#ceramic", "uv": [ 6.0, 2.0, 16.0, 11.0 ] },
								"up": { "texture": "#sides", "uv": [ 3.0, 6.0, 13.0, 7.0 ], "rotation": 270 },
								"down": { "texture": "#ceramic", "uv": [ 0.0, 0.0, 1.0, 10.0 ] }
							}
						}
					]
				}
			]
		}
	]}