[
  {
    "op": "addmerge",
    "path": "/attributes/inPieProperties",
    "value": {
      "AllowMixing": false,
      "texture": "game:textures/block/food/fill-worms",
      "partType": "Filling"
    },
    "side": "server",
    "file": "primitivesurvival:itemtypes/entity/land/earthworm.json",
    "dependsOn": [ { "modid": "primitivesurvival" } ]
  },
  {
    "op": "addmerge",
    "path": "/attributes/nutritionPropsWhenInMeal",
    "value": {
      "satiety": 20,
      "foodcategory": "Protein"
    },
    "side": "server",
    "file": "primitivesurvival:itemtypes/entity/land/earthworm.json",
    "dependsOn": [ { "modid": "primitivesurvival" } ]
  },
  {
    "op": "addmerge",
    "path": "/attributesByType/*",
    "value": {
      "nutritionPropsWhenInMeal": {
        "satiety": 90,
        "foodcategory": "Protein"
      }
    },
    "side": "server",
    "file": "game:itemtypes/food/insect.json"
  },
  {
    "op": "addmerge",
    "path": "/attributesByType/*",
    "value": {
      "inPieProperties": {
        "texture": "game:textures/block/food/fill-{type}",
        "partType": "Filling",
		"AllowMixing": false
      }
    },
    "side": "server",
    "file": "game:itemtypes/food/insect.json"
  },
  {
    "op": "replace",
    "path": "/attributes/inPieProperties",
    "value": {
      "AllowMixing": false,
      "texture": "game:textures/block/food/fill-worms",
      "partType": "Filling"
    },
    "side": "server",
    "file": "expandedfoods:assets/game/patches/insect.json",
    "dependsOn": [ { "modid": "expandedfoods" } ]
  },
]
