[
  {
    "op": "addmerge",
    "path": "/nutritionProps",
    "value": {
      "satiety": 10,
      "foodcategory": "Protein"
    },
    "side": "server",
    "file": "game:itemtypes/creature-butterfly-dead.json"
  },
  {
    "op": "addmerge",
    "path": "/attributes/inPieProperties",
    "value": {
      "AllowMixing": false,
      "texture": "game:textures/block/food/fill-butterfly",
      "partType": "Filling"
    },
    "side": "server",
    "file": "game:itemtypes/creature-butterfly-dead.json"
  }
]
