{
	"editor": {
		"backDropShape": "C:/Users/trist/AppData/Roaming/Vintagestory/assets/game/shapes/entity/humanoid/seraph-hairless",
		"collapsedPaths": "Root/Body/abdomen,Root/Body/Left Shoulder,Root/Body/Right Shoulder",
		"allAngles": false,
		"entityTextureMode": false
	},
	"textureWidth": 16,
	"textureHeight": 16,
	"textureSizes": {},
	"textures": {
		"bone": "pipeleaf:item/antlerpipe",
		"null": "pipeleaf:item/antlerpipe"
	},
	"elements": [
		{
			"name": "face",
			"stepParentName": "Head",
			"from": [
				0.0,
				0.7,
				1.7
			],
			"to": [
				0.0,
				2.9,
				1.7
			],
			"rotationOrigin": [
				-0.3,
				0.9,
				2.1
			],
			"rotationX": 22.5,
			"rotationY": -22.5,
			"rotationZ": 22.5,
			"faces": {
				"north": {
					"texture": "#null",
					"uv": [
						0.0,
						0.0,
						0.5,
						2.0
					]
				},
				"east": {
					"texture": "#null",
					"uv": [
						0.0,
						0.0,
						0.5,
						2.0
					]
				},
				"south": {
					"texture": "#null",
					"uv": [
						0.0,
						0.0,
						0.5,
						2.0
					]
				},
				"west": {
					"texture": "#null",
					"uv": [
						0.0,
						0.0,
						0.5,
						2.0
					]
				},
				"up": {
					"texture": "#null",
					"uv": [
						0.0,
						0.0,
						0.5,
						0.5
					]
				},
				"down": {
					"texture": "#null",
					"uv": [
						0.0,
						0.0,
						0.5,
						0.5
					]
				}
			},
			"children": [
				{
					"name": "Cube2",
					"from": [
						-1.6,
						-0.4,
						-0.3
					],
					"to": [
						0.1,
						-0.3,
						0.3
					],
					"rotationOrigin": [
						-1.6,
						-0.4,
						-0.3
					],
					"rotationZ": 7.0,
					"faces": {
						"north": {
							"texture": "#bone",
							"uv": [
								6.5,
								6.0,
								12.5,
								6.5
							]
						},
						"east": {
							"texture": "#bone",
							"uv": [
								4.0,
								13.0,
								5.5,
								13.5
							]
						},
						"south": {
							"texture": "#bone",
							"uv": [
								4.0,
								9.5,
								10.0,
								10.0
							]
						},
						"west": {
							"texture": "#bone",
							"uv": [
								9.0,
								8.5,
								10.0,
								2.5
							]
						},
						"up": {
							"texture": "#bone",
							"uv": [
								4.0,
								5.0,
								10.0,
								6.5
							]
						},
						"down": {
							"texture": "#bone",
							"uv": [
								7.5,
								4.0,
								13.5,
								5.5
							]
						}
					},
					"children": [
						{
							"name": "Cube3",
							"from": [
								0.0,
								0.4,
								0.0
							],
							"to": [
								1.7,
								0.5,
								0.4
							],
							"rotationOrigin": [
								0.0,
								0.4,
								0.0
							],
							"faces": {
								"north": {
									"texture": "#bone",
									"uv": [
										0.0,
										0.0,
										6.0,
										0.5
									]
								},
								"east": {
									"texture": "#bone",
									"uv": [
										0.0,
										0.0,
										1.5,
										0.5
									]
								},
								"south": {
									"texture": "#bone",
									"uv": [
										0.0,
										0.0,
										6.0,
										0.5
									]
								},
								"west": {
									"texture": "#bone",
									"uv": [
										0.0,
										0.0,
										1.5,
										0.5
									]
								},
								"up": {
									"texture": "#bone",
									"uv": [
										0.0,
										0.0,
										6.0,
										1.5
									]
								},
								"down": {
									"texture": "#null",
									"uv": [
										0.0,
										0.0,
										6.0,
										1.5
									]
								}
							}
						},
						{
							"name": "Cube4",
							"from": [
								0.0,
								0.5,
								0.1
							],
							"to": [
								1.7,
								0.7,
								0.6
							],
							"rotationOrigin": [
								0.0,
								0.5,
								0.1
							],
							"rotationX": 90.0,
							"faces": {
								"north": {
									"texture": "#bone",
									"uv": [
										0.0,
										0.0,
										6.0,
										0.5
									]
								},
								"east": {
									"texture": "#bone",
									"uv": [
										0.0,
										0.0,
										2.0,
										0.5
									]
								},
								"south": {
									"texture": "#bone",
									"uv": [
										0.0,
										0.0,
										6.0,
										0.5
									]
								},
								"west": {
									"texture": "#bone",
									"uv": [
										0.0,
										0.0,
										2.0,
										0.5
									]
								},
								"up": {
									"texture": "#bone",
									"uv": [
										0.0,
										0.0,
										6.0,
										2.0
									]
								},
								"down": {
									"texture": "#bone",
									"uv": [
										0.0,
										0.0,
										6.0,
										2.0
									]
								}
							}
						},
						{
							"name": "Cube5",
							"from": [
								0.0,
								0.5,
								0.3
							],
							"to": [
								1.7,
								0.7,
								0.8
							],
							"rotationOrigin": [
								0.0,
								0.5,
								0.3
							],
							"rotationX": 90.0,
							"faces": {
								"north": {
									"texture": "#bone",
									"uv": [
										0.0,
										0.0,
										10.5,
										5.5
									]
								},
								"east": {
									"texture": "#bone",
									"uv": [
										0.0,
										0.0,
										7.5,
										4.0
									]
								},
								"south": {
									"texture": "#bone",
									"uv": [
										0.0,
										0.0,
										12.5,
										3.0
									]
								},
								"west": {
									"texture": "#bone",
									"uv": [
										0.0,
										0.0,
										2.0,
										0.5
									]
								},
								"up": {
									"texture": "#bone",
									"uv": [
										0.0,
										0.0,
										9.5,
										4.5
									]
								},
								"down": {
									"texture": "#bone",
									"uv": [
										0.0,
										0.0,
										11.0,
										2.5
									]
								}
							}
						}
					]
				},
				{
					"name": "Cube6",
					"from": [
						-1.8,
						-0.4,
						-0.3
					],
					"to": [
						-1.6,
						0.4,
						0.5
					],
					"rotationOrigin": [
						-1.8,
						-0.4,
						-0.3
					],
					"rotationY": 10.0,
					"faces": {
						"north": {
							"texture": "#bone",
							"uv": [
								0.0,
								0.0,
								0.5,
								3.0
							]
						},
						"east": {
							"texture": "#bone",
							"uv": [
								0.0,
								0.0,
								3.0,
								3.0
							]
						},
						"south": {
							"texture": "#bone",
							"uv": [
								0.0,
								0.0,
								0.5,
								3.0
							]
						},
						"west": {
							"texture": "#bone",
							"uv": [
								0.0,
								0.0,
								3.0,
								3.0
							]
						},
						"up": {
							"texture": "#bone",
							"uv": [
								0.0,
								0.0,
								0.5,
								3.0
							]
						},
						"down": {
							"texture": "#bone",
							"uv": [
								0.0,
								0.0,
								0.5,
								3.0
							]
						}
					},
					"children": [
						{
							"name": "Cube7",
							"from": [
								-0.6,
								0.0,
								0.0
							],
							"to": [
								0.2,
								0.8,
								0.3
							],
							"rotationOrigin": [
								-0.4,
								0.0,
								0.0
							],
							"faces": {
								"north": {
									"texture": "#bone",
									"uv": [
										0.0,
										0.0,
										3.0,
										3.0
									]
								},
								"east": {
									"texture": "#bone",
									"uv": [
										0.0,
										0.0,
										1.0,
										3.0
									]
								},
								"south": {
									"texture": "#bone",
									"uv": [
										0.0,
										0.0,
										3.0,
										3.0
									]
								},
								"west": {
									"texture": "#bone",
									"uv": [
										0.0,
										0.0,
										1.0,
										3.0
									]
								},
								"up": {
									"texture": "#bone",
									"uv": [
										0.0,
										0.0,
										3.0,
										1.0
									]
								},
								"down": {
									"texture": "#bone",
									"uv": [
										0.0,
										0.0,
										3.0,
										1.0
									]
								}
							}
						},
						{
							"name": "Cube8",
							"from": [
								-0.6,
								0.0,
								0.5
							],
							"to": [
								0.2,
								0.8,
								0.8
							],
							"rotationOrigin": [
								-0.4,
								0.0,
								0.5
							],
							"faces": {
								"north": {
									"texture": "#bone",
									"uv": [
										0.0,
										0.0,
										3.0,
										3.0
									]
								},
								"east": {
									"texture": "#bone",
									"uv": [
										0.0,
										0.0,
										1.0,
										3.0
									]
								},
								"south": {
									"texture": "#bone",
									"uv": [
										0.0,
										0.0,
										3.0,
										3.0
									]
								},
								"west": {
									"texture": "#bone",
									"uv": [
										0.0,
										0.0,
										1.0,
										3.0
									]
								},
								"up": {
									"texture": "#bone",
									"uv": [
										0.0,
										0.0,
										3.0,
										1.0
									]
								},
								"down": {
									"texture": "#bone",
									"uv": [
										0.0,
										0.0,
										3.0,
										1.0
									]
								}
							}
						},
						{
							"name": "Cube9",
							"from": [
								-0.6,
								0.0,
								0.1
							],
							"to": [
								-0.5,
								0.8,
								0.8
							],
							"rotationOrigin": [
								-0.6,
								0.0,
								0.1
							],
							"faces": {
								"north": {
									"texture": "#bone",
									"uv": [
										0.0,
										0.0,
										0.5,
										3.0
									]
								},
								"east": {
									"texture": "#bone",
									"uv": [
										2.0,
										2.5,
										10.5,
										9.5
									]
								},
								"south": {
									"texture": "#bone",
									"uv": [
										0.0,
										0.0,
										0.5,
										3.0
									]
								},
								"west": {
									"texture": "#bone",
									"uv": [
										6.5,
										5.0,
										13.0,
										12.5
									]
								},
								"up": {
									"texture": "#bone",
									"uv": [
										0.0,
										0.0,
										0.5,
										3.0
									]
								},
								"down": {
									"texture": "#bone",
									"uv": [
										0.0,
										0.0,
										0.5,
										3.0
									]
								}
							},
							"children": [
								{
									"name": "Cube10",
									"from": [
										-0.1,
										-0.1,
										0.0
									],
									"to": [
										0.8,
										0.4,
										0.8
									],
									"rotationOrigin": [
										-0.1,
										-0.1,
										0.0
									],
									"rotationZ": -15.0,
									"faces": {
										"north": {
											"texture": "#bone",
											"uv": [
												0.0,
												0.0,
												2.5,
												2.0
											]
										},
										"east": {
											"texture": "#bone",
											"uv": [
												0.0,
												0.0,
												3.0,
												2.0
											]
										},
										"south": {
											"texture": "#bone",
											"uv": [
												0.0,
												0.0,
												2.5,
												2.0
											]
										},
										"west": {
											"texture": "#bone",
											"uv": [
												0.0,
												0.0,
												3.0,
												2.0
											]
										},
										"up": {
											"texture": "#bone",
											"uv": [
												0.0,
												0.0,
												2.5,
												3.0
											]
										},
										"down": {
											"texture": "#bone",
											"uv": [
												3.5,
												3.5,
												12.0,
												11.5
											]
										}
									}
								}
							]
						},
						{
							"name": "Cube11",
							"from": [
								0.2,
								-0.1,
								0.1
							],
							"to": [
								0.3,
								0.6,
								0.7
							],
							"rotationOrigin": [
								0.2,
								-0.1,
								0.1
							],
							"faces": {
								"north": {
									"texture": "#bone",
									"uv": [
										0.0,
										0.0,
										1.0,
										8.5
									]
								},
								"east": {
									"texture": "#bone",
									"uv": [
										0.0,
										0.0,
										6.0,
										5.0
									]
								},
								"south": {
									"texture": "#bone",
									"uv": [
										0.0,
										0.0,
										1.0,
										6.0
									]
								},
								"west": {
									"texture": "#bone",
									"uv": [
										0.0,
										0.0,
										5.0,
										4.5
									]
								},
								"up": {
									"texture": "#bone",
									"uv": [
										0.0,
										0.0,
										1.5,
										6.5
									]
								},
								"down": {
									"texture": "#bone",
									"uv": [
										0.0,
										0.0,
										2.0,
										7.5
									]
								}
							}
						},
						{
							"name": "Cube12",
							"from": [
								-0.4,
								0.5,
								0.2
							],
							"to": [
								-0.3,
								0.8,
								0.4
							],
							"rotationOrigin": [
								-0.4,
								0.5,
								0.2
							],
							"rotationY": -45.0,
							"faces": {
								"north": {
									"texture": "#bone",
									"uv": [
										0.0,
										0.0,
										0.5,
										1.0
									]
								},
								"east": {
									"texture": "#bone",
									"uv": [
										0.0,
										0.0,
										0.5,
										1.0
									]
								},
								"south": {
									"texture": "#bone",
									"uv": [
										0.0,
										0.0,
										0.5,
										1.0
									]
								},
								"west": {
									"texture": "#bone",
									"uv": [
										0.0,
										0.0,
										0.5,
										1.0
									]
								},
								"up": {
									"texture": "#bone",
									"uv": [
										0.0,
										0.0,
										0.5,
										0.5
									]
								},
								"down": {
									"texture": "#bone",
									"uv": [
										0.0,
										0.0,
										0.5,
										0.5
									]
								}
							}
						},
						{
							"name": "Cube13",
							"from": [
								0.1,
								0.5,
								0.4
							],
							"to": [
								0.2,
								0.8,
								0.6
							],
							"rotationOrigin": [
								0.1,
								0.5,
								0.4
							],
							"rotationY": -45.0,
							"faces": {
								"north": {
									"texture": "#bone",
									"uv": [
										0.0,
										0.0,
										0.5,
										1.0
									]
								},
								"east": {
									"texture": "#bone",
									"uv": [
										0.0,
										0.0,
										0.5,
										1.0
									]
								},
								"south": {
									"texture": "#bone",
									"uv": [
										0.0,
										0.0,
										0.5,
										1.0
									]
								},
								"west": {
									"texture": "#bone",
									"uv": [
										0.0,
										0.0,
										0.5,
										1.0
									]
								},
								"up": {
									"texture": "#bone",
									"uv": [
										0.0,
										0.0,
										0.5,
										0.5
									]
								},
								"down": {
									"texture": "#bone",
									"uv": [
										0.0,
										0.0,
										0.5,
										0.5
									]
								}
							}
						},
						{
							"name": "Cube14",
							"from": [
								0.1,
								0.5,
								0.2
							],
							"to": [
								0.2,
								0.8,
								0.4
							],
							"rotationOrigin": [
								0.1,
								0.5,
								0.2
							],
							"rotationY": -45.0,
							"faces": {
								"north": {
									"texture": "#bone",
									"uv": [
										0.0,
										0.0,
										0.5,
										1.0
									]
								},
								"east": {
									"texture": "#bone",
									"uv": [
										0.0,
										0.0,
										0.5,
										1.0
									]
								},
								"south": {
									"texture": "#bone",
									"uv": [
										0.0,
										0.0,
										0.5,
										1.0
									]
								},
								"west": {
									"texture": "#bone",
									"uv": [
										0.0,
										0.0,
										0.5,
										1.0
									]
								},
								"up": {
									"texture": "#bone",
									"uv": [
										0.0,
										0.0,
										0.5,
										0.5
									]
								},
								"down": {
									"texture": "#bone",
									"uv": [
										0.0,
										0.0,
										0.5,
										0.5
									]
								}
							}
						},
						{
							"name": "Cube15",
							"from": [
								-0.5,
								0.5,
								0.4
							],
							"to": [
								-0.4,
								0.8,
								0.7
							],
							"rotationOrigin": [
								-0.5,
								0.5,
								0.4
							],
							"rotationY": -45.0,
							"faces": {
								"north": {
									"texture": "#bone",
									"uv": [
										0.0,
										0.0,
										0.5,
										1.0
									]
								},
								"east": {
									"texture": "#bone",
									"uv": [
										0.0,
										0.0,
										0.5,
										1.0
									]
								},
								"south": {
									"texture": "#bone",
									"uv": [
										0.0,
										0.0,
										0.5,
										1.0
									]
								},
								"west": {
									"texture": "#bone",
									"uv": [
										0.0,
										0.0,
										0.5,
										1.0
									]
								},
								"up": {
									"texture": "#bone",
									"uv": [
										0.0,
										0.0,
										0.5,
										0.5
									]
								},
								"down": {
									"texture": "#bone",
									"uv": [
										0.0,
										0.0,
										0.5,
										0.5
									]
								}
							}
						}
					]
				}
			]
		}
	]
}