{
	"editor": {
		"backDropShape": "C:/Users/trist/AppData/Roaming/Vintagestory/assets/game/shapes/entity/humanoid/seraph-hairless",
		"allAngles": false,
		"entityTextureMode": false
	},
	"textureWidth": 16,
	"textureHeight": 16,
	"textureSizes": {
	},
	"textures": {
	},
	"elements": [
		{
			"name": "face",
			"stepParentName": "Head",
			"from": [ -4.7, -1.7, 9.7 ],
			"to": [ -4.7, -1.7, 9.7 ],
			"rotationOrigin": [ -5.9, -0.9, 4.5 ],
			"rotationX": 90.0,
			"rotationY": 115.0,
			"rotationZ": -90.0,
			"faces": {
				"north": { "texture": "#null", "uv": [ 0.0, 0.0, 0.5, 0.5 ] },
				"east": { "texture": "#null", "uv": [ 0.0, 0.0, 0.5, 0.5 ] },
				"south": { "texture": "#null", "uv": [ 0.0, 0.0, 0.5, 0.5 ] },
				"west": { "texture": "#null", "uv": [ 0.0, 0.0, 0.5, 0.5 ] },
				"up": { "texture": "#null", "uv": [ 0.0, 0.0, 0.5, 0.5 ] },
				"down": { "texture": "#null", "uv": [ 0.0, 0.0, 0.5, 0.5 ] }
			},
			"children": [
				{
					"name": "Cube38",
					"from": [ 0.3, 0.1, -4.7 ],
					"to": [ 0.6, 0.2, -4.5 ],
					"rotationOrigin": [ 0.3, 0.1, -4.7 ],
					"rotationX": 45.0,
					"rotationY": -22.5,
					"rotationZ": 90.0,
					"faces": {
						"north": { "texture": "#bowl", "uv": [ 0.0, 0.0, 11.5, 12.0 ] },
						"east": { "texture": "#bowl", "uv": [ 0.0, 0.0, 10.5, 10.5 ] },
						"south": { "texture": "#bowl", "uv": [ 0.0, 0.0, 5.0, 8.0 ] },
						"west": { "texture": "#bowl", "uv": [ 0.0, 0.0, 9.5, 8.0 ] },
						"up": { "texture": "#bowl", "uv": [ 0.0, 0.0, 9.0, 8.5 ] },
						"down": { "texture": "#bowl", "uv": [ 0.0, 0.0, 8.5, 7.5 ] }
					}
				},
				{
					"name": "Cube43",
					"from": [ -0.3, 0.7, -5.3 ],
					"to": [ 0.2, 0.8, -4.8 ],
					"rotationOrigin": [ -0.3, 0.7, -5.3 ],
					"rotationX": -45.0,
					"faces": {
						"north": { "texture": "#stem", "uv": [ 0.5, 0.5, 15.5, 14.5 ] },
						"east": { "texture": "#herb", "uv": [ 0.0, 0.0, 12.5, 11.5 ] },
						"south": { "texture": "#herb", "uv": [ 0.0, 0.0, 7.0, 8.5 ] },
						"west": { "texture": "#herb", "uv": [ 0.0, 0.0, 8.0, 11.0 ] },
						"up": { "texture": "#herb", "uv": [ 0.0, 0.0, 10.5, 9.5 ] },
						"down": { "texture": "#herb", "uv": [ 0.0, 0.0, 11.0, 8.0 ] }
					},
					"children": [
						{
							"name": "Cube44",
							"from": [ 0.1, 0.0, 0.1 ],
							"to": [ 0.3, 0.1, 0.2 ],
							"rotationOrigin": [ 0.1, 0.0, 0.1 ],
							"faces": {
								"north": { "texture": "#herb", "uv": [ 0.0, 0.0, 8.5, 13.5 ] },
								"east": { "texture": "#herb", "uv": [ 0.0, 0.0, 10.0, 8.0 ] },
								"south": { "texture": "#herb", "uv": [ 0.0, 0.0, 9.5, 8.5 ] },
								"west": { "texture": "#herb", "uv": [ 0.0, 0.0, 11.0, 7.0 ] },
								"up": { "texture": "#herb", "uv": [ 0.0, 0.0, 10.0, 10.0 ] },
								"down": { "texture": "#herb", "uv": [ 0.0, 0.0, 14.5, 5.5 ] }
							}
						},
						{
							"name": "Cube45",
							"from": [ 0.2, 0.0, 0.2 ],
							"to": [ 0.4, 0.1, 0.4 ],
							"rotationOrigin": [ 0.2, 0.0, 0.2 ],
							"faces": {
								"north": { "texture": "#herb", "uv": [ 0.0, 0.0, 13.0, 13.5 ] },
								"east": { "texture": "#herb", "uv": [ 0.0, 0.0, 10.5, 13.0 ] },
								"south": { "texture": "#herb", "uv": [ 0.0, 0.0, 11.0, 9.0 ] },
								"west": { "texture": "#herb", "uv": [ 0.0, 0.0, 14.0, 10.5 ] },
								"up": { "texture": "#herb", "uv": [ 0.0, 0.0, 9.5, 6.5 ] },
								"down": { "texture": "#herb", "uv": [ 0.0, 0.0, 14.0, 7.5 ] }
							}
						},
						{
							"name": "Cube46",
							"from": [ 0.2, 0.0, 0.2 ],
							"to": [ 0.4, 0.1, 0.4 ],
							"rotationOrigin": [ 0.2, 0.0, 0.2 ],
							"rotationY": 45.0,
							"faces": {
								"north": { "texture": "#herb", "uv": [ 0.0, 0.0, 8.0, 10.0 ] },
								"east": { "texture": "#herb", "uv": [ 0.0, 0.0, 10.5, 10.0 ] },
								"south": { "texture": "#herb", "uv": [ 0.0, 0.0, 7.0, 7.0 ] },
								"west": { "texture": "#herb", "uv": [ 0.0, 0.0, 9.0, 10.0 ] },
								"up": { "texture": "#herb", "uv": [ 0.0, 0.0, 12.0, 8.0 ] },
								"down": { "texture": "#herb", "uv": [ 0.0, 0.0, 11.5, 7.5 ] }
							}
						},
						{
							"name": "Cube47",
							"from": [ 0.2, 0.0, 0.4 ],
							"to": [ 0.4, 0.1, 0.5 ],
							"rotationOrigin": [ 0.2, 0.0, 0.4 ],
							"rotationY": 45.0,
							"faces": {
								"north": { "texture": "#herb", "uv": [ 0.0, 0.0, 10.5, 8.0 ] },
								"east": { "texture": "#herb", "uv": [ 0.0, 0.0, 7.5, 9.5 ] },
								"south": { "texture": "#herb", "uv": [ 0.0, 0.0, 14.5, 8.0 ] },
								"west": { "texture": "#herb", "uv": [ 0.0, 0.0, 6.0, 6.5 ] },
								"up": { "texture": "#herb", "uv": [ 0.0, 0.0, 7.5, 9.0 ] },
								"down": { "texture": "#herb", "uv": [ 0.0, 0.0, 12.5, 7.5 ] }
							}
						}
					]
				},
				{
					"name": "Cube42",
					"from": [ -0.4, 1.2, -5.1 ],
					"to": [ 0.4, 1.4, -5.0 ],
					"rotationOrigin": [ -0.4, 1.2, -5.1 ],
					"rotationX": 45.0,
					"faces": {
						"north": { "texture": "#bowl", "uv": [ 0.0, 0.0, 8.0, 7.0 ] },
						"east": { "texture": "#bowl", "uv": [ 0.0, 0.0, 6.5, 7.5 ] },
						"south": { "texture": "#bowl", "uv": [ 0.0, 0.0, 13.5, 12.5 ] },
						"west": { "texture": "#bowl", "uv": [ 0.0, 0.0, 9.0, 7.0 ] },
						"up": { "texture": "#bowl", "uv": [ 0.0, 0.0, 6.5, 6.5 ] },
						"down": { "texture": "#bowl", "uv": [ 0.0, 0.0, 14.5, 3.5 ] }
					}
				},
				{
					"name": "Cube41",
					"from": [ 0.4, 0.8, -5.5 ],
					"to": [ 1.0, 1.0, -5.4 ],
					"rotationOrigin": [ 0.4, 0.8, -5.5 ],
					"rotationX": 45.0,
					"rotationZ": 90.0,
					"faces": {
						"north": { "texture": "#bowl", "uv": [ 0.0, 0.0, 10.5, 11.0 ] },
						"east": { "texture": "#bowl", "uv": [ 0.0, 0.0, 7.5, 10.5 ] },
						"south": { "texture": "#bowl", "uv": [ 0.0, 0.0, 11.5, 12.0 ] },
						"west": { "texture": "#bowl", "uv": [ 0.0, 0.0, 8.0, 5.0 ] },
						"up": { "texture": "#bowl", "uv": [ 0.0, 0.0, 10.0, 7.5 ] },
						"down": { "texture": "#bowl", "uv": [ 0.0, 0.0, 11.0, 9.0 ] }
					}
				},
				{
					"name": "Cube40",
					"from": [ -0.2, 0.8, -5.5 ],
					"to": [ 0.4, 1.0, -5.4 ],
					"rotationOrigin": [ -0.2, 0.8, -5.5 ],
					"rotationX": 45.0,
					"rotationZ": 90.0,
					"faces": {
						"north": { "texture": "#bowl", "uv": [ 0.0, 0.0, 11.0, 12.0 ] },
						"east": { "texture": "#bowl", "uv": [ 0.0, 0.0, 10.5, 13.0 ] },
						"south": { "texture": "#bowl", "uv": [ 0.0, 0.0, 13.5, 6.5 ] },
						"west": { "texture": "#bowl", "uv": [ 0.0, 0.0, 6.5, 10.0 ] },
						"up": { "texture": "#bowl", "uv": [ 0.0, 0.0, 13.0, 9.0 ] },
						"down": { "texture": "#bowl", "uv": [ 0.0, 0.0, 13.5, 7.0 ] }
					}
				},
				{
					"name": "Cube39",
					"from": [ -0.4, 0.8, -5.6 ],
					"to": [ 0.4, 0.9, -5.5 ],
					"rotationOrigin": [ -0.4, 0.8, -5.6 ],
					"rotationX": 45.0,
					"faces": {
						"north": { "texture": "#bowl", "uv": [ 0.0, 0.0, 4.0, 9.0 ] },
						"east": { "texture": "#bowl", "uv": [ 0.0, 0.0, 12.5, 7.5 ] },
						"south": { "texture": "#bowl", "uv": [ 0.0, 0.0, 10.5, 8.0 ] },
						"west": { "texture": "#bowl", "uv": [ 0.0, 0.0, 9.0, 9.0 ] },
						"up": { "texture": "#bowl", "uv": [ 0.0, 0.0, 12.0, 10.0 ] },
						"down": { "texture": "#bowl", "uv": [ 0.0, 0.0, 10.5, 5.5 ] }
					}
				},
				{
					"name": "bowl4",
					"from": [ 0.4, 0.8, -5.4 ],
					"to": [ 0.9, 0.9, -4.7 ],
					"rotationOrigin": [ 0.4, 0.8, -5.4 ],
					"rotationX": 45.0,
					"rotationZ": 90.0,
					"faces": {
						"north": { "texture": "#bowl", "uv": [ 0.0, 0.0, 10.0, 14.0 ] },
						"east": { "texture": "#bowl", "uv": [ 0.0, 0.0, 13.0, 14.0 ] },
						"south": { "texture": "#bowl", "uv": [ 0.0, 0.0, 8.5, 9.5 ] },
						"west": { "texture": "#bowl", "uv": [ 0.0, 0.0, 8.5, 9.5 ] },
						"up": { "texture": "#bowl", "uv": [ 0.0, 0.0, 9.0, 11.5 ] },
						"down": { "texture": "#bowl", "uv": [ 0.0, 0.0, 6.5, 6.5 ] }
					},
					"children": [
						{
							"name": "Cube20",
							"from": [ -0.1, 0.0, 0.0 ],
							"to": [ 0.6, 0.1, 0.7 ],
							"rotationOrigin": [ -0.1, 0.0, 0.0 ],
							"faces": {
								"north": { "texture": "#bowl", "uv": [ 0.0, 0.0, 9.5, 9.0 ] },
								"east": { "texture": "#bowl", "uv": [ 0.0, 0.0, 9.0, 9.5 ] },
								"south": { "texture": "#bowl", "uv": [ 0.0, 0.0, 13.5, 14.5 ] },
								"west": { "texture": "#bowl", "uv": [ 0.0, 0.0, 9.0, 11.5 ] },
								"up": { "texture": "#bowl", "uv": [ 0.0, 0.0, 8.5, 11.0 ] },
								"down": { "texture": "#bowl", "uv": [ 0.0, 0.0, 11.0, 8.0 ] }
							}
						},
						{
							"name": "Cube21",
							"from": [ -0.2, 0.1, 0.0 ],
							"to": [ 0.6, 0.1, 0.7 ],
							"rotationOrigin": [ -0.2, 0.1, 0.0 ],
							"faces": {
								"north": { "texture": "#bowl", "uv": [ 0.0, 0.0, 8.5, 8.5 ] },
								"east": { "texture": "#bowl", "uv": [ 0.0, 0.0, 8.5, 9.0 ] },
								"south": { "texture": "#bowl", "uv": [ 0.0, 0.0, 8.5, 8.0 ] },
								"west": { "texture": "#bowl", "uv": [ 0.0, 0.0, 8.5, 13.5 ] },
								"up": { "texture": "#bowl", "uv": [ 0.0, 0.0, 12.0, 6.5 ] },
								"down": { "texture": "#bowl", "uv": [ 0.0, 0.0, 9.0, 6.0 ] }
							}
						},
						{
							"name": "Cube22",
							"from": [ -0.2, 0.1, 0.0 ],
							"to": [ 0.6, 0.2, 0.7 ],
							"rotationOrigin": [ -0.2, 0.1, 0.0 ],
							"faces": {
								"north": { "texture": "#bowl", "uv": [ 0.0, 0.0, 8.0, 11.0 ] },
								"east": { "texture": "#bowl", "uv": [ 0.0, 0.0, 9.0, 8.0 ] },
								"south": { "texture": "#bowl", "uv": [ 0.0, 0.0, 12.5, 8.5 ] },
								"west": { "texture": "#bowl", "uv": [ 0.0, 0.0, 7.0, 9.5 ] },
								"up": { "texture": "#bowl", "uv": [ 0.0, 0.0, 12.5, 7.5 ] },
								"down": { "texture": "#bowl", "uv": [ 0.0, 0.0, 7.0, 4.5 ] }
							}
						}
					]
				},
				{
					"name": "bowl3",
					"from": [ -0.4, 1.2, -5.1 ],
					"to": [ 0.0, 1.2, -4.4 ],
					"rotationOrigin": [ -0.4, 1.2, -5.1 ],
					"rotationX": 45.0,
					"rotationZ": -90.0,
					"faces": {
						"north": { "texture": "#bowl", "uv": [ 0.0, 0.0, 11.5, 8.5 ] },
						"east": { "texture": "#bowl", "uv": [ 0.0, 0.0, 10.0, 12.5 ] },
						"south": { "texture": "#bowl", "uv": [ 0.0, 0.0, 10.0, 8.5 ] },
						"west": { "texture": "#bowl", "uv": [ 0.0, 0.0, 9.0, 10.0 ] },
						"up": { "texture": "#bowl", "uv": [ 0.0, 0.0, 9.0, 7.0 ] },
						"down": { "texture": "#bowl", "uv": [ 0.0, 0.0, 9.5, 7.5 ] }
					},
					"children": [
						{
							"name": "Cube17",
							"from": [ -0.1, 0.0, 0.0 ],
							"to": [ 0.6, 0.1, 0.7 ],
							"rotationOrigin": [ -0.1, 0.0, 0.0 ],
							"faces": {
								"north": { "texture": "#bowl", "uv": [ 0.0, 0.0, 9.5, 12.0 ] },
								"east": { "texture": "#bowl", "uv": [ 0.0, 0.0, 11.5, 13.0 ] },
								"south": { "texture": "#bowl", "uv": [ 0.0, 0.0, 9.5, 8.5 ] },
								"west": { "texture": "#bowl", "uv": [ 0.0, 0.0, 8.0, 6.5 ] },
								"up": { "texture": "#bowl", "uv": [ 0.0, 0.0, 7.5, 9.5 ] },
								"down": { "texture": "#bowl", "uv": [ 0.0, 0.0, 9.0, 6.5 ] }
							}
						},
						{
							"name": "Cube18",
							"from": [ -0.2, 0.1, 0.0 ],
							"to": [ 0.6, 0.1, 0.7 ],
							"rotationOrigin": [ -0.2, 0.1, 0.0 ],
							"faces": {
								"north": { "texture": "#bowl", "uv": [ 0.0, 0.0, 6.0, 8.0 ] },
								"east": { "texture": "#bowl", "uv": [ 0.0, 0.0, 13.0, 13.0 ] },
								"south": { "texture": "#bowl", "uv": [ 0.0, 0.0, 10.0, 11.5 ] },
								"west": { "texture": "#bowl", "uv": [ 0.0, 0.0, 9.0, 9.0 ] },
								"up": { "texture": "#bowl", "uv": [ 0.0, 0.0, 7.0, 13.5 ] },
								"down": { "texture": "#bowl", "uv": [ 0.0, 0.0, 13.0, 7.5 ] }
							}
						},
						{
							"name": "Cube19",
							"from": [ -0.2, 0.1, 0.0 ],
							"to": [ 0.6, 0.2, 0.7 ],
							"rotationOrigin": [ -0.2, 0.1, 0.0 ],
							"faces": {
								"north": { "texture": "#bowl", "uv": [ 0.0, 0.0, 11.5, 12.5 ] },
								"east": { "texture": "#bowl", "uv": [ 0.0, 0.0, 11.5, 7.5 ] },
								"south": { "texture": "#bowl", "uv": [ 0.0, 0.0, 9.5, 11.0 ] },
								"west": { "texture": "#bowl", "uv": [ 0.0, 0.0, 7.0, 11.0 ] },
								"up": { "texture": "#bowl", "uv": [ 0.0, 0.0, 5.5, 12.0 ] },
								"down": { "texture": "#bowl", "uv": [ 0.0, 0.0, 11.5, 5.5 ] }
							}
						}
					]
				},
				{
					"name": "bowl2",
					"from": [ -0.2, 0.7, -5.6 ],
					"to": [ 0.2, 0.7, -4.9 ],
					"rotationOrigin": [ -0.2, 0.7, -5.6 ],
					"rotationX": 45.0,
					"faces": {
						"north": { "texture": "#bowl", "uv": [ 0.0, 0.0, 11.0, 12.5 ] },
						"east": { "texture": "#bowl", "uv": [ 0.0, 0.0, 12.5, 10.0 ] },
						"south": { "texture": "#bowl", "uv": [ 0.0, 0.0, 10.0, 6.5 ] },
						"west": { "texture": "#bowl", "uv": [ 0.0, 0.0, 9.5, 10.5 ] },
						"up": { "texture": "#bowl", "uv": [ 0.0, 0.0, 11.0, 8.0 ] },
						"down": { "texture": "#bowl", "uv": [ 0.0, 0.0, 10.0, 8.5 ] }
					},
					"children": [
						{
							"name": "Cube14",
							"from": [ -0.1, 0.0, 0.0 ],
							"to": [ 0.6, 0.1, 0.7 ],
							"rotationOrigin": [ -0.1, 0.0, 0.0 ],
							"faces": {
								"north": { "texture": "#bowl", "uv": [ 0.0, 0.0, 11.0, 8.5 ] },
								"east": { "texture": "#bowl", "uv": [ 0.0, 0.0, 10.0, 10.0 ] },
								"south": { "texture": "#bowl", "uv": [ 0.0, 0.0, 12.0, 4.5 ] },
								"west": { "texture": "#bowl", "uv": [ 0.0, 0.0, 7.5, 9.5 ] },
								"up": { "texture": "#bowl", "uv": [ 0.0, 0.0, 11.5, 11.5 ] },
								"down": { "texture": "#bowl", "uv": [ 0.0, 0.0, 9.0, 6.5 ] }
							}
						},
						{
							"name": "Cube15",
							"from": [ -0.2, 0.1, 0.0 ],
							"to": [ 0.6, 0.1, 0.7 ],
							"rotationOrigin": [ -0.2, 0.1, 0.0 ],
							"faces": {
								"north": { "texture": "#bowl", "uv": [ 0.0, 0.0, 10.5, 12.0 ] },
								"east": { "texture": "#bowl", "uv": [ 0.0, 0.0, 8.5, 8.5 ] },
								"south": { "texture": "#bowl", "uv": [ 0.0, 0.0, 12.5, 5.5 ] },
								"west": { "texture": "#bowl", "uv": [ 0.0, 0.0, 6.0, 8.5 ] },
								"up": { "texture": "#bowl", "uv": [ 0.0, 0.0, 12.0, 6.0 ] },
								"down": { "texture": "#bowl", "uv": [ 0.0, 0.0, 6.5, 7.0 ] }
							}
						},
						{
							"name": "Cube16",
							"from": [ -0.2, 0.1, 0.0 ],
							"to": [ 0.6, 0.2, 0.7 ],
							"rotationOrigin": [ -0.2, 0.1, 0.0 ],
							"faces": {
								"north": { "texture": "#bowl", "uv": [ 0.0, 0.0, 10.0, 8.0 ] },
								"east": { "texture": "#bowl", "uv": [ 0.0, 0.0, 11.0, 9.0 ] },
								"south": { "texture": "#bowl", "uv": [ 0.0, 0.0, 11.0, 7.5 ] },
								"west": { "texture": "#bowl", "uv": [ 0.0, 0.0, 7.0, 8.0 ] },
								"up": { "texture": "#bowl", "uv": [ 0.0, 0.0, 10.0, 7.0 ] },
								"down": { "texture": "#bowl", "uv": [ 0.0, 0.0, 9.5, 7.5 ] }
							}
						}
					]
				},
				{
					"name": "Cube35",
					"from": [ 0.4, 0.3, -5.2 ],
					"to": [ 1.3, 0.3, -5.0 ],
					"rotationOrigin": [ 0.4, 0.3, -5.2 ],
					"rotationX": 45.0,
					"rotationY": -22.5,
					"rotationZ": 90.0,
					"faces": {
						"north": { "texture": "#bowl", "uv": [ 0.0, 0.0, 10.0, 8.5 ] },
						"east": { "texture": "#bowl", "uv": [ 0.0, 0.0, 8.5, 8.0 ] },
						"south": { "texture": "#bowl", "uv": [ 0.0, 0.0, 13.0, 9.5 ] },
						"west": { "texture": "#bowl", "uv": [ 0.0, 0.0, 9.5, 13.0 ] },
						"up": { "texture": "#bowl", "uv": [ 0.0, 0.0, 6.5, 9.5 ] },
						"down": { "texture": "#bowl", "uv": [ 0.0, 0.0, 14.0, 8.5 ] }
					},
					"children": [
						{
							"name": "Cube36",
							"from": [ 0.1, 0.0, 0.2 ],
							"to": [ 0.8, 0.0, 0.3 ],
							"rotationOrigin": [ 0.1, 0.0, 0.2 ],
							"faces": {
								"north": { "texture": "#bowl", "uv": [ 0.0, 0.0, 8.0, 9.5 ] },
								"east": { "texture": "#bowl", "uv": [ 0.0, 0.0, 6.0, 8.5 ] },
								"south": { "texture": "#bowl", "uv": [ 0.0, 0.0, 12.0, 7.0 ] },
								"west": { "texture": "#bowl", "uv": [ 0.0, 0.0, 10.0, 7.0 ] },
								"up": { "texture": "#bowl", "uv": [ 0.0, 0.0, 10.5, 11.5 ] },
								"down": { "texture": "#bowl", "uv": [ 0.0, 0.0, 7.5, 4.5 ] }
							}
						},
						{
							"name": "Cube37",
							"from": [ 0.2, 0.0, 0.3 ],
							"to": [ 0.7, 0.0, 0.5 ],
							"rotationOrigin": [ 0.2, 0.0, 0.3 ],
							"faces": {
								"north": { "texture": "#bowl", "uv": [ 0.0, 0.0, 9.5, 11.5 ] },
								"east": { "texture": "#bowl", "uv": [ 0.0, 0.0, 7.5, 9.0 ] },
								"south": { "texture": "#bowl", "uv": [ 0.0, 0.0, 12.0, 8.0 ] },
								"west": { "texture": "#bowl", "uv": [ 0.0, 0.0, 8.5, 11.0 ] },
								"up": { "texture": "#bowl", "uv": [ 0.0, 0.0, 8.5, 8.0 ] },
								"down": { "texture": "#bowl", "uv": [ 0.0, 0.0, 14.5, 10.0 ] }
							}
						}
					]
				},
				{
					"name": "Cube31",
					"from": [ -0.4, 0.9, -4.6 ],
					"to": [ 0.4, 0.9, -4.4 ],
					"rotationOrigin": [ -0.4, 0.9, -4.6 ],
					"rotationX": 67.5,
					"faces": {
						"north": { "texture": "#bowl", "uv": [ 0.0, 0.0, 11.0, 7.5 ] },
						"east": { "texture": "#bowl", "uv": [ 0.0, 0.0, 13.0, 13.0 ] },
						"south": { "texture": "#bowl", "uv": [ 0.0, 0.0, 13.5, 9.0 ] },
						"west": { "texture": "#bowl", "uv": [ 0.0, 0.0, 9.0, 11.5 ] },
						"up": { "texture": "#bowl", "uv": [ 0.0, 0.0, 14.5, 10.5 ] },
						"down": { "texture": "#bowl", "uv": [ 0.0, 0.0, 13.0, 10.0 ] }
					},
					"children": [
						{
							"name": "Cube32",
							"from": [ 0.1, 0.0, 0.2 ],
							"to": [ 0.8, 0.0, 0.3 ],
							"rotationOrigin": [ 0.1, 0.0, 0.2 ],
							"faces": {
								"north": { "texture": "#bowl", "uv": [ 0.0, 0.0, 13.0, 12.5 ] },
								"east": { "texture": "#bowl", "uv": [ 0.0, 0.0, 14.0, 12.5 ] },
								"south": { "texture": "#bowl", "uv": [ 0.0, 0.0, 10.5, 13.5 ] },
								"west": { "texture": "#bowl", "uv": [ 0.0, 0.0, 14.0, 11.5 ] },
								"up": { "texture": "#bowl", "uv": [ 0.0, 0.0, 10.0, 12.0 ] },
								"down": { "texture": "#bowl", "uv": [ 0.0, 0.0, 14.5, 5.5 ] }
							}
						},
						{
							"name": "Cube33",
							"from": [ 0.2, 0.0, 0.3 ],
							"to": [ 0.7, 0.0, 0.5 ],
							"rotationOrigin": [ 0.2, 0.0, 0.3 ],
							"faces": {
								"north": { "texture": "#bowl", "uv": [ 0.0, 0.0, 13.0, 10.5 ] },
								"east": { "texture": "#bowl", "uv": [ 0.0, 0.0, 12.0, 12.5 ] },
								"south": { "texture": "#bowl", "uv": [ 0.0, 0.0, 15.5, 14.0 ] },
								"west": { "texture": "#bowl", "uv": [ 0.0, 0.0, 10.5, 10.5 ] },
								"up": { "texture": "#bowl", "uv": [ 0.0, 0.0, 11.5, 12.5 ] },
								"down": { "texture": "#bowl", "uv": [ 0.0, 0.0, 14.0, 6.0 ] }
							}
						},
						{
							"name": "Cube34",
							"from": [ 0.2, 0.0, 0.5 ],
							"to": [ 0.6, 0.0, 0.6 ],
							"rotationOrigin": [ 0.2, 0.0, 0.5 ],
							"faces": {
								"north": { "texture": "#bowl", "uv": [ 0.0, 0.0, 8.0, 10.5 ] },
								"east": { "texture": "#bowl", "uv": [ 0.0, 0.0, 9.0, 8.0 ] },
								"south": { "texture": "#bowl", "uv": [ 0.0, 0.0, 14.5, 14.0 ] },
								"west": { "texture": "#bowl", "uv": [ 0.0, 0.0, 9.0, 8.0 ] },
								"up": { "texture": "#bowl", "uv": [ 0.0, 0.0, 8.0, 8.5 ] },
								"down": { "texture": "#bowl", "uv": [ 0.0, 0.0, 8.5, 5.0 ] }
							}
						}
					]
				},
				{
					"name": "Cube27",
					"from": [ -0.3, 0.3, -5.2 ],
					"to": [ 0.5, 0.3, -5.0 ],
					"rotationOrigin": [ -0.3, 0.3, -5.2 ],
					"rotationX": 45.0,
					"rotationY": 22.5,
					"rotationZ": 90.0,
					"faces": {
						"north": { "texture": "#bowl", "uv": [ 0.0, 0.0, 11.0, 11.0 ] },
						"east": { "texture": "#bowl", "uv": [ 0.0, 0.0, 13.5, 12.0 ] },
						"south": { "texture": "#bowl", "uv": [ 0.0, 0.0, 12.0, 9.5 ] },
						"west": { "texture": "#bowl", "uv": [ 0.0, 0.0, 11.0, 10.5 ] },
						"up": { "texture": "#bowl", "uv": [ 0.0, 0.0, 12.5, 9.0 ] },
						"down": { "texture": "#bowl", "uv": [ 0.0, 0.0, 9.0, 9.0 ] }
					},
					"children": [
						{
							"name": "Cube28",
							"from": [ 0.1, 0.0, 0.2 ],
							"to": [ 0.8, 0.0, 0.3 ],
							"rotationOrigin": [ 0.1, 0.0, 0.2 ],
							"faces": {
								"north": { "texture": "#bowl", "uv": [ 0.0, 0.0, 12.0, 7.5 ] },
								"east": { "texture": "#bowl", "uv": [ 0.0, 0.0, 5.5, 10.5 ] },
								"south": { "texture": "#bowl", "uv": [ 0.0, 0.0, 11.5, 9.0 ] },
								"west": { "texture": "#bowl", "uv": [ 0.0, 0.0, 12.5, 10.0 ] },
								"up": { "texture": "#bowl", "uv": [ 0.0, 0.0, 13.5, 12.5 ] },
								"down": { "texture": "#bowl", "uv": [ 0.0, 0.0, 14.0, 9.0 ] }
							}
						},
						{
							"name": "Cube29",
							"from": [ 0.2, 0.0, 0.3 ],
							"to": [ 0.7, 0.0, 0.5 ],
							"rotationOrigin": [ 0.2, 0.0, 0.3 ],
							"faces": {
								"north": { "texture": "#bowl", "uv": [ 0.0, 0.0, 10.5, 12.5 ] },
								"east": { "texture": "#bowl", "uv": [ 0.0, 0.0, 13.0, 10.5 ] },
								"south": { "texture": "#bowl", "uv": [ 0.0, 0.0, 9.0, 13.0 ] },
								"west": { "texture": "#bowl", "uv": [ 0.0, 0.0, 13.0, 6.0 ] },
								"up": { "texture": "#bowl", "uv": [ 0.0, 0.0, 7.5, 11.5 ] },
								"down": { "texture": "#bowl", "uv": [ 0.0, 0.0, 13.5, 10.5 ] }
							}
						},
						{
							"name": "Cube30",
							"from": [ 0.2, 0.0, 0.5 ],
							"to": [ 0.6, 0.0, 0.6 ],
							"rotationOrigin": [ 0.2, 0.0, 0.5 ],
							"faces": {
								"north": { "texture": "#bowl", "uv": [ 0.0, 0.0, 9.5, 7.5 ] },
								"east": { "texture": "#bowl", "uv": [ 0.0, 0.0, 9.0, 11.5 ] },
								"south": { "texture": "#bowl", "uv": [ 0.0, 0.0, 8.0, 6.5 ] },
								"west": { "texture": "#bowl", "uv": [ 0.0, 0.0, 12.5, 15.0 ] },
								"up": { "texture": "#bowl", "uv": [ 0.0, 0.0, 9.5, 11.0 ] },
								"down": { "texture": "#bowl", "uv": [ 0.0, 0.0, 14.0, 9.0 ] }
							}
						}
					]
				},
				{
					"name": "Cube23",
					"from": [ -0.4, 0.3, -5.2 ],
					"to": [ 0.4, 0.3, -5.0 ],
					"rotationOrigin": [ -0.4, 0.3, -5.2 ],
					"rotationX": 22.5,
					"faces": {
						"north": { "texture": "#bowl", "uv": [ 0.0, 0.0, 10.0, 10.0 ] },
						"east": { "texture": "#bowl", "uv": [ 0.0, 0.0, 7.5, 8.5 ] },
						"south": { "texture": "#bowl", "uv": [ 0.0, 0.0, 12.0, 12.0 ] },
						"west": { "texture": "#bowl", "uv": [ 0.0, 0.0, 14.5, 5.5 ] },
						"up": { "texture": "#bowl", "uv": [ 0.0, 0.0, 9.5, 12.0 ] },
						"down": { "texture": "#bowl", "uv": [ 0.0, 0.0, 12.5, 6.0 ] }
					},
					"children": [
						{
							"name": "Cube24",
							"from": [ 0.1, 0.0, 0.2 ],
							"to": [ 0.8, 0.0, 0.3 ],
							"rotationOrigin": [ 0.1, 0.0, 0.2 ],
							"faces": {
								"north": { "texture": "#bowl", "uv": [ 0.0, 0.0, 10.0, 9.5 ] },
								"east": { "texture": "#bowl", "uv": [ 0.0, 0.0, 10.0, 12.5 ] },
								"south": { "texture": "#bowl", "uv": [ 0.0, 0.0, 10.5, 8.0 ] },
								"west": { "texture": "#bowl", "uv": [ 0.0, 0.0, 12.0, 8.5 ] },
								"up": { "texture": "#bowl", "uv": [ 0.0, 0.0, 11.0, 7.0 ] },
								"down": { "texture": "#bowl", "uv": [ 0.0, 0.0, 10.5, 9.5 ] }
							}
						},
						{
							"name": "Cube25",
							"from": [ 0.2, 0.0, 0.3 ],
							"to": [ 0.7, 0.0, 0.5 ],
							"rotationOrigin": [ 0.2, 0.0, 0.3 ],
							"faces": {
								"north": { "texture": "#bowl", "uv": [ 0.0, 0.0, 9.5, 11.0 ] },
								"east": { "texture": "#bowl", "uv": [ 0.0, 0.0, 11.5, 8.5 ] },
								"south": { "texture": "#bowl", "uv": [ 0.0, 0.0, 10.5, 8.0 ] },
								"west": { "texture": "#bowl", "uv": [ 0.0, 0.0, 8.5, 7.5 ] },
								"up": { "texture": "#bowl", "uv": [ 0.0, 0.0, 11.0, 7.5 ] },
								"down": { "texture": "#bowl", "uv": [ 0.0, 0.0, 13.5, 6.5 ] }
							}
						},
						{
							"name": "Cube26",
							"from": [ 0.2, 0.0, 0.5 ],
							"to": [ 0.6, 0.0, 0.6 ],
							"rotationOrigin": [ 0.2, 0.0, 0.5 ],
							"faces": {
								"north": { "texture": "#bowl", "uv": [ 0.0, 0.0, 12.5, 12.0 ] },
								"east": { "texture": "#bowl", "uv": [ 0.0, 0.0, 11.5, 12.0 ] },
								"south": { "texture": "#bowl", "uv": [ 0.0, 0.0, 15.0, 14.5 ] },
								"west": { "texture": "#bowl", "uv": [ 0.0, 0.0, 12.5, 13.0 ] },
								"up": { "texture": "#bowl", "uv": [ 0.0, 0.0, 10.0, 10.0 ] },
								"down": { "texture": "#bowl", "uv": [ 0.0, 0.0, 13.5, 7.5 ] }
							}
						}
					]
				},
				{
					"name": "bowl",
					"from": [ -0.2, 0.8, -4.4 ],
					"to": [ 0.2, 0.9, -3.8 ],
					"rotationOrigin": [ -0.2, 0.8, -4.4 ],
					"rotationX": -135.0,
					"faces": {
						"north": { "texture": "#stem", "uv": [ 11.0, 12.5, 1.5, 0.5 ] },
						"east": { "texture": "#bowl", "uv": [ 6.0, 8.5, 13.5, 3.0 ] },
						"south": { "texture": "#bowl", "uv": [ 7.5, 8.5, 13.5, 2.0 ] },
						"west": { "texture": "#bowl", "uv": [ 8.5, 8.5, 14.0, 1.5 ] },
						"up": { "texture": "#bowl", "uv": [ 11.5, 2.0, 3.0, 13.0 ] },
						"down": { "texture": "#bowl", "uv": [ 2.0, 12.5, 13.0, 2.5 ] }
					},
					"children": [
						{
							"name": "Cube11",
							"from": [ -0.1, 0.0, 0.0 ],
							"to": [ 0.6, 0.1, 0.7 ],
							"rotationOrigin": [ -0.1, 0.0, 0.0 ],
							"faces": {
								"north": { "texture": "#bowl", "uv": [ 0.0, 0.0, 6.0, 6.5 ] },
								"east": { "texture": "#bowl", "uv": [ 0.0, 0.0, 7.0, 5.0 ] },
								"south": { "texture": "#bowl", "uv": [ 0.0, 0.0, 7.0, 5.5 ] },
								"west": { "texture": "#bowl", "uv": [ 0.0, 0.0, 7.0, 5.5 ] },
								"up": { "texture": "#bowl", "uv": [ 0.0, 0.0, 7.5, 4.5 ] },
								"down": { "texture": "#bowl", "uv": [ 0.0, 0.0, 10.0, 9.0 ] }
							}
						},
						{
							"name": "Cube12",
							"from": [ -0.2, 0.1, 0.0 ],
							"to": [ 0.6, 0.1, 0.7 ],
							"rotationOrigin": [ -0.2, 0.1, 0.0 ],
							"faces": {
								"north": { "texture": "#bowl", "uv": [ 0.0, 0.0, 7.5, 4.0 ] },
								"east": { "texture": "#bowl", "uv": [ 0.0, 0.0, 8.5, 9.0 ] },
								"south": { "texture": "#bowl", "uv": [ 0.0, 0.0, 13.5, 10.0 ] },
								"west": { "texture": "#bowl", "uv": [ 0.0, 0.0, 10.5, 7.5 ] },
								"up": { "texture": "#bowl", "uv": [ 0.0, 0.0, 8.0, 8.0 ] },
								"down": { "texture": "#bowl", "uv": [ 0.0, 0.0, 13.0, 9.5 ] }
							}
						},
						{
							"name": "Cube13",
							"from": [ -0.2, 0.1, 0.0 ],
							"to": [ 0.6, 0.2, 0.7 ],
							"rotationOrigin": [ -0.2, 0.1, 0.0 ],
							"faces": {
								"north": { "texture": "#bowl", "uv": [ 0.0, 0.0, 5.5, 4.5 ] },
								"east": { "texture": "#bowl", "uv": [ 0.0, 0.0, 11.5, 11.0 ] },
								"south": { "texture": "#bowl", "uv": [ 0.0, 0.0, 10.0, 5.5 ] },
								"west": { "texture": "#bowl", "uv": [ 0.0, 0.0, 11.5, 11.0 ] },
								"up": { "texture": "#bowl", "uv": [ 0.0, 0.0, 10.0, 10.0 ] },
								"down": { "texture": "#bowl", "uv": [ 0.0, 0.0, 12.5, 11.0 ] }
							}
						}
					]
				},
				{
					"name": "Cube10",
					"from": [ 0.1, -0.1, -4.6 ],
					"to": [ 0.2, 0.2, -4.5 ],
					"rotationOrigin": [ 0.2, -0.1, -4.6 ],
					"rotationX": 22.5,
					"rotationZ": 22.5,
					"faces": {
						"north": { "texture": "#stem", "uv": [ 0.0, 0.0, 8.5, 12.5 ] },
						"east": { "texture": "#stem", "uv": [ 0.0, 0.0, 10.0, 10.5 ] },
						"south": { "texture": "#stem", "uv": [ 0.0, 0.0, 8.5, 10.0 ] },
						"west": { "texture": "#stem", "uv": [ 0.0, 0.0, 10.0, 10.5 ] },
						"up": { "texture": "#stem", "uv": [ 0.0, 0.0, 15.5, 13.5 ] },
						"down": { "texture": "#stem", "uv": [ 0.0, 0.0, 11.5, 11.0 ] }
					}
				},
				{
					"name": "Cube9",
					"from": [ -0.2, -0.1, -4.6 ],
					"to": [ -0.1, 0.2, -4.5 ],
					"rotationOrigin": [ -0.2, -0.1, -4.6 ],
					"rotationX": 22.5,
					"rotationZ": -22.5,
					"faces": {
						"north": { "texture": "#stem", "uv": [ 0.0, 0.0, 7.5, 12.5 ] },
						"east": { "texture": "#stem", "uv": [ 0.0, 0.0, 6.5, 9.5 ] },
						"south": { "texture": "#stem", "uv": [ 0.0, 0.0, 8.0, 5.5 ] },
						"west": { "texture": "#stem", "uv": [ 0.0, 0.0, 3.5, 5.5 ] },
						"up": { "texture": "#stem", "uv": [ 0.0, 0.0, 14.0, 4.0 ] },
						"down": { "texture": "#stem", "uv": [ 0.0, 0.0, 5.0, 7.5 ] }
					}
				},
				{
					"name": "Cube8",
					"from": [ -0.1, 0.0, -4.6 ],
					"to": [ 0.0, 0.1, 0.2 ],
					"rotationOrigin": [ -0.1, 0.0, -4.6 ],
					"faces": {
						"north": { "texture": "#stem", "uv": [ 0.0, 0.0, 11.0, 9.0 ] },
						"east": { "texture": "#stem", "uv": [ 0.0, 0.0, 13.5, 12.5 ] },
						"south": { "texture": "#stem", "uv": [ 0.0, 0.0, 12.0, 13.0 ] },
						"west": { "texture": "#stem", "uv": [ 0.0, 0.0, 13.5, 13.0 ] },
						"up": { "texture": "#stem", "uv": [ 0.0, 0.0, 14.0, 13.0 ] },
						"down": { "texture": "#stem", "uv": [ 0.0, 0.0, 14.0, 15.0 ] }
					}
				},
				{
					"name": "Cube7",
					"from": [ -0.1, 0.2, -4.6 ],
					"to": [ 0.0, 0.2, 0.2 ],
					"rotationOrigin": [ -0.1, 0.2, -4.6 ],
					"faces": {
						"north": { "texture": "#stem", "uv": [ 0.0, 0.0, 10.0, 12.5 ] },
						"east": { "texture": "#stem", "uv": [ 0.0, 0.0, 13.0, 11.0 ] },
						"south": { "texture": "#stem", "uv": [ 0.0, 0.0, 12.5, 11.0 ] },
						"west": { "texture": "#stem", "uv": [ 0.0, 0.0, 13.5, 5.5 ] },
						"up": { "texture": "#stem", "uv": [ 0.0, 0.0, 12.0, 14.5 ] },
						"down": { "texture": "#stem", "uv": [ 0.0, 0.0, 10.0, 13.5 ] }
					}
				},
				{
					"name": "Cube6",
					"from": [ 0.1, 0.2, -4.6 ],
					"to": [ 0.1, 0.2, 0.2 ],
					"rotationOrigin": [ 0.1, 0.2, -4.6 ],
					"faces": {
						"north": { "texture": "#stem", "uv": [ 0.0, 0.0, 12.0, 13.5 ] },
						"east": { "texture": "#stem", "uv": [ 0.0, 0.0, 15.5, 7.0 ] },
						"south": { "texture": "#stem", "uv": [ 0.0, 0.0, 6.0, 4.5 ] },
						"west": { "texture": "#stem", "uv": [ 0.0, 0.0, 12.5, 4.5 ] },
						"up": { "texture": "#stem", "uv": [ 0.0, 0.0, 6.0, 15.5 ] },
						"down": { "texture": "#stem", "uv": [ 0.0, 0.0, 5.0, 12.0 ] }
					}
				},
				{
					"name": "Cube5",
					"from": [ 0.1, 0.0, -4.6 ],
					"to": [ 0.1, 0.1, 0.2 ],
					"rotationOrigin": [ 0.1, 0.0, -4.6 ],
					"faces": {
						"north": { "texture": "#stem", "uv": [ 0.0, 0.0, 6.5, 3.5 ] },
						"east": { "texture": "#stem", "uv": [ 0.0, 0.0, 15.0, 4.5 ] },
						"south": { "texture": "#stem", "uv": [ 0.0, 0.0, 11.0, 10.0 ] },
						"west": { "texture": "#stem", "uv": [ 0.0, 0.0, 11.0, 5.0 ] },
						"up": { "texture": "#stem", "uv": [ 0.0, 0.0, 7.0, 13.5 ] },
						"down": { "texture": "#stem", "uv": [ 0.0, 0.0, 4.0, 14.0 ] }
					}
				},
				{
					"name": "Cube4",
					"from": [ 0.1, 0.2, -4.6 ],
					"to": [ 0.2, 0.3, 0.2 ],
					"rotationOrigin": [ 0.1, 0.2, -4.6 ],
					"rotationZ": -90.0,
					"faces": {
						"north": { "texture": "#stem", "uv": [ 0.0, 0.0, 10.5, 7.5 ] },
						"east": { "texture": "#stem", "uv": [ 0.0, 0.0, 13.0, 7.0 ] },
						"south": { "texture": "#stem", "uv": [ 0.0, 0.0, 11.5, 9.0 ] },
						"west": { "texture": "#stem", "uv": [ 0.0, 0.0, 12.5, 8.5 ] },
						"up": { "texture": "#stem", "uv": [ 0.0, 0.0, 6.5, 13.5 ] },
						"down": { "texture": "#stem", "uv": [ 0.0, 0.0, 6.5, 13.0 ] }
					}
				},
				{
					"name": "Cube3",
					"from": [ -0.1, 0.2, -4.6 ],
					"to": [ 0.0, 0.3, 0.2 ],
					"rotationOrigin": [ -0.1, 0.2, -4.6 ],
					"rotationZ": -90.0,
					"faces": {
						"north": { "texture": "#stem", "uv": [ 0.0, 0.0, 12.0, 14.0 ] },
						"east": { "texture": "#stem", "uv": [ 0.0, 0.0, 14.0, 13.0 ] },
						"south": { "texture": "#stem", "uv": [ 0.0, 0.0, 12.5, 13.0 ] },
						"west": { "texture": "#stem", "uv": [ 0.0, 0.0, 13.0, 14.0 ] },
						"up": { "texture": "#stem", "uv": [ 0.0, 0.0, 13.0, 14.5 ] },
						"down": { "texture": "#stem", "uv": [ 0.0, 0.0, 12.5, 15.0 ] }
					}
				},
				{
					"name": "Cube2",
					"from": [ 0.0, 0.2, -4.6 ],
					"to": [ 0.1, 0.3, 0.2 ],
					"rotationOrigin": [ 0.0, 0.2, -4.6 ],
					"faces": {
						"north": { "texture": "#stem", "uv": [ 0.0, 0.0, 11.0, 11.5 ] },
						"east": { "texture": "#stem", "uv": [ 2.0, 0.0, 15.5, 14.0 ] },
						"south": { "texture": "#stem", "uv": [ 0.0, 0.0, 9.5, 9.0 ] },
						"west": { "texture": "#stem", "uv": [ 0.0, 0.0, 13.0, 11.5 ] },
						"up": { "texture": "#stem", "uv": [ 0.0, 0.0, 10.5, 13.5 ] },
						"down": { "texture": "#stem", "uv": [ 3.0, 5.0, 10.0, 13.0 ] }
					}
				},
				{
					"name": "pipe",
					"from": [ 0.0, 0.0, -4.6 ],
					"to": [ 0.1, 0.1, 0.2 ],
					"rotationOrigin": [ 0.0, 0.0, -4.6 ],
					"faces": {
						"north": { "texture": "#stem", "uv": [ 3.0, 0.5, 3.5, 1.0 ], "rotation": 270 },
						"east": { "texture": "#stem", "uv": [ 1.5, 12.0, 6.0, 12.5 ], "rotation": 180 },
						"south": { "texture": "#stem", "uv": [ 15.5, 0.5, 16.0, 1.0 ], "rotation": 90 },
						"west": { "texture": "#stem", "uv": [ 3.5, 1.0, 14.5, 6.5 ] },
						"up": { "texture": "#stem", "uv": [ 3.5, 0.5, 8.0, 1.0 ], "rotation": 90 },
						"down": { "texture": "#stem", "uv": [ 1.0, 7.5, 5.5, 8.0 ], "rotation": 270 }
					}
				}
			]
		}
	]}