{
	"editor": {
		"collapsedPaths": ",Root/rope/knot/holder 1/Base1/candle,Root/rope/knot/holder 1/Base1/base2",
		"allAngles": false,
		"entityTextureMode": false
	},
	"textureWidth": 16,
	"textureHeight": 16,
	"textureSizes": {
		"plain": [16,16],
		"oak": [16,16],
		"rope": [16,16],
		"quartz": [16,16],
		"copper-deco": [16,16],
		"copper": [16,16],
		"candle": [16,16]
	},
	"textures": {
		"oak": "block/wood/oak",
		"candle": "candle",
		"material": "lantern",
		"material-deco": "lantern",
		"plain-elk": "material/plain-elk",
		"quartz": "quartz",
		"rope": "rope"
	},
	"elements": [
		{
			"name": "Handle",
			"from": [ -3.0, 0.0, 7.5 ],
			"to": [ 12.0, 1.25, 8.75 ],
			"rotationOrigin": [ -3.0, 0.0, 8.0 ],
			"rotationX": 90.0,
			"rotationZ": 180.0,
			"faces": {
				"north": { "texture": "#oak", "uv": [ 0.5, 6.5, 15.5, 8.5 ], "autoUv": false, "windMode": [-1,-1,-1,-1] },
				"south": { "texture": "#oak", "uv": [ 0.0, 7.5, 15.0, 8.5 ], "autoUv": false },
				"up": { "texture": "#oak", "uv": [ 0.0, 6.5, 15.5, 8.5 ], "autoUv": false, "windMode": [-1,-1,-1,-1] },
				"down": { "texture": "#oak", "uv": [ 0.5, 14.0, 15.5, 16.0 ], "autoUv": false }
			}
		},
		{
			"name": "Bottom",
			"from": [ -16.3, 0.43, 7.93 ],
			"to": [ -15.8, 1.83, 9.33 ],
			"rotationOrigin": [ -17.0, 0.5, 8.0 ],
			"rotationX": 90.0,
			"rotationZ": -180.0,
			"faces": {
				"north": { "texture": "#oak", "uv": [ 1.0, 10.5, 3.0, 11.5 ], "autoUv": false },
				"east": { "texture": "#oak", "uv": [ 1.0, 10.5, 3.0, 11.5 ], "autoUv": false, "windMode": [-1,-1,-1,-1] },
				"south": { "texture": "#oak", "uv": [ 3.5, 11.5, 5.5, 12.5 ], "autoUv": false },
				"west": { "texture": "#oak", "uv": [ 0.0, 10.5, 2.0, 11.5 ], "autoUv": false, "windMode": [-1,-1,-1,-1] },
				"up": { "texture": "#oak", "uv": [ 6.5, 10.5, 7.5, 11.5 ], "rotation": 90, "autoUv": false },
				"down": { "texture": "#oak", "uv": [ 6.0, 5.0, 8.0, 6.0 ], "rotation": 90, "autoUv": false }
			}
		},
		{
			"name": "Grip",
			"from": [ 12.1, 0.375, 7.875 ],
			"to": [ 30.6, 1.875, 9.375 ],
			"rotationOrigin": [ 12.0, 0.5, 8.0 ],
			"rotationX": 90.0,
			"rotationZ": -180.0,
			"faces": {
				"north": { "texture": "#oak", "uv": [ 2.0, 8.0, 13.5, 10.0 ], "autoUv": false },
				"east": { "texture": "#oak", "uv": [ 0.5, 11.5, 14.0, 9.5 ], "autoUv": false },
				"south": { "texture": "#oak", "uv": [ 1.0, 9.0, 14.5, 11.0 ], "autoUv": false },
				"west": { "texture": "#oak", "uv": [ 2.5, 7.5, 14.0, 9.5 ], "autoUv": false },
				"up": { "texture": "#oak", "uv": [ 0.0, 7.5, 16.0, 9.5 ], "autoUv": false },
				"down": { "texture": "#oak", "uv": [ 2.5, 5.0, 14.5, 7.0 ], "autoUv": false }
			}
		},
		{
			"name": "Wood defect1",
			"from": [ 14.0, -0.8, 6.8 ],
			"to": [ 22.5, 0.2, 7.8 ],
			"rotationOrigin": [ 13.0, 0.5, 7.0 ],
			"rotationX": 90.0,
			"rotationZ": -178.0,
			"faces": {
				"north": { "texture": "#oak", "uv": [ 6.0, 8.5, 14.5, 9.5 ] },
				"south": { "texture": "#oak", "uv": [ 6.0, 6.5, 14.5, 7.5 ] },
				"west": { "texture": "#oak", "uv": [ 5.0, 1.5, 9.0, 4.5 ], "autoUv": false },
				"up": { "texture": "#oak", "uv": [ 5.5, 8.0, 14.0, 9.0 ] },
				"down": { "texture": "#oak", "uv": [ 4.5, 5.5, 13.0, 6.5 ] }
			}
		},
		{
			"name": "Wood defect2",
			"from": [ 12.5, -0.5, 7.5 ],
			"to": [ 21.0, 0.5, 8.5 ],
			"rotationOrigin": [ 12.0, 0.5, 7.0 ],
			"rotationX": 90.0,
			"rotationY": -2.0,
			"rotationZ": -180.0,
			"faces": {
				"north": { "texture": "#oak", "uv": [ 3.0, 9.5, 11.5, 10.5 ] },
				"south": { "texture": "#oak", "uv": [ 4.0, 8.0, 10.5, 6.5 ], "autoUv": false },
				"west": { "texture": "#oak", "uv": [ 15.0, 6.5, 16.0, 7.5 ] },
				"up": { "texture": "#oak", "uv": [ 4.0, 4.5, 13.0, 13.0 ], "rotation": 90, "autoUv": false },
				"down": { "texture": "#oak", "uv": [ 4.5, 7.5, 13.5, 6.5 ], "autoUv": false }
			}
		},
		{
			"name": "Wood defect3",
			"from": [ -1.5, -0.4, 7.5 ],
			"to": [ 7.0, 0.6, 8.5 ],
			"rotationOrigin": [ -2.0, 0.5, 7.0 ],
			"rotationX": 90.0,
			"rotationZ": -180.0,
			"faces": {
				"north": { "texture": "#oak", "uv": [ 5.5, 1.5, 14.0, 2.5 ] },
				"south": { "texture": "#oak", "uv": [ 1.5, 9.0, 12.0, 7.5 ], "autoUv": false },
				"west": { "texture": "#oak", "uv": [ 13.0, 13.0, 14.0, 14.0 ] },
				"up": { "texture": "#oak", "uv": [ 15.5, 8.0, 2.5, 12.5 ], "rotation": 90, "autoUv": false },
				"down": { "texture": "#oak", "uv": [ 2.0, 11.0, 10.5, 12.0 ] }
			}
		},
		{
			"name": "Wood defect4",
			"from": [ 0.5, -0.6, 6.8 ],
			"to": [ 6.0, 0.4, 7.8 ],
			"rotationOrigin": [ 0.0, 0.5, 7.0 ],
			"rotationX": 90.0,
			"rotationZ": -180.0,
			"faces": {
				"north": { "texture": "#oak", "uv": [ 10.0, 4.0, 15.5, 5.0 ] },
				"south": { "texture": "#oak", "uv": [ 7.0, 8.0, 12.5, 9.0 ] },
				"west": { "texture": "#oak", "uv": [ 2.0, 7.0, 3.0, 8.0 ] },
				"up": { "texture": "#oak", "uv": [ 6.0, 6.5, 11.5, 7.5 ] },
				"down": { "texture": "#oak", "uv": [ 3.0, 9.0, 8.5, 10.0 ] }
			}
		},
		{
			"name": "Wrapping1",
			"from": [ -31.5, 2.2, 9.7 ],
			"to": [ -23.0, 4.0, 11.5 ],
			"rotationOrigin": [ -11.0, 1.5, 9.0 ],
			"rotationX": 90.0,
			"rotationZ": -180.0,
			"faces": {
				"north": { "texture": "#plain-elk", "uv": [ 0.0, 12.0, 15.0, 16.0 ], "autoUv": false },
				"east": { "texture": "#plain-elk", "uv": [ 4.0, 8.0, 14.0, 9.5 ], "autoUv": false },
				"south": { "texture": "#plain-elk", "uv": [ 0.0, 5.0, 16.0, 8.5 ], "autoUv": false },
				"west": { "texture": "#plain-elk", "uv": [ 2.0, 8.0, 15.0, 12.0 ], "autoUv": false },
				"up": { "texture": "#plain-elk", "uv": [ 0.0, 2.5, 16.0, 6.6 ], "autoUv": false },
				"down": { "texture": "#plain-elk", "uv": [ -0.5, 0.0, 15.5, 4.5 ], "autoUv": false }
			}
		},
		{
			"name": "Line1",
			"from": [ 8.5, 0.725, 8.025 ],
			"to": [ 9.0, 2.925, 10.525 ],
			"rotationOrigin": [ 8.5, 0.625, 8.625 ],
			"rotationX": 90.0,
			"rotationY": -22.5,
			"rotationZ": -157.5,
			"faces": {
				"north": { "texture": "#rope", "uv": [ 3.0, 14.0, 5.0, 14.5 ], "rotation": 90 },
				"east": { "texture": "#rope", "uv": [ 4.0, 12.0, 6.0, 14.5 ], "rotation": 90 },
				"south": { "texture": "#rope", "uv": [ 3.5, 14.5, 5.5, 15.0 ], "rotation": 90 },
				"west": { "texture": "#rope", "uv": [ 2.5, 9.5, 5.0, 11.5 ], "windMode": [-1,-1,-1,-1] },
				"up": { "texture": "#rope", "uv": [ 5.5, 11.5, 8.0, 12.0 ], "rotation": 90 },
				"down": { "texture": "#rope", "uv": [ 7.5, 14.5, 10.0, 15.0 ], "rotation": 90 }
			}
		},
		{
			"name": "Line2",
			"from": [ 9.5, 0.925, 8.425 ],
			"to": [ 10.0, 3.125, 10.925 ],
			"rotationOrigin": [ 9.5, 0.625, 8.625 ],
			"rotationX": 90.0,
			"rotationY": -22.5,
			"rotationZ": 157.5,
			"faces": {
				"north": { "texture": "#rope", "uv": [ 3.0, 13.5, 5.0, 14.0 ], "rotation": 90 },
				"east": { "texture": "#rope", "uv": [ 3.5, 10.5, 5.5, 12.5 ] },
				"south": { "texture": "#rope", "uv": [ 4.5, 15.0, 6.5, 15.5 ], "rotation": 90 },
				"west": { "texture": "#rope", "uv": [ 4.5, 10.0, 6.5, 12.0 ], "windMode": [-1,-1,-1,-1] },
				"up": { "texture": "#rope", "uv": [ 4.0, 14.5, 6.5, 15.0 ], "rotation": 90 },
				"down": { "texture": "#rope", "uv": [ 2.5, 14.5, 5.0, 15.0 ], "rotation": 90 }
			}
		},
		{
			"name": "Line3",
			"from": [ 1.8, 0.6, 8.15 ],
			"to": [ 2.3, 3.0, 10.55 ],
			"rotationOrigin": [ 1.5, 0.625, 8.625 ],
			"rotationX": 90.0,
			"rotationZ": -151.0,
			"faces": {
				"north": { "texture": "#rope", "uv": [ 3.5, 14.0, 5.5, 14.5 ], "rotation": 90 },
				"east": { "texture": "#rope", "uv": [ 4.0, 13.0, 6.0, 15.0 ], "rotation": 90 },
				"south": { "texture": "#rope", "uv": [ 4.0, 11.5, 6.0, 12.0 ], "rotation": 90 },
				"west": { "texture": "#rope", "uv": [ 4.0, 13.0, 6.0, 15.0 ], "windMode": [-1,-1,-1,-1] },
				"up": { "texture": "#rope", "uv": [ 3.0, 15.0, 5.0, 15.5 ], "rotation": 90 },
				"down": { "texture": "#rope", "uv": [ 2.0, 10.5, 4.0, 11.0 ], "rotation": 90 }
			}
		},
		{
			"name": "Line4",
			"from": [ 2.5, 0.925, 8.325 ],
			"to": [ 3.0, 3.325, 11.225 ],
			"rotationOrigin": [ 2.5, 0.625, 8.625 ],
			"rotationX": 90.0,
			"rotationY": -26.0,
			"rotationZ": 157.5,
			"faces": {
				"north": { "texture": "#rope", "uv": [ 4.0, 12.0, 6.0, 12.5 ], "rotation": 90 },
				"east": { "texture": "#rope", "uv": [ 4.5, 10.5, 7.0, 12.5 ] },
				"south": { "texture": "#rope", "uv": [ 2.5, 15.0, 4.5, 15.5 ], "rotation": 90 },
				"west": { "texture": "#rope", "uv": [ 2.5, 10.5, 5.0, 12.5 ], "windMode": [-1,-1,-1,-1] },
				"up": { "texture": "#rope", "uv": [ 3.0, 15.5, 5.5, 16.0 ], "rotation": 90 },
				"down": { "texture": "#rope", "uv": [ 3.0, 14.0, 5.5, 14.5 ], "rotation": 90 }
			}
		},
		{
			"name": "Base1",
			"from": [ 11.8, 2.1, 5.4 ],
			"to": [ 15.8, 2.6, 9.4 ],
			"rotationOrigin": [ 11.2996, 2.3997, 9.5 ],
			"rotationZ": -90.0,
			"faces": {
				"north": { "texture": "#material", "uv": [ 5.0, 1.0, 9.0, 1.5 ] },
				"east": { "texture": "#material", "uv": [ 3.0, 15.0, 7.0, 15.5 ] },
				"south": { "texture": "#material", "uv": [ 2.0, 1.0, 6.0, 1.5 ] },
				"west": { "texture": "#material", "uv": [ 3.0, 1.0, 7.0, 1.5 ] },
				"up": { "texture": "#material", "uv": [ 4.0, 4.0, 8.0, 8.0 ] },
				"down": { "texture": "#material", "uv": [ 5.0, 6.0, 9.0, 10.0 ] }
			},
			"children": [
				{
					"name": "candle",
					"from": [ 1.5, 1.0, 1.5 ],
					"to": [ 2.5, 3.0, 2.5 ],
					"rotationOrigin": [ 0.0, -1.0, 0.0 ],
					"rotationY": 5.0,
					"faces": {
						"north": { "texture": "#candle", "uv": [ 0.0, 12.0, 1.0, 14.0 ] },
						"east": { "texture": "#candle", "uv": [ 2.0, 12.0, 3.0, 14.0 ] },
						"south": { "texture": "#candle", "uv": [ 4.0, 12.0, 5.0, 14.0 ] },
						"west": { "texture": "#candle", "uv": [ 6.0, 12.0, 7.0, 14.0 ] },
						"up": { "texture": "#candle", "uv": [ 14.0, 0.0, 15.0, 1.0 ] }
					},
					"children": [
						{
							"name": "top",
							"from": [ 0.4, 2.0, 0.4 ],
							"to": [ 0.6, 2.25, 0.6 ],
							"faces": {
								"north": { "texture": "#candle", "uv": [ 0.0, 0.0, 0.0, 0.25 ], "glow": 196 },
								"east": { "texture": "#candle", "uv": [ 0.0, 0.0, 0.0, 0.25 ], "glow": 196 },
								"south": { "texture": "#candle", "uv": [ 0.0, 0.0, 0.0, 0.25 ], "glow": 196 },
								"west": { "texture": "#candle", "uv": [ 0.0, 0.0, 0.0, 0.25 ], "glow": 196 },
								"up": { "texture": "#candle", "uv": [ 0.0, 0.0, 0.0, 0.0 ], "glow": 196 }
							}
						}
					]
				},
				{
					"name": "base2",
					"from": [ 0.5, 0.5, 0.5 ],
					"to": [ 3.5, 1.0, 3.5 ],
					"rotationOrigin": [ 0.5, 0.5, 0.5 ],
					"faces": {
						"north": { "texture": "#material", "uv": [ 8.0, 0.0, 11.0, 0.5 ] },
						"east": { "texture": "#material", "uv": [ 2.0, 14.0, 5.0, 14.5 ] },
						"south": { "texture": "#material", "uv": [ 1.0, 0.0, 4.0, 0.5 ] },
						"west": { "texture": "#material", "uv": [ 5.0, 14.0, 8.0, 14.5 ] },
						"up": { "texture": "#material", "uv": [ 5.0, 3.0, 8.0, 6.0 ] }
					},
					"children": [
						{
							"name": "pillar 1",
							"from": [ 0.0, 0.5, 0.0 ],
							"to": [ 0.5, 3.5, 0.5 ],
							"faces": {
								"north": { "texture": "#material", "uv": [ 1.0, 5.0, 1.5, 8.0 ] },
								"east": { "texture": "#material", "uv": [ 7.0, 4.0, 7.5, 7.0 ] },
								"south": { "texture": "#material", "uv": [ 6.0, 3.0, 6.5, 6.0 ] },
								"west": { "texture": "#material", "uv": [ 14.0, 5.0, 14.5, 8.0 ] }
							}
						},
						{
							"name": "pillar 2",
							"from": [ 2.5, 0.5, 0.0 ],
							"to": [ 3.0, 3.5, 0.5 ],
							"faces": {
								"north": { "texture": "#material", "uv": [ 14.0, 2.0, 14.5, 5.0 ] },
								"east": { "texture": "#material", "uv": [ 1.0, 8.0, 1.5, 11.0 ] },
								"south": { "texture": "#material", "uv": [ 6.0, 8.0, 6.5, 11.0 ] },
								"west": { "texture": "#material", "uv": [ 10.0, 5.0, 10.5, 8.0 ] }
							}
						},
						{
							"name": "pillar 3",
							"from": [ 2.5, 0.5, 2.5 ],
							"to": [ 3.0, 3.5, 3.0 ],
							"faces": {
								"north": { "texture": "#material", "uv": [ 5.0, 7.0, 5.5, 10.0 ] },
								"east": { "texture": "#material", "uv": [ 14.0, 8.0, 14.5, 11.0 ] },
								"south": { "texture": "#material", "uv": [ 1.0, 2.0, 1.5, 5.0 ] },
								"west": { "texture": "#material", "uv": [ 10.0, 3.0, 10.5, 6.0 ] }
							}
						},
						{
							"name": "pillar 4",
							"from": [ 0.0, 0.5, 2.5 ],
							"to": [ 0.5, 3.5, 3.0 ],
							"faces": {
								"north": { "texture": "#material", "uv": [ 8.0, 3.0, 8.5, 6.0 ] },
								"east": { "texture": "#material", "uv": [ 6.0, 3.0, 6.5, 6.0 ] },
								"south": { "texture": "#material", "uv": [ 0.0, 3.0, 0.5, 6.0 ] },
								"west": { "texture": "#material", "uv": [ 1.0, 4.0, 1.5, 7.0 ] }
							}
						},
						{
							"name": "glass",
							"from": [ 0.25, 0.5, 0.25 ],
							"to": [ 2.75, 3.5, 2.75 ],
							"renderPass": 3,
							"rotationOrigin": [ 0.25, 0.5, 0.25 ],
							"faces": {
								"north": { "texture": "#quartz", "uv": [ 5.0, 10.5, 7.5, 13.5 ], "glow": 196 },
								"east": { "texture": "#quartz", "uv": [ 7.5, 4.0, 10.0, 7.0 ], "windMode": [-1,-1,-1,-1] },
								"south": { "texture": "#quartz", "uv": [ 7.0, 7.0, 9.5, 10.0 ], "windMode": [-1,-1,-1,-1] },
								"west": { "texture": "#quartz", "uv": [ 7.0, 0.5, 9.5, 3.5 ], "windMode": [-1,-1,-1,-1] }
							}
						},
						{
							"name": "Grid",
							"from": [ 0.2, 0.5, 0.2 ],
							"to": [ 2.8, 3.5, 2.8 ],
							"renderPass": 1,
							"rotationOrigin": [ 0.2, 0.5, 0.2 ],
							"faces": {
								"north": { "texture": "#material-deco", "uv": [ 0.0, 3.0, 2.5, 6.0 ] },
								"east": { "texture": "#material-deco", "uv": [ 0.0, 10.5, 2.5, 13.5 ], "windMode": [-1,-1,-1,-1] },
								"south": { "texture": "#material-deco", "uv": [ 5.5, 3.0, 8.0, 6.0 ], "windMode": [-1,-1,-1,-1] },
								"west": { "texture": "#material-deco", "uv": [ 5.5, 10.5, 8.0, 13.5 ], "windMode": [-1,-1,-1,-1] }
							}
						}
					]
				},
				{
					"name": "top 1",
					"from": [ 0.5, 4.0, 0.5 ],
					"to": [ 3.5, 4.5, 3.5 ],
					"faces": {
						"north": { "texture": "#material", "uv": [ 1.0, 15.0, 4.0, 15.5 ] },
						"east": { "texture": "#material", "uv": [ 8.0, 15.0, 11.0, 15.5 ] },
						"south": { "texture": "#material", "uv": [ 6.0, 1.0, 9.0, 1.5 ] },
						"west": { "texture": "#material", "uv": [ 1.0, 15.0, 4.0, 15.5 ] },
						"down": { "texture": "#material", "uv": [ 4.0, 8.0, 7.0, 11.0 ] }
					}
				},
				{
					"name": "top 2",
					"from": [ 0.0, 4.5, 0.0 ],
					"to": [ 4.0, 5.0, 4.0 ],
					"faces": {
						"north": { "texture": "#material", "uv": [ 2.0, 1.5, 6.0, 2.0 ] },
						"east": { "texture": "#material", "uv": [ 2.0, 14.0, 6.0, 14.5 ] },
						"south": { "texture": "#material", "uv": [ 3.0, 14.0, 7.0, 14.5 ] },
						"west": { "texture": "#material", "uv": [ 7.0, 0.0, 11.0, 0.5 ] },
						"up": { "texture": "#material", "uv": [ 5.0, 3.0, 9.0, 7.0 ] },
						"down": { "texture": "#material", "uv": [ 4.0, 6.0, 8.0, 10.0 ] }
					}
				},
				{
					"name": "top 3",
					"from": [ 1.0, 5.0, 1.0 ],
					"to": [ 3.0, 5.5, 3.0 ],
					"faces": {
						"north": { "texture": "#material", "uv": [ 4.0, 4.0, 6.0, 4.5 ] },
						"east": { "texture": "#material", "uv": [ 7.0, 8.0, 9.0, 8.5 ] },
						"south": { "texture": "#material", "uv": [ 7.0, 6.0, 9.0, 6.5 ] },
						"west": { "texture": "#material", "uv": [ 6.0, 5.0, 8.0, 5.5 ] },
						"up": { "texture": "#material", "uv": [ 6.0, 4.0, 8.0, 6.0 ] }
					}
				},
				{
					"name": "bottom1",
					"from": [ 1.0, -1.3, 1.0 ],
					"to": [ 3.0, -0.8, 3.0 ],
					"rotationOrigin": [ 0.0, -6.0, 0.0 ],
					"faces": {
						"north": { "texture": "#material", "uv": [ 4.0, 4.0, 6.0, 4.5 ] },
						"east": { "texture": "#material", "uv": [ 7.0, 8.0, 9.0, 8.5 ] },
						"south": { "texture": "#material", "uv": [ 7.0, 6.0, 9.0, 6.5 ] },
						"west": { "texture": "#material", "uv": [ 6.0, 5.0, 8.0, 5.5 ] },
						"up": { "texture": "#material", "uv": [ 6.0, 4.0, 8.0, 6.0 ] }
					}
				},
				{
					"name": "bottom2",
					"from": [ 1.0, -0.8, 2.5 ],
					"to": [ 1.5, 0.2, 3.0 ],
					"rotationOrigin": [ 0.0, -5.0, 1.0 ],
					"faces": {
						"north": { "texture": "#material", "uv": [ 4.0, 4.0, 4.5, 5.0 ] },
						"east": { "texture": "#material", "uv": [ 7.0, 8.0, 7.5, 9.0 ] },
						"south": { "texture": "#material", "uv": [ 7.0, 6.0, 7.5, 7.0 ] },
						"west": { "texture": "#material", "uv": [ 6.0, 5.0, 6.5, 6.0 ] },
						"up": { "texture": "#material", "uv": [ 6.0, 4.0, 6.5, 4.5 ] }
					}
				},
				{
					"name": "bottom3",
					"from": [ 1.0, -0.8, 1.0 ],
					"to": [ 1.5, 0.2, 1.5 ],
					"rotationOrigin": [ 0.0, -5.0, -1.0 ],
					"faces": {
						"north": { "texture": "#material", "uv": [ 4.0, 4.0, 4.5, 5.0 ] },
						"east": { "texture": "#material", "uv": [ 7.0, 8.0, 7.5, 9.0 ] },
						"south": { "texture": "#material", "uv": [ 7.0, 6.0, 7.5, 7.0 ] },
						"west": { "texture": "#material", "uv": [ 6.0, 5.0, 6.5, 6.0 ] },
						"up": { "texture": "#material", "uv": [ 6.0, 4.0, 6.5, 4.5 ] }
					}
				},
				{
					"name": "bottom4",
					"from": [ 2.5, -0.8, 1.0 ],
					"to": [ 3.0, 0.2, 1.5 ],
					"rotationOrigin": [ 1.0, -5.0, -1.0 ],
					"faces": {
						"north": { "texture": "#material", "uv": [ 4.0, 4.0, 4.5, 5.0 ] },
						"east": { "texture": "#material", "uv": [ 7.0, 8.0, 7.5, 9.0 ] },
						"south": { "texture": "#material", "uv": [ 7.0, 6.0, 7.5, 7.0 ] },
						"west": { "texture": "#material", "uv": [ 6.0, 5.0, 6.5, 6.0 ] },
						"up": { "texture": "#material", "uv": [ 6.0, 4.0, 6.5, 4.5 ] }
					}
				},
				{
					"name": "bottom5",
					"from": [ 2.5, -0.8, 2.5 ],
					"to": [ 3.0, 0.2, 3.0 ],
					"rotationOrigin": [ 1.0, -5.0, 0.0 ],
					"faces": {
						"north": { "texture": "#material", "uv": [ 4.0, 4.0, 4.5, 5.0 ] },
						"east": { "texture": "#material", "uv": [ 7.0, 8.0, 7.5, 9.0 ] },
						"south": { "texture": "#material", "uv": [ 7.0, 6.0, 7.5, 7.0 ] },
						"west": { "texture": "#material", "uv": [ 6.0, 5.0, 6.5, 6.0 ] },
						"up": { "texture": "#material", "uv": [ 6.0, 4.0, 6.5, 4.5 ] }
					}
				}
			]
		}
	]}