[
  {
    "op": "addmerge",
    "path": "/server/behaviors/10/aitasks/0/entityCodes/-",
    "value": "machairodontinae-*",
    "file": "game:entities/animal/mammal/hooved/moose-adult.json",
    "side": "Server"
  },
  {
    "op": "addmerge",
    "path": "/server/behaviors/10/aitasks/1/entityCodes/-",
    "value": "machairodontinae-*",
    "file": "game:entities/animal/mammal/hooved/moose-adult.json",
    "side": "Server"
  },
  {
    "op": "addmerge",
    "path": "/server/behaviors/10/aitasks/2/entityCodes/-",
    "value": "machairodontinae-*",
    "file": "game:entities/animal/mammal/hooved/moose-adult.json",
    "side": "Server"
  }
]