[
  {
    "file": "bovinae:entities/animal/mammal/hooved/bovinae-adult.json",
    "op": "addmerge",
    "path": "/behaviorConfigs",
    "value": {},
    "side": "server",
    "dependsOn": [{ "modid": "bovinae" }]
  },
  {
    "file": "bovinae:entities/animal/mammal/hooved/bovinae-adult.json",
    "op": "addmerge",
    "path": "/behaviorConfigs/genelib.multiply",
    "value": {
      
      "pregnancyMonthsByType": {
        "*-bosprimigeniusprimigenius": 9.3,
        "*-boselaphustragocamelus": 8.7,
        "*-bubalusarnee": 10.4,
        "*-bubalusbreevicornis": 10.2,
        "*-bubalusbubalis": 10.6,
        "*-bubalusbebuensis": 10.4,
        "*-bubalusdepressicornis": 9.5,
        "*-bubalusgrovesi": 9.3,
        "*-bubalusmephistopheles": 10.0,
        "*-bubalusmindorensis": 10.3,
        "*-bubalusmurrensis": 10.4,
        "*-bubalusquarlesi": 9.5,
        "*-pseudoryxnghetinhensis": 8.8,
        "*-syncerusantiquus": 11.2,
        "*-synceruscaffer": 11.2,
        "*-syncerusnanus": 11.0,
        "*-taurotragusderbianus": 9.2,
        "*-taurotragusoryx": 9.0,
        "*-tetracerusquadricornis": 8.0,
        "*-tragelaphusangasii": 7.2,
        "*-tragelaphusbuxtoni": 8.0,
        "*-tragelaphuseurycerus": 9.4,
        "*-tragelaphusimberbis": 7.2,
        "*-tragelaphusscriptus": 6.0,
        "*-tragelaphusspekii": 8.0,
        "*-tragelaphusstrepsiceros": 8.0,
        "*-tragelaphussylvaticus": 6.0
      },

      "multiplyCooldownMonthsMinByType": {
        "*-bosprimigeniusprimigenius": 11.0,
        "*-boselaphustragocamelus": 8.0,
        "*-bubalusarnee": 11.0,
        "*-bubalusbreevicornis": 10.0,
        "*-bubalusbubalis": 12.0,
        "*-bubalusbebuensis": 11.0,
        "*-bubalusdepressicornis": 9.0,
        "*-bubalusgrovesi": 9.0,
        "*-bubalusmephistopheles": 10.0,
        "*-bubalusmindorensis": 10.0,
        "*-bubalusmurrensis": 11.0,
        "*-bubalusquarlesi": 8.0,
        "*-pseudoryxnghetinhensis": 10.0,
        "*-syncerusantiquus": 11.0,
        "*-synceruscaffer": 11.0,
        "*-syncerusnanus": 8.0,
        "*-taurotragusderbianus": 10.0,
        "*-taurotragusoryx": 9.0,
        "*-tetracerusquadricornis": 8.0,
        "*-tragelaphusangasii": 7.0,
        "*-tragelaphusbuxtoni": 9.0,
        "*-tragelaphuseurycerus": 9.0,
        "*-tragelaphusimberbis": 7.0,
        "*-tragelaphusscriptus": 7.0,
        "*-tragelaphusspekii": 8.0,
        "*-tragelaphusstrepsiceros": 9.0,
        "*-tragelaphussylvaticus": 7.0
      },

      "multiplyCooldownMonthsMaxByType": {
        "*-bosprimigeniusprimigenius": 15.0,
        "*-boselaphustragocamelus": 12.0,
        "*-bubalusarnee": 15.0,
        "*-bubalusbreevicornis": 14.0,
        "*-bubalusbubalis": 16.0,
        "*-bubalusbebuensis": 15.0,
        "*-bubalusdepressicornis": 13.0,
        "*-bubalusgrovesi": 13.0,
        "*-bubalusmephistopheles": 14.0,
        "*-bubalusmindorensis": 14.0,
        "*-bubalusmurrensis": 15.0,
        "*-bubalusquarlesi": 12.0,
        "*-pseudoryxnghetinhensis": 14.0,
        "*-syncerusantiquus": 15.0,
        "*-synceruscaffer": 15.0,
        "*-syncerusnanus": 12.0,
        "*-taurotragusderbianus": 14.0,
        "*-taurotragusoryx": 13.0,
        "*-tetracerusquadricornis": 12.0,
        "*-tragelaphusangasii": 11.0,
        "*-tragelaphusbuxtoni": 13.0,
        "*-tragelaphuseurycerus": 13.0,
        "*-tragelaphusimberbis": 11.0,
        "*-tragelaphusscriptus": 11.0,
        "*-tragelaphusspekii": 12.0,
        "*-tragelaphusstrepsiceros": 13.0,
        "*-tragelaphussylvaticus": 11.0
      },

      "lactationMonthsByType": {
        "*-bosprimigeniusprimigenius": 6.0,
        "*-boselaphustragocamelus": 4.5,
        "*-bubalusarnee": 6.0,
        "*-bubalusbreevicornis": 5.5,
        "*-bubalusbubalis": 6.5,
        "*-bubalusbebuensis": 6.0,
        "*-bubalusdepressicornis": 5.0,
        "*-bubalusgrovesi": 4.5,
        "*-bubalusmephistopheles": 5.0,
        "*-bubalusmindorensis": 5.5,
        "*-bubalusmurrensis": 6.0,
        "*-bubalusquarlesi": 4.5,
        "*-pseudoryxnghetinhensis": 5.5,
        "*-syncerusantiquus": 6.0,
        "*-synceruscaffer": 6.0,
        "*-syncerusnanus": 4.5,
        "*-taurotragusderbianus": 5.5,
        "*-taurotragusoryx": 5.0,
        "*-tetracerusquadricornis": 4.5,
        "*-tragelaphusangasii": 4.0,
        "*-tragelaphusbuxtoni": 5.0,
        "*-tragelaphuseurycerus": 5.0,
        "*-tragelaphusimberbis": 4.0,
        "*-tragelaphusscriptus": 4.0,
        "*-tragelaphusspekii": 4.5,
        "*-tragelaphusstrepsiceros": 5.0,
        "*-tragelaphussylvaticus": 4.0
      },

      "breedingPeakMonthByType": {
        "*-bosprimigeniusprimigenius": 8.5,
        "*-boselaphustragocamelus": 1.5,
        "*-bubalusarnee": 9.0,
        "*-bubalusbreevicornis": 9.0,
        "*-bubalusbubalis": 10.5,
        "*-bubalusbebuensis": 10.0,
        "*-bubalusdepressicornis": 6.5,
        "*-bubalusgrovesi": 6.0,
        "*-bubalusmephistopheles": 8.5,
        "*-bubalusmindorensis": 9.5,
        "*-bubalusmurrensis": 8.5,
        "*-bubalusquarlesi": 5.5,
        "*-pseudoryxnghetinhensis": 8.75,
        "*-syncerusantiquus": 3.5,
        "*-synceruscaffer": 3.5,
        "*-syncerusnanus": 2.5,
        "*-taurotragusderbianus": 5.0,
        "*-taurotragusoryx": 4.5,
        "*-tetracerusquadricornis": 9.5,
        "*-tragelaphusangasii": 2.5,
        "*-tragelaphusbuxtoni": 9.0,
        "*-tragelaphuseurycerus": 6.0,
        "*-tragelaphusimberbis": 3.0,
        "*-tragelaphusscriptus": 4.0,
        "*-tragelaphusspekii": 5.0,
        "*-tragelaphusstrepsiceros": 3.5,
        "*-tragelaphussylvaticus": 4.5
      },

      "breedingMonthsBeforeByType": {
        "*-bosprimigeniusprimigenius": 2.0,
        "*-boselaphustragocamelus": 1.5,
        "*-bubalusarnee": 4.5,
        "*-bubalusbreevicornis": 5.0,
        "*-bubalusbubalis": 3.5,
        "*-bubalusbebuensis": 4.5,
        "*-bubalusdepressicornis": 5.5,
        "*-bubalusgrovesi": 6.0,
        "*-bubalusmephistopheles": 4.0,
        "*-bubalusmindorensis": 4.5,
        "*-bubalusmurrensis": 3.0,
        "*-bubalusquarlesi": 6.0,
        "*-pseudoryxnghetinhensis": 2.0,
        "*-syncerusantiquus": 4.5,
        "*-synceruscaffer": 5.0,
        "*-syncerusnanus": 6.0,
        "*-taurotragusderbianus": 4.5,
        "*-taurotragusoryx": 5.0,
        "*-tetracerusquadricornis": 2.5,
        "*-tragelaphusangasii": 2.5,
        "*-tragelaphusbuxtoni": 2.0,
        "*-tragelaphuseurycerus": 4.0,
        "*-tragelaphusimberbis": 2.5,
        "*-tragelaphusscriptus": 5.5,
        "*-tragelaphusspekii": 6.0,
        "*-tragelaphusstrepsiceros": 3.5,
        "*-tragelaphussylvaticus": 5.5
      },

      "breedingMonthsAfterByType": {
        "*-bosprimigeniusprimigenius": 2.0,
        "*-boselaphustragocamelus": 1.5,
        "*-bubalusarnee": 4.5,
        "*-bubalusbreevicornis": 5.0,
        "*-bubalusbubalis": 3.5,
        "*-bubalusbebuensis": 4.5,
        "*-bubalusdepressicornis": 5.5,
        "*-bubalusgrovesi": 6.0,
        "*-bubalusmephistopheles": 4.0,
        "*-bubalusmindorensis": 4.5,
        "*-bubalusmurrensis": 3.0,
        "*-bubalusquarlesi": 6.0,
        "*-pseudoryxnghetinhensis": 2.0,
        "*-syncerusantiquus": 4.5,
        "*-synceruscaffer": 5.0,
        "*-syncerusnanus": 6.0,
        "*-taurotragusderbianus": 4.5,
        "*-taurotragusoryx": 5.0,
        "*-tetracerusquadricornis": 2.5,
        "*-tragelaphusangasii": 2.5,
        "*-tragelaphusbuxtoni": 2.0,
        "*-tragelaphuseurycerus": 4.0,
        "*-tragelaphusimberbis": 2.5,
        "*-tragelaphusscriptus": 5.5,
        "*-tragelaphusspekii": 6.0,
        "*-tragelaphusstrepsiceros": 3.5,
        "*-tragelaphussylvaticus": 5.5
      }

    },
    "side": "server",
    "dependsOn": [
      {
        "modid": "bovinae"
      }
    ]
  }
]