[
  {
    "file": "caninae:entities/land/urocyonini-baby.json",
    "op": "addmerge",
    "path": "/behaviorConfigs",
    "value": {},
    "side": "server",
    "dependsOn": [{ "modid": "caninae" }]
  },
  {
    "file": "caninae:entities/land/urocyonini-baby.json",
    "op": "addmerge",
    "path": "/behaviorConfigs/genelib.multiply",
    "value": {

      "monthsToGrowByType": {
        "*-urocyon-cinereoargenteus": 10,
        "*-urocyon-littoralis": 9
      }

    },
    "side": "server",
    "dependsOn": [
      {
        "modid": "caninae"
      }
    ]
  }
]