[
  {
    "file": "caninae:entities/land/urocyonini-adult.json",
    "op": "addmerge",
    "path": "/behaviorConfigs",
    "value": {},
    "side": "server",
    "dependsOn": [{ "modid": "caninae" }]
  },
  {
    "file": "caninae:entities/land/urocyonini-adult.json",
    "op": "addmerge",
    "path": "/behaviorConfigs/genelib.multiply",
    "value": {
      "enabledByType": { "*-male-*": false },

      "breedingPeakMonthByType": {
        "*-urocyon-cinereoargenteus": 1.5,
        "*-urocyon-littoralis": 1.5
      },
      "breedingMonthsBeforeByType": {
        "*-urocyon-cinereoargenteus": 2.0,
        "*-urocyon-littoralis": 1.25
      },
      "breedingMonthsAfterByType": {
        "*-urocyon-cinereoargenteus": 2.0,
        "*-urocyon-littoralis": 1.25
      },
      "pregnancyMonthsByType": {
        "*-urocyon-cinereoargenteus": 2.0,
        "*-urocyon-littoralis": 2.0
      },
      "multiplyCooldownMonthsMinByType": {
        "*-urocyon-cinereoargenteus": 8.5,
        "*-urocyon-littoralis": 8.0
      },

      "multiplyCooldownMonthsMaxByType": {
        "*-urocyon-cinereoargenteus": 12.5,
        "*-urocyon-littoralis": 12.0
      },

      "lactationMonthsByType": {
        "*-urocyon-cinereoargenteus": 2.0,
        "*-urocyon-littoralis": 1.75
      }

    },
    "side": "server",
    "dependsOn": [
      {
        "modid": "caninae"
      }
    ]
  }
]