[
  {
    "file": "capreolinae:entities/animal/mammal/hooved/capreolini-adult.json",
    "op": "addmerge",
    "path": "/behaviorConfigs",
    "value": {},
    "side": "server",
    "dependsOn": [{ "modid": "capreolinae" }]
  },
  {
    "file": "capreolinae:entities/animal/mammal/hooved/capreolini-adult.json",
    "op": "addmerge",
    "path": "/behaviorConfigs/genelib.multiply",
    "value": {
      "enabledByType": { "*-male-*": false },

      "breedingPeakMonthByType": {
        "*-capreoluscapreolus": 6.75,
        "*-capreoluspygargus": 7.25,
        "*-hydropotesinermis": 10.5
      },
      "breedingMonthsBeforeByType": {
        "*-capreoluscapreolus": 1.25,
        "*-capreoluspygargus": 1.25,
        "*-hydropotesinermis": 1.5
      },
      "breedingMonthsAfterByType": {
        "*-capreoluscapreolus": 1.25,
        "*-capreoluspygargus": 1.25,
        "*-hydropotesinermis": 1.5
      },
      "pregnancyMonthsByType": {
        "*-capreoluscapreolus": 9.8,
        "*-capreoluspygargus": 9.7,
        "*-hydropotesinermis": 7.0
      },
      "multiplyCooldownMonthsMinByType": {
        "*-capreoluscapreolus": 8.0,
        "*-capreoluspygargus": 8.0,
        "*-hydropotesinermis": 7.0
      },

      "multiplyCooldownMonthsMaxByType": {
        "*-capreoluscapreolus": 12.0,
        "*-capreoluspygargus": 12.0,
        "*-hydropotesinermis": 11.0
      },

      "lactationMonthsByType": {
        "*-capreoluscapreolus": 4.5,
        "*-capreoluspygargus": 4.5,
        "*-hydropotesinermis": 4.0
      }

    },
    "side": "server",
    "dependsOn": [
      {
        "modid": "capreolinae"
      }
    ]
  }
]