[
  {
    "file": "manidae:entities/land/manidae.json",
    "op": "addmerge",
    "path": "/behaviorConfigs",
    "value": {},
    "side": "server",
    "dependsOn": [{ "modid": "manidae" }]
  },
  {
    "file": "manidae:entities/land/manidae.json",
    "op": "addmerge",
    "path": "/behaviorConfigs/genelib.multiply",
    "value": {
      "enabledByType": { "*-male-*": false },

      "breedingPeakMonthByType": {
        "*-crassicaudata": 8.0,
        "*-culionensis": 2.5,
        "*-mysteria": 6.0,
        "*-pentadactyla": 5.5,
        "*-javanica": 6.0,
        "*-tetradactyla": 6.0,
        "*-tricuspis": 6.0,
        "*-gigantea": 6.0,
        "*-temminckii": 11.0
      },

      "breedingMonthsBeforeByType": {
        "*-crassicaudata": 1.5,
        "*-culionensis": 2.0,
        "*-mysteria": 5.5,
        "*-pentadactyla": 2.5,
        "*-javanica": 5.5,
        "*-tetradactyla": 5.5,
        "*-tricuspis": 5.5,
        "*-gigantea": 5.5,
        "*-temminckii": 3.0
      },

      "breedingMonthsAfterByType": {
        "*-crassicaudata": 2.5,
        "*-culionensis": 2.0,
        "*-mysteria": 5.5,
        "*-pentadactyla": 2.5,
        "*-javanica": 5.5,
        "*-tetradactyla": 5.5,
        "*-tricuspis": 5.5,
        "*-gigantea": 5.5,
        "*-temminckii": 3.0
      },
      "pregnancyMonthsByType": {
        "*-crassicaudata": 4.5,
        "*-culionensis": 4.2,
        "*-gigantea": 5.0,
        "*-javanica": 4.3,
        "*-mysteria": 4.5,
        "*-pentadactyla": 4.4,
        "*-temminckii": 4.8,
        "*-tetradactyla": 4.0,
        "*-tricuspis": 4.0
      },

      "multiplyCooldownMonthsMinByType": {
        "*-crassicaudata": 14.0,
        "*-culionensis": 13.0,
        "*-gigantea": 16.0,
        "*-javanica": 13.5,
        "*-mysteria": 14.0,
        "*-pentadactyla": 13.5,
        "*-temminckii": 15.0,
        "*-tetradactyla": 12.0,
        "*-tricuspis": 12.0
      },

      "multiplyCooldownMonthsMaxByType": {
        "*-crassicaudata": 22.0,
        "*-culionensis": 20.0,
        "*-gigantea": 26.0,
        "*-javanica": 21.0,
        "*-mysteria": 22.0,
        "*-pentadactyla": 21.0,
        "*-temminckii": 24.0,
        "*-tetradactyla": 18.0,
        "*-tricuspis": 18.0
      },

      "lactationMonthsByType": {
        "*-crassicaudata": 4.5,
        "*-culionensis": 4.0,
        "*-gigantea": 5.5,
        "*-javanica": 4.0,
        "*-mysteria": 4.5,
        "*-pentadactyla": 4.0,
        "*-temminckii": 5.0,
        "*-tetradactyla": 3.5,
        "*-tricuspis": 3.5
      },

      "monthsToGrowByType": {
        "*-crassicaudata": 24,
        "*-culionensis": 22,
        "*-gigantea": 30,
        "*-javanica": 22,
        "*-mysteria": 24,
        "*-pentadactyla": 22,
        "*-temminckii": 28,
        "*-tetradactyla": 18,
        "*-tricuspis": 18
      }

    },
    "side": "server",
    "dependsOn": [{ "modid": "manidae" }]
  }
]
