[
  {
    "file": "pantherinae:entities/animal/mammal/pantherinae-neofelis-baby.json",
    "op": "addmerge",
    "path": "/behaviorConfigs",
    "value": {},
    "side": "server",
    "dependsOn": [{ "modid": "felinae" }]
  },
  {
    "file": "pantherinae:entities/animal/mammal/pantherinae-neofelis-baby.json",
    "op": "addmerge",
    "path": "/behaviorConfigs/genelib.multiply",
    "value": {
      
    "monthsToGrowByType": {
      "*-diardi": 18,
      "*-nebulosa": 18
    }


    },
    "side": "server",
    "dependsOn": [{ "modid": "pantherinae" }]
  }
]
