[
  {
    "file": "thylacinidae:entities/land/dasyuridae-adult.json",
    "op": "addmerge",
    "path": "/behaviorConfigs",
    "value": {},
    "side": "server",
    "dependsOn": [{ "modid": "thylacinidae" }]
  },
  {
    "file": "thylacinidae:entities/land/dasyuridae-adult.json",
    "op": "addmerge",
    "path": "/behaviorConfigs/genelib.multiply",
    "value": {
      "enabledByType": { "*-male-*": false },

      "pregnancyMonthsByType": {
        "*-sarcophilusharrisii": 0.7,
        "*-sarcophiluslaniarius": 0.7
      },

      "breedingPeakMonthByType": {
        "*-sarcophilusharrisii": 3.2,
        "*-sarcophiluslaniarius": 3.2
      },

      "breedingMonthsBeforeByType": {
        "*-sarcophilusharrisii": 1.2,
        "*-sarcophiluslaniarius": 1.2
      },

      "breedingMonthsAfterByType": {
        "*-sarcophilusharrisii": 1.8,
        "*-sarcophiluslaniarius": 1.8
      },
      "multiplyCooldownMonthsMinByType": {
        "*-sarcophilusharrisii": 8.0,
        "*-sarcophiluslaniarius": 8.0
      },

      "multiplyCooldownMonthsMaxByType": {
        "*-sarcophilusharrisii": 12.0,
        "*-sarcophiluslaniarius": 12.0
      },

      "lactationMonthsByType": {
        "*-sarcophilusharrisii": 3.5,
        "*-sarcophiluslaniarius": 3.5
      }

    },
    "side": "server",
    "dependsOn": [{ "modid": "thylacinidae" }]
  }
]
