[
  {
    "file": "thylacinidae:entities/land/dasyuridae-baby.json",
    "op": "addmerge",
    "path": "/behaviorConfigs",
    "value": {},
    "side": "server",
    "dependsOn": [{ "modid": "thylacinidae" }]
  },
  {
    "file": "thylacinidae:entities/land/dasyuridae-baby.json",
    "op": "addmerge",
    "path": "/behaviorConfigs/genelib.multiply",
    "value": {

      "monthsToGrowByType": {
        "*-sarcophilusharrisii": 12,
        "*-sarcophiluslaniarius": 12
      }

    },
    "side": "server",
    "dependsOn": [{ "modid": "thylacinidae" }]
  }
]
