[
  {
    "file": "viverridae:entities/land/nandiniidae.json",
    "op": "addmerge",
    "path": "/behaviorConfigs",
    "value": {},
    "side": "server",
    "dependsOn": [{ "modid": "viverridae" }]
  },
  {
   "file": "viverridae:entities/land/nandiniidae.json",
    "op": "addmerge",
    "path": "/behaviorConfigs/genelib.multiply",
    "value": {
      "enabledByType": { "*-male-*": false },

      "pregnancyMonthsByType": {
        "*-nandiniabinotata": 2.1
      },
      "multiplyCooldownMonthsMin": {
        "*-nandiniabinotata": 4.0
      },
      "multiplyCooldownMonthsMax": {
        "*-nandiniabinotata": 7.0
      },
      "lactationMonths": {
        "*-nandiniabinotata": 2.1
      },
      "breedingPeakMonthByType": {
        "*-nandiniabinotata": 10.0
      },
      "breedingMonthsBeforeByType": {
        "*-nandiniabinotata": 2.0
      },
      "breedingMonthsAfterByType": {
        "*-nandiniabinotata": 2.0
      },
      "monthsToGrow": {
        "*-nandiniabinotata": 9
      }
    },
    "side": "server",
    "dependsOn": [
      {
        "modid": "viverridae"
      }
    ]
  }
]