[
  {
    "file": "vombatidae:entities/land/diprotodontidae-baby.json",
    "op": "addmerge",
    "path": "/behaviorConfigs",
    "value": {},
    "side": "server",
    "dependsOn": [{ "modid": "vombatidae" }]
  },
  {
    "file": "vombatidae:entities/land/diprotodontidae-baby.json",
    "op": "addmerge",
    "path": "/behaviorConfigs/genelib.multiply",
    "value": {

      "monthsToGrowByType": {
        "*-zygomaturustrilobus": 20
      }

    },
    "side": "server",
    "dependsOn": [{ "modid": "vombatidae" }]
  }
]
