[

    {
        file: "farmcrops:itemtypes/food/choppedvegetable.json",
         op: "addmerge", 
         path: "/enabled", 
         value: "false",
         "side": "server",
         dependsOn: [{ "modid": "expandedfoods", "invert": true }]
    },
    {
        file: "farmcrops:itemtypes/food/cookedchoppedvegetable.json",
         op: "addmerge", 
         path: "/enabled", 
         value: "false",
         "side": "server",
         dependsOn: [{ "modid": "expandedfoods", "invert": true }]
    },

   
    




    {
        "file": "farmcrops:recipes/grid/choppedvegetable.json",
        "op": "addmerge", 
        "path": "/0/enabled", 
        "value": "false",
        "side": "server",
        "dependsOn": [{ "modid": "expandedfoods", "invert": true }]
      },
      {
        "file": "farmcrops:recipes/grid/choppedvegetable.json",
        "op": "addmerge", 
        "path": "/1/enabled", 
        "value": "false",
        "side": "server",
        "dependsOn": [{ "modid": "expandedfoods", "invert": true }]
      },

    {
        "file": "farmcrops:recipes/grid/choppedvegetable.json",
        "op": "addmerge", 
        "path": "/2/enabled", 
        "value": "false",
        "side": "server",
        "dependsOn": [{ "modid": "expandedfoods", "invert": true }]
      },
      {
        "file": "farmcrops:recipes/grid/choppedvegetable.json",
        "op": "addmerge", 
        "path": "/3/enabled", 
        "value": "false",
        "side": "server",
        "dependsOn": [{ "modid": "expandedfoods", "invert": true }]
      },
      {
        "file": "farmcrops:recipes/grid/choppedvegetable.json",
        "op": "addmerge", 
        "path": "/4/enabled", 
        "value": "false",
        "side": "server",
        "dependsOn": [{ "modid": "expandedfoods", "invert": true }]
      },
      {
        "file": "farmcrops:recipes/grid/choppedvegetable.json",
        "op": "addmerge", 
        "path": "/5/enabled", 
        "value": "false",
        "side": "server",
        "dependsOn": [{ "modid": "expandedfoods", "invert": true }]
      },

    {
        "file": "farmcrops:recipes/grid/choppedvegetable.json",
        "op": "addmerge", 
        "path": "/6/enabled", 
        "value": "false",
        "side": "server",
        "dependsOn": [{ "modid": "expandedfoods", "invert": true }]
      },
      {
        "file": "farmcrops:recipes/grid/choppedvegetable.json",
        "op": "addmerge", 
        "path": "/7/enabled", 
        "value": "false",
        "side": "server",
        "dependsOn": [{ "modid": "expandedfoods", "invert": true }]
      },

      {
        "file": "farmcrops:recipes/grid/choppedvegetable.json",
        "op": "addmerge", 
        "path": "/8/enabled", 
        "value": "false",
        "side": "server",
        "dependsOn": [{ "modid": "expandedfoods", "invert": true }]
      },
      {
        "file": "farmcrops:recipes/grid/choppedvegetable.json",
        "op": "addmerge", 
        "path": "/9/enabled", 
        "value": "false",
        "side": "server",
        "dependsOn": [{ "modid": "expandedfoods", "invert": true }]
      },


    
    {
        "file": "farmcrops:recipes/grid/choppedvegetable.json",
        "op": "addmerge", 
        "path": "/10/enabled", 
        "value": "false",
        "side": "server",
        "dependsOn": [{ "modid": "expandedfoods", "invert": true }]
      },
      {
        "file": "farmcrops:recipes/grid/choppedvegetable.json",
        "op": "addmerge", 
        "path": "/11/enabled", 
        "value": "false",
        "side": "server",
        "dependsOn": [{ "modid": "expandedfoods", "invert": true }]
      },

    {
        "file": "farmcrops:recipes/grid/choppedvegetable.json",
        "op": "addmerge", 
        "path": "/12/enabled", 
        "value": "false",
        "side": "server",
        "dependsOn": [{ "modid": "expandedfoods", "invert": true }]
      },
      {
        "file": "farmcrops:recipes/grid/choppedvegetable.json",
        "op": "addmerge", 
        "path": "/13/enabled", 
        "value": "false",
        "side": "server",
        "dependsOn": [{ "modid": "expandedfoods", "invert": true }]
      },
      {
        "file": "farmcrops:recipes/grid/choppedvegetable.json",
        "op": "addmerge", 
        "path": "/14/enabled", 
        "value": "false",
        "side": "server",
        "dependsOn": [{ "modid": "expandedfoods", "invert": true }]
      },
      {
        "file": "farmcrops:recipes/grid/choppedvegetable.json",
        "op": "addmerge", 
        "path": "/15/enabled", 
        "value": "false",
        "side": "server",
        "dependsOn": [{ "modid": "expandedfoods", "invert": true }]
      },

    {
        "file": "farmcrops:recipes/grid/choppedvegetable.json",
        "op": "addmerge", 
        "path": "/16/enabled", 
        "value": "false",
        "side": "server",
        "dependsOn": [{ "modid": "expandedfoods", "invert": true }]
      },
      {
        "file": "farmcrops:recipes/grid/choppedvegetable.json",
        "op": "addmerge", 
        "path": "/17/enabled", 
        "value": "false",
        "side": "server",
        "dependsOn": [{ "modid": "expandedfoods", "invert": true }]
      },

      {
        "file": "farmcrops:recipes/grid/choppedvegetable.json",
        "op": "addmerge", 
        "path": "/18/enabled", 
        "value": "false",
        "side": "server",
        "dependsOn": [{ "modid": "expandedfoods", "invert": true }]
      },
      {
        "file": "farmcrops:recipes/grid/choppedvegetable.json",
        "op": "addmerge", 
        "path": "/19/enabled", 
        "value": "false",
        "side": "server",
        "dependsOn": [{ "modid": "expandedfoods", "invert": true }]
      },

    
    {
        "file": "farmcrops:recipes/grid/choppedvegetable.json",
        "op": "addmerge", 
        "path": "/20/enabled", 
        "value": "false",
        "side": "server",
        "dependsOn": [{ "modid": "expandedfoods", "invert": true }]
      },
      {
        "file": "farmcrops:recipes/grid/choppedvegetable.json",
        "op": "addmerge", 
        "path": "/21/enabled", 
        "value": "false",
        "side": "server",
        "dependsOn": [{ "modid": "expandedfoods", "invert": true }]
      },

    {
        "file": "farmcrops:recipes/grid/choppedvegetable.json",
        "op": "addmerge", 
        "path": "/22/enabled", 
        "value": "false",
        "side": "server",
        "dependsOn": [{ "modid": "expandedfoods", "invert": true }]
      },
      {
        "file": "farmcrops:recipes/grid/choppedvegetable.json",
        "op": "addmerge", 
        "path": "/23/enabled", 
        "value": "false",
        "side": "server",
        "dependsOn": [{ "modid": "expandedfoods", "invert": true }]
      },
      {
        "file": "farmcrops:recipes/grid/choppedvegetable.json",
        "op": "addmerge", 
        "path": "/24/enabled", 
        "value": "false",
        "side": "server",
        "dependsOn": [{ "modid": "expandedfoods", "invert": true }]
      },
      {
        "file": "farmcrops:recipes/grid/choppedvegetable.json",
        "op": "addmerge", 
        "path": "/25/enabled", 
        "value": "false",
        "side": "server",
        "dependsOn": [{ "modid": "expandedfoods", "invert": true }]
      },

    {
        "file": "farmcrops:recipes/grid/choppedvegetable.json",
        "op": "addmerge", 
        "path": "/26/enabled", 
        "value": "false",
        "side": "server",
        "dependsOn": [{ "modid": "expandedfoods", "invert": true }]
      },
      {
        "file": "farmcrops:recipes/grid/choppedvegetable.json",
        "op": "addmerge", 
        "path": "/27/enabled", 
        "value": "false",
        "side": "server",
        "dependsOn": [{ "modid": "expandedfoods", "invert": true }]
      },

      {
        "file": "farmcrops:recipes/grid/choppedvegetable.json",
        "op": "addmerge", 
        "path": "/28/enabled", 
        "value": "false",
        "side": "server",
        "dependsOn": [{ "modid": "expandedfoods", "invert": true }]
      },
      {
        "file": "farmcrops:recipes/grid/choppedvegetable.json",
        "op": "addmerge", 
        "path": "/29/enabled", 
        "value": "false",
        "side": "server",
        "dependsOn": [{ "modid": "expandedfoods", "invert": true }]
      },




    



    {
        "file": "farmcrops:recipes/grid/choppedvegetable.json",
        "op": "addmerge", 
        "path": "/30/enabled", 
        "value": "false",
        "side": "server",
        "dependsOn": [{ "modid": "expandedfoods", "invert": true }]
      },
      {
        "file": "farmcrops:recipes/grid/choppedvegetable.json",
        "op": "addmerge", 
        "path": "/31/enabled", 
        "value": "false",
        "side": "server",
        "dependsOn": [{ "modid": "expandedfoods", "invert": true }]
      },

    {
        "file": "farmcrops:recipes/grid/choppedvegetable.json",
        "op": "addmerge", 
        "path": "/32/enabled", 
        "value": "false",
        "side": "server",
        "dependsOn": [{ "modid": "expandedfoods", "invert": true }]
      },
      {
        "file": "farmcrops:recipes/grid/choppedvegetable.json",
        "op": "addmerge", 
        "path": "/33/enabled", 
        "value": "false",
        "side": "server",
        "dependsOn": [{ "modid": "expandedfoods", "invert": true }]
      },
      {
        "file": "farmcrops:recipes/grid/choppedvegetable.json",
        "op": "addmerge", 
        "path": "/34/enabled", 
        "value": "false",
        "side": "server",
        "dependsOn": [{ "modid": "expandedfoods", "invert": true }]
      },
      {
        "file": "farmcrops:recipes/grid/choppedvegetable.json",
        "op": "addmerge", 
        "path": "/35/enabled", 
        "value": "false",
        "side": "server",
        "dependsOn": [{ "modid": "expandedfoods", "invert": true }]
      },

    {
        "file": "farmcrops:recipes/grid/choppedvegetable.json",
        "op": "addmerge", 
        "path": "/36/enabled", 
        "value": "false",
        "side": "server",
        "dependsOn": [{ "modid": "expandedfoods", "invert": true }]
      },
      {
        "file": "farmcrops:recipes/grid/choppedvegetable.json",
        "op": "addmerge", 
        "path": "/37/enabled", 
        "value": "false",
        "side": "server",
        "dependsOn": [{ "modid": "expandedfoods", "invert": true }]
      },

      {
        "file": "farmcrops:recipes/grid/choppedvegetable.json",
        "op": "addmerge", 
        "path": "/38/enabled", 
        "value": "false",
        "side": "server",
        "dependsOn": [{ "modid": "expandedfoods", "invert": true }]
      },
      {
        "file": "farmcrops:recipes/grid/choppedvegetable.json",
        "op": "addmerge", 
        "path": "/39/enabled", 
        "value": "false",
        "side": "server",
        "dependsOn": [{ "modid": "expandedfoods", "invert": true }]
      },

    
    {
        "file": "farmcrops:recipes/grid/choppedvegetable.json",
        "op": "addmerge", 
        "path": "/40/enabled", 
        "value": "false",
        "side": "server",
        "dependsOn": [{ "modid": "expandedfoods", "invert": true }]
      },
      {
        "file": "farmcrops:recipes/grid/choppedvegetable.json",
        "op": "addmerge", 
        "path": "/41/enabled", 
        "value": "false",
        "side": "server",
        "dependsOn": [{ "modid": "expandedfoods", "invert": true }]
      },

    {
        "file": "farmcrops:recipes/grid/choppedvegetable.json",
        "op": "addmerge", 
        "path": "/42/enabled", 
        "value": "false",
        "side": "server",
        "dependsOn": [{ "modid": "expandedfoods", "invert": true }]
      },
      {
        "file": "farmcrops:recipes/grid/choppedvegetable.json",
        "op": "addmerge", 
        "path": "/43/enabled", 
        "value": "false",
        "side": "server",
        "dependsOn": [{ "modid": "expandedfoods", "invert": true }]
      },
      {
        "file": "farmcrops:recipes/grid/choppedvegetable.json",
        "op": "addmerge", 
        "path": "/44/enabled", 
        "value": "false",
        "side": "server",
        "dependsOn": [{ "modid": "expandedfoods", "invert": true }]
      },
      {
        "file": "farmcrops:recipes/grid/choppedvegetable.json",
        "op": "addmerge", 
        "path": "/45/enabled", 
        "value": "false",
        "side": "server",
        "dependsOn": [{ "modid": "expandedfoods", "invert": true }]
      },

    {
        "file": "farmcrops:recipes/grid/choppedvegetable.json",
        "op": "addmerge", 
        "path": "/46/enabled", 
        "value": "false",
        "side": "server",
        "dependsOn": [{ "modid": "expandedfoods", "invert": true }]
      },
      {
        "file": "farmcrops:recipes/grid/choppedvegetable.json",
        "op": "addmerge", 
        "path": "/47/enabled", 
        "value": "false",
        "side": "server",
        "dependsOn": [{ "modid": "expandedfoods", "invert": true }]
      },

      {
        "file": "farmcrops:recipes/grid/choppedvegetable.json",
        "op": "addmerge", 
        "path": "/48/enabled", 
        "value": "false",
        "side": "server",
        "dependsOn": [{ "modid": "expandedfoods", "invert": true }]
      },
      {
        "file": "farmcrops:recipes/grid/choppedvegetable.json",
        "op": "addmerge", 
        "path": "/49/enabled", 
        "value": "false",
        "side": "server",
        "dependsOn": [{ "modid": "expandedfoods", "invert": true }]
      },

     {
        "file": "farmcrops:recipes/grid/choppedvegetable.json",
        "op": "addmerge", 
        "path": "/50/enabled", 
        "value": "false",
        "side": "server",
        "dependsOn": [{ "modid": "expandedfoods", "invert": true }]
      },
      {
        "file": "farmcrops:recipes/grid/choppedvegetable.json",
        "op": "addmerge", 
        "path": "/51/enabled", 
        "value": "false",
        "side": "server",
        "dependsOn": [{ "modid": "expandedfoods", "invert": true }]
      },






]