[
  {
    "file": "farmcrops:recipes/kneading/hardtack.json",
    "op": "replace",
    "path": "/0/enabled",
    "value": true,
    "dependsOn": [{ "modid": "expandedfoods" }]
  },
  {
    "file": "farmcrops:recipes/kneading/hardtack.json",
    "op": "replace",
    "path": "/1/enabled",
    "value": true,
    "dependsOn": [{ "modid": "expandedfoods" }]
  },


  {
    "op": "addeach",
    "path": "/variantgroups/0/states/-",
    "value": [ "oat" ],
    "file": "expandedfoods:itemtypes/food/mixing/hardtack.json",
    "side": "server",
    "dependsOn": [{ "modid": "expandedfoods" }]
  },
  




  
  { 
	"op": "move", 
	"frompath": "/nutritionPropsByType/*-bake1", 
	"path": "/move-temp",
	"file": "expandedfoods:itemtypes/food/mixing/hardtack.json", 
	"side": "Server",
	dependsOn: [{ "modid": "expandedfoods" }]
  },
  {
    "op": "addmerge",
    "path": "/nutritionPropsByType/*-oat-bake1",
    "value": { saturation: 140, foodcategory: "Grain" },
    "file": "expandedfoods:itemtypes/food/mixing/hardtack.json",
    "side": "server",
    dependsOn: [{ "modid": "expandedfoods" }]
  },
  { 
	"op": "move", 
	"frompath": "/move-temp", 
	"path": "/nutritionPropsByType/*-bake1",
	"file": "expandedfoods:itemtypes/food/mixing/hardtack.json", 
	"side": "Server",

	dependsOn: [{ "modid": "expandedfoods" }]
  },
  
  { 
	"op": "move", 
	"frompath": "/nutritionPropsByType/*-bake2", 
	"path": "/move-temp",
	"file": "expandedfoods:itemtypes/food/mixing/hardtack.json", 
	"side": "Server",
	dependsOn: [{ "modid": "expandedfoods" }]
  },

  {
    "op": "addmerge",
    "path": "/nutritionPropsByType/*-oat-bake1",
    "value": { saturation: 140, foodcategory: "Grain" },
    "file": "expandedfoods:itemtypes/food/mixing/hardtack.json",
    "side": "server",
    dependsOn: [{ "modid": "expandedfoods" }]
  },

  {
    "op": "addmerge",
    "path": "/nutritionPropsByType/*-oat-bake2",
    "value": { saturation: 120, foodcategory: "Grain" },
    "file": "expandedfoods:itemtypes/food/mixing/hardtack.json",
    "side": "server",
    dependsOn: [{ "modid": "expandedfoods" }]
  },
  { 
	"op": "move", 
	"frompath": "/move-temp", 
	"path": "/nutritionPropsByType/*-bake2",
	"file": "expandedfoods:itemtypes/food/mixing/hardtack.json", 
	"side": "Server",
	dependsOn: [{ "modid": "expandedfoods" }]
  },




  { 
	"op": "move", 
	"frompath": "/nutritionPropsByType/*-bake3", 
	"path": "/move-temp",
	"file": "expandedfoods:itemtypes/food/mixing/hardtack.json", 
	"side": "Server",
	dependsOn: [{ "modid": "expandedfoods" }]
  },
  {
    "op": "addmerge",
    "path": "/nutritionPropsByType/*-oat-bake3",
    "value": { saturation: 100, foodcategory: "Grain" },
    "file": "expandedfoods:itemtypes/food/mixing/hardtack.json",
    "side": "server",
    dependsOn: [{ "modid": "expandedfoods" }]
  },
  { 
	"op": "move", 
	"frompath": "/move-temp", 
	"path": "/nutritionPropsByType/*-bake3",
	"file": "expandedfoods:itemtypes/food/mixing/hardtack.json", 
	"side": "Server",
	dependsOn: [{ "modid": "expandedfoods" }]	
  },






  { 
	"op": "move", 
	"frompath": "/nutritionPropsByType/*-bake4", 
	"path": "/move-temp",
	"file": "expandedfoods:itemtypes/food/mixing/hardtack.json", 
	"side": "Server",
	dependsOn: [{ "modid": "expandedfoods" }]	
  },
  {
    "op": "addmerge",
    "path": "/nutritionPropsByType/*-oat-bake4",
    "value": { saturation: 80, foodcategory: "Grain" },
    "file": "expandedfoods:itemtypes/food/mixing/hardtack.json",
    "side": "server",
    dependsOn: [{ "modid": "expandedfoods" }]
  },
  { 
	"op": "move", 
	"frompath": "/move-temp", 
	"path": "/nutritionPropsByType/*-bake4",
	"file": "expandedfoods:itemtypes/food/mixing/hardtack.json", 
	"side": "Server",
	dependsOn: [{ "modid": "expandedfoods" }]
  },
  
  


  { 
	"op": "move", 
	"frompath": "/shapebytype/*-raw", 
	"path": "/move-temp",
	"file": "expandedfoods:itemtypes/food/mixing/hardtack.json", 
	"side": "Server",
	dependsOn: [{ "modid": "expandedfoods" }]	
  },
  {
    "op": "addmerge",
    "path": "/shapebytype/hardtack-oat-raw",
    "value": { base: "farmcrops:item/food/hardtack/hardtack-{type}-raw"},
    "file": "expandedfoods:itemtypes/food/mixing/hardtack.json",
    "side": "server",
    dependsOn: [{ "modid": "expandedfoods" }]
  },
  { 
	"op": "move", 
	"frompath": "/move-temp", 
	"path": "/shapebytype/*-raw",
	"file": "expandedfoods:itemtypes/food/mixing/hardtack.json", 
	"side": "Server",
	dependsOn: [{ "modid": "expandedfoods" }]
  },


  { 
    "op": "move", 
    "frompath": "/texturesByType/@*-(raw|bake2|bake3)", 
    "path": "/move-temp",
    "file": "expandedfoods:itemtypes/food/mixing/hardtack.json", 
    "side": "Server",
    dependsOn: [{ "modid": "expandedfoods" }]	
    },
    {
      "op": "addmerge",
      "path": "/texturesByType/hardtack-oat-bake2",
      "value": { "bread": { "base": "farmcrops:item/food/grain/oatbread-perfect" } },
      "file": "expandedfoods:itemtypes/food/mixing/hardtack.json",
      "side": "server",
      dependsOn: [{ "modid": "expandedfoods" }]
    },
    {
      "op": "addmerge",
      "path": "/texturesByType/hardtack-oat-bake3",
      "value": { "bread": { "base": "farmcrops:item/food/grain/oatbread-charred" } },
      "file": "expandedfoods:itemtypes/food/mixing/hardtack.json",
      "side": "server",
      dependsOn: [{ "modid": "expandedfoods" }]
    },


    { 
    "op": "move", 
    "frompath": "/move-temp", 
    "path": "/texturesByType/@*-(raw|bake2|bake3)",
    "file": "expandedfoods:itemtypes/food/mixing/hardtack.json", 
    "side": "Server",
    dependsOn: [{ "modid": "expandedfoods" }]
    },





    
    { 
    "op": "move", 
    "frompath": "/texturesByType/*-bake1", 
    "path": "/move-temp",
    "file": "expandedfoods:itemtypes/food/mixing/hardtack.json", 
    "side": "Server",
    dependsOn: [{ "modid": "expandedfoods" }]	
    },
    {
      "op": "addmerge",
      "path": "/texturesByType/hardtack-oat-bake1",
      "value": { "bread": { "base": "farmcrops:item/food/grain/oatbread-partbaked" } },
      "file": "expandedfoods:itemtypes/food/mixing/hardtack.json",
      "side": "server",
      dependsOn: [{ "modid": "expandedfoods" }]
    },
    { 
    "op": "move", 
    "frompath": "/move-temp", 
    "path": "/texturesByType/*-bake1",
    "file": "expandedfoods:itemtypes/food/mixing/hardtack.json", 
    "side": "Server",
    dependsOn: [{ "modid": "expandedfoods" }]
    },


    { 
    "op": "move", 
    "frompath": "/texturesByType/*-bake4", 
    "path": "/move-temp",
    "file": "expandedfoods:itemtypes/food/mixing/hardtack.json", 
    "side": "Server",
    dependsOn: [{ "modid": "expandedfoods" }]	
    },
    {
      "op": "addmerge",
      "path": "/texturesByType/hardtack-oat-bake4",
      "value": { "bread": { "base": "farmcrops:item/food/grain/oatbread-charred" } },
      "file": "expandedfoods:itemtypes/food/mixing/hardtack.json",
      "side": "server",
      dependsOn: [{ "modid": "expandedfoods" }]
    },
    { 
    "op": "move", 
    "frompath": "/move-temp", 
    "path": "/texturesByType/*-bake4",
    "file": "expandedfoods:itemtypes/food/mixing/hardtack.json", 
    "side": "Server",
    dependsOn: [{ "modid": "expandedfoods" }]
    },








  { 
	"op": "move", 
	"frompath": "/shapebytype/*", 
	"path": "/move-temp",
	"file": "expandedfoods:itemtypes/food/mixing/hardtack.json", 
	"side": "Server",
	dependsOn: [{ "modid": "expandedfoods" }]	
  },
  {
    "op": "addmerge",
    "path": "/shapebytype/hardtack-oat-bake1",
    "value": { base: "farmcrops:item/food/hardtack/hardtack-{type}-partbaked"},
    "file": "expandedfoods:itemtypes/food/mixing/hardtack.json",
    "side": "server",
    dependsOn: [{ "modid": "expandedfoods" }]
  },
  {
    "op": "addmerge",
    "path": "/shapebytype/hardtack-oat-bake2",
    "value": { base: "farmcrops:item/food/hardtack/hardtack-{type}-baked"},
    "file": "expandedfoods:itemtypes/food/mixing/hardtack.json",
    "side": "server",
    dependsOn: [{ "modid": "expandedfoods" }]
  },

  {
    "op": "addmerge",
    "path": "/shapebytype/hardtack-oat-bake3",
    "value": { base: "farmcrops:item/food/hardtack/hardtack-{type}-baked"},
    "file": "expandedfoods:itemtypes/food/mixing/hardtack.json",
    "side": "server",
    dependsOn: [{ "modid": "expandedfoods" }]
  },

  {
    "op": "addmerge",
    "path": "/shapebytype/hardtack-oat-bake4",
    "value": { base: "farmcrops:item/food/hardtack/hardtack-{type}-charred"},
    "file": "expandedfoods:itemtypes/food/mixing/hardtack.json",
    "side": "server",
    dependsOn: [{ "modid": "expandedfoods" }]
  },

  { 
	"op": "move", 
	"frompath": "/move-temp", 
	"path": "/shapebytype/*",
	"file": "expandedfoods:itemtypes/food/mixing/hardtack.json", 
	"side": "Server",
	dependsOn: [{ "modid": "expandedfoods" }]
  }


  


]