[
	{
    "op": "add",
    "path": "/attributes/contentConfig/-",
    "value": {
				code: "bagasse",
				content: { type: "item", code: "farmcrops:bagasse" }, 
				quantityPerFillLevel: 8,
				maxFillLevels: 8,
				shapesPerFillLevel: [
									 "block/wood/trough/large/grainfill1", 
									 "block/wood/trough/large/grainfill1", 
									 "block/wood/trough/large/grainfill2", 
									 "block/wood/trough/large/grainfill2", 
									 "block/wood/trough/large/grainfill3", 
									 "block/wood/trough/large/grainfill3", 
									 "block/wood/trough/large/grainfill4", 
									 "block/wood/trough/large/grainfill4"
									],
				foodFor: ["pig-*", "sheep-*"],
				foodForDesc: "trough-acceptable-pigs-sheep",
				textureCode: "contents-bagasse"
		},
    "file": "game:blocktypes/wood/trough-large.json",
    "side": "server"
    },
	{
    "op": "add",
    "path": "/textures/contents-bagasse",
    "value": { base: "farmcrops:block/wood/trough/large/bagasse" },
    "file": "game:blocktypes/wood/trough-large.json",
    "side": "server"
    },
	
	{
    "op": "add",
    "path": "/attributes/contentConfig/-",
    "value": {
				code: "sugarbeetcut",
				content: { type: "item", code: "farmcrops:sugarbeetcut" }, 
				quantityPerFillLevel: 8,
				maxFillLevels: 8,
				shapesPerFillLevel: [
									 "block/wood/trough/large/grainfill1", 
									 "block/wood/trough/large/grainfill1", 
									 "block/wood/trough/large/grainfill2", 
									 "block/wood/trough/large/grainfill2", 
									 "block/wood/trough/large/grainfill3", 
									 "block/wood/trough/large/grainfill3", 
									 "block/wood/trough/large/grainfill4", 
									 "block/wood/trough/large/grainfill4"
									],
				foodFor: ["pig-*", "sheep-*"],
				foodForDesc: "trough-acceptable-pigs-sheep",
				textureCode: "contents-sugarbeetcut"
		},
    "file": "game:blocktypes/wood/trough-large.json",
    "side": "server"
    },
	{
    "op": "add",
    "path": "/textures/contents-sugarbeetcut",
    "value": { base: "farmcrops:block/wood/trough/large/sugarbeetcut" },
    "file": "game:blocktypes/wood/trough-large.json",
    "side": "server"
    },

	
	{
		"op": "addmerge",
		"path": "/textures/contents-pressedmash-sugarcane",
		"value": {
		  "base": "farmcrops:block/food/pie/fill-sugarcane",
		  overlays: ["game:block/wood/trough/large/shadow"]
		},
		side: "server",
		"file": "game:blocktypes/wood/trough-large.json"
	  },
	  {
		"op": "addmerge",
		"path": "/textures/contents-pressedmash-sugarbeet",
		"value": {
		  "base": "farmcrops:block/food/pie/fill-sugarbeet",
		  overlays: ["game:block/wood/trough/large/shadow"]
		},
		side: "server",
		"file": "game:blocktypes/wood/trough-large.json"
	  },
	  {
		"op": "addmerge",
		"path": "/textures/contents-pressedmash-corn",
		"value": {
		  "base": "farmcrops:block/food/pie/fill-corn",
		  overlays: ["game:block/wood/trough/large/shadow"]
		},
		side: "server",
		"file": "game:blocktypes/wood/trough-large.json"
	  },
	  {
		"op": "addmerge",
		"path": "/textures/contents-pressedmash-seed",
		"value": {
		  "base": "farmcrops:block/food/pie/fill-seed",
		  overlays: ["game:block/wood/trough/large/shadow"]
		},
		side: "server",
		"file": "game:blocktypes/wood/trough-large.json"
	  },
	  {
		"op": "addmerge",
		"path": "/textures/contents-pressedmash-beet",
		"value": {
		  "base": "farmcrops:block/food/pie/fill-beet",
		  overlays: ["game:block/wood/trough/large/shadow"]
		},
		side: "server",
		"file": "game:blocktypes/wood/trough-large.json"
	  },
	  {
		"op": "addmerge",
		"path": "/textures/contents-pressedmash-cauliflower",
		"value": {
		  "base": "farmcrops:block/food/pie/fill-cauliflower",
		  overlays: ["game:block/wood/trough/large/shadow"]
		},
		side: "server",
		"file": "game:blocktypes/wood/trough-large.json"
	  },
	  {
		"op": "addmerge",
		"path": "/textures/contents-pressedmash-eggplant",
		"value": {
		  "base": "farmcrops:block/food/pie/fill-eggplant",
		  overlays: ["game:block/wood/trough/large/shadow"]
		},
		side: "server",
		"file": "game:blocktypes/wood/trough-large.json"
	  },
	  {
		"op": "addmerge",
		"path": "/textures/contents-pressedmash-jalapeno",
		"value": {
		  "base": "farmcrops:block/food/pie/fill-jalapeno",
		  overlays: ["game:block/wood/trough/large/shadow"]
		},
		side: "server",
		"file": "game:blocktypes/wood/trough-large.json"
	  },
	  {
		"op": "addmerge",
		"path": "/textures/contents-pressedmash-potato",
		"value": {
		  "base": "farmcrops:block/food/pie/fill-potato",
		  overlays: ["game:block/wood/trough/large/shadow"]
		},
		side: "server",
		"file": "game:blocktypes/wood/trough-large.json"
	  },
	  {
		"op": "addmerge",
		"path": "/textures/contents-pressedmash-yam",
		"value": {
		  "base": "farmcrops:block/food/pie/fill-yam",
		  overlays: ["game:block/wood/trough/large/shadow"]
		},
		side: "server",
		"file": "game:blocktypes/wood/trough-large.json"
	  },

]