{
	"code": "clothes",
	"class": "ItemWearable",
	"variantgroups": [
		{ "code": "category",  "states": ["waist"] },
		{ "code": "waist", "onVariant": "category", "states": ["clothedbelt"] }
	],
	"shape": {
		"base": "entity/humanoid/seraph/clothing/waist/clothedbelt" 
	},
	"storageFlags": 128,
	"attributesByType": {
		"*": {
			"wearableAttachment": true,
			"clothescategory": "waist"
		}
	},
	"textures": {
		"seraph": { "base": "game:block/transparent" }
	},
	"creativeinventory": { "general": ["*"], "items": ["*"], "clothing": ["*"] },
	"renderAlphaTest": 0.25,
	"fpHandTransform": {
		"translation": { "x": 0.6, "y": -1.8, "z": -0.5 },
		"rotation": { "x": 180, "y": -108, "z": -180 },
		"origin": { "x": 0.5, "y": 1.6, "z": 0.5 },
		"scale": 2.15
	},
			"tpHandTransform": {
		translation: { x: 0, y: 0, z: 0 },
		rotation: { x: -97, y: -180, z: 74 },
		origin: { x: 0.6, y: -0.3, z: 0.2 },
		scale: 0.63
	},
			guiTransform: {
		translation: { x: 0, y: 0, z: 0 },
		rotation: { x: 14, y: -128, z: -156 },
		origin: { x: 0.52, y: 1.05, z: 0.5 },
		scale: 2.5
	},
		"groundTransform": {
		rotation: { x: 0, y: 0, z: 1 },
		origin: { x: -0, y: 0.8, z: 0.1299 },
		scale: 6
	}
}