[
  {
    "code": "chalcopyrite",
    "triesPerChunk": 0.001, //8
    "withOreMap": true,
    "handbookPageCode": "item-nugget-chalcopyrite",
    "generator": "iog-gen",
    "attributes": {
      "inblock": {
        "veintype": "fault",
        "code": "rock-*",
        "name": "rock",
        "allowedVariants": ["limestone", "dolostone","chalk","rhyolite","granite","andesite","diorite","basalt","gabbro","phyllite","schist","amphibolite" ]
      },
      "tracerblock": { "code": "ore-quartz-{rock}" },
      "placeblock": {
        "code": "ore-*-chalcopyrite-{rock}",
        "name": "grade",
        "allowedVariantsByInBlock": {
					"rock-limestone": ["poor", "medium", "rich", "bountiful"],
          "rock-dolostone": ["poor", "medium", "rich", "bountiful"],
					"rock-chalk": ["poor", "medium", "rich", "bountiful"],
					"rock-rhyolite":["poor", "medium", "rich"],
					"rock-granite":["poor", "medium", "rich"],
					"rock-andesite":["poor", "medium", "rich"],
					"rock-diorite":["poor", "medium", "rich"],
					"rock-basalt":["poor", "medium"],
					"rock-gabbro":["poor", "medium"],
					"rock-phyllite":["poor", "medium"],
					"rock-schist":["poor"],
					"rock-amphibolite":["poor"]
        }
      },
      "radius": {
        "dist": "uniform",
        "avg": 38,
        "var": 12
      },
      "yPosRel": {
        "dist": "uniform",
        "avg": 0.45,
        "var": 0.4
      },
      "thickness": {
        "dist": "uniform",
        "avg": 2,
        "var": 1
      },
      "branchCount": {
        "dist": "uniform",
        "avg": 10,
        "var": 10
      },
      "branchLength": {
        "dist": "uniform",
        "avg": 3,
        "var": 2
      },
      "OreSpongePercent": 0.3
    }
  }
]