[
    {
    "code": "tetrahedrite",
    "triesPerChunk": 1, //7
    "withOreMap": true,
    "handbookPageCode": "item-nugget-tetrahedrite",
    "generator": "iog-gen",
    "attributes": {
      "inblock": {
        "veintype": "fault",
        "code": "rock-*",
        "name": "rock",
        "allowedVariants": [ "bauxite", "phyllite", "slate", "redmarble", "greenmarble", "whitemarble","schist","gneiss","migmatite" ]
      },
      "placeblock": {
        "code": "ore-*-tetrahedrite-{rock}",
        "name": "grade",
        "allowedVariantsByInBlock": {
					"rock-bauxite": ["poor", "medium", "rich"],
					"rock-phyllite": ["poor", "medium", "rich", "bountiful"],
					"rock-slate": ["poor", "medium", "rich", "bountiful"],
					"rock-redmarble": ["poor", "medium", "rich"],
					"rock-greenmarble": ["poor", "medium", "rich"],
					"rock-whitemarble": ["poor", "medium", "rich"],
					"rock-schist": ["poor", "medium", "rich", "bountiful"],
					"rock-gneiss": ["poor", "medium", "rich"],
					"rock-migmatite":["poor"]
        }
      },
      "subdeposit": {
        "code": "ore-*-freibergite-{rock}",
        "name": "grade",
        "allowedVariantsByInBlock": {
					"rock-bauxite": ["poor", "medium", "rich"],
					"rock-phyllite": ["poor", "medium", "rich", "bountiful"],
          "rock-slate": [ "poor", "medium", "rich", "bountiful"],
					"rock-redmarble": ["poor", "medium", "rich"],
					"rock-greenmarble": ["poor", "medium", "rich"],
					"rock-whitemarble": ["poor", "medium", "rich"],
					"rock-schist": ["poor", "medium", "rich", "bountiful"],
					"rock-gneiss": ["poor", "medium", "rich"],
					"rock-migmatite":["poor"]
        }
      },
      "radius": {
        "dist": "uniform",
        "avg": 48,
        "var": 16
      },
      "yPosRel": {
        "dist": "uniform",
        "avg": 0.45,
        "var": 0.4
      },
      "thickness": {
        "dist": "uniform",
        "avg": 3,
        "var": 2
      },
      "branchCount": {
        "dist": "uniform",
        "avg": 10,
        "var": 10
      },
      "branchLength": {
        "dist": "uniform",
        "avg": 3,
        "var": 2
      },
      "OreSpongePercent": 0.3
    }
  }
]