[
{"ingredientPattern": "LK","ingredients": {"K": { "type": "item", "code": "game:knife-*", "isTool": true },"L": { "type": "item", "code": "casuariidae:pelt-*", "allowedVariants": ["baby-bennetti","baby-casuarius","baby-novaehollandiae","baby-novaehollandiaediemenensis","baby-unappendiculatus","baby-genyornisnewtoni","female-tribonyxmortierii","male-tribonyxmortierii"], "returnedStack": { "type": "item", "code": "game:feather", "quantity": 4 } }},"width": 2,"height": 1,"output": { "type": "item", "code": "game:hide-raw-small", "quantity": 1  }},

{"ingredientPattern": "LK","ingredients": {"K": { "type": "item", "code": "game:knife-*", "isTool": true },"L": { "type": "item", "code": "casuariidae:pelt-*", "allowedVariants": ["female-cereopsisnovaehollandiae","male-cereopsisnovaehollandiae"], "returnedStack": { "type": "item", "code": "game:feather", "quantity": 4 } }},"width": 2,"height": 1,"output": { "type": "item", "code": "game:hide-raw-medium", "quantity": 1  }},

{"ingredientPattern": "LK","ingredients": {"K": { "type": "item", "code": "game:knife-*", "isTool": true },"L": { "type": "item", "code": "casuariidae:pelt-*", "allowedVariants": ["female-bennetti","male-bennetti","male-casuarius","female-novaehollandiae","male-novaehollandiae","female-novaehollandiaediemenensis","male-novaehollandiaediemenensis","male-unappendiculatus"], "returnedStack": { "type": "item", "code": "game:feather", "quantity": 16 } }},"width": 2,"height": 1,"output": { "type": "item", "code": "game:hide-raw-medium", "quantity": 2  }},

{"ingredientPattern": "LK","ingredients": {"K": { "type": "item", "code": "game:knife-*", "isTool": true },"L": { "type": "item", "code": "casuariidae:pelt-*", "allowedVariants": ["female-casuarius","female-unappendiculatus"], "returnedStack": { "type": "item", "code": "game:feather", "quantity": 24 } }},"width": 2,"height": 1,"output": { "type": "item", "code": "game:hide-raw-medium", "quantity": 3  }},
{"ingredientPattern": "LK","ingredients": {"K": { "type": "item", "code": "game:knife-*", "isTool": true },"L": { "type": "item", "code": "casuariidae:pelt-*", "allowedVariants": ["female-genyornisnewtoni","male-genyornisnewtoni"], "returnedStack": { "type": "item", "code": "game:feather", "quantity": 24 } }},"width": 2,"height": 1,"output": { "type": "item", "code": "game:hide-raw-huge", "quantity": 2  }}]