{
	"editor": {
		"allAngles": true,
		"entityTextureMode": false
	},
	"textureWidth": 16,
	"textureHeight": 16,
	"textureSizes": {
	},
	"textures": {
		"cap": "game:block/plant/mushroom/fieldmushroom/cap",
		"stipe": "game:block/plant/mushroom/fieldmushroom/stipe",
		"pores": "game:block/plant/mushroom/fieldmushroom/pores"
	},
	"elements": [
		{
			"name": "origin",
			"from": [ 8.0, 0.0, 8.0 ], 
			"to": [ 8.0, 0.0, 8.0 ], 
			"rotationOrigin": [ 8.0, 0.0, 8.0 ],
			"faces": {
				"north": { "texture": "#cap", "uv": [ 0.0, 0.0, 0.5, 0.5 ], "enabled": false },
				"east": { "texture": "#cap", "uv": [ 0.0, 0.0, 0.5, 0.5 ], "enabled": false },
				"south": { "texture": "#cap", "uv": [ 0.0, 0.0, 0.5, 0.5 ], "enabled": false },
				"west": { "texture": "#cap", "uv": [ 0.0, 0.0, 0.5, 0.5 ], "enabled": false },
				"up": { "texture": "#cap", "uv": [ 0.0, 0.0, 0.5, 0.5 ], "enabled": false },
				"down": { "texture": "#cap", "uv": [ 0.0, 0.0, 0.5, 0.5 ], "enabled": false }
			},
			"children": [
				{
					"name": "tiny20",
					"from": [ 2.0, 0.0, 2.0 ], 
					"to": [ 3.0, 0.5, 3.0 ], 
					"rotationOrigin": [ 2.5, 0.0, 2.5 ],
					"rotationY": -39.0,
					"faces": {
						"north": { "texture": "#stipe", "uv": [ 3.0, 13.0, 4.0, 13.5 ] },
						"east": { "texture": "#stipe", "uv": [ 10.0, 5.0, 11.0, 5.5 ] },
						"south": { "texture": "#stipe", "uv": [ 5.0, 1.0, 6.0, 1.5 ] },
						"west": { "texture": "#stipe", "uv": [ 9.0, 9.0, 10.0, 9.5 ] },
						"up": { "texture": "#stipe", "uv": [ 4.0, 5.0, 5.0, 6.0 ], "enabled": false },
						"down": { "texture": "#stipe", "uv": [ 2.0, 14.0, 3.0, 15.0 ] }
					},
					"children": [
						{
							"name": "cap6",
							"from": [ -0.2, 0.4, -0.3 ], 
							"to": [ 1.3, 0.9, 1.2 ], 
							"rotationOrigin": [ 0.5, 0.4, 0.4 ],
							"rotationX": 5.0,
							"rotationZ": 3.0,
							"faces": {
								"north": { "texture": "#cap", "uv": [ 4.0, 10.0, 5.5, 10.5 ] },
								"east": { "texture": "#cap", "uv": [ 3.0, 9.0, 4.5, 9.5 ] },
								"south": { "texture": "#cap", "uv": [ 5.0, 9.0, 6.5, 9.5 ] },
								"west": { "texture": "#cap", "uv": [ 3.0, 12.0, 4.5, 12.5 ] },
								"up": { "texture": "#cap", "uv": [ 14.0, 7.0, 15.5, 8.5 ] },
								"down": { "texture": "#pores", "uv": [ 4.0, 9.0, 5.5, 10.5 ] }
							}
						}
					]
				},
				{
					"name": "tiny",
					"from": [ 2.0, 0.0, -1.5001 ], 
					"to": [ 3.0, 1.0, -0.5001 ], 
					"rotationOrigin": [ 2.0, 0.0, -1.0001 ],
					"rotationY": 34.0,
					"faces": {
						"north": { "texture": "#stipe", "uv": [ 3.0, 13.0, 4.0, 14.0 ] },
						"east": { "texture": "#stipe", "uv": [ 10.0, 5.0, 11.0, 6.0 ] },
						"south": { "texture": "#stipe", "uv": [ 5.0, 1.0, 6.0, 2.0 ] },
						"west": { "texture": "#stipe", "uv": [ 9.0, 9.0, 10.0, 10.0 ] },
						"up": { "texture": "#stipe", "uv": [ 4.0, 5.0, 5.0, 6.0 ], "enabled": false },
						"down": { "texture": "#stipe", "uv": [ 2.0, 14.0, 3.0, 15.0 ] }
					},
					"children": [
						{
							"name": "cap2",
							"from": [ -0.5, 0.8, -0.5 ], 
							"to": [ 1.5, 1.3, 1.5 ], 
							"rotationOrigin": [ 0.5, 0.8, 0.5 ],
							"rotationX": 6.0,
							"rotationZ": -19.0,
							"faces": {
								"north": { "texture": "#cap", "uv": [ 9.0, 14.0, 11.0, 14.5 ] },
								"east": { "texture": "#cap", "uv": [ 3.0, 11.0, 5.0, 11.5 ] },
								"south": { "texture": "#cap", "uv": [ 5.0, 12.0, 7.0, 12.5 ] },
								"west": { "texture": "#cap", "uv": [ 4.0, 10.0, 6.0, 10.5 ] },
								"up": { "texture": "#cap", "uv": [ 8.0, 4.0, 10.0, 6.0 ] },
								"down": { "texture": "#pores", "uv": [ 5.0, 9.0, 7.0, 11.0 ] }
							}
						}
					]
				},
				{
					"name": "single voxel",
					"from": [ -0.1, 0.0, -4.8 ], 
					"to": [ 0.9, 0.5, -3.8 ], 
					"rotationOrigin": [ 0.4, 0.0, -4.2 ],
					"rotationY": -16.0,
					"faces": {
						"north": { "texture": "#cap", "uv": [ 9.0, 4.0, 10.0, 4.5 ] },
						"east": { "texture": "#cap", "uv": [ 12.0, 7.0, 13.0, 7.5 ] },
						"south": { "texture": "#cap", "uv": [ 5.0, 6.0, 6.0, 6.5 ] },
						"west": { "texture": "#cap", "uv": [ 4.0, 3.0, 5.0, 3.5 ] },
						"up": { "texture": "#cap", "uv": [ 3.0, 13.0, 4.0, 14.0 ] },
						"down": { "texture": "#pores", "uv": [ 11.0, 8.0, 12.0, 9.0 ] }
					}
				},
				{
					"name": "single voxel25",
					"from": [ 4.0, 0.0, 1.0 ], 
					"to": [ 5.0, 0.5, 2.0 ], 
					"rotationOrigin": [ 4.0, 0.0, 1.0 ],
					"rotationY": 20.0,
					"faces": {
						"north": { "texture": "#cap", "uv": [ 12.0, 3.0, 13.0, 3.5 ] },
						"east": { "texture": "#cap", "uv": [ 7.0, 2.0, 8.0, 2.5 ] },
						"south": { "texture": "#cap", "uv": [ 10.0, 1.0, 11.0, 1.5 ] },
						"west": { "texture": "#cap", "uv": [ 7.0, 4.0, 8.0, 4.5 ] },
						"up": { "texture": "#cap", "uv": [ 0.0, 2.0, 1.0, 3.0 ] },
						"down": { "texture": "#pores", "uv": [ 6.0, 7.0, 7.0, 8.0 ] }
					}
				},
				{
					"name": "medium small",
					"from": [ -4.75, 0.0, -3.84 ], 
					"to": [ -3.75, 1.0, -2.84 ], 
					"rotationOrigin": [ -4.25, 0.0, -3.34 ],
					"rotationY": -22.0,
					"rotationZ": 4.0,
					"faces": {
						"north": { "texture": "#stipe", "uv": [ 1.0, 14.0, 2.0, 15.0 ] },
						"east": { "texture": "#stipe", "uv": [ 15.0, 14.0, 16.0, 15.0 ] },
						"south": { "texture": "#stipe", "uv": [ 5.0, 14.0, 6.0, 15.0 ] },
						"west": { "texture": "#stipe", "uv": [ 9.0, 9.0, 10.0, 10.0 ] },
						"up": { "texture": "#stipe", "uv": [ 4.0, 5.0, 5.0, 6.0 ], "enabled": false },
						"down": { "texture": "#stipe", "uv": [ 2.0, 14.0, 3.0, 15.0 ] }
					},
					"children": [
						{
							"name": "cap",
							"from": [ -1.0, 1.7, -1.0 ], 
							"to": [ 2.0, 2.2, 2.0 ], 
							"rotationOrigin": [ 0.5, 1.7, 0.5 ],
							"rotationX": -9.0,
							"rotationZ": 14.0,
							"faces": {
								"north": { "texture": "#cap", "uv": [ 13.0, 3.0, 16.0, 3.5 ], "enabled": false },
								"east": { "texture": "#cap", "uv": [ 9.0, 7.0, 12.0, 7.5 ], "enabled": false, "autoUv": false },
								"south": { "texture": "#cap", "uv": [ 10.0, 8.0, 13.0, 8.5 ], "enabled": false },
								"west": { "texture": "#cap", "uv": [ 9.0, 7.0, 12.0, 7.5 ], "enabled": false },
								"up": { "texture": "#cap", "uv": [ 4.0, 8.0, 7.0, 11.0 ] },
								"down": { "texture": "#pores", "uv": [ 5.0, 8.0, 8.0, 11.0 ] }
							},
							"children": [
								{
									"name": "Cube25",
									"from": [ 0.0, 0.0, 3.0 ], 
									"to": [ 3.0, 0.5, 3.5 ], 
									"rotationOrigin": [ 1.5, 0.5, 3.0 ],
									"rotationX": 10.0,
									"faces": {
										"north": { "texture": "#cap", "uv": [ 4.5, 10.0, 7.5, 10.5 ], "enabled": false },
										"east": { "texture": "#cap", "uv": [ 2.5, 4.0, 3.0, 4.5 ] },
										"south": { "texture": "#cap", "uv": [ 4.5, 7.0, 7.5, 7.5 ] },
										"west": { "texture": "#cap", "uv": [ 4.0, 6.5, 4.5, 7.0 ] },
										"up": { "texture": "#cap", "uv": [ 3.0, 3.0, 6.0, 3.5 ] },
										"down": { "texture": "#pores", "uv": [ 2.5, 3.0, 5.5, 3.5 ] }
									}
								},
								{
									"name": "Cube26",
									"from": [ 0.0, 0.0, -0.5 ], 
									"to": [ 3.0, 0.5, 0.0 ], 
									"rotationOrigin": [ 1.5, 0.5, 0.0 ],
									"rotationX": -8.0,
									"faces": {
										"north": { "texture": "#cap", "uv": [ 0.0, 0.0, 3.0, 0.5 ] },
										"east": { "texture": "#cap", "uv": [ 0.0, 0.0, 0.5, 0.5 ] },
										"south": { "texture": "#cap", "uv": [ 3.5, 2.5, 6.5, 3.0 ], "enabled": false },
										"west": { "texture": "#cap", "uv": [ 0.0, 0.0, 0.5, 0.5 ] },
										"up": { "texture": "#cap", "uv": [ 0.0, 0.0, 3.0, 0.5 ] },
										"down": { "texture": "#pores", "uv": [ 6.5, 5.5, 9.5, 6.0 ] }
									}
								},
								{
									"name": "Cube27",
									"from": [ 3.0, 0.0, 0.0 ], 
									"to": [ 3.5, 0.5, 3.0 ], 
									"rotationOrigin": [ 3.0, 0.5, 1.5 ],
									"rotationZ": -19.0,
									"faces": {
										"north": { "texture": "#cap", "uv": [ 6.5, 4.0, 7.0, 4.5 ] },
										"east": { "texture": "#cap", "uv": [ 4.5, 7.5, 7.5, 8.0 ] },
										"south": { "texture": "#cap", "uv": [ 5.0, 5.5, 5.5, 6.0 ] },
										"west": { "texture": "#cap", "uv": [ 4.0, 6.0, 7.0, 6.5 ], "enabled": false },
										"up": { "texture": "#cap", "uv": [ 7.0, 3.5, 7.5, 6.5 ] },
										"down": { "texture": "#pores", "uv": [ 6.0, 4.0, 6.5, 7.0 ] }
									}
								},
								{
									"name": "Cube28",
									"from": [ -0.5, 0.0, 0.0 ], 
									"to": [ 0.0, 0.5, 3.0 ], 
									"rotationOrigin": [ 0.0, 0.5, 1.5 ],
									"rotationZ": 17.0,
									"faces": {
										"north": { "texture": "#cap", "uv": [ 0.5, 14.0, 1.0, 14.5 ] },
										"east": { "texture": "#cap", "uv": [ 0.5, 13.5, 3.5, 14.0 ], "enabled": false },
										"south": { "texture": "#cap", "uv": [ 4.0, 0.5, 4.5, 1.0 ] },
										"west": { "texture": "#cap", "uv": [ 12.0, 2.0, 15.0, 2.5 ] },
										"up": { "texture": "#cap", "uv": [ 1.0, 12.5, 1.5, 15.5 ] },
										"down": { "texture": "#pores", "uv": [ 10.5, 3.5, 11.0, 6.5 ] }
									}
								}
							]
						},
						{
							"name": "stem",
							"from": [ 0.0, 0.8, 0.0 ], 
							"to": [ 1.0, 1.8, 1.0 ], 
							"rotationOrigin": [ 0.5, 0.8, 0.5 ],
							"rotationX": -6.0,
							"rotationZ": 4.0,
							"faces": {
								"north": { "texture": "#stipe", "uv": [ 0.0, 0.0, 1.0, 1.0 ] },
								"east": { "texture": "#stipe", "uv": [ 0.0, 0.0, 1.0, 1.0 ] },
								"south": { "texture": "#stipe", "uv": [ 0.0, 0.0, 1.0, 1.0 ] },
								"west": { "texture": "#stipe", "uv": [ 0.0, 0.0, 1.0, 1.0 ] },
								"up": { "texture": "#stipe", "uv": [ 0.0, 0.0, 1.0, 1.0 ], "enabled": false },
								"down": { "texture": "#stipe", "uv": [ 0.0, 0.0, 1.0, 1.0 ], "enabled": false }
							}
						}
					]
				},
				{
					"name": "tiny19",
					"from": [ 1.0, -0.3, 4.5 ], 
					"to": [ 2.0, 1.2, 5.5 ], 
					"rotationOrigin": [ 1.5, -0.3, 4.9999 ],
					"rotationX": 10.0,
					"rotationZ": 6.0,
					"faces": {
						"north": { "texture": "#stipe", "uv": [ 3.0, 13.0, 4.0, 14.5 ] },
						"east": { "texture": "#stipe", "uv": [ 10.0, 5.0, 11.0, 6.5 ] },
						"south": { "texture": "#stipe", "uv": [ 5.0, 1.0, 6.0, 2.5 ] },
						"west": { "texture": "#stipe", "uv": [ 9.0, 9.0, 10.0, 10.5 ] },
						"up": { "texture": "#stipe", "uv": [ 4.0, 5.0, 5.0, 6.0 ], "enabled": false },
						"down": { "texture": "#stipe", "uv": [ 2.0, 14.0, 3.0, 15.0 ] }
					},
					"children": [
						{
							"name": "cap20",
							"from": [ -0.5, 1.3, -0.5 ], 
							"to": [ 1.5, 1.8, 1.5 ], 
							"rotationOrigin": [ 0.5, 1.3, 0.5 ],
							"rotationX": 25.0,
							"rotationZ": -3.0,
							"faces": {
								"north": { "texture": "#cap", "uv": [ 9.0, 14.0, 11.0, 14.5 ] },
								"east": { "texture": "#cap", "uv": [ 3.0, 11.0, 5.0, 11.5 ] },
								"south": { "texture": "#cap", "uv": [ 5.0, 12.0, 7.0, 12.5 ] },
								"west": { "texture": "#cap", "uv": [ 4.0, 10.0, 6.0, 10.5 ] },
								"up": { "texture": "#cap", "uv": [ 8.0, 4.0, 10.0, 6.0 ] },
								"down": { "texture": "#pores", "uv": [ 5.0, 9.0, 7.0, 11.0 ] }
							}
						}
					]
				}
			]
		}
	]}