{
	code: "club",
	damagedby: ["blockbreaking", "attacking"],




attributes: {

			"bloodshed-defense": {
				"blockSoundLight": "game:tool/slash",
				"blockSoundHeavy": "game:effect/anvilmergehit",
				"protectionChanceByType": {
					"*": {
						"passive": 0.2,
						"active": 1
					},
				},
				"damageAbsorptionByType": {
					"*-ruined": 2,
					"*-copper": 3,
					"*-tinbronze": 4,
					"*-bismuthbronze": 4.5,
					"*-blackbronze": 5,
					"*-iron": 5.5,
					"*-meteoriciron": 6,
					"*-steel": 6.5,
					"*-gold": 6.5,
					"*-silver": 6.5
				},
				"vertProtectionRange": 52.5,
				"horizProtectionRange": 52.5
			},
},




	variantgroups: [
		{ code: "type", states: ["flanged" ] },
		{ code: "material", states: ["copper", "tinbronze", "bismuthbronze", "blackbronze", "gold", "silver", "iron", "meteoriciron", "steel"] }
	],
	skipVariants: [
		"club-flanged-scrap",
	],
	allowedVariants: [
		"club-flanged-*"
	],
	shapeByType: {
		"club-flanged-silver": { "base": "vanillaarmory:shapes/item/tool/club/flanged-ornate" },
		"club-flanged-gold": { "base": "vanillaarmory:shapes/item/tool/club/flanged-ornate" },


		"club-flanged-*": { base: "game:item/tool/club/flanged" },
		
	},
	heldTpHitAnimation: "breaktool",

	texturesByType: { 
		"club-flanged-silver": { "blackbronze": { base: "game:block/metal/ingot/steel" }, 
					 "handguard": { base: "game:block/metal/ingot/silver" },
					 "cloth": { base: "game:block/cloth/linen/blue" },
		},
		"club-flanged-gold": { "blackbronze": { base: "game:block/metal/ingot/steel" } },

		"club-flanged-*": { "blackbronze":  { base: "game:block/metal/ingot/{material}" } }
	},

	attackRange: 2,
	attributesByType: {
		"club-flanged-gold": {
			attachableToEntity: {
				categoryCode: "utilities",
				attachedShapeBySlotCode: {
					"frontrightside": { base: "item/wearable/hooved/elk/weaponr-flanged-ornate" },
					"frontleftside": { base: "item/wearable/hooved/elk/weaponl-flanged-ornate" }
				}
			}				
		},
		"club-flanged-silver": {
			attachableToEntity: {
				categoryCode: "utilities",
				attachedShapeBySlotCode: {
					"frontrightside": { base: "item/wearable/hooved/elk/weaponr-flanged-ornate" },
					"frontleftside": { base: "item/wearable/hooved/elk/weaponl-flanged-ornate" }
				}
			}				
		},
		"club-flanged-*": {
			attachableToEntity: {
				categoryCode: "utilities",
				attachedShapeBySlotCode: {
					"frontrightside": { base: "item/wearable/hooved/elk/weaponr-flanged" },
					"frontleftside": { base: "item/wearable/hooved/elk/weaponl-flanged" }
				}
			}				
		}
	},

	attributes: {
		heldItemPitchFollow: 0.9,
		rackable: true,
		toolrackTransformByType: {
			"club-flanged-*": {
				translation: { x: -0.7, y: 0.64, z: 0 },
				rotation: { x: 180, y: 0, z: 0 },
				origin: { x: 0.5, y: 0, z: 0.5 },
				scale: 1.3
			},
			"club-morningstar-*": {
				translation: { x: -0.5, y: 0.6, z: 0 },
				origin: { x: 0.5, y: 0, z: 0.5 },
				scale: 1.3
			},
			"club-spiked-*": {
				translation: { x: -0.53, y: 0.55, z: 0 },
				origin: { x: 0.5, y: 0, z: 0.5 },
				scale: 1.3
			},
			"club-warhammer-*": {
				translation: { x: -0.9, y: 0.57, z: 0 },
				rotation: { x: 10, y: 0, z: 0 },
				origin: { x: 0.5, y: 0, z: 0.5 },
				scale: 1.3
			},
			"*": { 
				translation: { x: -0.23, y: 0.5, z: 0 },
				rotation: { x: 0, y: 0, z: 0 },
				origin: { x: 0.5, y: 0, z: 0.5 },
				scale: 1.3
			}
		},
		groundStorageTransformByType: {
			"club-morningstar-*": {
				translation: { x: 0, y: 0.35, z: -0.17 },
				rotation: { x: 26, y: 88, z: -87 },
				scale: 0.88
			},
			"club-spiked-*": {
				translation: { x: 0, y: 0.59, z: -0.125 },
				rotation: { x: 26, y: 88, z: -90 },
				scale: 0.88
			},
			"club-warhammer-*": {
				translation: { x: 0, y: 0.47, z: -0.125 },
				rotation: { x: 26, y: 82, z: -87 },
				scale: 0.88
			},
			"club-flanged-*": {
				translation: { x: 0, y: 0.4, z: -0.1 },
				rotation: { x: 26, y: 88, z: -87 },
				scale: 0.88
			},
			"*": {
				translation: { x: 0, y: 0.02, z: -0.005 },
				rotation: { x: 26, y: 88, z: -87 },
				scale: 0.88
			}
		}
	},
	behaviors: [{ 
		name: "GroundStorable",
		properties: {
			layout: 'WallHalves',
			wallOffYByType: {
				"club-spiked-*": 2,
				"club-warhammer-*": 2,
				"*": 1
			},
			ctrlKey: true,
			selectionBox: { x1: 0, y1: 0, z1: 0, x2: 1, y2: 0.1, z2: 1 },
			collisionBox: { x1: 0, y1: 0, z1: 0, x2: 0, y2: 0, z2: 0 },
		}
	}, { name: "AnimationAuthoritative" }],
	durabilitybytype: {

		"club-flanged-copper": 400,
		"club-flanged-tinbronze": 720,
		"club-flanged-bismuthbronze": 848,
		"club-flanged-blackbronze": 960,
		"club-flanged-iron": 1360,
		"club-flanged-meteoriciron": 1760,
		"club-flanged-steel": 3392,
		"club-flanged-gold": 3392,
		"club-flanged-silver": 3392,

	},
	attackRangebytype: {	
		"*": 2
	},
	tooltierbytype: {
		"*-copper": 3,
		"*-bismuthbronze": 4,
		"*-tinbronze": 4,
		"*-blackbronze": 4,
		"*-iron": 5,
		"*-meteoriciron": 5,
		"*-steel": 6,
	        "*-gold": 6,
	        "*-silver": 6,
			
	},
	attackpowerbytype: {
		"club-flanged-copper": 4.18,
		"club-flanged-tinbronze": 4.95,
		"club-flanged-bismuthbronze": 4.73,
		"club-flanged-blackbronze": 5.28,
		"club-flanged-iron": 5.5,
		"club-flanged-meteoriciron": 5.83,
		"club-flanged-steel": 5.83,
		"club-flanged-gold": 5.83,
		"club-flanged-silver": 5.83,
	},
	creativeinventory: { 
		"general": ["*"],  "vanillaarmory": ["*"], 
		"items": ["*"], 
		"tools": ["*"],
		"clutterByType": { "*-ruined": ["*"] }
	},
		
	fpHandTransformByType: {
		
		"*": {
				translation: { x: 0.1, y: -0.4, z: 0 },
				rotation: { x: 180, y: 15, z: 93 },
				scale: 2
			},
	},
	guiTransformByType: {
		
		"club-morningstar-*": {
			translation: { x: 0, y: 0, z: 0 },
			rotation: { x: -66, y: -128, z: 164 },
			origin: { x: 1.15, y: -0.19, z: 0.7 },
			scale: 2.39
		},
		"*": {
			translation: { x: 0, y: 0, z: 0 },
			rotation: { x: -66, y: -128, z: 164 },
			origin: { x: 1.16, y: 0.11, z: 0.46 },
			scale: 2.39
		},
		
	},
	groundTransformByType: {
		
		"*": {
			translation: { x: 0, y: 0.36, z: 0 },
			rotation: { x: 0, y: 0, z: 0 },
			origin: { x: 0.5, y: 0.45, z: 0.5 },
			scale: 3.6
		},
		
	},
	tpHandTransformByType: {
		
		"*": {
				translation: { x: -0.8, y: -0.57, z: -0.08 },
				rotation: { x: 90, y: 1, z: 0 },
				scale: 0.85
		},
		
	}
}