{
	code: "buckler",
	class: "ItemShield",
	storageFlags: 257,
	attributes: {
		shield: {
			blockSoundLightByType: {
				"buckler-metal": "game:held/shieldblock-metal-light",
				"*": "game:held/shieldblock-wood-light"

			},
			blockSoundHeavyByType: {
				"buckler-metal": "game:held/shieldblock-metal-heavy",
				"*": "game:held/shieldblock-wood-heavy"

			},
			protectionChance: {

				"passive-projectile": 0.1,
				"active-projectile": 0.5,
				"passive": 0.2,
				"active": 0.9

			},
			projectileDamageAbsorptionByType: {

				"*-crude": 1.5,
				"*-woodmetal": 3,
				"*-woodmetalleather": 3.5,
				"*-metal": 5,

			},
			damageAbsorptionByType: {

				"*-crude": 1.5,
				"*-woodmetal": 2,
				"*-woodmetalleather": 2.25,
				"*-metal": 2.5,

			}
		},
		handbook: {
			groupBy: ["shield-*"]
		},
		rackable: true,
		toolrackTransformByType: {
			
			"buckler-crude": {
				translation: { x: 0.3, y: -0.37, z: 0.3 },
				rotation: { x: 91, y: -6, z: 0 },
				scale: 0.75
			},
			"*": {
				translation: { x: 0.3, y: -0.35, z: -0.3 },
				rotation: { x: 91, y: -6, z: -90 },
				scale: 0.75
			}
		},
		
		groundStorageTransformByType: {
			"buckler-crude": {
				translation: { x: -0.25, y: -0.35, z: 0.15 },
				rotation: { x: 21, y: 168, z: -81 },
				scale: 0.5
			},
			"*": {
				translation: { x: -0.25, y: -0.45, z: 0.2 },
				rotation: { x: 21, y: 179, z: -90 },
				scale: 0.5
			}
		},
		"__comment": "Note: variantgroups inside attributes. Used to generate all variants for the creative inventory dynamically, and for valid recipe checking",
		variantGroups: {
			"metal": ["tinbronze", "bismuthbronze", "blackbronze", "gold", "silver", "iron", "meteoriciron", "steel"],
			"wood": ["aged", "birch", "oak", "maple", "pine", "acacia", "kapok", "baldcypress", "larch", "redwood", "ebony", "walnut", "purpleheart"],
			"color": ["black", "blue", "brown", "gray", "green", "orange", "pink", "purple", "red", "white", "yellow", "redblack"],
			"deco": ["none", "ornate"]
		},
		durabilityGains: {
			"wood": {
				"aged": -200,
				"ebony": 30,
				"purpleheart": 20,
				"oak": 15
			},
			"metal": {
				"bismuthbronze": 20,
				"gold": -50,
				"silver": -40,
				"blackbronze": 30,
				"iron": 60,
				"meteoriciron": 90,
				"steel": 120
			}
		},
		allowedVariants: [
			{ construction: "woodmetal", wood: "*", metal: "*", color: "*", deco: "none" },
			{ construction: "woodmetalleather", wood: "*", metal: "*", color: "*", deco: "none" },
			{ construction: "metal", wood: null, metal: "*", color: "*", deco: "none" },
			
			{ construction: "woodmetal", wood: "*", metal: "*", color: "*", deco: "ornate" },
			{ construction: "woodmetalleather", wood: "*", metal: "*", color: "*", deco: "ornate" },
			{ construction: "metal", wood: null, metal: "*", color: "*", deco: "ornate" },			
		]
	},
	behaviors: [{ 
		name: "GroundStorable",
		properties: {
			layout: 'WallHalves',
			wallOffY: 1,
			ctrlKey: true,
			selectionBox: { x1: 0, y1: 0, z1: 0, x2: 1, y2: 0.1, z2: 1 },
			collisionBox: { x1: 0, y1: 0, z1: 0, x2: 0, y2: 0, z2: 0 },
		}
	}],
	variantgroups: [
		{ code: "construction", states: [ "crude", "woodmetal", "woodmetalleather", "metal", ] }
	],
	creativeinventory: { "general": ["buckler-crude",],"vanillaarmory": ["buckler-crude",], "items": ["buckler-crude",], "tools": ["buckler-crude",] },
	shapeByType: {
		"buckler-crude": { base: "game:item/tool/shield/rough" },
		"*": { base: "vanillaarmory:shapes/item/tool/shield/buckler" }
	},
	durabilitybytype: {
		"buckler-crude": 80,
		"buckler-woodmetal": 300,
		"buckler-woodmetalleather": 350,
		"buckler-metal": 450,
		"buckler-blackguard": 400
	},
	fpHandTransformByType: {
		"buckler-crude": {
			translation: { x: 0, y: 0, z: 0 },
			rotation: { x: 9, y: 154, z: 86 },
			origin: { x: 0.2, y: 0, z: 0.23 },
			scale: 2.69
		},
		"*": {
			translation: { x: 0, y: 0, z: 0 },
			rotation: { x: 10, y: 149, z: 90 },
			origin: { x: 0, y: -0.1, z: 0.3 },
			scale: 2.69
		}
	},
	guiTransformByType: {
		"buckler-crude": {
			translation: { x: 0, y: 0, z: 0 },
			rotation: { x: 34, y: 32, z: -163 },
			origin: { x: 0.28, y: -0.28, z: 0.47 },
			scale: 1.8
		},
		"*": {
			translation: { x: 0, y: 0, z: 0 },
			rotation: { x: 34, y: 32, z: -163 },
			origin: { x: 0.21, y: -0.21, z: 0.49 },
			scale: 1.8
		}
	},
	groundTransform: {
		translation: { x: 0, y: 0.37, z: 0 },
		rotation: { x: -93, y: 0, z: 0 },
		origin: { x: 0.5, y: 0, z: 0.43 },
		scale: 2.5
	},
	tpHandTransformByType: {
		"buckler-crude": {
			translation: { x: -1.46, y: 0.5, z: -1.5 },
			rotation: { x: -8, y: 4, z: 0 },
			origin: { x: 0.5, y: 0, z: 0.5 },
			scale: 0.5
		},
		"*": {
			translation: { x: -1.46, y: 0.5, z: -1.5 },
			rotation: { x: -4, y: 4, z: 0 },
			origin: { x: 0.5, y: 0, z: 0.5 },
			scale: 0.5
		}
	},
	tpOffHandTransformByType: {
		"buckler-crude": {
			translation: { x: -0.73, y: 0.5, z: -0.45 },
			rotation: { x: -4, y: 173, z: 0 },
			origin: { x: 0.5, y: 0, z: 0.5 },
			scale: 0.5
		},
		"*": {
			translation: { x: -0.63, y: 0.5, z: -0.45 },
			rotation: { x: -4, y: 173, z: 0 },
			origin: { x: 0.5, y: 0, z: 0.5 },
			scale: 0.5
		}
	}
}