{
	"code": "forlorn-shield",
	"class": "vanillaarmory.customshield",
lightHsv: [28, 4, 16],
	"storageFlags": 257,
	"durability": 1000,
	"creativeinventory": {
		"general": [ "*" ],
		"vanillaarmory": ["*"],
		"items": ["*"],
		"tools": ["*"]
	},
	"attributes": {
		"handbook": {
			"groupBy": [ "forlorn-shield-*" ]
		},
		groundStorageTransform: {
			translation: { x: 0.2, y: 0.95, z: 0.26 },
			rotation: { x: 16, y: 180, z: 0 }
		},
		"shield": {
			"blockSoundLight": "game:held/shieldblock-metal-light",
			"blockSoundHeavy": "game:held/shieldblock-metal-heavy",
			"protectionChance": {
				"passive-projectile": 0.5,
				"active-projectile": 1,
				"passive": 0.5,
				"active": 0.9
			},
			"projectileDamageAbsorption": 15,
			"damageAbsorption": 6
		},
		"rackable": true,
		"moldrackable": false,

	
		"toolrackTransform": {
			translation: { x: -0.8, y: -0.24, z: -0 },
			rotation: { x: -90, y: 180, z: -90 },
			scale: 1.6
		},

		"scaleX": 0.5,
		"scaleY": 0.5,
		"scaleZ": 0.5,
		"translateX": 0.22,
		"translateY": 0.5,
		"translateZ": 0.15,
		"rotateX": 0,
		"rotateY": 0,
		"rotateZ": 0
	},

	"shape": { "base": "vanillaarmory:item/tool/shield/forlornshield" },

	"behaviors": [
		{
			"name": "GroundStorable",
			"properties": {
				"layout": "WallHalves",
				"wallOffY": 2,
				"ctrlKey": true
			}
		}
	],
	"fpHandTransform": {
		"translation": {
			"x": 0,
			"y": 0,
			"z": 0
		},
		"rotation": {
			"x": 10,
			"y": 149,
			"z": 90
		},
		"origin": {
			"x": 0,
			"y": -0.1,
			"z": 0.3
		},
		"scale": 5.38
	},





  guiTransform: {
    translation: { x: -1, y: -3, z: 0 },
    rotation: { x: 22, y: 10, z: 12 },
    origin: { x: 0.21, y: -0.21, z: 0.49 },
    scale: 0.95
  },






	"groundTransform": {
		"translation": {
			"x": 0,
			"y": 0.37,
			"z": 0
		},
		"rotation": {
			"x": -93,
			"y": 0,
			"z": 0
		},
		"origin": {
			"x": 0.5,
			"y": 0,
			"z": 0.43
		},
		"scale": 5
	},






	"tpHandTransform": {
		translation: { x: -0.5, y: 0.3, z: -0.6 },
		rotation: { x: 176, y: 173, z: 2 },
		origin: { x: 0.5, y: 0, z: 0.5 },
		scale: 1
	},







	"tpOffHandTransform": {
		translation: { x: -0.5, y: 0.3, z: -0.4 },
		rotation: { x: 6, y: 175, z: 90 },
		origin: { x: 0.5, y: 0, z: 0.5 },
		scale: 1
	},


}