{
	"editor": {
		"backDropShape": "entity/cervini/megalocerosgiganteus/adult",
		"collapsedPaths": "Root/ORIGINsaddlebags/StrawBedBody",
		"allAngles": true,
		"entityTextureMode": false
	},
	"textureWidth": 16,
	"textureHeight": 16,
	"textureSizes": {
	},
	"textures": {
		"lid": "game:block/clay/pot-lid",
		"ceramic": "game:block/clay/pot-side",
		"rope": "game:item/resource/rope"
	},
	"elements": [
		{
			"name": "CookingPotBody",
			"stepParentName": "LeftFrontStorage",
			"from": [ 7.5, 2.5, 1.2 ],
			"to": [ 12.5, 6.5, 6.2 ],
			"rotationOrigin": [ 8.0, 2.0, 5.7 ],
			"rotationX": -10.0,
			"rotationY": 9.0,
			"faces": {
				"north": { "texture": "#ceramic", "uv": [ 0.0, 11.0, 5.0, 15.0 ], "windMode": [-1,-1,-1,-1], "windData": [1,1,1,1] },
				"east": { "texture": "#ceramic", "uv": [ 9.5, 11.0, 14.5, 15.0 ] },
				"south": { "texture": "#ceramic", "uv": [ 2.0, 11.0, 7.0, 15.0 ], "windMode": [-1,-1,-1,-1], "windData": [1,1,1,1] },
				"west": { "texture": "#ceramic", "uv": [ 7.0, 11.0, 12.0, 15.0 ] },
				"up": { "texture": "#ceramic", "uv": [ 7.0, 2.5, 12.0, 7.5 ], "rotation": 90 },
				"down": { "texture": "#ceramic", "uv": [ 6.5, 2.5, 11.5, 7.5 ], "rotation": 90, "windMode": [-1,-1,-1,-1], "windData": [1,1,1,1] }
			},
			"children": [
				{
					"name": "floor",
					"from": [ 0.5, -0.5, 0.5 ],
					"to": [ 4.5, 0.0, 4.5 ],
					"rotationOrigin": [ 3.5, -0.5, 3.5 ],
					"faces": {
						"north": { "texture": "#ceramic", "uv": [ 1.0, 15.0, 5.0, 15.5 ] },
						"east": { "texture": "#ceramic", "uv": [ 5.0, 15.0, 9.0, 15.5 ] },
						"south": { "texture": "#ceramic", "uv": [ 8.0, 15.0, 12.0, 15.5 ] },
						"west": { "texture": "#ceramic", "uv": [ 10.0, 15.0, 14.0, 15.5 ] },
						"up": { "texture": "#ceramic", "uv": [ 4.0, 2.0, 8.0, 6.0 ] },
						"down": { "texture": "#ceramic", "uv": [ 9.0, 3.0, 13.0, 7.0 ] }
					}
				},
				{
					"name": "PotNeck",
					"from": [ 0.5, 4.0, 0.5 ],
					"to": [ 4.5, 5.0, 4.5 ],
					"rotationOrigin": [ 0.5, -0.5, 0.5 ],
					"faces": {
						"north": { "texture": "#ceramic", "uv": [ 0.0, 0.0, 4.0, 1.0 ] },
						"east": { "texture": "#ceramic", "uv": [ 5.0, 0.0, 9.0, 1.0 ] },
						"south": { "texture": "#ceramic", "uv": [ 6.0, 0.0, 10.0, 1.0 ] },
						"west": { "texture": "#ceramic", "uv": [ 0.0, 0.0, 4.0, 1.0 ] },
						"up": { "texture": "#ceramic", "uv": [ 3.0, 5.0, 7.0, 9.0 ] },
						"down": { "texture": "#ceramic", "uv": [ 3.0, 3.0, 7.0, 7.0 ] }
					}
				},
				{
					"name": "lid",
					"from": [ 0.5, 5.0, 0.5 ],
					"to": [ 4.5, 5.5, 4.5 ],
					"rotationOrigin": [ 3.0, 5.0, 0.5 ],
					"faces": {
						"north": { "texture": "#lid", "uv": [ 2.0, 2.5, 6.0, 3.0 ] },
						"east": { "texture": "#lid", "uv": [ 1.5, 3.5, 5.5, 4.0 ] },
						"south": { "texture": "#lid", "uv": [ 10.5, 10.5, 14.5, 11.0 ] },
						"west": { "texture": "#lid", "uv": [ 1.0, 13.5, 5.0, 14.0 ] },
						"up": { "texture": "#lid", "uv": [ 3.0, 6.0, 7.0, 10.0 ] }
					}
				},
				{
					"name": "RopeOrigin",
					"from": [ 0.0, 4.0, 2.2 ],
					"to": [ 0.0, 4.0, 2.2 ],
					"rotationOrigin": [ 0.0, 4.0, 2.7 ],
					"rotationX": -15.0,
					"faces": {
					},
					"children": [
						{
							"name": "RopeW",
							"from": [ 0.0, 0.0, 0.0 ],
							"to": [ 0.5, 1.5, 0.5 ],
							"rotationOrigin": [ 0.0, 0.0, 0.0 ],
							"rotationZ": -2.0,
							"faces": {
								"north": { "texture": "#rope", "uv": [ 0.0, 0.0, 0.5, 1.5 ] },
								"east": { "texture": "#rope", "uv": [ 0.0, 0.5, 0.5, 2.0 ] },
								"south": { "texture": "#rope", "uv": [ 0.0, 1.0, 0.5, 2.5 ] },
								"west": { "texture": "#rope", "uv": [ 0.0, 1.5, 0.5, 3.0 ] },
								"up": { "texture": "#rope", "uv": [ 0.0, 0.0, 0.5, 0.5 ] },
								"down": { "texture": "#rope", "uv": [ 0.0, 0.0, 0.5, 0.5 ] }
							},
							"children": [
								{
									"name": "RopeW2",
									"from": [ 0.0, 1.5, 0.0 ],
									"to": [ 0.5, 6.4, 0.5 ],
									"rotationOrigin": [ 0.0, 1.5, 0.0 ],
									"rotationY": -1.0,
									"rotationZ": -29.0,
									"faces": {
										"north": { "texture": "#rope", "uv": [ 0.0, 0.0, 0.5, 4.5 ] },
										"east": { "texture": "#rope", "uv": [ 0.0, 0.5, 0.5, 5.0 ] },
										"south": { "texture": "#rope", "uv": [ 0.0, 1.0, 0.5, 5.5 ] },
										"west": { "texture": "#rope", "uv": [ 0.0, 1.5, 0.5, 6.0 ] },
										"up": { "texture": "#rope", "uv": [ 0.0, 0.0, 0.5, 0.5 ] },
										"down": { "texture": "#rope", "uv": [ 0.0, 0.0, 0.5, 0.5 ] }
									}
								}
							]
						},
						{
							"name": "RopeE",
							"from": [ 4.5, 0.0, 0.0 ],
							"to": [ 5.0, 5.5, 0.5 ],
							"rotationOrigin": [ 5.0, 0.0, 0.0 ],
							"rotationZ": 9.0,
							"faces": {
								"north": { "texture": "#rope", "uv": [ 0.0, 0.0, 0.5, 5.5 ] },
								"east": { "texture": "#rope", "uv": [ 0.0, 0.5, 0.5, 6.0 ] },
								"south": { "texture": "#rope", "uv": [ 0.0, 1.0, 0.5, 6.5 ] },
								"west": { "texture": "#rope", "uv": [ 0.0, 1.5, 0.5, 7.0 ] },
								"up": { "texture": "#rope", "uv": [ 0.0, 0.0, 0.5, 0.5 ] },
								"down": { "texture": "#rope", "uv": [ 0.0, 0.0, 0.5, 0.5 ] }
							},
							"children": [
								{
									"name": "RopeTop",
									"from": [ -1.0, 5.5, 0.0 ],
									"to": [ 0.5, 6.0, 0.5 ],
									"rotationOrigin": [ -1.0, 6.0, 0.0 ],
									"rotationX": -1.0,
									"faces": {
										"north": { "texture": "#rope", "uv": [ 0.0, 0.0, 1.5, 0.5 ] },
										"east": { "texture": "#rope", "uv": [ 0.0, 0.5, 0.5, 1.0 ] },
										"south": { "texture": "#rope", "uv": [ 0.0, 1.0, 1.5, 1.5 ] },
										"west": { "texture": "#rope", "uv": [ 0.0, 1.5, 0.5, 2.0 ] },
										"up": { "texture": "#rope", "uv": [ 0.0, 0.0, 1.5, 0.5 ] },
										"down": { "texture": "#rope", "uv": [ 0.0, 0.0, 1.5, 0.5 ] }
									}
								}
							]
						}
					]
				}
			]
		}
	]}