{"editor": {"collapsedPaths": "Root/slope-1/main/upper,Root/slope-1/main/lower,Root/main/lower/thatch1,Root/slope-1/main,Root/main/lower2,Root/main/middle,Root/main/lower,Root/slope-1/fill,Root/slope-1/main/middle", "allAngles": false, "entityTextureMode": false}, "textureWidth": 16, "textureHeight": 16, "textureSizes": {}, "textures": {"normal-top": "block/hay/normal-top", "normal-side": "block/plant/grassroofing/normal-side", "straw1": "block/plant/grassroofing/straw1"}, "elements": [{"name": "main", "from": [0.0, 0.0, 0.0], "to": [0.0, 0.0, 0.0], "faces": {}, "children": [{"name": "lower", "from": [0.0, 2.0, 0.0], "to": [0.0, 2.0, 0.0], "faces": {}, "children": [{"name": "0", "from": [0.0, 0.0, 0.01], "to": [0.0, 0.0, 0.01], "faces": {}, "children": [{"name": "0", "from": [12.0, 1.5, 0], "to": [18.0, 6.5, 2], "rotationOrigin": [11.5, 1.5, 8.0], "rotationZ": 6.0, "faces": {"north": {"texture": "#normal-side", "uv": [2.0, 0.0, 7.0, 6.0], "rotation": 270}, "east": {"texture": "#normal-top", "uv": [0, 0.0, 2, 5.0]}, "south": {"texture": "#normal-side", "uv": [0.0, 0.0, 5.0, 6.0], "rotation": 90}, "west": {"texture": "#normal-top", "uv": [0, 0.0, 2, 5.0]}, "up": {"texture": "#normal-side", "uv": [0, 0.0, 2, 6.0], "rotation": 90}, "down": {"texture": "#normal-side", "uv": [0, 0.0, 2, 6.0], "rotation": 270}}, "children": [{"name": "left", "from": [2.0, 5.0, 2.0], "to": [8.0, 5.0, 8.0], "rotationOrigin": [8.0, 5.0, 0.0], "rotationX": -45.0, "rotationY": -90.0, "faces": {"up": {"texture": "#straw1", "uv": [0.0, 10.0, 6.0, 16.0], "rotation": 90, "autoUv": false, "windMode": [-1, 7, -1, -1]}}}, {"name": "left1", "from": [2.0, 3.0, 4.0], "to": [10.0, 3.0, 10.0], "rotationOrigin": [10.0, 3.0, 0.0], "rotationX": -45.0, "rotationY": -90.0, "rotationZ": 22.5, "faces": {"up": {"texture": "#straw1", "uv": [0.0, 0.0, 6.0, 8.0], "rotation": 90, "autoUv": false, "windMode": [-1, 7, -1, -1]}}}, {"name": "top4", "from": [-5.0, 5.0, 0.0], "to": [1.0, 5.0, 2], "rotationOrigin": [1.0, 5.0, 8.0], "rotationZ": -22.5, "faces": {"up": {"texture": "#straw1", "uv": [0, 1.5, 2, 7.5], "rotation": 90, "autoUv": false}}}]}, {"name": "1", "from": [12.0, 1.5, 2], "to": [18.0, 6.5, 4], "rotationOrigin": [11.5, 1.5, 8.0], "rotationZ": 6.0, "faces": {"north": {"texture": "#normal-side", "uv": [2.0, 0.0, 7.0, 6.0], "rotation": 270}, "east": {"texture": "#normal-top", "uv": [2, 0.0, 4, 5.0]}, "south": {"texture": "#normal-side", "uv": [0.0, 0.0, 5.0, 6.0], "rotation": 90}, "west": {"texture": "#normal-top", "uv": [2, 0.0, 4, 5.0]}, "up": {"texture": "#normal-side", "uv": [2, 0.0, 4, 6.0], "rotation": 90}, "down": {"texture": "#normal-side", "uv": [2, 0.0, 4, 6.0], "rotation": 270}}, "children": [{"name": "top4", "from": [-5.0, 5.0, 0.0], "to": [1.0, 5.0, 2], "rotationOrigin": [1.0, 5.0, 8.0], "rotationZ": -22.5, "faces": {"up": {"texture": "#straw1", "uv": [2, 1.5, 4, 7.5], "rotation": 90, "autoUv": false}}}]}, {"name": "2", "from": [12.0, 1.5, 4], "to": [18.0, 6.5, 6], "rotationOrigin": [11.5, 1.5, 8.0], "rotationZ": 6.0, "faces": {"north": {"texture": "#normal-side", "uv": [2.0, 0.0, 7.0, 6.0], "rotation": 270}, "east": {"texture": "#normal-top", "uv": [4, 0.0, 6, 5.0]}, "south": {"texture": "#normal-side", "uv": [0.0, 0.0, 5.0, 6.0], "rotation": 90}, "west": {"texture": "#normal-top", "uv": [4, 0.0, 6, 5.0]}, "up": {"texture": "#normal-side", "uv": [4, 0.0, 6, 6.0], "rotation": 90}, "down": {"texture": "#normal-side", "uv": [4, 0.0, 6, 6.0], "rotation": 270}}, "children": [{"name": "top4", "from": [-5.0, 5.0, 0.0], "to": [1.0, 5.0, 2], "rotationOrigin": [1.0, 5.0, 8.0], "rotationZ": -22.5, "faces": {"up": {"texture": "#straw1", "uv": [4, 1.5, 6, 7.5], "rotation": 90, "autoUv": false}}}]}, {"name": "3", "from": [12.0, 1.5, 6], "to": [18.0, 6.5, 8], "rotationOrigin": [11.5, 1.5, 8.0], "rotationZ": 6.0, "faces": {"north": {"texture": "#normal-side", "uv": [2.0, 0.0, 7.0, 6.0], "rotation": 270}, "east": {"texture": "#normal-top", "uv": [6, 0.0, 8, 5.0]}, "south": {"texture": "#normal-side", "uv": [0.0, 0.0, 5.0, 6.0], "rotation": 90}, "west": {"texture": "#normal-top", "uv": [6, 0.0, 8, 5.0]}, "up": {"texture": "#normal-side", "uv": [6, 0.0, 8, 6.0], "rotation": 90}, "down": {"texture": "#normal-side", "uv": [6, 0.0, 8, 6.0], "rotation": 270}}, "children": [{"name": "top4", "from": [-5.0, 5.0, 0.0], "to": [1.0, 5.0, 2], "rotationOrigin": [1.0, 5.0, 8.0], "rotationZ": -22.5, "faces": {"up": {"texture": "#straw1", "uv": [6, 1.5, 8, 7.5], "rotation": 90, "autoUv": false}}}]}, {"name": "4", "from": [12.0, 1.5, 8], "to": [18.0, 6.5, 10], "rotationOrigin": [11.5, 1.5, 8.0], "rotationZ": 6.0, "faces": {"north": {"texture": "#normal-side", "uv": [2.0, 0.0, 7.0, 6.0], "rotation": 270}, "east": {"texture": "#normal-top", "uv": [8, 0.0, 10, 5.0]}, "south": {"texture": "#normal-side", "uv": [0.0, 0.0, 5.0, 6.0], "rotation": 90}, "west": {"texture": "#normal-top", "uv": [8, 0.0, 10, 5.0]}, "up": {"texture": "#normal-side", "uv": [8, 0.0, 10, 6.0], "rotation": 90}, "down": {"texture": "#normal-side", "uv": [8, 0.0, 10, 6.0], "rotation": 270}}, "children": [{"name": "top4", "from": [-5.0, 5.0, 0.0], "to": [1.0, 5.0, 2], "rotationOrigin": [1.0, 5.0, 8.0], "rotationZ": -22.5, "faces": {"up": {"texture": "#straw1", "uv": [8, 1.5, 10, 7.5], "rotation": 90, "autoUv": false}}}]}, {"name": "5", "from": [12.0, 1.5, 10], "to": [18.0, 6.5, 12], "rotationOrigin": [11.5, 1.5, 8.0], "rotationZ": 6.0, "faces": {"north": {"texture": "#normal-side", "uv": [2.0, 0.0, 7.0, 6.0], "rotation": 270}, "east": {"texture": "#normal-top", "uv": [10, 0.0, 12, 5.0]}, "south": {"texture": "#normal-side", "uv": [0.0, 0.0, 5.0, 6.0], "rotation": 90}, "west": {"texture": "#normal-top", "uv": [10, 0.0, 12, 5.0]}, "up": {"texture": "#normal-side", "uv": [10, 0.0, 12, 6.0], "rotation": 90}, "down": {"texture": "#normal-side", "uv": [10, 0.0, 12, 6.0], "rotation": 270}}, "children": [{"name": "top4", "from": [-5.0, 5.0, 0.0], "to": [1.0, 5.0, 2], "rotationOrigin": [1.0, 5.0, 8.0], "rotationZ": -22.5, "faces": {"up": {"texture": "#straw1", "uv": [10, 1.5, 12, 7.5], "rotation": 90, "autoUv": false}}}]}, {"name": "6", "from": [12.0, 1.5, 12], "to": [18.0, 6.5, 14], "rotationOrigin": [11.5, 1.5, 8.0], "rotationZ": 6.0, "faces": {"north": {"texture": "#normal-side", "uv": [2.0, 0.0, 7.0, 6.0], "rotation": 270}, "east": {"texture": "#normal-top", "uv": [12, 0.0, 14, 5.0]}, "south": {"texture": "#normal-side", "uv": [0.0, 0.0, 5.0, 6.0], "rotation": 90}, "west": {"texture": "#normal-top", "uv": [12, 0.0, 14, 5.0]}, "up": {"texture": "#normal-side", "uv": [12, 0.0, 14, 6.0], "rotation": 90}, "down": {"texture": "#normal-side", "uv": [12, 0.0, 14, 6.0], "rotation": 270}}, "children": [{"name": "top4", "from": [-5.0, 5.0, 0.0], "to": [1.0, 5.0, 2], "rotationOrigin": [1.0, 5.0, 8.0], "rotationZ": -22.5, "faces": {"up": {"texture": "#straw1", "uv": [12, 1.5, 14, 7.5], "rotation": 90, "autoUv": false}}}]}, {"name": "7", "from": [12.0, 1.5, 14], "to": [18.0, 6.5, 16], "rotationOrigin": [11.5, 1.5, 8.0], "rotationZ": 6.0, "faces": {"north": {"texture": "#normal-side", "uv": [2.0, 0.0, 7.0, 6.0], "rotation": 270}, "east": {"texture": "#normal-top", "uv": [14, 0.0, 16, 5.0]}, "south": {"texture": "#normal-side", "uv": [0.0, 0.0, 5.0, 6.0], "rotation": 90}, "west": {"texture": "#normal-top", "uv": [14, 0.0, 16, 5.0]}, "up": {"texture": "#normal-side", "uv": [14, 0.0, 16, 6.0], "rotation": 90}, "down": {"texture": "#normal-side", "uv": [14, 0.0, 16, 6.0], "rotation": 270}}, "children": [{"name": "right", "from": [1.0, 3.0, -6.95], "to": [9.0, 3.0, -0.9499999999999993], "rotationOrigin": [9.0, 3.0, 2.0500000000000007], "rotationX": 67.5, "rotationY": 90.0, "faces": {"up": {"texture": "#straw1", "uv": [10.0, 0.0, 16.0, 8.0], "rotation": 90, "autoUv": false, "windMode": [7, -1, -1, -1]}}}, {"name": "right1", "from": [5.0, 5.0, -6.95], "to": [9.0, 5.0, -0.9499999999999993], "rotationOrigin": [9.0, 5.0, 2.0500000000000007], "rotationX": 45.0, "rotationY": 90.0, "faces": {"up": {"texture": "#straw1", "uv": [10.0, 11.5, 16.0, 15.5], "rotation": 90, "autoUv": false, "windMode": [7, -1, -1, -1]}}}, {"name": "top4", "from": [-5.0, 5.0, 0.0], "to": [1.0, 5.0, 2], "rotationOrigin": [1.0, 5.0, 8.0], "rotationZ": -22.5, "faces": {"up": {"texture": "#straw1", "uv": [14, 1.5, 16, 7.5], "rotation": 90, "autoUv": false}}}]}]}, {"name": "1", "from": [0.0, 0.0, 0], "to": [0.0, 0.0, 0], "faces": {}, "children": [{"name": "0", "from": [6.0, 1.5, 0], "to": [12.0, 6.5, 2], "rotationOrigin": [11.5, 1.5, 8.0], "rotationZ": 6.0, "faces": {"north": {"texture": "#normal-side", "uv": [2.0, 0.0, 7.0, 6.0], "rotation": 270}, "east": {"texture": "#normal-top", "uv": [0, 0.0, 2, 5.0]}, "south": {"texture": "#normal-side", "uv": [0.0, 0.0, 5.0, 6.0], "rotation": 90}, "west": {"texture": "#normal-top", "uv": [0, 0.0, 2, 5.0]}, "up": {"texture": "#normal-side", "uv": [0, 0.0, 2, 6.0], "rotation": 90}, "down": {"texture": "#normal-side", "uv": [0, 0.0, 2, 6.0], "rotation": 270}}, "children": [{"name": "left2", "from": [2.0, 5.0, 2.0], "to": [8.0, 5.0, 8.0], "rotationOrigin": [8.0, 5.0, 0.0], "rotationX": -45.0, "rotationY": -90.0, "faces": {"up": {"texture": "#straw1", "uv": [8.0, 9.5, 14.0, 15.5], "rotation": 90, "autoUv": false, "windMode": [-1, 7, -1, -1]}}}, {"name": "left3", "from": [2.0, 3.0, 4.0], "to": [10.0, 3.0, 10.0], "rotationOrigin": [10.0, 3.0, 0.0], "rotationX": -45.0, "rotationY": -90.0, "rotationZ": 22.5, "faces": {"up": {"texture": "#straw1", "uv": [8.0, 0.0, 14.0, 8.0], "rotation": 90, "autoUv": false, "windMode": [-1, 7, -1, -1]}}}, {"name": "top9", "from": [-4.0, 5.0, 0.0], "to": [0.0, 5.0, 2], "rotationOrigin": [0.0, 5.0, 8.0], "rotationZ": 22.5, "faces": {"up": {"texture": "#straw1", "uv": [0, 12.0, 2, 16.0], "rotation": 90, "autoUv": false, "windMode": [7, 7, -1, -1]}}}]}, {"name": "1", "from": [6.0, 1.5, 2], "to": [12.0, 6.5, 4], "rotationOrigin": [11.5, 1.5, 8.0], "rotationZ": 6.0, "faces": {"north": {"texture": "#normal-side", "uv": [2.0, 0.0, 7.0, 6.0], "rotation": 270}, "east": {"texture": "#normal-top", "uv": [2, 0.0, 4, 5.0]}, "south": {"texture": "#normal-side", "uv": [0.0, 0.0, 5.0, 6.0], "rotation": 90}, "west": {"texture": "#normal-top", "uv": [2, 0.0, 4, 5.0]}, "up": {"texture": "#normal-side", "uv": [2, 0.0, 4, 6.0], "rotation": 90}, "down": {"texture": "#normal-side", "uv": [2, 0.0, 4, 6.0], "rotation": 270}}, "children": [{"name": "top9", "from": [-4.0, 5.0, 0.0], "to": [0.0, 5.0, 2], "rotationOrigin": [0.0, 5.0, 8.0], "rotationZ": 22.5, "faces": {"up": {"texture": "#straw1", "uv": [2, 12.0, 4, 16.0], "rotation": 90, "autoUv": false, "windMode": [7, 7, -1, -1]}}}]}, {"name": "2", "from": [6.0, 1.5, 4], "to": [12.0, 6.5, 6], "rotationOrigin": [11.5, 1.5, 8.0], "rotationZ": 6.0, "faces": {"north": {"texture": "#normal-side", "uv": [2.0, 0.0, 7.0, 6.0], "rotation": 270}, "east": {"texture": "#normal-top", "uv": [4, 0.0, 6, 5.0]}, "south": {"texture": "#normal-side", "uv": [0.0, 0.0, 5.0, 6.0], "rotation": 90}, "west": {"texture": "#normal-top", "uv": [4, 0.0, 6, 5.0]}, "up": {"texture": "#normal-side", "uv": [4, 0.0, 6, 6.0], "rotation": 90}, "down": {"texture": "#normal-side", "uv": [4, 0.0, 6, 6.0], "rotation": 270}}, "children": [{"name": "top9", "from": [-4.0, 5.0, 0.0], "to": [0.0, 5.0, 2], "rotationOrigin": [0.0, 5.0, 8.0], "rotationZ": 22.5, "faces": {"up": {"texture": "#straw1", "uv": [4, 12.0, 6, 16.0], "rotation": 90, "autoUv": false, "windMode": [7, 7, -1, -1]}}}]}, {"name": "3", "from": [6.0, 1.5, 6], "to": [12.0, 6.5, 8], "rotationOrigin": [11.5, 1.5, 8.0], "rotationZ": 6.0, "faces": {"north": {"texture": "#normal-side", "uv": [2.0, 0.0, 7.0, 6.0], "rotation": 270}, "east": {"texture": "#normal-top", "uv": [6, 0.0, 8, 5.0]}, "south": {"texture": "#normal-side", "uv": [0.0, 0.0, 5.0, 6.0], "rotation": 90}, "west": {"texture": "#normal-top", "uv": [6, 0.0, 8, 5.0]}, "up": {"texture": "#normal-side", "uv": [6, 0.0, 8, 6.0], "rotation": 90}, "down": {"texture": "#normal-side", "uv": [6, 0.0, 8, 6.0], "rotation": 270}}, "children": [{"name": "top9", "from": [-4.0, 5.0, 0.0], "to": [0.0, 5.0, 2], "rotationOrigin": [0.0, 5.0, 8.0], "rotationZ": 22.5, "faces": {"up": {"texture": "#straw1", "uv": [6, 12.0, 8, 16.0], "rotation": 90, "autoUv": false, "windMode": [7, 7, -1, -1]}}}]}, {"name": "4", "from": [6.0, 1.5, 8], "to": [12.0, 6.5, 10], "rotationOrigin": [11.5, 1.5, 8.0], "rotationZ": 6.0, "faces": {"north": {"texture": "#normal-side", "uv": [2.0, 0.0, 7.0, 6.0], "rotation": 270}, "east": {"texture": "#normal-top", "uv": [8, 0.0, 10, 5.0]}, "south": {"texture": "#normal-side", "uv": [0.0, 0.0, 5.0, 6.0], "rotation": 90}, "west": {"texture": "#normal-top", "uv": [8, 0.0, 10, 5.0]}, "up": {"texture": "#normal-side", "uv": [8, 0.0, 10, 6.0], "rotation": 90}, "down": {"texture": "#normal-side", "uv": [8, 0.0, 10, 6.0], "rotation": 270}}, "children": [{"name": "top9", "from": [-4.0, 5.0, 0.0], "to": [0.0, 5.0, 2], "rotationOrigin": [0.0, 5.0, 8.0], "rotationZ": 22.5, "faces": {"up": {"texture": "#straw1", "uv": [8, 12.0, 10, 16.0], "rotation": 90, "autoUv": false, "windMode": [7, 7, -1, -1]}}}]}, {"name": "5", "from": [6.0, 1.5, 10], "to": [12.0, 6.5, 12], "rotationOrigin": [11.5, 1.5, 8.0], "rotationZ": 6.0, "faces": {"north": {"texture": "#normal-side", "uv": [2.0, 0.0, 7.0, 6.0], "rotation": 270}, "east": {"texture": "#normal-top", "uv": [10, 0.0, 12, 5.0]}, "south": {"texture": "#normal-side", "uv": [0.0, 0.0, 5.0, 6.0], "rotation": 90}, "west": {"texture": "#normal-top", "uv": [10, 0.0, 12, 5.0]}, "up": {"texture": "#normal-side", "uv": [10, 0.0, 12, 6.0], "rotation": 90}, "down": {"texture": "#normal-side", "uv": [10, 0.0, 12, 6.0], "rotation": 270}}, "children": [{"name": "top9", "from": [-4.0, 5.0, 0.0], "to": [0.0, 5.0, 2], "rotationOrigin": [0.0, 5.0, 8.0], "rotationZ": 22.5, "faces": {"up": {"texture": "#straw1", "uv": [10, 12.0, 12, 16.0], "rotation": 90, "autoUv": false, "windMode": [7, 7, -1, -1]}}}]}, {"name": "6", "from": [6.0, 1.5, 12], "to": [12.0, 6.5, 14], "rotationOrigin": [11.5, 1.5, 8.0], "rotationZ": 6.0, "faces": {"north": {"texture": "#normal-side", "uv": [2.0, 0.0, 7.0, 6.0], "rotation": 270}, "east": {"texture": "#normal-top", "uv": [12, 0.0, 14, 5.0]}, "south": {"texture": "#normal-side", "uv": [0.0, 0.0, 5.0, 6.0], "rotation": 90}, "west": {"texture": "#normal-top", "uv": [12, 0.0, 14, 5.0]}, "up": {"texture": "#normal-side", "uv": [12, 0.0, 14, 6.0], "rotation": 90}, "down": {"texture": "#normal-side", "uv": [12, 0.0, 14, 6.0], "rotation": 270}}, "children": [{"name": "top9", "from": [-4.0, 5.0, 0.0], "to": [0.0, 5.0, 2], "rotationOrigin": [0.0, 5.0, 8.0], "rotationZ": 22.5, "faces": {"up": {"texture": "#straw1", "uv": [12, 12.0, 14, 16.0], "rotation": 90, "autoUv": false, "windMode": [7, 7, -1, -1]}}}]}, {"name": "7", "from": [6.0, 1.5, 14], "to": [12.0, 6.5, 16], "rotationOrigin": [11.5, 1.5, 8.0], "rotationZ": 6.0, "faces": {"north": {"texture": "#normal-side", "uv": [2.0, 0.0, 7.0, 6.0], "rotation": 270}, "east": {"texture": "#normal-top", "uv": [14, 0.0, 16, 5.0]}, "south": {"texture": "#normal-side", "uv": [0.0, 0.0, 5.0, 6.0], "rotation": 90}, "west": {"texture": "#normal-top", "uv": [14, 0.0, 16, 5.0]}, "up": {"texture": "#normal-side", "uv": [14, 0.0, 16, 6.0], "rotation": 90}, "down": {"texture": "#normal-side", "uv": [14, 0.0, 16, 6.0], "rotation": 270}}, "children": [{"name": "right2", "from": [1.0, 3.0, -6.95], "to": [9.0, 3.0, -0.9499999999999993], "rotationOrigin": [9.0, 3.0, 2.0500000000000007], "rotationX": 67.5, "rotationY": 90.0, "faces": {"up": {"texture": "#straw1", "uv": [2.0, 0.0, 8.0, 8.0], "rotation": 90, "autoUv": false, "windMode": [7, -1, -1, -1]}}}, {"name": "right3", "from": [5.0, 5.0, -6.95], "to": [9.0, 5.0, -0.9499999999999993], "rotationOrigin": [9.0, 5.0, 2.0500000000000007], "rotationX": 45.0, "rotationY": 90.0, "faces": {"up": {"texture": "#straw1", "uv": [2.0, 11.5, 8.0, 15.5], "rotation": 90, "autoUv": false, "windMode": [7, -1, -1, -1]}}}, {"name": "top9", "from": [-4.0, 5.0, 0.0], "to": [0.0, 5.0, 2], "rotationOrigin": [0.0, 5.0, 8.0], "rotationZ": 22.5, "faces": {"up": {"texture": "#straw1", "uv": [14, 12.0, 16, 16.0], "rotation": 90, "autoUv": false, "windMode": [7, 7, -1, -1]}}}]}]}, {"name": "2", "from": [0.0, 0.0, 0.01], "to": [0.0, 0.0, 0.01], "faces": {}, "children": [{"name": "0", "from": [2.0, -1.0, 0], "to": [8.0, 4.0, 2], "rotationOrigin": [6.0, -1.0, 8.0], "rotationZ": 6.0, "faces": {"north": {"texture": "#normal-side", "uv": [2.0, 0.0, 7.0, 6.0], "rotation": 270}, "east": {"texture": "#normal-top", "uv": [0, 6.0, 2, 11.0]}, "south": {"texture": "#normal-side", "uv": [0.0, 0.0, 5.0, 6.0], "rotation": 90}, "west": {"texture": "#normal-top", "uv": [0, 0.0, 2, 5.0]}, "up": {"texture": "#normal-side", "uv": [0, 0.0, 2, 6.0], "rotation": 90}, "down": {"texture": "#normal-side", "uv": [0, 0.0, 2, 6.0], "rotation": 270}}, "children": [{"name": "left4", "from": [10.0, 5.0, 10.0], "to": [16.0, 5.0, 16.0], "rotationOrigin": [16.0, 5.0, 0.0], "rotationX": -90.0, "rotationY": -90.0, "rotationZ": -22.5, "faces": {"up": {"texture": "#straw1", "uv": [0.0, 0.5, 6.0, 6.5], "rotation": 90, "autoUv": false, "windMode": [-1, 7, -1, -1]}}}]}, {"name": "1", "from": [2.0, -1.0, 2], "to": [8.0, 4.0, 4], "rotationOrigin": [6.0, -1.0, 8.0], "rotationZ": 6.0, "faces": {"north": {"texture": "#normal-side", "uv": [2.0, 0.0, 7.0, 6.0], "rotation": 270}, "east": {"texture": "#normal-top", "uv": [2, 6.0, 4, 11.0]}, "south": {"texture": "#normal-side", "uv": [0.0, 0.0, 5.0, 6.0], "rotation": 90}, "west": {"texture": "#normal-top", "uv": [2, 0.0, 4, 5.0]}, "up": {"texture": "#normal-side", "uv": [2, 0.0, 4, 6.0], "rotation": 90}, "down": {"texture": "#normal-side", "uv": [2, 0.0, 4, 6.0], "rotation": 270}}, "children": []}, {"name": "2", "from": [2.0, -1.0, 4], "to": [8.0, 4.0, 6], "rotationOrigin": [6.0, -1.0, 8.0], "rotationZ": 6.0, "faces": {"north": {"texture": "#normal-side", "uv": [2.0, 0.0, 7.0, 6.0], "rotation": 270}, "east": {"texture": "#normal-top", "uv": [4, 6.0, 6, 11.0]}, "south": {"texture": "#normal-side", "uv": [0.0, 0.0, 5.0, 6.0], "rotation": 90}, "west": {"texture": "#normal-top", "uv": [4, 0.0, 6, 5.0]}, "up": {"texture": "#normal-side", "uv": [4, 0.0, 6, 6.0], "rotation": 90}, "down": {"texture": "#normal-side", "uv": [4, 0.0, 6, 6.0], "rotation": 270}}, "children": []}, {"name": "3", "from": [2.0, -1.0, 6], "to": [8.0, 4.0, 8], "rotationOrigin": [6.0, -1.0, 8.0], "rotationZ": 6.0, "faces": {"north": {"texture": "#normal-side", "uv": [2.0, 0.0, 7.0, 6.0], "rotation": 270}, "east": {"texture": "#normal-top", "uv": [6, 6.0, 8, 11.0]}, "south": {"texture": "#normal-side", "uv": [0.0, 0.0, 5.0, 6.0], "rotation": 90}, "west": {"texture": "#normal-top", "uv": [6, 0.0, 8, 5.0]}, "up": {"texture": "#normal-side", "uv": [6, 0.0, 8, 6.0], "rotation": 90}, "down": {"texture": "#normal-side", "uv": [6, 0.0, 8, 6.0], "rotation": 270}}, "children": []}, {"name": "4", "from": [2.0, -1.0, 8], "to": [8.0, 4.0, 10], "rotationOrigin": [6.0, -1.0, 8.0], "rotationZ": 6.0, "faces": {"north": {"texture": "#normal-side", "uv": [2.0, 0.0, 7.0, 6.0], "rotation": 270}, "east": {"texture": "#normal-top", "uv": [8, 6.0, 10, 11.0]}, "south": {"texture": "#normal-side", "uv": [0.0, 0.0, 5.0, 6.0], "rotation": 90}, "west": {"texture": "#normal-top", "uv": [8, 0.0, 10, 5.0]}, "up": {"texture": "#normal-side", "uv": [8, 0.0, 10, 6.0], "rotation": 90}, "down": {"texture": "#normal-side", "uv": [8, 0.0, 10, 6.0], "rotation": 270}}, "children": []}, {"name": "5", "from": [2.0, -1.0, 10], "to": [8.0, 4.0, 12], "rotationOrigin": [6.0, -1.0, 8.0], "rotationZ": 6.0, "faces": {"north": {"texture": "#normal-side", "uv": [2.0, 0.0, 7.0, 6.0], "rotation": 270}, "east": {"texture": "#normal-top", "uv": [10, 6.0, 12, 11.0]}, "south": {"texture": "#normal-side", "uv": [0.0, 0.0, 5.0, 6.0], "rotation": 90}, "west": {"texture": "#normal-top", "uv": [10, 0.0, 12, 5.0]}, "up": {"texture": "#normal-side", "uv": [10, 0.0, 12, 6.0], "rotation": 90}, "down": {"texture": "#normal-side", "uv": [10, 0.0, 12, 6.0], "rotation": 270}}, "children": []}, {"name": "6", "from": [2.0, -1.0, 12], "to": [8.0, 4.0, 14], "rotationOrigin": [6.0, -1.0, 8.0], "rotationZ": 6.0, "faces": {"north": {"texture": "#normal-side", "uv": [2.0, 0.0, 7.0, 6.0], "rotation": 270}, "east": {"texture": "#normal-top", "uv": [12, 6.0, 14, 11.0]}, "south": {"texture": "#normal-side", "uv": [0.0, 0.0, 5.0, 6.0], "rotation": 90}, "west": {"texture": "#normal-top", "uv": [12, 0.0, 14, 5.0]}, "up": {"texture": "#normal-side", "uv": [12, 0.0, 14, 6.0], "rotation": 90}, "down": {"texture": "#normal-side", "uv": [12, 0.0, 14, 6.0], "rotation": 270}}, "children": []}, {"name": "7", "from": [2.0, -1.0, 14], "to": [8.0, 4.0, 16], "rotationOrigin": [6.0, -1.0, 8.0], "rotationZ": 6.0, "faces": {"north": {"texture": "#normal-side", "uv": [2.0, 0.0, 7.0, 6.0], "rotation": 270}, "east": {"texture": "#normal-top", "uv": [14, 6.0, 16, 11.0]}, "south": {"texture": "#normal-side", "uv": [0.0, 0.0, 5.0, 6.0], "rotation": 90}, "west": {"texture": "#normal-top", "uv": [14, 0.0, 16, 5.0]}, "up": {"texture": "#normal-side", "uv": [14, 0.0, 16, 6.0], "rotation": 90}, "down": {"texture": "#normal-side", "uv": [14, 0.0, 16, 6.0], "rotation": 270}}, "children": [{"name": "right4", "from": [-6.0, 5.0, 2.0], "to": [0.0, 5.0, 8.0], "rotationOrigin": [0.0, 5.0, 2.0], "rotationX": 67.5, "rotationY": 90.0, "faces": {"up": {"texture": "#straw1", "uv": [10.0, 0.5, 16.0, 6.5], "rotation": 90, "autoUv": false, "windMode": [7, -1, -1, -1]}}}]}]}, {"name": "3", "from": [0.0, 0.0, 0], "to": [0.0, 0.0, 0], "faces": {}, "children": [{"name": "0", "from": [-4.0, -1.0, 0], "to": [2.0, 4.0, 2], "rotationOrigin": [6.0, -1.0, 8.0], "rotationZ": 6.0, "faces": {"north": {"texture": "#normal-side", "uv": [2.0, 0.0, 7.0, 6.0], "rotation": 270}, "east": {"texture": "#normal-top", "uv": [0, 6.0, 2, 11.0]}, "south": {"texture": "#normal-side", "uv": [0.0, 0.0, 5.0, 6.0], "rotation": 90}, "west": {"texture": "#normal-top", "uv": [0, 0.0, 2, 5.0]}, "up": {"texture": "#normal-side", "uv": [0, 0.0, 2, 6.0], "rotation": 90}, "down": {"texture": "#normal-side", "uv": [0, 0.0, 2, 6.0], "rotation": 270}}, "children": [{"name": "left5", "from": [10.0, 5.0, 10.0], "to": [16.0, 5.0, 16.0], "rotationOrigin": [16.0, 5.0, 0.0], "rotationX": -90.0, "rotationY": -90.0, "rotationZ": -22.5, "faces": {"up": {"texture": "#straw1", "uv": [10.0, 0.5, 16.0, 6.5], "rotation": 90, "autoUv": false, "windMode": [-1, 7, -1, -1]}}}, {"name": "top2", "from": [-4.0, 0.0, 0.0], "to": [2.0, 0.0, 2], "rotationOrigin": [-5.0, 0.0, 8.0], "rotationZ": 45.0, "faces": {"up": {"texture": "#straw1", "uv": [0, 10.0, 2, 16.0], "rotation": 90, "autoUv": false, "windMode": [7, 7, -1, -1]}}}]}, {"name": "1", "from": [-4.0, -1.0, 2], "to": [2.0, 4.0, 4], "rotationOrigin": [6.0, -1.0, 8.0], "rotationZ": 6.0, "faces": {"north": {"texture": "#normal-side", "uv": [2.0, 0.0, 7.0, 6.0], "rotation": 270}, "east": {"texture": "#normal-top", "uv": [2, 6.0, 4, 11.0]}, "south": {"texture": "#normal-side", "uv": [0.0, 0.0, 5.0, 6.0], "rotation": 90}, "west": {"texture": "#normal-top", "uv": [2, 0.0, 4, 5.0]}, "up": {"texture": "#normal-side", "uv": [2, 0.0, 4, 6.0], "rotation": 90}, "down": {"texture": "#normal-side", "uv": [2, 0.0, 4, 6.0], "rotation": 270}}, "children": [{"name": "top2", "from": [-4.0, 0.0, 0.0], "to": [2.0, 0.0, 2], "rotationOrigin": [-5.0, 0.0, 8.0], "rotationZ": 45.0, "faces": {"up": {"texture": "#straw1", "uv": [2, 10.0, 4, 16.0], "rotation": 90, "autoUv": false, "windMode": [7, 7, -1, -1]}}}]}, {"name": "2", "from": [-4.0, -1.0, 4], "to": [2.0, 4.0, 6], "rotationOrigin": [6.0, -1.0, 8.0], "rotationZ": 6.0, "faces": {"north": {"texture": "#normal-side", "uv": [2.0, 0.0, 7.0, 6.0], "rotation": 270}, "east": {"texture": "#normal-top", "uv": [4, 6.0, 6, 11.0]}, "south": {"texture": "#normal-side", "uv": [0.0, 0.0, 5.0, 6.0], "rotation": 90}, "west": {"texture": "#normal-top", "uv": [4, 0.0, 6, 5.0]}, "up": {"texture": "#normal-side", "uv": [4, 0.0, 6, 6.0], "rotation": 90}, "down": {"texture": "#normal-side", "uv": [4, 0.0, 6, 6.0], "rotation": 270}}, "children": [{"name": "top2", "from": [-4.0, 0.0, 0.0], "to": [2.0, 0.0, 2], "rotationOrigin": [-5.0, 0.0, 8.0], "rotationZ": 45.0, "faces": {"up": {"texture": "#straw1", "uv": [4, 10.0, 6, 16.0], "rotation": 90, "autoUv": false, "windMode": [7, 7, -1, -1]}}}]}, {"name": "3", "from": [-4.0, -1.0, 6], "to": [2.0, 4.0, 8], "rotationOrigin": [6.0, -1.0, 8.0], "rotationZ": 6.0, "faces": {"north": {"texture": "#normal-side", "uv": [2.0, 0.0, 7.0, 6.0], "rotation": 270}, "east": {"texture": "#normal-top", "uv": [6, 6.0, 8, 11.0]}, "south": {"texture": "#normal-side", "uv": [0.0, 0.0, 5.0, 6.0], "rotation": 90}, "west": {"texture": "#normal-top", "uv": [6, 0.0, 8, 5.0]}, "up": {"texture": "#normal-side", "uv": [6, 0.0, 8, 6.0], "rotation": 90}, "down": {"texture": "#normal-side", "uv": [6, 0.0, 8, 6.0], "rotation": 270}}, "children": [{"name": "top2", "from": [-4.0, 0.0, 0.0], "to": [2.0, 0.0, 2], "rotationOrigin": [-5.0, 0.0, 8.0], "rotationZ": 45.0, "faces": {"up": {"texture": "#straw1", "uv": [6, 10.0, 8, 16.0], "rotation": 90, "autoUv": false, "windMode": [7, 7, -1, -1]}}}]}, {"name": "4", "from": [-4.0, -1.0, 8], "to": [2.0, 4.0, 10], "rotationOrigin": [6.0, -1.0, 8.0], "rotationZ": 6.0, "faces": {"north": {"texture": "#normal-side", "uv": [2.0, 0.0, 7.0, 6.0], "rotation": 270}, "east": {"texture": "#normal-top", "uv": [8, 6.0, 10, 11.0]}, "south": {"texture": "#normal-side", "uv": [0.0, 0.0, 5.0, 6.0], "rotation": 90}, "west": {"texture": "#normal-top", "uv": [8, 0.0, 10, 5.0]}, "up": {"texture": "#normal-side", "uv": [8, 0.0, 10, 6.0], "rotation": 90}, "down": {"texture": "#normal-side", "uv": [8, 0.0, 10, 6.0], "rotation": 270}}, "children": [{"name": "top2", "from": [-4.0, 0.0, 0.0], "to": [2.0, 0.0, 2], "rotationOrigin": [-5.0, 0.0, 8.0], "rotationZ": 45.0, "faces": {"up": {"texture": "#straw1", "uv": [8, 10.0, 10, 16.0], "rotation": 90, "autoUv": false, "windMode": [7, 7, -1, -1]}}}]}, {"name": "5", "from": [-4.0, -1.0, 10], "to": [2.0, 4.0, 12], "rotationOrigin": [6.0, -1.0, 8.0], "rotationZ": 6.0, "faces": {"north": {"texture": "#normal-side", "uv": [2.0, 0.0, 7.0, 6.0], "rotation": 270}, "east": {"texture": "#normal-top", "uv": [10, 6.0, 12, 11.0]}, "south": {"texture": "#normal-side", "uv": [0.0, 0.0, 5.0, 6.0], "rotation": 90}, "west": {"texture": "#normal-top", "uv": [10, 0.0, 12, 5.0]}, "up": {"texture": "#normal-side", "uv": [10, 0.0, 12, 6.0], "rotation": 90}, "down": {"texture": "#normal-side", "uv": [10, 0.0, 12, 6.0], "rotation": 270}}, "children": [{"name": "top2", "from": [-4.0, 0.0, 0.0], "to": [2.0, 0.0, 2], "rotationOrigin": [-5.0, 0.0, 8.0], "rotationZ": 45.0, "faces": {"up": {"texture": "#straw1", "uv": [10, 10.0, 12, 16.0], "rotation": 90, "autoUv": false, "windMode": [7, 7, -1, -1]}}}]}, {"name": "6", "from": [-4.0, -1.0, 12], "to": [2.0, 4.0, 14], "rotationOrigin": [6.0, -1.0, 8.0], "rotationZ": 6.0, "faces": {"north": {"texture": "#normal-side", "uv": [2.0, 0.0, 7.0, 6.0], "rotation": 270}, "east": {"texture": "#normal-top", "uv": [12, 6.0, 14, 11.0]}, "south": {"texture": "#normal-side", "uv": [0.0, 0.0, 5.0, 6.0], "rotation": 90}, "west": {"texture": "#normal-top", "uv": [12, 0.0, 14, 5.0]}, "up": {"texture": "#normal-side", "uv": [12, 0.0, 14, 6.0], "rotation": 90}, "down": {"texture": "#normal-side", "uv": [12, 0.0, 14, 6.0], "rotation": 270}}, "children": [{"name": "top2", "from": [-4.0, 0.0, 0.0], "to": [2.0, 0.0, 2], "rotationOrigin": [-5.0, 0.0, 8.0], "rotationZ": 45.0, "faces": {"up": {"texture": "#straw1", "uv": [12, 10.0, 14, 16.0], "rotation": 90, "autoUv": false, "windMode": [7, 7, -1, -1]}}}]}, {"name": "7", "from": [-4.0, -1.0, 14], "to": [2.0, 4.0, 16], "rotationOrigin": [6.0, -1.0, 8.0], "rotationZ": 6.0, "faces": {"north": {"texture": "#normal-side", "uv": [2.0, 0.0, 7.0, 6.0], "rotation": 270}, "east": {"texture": "#normal-top", "uv": [14, 6.0, 16, 11.0]}, "south": {"texture": "#normal-side", "uv": [0.0, 0.0, 5.0, 6.0], "rotation": 90}, "west": {"texture": "#normal-top", "uv": [14, 0.0, 16, 5.0]}, "up": {"texture": "#normal-side", "uv": [14, 0.0, 16, 6.0], "rotation": 90}, "down": {"texture": "#normal-side", "uv": [14, 0.0, 16, 6.0], "rotation": 270}}, "children": [{"name": "right5", "from": [-6.0, 5.0, 2.0], "to": [0.0, 5.0, 8.0], "rotationOrigin": [0.0, 5.0, 2.0], "rotationX": 67.5, "rotationY": 90.0, "faces": {"up": {"texture": "#straw1", "uv": [0.0, 0.5, 6.0, 6.5], "rotation": 90, "autoUv": false, "windMode": [7, -1, -1, -1]}}}, {"name": "top2", "from": [-4.0, 0.0, 0.0], "to": [2.0, 0.0, 2], "rotationOrigin": [-5.0, 0.0, 8.0], "rotationZ": 45.0, "faces": {"up": {"texture": "#straw1", "uv": [14, 10.0, 16, 16.0], "rotation": 90, "autoUv": false, "windMode": [7, 7, -1, -1]}}}]}]}]}, {"name": "middle", "from": [0.0, 7.33, 0.0], "to": [0.0, 7.33, 0.0], "faces": {}, "children": [{"name": "0", "from": [0.0, 0.0, 0.01], "to": [0.0, 0.0, 0.01], "faces": {}, "children": [{"name": "0", "from": [12.0, 1.5, 0], "to": [18.0, 6.5, 2], "rotationOrigin": [11.5, 1.5, 8.0], "rotationZ": 6.0, "faces": {"north": {"texture": "#normal-side", "uv": [2.0, 0.0, 7.0, 6.0], "rotation": 270}, "east": {"texture": "#normal-top", "uv": [0, 0.0, 2, 5.0]}, "south": {"texture": "#normal-side", "uv": [0.0, 0.0, 5.0, 6.0], "rotation": 90}, "west": {"texture": "#normal-top", "uv": [0, 0.0, 2, 5.0]}, "up": {"texture": "#normal-side", "uv": [0, 0.0, 2, 6.0], "rotation": 90}, "down": {"texture": "#normal-side", "uv": [0, 0.0, 2, 6.0], "rotation": 270}}, "children": [{"name": "left", "from": [2.0, 5.0, 2.0], "to": [8.0, 5.0, 8.0], "rotationOrigin": [8.0, 5.0, 0.0], "rotationX": -45.0, "rotationY": -90.0, "faces": {"up": {"texture": "#straw1", "uv": [0.0, 10.0, 6.0, 16.0], "rotation": 90, "autoUv": false, "windMode": [-1, 7, -1, -1]}}}, {"name": "left1", "from": [2.0, 3.0, 4.0], "to": [10.0, 3.0, 10.0], "rotationOrigin": [10.0, 3.0, 0.0], "rotationX": -45.0, "rotationY": -90.0, "rotationZ": 22.5, "faces": {"up": {"texture": "#straw1", "uv": [0.0, 0.0, 6.0, 8.0], "rotation": 90, "autoUv": false, "windMode": [-1, 7, -1, -1]}}}, {"name": "top4", "from": [-5.0, 5.0, 0.0], "to": [1.0, 5.0, 2], "rotationOrigin": [1.0, 5.0, 8.0], "rotationZ": -22.5, "faces": {"up": {"texture": "#straw1", "uv": [0, 1.5, 2, 7.5], "rotation": 90, "autoUv": false}}}]}, {"name": "1", "from": [12.0, 1.5, 2], "to": [18.0, 6.5, 4], "rotationOrigin": [11.5, 1.5, 8.0], "rotationZ": 6.0, "faces": {"north": {"texture": "#normal-side", "uv": [2.0, 0.0, 7.0, 6.0], "rotation": 270}, "east": {"texture": "#normal-top", "uv": [2, 0.0, 4, 5.0]}, "south": {"texture": "#normal-side", "uv": [0.0, 0.0, 5.0, 6.0], "rotation": 90}, "west": {"texture": "#normal-top", "uv": [2, 0.0, 4, 5.0]}, "up": {"texture": "#normal-side", "uv": [2, 0.0, 4, 6.0], "rotation": 90}, "down": {"texture": "#normal-side", "uv": [2, 0.0, 4, 6.0], "rotation": 270}}, "children": [{"name": "top4", "from": [-5.0, 5.0, 0.0], "to": [1.0, 5.0, 2], "rotationOrigin": [1.0, 5.0, 8.0], "rotationZ": -22.5, "faces": {"up": {"texture": "#straw1", "uv": [2, 1.5, 4, 7.5], "rotation": 90, "autoUv": false}}}]}, {"name": "2", "from": [12.0, 1.5, 4], "to": [18.0, 6.5, 6], "rotationOrigin": [11.5, 1.5, 8.0], "rotationZ": 6.0, "faces": {"north": {"texture": "#normal-side", "uv": [2.0, 0.0, 7.0, 6.0], "rotation": 270}, "east": {"texture": "#normal-top", "uv": [4, 0.0, 6, 5.0]}, "south": {"texture": "#normal-side", "uv": [0.0, 0.0, 5.0, 6.0], "rotation": 90}, "west": {"texture": "#normal-top", "uv": [4, 0.0, 6, 5.0]}, "up": {"texture": "#normal-side", "uv": [4, 0.0, 6, 6.0], "rotation": 90}, "down": {"texture": "#normal-side", "uv": [4, 0.0, 6, 6.0], "rotation": 270}}, "children": [{"name": "top4", "from": [-5.0, 5.0, 0.0], "to": [1.0, 5.0, 2], "rotationOrigin": [1.0, 5.0, 8.0], "rotationZ": -22.5, "faces": {"up": {"texture": "#straw1", "uv": [4, 1.5, 6, 7.5], "rotation": 90, "autoUv": false}}}]}, {"name": "3", "from": [12.0, 1.5, 6], "to": [18.0, 6.5, 8], "rotationOrigin": [11.5, 1.5, 8.0], "rotationZ": 6.0, "faces": {"north": {"texture": "#normal-side", "uv": [2.0, 0.0, 7.0, 6.0], "rotation": 270}, "east": {"texture": "#normal-top", "uv": [6, 0.0, 8, 5.0]}, "south": {"texture": "#normal-side", "uv": [0.0, 0.0, 5.0, 6.0], "rotation": 90}, "west": {"texture": "#normal-top", "uv": [6, 0.0, 8, 5.0]}, "up": {"texture": "#normal-side", "uv": [6, 0.0, 8, 6.0], "rotation": 90}, "down": {"texture": "#normal-side", "uv": [6, 0.0, 8, 6.0], "rotation": 270}}, "children": [{"name": "top4", "from": [-5.0, 5.0, 0.0], "to": [1.0, 5.0, 2], "rotationOrigin": [1.0, 5.0, 8.0], "rotationZ": -22.5, "faces": {"up": {"texture": "#straw1", "uv": [6, 1.5, 8, 7.5], "rotation": 90, "autoUv": false}}}]}, {"name": "4", "from": [12.0, 1.5, 8], "to": [18.0, 6.5, 10], "rotationOrigin": [11.5, 1.5, 8.0], "rotationZ": 6.0, "faces": {"north": {"texture": "#normal-side", "uv": [2.0, 0.0, 7.0, 6.0], "rotation": 270}, "east": {"texture": "#normal-top", "uv": [8, 0.0, 10, 5.0]}, "south": {"texture": "#normal-side", "uv": [0.0, 0.0, 5.0, 6.0], "rotation": 90}, "west": {"texture": "#normal-top", "uv": [8, 0.0, 10, 5.0]}, "up": {"texture": "#normal-side", "uv": [8, 0.0, 10, 6.0], "rotation": 90}, "down": {"texture": "#normal-side", "uv": [8, 0.0, 10, 6.0], "rotation": 270}}, "children": [{"name": "top4", "from": [-5.0, 5.0, 0.0], "to": [1.0, 5.0, 2], "rotationOrigin": [1.0, 5.0, 8.0], "rotationZ": -22.5, "faces": {"up": {"texture": "#straw1", "uv": [8, 1.5, 10, 7.5], "rotation": 90, "autoUv": false}}}]}, {"name": "5", "from": [12.0, 1.5, 10], "to": [18.0, 6.5, 12], "rotationOrigin": [11.5, 1.5, 8.0], "rotationZ": 6.0, "faces": {"north": {"texture": "#normal-side", "uv": [2.0, 0.0, 7.0, 6.0], "rotation": 270}, "east": {"texture": "#normal-top", "uv": [10, 0.0, 12, 5.0]}, "south": {"texture": "#normal-side", "uv": [0.0, 0.0, 5.0, 6.0], "rotation": 90}, "west": {"texture": "#normal-top", "uv": [10, 0.0, 12, 5.0]}, "up": {"texture": "#normal-side", "uv": [10, 0.0, 12, 6.0], "rotation": 90}, "down": {"texture": "#normal-side", "uv": [10, 0.0, 12, 6.0], "rotation": 270}}, "children": [{"name": "top4", "from": [-5.0, 5.0, 0.0], "to": [1.0, 5.0, 2], "rotationOrigin": [1.0, 5.0, 8.0], "rotationZ": -22.5, "faces": {"up": {"texture": "#straw1", "uv": [10, 1.5, 12, 7.5], "rotation": 90, "autoUv": false}}}]}, {"name": "6", "from": [12.0, 1.5, 12], "to": [18.0, 6.5, 14], "rotationOrigin": [11.5, 1.5, 8.0], "rotationZ": 6.0, "faces": {"north": {"texture": "#normal-side", "uv": [2.0, 0.0, 7.0, 6.0], "rotation": 270}, "east": {"texture": "#normal-top", "uv": [12, 0.0, 14, 5.0]}, "south": {"texture": "#normal-side", "uv": [0.0, 0.0, 5.0, 6.0], "rotation": 90}, "west": {"texture": "#normal-top", "uv": [12, 0.0, 14, 5.0]}, "up": {"texture": "#normal-side", "uv": [12, 0.0, 14, 6.0], "rotation": 90}, "down": {"texture": "#normal-side", "uv": [12, 0.0, 14, 6.0], "rotation": 270}}, "children": [{"name": "top4", "from": [-5.0, 5.0, 0.0], "to": [1.0, 5.0, 2], "rotationOrigin": [1.0, 5.0, 8.0], "rotationZ": -22.5, "faces": {"up": {"texture": "#straw1", "uv": [12, 1.5, 14, 7.5], "rotation": 90, "autoUv": false}}}]}, {"name": "7", "from": [12.0, 1.5, 14], "to": [18.0, 6.5, 16], "rotationOrigin": [11.5, 1.5, 8.0], "rotationZ": 6.0, "faces": {"north": {"texture": "#normal-side", "uv": [2.0, 0.0, 7.0, 6.0], "rotation": 270}, "east": {"texture": "#normal-top", "uv": [14, 0.0, 16, 5.0]}, "south": {"texture": "#normal-side", "uv": [0.0, 0.0, 5.0, 6.0], "rotation": 90}, "west": {"texture": "#normal-top", "uv": [14, 0.0, 16, 5.0]}, "up": {"texture": "#normal-side", "uv": [14, 0.0, 16, 6.0], "rotation": 90}, "down": {"texture": "#normal-side", "uv": [14, 0.0, 16, 6.0], "rotation": 270}}, "children": [{"name": "right", "from": [1.0, 3.0, -6.95], "to": [9.0, 3.0, -0.9499999999999993], "rotationOrigin": [9.0, 3.0, 2.0500000000000007], "rotationX": 67.5, "rotationY": 90.0, "faces": {"up": {"texture": "#straw1", "uv": [10.0, 0.0, 16.0, 8.0], "rotation": 90, "autoUv": false, "windMode": [7, -1, -1, -1]}}}, {"name": "right1", "from": [5.0, 5.0, -6.95], "to": [9.0, 5.0, -0.9499999999999993], "rotationOrigin": [9.0, 5.0, 2.0500000000000007], "rotationX": 45.0, "rotationY": 90.0, "faces": {"up": {"texture": "#straw1", "uv": [10.0, 11.5, 16.0, 15.5], "rotation": 90, "autoUv": false, "windMode": [7, -1, -1, -1]}}}, {"name": "top4", "from": [-5.0, 5.0, 0.0], "to": [1.0, 5.0, 2], "rotationOrigin": [1.0, 5.0, 8.0], "rotationZ": -22.5, "faces": {"up": {"texture": "#straw1", "uv": [14, 1.5, 16, 7.5], "rotation": 90, "autoUv": false}}}]}]}, {"name": "1", "from": [0.0, 0.0, 0], "to": [0.0, 0.0, 0], "faces": {}, "children": [{"name": "0", "from": [6.0, 1.5, 0], "to": [12.0, 6.5, 2], "rotationOrigin": [11.5, 1.5, 8.0], "rotationZ": 6.0, "faces": {"north": {"texture": "#normal-side", "uv": [2.0, 0.0, 7.0, 6.0], "rotation": 270}, "east": {"texture": "#normal-top", "uv": [0, 0.0, 2, 5.0]}, "south": {"texture": "#normal-side", "uv": [0.0, 0.0, 5.0, 6.0], "rotation": 90}, "west": {"texture": "#normal-top", "uv": [0, 0.0, 2, 5.0]}, "up": {"texture": "#normal-side", "uv": [0, 0.0, 2, 6.0], "rotation": 90}, "down": {"texture": "#normal-side", "uv": [0, 0.0, 2, 6.0], "rotation": 270}}, "children": [{"name": "left2", "from": [2.0, 5.0, 2.0], "to": [8.0, 5.0, 8.0], "rotationOrigin": [8.0, 5.0, 0.0], "rotationX": -45.0, "rotationY": -90.0, "faces": {"up": {"texture": "#straw1", "uv": [8.0, 9.5, 14.0, 15.5], "rotation": 90, "autoUv": false, "windMode": [-1, 7, -1, -1]}}}, {"name": "left3", "from": [2.0, 3.0, 4.0], "to": [10.0, 3.0, 10.0], "rotationOrigin": [10.0, 3.0, 0.0], "rotationX": -45.0, "rotationY": -90.0, "rotationZ": 22.5, "faces": {"up": {"texture": "#straw1", "uv": [8.0, 0.0, 14.0, 8.0], "rotation": 90, "autoUv": false, "windMode": [-1, 7, -1, -1]}}}, {"name": "top9", "from": [-4.0, 5.0, 0.0], "to": [0.0, 5.0, 2], "rotationOrigin": [0.0, 5.0, 8.0], "rotationZ": 22.5, "faces": {"up": {"texture": "#straw1", "uv": [0, 12.0, 2, 16.0], "rotation": 90, "autoUv": false, "windMode": [7, 7, -1, -1]}}}]}, {"name": "1", "from": [6.0, 1.5, 2], "to": [12.0, 6.5, 4], "rotationOrigin": [11.5, 1.5, 8.0], "rotationZ": 6.0, "faces": {"north": {"texture": "#normal-side", "uv": [2.0, 0.0, 7.0, 6.0], "rotation": 270}, "east": {"texture": "#normal-top", "uv": [2, 0.0, 4, 5.0]}, "south": {"texture": "#normal-side", "uv": [0.0, 0.0, 5.0, 6.0], "rotation": 90}, "west": {"texture": "#normal-top", "uv": [2, 0.0, 4, 5.0]}, "up": {"texture": "#normal-side", "uv": [2, 0.0, 4, 6.0], "rotation": 90}, "down": {"texture": "#normal-side", "uv": [2, 0.0, 4, 6.0], "rotation": 270}}, "children": [{"name": "top9", "from": [-4.0, 5.0, 0.0], "to": [0.0, 5.0, 2], "rotationOrigin": [0.0, 5.0, 8.0], "rotationZ": 22.5, "faces": {"up": {"texture": "#straw1", "uv": [2, 12.0, 4, 16.0], "rotation": 90, "autoUv": false, "windMode": [7, 7, -1, -1]}}}]}, {"name": "2", "from": [6.0, 1.5, 4], "to": [12.0, 6.5, 6], "rotationOrigin": [11.5, 1.5, 8.0], "rotationZ": 6.0, "faces": {"north": {"texture": "#normal-side", "uv": [2.0, 0.0, 7.0, 6.0], "rotation": 270}, "east": {"texture": "#normal-top", "uv": [4, 0.0, 6, 5.0]}, "south": {"texture": "#normal-side", "uv": [0.0, 0.0, 5.0, 6.0], "rotation": 90}, "west": {"texture": "#normal-top", "uv": [4, 0.0, 6, 5.0]}, "up": {"texture": "#normal-side", "uv": [4, 0.0, 6, 6.0], "rotation": 90}, "down": {"texture": "#normal-side", "uv": [4, 0.0, 6, 6.0], "rotation": 270}}, "children": [{"name": "top9", "from": [-4.0, 5.0, 0.0], "to": [0.0, 5.0, 2], "rotationOrigin": [0.0, 5.0, 8.0], "rotationZ": 22.5, "faces": {"up": {"texture": "#straw1", "uv": [4, 12.0, 6, 16.0], "rotation": 90, "autoUv": false, "windMode": [7, 7, -1, -1]}}}]}, {"name": "3", "from": [6.0, 1.5, 6], "to": [12.0, 6.5, 8], "rotationOrigin": [11.5, 1.5, 8.0], "rotationZ": 6.0, "faces": {"north": {"texture": "#normal-side", "uv": [2.0, 0.0, 7.0, 6.0], "rotation": 270}, "east": {"texture": "#normal-top", "uv": [6, 0.0, 8, 5.0]}, "south": {"texture": "#normal-side", "uv": [0.0, 0.0, 5.0, 6.0], "rotation": 90}, "west": {"texture": "#normal-top", "uv": [6, 0.0, 8, 5.0]}, "up": {"texture": "#normal-side", "uv": [6, 0.0, 8, 6.0], "rotation": 90}, "down": {"texture": "#normal-side", "uv": [6, 0.0, 8, 6.0], "rotation": 270}}, "children": [{"name": "top9", "from": [-4.0, 5.0, 0.0], "to": [0.0, 5.0, 2], "rotationOrigin": [0.0, 5.0, 8.0], "rotationZ": 22.5, "faces": {"up": {"texture": "#straw1", "uv": [6, 12.0, 8, 16.0], "rotation": 90, "autoUv": false, "windMode": [7, 7, -1, -1]}}}]}, {"name": "4", "from": [6.0, 1.5, 8], "to": [12.0, 6.5, 10], "rotationOrigin": [11.5, 1.5, 8.0], "rotationZ": 6.0, "faces": {"north": {"texture": "#normal-side", "uv": [2.0, 0.0, 7.0, 6.0], "rotation": 270}, "east": {"texture": "#normal-top", "uv": [8, 0.0, 10, 5.0]}, "south": {"texture": "#normal-side", "uv": [0.0, 0.0, 5.0, 6.0], "rotation": 90}, "west": {"texture": "#normal-top", "uv": [8, 0.0, 10, 5.0]}, "up": {"texture": "#normal-side", "uv": [8, 0.0, 10, 6.0], "rotation": 90}, "down": {"texture": "#normal-side", "uv": [8, 0.0, 10, 6.0], "rotation": 270}}, "children": [{"name": "top9", "from": [-4.0, 5.0, 0.0], "to": [0.0, 5.0, 2], "rotationOrigin": [0.0, 5.0, 8.0], "rotationZ": 22.5, "faces": {"up": {"texture": "#straw1", "uv": [8, 12.0, 10, 16.0], "rotation": 90, "autoUv": false, "windMode": [7, 7, -1, -1]}}}]}, {"name": "5", "from": [6.0, 1.5, 10], "to": [12.0, 6.5, 12], "rotationOrigin": [11.5, 1.5, 8.0], "rotationZ": 6.0, "faces": {"north": {"texture": "#normal-side", "uv": [2.0, 0.0, 7.0, 6.0], "rotation": 270}, "east": {"texture": "#normal-top", "uv": [10, 0.0, 12, 5.0]}, "south": {"texture": "#normal-side", "uv": [0.0, 0.0, 5.0, 6.0], "rotation": 90}, "west": {"texture": "#normal-top", "uv": [10, 0.0, 12, 5.0]}, "up": {"texture": "#normal-side", "uv": [10, 0.0, 12, 6.0], "rotation": 90}, "down": {"texture": "#normal-side", "uv": [10, 0.0, 12, 6.0], "rotation": 270}}, "children": [{"name": "top9", "from": [-4.0, 5.0, 0.0], "to": [0.0, 5.0, 2], "rotationOrigin": [0.0, 5.0, 8.0], "rotationZ": 22.5, "faces": {"up": {"texture": "#straw1", "uv": [10, 12.0, 12, 16.0], "rotation": 90, "autoUv": false, "windMode": [7, 7, -1, -1]}}}]}, {"name": "6", "from": [6.0, 1.5, 12], "to": [12.0, 6.5, 14], "rotationOrigin": [11.5, 1.5, 8.0], "rotationZ": 6.0, "faces": {"north": {"texture": "#normal-side", "uv": [2.0, 0.0, 7.0, 6.0], "rotation": 270}, "east": {"texture": "#normal-top", "uv": [12, 0.0, 14, 5.0]}, "south": {"texture": "#normal-side", "uv": [0.0, 0.0, 5.0, 6.0], "rotation": 90}, "west": {"texture": "#normal-top", "uv": [12, 0.0, 14, 5.0]}, "up": {"texture": "#normal-side", "uv": [12, 0.0, 14, 6.0], "rotation": 90}, "down": {"texture": "#normal-side", "uv": [12, 0.0, 14, 6.0], "rotation": 270}}, "children": [{"name": "top9", "from": [-4.0, 5.0, 0.0], "to": [0.0, 5.0, 2], "rotationOrigin": [0.0, 5.0, 8.0], "rotationZ": 22.5, "faces": {"up": {"texture": "#straw1", "uv": [12, 12.0, 14, 16.0], "rotation": 90, "autoUv": false, "windMode": [7, 7, -1, -1]}}}]}, {"name": "7", "from": [6.0, 1.5, 14], "to": [12.0, 6.5, 16], "rotationOrigin": [11.5, 1.5, 8.0], "rotationZ": 6.0, "faces": {"north": {"texture": "#normal-side", "uv": [2.0, 0.0, 7.0, 6.0], "rotation": 270}, "east": {"texture": "#normal-top", "uv": [14, 0.0, 16, 5.0]}, "south": {"texture": "#normal-side", "uv": [0.0, 0.0, 5.0, 6.0], "rotation": 90}, "west": {"texture": "#normal-top", "uv": [14, 0.0, 16, 5.0]}, "up": {"texture": "#normal-side", "uv": [14, 0.0, 16, 6.0], "rotation": 90}, "down": {"texture": "#normal-side", "uv": [14, 0.0, 16, 6.0], "rotation": 270}}, "children": [{"name": "right2", "from": [1.0, 3.0, -6.95], "to": [9.0, 3.0, -0.9499999999999993], "rotationOrigin": [9.0, 3.0, 2.0500000000000007], "rotationX": 67.5, "rotationY": 90.0, "faces": {"up": {"texture": "#straw1", "uv": [2.0, 0.0, 8.0, 8.0], "rotation": 90, "autoUv": false, "windMode": [7, -1, -1, -1]}}}, {"name": "right3", "from": [5.0, 5.0, -6.95], "to": [9.0, 5.0, -0.9499999999999993], "rotationOrigin": [9.0, 5.0, 2.0500000000000007], "rotationX": 45.0, "rotationY": 90.0, "faces": {"up": {"texture": "#straw1", "uv": [2.0, 11.5, 8.0, 15.5], "rotation": 90, "autoUv": false, "windMode": [7, -1, -1, -1]}}}, {"name": "top9", "from": [-4.0, 5.0, 0.0], "to": [0.0, 5.0, 2], "rotationOrigin": [0.0, 5.0, 8.0], "rotationZ": 22.5, "faces": {"up": {"texture": "#straw1", "uv": [14, 12.0, 16, 16.0], "rotation": 90, "autoUv": false, "windMode": [7, 7, -1, -1]}}}]}]}, {"name": "2", "from": [0.0, 0.0, 0.01], "to": [0.0, 0.0, 0.01], "faces": {}, "children": [{"name": "0", "from": [2.0, -1.0, 0], "to": [8.0, 4.0, 2], "rotationOrigin": [6.0, -1.0, 8.0], "rotationZ": 6.0, "faces": {"north": {"texture": "#normal-side", "uv": [2.0, 0.0, 7.0, 6.0], "rotation": 270}, "east": {"texture": "#normal-top", "uv": [0, 6.0, 2, 11.0]}, "south": {"texture": "#normal-side", "uv": [0.0, 0.0, 5.0, 6.0], "rotation": 90}, "west": {"texture": "#normal-top", "uv": [0, 0.0, 2, 5.0]}, "up": {"texture": "#normal-side", "uv": [0, 0.0, 2, 6.0], "rotation": 90}, "down": {"texture": "#normal-side", "uv": [0, 0.0, 2, 6.0], "rotation": 270}}, "children": [{"name": "left4", "from": [10.0, 5.0, 10.0], "to": [16.0, 5.0, 16.0], "rotationOrigin": [16.0, 5.0, 0.0], "rotationX": -90.0, "rotationY": -90.0, "rotationZ": -22.5, "faces": {"up": {"texture": "#straw1", "uv": [0.0, 0.5, 6.0, 6.5], "rotation": 90, "autoUv": false, "windMode": [-1, 7, -1, -1]}}}]}, {"name": "1", "from": [2.0, -1.0, 2], "to": [8.0, 4.0, 4], "rotationOrigin": [6.0, -1.0, 8.0], "rotationZ": 6.0, "faces": {"north": {"texture": "#normal-side", "uv": [2.0, 0.0, 7.0, 6.0], "rotation": 270}, "east": {"texture": "#normal-top", "uv": [2, 6.0, 4, 11.0]}, "south": {"texture": "#normal-side", "uv": [0.0, 0.0, 5.0, 6.0], "rotation": 90}, "west": {"texture": "#normal-top", "uv": [2, 0.0, 4, 5.0]}, "up": {"texture": "#normal-side", "uv": [2, 0.0, 4, 6.0], "rotation": 90}, "down": {"texture": "#normal-side", "uv": [2, 0.0, 4, 6.0], "rotation": 270}}, "children": []}, {"name": "2", "from": [2.0, -1.0, 4], "to": [8.0, 4.0, 6], "rotationOrigin": [6.0, -1.0, 8.0], "rotationZ": 6.0, "faces": {"north": {"texture": "#normal-side", "uv": [2.0, 0.0, 7.0, 6.0], "rotation": 270}, "east": {"texture": "#normal-top", "uv": [4, 6.0, 6, 11.0]}, "south": {"texture": "#normal-side", "uv": [0.0, 0.0, 5.0, 6.0], "rotation": 90}, "west": {"texture": "#normal-top", "uv": [4, 0.0, 6, 5.0]}, "up": {"texture": "#normal-side", "uv": [4, 0.0, 6, 6.0], "rotation": 90}, "down": {"texture": "#normal-side", "uv": [4, 0.0, 6, 6.0], "rotation": 270}}, "children": []}, {"name": "3", "from": [2.0, -1.0, 6], "to": [8.0, 4.0, 8], "rotationOrigin": [6.0, -1.0, 8.0], "rotationZ": 6.0, "faces": {"north": {"texture": "#normal-side", "uv": [2.0, 0.0, 7.0, 6.0], "rotation": 270}, "east": {"texture": "#normal-top", "uv": [6, 6.0, 8, 11.0]}, "south": {"texture": "#normal-side", "uv": [0.0, 0.0, 5.0, 6.0], "rotation": 90}, "west": {"texture": "#normal-top", "uv": [6, 0.0, 8, 5.0]}, "up": {"texture": "#normal-side", "uv": [6, 0.0, 8, 6.0], "rotation": 90}, "down": {"texture": "#normal-side", "uv": [6, 0.0, 8, 6.0], "rotation": 270}}, "children": []}, {"name": "4", "from": [2.0, -1.0, 8], "to": [8.0, 4.0, 10], "rotationOrigin": [6.0, -1.0, 8.0], "rotationZ": 6.0, "faces": {"north": {"texture": "#normal-side", "uv": [2.0, 0.0, 7.0, 6.0], "rotation": 270}, "east": {"texture": "#normal-top", "uv": [8, 6.0, 10, 11.0]}, "south": {"texture": "#normal-side", "uv": [0.0, 0.0, 5.0, 6.0], "rotation": 90}, "west": {"texture": "#normal-top", "uv": [8, 0.0, 10, 5.0]}, "up": {"texture": "#normal-side", "uv": [8, 0.0, 10, 6.0], "rotation": 90}, "down": {"texture": "#normal-side", "uv": [8, 0.0, 10, 6.0], "rotation": 270}}, "children": []}, {"name": "5", "from": [2.0, -1.0, 10], "to": [8.0, 4.0, 12], "rotationOrigin": [6.0, -1.0, 8.0], "rotationZ": 6.0, "faces": {"north": {"texture": "#normal-side", "uv": [2.0, 0.0, 7.0, 6.0], "rotation": 270}, "east": {"texture": "#normal-top", "uv": [10, 6.0, 12, 11.0]}, "south": {"texture": "#normal-side", "uv": [0.0, 0.0, 5.0, 6.0], "rotation": 90}, "west": {"texture": "#normal-top", "uv": [10, 0.0, 12, 5.0]}, "up": {"texture": "#normal-side", "uv": [10, 0.0, 12, 6.0], "rotation": 90}, "down": {"texture": "#normal-side", "uv": [10, 0.0, 12, 6.0], "rotation": 270}}, "children": []}, {"name": "6", "from": [2.0, -1.0, 12], "to": [8.0, 4.0, 14], "rotationOrigin": [6.0, -1.0, 8.0], "rotationZ": 6.0, "faces": {"north": {"texture": "#normal-side", "uv": [2.0, 0.0, 7.0, 6.0], "rotation": 270}, "east": {"texture": "#normal-top", "uv": [12, 6.0, 14, 11.0]}, "south": {"texture": "#normal-side", "uv": [0.0, 0.0, 5.0, 6.0], "rotation": 90}, "west": {"texture": "#normal-top", "uv": [12, 0.0, 14, 5.0]}, "up": {"texture": "#normal-side", "uv": [12, 0.0, 14, 6.0], "rotation": 90}, "down": {"texture": "#normal-side", "uv": [12, 0.0, 14, 6.0], "rotation": 270}}, "children": []}, {"name": "7", "from": [2.0, -1.0, 14], "to": [8.0, 4.0, 16], "rotationOrigin": [6.0, -1.0, 8.0], "rotationZ": 6.0, "faces": {"north": {"texture": "#normal-side", "uv": [2.0, 0.0, 7.0, 6.0], "rotation": 270}, "east": {"texture": "#normal-top", "uv": [14, 6.0, 16, 11.0]}, "south": {"texture": "#normal-side", "uv": [0.0, 0.0, 5.0, 6.0], "rotation": 90}, "west": {"texture": "#normal-top", "uv": [14, 0.0, 16, 5.0]}, "up": {"texture": "#normal-side", "uv": [14, 0.0, 16, 6.0], "rotation": 90}, "down": {"texture": "#normal-side", "uv": [14, 0.0, 16, 6.0], "rotation": 270}}, "children": [{"name": "right4", "from": [-6.0, 5.0, 2.0], "to": [0.0, 5.0, 8.0], "rotationOrigin": [0.0, 5.0, 2.0], "rotationX": 67.5, "rotationY": 90.0, "faces": {"up": {"texture": "#straw1", "uv": [10.0, 0.5, 16.0, 6.5], "rotation": 90, "autoUv": false, "windMode": [7, -1, -1, -1]}}}]}]}, {"name": "3", "from": [0.0, 0.0, 0], "to": [0.0, 0.0, 0], "faces": {}, "children": [{"name": "0", "from": [-4.0, -1.0, 0], "to": [2.0, 4.0, 2], "rotationOrigin": [6.0, -1.0, 8.0], "rotationZ": 6.0, "faces": {"north": {"texture": "#normal-side", "uv": [2.0, 0.0, 7.0, 6.0], "rotation": 270}, "east": {"texture": "#normal-top", "uv": [0, 6.0, 2, 11.0]}, "south": {"texture": "#normal-side", "uv": [0.0, 0.0, 5.0, 6.0], "rotation": 90}, "west": {"texture": "#normal-top", "uv": [0, 0.0, 2, 5.0]}, "up": {"texture": "#normal-side", "uv": [0, 0.0, 2, 6.0], "rotation": 90}, "down": {"texture": "#normal-side", "uv": [0, 0.0, 2, 6.0], "rotation": 270}}, "children": [{"name": "left5", "from": [10.0, 5.0, 10.0], "to": [16.0, 5.0, 16.0], "rotationOrigin": [16.0, 5.0, 0.0], "rotationX": -90.0, "rotationY": -90.0, "rotationZ": -22.5, "faces": {"up": {"texture": "#straw1", "uv": [10.0, 0.5, 16.0, 6.5], "rotation": 90, "autoUv": false, "windMode": [-1, 7, -1, -1]}}}, {"name": "top2", "from": [-4.0, 0.0, 0.0], "to": [2.0, 0.0, 2], "rotationOrigin": [-5.0, 0.0, 8.0], "rotationZ": 45.0, "faces": {"up": {"texture": "#straw1", "uv": [0, 10.0, 2, 16.0], "rotation": 90, "autoUv": false, "windMode": [7, 7, -1, -1]}}}]}, {"name": "1", "from": [-4.0, -1.0, 2], "to": [2.0, 4.0, 4], "rotationOrigin": [6.0, -1.0, 8.0], "rotationZ": 6.0, "faces": {"north": {"texture": "#normal-side", "uv": [2.0, 0.0, 7.0, 6.0], "rotation": 270}, "east": {"texture": "#normal-top", "uv": [2, 6.0, 4, 11.0]}, "south": {"texture": "#normal-side", "uv": [0.0, 0.0, 5.0, 6.0], "rotation": 90}, "west": {"texture": "#normal-top", "uv": [2, 0.0, 4, 5.0]}, "up": {"texture": "#normal-side", "uv": [2, 0.0, 4, 6.0], "rotation": 90}, "down": {"texture": "#normal-side", "uv": [2, 0.0, 4, 6.0], "rotation": 270}}, "children": [{"name": "top2", "from": [-4.0, 0.0, 0.0], "to": [2.0, 0.0, 2], "rotationOrigin": [-5.0, 0.0, 8.0], "rotationZ": 45.0, "faces": {"up": {"texture": "#straw1", "uv": [2, 10.0, 4, 16.0], "rotation": 90, "autoUv": false, "windMode": [7, 7, -1, -1]}}}]}, {"name": "2", "from": [-4.0, -1.0, 4], "to": [2.0, 4.0, 6], "rotationOrigin": [6.0, -1.0, 8.0], "rotationZ": 6.0, "faces": {"north": {"texture": "#normal-side", "uv": [2.0, 0.0, 7.0, 6.0], "rotation": 270}, "east": {"texture": "#normal-top", "uv": [4, 6.0, 6, 11.0]}, "south": {"texture": "#normal-side", "uv": [0.0, 0.0, 5.0, 6.0], "rotation": 90}, "west": {"texture": "#normal-top", "uv": [4, 0.0, 6, 5.0]}, "up": {"texture": "#normal-side", "uv": [4, 0.0, 6, 6.0], "rotation": 90}, "down": {"texture": "#normal-side", "uv": [4, 0.0, 6, 6.0], "rotation": 270}}, "children": [{"name": "top2", "from": [-4.0, 0.0, 0.0], "to": [2.0, 0.0, 2], "rotationOrigin": [-5.0, 0.0, 8.0], "rotationZ": 45.0, "faces": {"up": {"texture": "#straw1", "uv": [4, 10.0, 6, 16.0], "rotation": 90, "autoUv": false, "windMode": [7, 7, -1, -1]}}}]}, {"name": "3", "from": [-4.0, -1.0, 6], "to": [2.0, 4.0, 8], "rotationOrigin": [6.0, -1.0, 8.0], "rotationZ": 6.0, "faces": {"north": {"texture": "#normal-side", "uv": [2.0, 0.0, 7.0, 6.0], "rotation": 270}, "east": {"texture": "#normal-top", "uv": [6, 6.0, 8, 11.0]}, "south": {"texture": "#normal-side", "uv": [0.0, 0.0, 5.0, 6.0], "rotation": 90}, "west": {"texture": "#normal-top", "uv": [6, 0.0, 8, 5.0]}, "up": {"texture": "#normal-side", "uv": [6, 0.0, 8, 6.0], "rotation": 90}, "down": {"texture": "#normal-side", "uv": [6, 0.0, 8, 6.0], "rotation": 270}}, "children": [{"name": "top2", "from": [-4.0, 0.0, 0.0], "to": [2.0, 0.0, 2], "rotationOrigin": [-5.0, 0.0, 8.0], "rotationZ": 45.0, "faces": {"up": {"texture": "#straw1", "uv": [6, 10.0, 8, 16.0], "rotation": 90, "autoUv": false, "windMode": [7, 7, -1, -1]}}}]}, {"name": "4", "from": [-4.0, -1.0, 8], "to": [2.0, 4.0, 10], "rotationOrigin": [6.0, -1.0, 8.0], "rotationZ": 6.0, "faces": {"north": {"texture": "#normal-side", "uv": [2.0, 0.0, 7.0, 6.0], "rotation": 270}, "east": {"texture": "#normal-top", "uv": [8, 6.0, 10, 11.0]}, "south": {"texture": "#normal-side", "uv": [0.0, 0.0, 5.0, 6.0], "rotation": 90}, "west": {"texture": "#normal-top", "uv": [8, 0.0, 10, 5.0]}, "up": {"texture": "#normal-side", "uv": [8, 0.0, 10, 6.0], "rotation": 90}, "down": {"texture": "#normal-side", "uv": [8, 0.0, 10, 6.0], "rotation": 270}}, "children": [{"name": "top2", "from": [-4.0, 0.0, 0.0], "to": [2.0, 0.0, 2], "rotationOrigin": [-5.0, 0.0, 8.0], "rotationZ": 45.0, "faces": {"up": {"texture": "#straw1", "uv": [8, 10.0, 10, 16.0], "rotation": 90, "autoUv": false, "windMode": [7, 7, -1, -1]}}}]}, {"name": "5", "from": [-4.0, -1.0, 10], "to": [2.0, 4.0, 12], "rotationOrigin": [6.0, -1.0, 8.0], "rotationZ": 6.0, "faces": {"north": {"texture": "#normal-side", "uv": [2.0, 0.0, 7.0, 6.0], "rotation": 270}, "east": {"texture": "#normal-top", "uv": [10, 6.0, 12, 11.0]}, "south": {"texture": "#normal-side", "uv": [0.0, 0.0, 5.0, 6.0], "rotation": 90}, "west": {"texture": "#normal-top", "uv": [10, 0.0, 12, 5.0]}, "up": {"texture": "#normal-side", "uv": [10, 0.0, 12, 6.0], "rotation": 90}, "down": {"texture": "#normal-side", "uv": [10, 0.0, 12, 6.0], "rotation": 270}}, "children": [{"name": "top2", "from": [-4.0, 0.0, 0.0], "to": [2.0, 0.0, 2], "rotationOrigin": [-5.0, 0.0, 8.0], "rotationZ": 45.0, "faces": {"up": {"texture": "#straw1", "uv": [10, 10.0, 12, 16.0], "rotation": 90, "autoUv": false, "windMode": [7, 7, -1, -1]}}}]}, {"name": "6", "from": [-4.0, -1.0, 12], "to": [2.0, 4.0, 14], "rotationOrigin": [6.0, -1.0, 8.0], "rotationZ": 6.0, "faces": {"north": {"texture": "#normal-side", "uv": [2.0, 0.0, 7.0, 6.0], "rotation": 270}, "east": {"texture": "#normal-top", "uv": [12, 6.0, 14, 11.0]}, "south": {"texture": "#normal-side", "uv": [0.0, 0.0, 5.0, 6.0], "rotation": 90}, "west": {"texture": "#normal-top", "uv": [12, 0.0, 14, 5.0]}, "up": {"texture": "#normal-side", "uv": [12, 0.0, 14, 6.0], "rotation": 90}, "down": {"texture": "#normal-side", "uv": [12, 0.0, 14, 6.0], "rotation": 270}}, "children": [{"name": "top2", "from": [-4.0, 0.0, 0.0], "to": [2.0, 0.0, 2], "rotationOrigin": [-5.0, 0.0, 8.0], "rotationZ": 45.0, "faces": {"up": {"texture": "#straw1", "uv": [12, 10.0, 14, 16.0], "rotation": 90, "autoUv": false, "windMode": [7, 7, -1, -1]}}}]}, {"name": "7", "from": [-4.0, -1.0, 14], "to": [2.0, 4.0, 16], "rotationOrigin": [6.0, -1.0, 8.0], "rotationZ": 6.0, "faces": {"north": {"texture": "#normal-side", "uv": [2.0, 0.0, 7.0, 6.0], "rotation": 270}, "east": {"texture": "#normal-top", "uv": [14, 6.0, 16, 11.0]}, "south": {"texture": "#normal-side", "uv": [0.0, 0.0, 5.0, 6.0], "rotation": 90}, "west": {"texture": "#normal-top", "uv": [14, 0.0, 16, 5.0]}, "up": {"texture": "#normal-side", "uv": [14, 0.0, 16, 6.0], "rotation": 90}, "down": {"texture": "#normal-side", "uv": [14, 0.0, 16, 6.0], "rotation": 270}}, "children": [{"name": "right5", "from": [-6.0, 5.0, 2.0], "to": [0.0, 5.0, 8.0], "rotationOrigin": [0.0, 5.0, 2.0], "rotationX": 67.5, "rotationY": 90.0, "faces": {"up": {"texture": "#straw1", "uv": [0.0, 0.5, 6.0, 6.5], "rotation": 90, "autoUv": false, "windMode": [7, -1, -1, -1]}}}, {"name": "top2", "from": [-4.0, 0.0, 0.0], "to": [2.0, 0.0, 2], "rotationOrigin": [-5.0, 0.0, 8.0], "rotationZ": 45.0, "faces": {"up": {"texture": "#straw1", "uv": [14, 10.0, 16, 16.0], "rotation": 90, "autoUv": false, "windMode": [7, 7, -1, -1]}}}]}]}]}, {"name": "upper", "from": [0.0, 12.66, 0.0], "to": [0.0, 12.66, 0.0], "faces": {}, "children": [{"name": "0", "from": [0.0, 0.0, 0.01], "to": [0.0, 0.0, 0.01], "faces": {}, "children": [{"name": "0", "from": [12.0, 1.5, 0], "to": [18.0, 6.5, 2], "rotationOrigin": [11.5, 1.5, 8.0], "rotationZ": 6.0, "faces": {"north": {"texture": "#normal-side", "uv": [2.0, 0.0, 7.0, 6.0], "rotation": 270}, "east": {"texture": "#normal-top", "uv": [0, 0.0, 2, 5.0]}, "south": {"texture": "#normal-side", "uv": [0.0, 0.0, 5.0, 6.0], "rotation": 90}, "west": {"texture": "#normal-top", "uv": [0, 0.0, 2, 5.0]}, "up": {"texture": "#normal-side", "uv": [0, 0.0, 2, 6.0], "rotation": 90}, "down": {"texture": "#normal-side", "uv": [0, 0.0, 2, 6.0], "rotation": 270}}, "children": [{"name": "left", "from": [2.0, 5.0, 2.0], "to": [8.0, 5.0, 8.0], "rotationOrigin": [8.0, 5.0, 0.0], "rotationX": -45.0, "rotationY": -90.0, "faces": {"up": {"texture": "#straw1", "uv": [0.0, 10.0, 6.0, 16.0], "rotation": 90, "autoUv": false, "windMode": [-1, 7, -1, -1]}}}, {"name": "left1", "from": [2.0, 3.0, 4.0], "to": [10.0, 3.0, 10.0], "rotationOrigin": [10.0, 3.0, 0.0], "rotationX": -45.0, "rotationY": -90.0, "rotationZ": 22.5, "faces": {"up": {"texture": "#straw1", "uv": [0.0, 0.0, 6.0, 8.0], "rotation": 90, "autoUv": false, "windMode": [-1, 7, -1, -1]}}}, {"name": "top4", "from": [-5.0, 5.0, 0.0], "to": [1.0, 5.0, 2], "rotationOrigin": [1.0, 5.0, 8.0], "rotationZ": -22.5, "faces": {"up": {"texture": "#straw1", "uv": [0, 1.5, 2, 7.5], "rotation": 90, "autoUv": false}}}]}, {"name": "1", "from": [12.0, 1.5, 2], "to": [18.0, 6.5, 4], "rotationOrigin": [11.5, 1.5, 8.0], "rotationZ": 6.0, "faces": {"north": {"texture": "#normal-side", "uv": [2.0, 0.0, 7.0, 6.0], "rotation": 270}, "east": {"texture": "#normal-top", "uv": [2, 0.0, 4, 5.0]}, "south": {"texture": "#normal-side", "uv": [0.0, 0.0, 5.0, 6.0], "rotation": 90}, "west": {"texture": "#normal-top", "uv": [2, 0.0, 4, 5.0]}, "up": {"texture": "#normal-side", "uv": [2, 0.0, 4, 6.0], "rotation": 90}, "down": {"texture": "#normal-side", "uv": [2, 0.0, 4, 6.0], "rotation": 270}}, "children": [{"name": "top4", "from": [-5.0, 5.0, 0.0], "to": [1.0, 5.0, 2], "rotationOrigin": [1.0, 5.0, 8.0], "rotationZ": -22.5, "faces": {"up": {"texture": "#straw1", "uv": [2, 1.5, 4, 7.5], "rotation": 90, "autoUv": false}}}]}, {"name": "2", "from": [12.0, 1.5, 4], "to": [18.0, 6.5, 6], "rotationOrigin": [11.5, 1.5, 8.0], "rotationZ": 6.0, "faces": {"north": {"texture": "#normal-side", "uv": [2.0, 0.0, 7.0, 6.0], "rotation": 270}, "east": {"texture": "#normal-top", "uv": [4, 0.0, 6, 5.0]}, "south": {"texture": "#normal-side", "uv": [0.0, 0.0, 5.0, 6.0], "rotation": 90}, "west": {"texture": "#normal-top", "uv": [4, 0.0, 6, 5.0]}, "up": {"texture": "#normal-side", "uv": [4, 0.0, 6, 6.0], "rotation": 90}, "down": {"texture": "#normal-side", "uv": [4, 0.0, 6, 6.0], "rotation": 270}}, "children": [{"name": "top4", "from": [-5.0, 5.0, 0.0], "to": [1.0, 5.0, 2], "rotationOrigin": [1.0, 5.0, 8.0], "rotationZ": -22.5, "faces": {"up": {"texture": "#straw1", "uv": [4, 1.5, 6, 7.5], "rotation": 90, "autoUv": false}}}]}, {"name": "3", "from": [12.0, 1.5, 6], "to": [18.0, 6.5, 8], "rotationOrigin": [11.5, 1.5, 8.0], "rotationZ": 6.0, "faces": {"north": {"texture": "#normal-side", "uv": [2.0, 0.0, 7.0, 6.0], "rotation": 270}, "east": {"texture": "#normal-top", "uv": [6, 0.0, 8, 5.0]}, "south": {"texture": "#normal-side", "uv": [0.0, 0.0, 5.0, 6.0], "rotation": 90}, "west": {"texture": "#normal-top", "uv": [6, 0.0, 8, 5.0]}, "up": {"texture": "#normal-side", "uv": [6, 0.0, 8, 6.0], "rotation": 90}, "down": {"texture": "#normal-side", "uv": [6, 0.0, 8, 6.0], "rotation": 270}}, "children": [{"name": "top4", "from": [-5.0, 5.0, 0.0], "to": [1.0, 5.0, 2], "rotationOrigin": [1.0, 5.0, 8.0], "rotationZ": -22.5, "faces": {"up": {"texture": "#straw1", "uv": [6, 1.5, 8, 7.5], "rotation": 90, "autoUv": false}}}]}, {"name": "4", "from": [12.0, 1.5, 8], "to": [18.0, 6.5, 10], "rotationOrigin": [11.5, 1.5, 8.0], "rotationZ": 6.0, "faces": {"north": {"texture": "#normal-side", "uv": [2.0, 0.0, 7.0, 6.0], "rotation": 270}, "east": {"texture": "#normal-top", "uv": [8, 0.0, 10, 5.0]}, "south": {"texture": "#normal-side", "uv": [0.0, 0.0, 5.0, 6.0], "rotation": 90}, "west": {"texture": "#normal-top", "uv": [8, 0.0, 10, 5.0]}, "up": {"texture": "#normal-side", "uv": [8, 0.0, 10, 6.0], "rotation": 90}, "down": {"texture": "#normal-side", "uv": [8, 0.0, 10, 6.0], "rotation": 270}}, "children": [{"name": "top4", "from": [-5.0, 5.0, 0.0], "to": [1.0, 5.0, 2], "rotationOrigin": [1.0, 5.0, 8.0], "rotationZ": -22.5, "faces": {"up": {"texture": "#straw1", "uv": [8, 1.5, 10, 7.5], "rotation": 90, "autoUv": false}}}]}, {"name": "5", "from": [12.0, 1.5, 10], "to": [18.0, 6.5, 12], "rotationOrigin": [11.5, 1.5, 8.0], "rotationZ": 6.0, "faces": {"north": {"texture": "#normal-side", "uv": [2.0, 0.0, 7.0, 6.0], "rotation": 270}, "east": {"texture": "#normal-top", "uv": [10, 0.0, 12, 5.0]}, "south": {"texture": "#normal-side", "uv": [0.0, 0.0, 5.0, 6.0], "rotation": 90}, "west": {"texture": "#normal-top", "uv": [10, 0.0, 12, 5.0]}, "up": {"texture": "#normal-side", "uv": [10, 0.0, 12, 6.0], "rotation": 90}, "down": {"texture": "#normal-side", "uv": [10, 0.0, 12, 6.0], "rotation": 270}}, "children": [{"name": "top4", "from": [-5.0, 5.0, 0.0], "to": [1.0, 5.0, 2], "rotationOrigin": [1.0, 5.0, 8.0], "rotationZ": -22.5, "faces": {"up": {"texture": "#straw1", "uv": [10, 1.5, 12, 7.5], "rotation": 90, "autoUv": false}}}]}, {"name": "6", "from": [12.0, 1.5, 12], "to": [18.0, 6.5, 14], "rotationOrigin": [11.5, 1.5, 8.0], "rotationZ": 6.0, "faces": {"north": {"texture": "#normal-side", "uv": [2.0, 0.0, 7.0, 6.0], "rotation": 270}, "east": {"texture": "#normal-top", "uv": [12, 0.0, 14, 5.0]}, "south": {"texture": "#normal-side", "uv": [0.0, 0.0, 5.0, 6.0], "rotation": 90}, "west": {"texture": "#normal-top", "uv": [12, 0.0, 14, 5.0]}, "up": {"texture": "#normal-side", "uv": [12, 0.0, 14, 6.0], "rotation": 90}, "down": {"texture": "#normal-side", "uv": [12, 0.0, 14, 6.0], "rotation": 270}}, "children": [{"name": "top4", "from": [-5.0, 5.0, 0.0], "to": [1.0, 5.0, 2], "rotationOrigin": [1.0, 5.0, 8.0], "rotationZ": -22.5, "faces": {"up": {"texture": "#straw1", "uv": [12, 1.5, 14, 7.5], "rotation": 90, "autoUv": false}}}]}, {"name": "7", "from": [12.0, 1.5, 14], "to": [18.0, 6.5, 16], "rotationOrigin": [11.5, 1.5, 8.0], "rotationZ": 6.0, "faces": {"north": {"texture": "#normal-side", "uv": [2.0, 0.0, 7.0, 6.0], "rotation": 270}, "east": {"texture": "#normal-top", "uv": [14, 0.0, 16, 5.0]}, "south": {"texture": "#normal-side", "uv": [0.0, 0.0, 5.0, 6.0], "rotation": 90}, "west": {"texture": "#normal-top", "uv": [14, 0.0, 16, 5.0]}, "up": {"texture": "#normal-side", "uv": [14, 0.0, 16, 6.0], "rotation": 90}, "down": {"texture": "#normal-side", "uv": [14, 0.0, 16, 6.0], "rotation": 270}}, "children": [{"name": "right", "from": [1.0, 3.0, -6.95], "to": [9.0, 3.0, -0.9499999999999993], "rotationOrigin": [9.0, 3.0, 2.0500000000000007], "rotationX": 67.5, "rotationY": 90.0, "faces": {"up": {"texture": "#straw1", "uv": [10.0, 0.0, 16.0, 8.0], "rotation": 90, "autoUv": false, "windMode": [7, -1, -1, -1]}}}, {"name": "right1", "from": [5.0, 5.0, -6.95], "to": [9.0, 5.0, -0.9499999999999993], "rotationOrigin": [9.0, 5.0, 2.0500000000000007], "rotationX": 45.0, "rotationY": 90.0, "faces": {"up": {"texture": "#straw1", "uv": [10.0, 11.5, 16.0, 15.5], "rotation": 90, "autoUv": false, "windMode": [7, -1, -1, -1]}}}, {"name": "top4", "from": [-5.0, 5.0, 0.0], "to": [1.0, 5.0, 2], "rotationOrigin": [1.0, 5.0, 8.0], "rotationZ": -22.5, "faces": {"up": {"texture": "#straw1", "uv": [14, 1.5, 16, 7.5], "rotation": 90, "autoUv": false}}}]}]}, {"name": "1", "from": [0.0, 0.0, 0], "to": [0.0, 0.0, 0], "faces": {}, "children": [{"name": "0", "from": [6.0, 1.5, 0], "to": [12.0, 6.5, 2], "rotationOrigin": [11.5, 1.5, 8.0], "rotationZ": 6.0, "faces": {"north": {"texture": "#normal-side", "uv": [2.0, 0.0, 7.0, 6.0], "rotation": 270}, "east": {"texture": "#normal-top", "uv": [0, 0.0, 2, 5.0]}, "south": {"texture": "#normal-side", "uv": [0.0, 0.0, 5.0, 6.0], "rotation": 90}, "west": {"texture": "#normal-top", "uv": [0, 0.0, 2, 5.0]}, "up": {"texture": "#normal-side", "uv": [0, 0.0, 2, 6.0], "rotation": 90}, "down": {"texture": "#normal-side", "uv": [0, 0.0, 2, 6.0], "rotation": 270}}, "children": [{"name": "left2", "from": [2.0, 5.0, 2.0], "to": [8.0, 5.0, 8.0], "rotationOrigin": [8.0, 5.0, 0.0], "rotationX": -45.0, "rotationY": -90.0, "faces": {"up": {"texture": "#straw1", "uv": [8.0, 9.5, 14.0, 15.5], "rotation": 90, "autoUv": false, "windMode": [-1, 7, -1, -1]}}}, {"name": "left3", "from": [2.0, 3.0, 4.0], "to": [10.0, 3.0, 10.0], "rotationOrigin": [10.0, 3.0, 0.0], "rotationX": -45.0, "rotationY": -90.0, "rotationZ": 22.5, "faces": {"up": {"texture": "#straw1", "uv": [8.0, 0.0, 14.0, 8.0], "rotation": 90, "autoUv": false, "windMode": [-1, 7, -1, -1]}}}, {"name": "top9", "from": [-4.0, 5.0, 0.0], "to": [0.0, 5.0, 2], "rotationOrigin": [0.0, 5.0, 8.0], "rotationZ": 22.5, "faces": {"up": {"texture": "#straw1", "uv": [0, 12.0, 2, 16.0], "rotation": 90, "autoUv": false, "windMode": [7, 7, -1, -1]}}}]}, {"name": "1", "from": [6.0, 1.5, 2], "to": [12.0, 6.5, 4], "rotationOrigin": [11.5, 1.5, 8.0], "rotationZ": 6.0, "faces": {"north": {"texture": "#normal-side", "uv": [2.0, 0.0, 7.0, 6.0], "rotation": 270}, "east": {"texture": "#normal-top", "uv": [2, 0.0, 4, 5.0]}, "south": {"texture": "#normal-side", "uv": [0.0, 0.0, 5.0, 6.0], "rotation": 90}, "west": {"texture": "#normal-top", "uv": [2, 0.0, 4, 5.0]}, "up": {"texture": "#normal-side", "uv": [2, 0.0, 4, 6.0], "rotation": 90}, "down": {"texture": "#normal-side", "uv": [2, 0.0, 4, 6.0], "rotation": 270}}, "children": [{"name": "top9", "from": [-4.0, 5.0, 0.0], "to": [0.0, 5.0, 2], "rotationOrigin": [0.0, 5.0, 8.0], "rotationZ": 22.5, "faces": {"up": {"texture": "#straw1", "uv": [2, 12.0, 4, 16.0], "rotation": 90, "autoUv": false, "windMode": [7, 7, -1, -1]}}}]}, {"name": "2", "from": [6.0, 1.5, 4], "to": [12.0, 6.5, 6], "rotationOrigin": [11.5, 1.5, 8.0], "rotationZ": 6.0, "faces": {"north": {"texture": "#normal-side", "uv": [2.0, 0.0, 7.0, 6.0], "rotation": 270}, "east": {"texture": "#normal-top", "uv": [4, 0.0, 6, 5.0]}, "south": {"texture": "#normal-side", "uv": [0.0, 0.0, 5.0, 6.0], "rotation": 90}, "west": {"texture": "#normal-top", "uv": [4, 0.0, 6, 5.0]}, "up": {"texture": "#normal-side", "uv": [4, 0.0, 6, 6.0], "rotation": 90}, "down": {"texture": "#normal-side", "uv": [4, 0.0, 6, 6.0], "rotation": 270}}, "children": [{"name": "top9", "from": [-4.0, 5.0, 0.0], "to": [0.0, 5.0, 2], "rotationOrigin": [0.0, 5.0, 8.0], "rotationZ": 22.5, "faces": {"up": {"texture": "#straw1", "uv": [4, 12.0, 6, 16.0], "rotation": 90, "autoUv": false, "windMode": [7, 7, -1, -1]}}}]}, {"name": "3", "from": [6.0, 1.5, 6], "to": [12.0, 6.5, 8], "rotationOrigin": [11.5, 1.5, 8.0], "rotationZ": 6.0, "faces": {"north": {"texture": "#normal-side", "uv": [2.0, 0.0, 7.0, 6.0], "rotation": 270}, "east": {"texture": "#normal-top", "uv": [6, 0.0, 8, 5.0]}, "south": {"texture": "#normal-side", "uv": [0.0, 0.0, 5.0, 6.0], "rotation": 90}, "west": {"texture": "#normal-top", "uv": [6, 0.0, 8, 5.0]}, "up": {"texture": "#normal-side", "uv": [6, 0.0, 8, 6.0], "rotation": 90}, "down": {"texture": "#normal-side", "uv": [6, 0.0, 8, 6.0], "rotation": 270}}, "children": [{"name": "top9", "from": [-4.0, 5.0, 0.0], "to": [0.0, 5.0, 2], "rotationOrigin": [0.0, 5.0, 8.0], "rotationZ": 22.5, "faces": {"up": {"texture": "#straw1", "uv": [6, 12.0, 8, 16.0], "rotation": 90, "autoUv": false, "windMode": [7, 7, -1, -1]}}}]}, {"name": "4", "from": [6.0, 1.5, 8], "to": [12.0, 6.5, 10], "rotationOrigin": [11.5, 1.5, 8.0], "rotationZ": 6.0, "faces": {"north": {"texture": "#normal-side", "uv": [2.0, 0.0, 7.0, 6.0], "rotation": 270}, "east": {"texture": "#normal-top", "uv": [8, 0.0, 10, 5.0]}, "south": {"texture": "#normal-side", "uv": [0.0, 0.0, 5.0, 6.0], "rotation": 90}, "west": {"texture": "#normal-top", "uv": [8, 0.0, 10, 5.0]}, "up": {"texture": "#normal-side", "uv": [8, 0.0, 10, 6.0], "rotation": 90}, "down": {"texture": "#normal-side", "uv": [8, 0.0, 10, 6.0], "rotation": 270}}, "children": [{"name": "top9", "from": [-4.0, 5.0, 0.0], "to": [0.0, 5.0, 2], "rotationOrigin": [0.0, 5.0, 8.0], "rotationZ": 22.5, "faces": {"up": {"texture": "#straw1", "uv": [8, 12.0, 10, 16.0], "rotation": 90, "autoUv": false, "windMode": [7, 7, -1, -1]}}}]}, {"name": "5", "from": [6.0, 1.5, 10], "to": [12.0, 6.5, 12], "rotationOrigin": [11.5, 1.5, 8.0], "rotationZ": 6.0, "faces": {"north": {"texture": "#normal-side", "uv": [2.0, 0.0, 7.0, 6.0], "rotation": 270}, "east": {"texture": "#normal-top", "uv": [10, 0.0, 12, 5.0]}, "south": {"texture": "#normal-side", "uv": [0.0, 0.0, 5.0, 6.0], "rotation": 90}, "west": {"texture": "#normal-top", "uv": [10, 0.0, 12, 5.0]}, "up": {"texture": "#normal-side", "uv": [10, 0.0, 12, 6.0], "rotation": 90}, "down": {"texture": "#normal-side", "uv": [10, 0.0, 12, 6.0], "rotation": 270}}, "children": [{"name": "top9", "from": [-4.0, 5.0, 0.0], "to": [0.0, 5.0, 2], "rotationOrigin": [0.0, 5.0, 8.0], "rotationZ": 22.5, "faces": {"up": {"texture": "#straw1", "uv": [10, 12.0, 12, 16.0], "rotation": 90, "autoUv": false, "windMode": [7, 7, -1, -1]}}}]}, {"name": "6", "from": [6.0, 1.5, 12], "to": [12.0, 6.5, 14], "rotationOrigin": [11.5, 1.5, 8.0], "rotationZ": 6.0, "faces": {"north": {"texture": "#normal-side", "uv": [2.0, 0.0, 7.0, 6.0], "rotation": 270}, "east": {"texture": "#normal-top", "uv": [12, 0.0, 14, 5.0]}, "south": {"texture": "#normal-side", "uv": [0.0, 0.0, 5.0, 6.0], "rotation": 90}, "west": {"texture": "#normal-top", "uv": [12, 0.0, 14, 5.0]}, "up": {"texture": "#normal-side", "uv": [12, 0.0, 14, 6.0], "rotation": 90}, "down": {"texture": "#normal-side", "uv": [12, 0.0, 14, 6.0], "rotation": 270}}, "children": [{"name": "top9", "from": [-4.0, 5.0, 0.0], "to": [0.0, 5.0, 2], "rotationOrigin": [0.0, 5.0, 8.0], "rotationZ": 22.5, "faces": {"up": {"texture": "#straw1", "uv": [12, 12.0, 14, 16.0], "rotation": 90, "autoUv": false, "windMode": [7, 7, -1, -1]}}}]}, {"name": "7", "from": [6.0, 1.5, 14], "to": [12.0, 6.5, 16], "rotationOrigin": [11.5, 1.5, 8.0], "rotationZ": 6.0, "faces": {"north": {"texture": "#normal-side", "uv": [2.0, 0.0, 7.0, 6.0], "rotation": 270}, "east": {"texture": "#normal-top", "uv": [14, 0.0, 16, 5.0]}, "south": {"texture": "#normal-side", "uv": [0.0, 0.0, 5.0, 6.0], "rotation": 90}, "west": {"texture": "#normal-top", "uv": [14, 0.0, 16, 5.0]}, "up": {"texture": "#normal-side", "uv": [14, 0.0, 16, 6.0], "rotation": 90}, "down": {"texture": "#normal-side", "uv": [14, 0.0, 16, 6.0], "rotation": 270}}, "children": [{"name": "right2", "from": [1.0, 3.0, -6.95], "to": [9.0, 3.0, -0.9499999999999993], "rotationOrigin": [9.0, 3.0, 2.0500000000000007], "rotationX": 67.5, "rotationY": 90.0, "faces": {"up": {"texture": "#straw1", "uv": [2.0, 0.0, 8.0, 8.0], "rotation": 90, "autoUv": false, "windMode": [7, -1, -1, -1]}}}, {"name": "right3", "from": [5.0, 5.0, -6.95], "to": [9.0, 5.0, -0.9499999999999993], "rotationOrigin": [9.0, 5.0, 2.0500000000000007], "rotationX": 45.0, "rotationY": 90.0, "faces": {"up": {"texture": "#straw1", "uv": [2.0, 11.5, 8.0, 15.5], "rotation": 90, "autoUv": false, "windMode": [7, -1, -1, -1]}}}, {"name": "top9", "from": [-4.0, 5.0, 0.0], "to": [0.0, 5.0, 2], "rotationOrigin": [0.0, 5.0, 8.0], "rotationZ": 22.5, "faces": {"up": {"texture": "#straw1", "uv": [14, 12.0, 16, 16.0], "rotation": 90, "autoUv": false, "windMode": [7, 7, -1, -1]}}}]}]}, {"name": "2", "from": [0.0, 0.0, 0.01], "to": [0.0, 0.0, 0.01], "faces": {}, "children": [{"name": "0", "from": [2.0, -1.0, 0], "to": [8.0, 4.0, 2], "rotationOrigin": [6.0, -1.0, 8.0], "rotationZ": 6.0, "faces": {"north": {"texture": "#normal-side", "uv": [2.0, 0.0, 7.0, 6.0], "rotation": 270}, "east": {"texture": "#normal-top", "uv": [0, 6.0, 2, 11.0]}, "south": {"texture": "#normal-side", "uv": [0.0, 0.0, 5.0, 6.0], "rotation": 90}, "west": {"texture": "#normal-top", "uv": [0, 0.0, 2, 5.0]}, "up": {"texture": "#normal-side", "uv": [0, 0.0, 2, 6.0], "rotation": 90}, "down": {"texture": "#normal-side", "uv": [0, 0.0, 2, 6.0], "rotation": 270}}, "children": [{"name": "left4", "from": [10.0, 5.0, 10.0], "to": [16.0, 5.0, 16.0], "rotationOrigin": [16.0, 5.0, 0.0], "rotationX": -90.0, "rotationY": -90.0, "rotationZ": -22.5, "faces": {"up": {"texture": "#straw1", "uv": [0.0, 0.5, 6.0, 6.5], "rotation": 90, "autoUv": false, "windMode": [-1, 7, -1, -1]}}}]}, {"name": "1", "from": [2.0, -1.0, 2], "to": [8.0, 4.0, 4], "rotationOrigin": [6.0, -1.0, 8.0], "rotationZ": 6.0, "faces": {"north": {"texture": "#normal-side", "uv": [2.0, 0.0, 7.0, 6.0], "rotation": 270}, "east": {"texture": "#normal-top", "uv": [2, 6.0, 4, 11.0]}, "south": {"texture": "#normal-side", "uv": [0.0, 0.0, 5.0, 6.0], "rotation": 90}, "west": {"texture": "#normal-top", "uv": [2, 0.0, 4, 5.0]}, "up": {"texture": "#normal-side", "uv": [2, 0.0, 4, 6.0], "rotation": 90}, "down": {"texture": "#normal-side", "uv": [2, 0.0, 4, 6.0], "rotation": 270}}, "children": []}, {"name": "2", "from": [2.0, -1.0, 4], "to": [8.0, 4.0, 6], "rotationOrigin": [6.0, -1.0, 8.0], "rotationZ": 6.0, "faces": {"north": {"texture": "#normal-side", "uv": [2.0, 0.0, 7.0, 6.0], "rotation": 270}, "east": {"texture": "#normal-top", "uv": [4, 6.0, 6, 11.0]}, "south": {"texture": "#normal-side", "uv": [0.0, 0.0, 5.0, 6.0], "rotation": 90}, "west": {"texture": "#normal-top", "uv": [4, 0.0, 6, 5.0]}, "up": {"texture": "#normal-side", "uv": [4, 0.0, 6, 6.0], "rotation": 90}, "down": {"texture": "#normal-side", "uv": [4, 0.0, 6, 6.0], "rotation": 270}}, "children": []}, {"name": "3", "from": [2.0, -1.0, 6], "to": [8.0, 4.0, 8], "rotationOrigin": [6.0, -1.0, 8.0], "rotationZ": 6.0, "faces": {"north": {"texture": "#normal-side", "uv": [2.0, 0.0, 7.0, 6.0], "rotation": 270}, "east": {"texture": "#normal-top", "uv": [6, 6.0, 8, 11.0]}, "south": {"texture": "#normal-side", "uv": [0.0, 0.0, 5.0, 6.0], "rotation": 90}, "west": {"texture": "#normal-top", "uv": [6, 0.0, 8, 5.0]}, "up": {"texture": "#normal-side", "uv": [6, 0.0, 8, 6.0], "rotation": 90}, "down": {"texture": "#normal-side", "uv": [6, 0.0, 8, 6.0], "rotation": 270}}, "children": []}, {"name": "4", "from": [2.0, -1.0, 8], "to": [8.0, 4.0, 10], "rotationOrigin": [6.0, -1.0, 8.0], "rotationZ": 6.0, "faces": {"north": {"texture": "#normal-side", "uv": [2.0, 0.0, 7.0, 6.0], "rotation": 270}, "east": {"texture": "#normal-top", "uv": [8, 6.0, 10, 11.0]}, "south": {"texture": "#normal-side", "uv": [0.0, 0.0, 5.0, 6.0], "rotation": 90}, "west": {"texture": "#normal-top", "uv": [8, 0.0, 10, 5.0]}, "up": {"texture": "#normal-side", "uv": [8, 0.0, 10, 6.0], "rotation": 90}, "down": {"texture": "#normal-side", "uv": [8, 0.0, 10, 6.0], "rotation": 270}}, "children": []}, {"name": "5", "from": [2.0, -1.0, 10], "to": [8.0, 4.0, 12], "rotationOrigin": [6.0, -1.0, 8.0], "rotationZ": 6.0, "faces": {"north": {"texture": "#normal-side", "uv": [2.0, 0.0, 7.0, 6.0], "rotation": 270}, "east": {"texture": "#normal-top", "uv": [10, 6.0, 12, 11.0]}, "south": {"texture": "#normal-side", "uv": [0.0, 0.0, 5.0, 6.0], "rotation": 90}, "west": {"texture": "#normal-top", "uv": [10, 0.0, 12, 5.0]}, "up": {"texture": "#normal-side", "uv": [10, 0.0, 12, 6.0], "rotation": 90}, "down": {"texture": "#normal-side", "uv": [10, 0.0, 12, 6.0], "rotation": 270}}, "children": []}, {"name": "6", "from": [2.0, -1.0, 12], "to": [8.0, 4.0, 14], "rotationOrigin": [6.0, -1.0, 8.0], "rotationZ": 6.0, "faces": {"north": {"texture": "#normal-side", "uv": [2.0, 0.0, 7.0, 6.0], "rotation": 270}, "east": {"texture": "#normal-top", "uv": [12, 6.0, 14, 11.0]}, "south": {"texture": "#normal-side", "uv": [0.0, 0.0, 5.0, 6.0], "rotation": 90}, "west": {"texture": "#normal-top", "uv": [12, 0.0, 14, 5.0]}, "up": {"texture": "#normal-side", "uv": [12, 0.0, 14, 6.0], "rotation": 90}, "down": {"texture": "#normal-side", "uv": [12, 0.0, 14, 6.0], "rotation": 270}}, "children": []}, {"name": "7", "from": [2.0, -1.0, 14], "to": [8.0, 4.0, 16], "rotationOrigin": [6.0, -1.0, 8.0], "rotationZ": 6.0, "faces": {"north": {"texture": "#normal-side", "uv": [2.0, 0.0, 7.0, 6.0], "rotation": 270}, "east": {"texture": "#normal-top", "uv": [14, 6.0, 16, 11.0]}, "south": {"texture": "#normal-side", "uv": [0.0, 0.0, 5.0, 6.0], "rotation": 90}, "west": {"texture": "#normal-top", "uv": [14, 0.0, 16, 5.0]}, "up": {"texture": "#normal-side", "uv": [14, 0.0, 16, 6.0], "rotation": 90}, "down": {"texture": "#normal-side", "uv": [14, 0.0, 16, 6.0], "rotation": 270}}, "children": [{"name": "right4", "from": [-6.0, 5.0, 2.0], "to": [0.0, 5.0, 8.0], "rotationOrigin": [0.0, 5.0, 2.0], "rotationX": 67.5, "rotationY": 90.0, "faces": {"up": {"texture": "#straw1", "uv": [10.0, 0.5, 16.0, 6.5], "rotation": 90, "autoUv": false, "windMode": [7, -1, -1, -1]}}}]}]}, {"name": "3", "from": [0.0, 0.0, 0], "to": [0.0, 0.0, 0], "faces": {}, "children": [{"name": "0", "from": [-4.0, -1.0, 0], "to": [2.0, 4.0, 2], "rotationOrigin": [6.0, -1.0, 8.0], "rotationZ": 6.0, "faces": {"north": {"texture": "#normal-side", "uv": [2.0, 0.0, 7.0, 6.0], "rotation": 270}, "east": {"texture": "#normal-top", "uv": [0, 6.0, 2, 11.0]}, "south": {"texture": "#normal-side", "uv": [0.0, 0.0, 5.0, 6.0], "rotation": 90}, "west": {"texture": "#normal-top", "uv": [0, 0.0, 2, 5.0]}, "up": {"texture": "#normal-side", "uv": [0, 0.0, 2, 6.0], "rotation": 90}, "down": {"texture": "#normal-side", "uv": [0, 0.0, 2, 6.0], "rotation": 270}}, "children": [{"name": "left5", "from": [10.0, 5.0, 10.0], "to": [16.0, 5.0, 16.0], "rotationOrigin": [16.0, 5.0, 0.0], "rotationX": -90.0, "rotationY": -90.0, "rotationZ": -22.5, "faces": {"up": {"texture": "#straw1", "uv": [10.0, 0.5, 16.0, 6.5], "rotation": 90, "autoUv": false, "windMode": [-1, 7, -1, -1]}}}, {"name": "top2", "from": [-4.0, 0.0, 0.0], "to": [2.0, 0.0, 2], "rotationOrigin": [-5.0, 0.0, 8.0], "rotationZ": 45.0, "faces": {"up": {"texture": "#straw1", "uv": [0, 10.0, 2, 16.0], "rotation": 90, "autoUv": false, "windMode": [7, 7, -1, -1]}}}]}, {"name": "1", "from": [-4.0, -1.0, 2], "to": [2.0, 4.0, 4], "rotationOrigin": [6.0, -1.0, 8.0], "rotationZ": 6.0, "faces": {"north": {"texture": "#normal-side", "uv": [2.0, 0.0, 7.0, 6.0], "rotation": 270}, "east": {"texture": "#normal-top", "uv": [2, 6.0, 4, 11.0]}, "south": {"texture": "#normal-side", "uv": [0.0, 0.0, 5.0, 6.0], "rotation": 90}, "west": {"texture": "#normal-top", "uv": [2, 0.0, 4, 5.0]}, "up": {"texture": "#normal-side", "uv": [2, 0.0, 4, 6.0], "rotation": 90}, "down": {"texture": "#normal-side", "uv": [2, 0.0, 4, 6.0], "rotation": 270}}, "children": [{"name": "top2", "from": [-4.0, 0.0, 0.0], "to": [2.0, 0.0, 2], "rotationOrigin": [-5.0, 0.0, 8.0], "rotationZ": 45.0, "faces": {"up": {"texture": "#straw1", "uv": [2, 10.0, 4, 16.0], "rotation": 90, "autoUv": false, "windMode": [7, 7, -1, -1]}}}]}, {"name": "2", "from": [-4.0, -1.0, 4], "to": [2.0, 4.0, 6], "rotationOrigin": [6.0, -1.0, 8.0], "rotationZ": 6.0, "faces": {"north": {"texture": "#normal-side", "uv": [2.0, 0.0, 7.0, 6.0], "rotation": 270}, "east": {"texture": "#normal-top", "uv": [4, 6.0, 6, 11.0]}, "south": {"texture": "#normal-side", "uv": [0.0, 0.0, 5.0, 6.0], "rotation": 90}, "west": {"texture": "#normal-top", "uv": [4, 0.0, 6, 5.0]}, "up": {"texture": "#normal-side", "uv": [4, 0.0, 6, 6.0], "rotation": 90}, "down": {"texture": "#normal-side", "uv": [4, 0.0, 6, 6.0], "rotation": 270}}, "children": [{"name": "top2", "from": [-4.0, 0.0, 0.0], "to": [2.0, 0.0, 2], "rotationOrigin": [-5.0, 0.0, 8.0], "rotationZ": 45.0, "faces": {"up": {"texture": "#straw1", "uv": [4, 10.0, 6, 16.0], "rotation": 90, "autoUv": false, "windMode": [7, 7, -1, -1]}}}]}, {"name": "3", "from": [-4.0, -1.0, 6], "to": [2.0, 4.0, 8], "rotationOrigin": [6.0, -1.0, 8.0], "rotationZ": 6.0, "faces": {"north": {"texture": "#normal-side", "uv": [2.0, 0.0, 7.0, 6.0], "rotation": 270}, "east": {"texture": "#normal-top", "uv": [6, 6.0, 8, 11.0]}, "south": {"texture": "#normal-side", "uv": [0.0, 0.0, 5.0, 6.0], "rotation": 90}, "west": {"texture": "#normal-top", "uv": [6, 0.0, 8, 5.0]}, "up": {"texture": "#normal-side", "uv": [6, 0.0, 8, 6.0], "rotation": 90}, "down": {"texture": "#normal-side", "uv": [6, 0.0, 8, 6.0], "rotation": 270}}, "children": [{"name": "top2", "from": [-4.0, 0.0, 0.0], "to": [2.0, 0.0, 2], "rotationOrigin": [-5.0, 0.0, 8.0], "rotationZ": 45.0, "faces": {"up": {"texture": "#straw1", "uv": [6, 10.0, 8, 16.0], "rotation": 90, "autoUv": false, "windMode": [7, 7, -1, -1]}}}]}, {"name": "4", "from": [-4.0, -1.0, 8], "to": [2.0, 4.0, 10], "rotationOrigin": [6.0, -1.0, 8.0], "rotationZ": 6.0, "faces": {"north": {"texture": "#normal-side", "uv": [2.0, 0.0, 7.0, 6.0], "rotation": 270}, "east": {"texture": "#normal-top", "uv": [8, 6.0, 10, 11.0]}, "south": {"texture": "#normal-side", "uv": [0.0, 0.0, 5.0, 6.0], "rotation": 90}, "west": {"texture": "#normal-top", "uv": [8, 0.0, 10, 5.0]}, "up": {"texture": "#normal-side", "uv": [8, 0.0, 10, 6.0], "rotation": 90}, "down": {"texture": "#normal-side", "uv": [8, 0.0, 10, 6.0], "rotation": 270}}, "children": [{"name": "top2", "from": [-4.0, 0.0, 0.0], "to": [2.0, 0.0, 2], "rotationOrigin": [-5.0, 0.0, 8.0], "rotationZ": 45.0, "faces": {"up": {"texture": "#straw1", "uv": [8, 10.0, 10, 16.0], "rotation": 90, "autoUv": false, "windMode": [7, 7, -1, -1]}}}]}, {"name": "5", "from": [-4.0, -1.0, 10], "to": [2.0, 4.0, 12], "rotationOrigin": [6.0, -1.0, 8.0], "rotationZ": 6.0, "faces": {"north": {"texture": "#normal-side", "uv": [2.0, 0.0, 7.0, 6.0], "rotation": 270}, "east": {"texture": "#normal-top", "uv": [10, 6.0, 12, 11.0]}, "south": {"texture": "#normal-side", "uv": [0.0, 0.0, 5.0, 6.0], "rotation": 90}, "west": {"texture": "#normal-top", "uv": [10, 0.0, 12, 5.0]}, "up": {"texture": "#normal-side", "uv": [10, 0.0, 12, 6.0], "rotation": 90}, "down": {"texture": "#normal-side", "uv": [10, 0.0, 12, 6.0], "rotation": 270}}, "children": [{"name": "top2", "from": [-4.0, 0.0, 0.0], "to": [2.0, 0.0, 2], "rotationOrigin": [-5.0, 0.0, 8.0], "rotationZ": 45.0, "faces": {"up": {"texture": "#straw1", "uv": [10, 10.0, 12, 16.0], "rotation": 90, "autoUv": false, "windMode": [7, 7, -1, -1]}}}]}, {"name": "6", "from": [-4.0, -1.0, 12], "to": [2.0, 4.0, 14], "rotationOrigin": [6.0, -1.0, 8.0], "rotationZ": 6.0, "faces": {"north": {"texture": "#normal-side", "uv": [2.0, 0.0, 7.0, 6.0], "rotation": 270}, "east": {"texture": "#normal-top", "uv": [12, 6.0, 14, 11.0]}, "south": {"texture": "#normal-side", "uv": [0.0, 0.0, 5.0, 6.0], "rotation": 90}, "west": {"texture": "#normal-top", "uv": [12, 0.0, 14, 5.0]}, "up": {"texture": "#normal-side", "uv": [12, 0.0, 14, 6.0], "rotation": 90}, "down": {"texture": "#normal-side", "uv": [12, 0.0, 14, 6.0], "rotation": 270}}, "children": [{"name": "top2", "from": [-4.0, 0.0, 0.0], "to": [2.0, 0.0, 2], "rotationOrigin": [-5.0, 0.0, 8.0], "rotationZ": 45.0, "faces": {"up": {"texture": "#straw1", "uv": [12, 10.0, 14, 16.0], "rotation": 90, "autoUv": false, "windMode": [7, 7, -1, -1]}}}]}, {"name": "7", "from": [-4.0, -1.0, 14], "to": [2.0, 4.0, 16], "rotationOrigin": [6.0, -1.0, 8.0], "rotationZ": 6.0, "faces": {"north": {"texture": "#normal-side", "uv": [2.0, 0.0, 7.0, 6.0], "rotation": 270}, "east": {"texture": "#normal-top", "uv": [14, 6.0, 16, 11.0]}, "south": {"texture": "#normal-side", "uv": [0.0, 0.0, 5.0, 6.0], "rotation": 90}, "west": {"texture": "#normal-top", "uv": [14, 0.0, 16, 5.0]}, "up": {"texture": "#normal-side", "uv": [14, 0.0, 16, 6.0], "rotation": 90}, "down": {"texture": "#normal-side", "uv": [14, 0.0, 16, 6.0], "rotation": 270}}, "children": [{"name": "right5", "from": [-6.0, 5.0, 2.0], "to": [0.0, 5.0, 8.0], "rotationOrigin": [0.0, 5.0, 2.0], "rotationX": 67.5, "rotationY": 90.0, "faces": {"up": {"texture": "#straw1", "uv": [0.0, 0.5, 6.0, 6.5], "rotation": 90, "autoUv": false, "windMode": [7, -1, -1, -1]}}}, {"name": "top2", "from": [-4.0, 0.0, 0.0], "to": [2.0, 0.0, 2], "rotationOrigin": [-5.0, 0.0, 8.0], "rotationZ": 45.0, "faces": {"up": {"texture": "#straw1", "uv": [14, 10.0, 16, 16.0], "rotation": 90, "autoUv": false, "windMode": [7, 7, -1, -1]}}}]}]}]}]}]}