[
	{
	"name": "brush-brown-powder",
	"compatibility": [ "em" ],
	"ingredientPattern": "SK,TC,F_",
	"ingredients": {
		"S": { "type": "item", "code": "game:stick" },
		"K": { "type": "item", "code": "game:knife-generic-*", "isTool": true },
		"T": { "type": "item", "code": "wool:fibers-generic-plain", "quantity": 2 },
		"F": { "type": "item", "code": "game:fat" },
		"C": { "type": "item", "code": "em:powdered-ore-*", "name": "brown", "allowedVariants": [ "hematite" ] }
	},
	"width": 2,
	"height": 3,
	"output": { "type": "item", "code": "tailorsdelight:brush-dry-brown" }
	},

	{
	"name": "brush-brown-stone",
	"compatibility": [ "em" ],
	"ingredientPattern": "SK,TC,F_",
	"ingredients": {
		"S": { "type": "item", "code": "game:stick" },
		"K": { "type": "item", "code": "game:knife-generic-*", "isTool": true },
		"T": { "type": "item", "code": "wool:fibers-generic-plain", "quantity": 2 },
		"F": { "type": "item", "code": "game:fat" },
		"C": { "type": "item", "code": "em:powdered-stone-*", "name": "brown", "allowedVariants": [ "slate" ] }
	},
	"width": 2,
	"height": 3,
	"output": { "type": "item", "code": "tailorsdelight:brush-dry-brown" }
	},

	{
	"name": "brush-brown-metal",
	"compatibility": [ "em" ],
	"ingredientPattern": "SK,TC,F_",
	"ingredients": {
		"S": { "type": "item", "code": "game:stick" },
		"K": { "type": "item", "code": "game:knife-generic-*", "isTool": true },
		"T": { "type": "item", "code": "wool:fibers-generic-plain", "quantity": 2 },
		"F": { "type": "item", "code": "game:fat" },
		"C": { "type": "item", "code": "em:powdered-metal-*", "name": "brown", "allowedVariants": [ "chromite", "rusty" ] }
	},
	"width": 2,
	"height": 3,
	"output": { "type": "item", "code": "tailorsdelight:brush-dry-brown" }
	}
]
