[
	{
	"name": "brush-black-nugget",
	"ingredientPattern": "SK,TC",
	"ingredients": {
		"S": { "type": "item", "code": "game:stick" },
		"K": { "type": "item", "code": "game:knife-generic-*", "isTool": true },
		"T": { "type": "item", "code": "wool:fibers-generic-plain", "quantity": 2 },
		"C": { "type": "item", "code": "game:nugget-*", "name": "black", "allowedVariants": [ "cassiterite" ] }
	},
	"recipeGroup": 2,
	"width": 2,
	"height": 2,
	"output": { "type": "item", "code": "tailorsdelight:brush-dry-black" }
	},

	{
	"name": "brush-black-charcoal",
	"ingredientPattern": "SK,TC,F_",
	"ingredients": {
		"S": { "type": "item", "code": "game:stick" },
		"K": { "type": "item", "code": "game:knife-generic-*", "isTool": true },
		"T": { "type": "item", "code": "wool:fibers-generic-plain", "quantity": 2 },
		"F": { "type": "item", "code": "game:fat" },
		"C": { "type": "item", "code": "game:charcoal" }
	},
	"width": 2,
	"height": 3,
	"output": { "type": "item", "code": "tailorsdelight:brush-dry-black" }
	},

	{
	"name": "brush-black-powder",
	"compatibility": [ "em" ],
	"ingredientPattern": "SK,TC,F_",
	"ingredients": {
		"S": { "type": "item", "code": "game:stick" },
		"K": { "type": "item", "code": "game:knife-generic-*", "isTool": true },
		"T": { "type": "item", "code": "wool:fibers-generic-plain", "quantity": 2 },
		"F": { "type": "item", "code": "game:fat" },
		"C": { "type": "item", "code": "em:powdered-ore-*", "name": "black", "allowedVariants": [ "coal", "magnetite", "manganesedioxide" ] }
	},
	"width": 2,
	"height": 3,
	"output": { "type": "item", "code": "tailorsdelight:brush-dry-black" }
	},

	{
	"name": "brush-black-charcoal_powder",
	"ingredientPattern": "SK,TC,F_",
	"ingredients": {
		"S": { "type": "item", "code": "game:stick" },
		"K": { "type": "item", "code": "game:knife-generic-*", "isTool": true },
		"T": { "type": "item", "code": "wool:fibers-generic-plain", "quantity": 2 },
		"F": { "type": "item", "code": "game:fat" },
		"C": { "type": "item", "code": "game:powder-charcoal" }
	},
	"width": 2,
	"height": 3,
	"output": { "type": "item", "code": "tailorsdelight:brush-dry-black" }
	},

	{
	"name": "brush-black-stone",
	"compatibility": [ "em" ],
	"ingredientPattern": "SK,TC,F_",
	"ingredients": {
		"S": { "type": "item", "code": "game:stick" },
		"K": { "type": "item", "code": "game:knife-generic-*", "isTool": true },
		"T": { "type": "item", "code": "wool:fibers-generic-plain", "quantity": 2 },
		"F": { "type": "item", "code": "game:fat" },
		"C": { "type": "item", "code": "em:powdered-stone-*", "name": "black", "allowedVariants": [ "obsidian", "basalt" ] }
	},
	"width": 2,
	"height": 3,
	"output": { "type": "item", "code": "tailorsdelight:brush-dry-black" }
	}
]
