[
	{
	"name": "brush-white-powder",
	"compatibility": [ "em" ],
	"ingredientPattern": "SK,TC,F_",
	"ingredients": {
		"S": { "type": "item", "code": "game:stick" },
		"K": { "type": "item", "code": "game:knife-generic-*", "isTool": true },
		"T": { "type": "item", "code": "wool:fibers-generic-plain", "quantity": 2 },
		"F": { "type": "item", "code": "game:fat" },
		"C": { "type": "item", "code": "em:powdered-ore-*", "name": "white", "allowedVariants": [ "cassiterite", "ilmenite", "zincoxide", "whitelead" ] }
	},
	"width": 2,
	"height": 3,
	"output": { "type": "item", "code": "tailorsdelight:brush-dry-white" }
	},

	{
	"name": "brush-white-stone",
	"ingredientPattern": "SK,TC,F_",
	"ingredients": {
		"S": { "type": "item", "code": "game:stick" },
		"K": { "type": "item", "code": "game:knife-generic-*", "isTool": true },
		"T": { "type": "item", "code": "wool:fibers-generic-plain", "quantity": 2 },
		"F": { "type": "item", "code": "game:fat" },
		"C": { "type": "item", "code": "game:lime" }
	},
	"width": 2,
	"height": 3,
	"output": { "type": "item", "code": "tailorsdelight:brush-dry-white" }
	},

	{
	"name": "brush-white-borax",
	"ingredientPattern": "SK,TC,F_",
	"ingredients": {
		"S": { "type": "item", "code": "game:stick" },
		"K": { "type": "item", "code": "game:knife-generic-*", "isTool": true },
		"T": { "type": "item", "code": "wool:fibers-generic-plain", "quantity": 2 },
		"F": { "type": "item", "code": "game:fat" },
		"C": { "type": "item", "code": "game:powder-borax" }
	},
	"width": 2,
	"height": 3,
	"output": { "type": "item", "code": "tailorsdelight:brush-dry-white" }
	}
]
