[
	{
		"dependsOn": [
			{ "modid": "floralzonescaribbeanregion" }
		],
		"file": "millwright:recipes/grid/windmillrotorud.json",
		"op": "addmerge",
		"path": "/-",
		"value": {
			"ingredientPattern": "_H_,MCM,ELF",
			"enabled": true,
			"shapeless": false,
			"recipegroup": 2,
			"ingredients": {
				"H": {
					"type": "item",
					"code": "game:hammer-*",
					"isTool": true
				},
				"C": {
					"type": "item",
					"code": "game:chisel-*",
					"isTool": true
				},
				"L": {
					"type": "block",
					"code": "floralzonescaribbeanregion:log-placed-*-ud",
					"name": "wood",
					"quantity": 1
				},
				"E": {
					"type": "item",
					"code": "game:resin"
				},
				"M": {
					"type": "item",
					"code": "game:metalplate-iron"
				},
				"F": {
					"type": "item",
					"code": "game:fat"
				}
			},
			"width": 3,
			"height": 3,
			"output": {
				"type": "block",
				"code": "millwright:windmillrotorud-three-up",
				"quantity": 1
			}
		}
	}
]