{
	"editor": {
		"collapsedPaths": "Root/origin/shaft1/socket,Root/origin/shaft1/shaft2",
		"allAngles": false,
		"entityTextureMode": false
	},
	"textureWidth": 16,
	"textureHeight": 16,
	"textureSizes": {
		"blackbronze": [16,16],
		"metal": [16,16],
		"wood": [16,16],
		"handle": [16,16]
	},
	"textures": {
		"blackbronze": "game:block/metal/ingot/copper"
	},
	"elements": [
		{
			"name": "origin",
			"from": [ -7.0, 0.0, 8.0 ],
			"to": [ -7.0, 0.0, 8.0 ],
			"rotationOrigin": [ -7.0, 0.0, 8.0 ],
			"faces": {
			},
			"children": [
				{
					"name": "socket",
					"from": [ 8.0, -1.2, -1.2 ],
					"to": [ 10.0, 0.7, 0.7 ],
					"rotationOrigin": [ 8.0, -0.15, -0.25 ],
					"rotationX": 90.0,
					"faces": {
						"north": { "texture": "#blackbronze", "uv": [ 13.0, 4.0, 15.0, 5.5 ] },
						"east": { "texture": "#blackbronze", "uv": [ 5.5, 6.0, 7.0, 7.5 ] },
						"south": { "texture": "#blackbronze", "uv": [ 0.0, 4.5, 2.0, 6.0 ] },
						"west": { "texture": "#blackbronze", "uv": [ 10.0, 10.0, 11.5, 11.5 ] },
						"up": { "texture": "#blackbronze", "uv": [ 3.0, 0.0, 5.0, 1.5 ] },
						"down": { "texture": "#blackbronze", "uv": [ 4.5, 13.5, 6.5, 15.0 ] }
					},
					"children": [
						{
							"name": "shaft",
							"from": [ 2.0, 0.3, 0.3 ],
							"to": [ 5.0, 1.6, 1.6 ],
							"rotationOrigin": [ 2.0, 0.95, 0.95 ],
							"faces": {
								"north": { "texture": "#blackbronze", "uv": [ 11.5, 1.5, 14.5, 2.5 ], "windMode": [-1,-1,-1,-1] },
								"east": { "texture": "#blackbronze", "uv": [ 3.5, 7.5, 4.5, 8.5 ] },
								"south": { "texture": "#blackbronze", "uv": [ 8.5, 3.5, 11.5, 4.5 ] },
								"up": { "texture": "#blackbronze", "uv": [ 2.0, 4.0, 5.0, 5.0 ] },
								"down": { "texture": "#blackbronze", "uv": [ 2.0, 7.5, 5.0, 8.5 ] }
							},
							"children": [
								{
									"name": "bar",
									"from": [ 3.0, 0.35, -1.85 ],
									"to": [ 4.0, 0.85, 3.15 ],
									"rotationOrigin": [ 3.0, 0.6, 0.6 ],
									"faces": {
										"north": { "texture": "#blackbronze", "uv": [ 1.5, 5.0, 2.5, 5.5 ] },
										"east": { "texture": "#blackbronze", "uv": [ 1.5, 7.0, 6.5, 7.5 ] },
										"south": { "texture": "#blackbronze", "uv": [ 10.5, 5.5, 11.5, 6.0 ] },
										"west": { "texture": "#blackbronze", "uv": [ 9.0, 10.0, 14.0, 10.5 ] },
										"up": { "texture": "#blackbronze", "uv": [ 10.0, 7.5, 11.0, 12.5 ] },
										"down": { "texture": "#blackbronze", "uv": [ 1.0, 5.5, 2.0, 10.5 ] }
									},
									"children": [
										{
											"name": "blademiddle1N",
											"from": [ -1.0, 0.01, -0.5 ],
											"to": [ 4.0, 0.51, 0.5 ],
											"rotationOrigin": [ 1.0, 0.25, -0.5 ],
											"rotationY": -3.0,
											"faces": {
												"north": { "texture": "#blackbronze", "uv": [ 4.0, 14.0, 9.0, 14.5 ] },
												"east": { "texture": "#blackbronze", "uv": [ 13.0, 6.0, 14.0, 6.5 ] },
												"south": { "texture": "#blackbronze", "uv": [ 1.5, 10.0, 6.5, 10.5 ] },
												"west": { "texture": "#blackbronze", "uv": [ 6.5, 0.5, 7.5, 1.0 ], "windMode": [-1,-1,-1,-1] },
												"up": { "texture": "#blackbronze", "uv": [ 1.5, 2.5, 6.5, 3.5 ] },
												"down": { "texture": "#blackbronze", "uv": [ 6.0, 2.0, 11.0, 3.0 ] }
											},
											"children": [
												{
													"name": "blademiddle2N",
													"from": [ 5.0, -0.01, 0.0 ],
													"to": [ 8.0, 0.49, 1.0 ],
													"rotationOrigin": [ 5.0, 0.25, 0.0 ],
													"rotationY": -5.0,
													"faces": {
														"north": { "texture": "#blackbronze", "uv": [ 5.0, 4.0, 8.0, 4.5 ] },
														"east": { "texture": "#blackbronze", "uv": [ 10.5, 4.0, 11.5, 4.5 ] },
														"south": { "texture": "#blackbronze", "uv": [ 3.0, 12.5, 6.0, 13.0 ] },
														"up": { "texture": "#blackbronze", "uv": [ 9.5, 9.0, 12.5, 10.0 ] },
														"down": { "texture": "#blackbronze", "uv": [ 3.0, 3.0, 6.0, 4.0 ] }
													},
													"children": [
														{
															"name": "blademiddle3N",
															"from": [ 3.0, 0.0, 0.01 ],
															"to": [ 5.0, 0.5, 1.01 ],
															"rotationOrigin": [ 3.0, 0.22, 1.0 ],
															"rotationY": 5.0,
															"faces": {
																"north": { "texture": "#blackbronze", "uv": [ 5.5, 0.0, 7.5, 0.5 ] },
																"east": { "texture": "#blackbronze", "uv": [ 0.5, 7.5, 1.5, 8.0 ] },
																"south": { "texture": "#blackbronze", "uv": [ 10.5, 14.0, 12.5, 14.5 ] },
																"up": { "texture": "#blackbronze", "uv": [ 4.0, 2.0, 6.0, 3.0 ] },
																"down": { "texture": "#blackbronze", "uv": [ 1.0, 3.0, 3.0, 4.0 ] }
															}
														}
													]
												},
												{
													"name": "blade1N",
													"from": [ 0.0, 0.15, -1.0 ],
													"to": [ 5.0, 0.35, 0.0 ],
													"rotationOrigin": [ 0.0, 0.25, 0.0 ],
													"rotationY": -3.0,
													"faces": {
														"north": { "texture": "#blackbronze", "uv": [ 3.5, 11.0, 8.5, 11.5 ] },
														"east": { "texture": "#blackbronze", "uv": [ 14.0, 12.0, 15.0, 12.5 ] },
														"west": { "texture": "#blackbronze", "uv": [ 11.5, 9.0, 12.5, 9.5 ] },
														"up": { "texture": "#blackbronze", "uv": [ 2.5, 1.0, 7.5, 2.0 ] },
														"down": { "texture": "#blackbronze", "uv": [ 6.0, 13.5, 11.0, 14.5 ] }
													},
													"children": [
														{
															"name": "blade2N",
															"from": [ 5.0, 0.01, 0.0 ],
															"to": [ 8.0, 0.21, 1.0 ],
															"rotationOrigin": [ 5.0, 0.1, 0.0 ],
															"rotationY": -3.0,
															"faces": {
																"north": { "texture": "#blackbronze", "uv": [ 0.0, 14.0, 3.0, 14.5 ] },
																"east": { "texture": "#blackbronze", "uv": [ 0.0, 0.5, 1.0, 1.0 ] },
																"up": { "texture": "#blackbronze", "uv": [ 8.0, 7.5, 11.0, 8.5 ] },
																"down": { "texture": "#blackbronze", "uv": [ 9.0, 1.5, 12.0, 2.5 ] }
															},
															"children": [
																{
																	"name": "blade3N",
																	"from": [ 3.0, -0.01, 0.0 ],
																	"to": [ 6.0, 0.19, 1.0 ],
																	"rotationOrigin": [ 3.0, 0.1, 0.0 ],
																	"rotationY": -3.0,
																	"faces": {
																		"north": { "texture": "#blackbronze", "uv": [ 1.0, 6.5, 4.0, 7.0 ] },
																		"east": { "texture": "#blackbronze", "uv": [ 2.0, 0.5, 3.0, 1.0 ] },
																		"south": { "texture": "#blackbronze", "uv": [ 12.0, 5.5, 15.0, 6.0 ] },
																		"up": { "texture": "#blackbronze", "uv": [ 7.5, 2.0, 10.5, 3.0 ] },
																		"down": { "texture": "#blackbronze", "uv": [ 9.5, 2.0, 12.5, 3.0 ] }
																	},
																	"children": [
																		{
																			"name": "bladetip1N",
																			"from": [ 2.6, 0.01, 0.2 ],
																			"to": [ 3.4, 0.21, 1.0 ],
																			"rotationOrigin": [ 3.0, 0.1, 0.6 ],
																			"rotationY": -45.0,
																			"faces": {
																				"north": { "texture": "#blackbronze", "uv": [ 6.0, 6.5, 6.5, 7.0 ] },
																				"east": { "texture": "#blackbronze", "uv": [ 8.0, 2.5, 8.5, 3.0 ] },
																				"south": { "texture": "#blackbronze", "uv": [ 11.0, 2.5, 11.5, 3.0 ] },
																				"up": { "texture": "#blackbronze", "uv": [ 10.5, 14.5, 11.0, 15.0 ] },
																				"down": { "texture": "#blackbronze", "uv": [ 9.0, 7.5, 9.5, 8.0 ] }
																			}
																		}
																	]
																}
															]
														},
														{
															"name": "bladetip2N",
															"from": [ -0.5, -0.01, 0.2 ],
															"to": [ 0.5, 0.19, 1.2 ],
															"rotationOrigin": [ 0.0, 0.1, 0.7 ],
															"rotationY": 45.0,
															"faces": {
																"north": { "texture": "#blackbronze", "uv": [ 0.0, 9.5, 1.0, 10.0 ] },
																"west": { "texture": "#blackbronze", "uv": [ 7.0, 1.5, 8.0, 2.0 ] },
																"up": { "texture": "#blackbronze", "uv": [ 10.0, 9.5, 11.0, 10.5 ] },
																"down": { "texture": "#blackbronze", "uv": [ 12.5, 8.0, 13.5, 9.0 ] }
															}
														}
													]
												}
											]
										},
										{
											"name": "blademiddle1S",
											"from": [ -1.0, 0.01, 4.5 ],
											"to": [ 4.0, 0.51, 5.5 ],
											"rotationOrigin": [ 1.0, 0.25, 5.5 ],
											"rotationY": 3.0,
											"faces": {
												"north": { "texture": "#blackbronze", "uv": [ 9.5, 7.5, 14.5, 8.0 ] },
												"east": { "texture": "#blackbronze", "uv": [ 7.0, 13.5, 8.0, 14.0 ] },
												"south": { "texture": "#blackbronze", "uv": [ 10.0, 4.0, 15.0, 4.5 ], "windMode": [-1,-1,-1,-1] },
												"west": { "texture": "#blackbronze", "uv": [ 14.0, 12.0, 15.0, 12.5 ], "windMode": [-1,-1,-1,-1] },
												"up": { "texture": "#blackbronze", "uv": [ 5.0, 7.5, 10.0, 8.5 ] },
												"down": { "texture": "#blackbronze", "uv": [ 4.5, 8.5, 9.5, 9.5 ] }
											},
											"children": [
												{
													"name": "blademiddle2S",
													"from": [ 5.0, -0.01, 0.0 ],
													"to": [ 8.0, 0.49, 1.0 ],
													"rotationOrigin": [ 5.0, 0.25, 1.0 ],
													"rotationY": 5.0,
													"faces": {
														"north": { "texture": "#blackbronze", "uv": [ 9.0, 0.0, 12.0, 0.5 ] },
														"east": { "texture": "#blackbronze", "uv": [ 9.0, 4.5, 10.0, 5.0 ] },
														"south": { "texture": "#blackbronze", "uv": [ 10.0, 5.0, 13.0, 5.5 ] },
														"up": { "texture": "#blackbronze", "uv": [ 10.0, 3.0, 13.0, 4.0 ] },
														"down": { "texture": "#blackbronze", "uv": [ 1.5, 8.5, 4.5, 9.5 ] }
													},
													"children": [
														{
															"name": "blademiddle3S",
															"from": [ 3.0, 0.01, 0.0 ],
															"to": [ 5.0, 0.51, 1.0 ],
															"rotationOrigin": [ 3.0, 0.25, 0.0 ],
															"rotationY": -5.0,
															"faces": {
																"north": { "texture": "#blackbronze", "uv": [ 6.5, 9.5, 8.5, 10.0 ] },
																"east": { "texture": "#blackbronze", "uv": [ 12.5, 6.5, 13.5, 7.0 ] },
																"south": { "texture": "#blackbronze", "uv": [ 4.5, 14.0, 6.5, 14.5 ] },
																"up": { "texture": "#blackbronze", "uv": [ 3.0, 4.5, 5.0, 5.5 ] },
																"down": { "texture": "#blackbronze", "uv": [ 1.0, 0.0, 3.0, 1.0 ] }
															}
														}
													]
												},
												{
													"name": "blade1S",
													"from": [ 0.0, 0.15, 1.0 ],
													"to": [ 5.0, 0.35, 2.0 ],
													"rotationOrigin": [ 0.0, 0.25, 1.0 ],
													"rotationY": 3.0,
													"faces": {
														"east": { "texture": "#blackbronze", "uv": [ 2.5, 3.0, 3.5, 3.5 ] },
														"south": { "texture": "#blackbronze", "uv": [ 2.5, 4.0, 7.5, 4.5 ] },
														"west": { "texture": "#blackbronze", "uv": [ 2.0, 13.0, 3.0, 13.5 ] },
														"up": { "texture": "#blackbronze", "uv": [ 2.0, 7.5, 7.0, 8.5 ] },
														"down": { "texture": "#blackbronze", "uv": [ 8.0, 11.5, 13.0, 12.5 ] }
													},
													"children": [
														{
															"name": "blade2S",
															"from": [ 5.0, 0.01, 0.0 ],
															"to": [ 8.0, 0.21, 1.0 ],
															"rotationOrigin": [ 5.0, 0.1, 1.0 ],
															"rotationY": 3.0,
															"faces": {
																"east": { "texture": "#blackbronze", "uv": [ 7.5, 6.0, 8.5, 6.5 ] },
																"south": { "texture": "#blackbronze", "uv": [ 3.5, 9.0, 6.5, 9.5 ] },
																"up": { "texture": "#blackbronze", "uv": [ 3.5, 8.5, 6.5, 9.5 ] },
																"down": { "texture": "#blackbronze", "uv": [ 5.5, 1.0, 8.5, 2.0 ] }
															},
															"children": [
																{
																	"name": "blade3s",
																	"from": [ 3.0, -0.01, 0.0 ],
																	"to": [ 6.0, 0.19, 1.0 ],
																	"rotationOrigin": [ 3.0, 0.1, 1.0 ],
																	"rotationY": 3.0,
																	"faces": {
																		"north": { "texture": "#blackbronze", "uv": [ 10.0, 11.0, 13.0, 11.5 ], "windMode": [-1,-1,-1,-1] },
																		"east": { "texture": "#blackbronze", "uv": [ 14.0, 1.0, 15.0, 1.5 ] },
																		"south": { "texture": "#blackbronze", "uv": [ 7.5, 4.5, 10.5, 5.0 ] },
																		"up": { "texture": "#blackbronze", "uv": [ 10.0, 3.0, 13.0, 4.0 ] },
																		"down": { "texture": "#blackbronze", "uv": [ 12.0, 10.0, 15.0, 11.0 ] }
																	},
																	"children": [
																		{
																			"name": "bladetip1S",
																			"from": [ 2.5, 0.01, 0.0 ],
																			"to": [ 3.3, 0.21, 0.8 ],
																			"rotationOrigin": [ 2.9, 0.1, 0.5 ],
																			"rotationY": -45.0,
																			"faces": {
																				"north": { "texture": "#blackbronze", "uv": [ 11.0, 4.0, 11.5, 4.5 ] },
																				"east": { "texture": "#blackbronze", "uv": [ 4.0, 8.0, 4.5, 8.5 ] },
																				"west": { "texture": "#blackbronze", "uv": [ 6.0, 3.5, 6.5, 4.0 ], "windMode": [-1,-1,-1,-1] },
																				"up": { "texture": "#blackbronze", "uv": [ 8.5, 8.5, 9.0, 9.0 ] },
																				"down": { "texture": "#blackbronze", "uv": [ 1.0, 8.0, 1.5, 8.5 ] }
																			}
																		}
																	]
																}
															]
														},
														{
															"name": "bladetip2S",
															"from": [ -0.5, -0.01, -0.2 ],
															"to": [ 0.5, 0.19, 0.8 ],
															"rotationOrigin": [ 0.0, 0.0, 0.3 ],
															"rotationY": -45.0,
															"faces": {
																"south": { "texture": "#blackbronze", "uv": [ 10.0, 11.5, 11.0, 12.0 ] },
																"west": { "texture": "#blackbronze", "uv": [ 2.0, 12.0, 3.0, 12.5 ] },
																"up": { "texture": "#blackbronze", "uv": [ 9.5, 8.0, 10.5, 9.0 ] },
																"down": { "texture": "#blackbronze", "uv": [ 7.5, 1.0, 8.5, 2.0 ] }
															}
														}
													]
												}
											]
										}
									]
								}
							]
						}
					]
				}
			]
		}
	]}