{
	"editor": {
		"collapsedPaths": "Root/origin",
		"allAngles": false,
		"entityTextureMode": false
	},
	"textureWidth": 16,
	"textureHeight": 16,
	"textureSizes": {
		"blackbronze": [16,16],
		"metal": [16,16],
		"wood": [16,16],
		"handle": [16,16]
	},
	"textures": {
		"blackbronze": "game:block/metal/ingot/copper",
		"gold1": "game:block/metal/sheet/gold1",
		"ornaments": "game:block/ornaments",
		"handle": "game:block/wood/debarked/larch",
		"string": "game:item/tool/material/string"
	},
	"elements": [
		{
			"name": "origin",
			"from": [ 8.0, 0.0, 8.0 ],
			"to": [ 8.0, 0.0, 8.0 ],
			"rotationOrigin": [ 8.0, 0.0, 8.0 ],
			"faces": {
			},
			"children": [
				{
					"name": "shaft1",
					"from": [ -8.0, -0.75, -0.75 ],
					"to": [ 8.0, 0.75, 0.75 ],
					"rotationOrigin": [ 8.0, 0.0, 0.0 ],
					"faces": {
						"north": { "texture": "#handle", "uv": [ 0.0, 5.5, 16.0, 6.5 ], "autoUv": false },
						"south": { "texture": "#handle", "uv": [ 0.0, 4.5, 16.0, 5.5 ], "autoUv": false },
						"up": { "texture": "#handle", "uv": [ 0.0, 6.5, 16.0, 8.0 ] },
						"down": { "texture": "#handle", "uv": [ 0.0, 2.5, 16.0, 3.5 ], "autoUv": false }
					},
					"children": [
						{
							"name": "shaft2",
							"from": [ -16.0, 0.0, 0.0 ],
							"to": [ 0.0, 1.5, 1.5 ],
							"rotationOrigin": [ 0.0, 0.75, 0.75 ],
							"faces": {
								"north": { "texture": "#handle", "uv": [ 0.0, 11.0, 16.0, 12.5 ] },
								"south": { "texture": "#handle", "uv": [ 0.0, 7.5, 16.0, 9.0 ] },
								"up": { "texture": "#handle", "uv": [ 0.0, 9.0, 16.0, 10.5 ] },
								"down": { "texture": "#handle", "uv": [ 0.0, 4.5, 16.0, 6.0 ] }
							},
							"children": [
								{
									"name": "shaft3",
									"from": [ -8.0, 0.0, 0.0 ],
									"to": [ 0.0, 1.5, 1.5 ],
									"rotationOrigin": [ 0.0, 0.75, 0.75 ],
									"faces": {
										"north": { "texture": "#handle", "uv": [ 7.0, 9.0, 15.0, 10.5 ] },
										"south": { "texture": "#handle", "uv": [ 3.0, 8.5, 11.0, 10.0 ] },
										"west": { "texture": "#handle", "uv": [ 5.5, 5.5, 7.0, 7.0 ] },
										"up": { "texture": "#handle", "uv": [ 2.5, 8.5, 10.5, 10.0 ] },
										"down": { "texture": "#handle", "uv": [ 7.5, 10.5, 15.5, 12.0 ] }
									}
								}
							]
						},
						{
							"name": "socket",
							"from": [ 16.0, -0.1, -0.2 ],
							"to": [ 18.0, 1.8, 1.7 ],
							"rotationOrigin": [ 16.0, 0.85, 0.75 ],
							"rotationX": 90.0,
							"faces": {
								"north": { "texture": "#blackbronze", "uv": [ 13.0, 4.0, 15.0, 5.5 ] },
								"east": { "texture": "#blackbronze", "uv": [ 5.5, 6.0, 7.0, 7.5 ] },
								"south": { "texture": "#blackbronze", "uv": [ 0.0, 4.5, 2.0, 6.0 ] },
								"west": { "texture": "#blackbronze", "uv": [ 10.0, 10.0, 11.5, 11.5 ] },
								"up": { "texture": "#blackbronze", "uv": [ 3.0, 0.0, 5.0, 1.5 ] },
								"down": { "texture": "#blackbronze", "uv": [ 4.5, 13.5, 6.5, 15.0 ] }
							},
							"children": [
								{
									"name": "shaft",
									"from": [ 2.0, 0.3, 0.3 ],
									"to": [ 5.0, 1.6, 1.6 ],
									"rotationOrigin": [ 2.0, 0.95, 0.95 ],
									"faces": {
										"north": { "texture": "#blackbronze", "uv": [ 11.5, 1.5, 14.5, 2.5 ], "windMode": [-1,-1,-1,-1] },
										"east": { "texture": "#blackbronze", "uv": [ 3.5, 7.5, 4.5, 8.5 ] },
										"south": { "texture": "#blackbronze", "uv": [ 8.5, 3.5, 11.5, 4.5 ] },
										"up": { "texture": "#blackbronze", "uv": [ 2.0, 4.0, 5.0, 5.0 ] },
										"down": { "texture": "#blackbronze", "uv": [ 2.0, 7.5, 5.0, 8.5 ] }
									},
									"children": [
										{
											"name": "bar",
											"from": [ 3.0, 0.4, -1.85 ],
											"to": [ 4.0, 0.9, 3.15 ],
											"rotationOrigin": [ 3.0, 0.6, 0.6 ],
											"faces": {
												"north": { "texture": "#blackbronze", "uv": [ 1.5, 5.0, 2.5, 5.5 ] },
												"east": { "texture": "#blackbronze", "uv": [ 1.5, 7.0, 6.5, 7.5 ] },
												"south": { "texture": "#blackbronze", "uv": [ 10.5, 5.5, 11.5, 6.0 ] },
												"west": { "texture": "#blackbronze", "uv": [ 9.0, 10.0, 14.0, 10.5 ] },
												"up": { "texture": "#blackbronze", "uv": [ 10.0, 7.5, 11.0, 12.5 ] },
												"down": { "texture": "#blackbronze", "uv": [ 1.0, 5.5, 2.0, 10.5 ] }
											},
											"children": [
												{
													"name": "blademiddle1N",
													"from": [ -1.0, 0.01, -0.5 ],
													"to": [ 4.0, 0.51, 0.5 ],
													"rotationOrigin": [ 1.0, 0.25, -0.5 ],
													"rotationY": -3.0,
													"faces": {
														"north": { "texture": "#blackbronze", "uv": [ 4.0, 14.0, 9.0, 14.5 ] },
														"east": { "texture": "#blackbronze", "uv": [ 13.0, 6.0, 14.0, 6.5 ] },
														"south": { "texture": "#blackbronze", "uv": [ 1.5, 10.0, 6.5, 10.5 ] },
														"west": { "texture": "#blackbronze", "uv": [ 6.5, 0.5, 7.5, 1.0 ], "windMode": [-1,-1,-1,-1] },
														"up": { "texture": "#blackbronze", "uv": [ 1.5, 2.5, 6.5, 3.5 ] },
														"down": { "texture": "#blackbronze", "uv": [ 6.0, 2.0, 11.0, 3.0 ] }
													},
													"children": [
														{
															"name": "blademiddle2N",
															"from": [ 5.0, -0.01, 0.0 ],
															"to": [ 8.0, 0.49, 1.0 ],
															"rotationOrigin": [ 5.0, 0.25, 0.0 ],
															"rotationY": -5.0,
															"faces": {
																"north": { "texture": "#blackbronze", "uv": [ 5.0, 4.0, 8.0, 4.5 ] },
																"east": { "texture": "#blackbronze", "uv": [ 10.5, 4.0, 11.5, 4.5 ] },
																"south": { "texture": "#blackbronze", "uv": [ 3.0, 12.5, 6.0, 13.0 ] },
																"up": { "texture": "#blackbronze", "uv": [ 9.5, 9.0, 12.5, 10.0 ] },
																"down": { "texture": "#blackbronze", "uv": [ 3.0, 3.0, 6.0, 4.0 ] }
															},
															"children": [
																{
																	"name": "blademiddle3N",
																	"from": [ 3.0, 0.0, 0.01 ],
																	"to": [ 5.0, 0.5, 1.01 ],
																	"rotationOrigin": [ 3.0, 0.22, 1.0 ],
																	"rotationY": 5.0,
																	"faces": {
																		"north": { "texture": "#blackbronze", "uv": [ 5.5, 0.0, 7.5, 0.5 ] },
																		"east": { "texture": "#blackbronze", "uv": [ 0.5, 7.5, 1.5, 8.0 ] },
																		"south": { "texture": "#blackbronze", "uv": [ 10.5, 14.0, 12.5, 14.5 ] },
																		"up": { "texture": "#blackbronze", "uv": [ 4.0, 2.0, 6.0, 3.0 ] },
																		"down": { "texture": "#blackbronze", "uv": [ 1.0, 3.0, 3.0, 4.0 ] }
																	}
																}
															]
														},
														{
															"name": "blade1N",
															"from": [ 0.0, 0.15, -1.0 ],
															"to": [ 5.0, 0.35, 0.0 ],
															"rotationOrigin": [ 0.0, 0.25, 0.0 ],
															"rotationY": -3.0,
															"faces": {
																"north": { "texture": "#blackbronze", "uv": [ 3.5, 11.0, 8.5, 11.5 ] },
																"east": { "texture": "#blackbronze", "uv": [ 14.0, 12.0, 15.0, 12.5 ] },
																"west": { "texture": "#blackbronze", "uv": [ 11.5, 9.0, 12.5, 9.5 ] },
																"up": { "texture": "#blackbronze", "uv": [ 2.5, 1.0, 7.5, 2.0 ] },
																"down": { "texture": "#blackbronze", "uv": [ 6.0, 13.5, 11.0, 14.5 ] }
															},
															"children": [
																{
																	"name": "blade2N",
																	"from": [ 5.0, 0.01, 0.0 ],
																	"to": [ 8.0, 0.21, 1.0 ],
																	"rotationOrigin": [ 5.0, 0.1, 0.0 ],
																	"rotationY": -3.0,
																	"faces": {
																		"north": { "texture": "#blackbronze", "uv": [ 0.0, 14.0, 3.0, 14.5 ] },
																		"east": { "texture": "#blackbronze", "uv": [ 0.0, 0.5, 1.0, 1.0 ] },
																		"up": { "texture": "#blackbronze", "uv": [ 8.0, 7.5, 11.0, 8.5 ] },
																		"down": { "texture": "#blackbronze", "uv": [ 9.0, 1.5, 12.0, 2.5 ] }
																	},
																	"children": [
																		{
																			"name": "blade3N",
																			"from": [ 3.0, -0.01, 0.0 ],
																			"to": [ 6.0, 0.19, 1.0 ],
																			"rotationOrigin": [ 3.0, 0.1, 0.0 ],
																			"rotationY": -3.0,
																			"faces": {
																				"north": { "texture": "#blackbronze", "uv": [ 1.0, 6.5, 4.0, 7.0 ] },
																				"east": { "texture": "#blackbronze", "uv": [ 2.0, 0.5, 3.0, 1.0 ] },
																				"south": { "texture": "#blackbronze", "uv": [ 12.0, 5.5, 15.0, 6.0 ] },
																				"up": { "texture": "#blackbronze", "uv": [ 7.5, 2.0, 10.5, 3.0 ] },
																				"down": { "texture": "#blackbronze", "uv": [ 9.5, 2.0, 12.5, 3.0 ] }
																			},
																			"children": [
																				{
																					"name": "bladetip1N",
																					"from": [ 2.6, 0.01, 0.2 ],
																					"to": [ 3.4, 0.21, 1.0 ],
																					"rotationOrigin": [ 3.0, 0.1, 0.6 ],
																					"rotationY": -45.0,
																					"faces": {
																						"north": { "texture": "#blackbronze", "uv": [ 6.0, 6.5, 6.5, 7.0 ] },
																						"east": { "texture": "#blackbronze", "uv": [ 8.0, 2.5, 8.5, 3.0 ] },
																						"south": { "texture": "#blackbronze", "uv": [ 11.0, 2.5, 11.5, 3.0 ] },
																						"up": { "texture": "#blackbronze", "uv": [ 10.5, 14.5, 11.0, 15.0 ] },
																						"down": { "texture": "#blackbronze", "uv": [ 9.0, 7.5, 9.5, 8.0 ] }
																					}
																				}
																			]
																		}
																	]
																},
																{
																	"name": "bladetip2N",
																	"from": [ -0.5, -0.01, 0.2 ],
																	"to": [ 0.5, 0.19, 1.2 ],
																	"rotationOrigin": [ 0.0, 0.1, 0.7 ],
																	"rotationY": 45.0,
																	"faces": {
																		"north": { "texture": "#blackbronze", "uv": [ 0.0, 9.5, 1.0, 10.0 ] },
																		"west": { "texture": "#blackbronze", "uv": [ 7.0, 1.5, 8.0, 2.0 ] },
																		"up": { "texture": "#blackbronze", "uv": [ 10.0, 9.5, 11.0, 10.5 ] },
																		"down": { "texture": "#blackbronze", "uv": [ 12.5, 8.0, 13.5, 9.0 ] }
																	}
																}
															]
														}
													]
												},
												{
													"name": "blademiddle1S",
													"from": [ -1.0, 0.01, 4.5 ],
													"to": [ 4.0, 0.51, 5.5 ],
													"rotationOrigin": [ 1.0, 0.25, 5.5 ],
													"rotationY": 3.0,
													"faces": {
														"north": { "texture": "#blackbronze", "uv": [ 9.5, 7.5, 14.5, 8.0 ] },
														"east": { "texture": "#blackbronze", "uv": [ 7.0, 13.5, 8.0, 14.0 ] },
														"south": { "texture": "#blackbronze", "uv": [ 10.0, 4.0, 15.0, 4.5 ], "windMode": [-1,-1,-1,-1] },
														"west": { "texture": "#blackbronze", "uv": [ 14.0, 12.0, 15.0, 12.5 ], "windMode": [-1,-1,-1,-1] },
														"up": { "texture": "#blackbronze", "uv": [ 5.0, 7.5, 10.0, 8.5 ] },
														"down": { "texture": "#blackbronze", "uv": [ 4.5, 8.5, 9.5, 9.5 ] }
													},
													"children": [
														{
															"name": "blademiddle2S",
															"from": [ 5.0, -0.01, 0.0 ],
															"to": [ 8.0, 0.49, 1.0 ],
															"rotationOrigin": [ 5.0, 0.25, 1.0 ],
															"rotationY": 5.0,
															"faces": {
																"north": { "texture": "#blackbronze", "uv": [ 9.0, 0.0, 12.0, 0.5 ] },
																"east": { "texture": "#blackbronze", "uv": [ 9.0, 4.5, 10.0, 5.0 ] },
																"south": { "texture": "#blackbronze", "uv": [ 10.0, 5.0, 13.0, 5.5 ] },
																"up": { "texture": "#blackbronze", "uv": [ 10.0, 3.0, 13.0, 4.0 ] },
																"down": { "texture": "#blackbronze", "uv": [ 1.5, 8.5, 4.5, 9.5 ] }
															},
															"children": [
																{
																	"name": "blademiddle3S",
																	"from": [ 3.0, 0.01, 0.0 ],
																	"to": [ 5.0, 0.51, 1.0 ],
																	"rotationOrigin": [ 3.0, 0.25, 0.0 ],
																	"rotationY": -5.0,
																	"faces": {
																		"north": { "texture": "#blackbronze", "uv": [ 6.5, 9.5, 8.5, 10.0 ] },
																		"east": { "texture": "#blackbronze", "uv": [ 12.5, 6.5, 13.5, 7.0 ] },
																		"south": { "texture": "#blackbronze", "uv": [ 4.5, 14.0, 6.5, 14.5 ] },
																		"up": { "texture": "#blackbronze", "uv": [ 3.0, 4.5, 5.0, 5.5 ] },
																		"down": { "texture": "#blackbronze", "uv": [ 1.0, 0.0, 3.0, 1.0 ] }
																	}
																}
															]
														},
														{
															"name": "blade1S",
															"from": [ 0.0, 0.15, 1.0 ],
															"to": [ 5.0, 0.35, 2.0 ],
															"rotationOrigin": [ 0.0, 0.25, 1.0 ],
															"rotationY": 3.0,
															"faces": {
																"east": { "texture": "#blackbronze", "uv": [ 2.5, 3.0, 3.5, 3.5 ] },
																"south": { "texture": "#blackbronze", "uv": [ 2.5, 4.0, 7.5, 4.5 ] },
																"west": { "texture": "#blackbronze", "uv": [ 2.0, 13.0, 3.0, 13.5 ] },
																"up": { "texture": "#blackbronze", "uv": [ 2.0, 7.5, 7.0, 8.5 ] },
																"down": { "texture": "#blackbronze", "uv": [ 8.0, 11.5, 13.0, 12.5 ] }
															},
															"children": [
																{
																	"name": "blade2S",
																	"from": [ 5.0, 0.01, 0.0 ],
																	"to": [ 8.0, 0.21, 1.0 ],
																	"rotationOrigin": [ 5.0, 0.1, 1.0 ],
																	"rotationY": 3.0,
																	"faces": {
																		"east": { "texture": "#blackbronze", "uv": [ 7.5, 6.0, 8.5, 6.5 ] },
																		"south": { "texture": "#blackbronze", "uv": [ 3.5, 9.0, 6.5, 9.5 ] },
																		"up": { "texture": "#blackbronze", "uv": [ 3.5, 8.5, 6.5, 9.5 ] },
																		"down": { "texture": "#blackbronze", "uv": [ 5.5, 1.0, 8.5, 2.0 ] }
																	},
																	"children": [
																		{
																			"name": "blade3s",
																			"from": [ 3.0, -0.01, 0.0 ],
																			"to": [ 6.0, 0.19, 1.0 ],
																			"rotationOrigin": [ 3.0, 0.1, 1.0 ],
																			"rotationY": 3.0,
																			"faces": {
																				"north": { "texture": "#blackbronze", "uv": [ 10.0, 11.0, 13.0, 11.5 ], "windMode": [-1,-1,-1,-1] },
																				"east": { "texture": "#blackbronze", "uv": [ 14.0, 1.0, 15.0, 1.5 ] },
																				"south": { "texture": "#blackbronze", "uv": [ 7.5, 4.5, 10.5, 5.0 ] },
																				"up": { "texture": "#blackbronze", "uv": [ 10.0, 3.0, 13.0, 4.0 ] },
																				"down": { "texture": "#blackbronze", "uv": [ 12.0, 10.0, 15.0, 11.0 ] }
																			},
																			"children": [
																				{
																					"name": "bladetip1S",
																					"from": [ 2.5, 0.01, 0.0 ],
																					"to": [ 3.3, 0.21, 0.8 ],
																					"rotationOrigin": [ 2.9, 0.1, 0.5 ],
																					"rotationY": -45.0,
																					"faces": {
																						"north": { "texture": "#blackbronze", "uv": [ 11.0, 4.0, 11.5, 4.5 ] },
																						"east": { "texture": "#blackbronze", "uv": [ 4.0, 8.0, 4.5, 8.5 ] },
																						"west": { "texture": "#blackbronze", "uv": [ 6.0, 3.5, 6.5, 4.0 ], "windMode": [-1,-1,-1,-1] },
																						"up": { "texture": "#blackbronze", "uv": [ 8.5, 8.5, 9.0, 9.0 ] },
																						"down": { "texture": "#blackbronze", "uv": [ 1.0, 8.0, 1.5, 8.5 ] }
																					}
																				}
																			]
																		}
																	]
																},
																{
																	"name": "bladetip2S",
																	"from": [ -0.5, -0.01, -0.2 ],
																	"to": [ 0.5, 0.19, 0.8 ],
																	"rotationOrigin": [ 0.0, 0.0, 0.3 ],
																	"rotationY": -45.0,
																	"faces": {
																		"south": { "texture": "#blackbronze", "uv": [ 10.0, 11.5, 11.0, 12.0 ] },
																		"west": { "texture": "#blackbronze", "uv": [ 2.0, 12.0, 3.0, 12.5 ] },
																		"up": { "texture": "#blackbronze", "uv": [ 9.5, 8.0, 10.5, 9.0 ] },
																		"down": { "texture": "#blackbronze", "uv": [ 7.5, 1.0, 8.5, 2.0 ] }
																	}
																}
															]
														}
													]
												}
											]
										}
									]
								}
							]
						}
					]
				}
			]
		},
		{
			"name": "origin",
			"from": [ 8.0, -0.2, 7.75 ],
			"to": [ 8.0, -0.2, 7.75 ],
			"rotationOrigin": [ 2.0, -1.0, 8.0 ],
			"faces": {
				"north": { "texture": "#string", "uv": [ 0.0, 0.0, 0.5, 0.5 ] },
				"east": { "texture": "#string", "uv": [ 0.0, 0.0, 0.5, 0.5 ] },
				"south": { "texture": "#string", "uv": [ 0.0, 0.0, 0.5, 0.5 ] },
				"west": { "texture": "#string", "uv": [ 0.0, 0.0, 0.5, 0.5 ] },
				"up": { "texture": "#string", "uv": [ 0.0, 0.0, 0.5, 0.5 ] },
				"down": { "texture": "#string", "uv": [ 0.0, 0.0, 0.5, 0.5 ] }
			},
			"children": [
				{
					"name": "Cloth middle",
					"from": [ -16.5, -0.6, -0.6 ],
					"to": [ -6.0, 1.1, 1.1 ],
					"rotationOrigin": [ -16.5, -0.6, -0.6 ],
					"faces": {
						"north": { "texture": "#ornaments", "uv": [ 0.5, 0.0, 11.0, 1.5 ] },
						"east": { "texture": "#ornaments", "uv": [ 0.0, 4.0, 1.5, 5.5 ] },
						"south": { "texture": "#ornaments", "uv": [ 0.5, 0.0, 11.0, 1.5 ] },
						"west": { "texture": "#ornaments", "uv": [ 0.5, 12.5, 2.0, 14.0 ] },
						"up": { "texture": "#ornaments", "uv": [ 4.5, 0.0, 15.0, 1.5 ] },
						"down": { "texture": "#ornaments", "uv": [ 4.5, 0.0, 15.0, 1.5 ] }
					}
				},
				{
					"name": "Nail 1",
					"from": [ 8.5, 0.0, -0.75 ],
					"to": [ 9.0, 0.5, 1.25 ],
					"rotationOrigin": [ 8.5, 0.0, -0.6 ],
					"faces": {
						"north": { "texture": "#gold1", "uv": [ 1.0, 14.0, 1.5, 14.5 ] },
						"east": { "texture": "#gold1", "uv": [ 4.0, 0.0, 6.0, 0.5 ] },
						"south": { "texture": "#gold1", "uv": [ 5.5, 1.0, 6.0, 1.5 ] },
						"west": { "texture": "#gold1", "uv": [ 1.5, 0.0, 3.5, 0.5 ] },
						"up": { "texture": "#gold1", "uv": [ 4.0, 0.0, 6.0, 0.5 ], "rotation": 90 },
						"down": { "texture": "#gold1", "uv": [ 0.0, 1.5, 0.5, 3.5 ] }
					}
				},
				{
					"name": "Small gear 1",
					"from": [ 4.0, -0.8, -0.8 ],
					"to": [ 4.5, 1.3, 1.3 ],
					"rotationOrigin": [ 4.0, -0.8, -0.8 ],
					"faces": {
						"north": { "texture": "#gold1", "uv": [ 13.0, 9.0, 13.5, 11.0 ] },
						"east": { "texture": "#gold1", "uv": [ 1.0, 8.5, 3.0, 10.5 ] },
						"south": { "texture": "#gold1", "uv": [ 10.0, 1.5, 10.5, 3.5 ] },
						"west": { "texture": "#gold1", "uv": [ 10.5, 8.5, 12.5, 10.5 ] },
						"up": { "texture": "#gold1", "uv": [ 6.0, 13.5, 6.5, 15.5 ] },
						"down": { "texture": "#gold1", "uv": [ 8.5, 8.0, 9.0, 10.0 ] }
					}
				},
				{
					"name": "Small gear 2",
					"from": [ 7.0, -0.8, -0.8 ],
					"to": [ 7.5, 1.3, 1.3 ],
					"rotationOrigin": [ 7.0, -0.8, -0.8 ],
					"faces": {
						"north": { "texture": "#gold1", "uv": [ 2.0, 8.0, 2.5, 10.0 ] },
						"east": { "texture": "#gold1", "uv": [ 6.5, 11.0, 8.5, 13.0 ] },
						"south": { "texture": "#gold1", "uv": [ 12.5, 9.0, 13.0, 11.0 ] },
						"west": { "texture": "#gold1", "uv": [ 10.0, 8.5, 12.0, 10.5 ] },
						"up": { "texture": "#gold1", "uv": [ 10.5, 8.5, 11.0, 10.5 ] },
						"down": { "texture": "#gold1", "uv": [ 10.0, 11.0, 10.5, 13.0 ] }
					}
				},
				{
					"name": "Cloth front",
					"from": [ 4.5, -0.6, -0.6 ],
					"to": [ 7.0, 1.1, 1.1 ],
					"rotationOrigin": [ 4.5, -0.6, -0.6 ],
					"faces": {
						"north": { "texture": "#ornaments", "uv": [ 6.5, 0.0, 9.0, 1.5 ] },
						"east": { "texture": "#ornaments", "uv": [ 5.5, 2.0, 7.0, 3.5 ] },
						"south": { "texture": "#ornaments", "uv": [ 4.5, 0.0, 7.0, 1.5 ] },
						"west": { "texture": "#ornaments", "uv": [ 9.5, 3.0, 11.0, 4.5 ] },
						"up": { "texture": "#ornaments", "uv": [ 6.5, 0.0, 9.0, 1.5 ] },
						"down": { "texture": "#ornaments", "uv": [ 2.5, 0.0, 5.0, 1.5 ] }
					}
				},
				{
					"name": "Cloth back",
					"from": [ -30.5, -0.6, -0.6 ],
					"to": [ -28.0, 1.1, 1.1 ],
					"rotationOrigin": [ -30.5, -0.6, -0.6 ],
					"faces": {
						"north": { "texture": "#ornaments", "uv": [ 2.5, 0.0, 5.0, 1.5 ] },
						"east": { "texture": "#ornaments", "uv": [ 5.0, 3.0, 6.5, 4.5 ] },
						"south": { "texture": "#ornaments", "uv": [ 6.5, 0.0, 9.0, 1.5 ] },
						"west": { "texture": "#ornaments", "uv": [ 8.0, 7.0, 9.5, 8.5 ] },
						"up": { "texture": "#ornaments", "uv": [ 8.5, 0.0, 11.0, 1.5 ] },
						"down": { "texture": "#ornaments", "uv": [ 8.5, 0.0, 11.0, 1.5 ] }
					}
				},
				{
					"name": "Snake",
					"from": [ 0.2, 0.3, -0.8 ],
					"to": [ 1.7, 0.8, 1.25 ],
					"rotationOrigin": [ 1.7, 0.3, -0.8 ],
					"rotationZ": 25.0,
					"faces": {
						"north": { "texture": "#gold1", "uv": [ 13.0, 9.0, 14.5, 9.5 ] },
						"east": { "texture": "#gold1", "uv": [ 1.0, 8.5, 3.0, 9.0 ] },
						"south": { "texture": "#gold1", "uv": [ 10.0, 1.5, 11.5, 2.0 ] },
						"west": { "texture": "#gold1", "uv": [ 10.5, 8.5, 12.5, 9.0 ] },
						"up": { "texture": "#gold1", "uv": [ 6.0, 13.5, 7.5, 15.5 ] },
						"down": { "texture": "#gold1", "uv": [ 8.5, 8.0, 10.0, 10.0 ] }
					},
					"children": [
						{
							"name": "Cube1",
							"from": [ -1.4, 0.0, -0.01 ],
							"to": [ 0.1, 0.5, 2.04 ],
							"rotationOrigin": [ 0.1, 0.0, 0.0 ],
							"rotationZ": -50.0,
							"faces": {
								"north": { "texture": "#gold1", "uv": [ 0.0, 0.0, 1.5, 0.5 ] },
								"east": { "texture": "#gold1", "uv": [ 0.0, 0.0, 2.0, 0.5 ] },
								"south": { "texture": "#gold1", "uv": [ 0.0, 0.0, 1.5, 0.5 ] },
								"west": { "texture": "#gold1", "uv": [ 0.0, 0.0, 2.0, 0.5 ] },
								"up": { "texture": "#gold1", "uv": [ 0.0, 0.0, 1.5, 2.0 ] },
								"down": { "texture": "#gold1", "uv": [ 0.0, 0.0, 1.5, 2.0 ] }
							}
						},
						{
							"name": "Cube49",
							"from": [ -2.0, 1.0, 0.0 ],
							"to": [ -0.5, 1.5, 2.05 ],
							"rotationOrigin": [ -0.5, 1.0, 0.0 ],
							"faces": {
								"north": { "texture": "#gold1", "uv": [ 0.0, 0.0, 1.5, 0.5 ] },
								"east": { "texture": "#gold1", "uv": [ 0.0, 0.0, 2.0, 0.5 ] },
								"south": { "texture": "#gold1", "uv": [ 0.0, 0.0, 1.5, 0.5 ] },
								"west": { "texture": "#gold1", "uv": [ 0.0, 0.0, 2.0, 0.5 ] },
								"up": { "texture": "#gold1", "uv": [ 0.0, 0.0, 1.5, 2.0 ] },
								"down": { "texture": "#gold1", "uv": [ 0.0, 0.0, 1.5, 2.0 ] }
							}
						},
						{
							"name": "Cube50",
							"from": [ -3.6, 1.0, -0.01 ],
							"to": [ -2.1, 1.5, 2.04 ],
							"rotationOrigin": [ -2.1, 1.0, 0.0 ],
							"rotationZ": -50.0,
							"faces": {
								"north": { "texture": "#gold1", "uv": [ 0.0, 0.0, 1.5, 0.5 ] },
								"east": { "texture": "#gold1", "uv": [ 0.0, 0.0, 2.0, 0.5 ] },
								"south": { "texture": "#gold1", "uv": [ 0.0, 0.0, 1.5, 0.5 ] },
								"west": { "texture": "#gold1", "uv": [ 0.0, 0.0, 2.0, 0.5 ] },
								"up": { "texture": "#gold1", "uv": [ 0.0, 0.0, 1.5, 2.0 ] },
								"down": { "texture": "#gold1", "uv": [ 0.0, 0.0, 1.5, 2.0 ] }
							}
						},
						{
							"name": "Cube51",
							"from": [ -4.1, 2.1, 0.0 ],
							"to": [ -3.6, 2.6, 2.05 ],
							"rotationOrigin": [ -3.6, 2.1, 0.0 ],
							"rotationZ": -25.0,
							"faces": {
								"north": { "texture": "#gold1", "uv": [ 0.0, 0.0, 0.5, 0.5 ] },
								"east": { "texture": "#gold1", "uv": [ 0.0, 0.0, 2.0, 0.5 ] },
								"south": { "texture": "#gold1", "uv": [ 0.0, 0.0, 0.5, 0.5 ] },
								"west": { "texture": "#gold1", "uv": [ 0.0, 0.0, 2.0, 0.5 ] },
								"up": { "texture": "#gold1", "uv": [ 0.0, 0.0, 0.5, 2.0 ] },
								"down": { "texture": "#gold1", "uv": [ 0.0, 0.0, 0.5, 2.0 ] }
							}
						},
						{
							"name": "Cube52",
							"from": [ 1.8, -0.6, 0.0 ],
							"to": [ 2.3, -0.1, 2.05 ],
							"rotationOrigin": [ 2.3, -0.6, 0.0 ],
							"rotationZ": -25.0,
							"faces": {
								"north": { "texture": "#gold1", "uv": [ 0.0, 0.0, 0.5, 0.5 ] },
								"east": { "texture": "#gold1", "uv": [ 0.0, 0.0, 2.0, 0.5 ] },
								"south": { "texture": "#gold1", "uv": [ 0.0, 0.0, 0.5, 0.5 ] },
								"west": { "texture": "#gold1", "uv": [ 0.0, 0.0, 2.0, 0.5 ] },
								"up": { "texture": "#gold1", "uv": [ 0.0, 0.0, 0.5, 2.0 ] },
								"down": { "texture": "#gold1", "uv": [ 0.0, 0.0, 0.5, 2.0 ] }
							}
						}
					]
				},
				{
					"name": "Small gear 53",
					"from": [ -6.0, -0.8, -0.8 ],
					"to": [ -5.5, 1.3, 1.3 ],
					"rotationOrigin": [ -6.0, -0.8, -0.8 ],
					"faces": {
						"north": { "texture": "#gold1", "uv": [ 2.0, 8.0, 2.5, 10.0 ] },
						"east": { "texture": "#gold1", "uv": [ 6.5, 11.0, 8.5, 13.0 ] },
						"south": { "texture": "#gold1", "uv": [ 12.5, 9.0, 13.0, 11.0 ] },
						"west": { "texture": "#gold1", "uv": [ 10.0, 8.5, 12.0, 10.5 ] },
						"up": { "texture": "#gold1", "uv": [ 10.5, 8.5, 11.0, 10.5 ] },
						"down": { "texture": "#gold1", "uv": [ 10.0, 11.0, 10.5, 13.0 ] }
					}
				},
				{
					"name": "Small gear 54",
					"from": [ -17.0, -0.8, -0.8 ],
					"to": [ -16.5, 1.3, 1.3 ],
					"rotationOrigin": [ -17.0, -0.8, -0.8 ],
					"faces": {
						"north": { "texture": "#gold1", "uv": [ 2.0, 8.0, 2.5, 10.0 ] },
						"east": { "texture": "#gold1", "uv": [ 6.5, 11.0, 8.5, 13.0 ] },
						"south": { "texture": "#gold1", "uv": [ 12.5, 9.0, 13.0, 11.0 ] },
						"west": { "texture": "#gold1", "uv": [ 10.0, 8.5, 12.0, 10.5 ] },
						"up": { "texture": "#gold1", "uv": [ 10.5, 8.5, 11.0, 10.5 ] },
						"down": { "texture": "#gold1", "uv": [ 10.0, 11.0, 10.5, 13.0 ] }
					}
				},
				{
					"name": "Snake55",
					"from": [ -21.5, 0.3, -0.8 ],
					"to": [ -20.0, 0.8, 1.25 ],
					"rotationOrigin": [ -20.0, 0.3, -0.8 ],
					"rotationZ": 25.0,
					"faces": {
						"north": { "texture": "#gold1", "uv": [ 13.0, 9.0, 14.5, 9.5 ] },
						"east": { "texture": "#gold1", "uv": [ 1.0, 8.5, 3.0, 9.0 ] },
						"south": { "texture": "#gold1", "uv": [ 10.0, 1.5, 11.5, 2.0 ] },
						"west": { "texture": "#gold1", "uv": [ 10.5, 8.5, 12.5, 9.0 ] },
						"up": { "texture": "#gold1", "uv": [ 6.0, 13.5, 7.5, 15.5 ] },
						"down": { "texture": "#gold1", "uv": [ 8.5, 8.0, 10.0, 10.0 ] }
					},
					"children": [
						{
							"name": "Cube56",
							"from": [ -1.4, 0.0, -0.01 ],
							"to": [ 0.1, 0.5, 2.04 ],
							"rotationOrigin": [ 0.1, 0.0, 0.0 ],
							"rotationZ": -50.0,
							"faces": {
								"north": { "texture": "#gold1", "uv": [ 0.0, 0.0, 1.5, 0.5 ] },
								"east": { "texture": "#gold1", "uv": [ 0.0, 0.0, 2.0, 0.5 ] },
								"south": { "texture": "#gold1", "uv": [ 0.0, 0.0, 1.5, 0.5 ] },
								"west": { "texture": "#gold1", "uv": [ 0.0, 0.0, 2.0, 0.5 ] },
								"up": { "texture": "#gold1", "uv": [ 0.0, 0.0, 1.5, 2.0 ] },
								"down": { "texture": "#gold1", "uv": [ 0.0, 0.0, 1.5, 2.0 ] }
							}
						},
						{
							"name": "Cube57",
							"from": [ -2.0, 1.0, 0.0 ],
							"to": [ -0.5, 1.5, 2.05 ],
							"rotationOrigin": [ -0.5, 1.0, 0.0 ],
							"faces": {
								"north": { "texture": "#gold1", "uv": [ 0.0, 0.0, 1.5, 0.5 ] },
								"east": { "texture": "#gold1", "uv": [ 0.0, 0.0, 2.0, 0.5 ] },
								"south": { "texture": "#gold1", "uv": [ 0.0, 0.0, 1.5, 0.5 ] },
								"west": { "texture": "#gold1", "uv": [ 0.0, 0.0, 2.0, 0.5 ] },
								"up": { "texture": "#gold1", "uv": [ 0.0, 0.0, 1.5, 2.0 ] },
								"down": { "texture": "#gold1", "uv": [ 0.0, 0.0, 1.5, 2.0 ] }
							}
						},
						{
							"name": "Cube58",
							"from": [ -3.6, 1.0, -0.01 ],
							"to": [ -2.1, 1.5, 2.04 ],
							"rotationOrigin": [ -2.1, 1.0, 0.0 ],
							"rotationZ": -50.0,
							"faces": {
								"north": { "texture": "#gold1", "uv": [ 0.0, 0.0, 1.5, 0.5 ] },
								"east": { "texture": "#gold1", "uv": [ 0.0, 0.0, 2.0, 0.5 ] },
								"south": { "texture": "#gold1", "uv": [ 0.0, 0.0, 1.5, 0.5 ] },
								"west": { "texture": "#gold1", "uv": [ 0.0, 0.0, 2.0, 0.5 ] },
								"up": { "texture": "#gold1", "uv": [ 0.0, 0.0, 1.5, 2.0 ] },
								"down": { "texture": "#gold1", "uv": [ 0.0, 0.0, 1.5, 2.0 ] }
							}
						},
						{
							"name": "Cube59",
							"from": [ -4.1, 2.1, 0.0 ],
							"to": [ -3.6, 2.6, 2.05 ],
							"rotationOrigin": [ -3.6, 2.1, 0.0 ],
							"rotationZ": -25.0,
							"faces": {
								"north": { "texture": "#gold1", "uv": [ 0.0, 0.0, 0.5, 0.5 ] },
								"east": { "texture": "#gold1", "uv": [ 0.0, 0.0, 2.0, 0.5 ] },
								"south": { "texture": "#gold1", "uv": [ 0.0, 0.0, 0.5, 0.5 ] },
								"west": { "texture": "#gold1", "uv": [ 0.0, 0.0, 2.0, 0.5 ] },
								"up": { "texture": "#gold1", "uv": [ 0.0, 0.0, 0.5, 2.0 ] },
								"down": { "texture": "#gold1", "uv": [ 0.0, 0.0, 0.5, 2.0 ] }
							}
						},
						{
							"name": "Cube60",
							"from": [ 1.8, -0.6, 0.0 ],
							"to": [ 2.3, -0.1, 2.05 ],
							"rotationOrigin": [ 2.3, -0.6, 0.0 ],
							"rotationZ": -25.0,
							"faces": {
								"north": { "texture": "#gold1", "uv": [ 0.0, 0.0, 0.5, 0.5 ] },
								"east": { "texture": "#gold1", "uv": [ 0.0, 0.0, 2.0, 0.5 ] },
								"south": { "texture": "#gold1", "uv": [ 0.0, 0.0, 0.5, 0.5 ] },
								"west": { "texture": "#gold1", "uv": [ 0.0, 0.0, 2.0, 0.5 ] },
								"up": { "texture": "#gold1", "uv": [ 0.0, 0.0, 0.5, 2.0 ] },
								"down": { "texture": "#gold1", "uv": [ 0.0, 0.0, 0.5, 2.0 ] }
							}
						}
					]
				},
				{
					"name": "Small gear 61",
					"from": [ -28.0, -0.8, -0.8 ],
					"to": [ -27.5, 1.3, 1.3 ],
					"rotationOrigin": [ -28.0, -0.8, -0.8 ],
					"faces": {
						"north": { "texture": "#gold1", "uv": [ 2.0, 8.0, 2.5, 10.0 ] },
						"east": { "texture": "#gold1", "uv": [ 6.5, 11.0, 8.5, 13.0 ] },
						"south": { "texture": "#gold1", "uv": [ 12.5, 9.0, 13.0, 11.0 ] },
						"west": { "texture": "#gold1", "uv": [ 10.0, 8.5, 12.0, 10.5 ] },
						"up": { "texture": "#gold1", "uv": [ 10.5, 8.5, 11.0, 10.5 ] },
						"down": { "texture": "#gold1", "uv": [ 10.0, 11.0, 10.5, 13.0 ] }
					}
				},
				{
					"name": "Small gear 62",
					"from": [ -30.99, -0.8, -0.8 ],
					"to": [ -30.49, 1.3, 1.3 ],
					"rotationOrigin": [ -30.9, -0.8, -0.8 ],
					"faces": {
						"north": { "texture": "#gold1", "uv": [ 2.0, 8.0, 2.5, 10.0 ] },
						"east": { "texture": "#gold1", "uv": [ 6.5, 11.0, 8.5, 13.0 ] },
						"south": { "texture": "#gold1", "uv": [ 12.5, 9.0, 13.0, 11.0 ] },
						"west": { "texture": "#gold1", "uv": [ 10.0, 8.5, 12.0, 10.5 ] },
						"up": { "texture": "#gold1", "uv": [ 10.5, 8.5, 11.0, 10.5 ] },
						"down": { "texture": "#gold1", "uv": [ 10.0, 11.0, 10.5, 13.0 ] }
					}
				}
			]
		}
	]}