[
    {
        "op": "addeach",
        "path": "/0/attributes/inblock/allowedVariants/0",
        "value": [
            "diorite",
            "gabbro",
            "rhyolite",
            "dolostone",
            "siltstone",
            "mudstone",
            "gneiss",
            "schist",
            "migmatite",
            "quartzite",
            "pumice"
        ],
        "file": "interestingoregen:worldgen/deposits/mineralore/quartz.json"
    },


    {
        "op": "addeach",
        "path": "/1/attributes/inblock/allowedVariants/0",
        "value": [
            "diorite",
            "gabbro",
            "rhyolite",
            "dolostone",
            "siltstone",
            "mudstone",
            "gneiss",
            "schist",
            "migmatite",
            "quartzite",
            "pumice"
        ],
        "file": "interestingoregen:worldgen/deposits/mineralore/quartz.json"
    },
    {
        "op": "add",
        "path": "/1/attributes/subdeposit/allowedVariantsByInBlock/rock-diorite",
        "value": ["poor", "medium", "rich", "bountiful"],
        "file": "interestingoregen:worldgen/deposits/mineralore/quartz.json"
    },
    {
        "op": "add",
        "path": "/1/attributes/subdeposit/allowedVariantsByInBlock/rock-gabbro",
        "value": ["poor", "medium", "rich", "bountiful"],
        "file": "interestingoregen:worldgen/deposits/mineralore/quartz.json"
    },
    {
        "op": "add",
        "path": "/1/attributes/subdeposit/allowedVariantsByInBlock/rock-rhyolite",
        "value": ["poor", "medium", "rich", "bountiful"],
        "file": "interestingoregen:worldgen/deposits/mineralore/quartz.json"
    },
    {
        "op": "add",
        "path": "/1/attributes/subdeposit/allowedVariantsByInBlock/rock-dolostone",
        "value": ["poor", "medium", "rich", "bountiful"],
        "file": "interestingoregen:worldgen/deposits/mineralore/quartz.json"
    },
    {
        "op": "add",
        "path": "/1/attributes/subdeposit/allowedVariantsByInBlock/rock-siltstone",
        "value": ["poor", "medium", "rich", "bountiful"],
        "file": "interestingoregen:worldgen/deposits/mineralore/quartz.json"
    },
    {
        "op": "add",
        "path": "/1/attributes/subdeposit/allowedVariantsByInBlock/rock-mudstone",
        "value": ["poor", "medium", "rich", "bountiful"],
        "file": "interestingoregen:worldgen/deposits/mineralore/quartz.json"
    },
    {
        "op": "add",
        "path": "/1/attributes/subdeposit/allowedVariantsByInBlock/rock-gneiss",
        "value": ["poor", "medium", "rich", "bountiful"],
        "file": "interestingoregen:worldgen/deposits/mineralore/quartz.json"
    },
    {
        "op": "add",
        "path": "/1/attributes/subdeposit/allowedVariantsByInBlock/rock-schist",
        "value": ["poor", "medium", "rich", "bountiful"],
        "file": "interestingoregen:worldgen/deposits/mineralore/quartz.json"
    },
    {
        "op": "add",
        "path": "/1/attributes/subdeposit/allowedVariantsByInBlock/rock-migmatite",
        "value": ["poor", "medium", "rich", "bountiful"],
        "file": "interestingoregen:worldgen/deposits/mineralore/quartz.json"
    },
    {
        "op": "add",
        "path": "/1/attributes/subdeposit/allowedVariantsByInBlock/rock-quartzite",
        "value": ["poor", "medium", "rich", "bountiful"],
        "file": "interestingoregen:worldgen/deposits/mineralore/quartz.json"
    },
    {
        "op": "add",
        "path": "/1/attributes/subdeposit/allowedVariantsByInBlock/rock-pumice",
        "value": ["poor", "medium", "rich", "bountiful"],
        "file": "interestingoregen:worldgen/deposits/mineralore/quartz.json"
    },



    {
        "op": "addeach",
        "path": "/2/attributes/inblock/allowedVariants/0",
        "value": [
            "diorite",
            "gabbro",
            "rhyolite",
            "dolostone",
            "siltstone",
            "mudstone",
            "gneiss",
            "schist",
            "migmatite",
            "quartzite",
            "pumice"
        ],
        "file": "interestingoregen:worldgen/deposits/mineralore/quartz.json"
    },
    {
        "op": "add",
        "path": "/2/attributes/subdeposit/allowedVariantsByInBlock/rock-diorite",
        "value": ["poor", "medium", "rich", "bountiful"],
        "file": "interestingoregen:worldgen/deposits/mineralore/quartz.json"
    },
    {
        "op": "add",
        "path": "/2/attributes/subdeposit/allowedVariantsByInBlock/rock-gabbro",
        "value": ["poor", "medium", "rich", "bountiful"],
        "file": "interestingoregen:worldgen/deposits/mineralore/quartz.json"
    },
    {
        "op": "add",
        "path": "/2/attributes/subdeposit/allowedVariantsByInBlock/rock-rhyolite",
        "value": ["poor", "medium", "rich", "bountiful"],
        "file": "interestingoregen:worldgen/deposits/mineralore/quartz.json"
    },
    {
        "op": "add",
        "path": "/2/attributes/subdeposit/allowedVariantsByInBlock/rock-dolostone",
        "value": ["poor", "medium", "rich", "bountiful"],
        "file": "interestingoregen:worldgen/deposits/mineralore/quartz.json"
    },
    {
        "op": "add",
        "path": "/2/attributes/subdeposit/allowedVariantsByInBlock/rock-siltstone",
        "value": ["poor", "medium", "rich", "bountiful"],
        "file": "interestingoregen:worldgen/deposits/mineralore/quartz.json"
    },
    {
        "op": "add",
        "path": "/2/attributes/subdeposit/allowedVariantsByInBlock/rock-mudstone",
        "value": ["poor", "medium", "rich", "bountiful"],
        "file": "interestingoregen:worldgen/deposits/mineralore/quartz.json"
    },
    {
        "op": "add",
        "path": "/2/attributes/subdeposit/allowedVariantsByInBlock/rock-gneiss",
        "value": ["poor", "medium", "rich", "bountiful"],
        "file": "interestingoregen:worldgen/deposits/mineralore/quartz.json"
    },
    {
        "op": "add",
        "path": "/2/attributes/subdeposit/allowedVariantsByInBlock/rock-schist",
        "value": ["poor", "medium", "rich", "bountiful"],
        "file": "interestingoregen:worldgen/deposits/mineralore/quartz.json"
    },
    {
        "op": "add",
        "path": "/2/attributes/subdeposit/allowedVariantsByInBlock/rock-migmatite",
        "value": ["poor", "medium", "rich", "bountiful"],
        "file": "interestingoregen:worldgen/deposits/mineralore/quartz.json"
    },
    {
        "op": "add",
        "path": "/2/attributes/subdeposit/allowedVariantsByInBlock/rock-quartzite",
        "value": ["poor", "medium", "rich", "bountiful"],
        "file": "interestingoregen:worldgen/deposits/mineralore/quartz.json"
    },
    {
        "op": "add",
        "path": "/2/attributes/subdeposit/allowedVariantsByInBlock/rock-pumice",
        "value": ["poor", "medium", "rich", "bountiful"],
        "file": "interestingoregen:worldgen/deposits/mineralore/quartz.json"
    }
]