[
  {
    "code": "sandingravel1",
    "triesPerChunk": 2,
    "generator": "disc-anywhere",
    "attributes": {
      "inblock": {
        "code": "game:gravel-*",
        "name": "rock",
        "allowedVariants": [ "andesite", "chalk", "chert", "conglomerate", "limestone", "claystone", "granite", "sandstone", "shale", "basalt", "peridotite", "phyllite", "slate" ]
      },
      "placeblock": { "code": "game:sand-{rock}" },
      "genSurfaceBlockChance": 0,
      "surfaceBlockChance": 0,
      "radius": {
        "dist": "invexp",
        "avg": 38,
        "var": 36
      },
      "yPosRel": {
        "dist": "uniform",
        "avg": 0.5,
        "var": 0.5
      },
      "thickness": {
        "dist": "invexp",
        "avg": 1.3,
        "var": 3
      }
    }
  },  
  {
    "code": "sandingravel2",
    "triesPerChunk": 4,
    "generator": "disc-anywhere",
    "attributes": {
      "inblock": {
        "code": "game:gravel-*",
        "name": "rock",
        "allowedVariants": [ "andesite", "chalk", "chert", "conglomerate", "limestone", "claystone", "granite", "sandstone", "shale", "basalt", "peridotite", "phyllite", "slate" ]
      },
      "placeblock": { "code": "game:sand-{rock}" },
      "genSurfaceBlockChance": 0,
      "surfaceBlockChance": 0,
      "radius": {
        "dist": "invexp",
        "avg": 26,
        "var": 24
      },
      "yPosRel": {
        "dist": "uniform",
        "avg": 0.5,
        "var": 0.5
      },
      "thickness": {
        "dist": "invexp",
        "avg": 1.3,
        "var": 3
      }
    }
  },
  {
    "code": "sandingravel3",
    "triesPerChunk": 8,
    "generator": "disc-anywhere",
    "attributes": {
      "inblock": {
        "code": "game:gravel-*",
        "name": "rock",
        "allowedVariants": [ "andesite", "chalk", "chert", "conglomerate", "limestone", "claystone", "granite", "sandstone", "shale", "basalt", "peridotite", "phyllite", "slate" ]
      },
      "placeblock": { "code": "game:sand-{rock}" },
      "genSurfaceBlockChance": 0,
      "surfaceBlockChance": 0,
      "radius": {
        "dist": "gaussian",
        "avg": 8,
        "var": 7
      },
      "yPosRel": {
        "dist": "uniform",
        "avg": 0.5,
        "var": 0.5
      },
      "thickness": {
        "dist": "invexp",
        "avg": 1.3,
        "var": 3
      }
    }
  }
]