[
  {
    "code": "chromite",
    "triesPerChunk": 0.005,
    "withOreMap": true,
    "handbookPageCode": "item-nugget-chromite",
    "generator": "iog-gen",
    "attributes": {
      "inblock": {
        "veintype": "chimneywithdepo",
        "code": "rock-*",
        "name": "rock",
        "allowedVariants": [ "andesite", "granite", "basalt", "peridotite" ]
      },
      "placeblock": {
        "code": "ore-*-chromite-{rock}",
        "name": "grade",
        "allowedVariantsByInBlock": {
          "rock-andesite": [ "poor", "medium" ],
          "rock-granite": [ "poor", "medium" ],
          "rock-basalt": [ "poor", "medium", "rich" ],
          "rock-peridotite": [ "poor", "medium", "rich" ]
        }
      },
      "subdeposit": {
        "code": "ore-*-magnetite-{rock}",
        "name": "grade",
        "allowedVariantsByInBlock": {
          "rock-andesite": [ "poor" ],
          "rock-granite": [ "poor", "medium" ],
          "rock-basalt": [ "poor", "medium", "rich" ],
          "rock-peridotite": [ "poor", "medium" ]
        }
      },
      "radius": {
        "dist": "uniform",
        "avg": 6,
        "var": 1
      },
      "yPosRel": {
        "dist": "uniform",
        "avg": 0.2,
        "var": 0.2
      },
      "thickness": {
        "dist": "uniform",
        "avg": 60,
        "var": 40
      },
      "branchCount": {
        "dist": "uniform",
        "avg": 7,
        "var": 3
      },
      "branchLength": {
        "dist": "uniform",
        "avg": 64,
        "var": 32
      },
      "OreSpongePercent": 0.3
    }
  },
  {
    "code": "chromite",
    "triesPerChunk": 0.1,
    "withOreMap": true,
    "handbookPageCode": "item-nugget-chromite",
    "generator": "iog-gen",
    "attributes": {
      "inblock": {
        "veintype": "chimneywithdepo",
        "code": "rock-*",
        "name": "rock",
        "allowedVariants": [ "kimberlite" ]
      },
      "placeblock": {
        "code": "ore-*-chromite-{rock}",
        "name": "grade",
        "allowedVariantsByInBlock": {
          "rock-kimberlite": [ "poor", "medium", "rich", "bountiful" ]
        }
      },
      "radius": {
        "dist": "uniform",
        "avg": 8,
        "var": 2
      },
      "yPosRel": {
        "dist": "uniform",
        "avg": 0.2,
        "var": 0.2
      },
      "thickness": {
        "dist": "uniform",
        "avg": 60,
        "var": 40
      },
      "branchCount": {
        "dist": "uniform",
        "avg": 7,
        "var": 3
      },
      "branchLength": {
        "dist": "uniform",
        "avg": 64,
        "var": 32
      },
      "OreSpongePercent": 0.3
    }
  }
]