{"editor": {"collapsedPaths": "Root/main/middle/slanted down8,Root/main/middle/slanted down11,Root/main/middle/slanted down9,Root/main/middle/slanted down,Root/main/middle/slanted down7,Root/origin/slanted down/Grass1,Root/main/middle/slanted down10,Root/main/lower2,Root/origin/middle/slanted down/Grass1,Root/main/middle/slanted down/Grass1,Root/main/middle/slanted down/Grass3", "allAngles": false, "entityTextureMode": false}, "textureWidth": 16, "textureHeight": 16, "textureSizes": {"normal": [32, 16], "short-south": [24, 24], "short-north": [24, 24], "material": [16, 16]}, "textures": {}, "elements": [{"name": "main", "from": [0.0, 0.0, 0.0], "to": [0.0, 0.0, 0.0], "rotationOrigin": [8.0, 0.0, 8.0], "faces": {"north": {"texture": "#null", "uv": [0.0, 0.0, 0.5, 0.5], "enabled": false}, "east": {"texture": "#null", "uv": [0.0, 0.0, 0.5, 0.5], "enabled": false}, "south": {"texture": "#null", "uv": [0.0, 0.0, 0.5, 0.5], "enabled": false}, "west": {"texture": "#null", "uv": [0.0, 0.0, 0.5, 0.5], "enabled": false}, "up": {"texture": "#null", "uv": [0.0, 0.0, 0.5, 0.5], "enabled": false}, "down": {"texture": "#null", "uv": [0.0, 0.0, 0.5, 0.5], "enabled": false}}, "children": [{"name": "lower", "from": [-4.0, 0.0, 0.0], "to": [-4.0, 0.0, 0.0], "rotationOrigin": [0.0, -4.0, 0.0], "faces": {"north": {"texture": "#null", "uv": [0.0, 0.0, 0.5, 0.5], "enabled": false}, "east": {"texture": "#null", "uv": [0.0, 0.0, 0.5, 0.5], "enabled": false}, "south": {"texture": "#null", "uv": [0.0, 0.0, 0.5, 0.5], "enabled": false}, "west": {"texture": "#null", "uv": [0.0, 0.0, 0.5, 0.5], "enabled": false}, "up": {"texture": "#null", "uv": [0.0, 0.0, 0.5, 0.5], "enabled": false}, "down": {"texture": "#null", "uv": [0.0, 0.0, 0.5, 0.5], "enabled": false}}, "children": [{"name": "0", "from": [14.889, 7.0, -0.05], "to": [17.87, 9.0, 16.05], "rotationOrigin": [8.0, 7.0, 7.95], "rotationZ": 63.44, "faces": {"north": {"texture": "#material", "uv": [0.0, 1.0, 2.5, 3.0]}, "east": {"texture": "#material", "uv": [0.0, 1.0, 16.0, 3.0], "windMode": [-1, -1, -1, -1], "windData": [0, 1, 1, 0]}, "south": {"texture": "#material", "uv": [13.5, 1.0, 16.0, 3.0]}, "west": {"texture": "#material", "uv": [0.0, 1.0, 16.0, 3.0], "windMode": [-1, -1, -1, -1]}, "up": {"texture": "#material", "uv": [0.0, 0.0, 16.0, 2.5], "rotation": 90, "windMode": [-1, -1, -1, -1], "windData": [0, 0, 1, 1]}, "down": {"texture": "#material", "uv": [0.0, 0.0, 16.0, 2.5], "rotation": 270}}, "children": [{"name": "snow", "from": [0.0, 2.02, 0.0], "to": [2.9810000000000016, 4.0, 16.1], "rotationOrigin": [8.0, 7.0, 7.95], "faces": {"north": {"uv": [0.0, 2.02, 2.9810000000000016, 4.0], "texture": "#snowcover"}, "east": {"uv": [0, 2.02, 0, 4.0], "texture": "#snowcover"}, "south": {"uv": [0.0, 2.02, 2.9810000000000016, 4.0], "texture": "#snowcover"}, "west": {"uv": [0, 2.02, 0, 4.0], "texture": "#snowcover"}, "up": {"texture": "#snowcover", "uv": [0.0, 0.0, 16.0, 2.5], "rotation": 90, "windMode": [-1, -1, -1, -1], "windData": [0, 0, 1, 1]}, "down": {"texture": "#snowcover", "uv": [0.0, 0.0, 16.0, 2.5], "rotation": 270}}}]}, {"name": "1", "from": [11.908, 7.0, -0.05], "to": [14.889, 9.0, 16.05], "rotationOrigin": [8.0, 7.0, 7.95], "rotationZ": 63.44, "faces": {"north": {"texture": "#material", "uv": [2.5, 1.0, 5.0, 3.0]}, "east": {"texture": "#material", "uv": [0.0, 1.0, 16.0, 3.0], "windMode": [-1, -1, -1, -1], "windData": [0, 1, 1, 0]}, "south": {"texture": "#material", "uv": [11.0, 1.0, 13.5, 3.0]}, "west": {"texture": "#material", "uv": [0.0, 1.0, 16.0, 3.0], "windMode": [-1, -1, -1, -1]}, "up": {"texture": "#material", "uv": [0.0, 2.5, 16.0, 5.0], "rotation": 90, "windMode": [-1, -1, -1, -1], "windData": [0, 0, 1, 1]}, "down": {"texture": "#material", "uv": [0.0, 2.5, 16.0, 5.0], "rotation": 270}}, "children": [{"name": "snow", "from": [0.0, 2.02, 0.0], "to": [2.981, 4.0, 16.1], "rotationOrigin": [8.0, 7.0, 7.95], "faces": {"north": {"uv": [0.0, 2.02, 2.981, 4.0], "texture": "#snowcover"}, "east": {"uv": [0, 2.02, 0, 4.0], "texture": "#snowcover"}, "south": {"uv": [0.0, 2.02, 2.981, 4.0], "texture": "#snowcover"}, "west": {"uv": [0, 2.02, 0, 4.0], "texture": "#snowcover"}, "up": {"texture": "#snowcover", "uv": [0.0, 2.5, 16.0, 5.0], "rotation": 90, "windMode": [-1, -1, -1, -1], "windData": [0, 0, 1, 1]}, "down": {"texture": "#snowcover", "uv": [0.0, 2.5, 16.0, 5.0], "rotation": 270}}}]}, {"name": "2", "from": [8.926, 7.0, -0.05], "to": [11.907, 9.0, 16.05], "rotationOrigin": [8.0, 7.0, 7.95], "rotationZ": 63.44, "faces": {"north": {"texture": "#material", "uv": [5.0, 1.0, 7.5, 3.0]}, "east": {"texture": "#material", "uv": [0.0, 1.0, 16.0, 3.0], "windMode": [-1, -1, -1, -1], "windData": [0, 1, 1, 0]}, "south": {"texture": "#material", "uv": [8.5, 1.0, 11.0, 3.0]}, "west": {"texture": "#material", "uv": [0.0, 1.0, 16.0, 3.0], "windMode": [-1, -1, -1, -1]}, "up": {"texture": "#material", "uv": [0.0, 5.0, 16.0, 7.5], "rotation": 90, "windMode": [-1, -1, -1, -1], "windData": [0, 0, 1, 1]}, "down": {"texture": "#material", "uv": [0.0, 5.0, 16.0, 7.5], "rotation": 270}}, "children": [{"name": "snow", "from": [0.0, 2.02, 0.0], "to": [2.981, 4.0, 16.1], "rotationOrigin": [8.0, 7.0, 7.95], "faces": {"north": {"uv": [0.0, 2.02, 2.981, 4.0], "texture": "#snowcover"}, "east": {"uv": [0, 2.02, 0, 4.0], "texture": "#snowcover"}, "south": {"uv": [0.0, 2.02, 2.981, 4.0], "texture": "#snowcover"}, "west": {"uv": [0, 2.02, 0, 4.0], "texture": "#snowcover"}, "up": {"texture": "#snowcover", "uv": [0.0, 5.0, 16.0, 7.5], "rotation": 90, "windMode": [-1, -1, -1, -1], "windData": [0, 0, 1, 1]}, "down": {"texture": "#snowcover", "uv": [0.0, 5.0, 16.0, 7.5], "rotation": 270}}}]}, {"name": "3", "from": [5.945, 7.0, -0.05], "to": [8.926, 9.0, 16.05], "rotationOrigin": [8.0, 7.0, 7.95], "rotationZ": 63.44, "faces": {"north": {"texture": "#material", "uv": [7.5, 1.0, 10.0, 3.0]}, "east": {"texture": "#material", "uv": [0.0, 1.0, 16.0, 3.0], "windMode": [-1, -1, -1, -1], "windData": [0, 1, 1, 0]}, "south": {"texture": "#material", "uv": [6.0, 1.0, 8.5, 3.0]}, "west": {"texture": "#material", "uv": [0.0, 1.0, 16.0, 3.0], "windMode": [-1, -1, -1, -1]}, "up": {"texture": "#material", "uv": [0.0, 7.5, 16.0, 10.0], "rotation": 90, "windMode": [-1, -1, -1, -1], "windData": [0, 0, 1, 1]}, "down": {"texture": "#material", "uv": [0.0, 7.5, 16.0, 10.0], "rotation": 270}}, "children": [{"name": "snow", "from": [0.0, 2.02, 0.0], "to": [2.981, 4.0, 16.1], "rotationOrigin": [8.0, 7.0, 7.95], "faces": {"north": {"uv": [0.0, 2.02, 2.981, 4.0], "texture": "#snowcover"}, "east": {"uv": [0, 2.02, 0, 4.0], "texture": "#snowcover"}, "south": {"uv": [0.0, 2.02, 2.981, 4.0], "texture": "#snowcover"}, "west": {"uv": [0, 2.02, 0, 4.0], "texture": "#snowcover"}, "up": {"texture": "#snowcover", "uv": [0.0, 7.5, 16.0, 10.0], "rotation": 90, "windMode": [-1, -1, -1, -1], "windData": [0, 0, 1, 1]}, "down": {"texture": "#snowcover", "uv": [0.0, 7.5, 16.0, 10.0], "rotation": 270}}}]}, {"name": "4", "from": [2.963, 7.0, -0.05], "to": [5.944, 9.0, 16.05], "rotationOrigin": [8.0, 7.0, 7.95], "rotationZ": 63.44, "faces": {"north": {"texture": "#material", "uv": [10.0, 1.0, 12.5, 3.0]}, "east": {"texture": "#material", "uv": [0.0, 1.0, 16.0, 3.0], "windMode": [-1, -1, -1, -1], "windData": [0, 1, 1, 0]}, "south": {"texture": "#material", "uv": [3.5, 1.0, 6.0, 3.0]}, "west": {"texture": "#material", "uv": [0.0, 1.0, 16.0, 3.0], "windMode": [-1, -1, -1, -1]}, "up": {"texture": "#material", "uv": [0.0, 10.0, 16.0, 12.5], "rotation": 90, "windMode": [-1, -1, -1, -1], "windData": [0, 0, 1, 1]}, "down": {"texture": "#material", "uv": [0.0, 10.0, 16.0, 12.5], "rotation": 270}}, "children": [{"name": "snow", "from": [0.0, 2.02, 0.0], "to": [2.981, 4.0, 16.1], "rotationOrigin": [8.0, 7.0, 7.95], "faces": {"north": {"uv": [0.0, 2.02, 2.981, 4.0], "texture": "#snowcover"}, "east": {"uv": [0, 2.02, 0, 4.0], "texture": "#snowcover"}, "south": {"uv": [0.0, 2.02, 2.981, 4.0], "texture": "#snowcover"}, "west": {"uv": [0, 2.02, 0, 4.0], "texture": "#snowcover"}, "up": {"texture": "#snowcover", "uv": [0.0, 10.0, 16.0, 12.5], "rotation": 90, "windMode": [-1, -1, -1, -1], "windData": [0, 0, 1, 1]}, "down": {"texture": "#snowcover", "uv": [0.0, 10.0, 16.0, 12.5], "rotation": 270}}}]}, {"name": "5", "from": [-0.0183, 7.0, -0.05], "to": [2.9627, 9.0, 16.05], "rotationOrigin": [8.0, 7.0, 7.95], "rotationZ": 63.44, "faces": {"north": {"texture": "#material", "uv": [13.5, 1.0, 16.0, 3.0]}, "east": {"texture": "#material", "uv": [0.0, 1.0, 16.0, 3.0], "windMode": [-1, -1, -1, -1], "windData": [0, 1, 1, 0]}, "south": {"texture": "#material", "uv": [0.0, 1.0, 2.5, 3.0]}, "west": {"texture": "#material", "uv": [0.0, 1.0, 16.0, 3.0], "windMode": [-1, -1, -1, -1]}, "up": {"texture": "#material", "uv": [0.0, 12.5, 16.0, 15.0], "rotation": 90, "windMode": [-1, -1, -1, -1], "windData": [0, 0, 1, 1]}, "down": {"texture": "#material", "uv": [0.0, 12.5, 16.0, 15.0], "rotation": 270}}, "children": [{"name": "snow", "from": [0.0, 2.02, 0.0], "to": [2.981, 4.0, 16.1], "rotationOrigin": [8.0, 7.0, 7.95], "faces": {"north": {"uv": [0.0, 2.02, 2.981, 4.0], "texture": "#snowcover"}, "east": {"uv": [0, 2.02, 0, 4.0], "texture": "#snowcover"}, "south": {"uv": [0.0, 2.02, 2.981, 4.0], "texture": "#snowcover"}, "west": {"uv": [0, 2.02, 0, 4.0], "texture": "#snowcover"}, "up": {"texture": "#snowcover", "uv": [0.0, 12.5, 16.0, 15.0], "rotation": 90, "windMode": [-1, -1, -1, -1], "windData": [0, 0, 1, 1]}, "down": {"texture": "#snowcover", "uv": [0.0, 12.5, 16.0, 15.0], "rotation": 270}}}]}]}, {"name": "upper", "from": [4.0, 0.0, 0.0], "to": [4.0, 0.0, 0.0], "rotationOrigin": [4.0, 0.0, 0.0], "faces": {"north": {"texture": "#null", "uv": [0.0, 0.0, 0.5, 0.5], "enabled": false}, "east": {"texture": "#null", "uv": [0.0, 0.0, 0.5, 0.5], "enabled": false}, "south": {"texture": "#null", "uv": [0.0, 0.0, 0.5, 0.5], "enabled": false}, "west": {"texture": "#null", "uv": [0.0, 0.0, 0.5, 0.5], "enabled": false}, "up": {"texture": "#null", "uv": [0.0, 0.0, 0.5, 0.5], "enabled": false}, "down": {"texture": "#null", "uv": [0.0, 0.0, 0.5, 0.5], "enabled": false}}, "children": [{"name": "0", "from": [14.889, 7.0, -0.05], "to": [17.87, 9.0, 16.05], "rotationOrigin": [8.0, 7.0, 7.95], "rotationZ": 63.44, "faces": {"north": {"texture": "#material", "uv": [0.0, 1.0, 2.5, 3.0]}, "east": {"texture": "#material", "uv": [0.0, 1.0, 16.0, 3.0], "windMode": [-1, -1, -1, -1], "windData": [0, 1, 1, 0]}, "south": {"texture": "#material", "uv": [13.5, 1.0, 16.0, 3.0]}, "west": {"texture": "#material", "uv": [0.0, 1.0, 16.0, 3.0], "windMode": [-1, -1, -1, -1]}, "up": {"texture": "#material", "uv": [0.0, 0.0, 16.0, 2.5], "rotation": 90, "windMode": [-1, -1, -1, -1], "windData": [0, 0, 1, 1]}, "down": {"texture": "#material", "uv": [0.0, 0.0, 16.0, 2.5], "rotation": 270}}, "children": [{"name": "snow", "from": [0.0, 2.02, 0.0], "to": [2.9810000000000016, 4.0, 16.1], "rotationOrigin": [8.0, 7.0, 7.95], "faces": {"north": {"uv": [0.0, 2.02, 2.9810000000000016, 4.0], "texture": "#snowcover"}, "east": {"uv": [0, 2.02, 0, 4.0], "texture": "#snowcover"}, "south": {"uv": [0.0, 2.02, 2.9810000000000016, 4.0], "texture": "#snowcover"}, "west": {"uv": [0, 2.02, 0, 4.0], "texture": "#snowcover"}, "up": {"texture": "#snowcover", "uv": [0.0, 0.0, 16.0, 2.5], "rotation": 90, "windMode": [-1, -1, -1, -1], "windData": [0, 0, 1, 1]}, "down": {"texture": "#snowcover", "uv": [0.0, 0.0, 16.0, 2.5], "rotation": 270}}}]}, {"name": "1", "from": [11.908, 7.0, -0.05], "to": [14.889, 9.0, 16.05], "rotationOrigin": [8.0, 7.0, 7.95], "rotationZ": 63.44, "faces": {"north": {"texture": "#material", "uv": [2.5, 1.0, 5.0, 3.0]}, "east": {"texture": "#material", "uv": [0.0, 1.0, 16.0, 3.0], "windMode": [-1, -1, -1, -1], "windData": [0, 1, 1, 0]}, "south": {"texture": "#material", "uv": [11.0, 1.0, 13.5, 3.0]}, "west": {"texture": "#material", "uv": [0.0, 1.0, 16.0, 3.0], "windMode": [-1, -1, -1, -1]}, "up": {"texture": "#material", "uv": [0.0, 2.5, 16.0, 5.0], "rotation": 90, "windMode": [-1, -1, -1, -1], "windData": [0, 0, 1, 1]}, "down": {"texture": "#material", "uv": [0.0, 2.5, 16.0, 5.0], "rotation": 270}}, "children": [{"name": "snow", "from": [0.0, 2.02, 0.0], "to": [2.981, 4.0, 16.1], "rotationOrigin": [8.0, 7.0, 7.95], "faces": {"north": {"uv": [0.0, 2.02, 2.981, 4.0], "texture": "#snowcover"}, "east": {"uv": [0, 2.02, 0, 4.0], "texture": "#snowcover"}, "south": {"uv": [0.0, 2.02, 2.981, 4.0], "texture": "#snowcover"}, "west": {"uv": [0, 2.02, 0, 4.0], "texture": "#snowcover"}, "up": {"texture": "#snowcover", "uv": [0.0, 2.5, 16.0, 5.0], "rotation": 90, "windMode": [-1, -1, -1, -1], "windData": [0, 0, 1, 1]}, "down": {"texture": "#snowcover", "uv": [0.0, 2.5, 16.0, 5.0], "rotation": 270}}}]}, {"name": "2", "from": [8.926, 7.0, -0.05], "to": [11.907, 9.0, 16.05], "rotationOrigin": [8.0, 7.0, 7.95], "rotationZ": 63.44, "faces": {"north": {"texture": "#material", "uv": [5.0, 1.0, 7.5, 3.0]}, "east": {"texture": "#material", "uv": [0.0, 1.0, 16.0, 3.0], "windMode": [-1, -1, -1, -1], "windData": [0, 1, 1, 0]}, "south": {"texture": "#material", "uv": [8.5, 1.0, 11.0, 3.0]}, "west": {"texture": "#material", "uv": [0.0, 1.0, 16.0, 3.0], "windMode": [-1, -1, -1, -1]}, "up": {"texture": "#material", "uv": [0.0, 5.0, 16.0, 7.5], "rotation": 90, "windMode": [-1, -1, -1, -1], "windData": [0, 0, 1, 1]}, "down": {"texture": "#material", "uv": [0.0, 5.0, 16.0, 7.5], "rotation": 270}}, "children": [{"name": "snow", "from": [0.0, 2.02, 0.0], "to": [2.981, 4.0, 16.1], "rotationOrigin": [8.0, 7.0, 7.95], "faces": {"north": {"uv": [0.0, 2.02, 2.981, 4.0], "texture": "#snowcover"}, "east": {"uv": [0, 2.02, 0, 4.0], "texture": "#snowcover"}, "south": {"uv": [0.0, 2.02, 2.981, 4.0], "texture": "#snowcover"}, "west": {"uv": [0, 2.02, 0, 4.0], "texture": "#snowcover"}, "up": {"texture": "#snowcover", "uv": [0.0, 5.0, 16.0, 7.5], "rotation": 90, "windMode": [-1, -1, -1, -1], "windData": [0, 0, 1, 1]}, "down": {"texture": "#snowcover", "uv": [0.0, 5.0, 16.0, 7.5], "rotation": 270}}}]}, {"name": "3", "from": [5.945, 7.0, -0.05], "to": [8.926, 9.0, 16.05], "rotationOrigin": [8.0, 7.0, 7.95], "rotationZ": 63.44, "faces": {"north": {"texture": "#material", "uv": [7.5, 1.0, 10.0, 3.0]}, "east": {"texture": "#material", "uv": [0.0, 1.0, 16.0, 3.0], "windMode": [-1, -1, -1, -1], "windData": [0, 1, 1, 0]}, "south": {"texture": "#material", "uv": [6.0, 1.0, 8.5, 3.0]}, "west": {"texture": "#material", "uv": [0.0, 1.0, 16.0, 3.0], "windMode": [-1, -1, -1, -1]}, "up": {"texture": "#material", "uv": [0.0, 7.5, 16.0, 10.0], "rotation": 90, "windMode": [-1, -1, -1, -1], "windData": [0, 0, 1, 1]}, "down": {"texture": "#material", "uv": [0.0, 7.5, 16.0, 10.0], "rotation": 270}}, "children": [{"name": "snow", "from": [0.0, 2.02, 0.0], "to": [2.981, 4.0, 16.1], "rotationOrigin": [8.0, 7.0, 7.95], "faces": {"north": {"uv": [0.0, 2.02, 2.981, 4.0], "texture": "#snowcover"}, "east": {"uv": [0, 2.02, 0, 4.0], "texture": "#snowcover"}, "south": {"uv": [0.0, 2.02, 2.981, 4.0], "texture": "#snowcover"}, "west": {"uv": [0, 2.02, 0, 4.0], "texture": "#snowcover"}, "up": {"texture": "#snowcover", "uv": [0.0, 7.5, 16.0, 10.0], "rotation": 90, "windMode": [-1, -1, -1, -1], "windData": [0, 0, 1, 1]}, "down": {"texture": "#snowcover", "uv": [0.0, 7.5, 16.0, 10.0], "rotation": 270}}}]}, {"name": "4", "from": [2.963, 7.0, -0.05], "to": [5.944, 9.0, 16.05], "rotationOrigin": [8.0, 7.0, 7.95], "rotationZ": 63.44, "faces": {"north": {"texture": "#material", "uv": [10.0, 1.0, 12.5, 3.0]}, "east": {"texture": "#material", "uv": [0.0, 1.0, 16.0, 3.0], "windMode": [-1, -1, -1, -1], "windData": [0, 1, 1, 0]}, "south": {"texture": "#material", "uv": [3.5, 1.0, 6.0, 3.0]}, "west": {"texture": "#material", "uv": [0.0, 1.0, 16.0, 3.0], "windMode": [-1, -1, -1, -1]}, "up": {"texture": "#material", "uv": [0.0, 10.0, 16.0, 12.5], "rotation": 90, "windMode": [-1, -1, -1, -1], "windData": [0, 0, 1, 1]}, "down": {"texture": "#material", "uv": [0.0, 10.0, 16.0, 12.5], "rotation": 270}}, "children": [{"name": "snow", "from": [0.0, 2.02, 0.0], "to": [2.981, 4.0, 16.1], "rotationOrigin": [8.0, 7.0, 7.95], "faces": {"north": {"uv": [0.0, 2.02, 2.981, 4.0], "texture": "#snowcover"}, "east": {"uv": [0, 2.02, 0, 4.0], "texture": "#snowcover"}, "south": {"uv": [0.0, 2.02, 2.981, 4.0], "texture": "#snowcover"}, "west": {"uv": [0, 2.02, 0, 4.0], "texture": "#snowcover"}, "up": {"texture": "#snowcover", "uv": [0.0, 10.0, 16.0, 12.5], "rotation": 90, "windMode": [-1, -1, -1, -1], "windData": [0, 0, 1, 1]}, "down": {"texture": "#snowcover", "uv": [0.0, 10.0, 16.0, 12.5], "rotation": 270}}}]}, {"name": "5", "from": [-0.0183, 7.0, -0.05], "to": [2.9627, 9.0, 16.05], "rotationOrigin": [8.0, 7.0, 7.95], "rotationZ": 63.44, "faces": {"north": {"texture": "#material", "uv": [13.5, 1.0, 16.0, 3.0]}, "east": {"texture": "#material", "uv": [0.0, 1.0, 16.0, 3.0], "windMode": [-1, -1, -1, -1], "windData": [0, 1, 1, 0]}, "south": {"texture": "#material", "uv": [0.0, 1.0, 2.5, 3.0]}, "west": {"texture": "#material", "uv": [0.0, 1.0, 16.0, 3.0], "windMode": [-1, -1, -1, -1]}, "up": {"texture": "#material", "uv": [0.0, 12.5, 16.0, 15.0], "rotation": 90, "windMode": [-1, -1, -1, -1], "windData": [0, 0, 1, 1]}, "down": {"texture": "#material", "uv": [0.0, 12.5, 16.0, 15.0], "rotation": 270}}, "children": [{"name": "snow", "from": [0.0, 2.02, 0.0], "to": [2.981, 4.0, 16.1], "rotationOrigin": [8.0, 7.0, 7.95], "faces": {"north": {"uv": [0.0, 2.02, 2.981, 4.0], "texture": "#snowcover"}, "east": {"uv": [0, 2.02, 0, 4.0], "texture": "#snowcover"}, "south": {"uv": [0.0, 2.02, 2.981, 4.0], "texture": "#snowcover"}, "west": {"uv": [0, 2.02, 0, 4.0], "texture": "#snowcover"}, "up": {"texture": "#snowcover", "uv": [0.0, 12.5, 16.0, 15.0], "rotation": 90, "windMode": [-1, -1, -1, -1], "windData": [0, 0, 1, 1]}, "down": {"texture": "#snowcover", "uv": [0.0, 12.5, 16.0, 15.0], "rotation": 270}}}]}]}]}]}