{
    "code": "clothes",
    "class": "ItemWearable",
    "variantgroups": [
        { "code": "category", "states": [ "upperbodyover" ] },
        { "code": "upperbodyover", "combine": "SelectiveMultiply", "onVariant": "category", "states": [ "coatpuffedsleevespink", "coatpuffedsleevesblue", "coatpuffedsleevesgreen", "coatpuffedsleevespinkflowers" ] }
    ],
    "shapeByType": {
        "*": { "base": "entity/humanoid/seraph/clothing/upperbodyover/starrycoat"}
    },
    "storageFlags": 128,
    "attributesByType": {
        "*": { "wearableAttachment": true, "clothescategory": "upperbodyover" }
    },
    "textures": {
        "seraph": { "base": "game:block/transparent" },
        "coatpuffedsleevespink": { "base": "entity/humanoid/seraphclothes/upperbodyover/{upperbodyover}" }

    },
    "creativeinventory": {
        "general": [
            "*"
        ],
        "items": [
            "*"
        ],
        "clothing": [
            "*"
        ]
    },
    "renderAlphaTest": 0.25,
    "fpHandTransform": {
        "translation": {
            "x": 0.6,
            "y": -1.8,
            "z": -0.5
        },
        "rotation": {
            "x": 180,
            "y": -108,
            "z": -180
        },
        "origin": {
            "x": 0.5,
            "y": 1.6,
            "z": 0.5
        },
        "scale": 2.15
    },
	"tpHandTransform": {
		translation: { x: -0.89, y: -2.6, z: -0.4 },
		rotation: { x: -109, y: -80, z: -147 },
		origin: { x: 0.5, y: 1.5, z: 0.5 },
		scale: 0.63
	},
    "guiTransform": {
        "translation": {
            "x": 0,
            "y": 0,
            "z": 0
        },
        "rotation": {
            "x": -82,
            "y": -87,
            "z": 89
        },
        "origin": {
            "x": 5.52,
            "y": 1.9,
            "z": 0.44
        },
        "scale": 1.75
    },
    	"groundTransform": {
		translation: { x: 0.05, y: -0.3, z: 0 },
		rotation: { x: -5, y: 53, z: -77 },
		origin: { x: 0.5, y: -3, z: 0.6299 },
		scale: 2.39
	}
}