[
  {
    "file": "game:blocktypes/clay/bloomerybase",
    "path": "/shapeByType",
    "op": "replace",
    "value": {
      "*-north": {
        "base": "rebuildablebloomery:better_bloomery_base",
        "rotateY": 0
      },
      "*-east": {
        "base": "rebuildablebloomery:better_bloomery_base",
        "rotateY": 270
      },
      "*-south": {
        "base": "rebuildablebloomery:better_bloomery_base",
        "rotateY": 180
      },
      "*-west": {
        "base": "rebuildablebloomery:better_bloomery_base",
        "rotateY": 90
      }
    }
  },
  {
    "file": "game:blocktypes/clay/bloomerychimney",
    "path": "/shape",
    "op": "replace",
    "value": { "base": "rebuildablebloomery:better_bloomery_chimney" }
  }
]