{
	"editor": {
		"backDropShape": "game:entity/humanoid/seraph-hairless",
		"allAngles": true,
		"entityTextureMode": false
	},
	"textureWidth": 16,
	"textureHeight": 16,
	"textureSizes": {
	},
	"textures": {
		"darkgreen": "flowercirclet:darkgreen",
		"orangemallow2": "game:block/plant/flower/petal/orangemallow2",
		"reeds": "game:item/resource/reeds"
	},
	"elements": [
		{
			"name": "bandNorth",
			"stepParentName": "Head",
			"from": [ -0.6, 4.2, -0.7 ],
			"to": [ 6.3, 4.7, -0.5 ],
			"rotationOrigin": [ 3.05, 4.2, 2.4 ],
			"rotationZ": -4.0,
			"faces": {
				"north": { "texture": "#reeds", "uv": [ 0.5, 5.5, 7.0, 6.0 ], "windMode": [-1,-1,-1,-1], "windData": [1,1,1,1] },
				"east": { "texture": "#reeds", "uv": [ 6.5, 5.0, 7.0, 5.5 ], "windMode": [-1,-1,-1,-1], "windData": [1,1,1,1] },
				"south": { "texture": "#reeds", "uv": [ 1.0, 6.0, 7.5, 6.5 ], "autoUv": false, "windMode": [-1,-1,-1,-1], "windData": [1,1,1,1] },
				"west": { "texture": "#reeds", "uv": [ 4.5, 6.0, 5.0, 6.5 ], "windMode": [-1,-1,-1,-1], "windData": [1,1,1,1] },
				"up": { "texture": "#reeds", "uv": [ 0.5, 5.5, 7.0, 6.0 ], "windMode": [-1,-1,-1,-1], "windData": [1,1,1,1] },
				"down": { "texture": "#reeds", "uv": [ 1.0, 5.5, 7.5, 6.0 ], "windMode": [-1,-1,-1,-1], "windData": [1,1,1,1] }
			},
			"children": [
				{
					"name": "bandSouth",
					"from": [ 0.0, 0.0, 6.2 ],
					"to": [ 6.9, 0.5, 6.4 ],
					"rotationOrigin": [ 0.0, 0.0, 6.2 ],
					"faces": {
						"north": { "texture": "#reeds", "uv": [ 1.0, 5.5, 7.5, 6.0 ], "windMode": [-1,-1,-1,-1], "windData": [1,1,1,1] },
						"east": { "texture": "#reeds", "uv": [ 5.5, 5.5, 6.0, 6.0 ], "windMode": [-1,-1,-1,-1], "windData": [1,1,1,1] },
						"south": { "texture": "#reeds", "uv": [ 1.0, 6.0, 7.5, 6.5 ], "windMode": [-1,-1,-1,-1], "windData": [1,1,1,1] },
						"west": { "texture": "#reeds", "uv": [ 5.0, 6.0, 5.5, 6.5 ], "windMode": [-1,-1,-1,-1], "windData": [1,1,1,1] },
						"up": { "texture": "#reeds", "uv": [ 1.0, 5.5, 7.5, 6.0 ], "windMode": [-1,-1,-1,-1], "windData": [1,1,1,1] },
						"down": { "texture": "#reeds", "uv": [ 0.5, 6.5, 7.0, 7.0 ], "windMode": [-1,-1,-1,-1], "windData": [1,1,1,1] }
					},
					"children": [
						{
							"name": "flower7",
							"from": [ 6.0, 0.2, 0.2 ],
							"to": [ 6.0, 0.2, 0.2 ],
							"rotationOrigin": [ 6.0, 0.2, 0.2 ],
							"rotationY": 90.0,
							"faces": {
								"north": { "texture": "#null", "uv": [ 0.0, 0.0, 0.5, 0.5 ], "windMode": [-1,-1,-1,-1], "windData": [1,1,1,1] },
								"east": { "texture": "#null", "uv": [ 0.0, 0.0, 0.5, 0.5 ], "windMode": [-1,-1,-1,-1], "windData": [1,1,1,1], "enabled": false },
								"south": { "texture": "#null", "uv": [ 0.0, 0.0, 0.5, 0.5 ], "windMode": [-1,-1,-1,-1], "windData": [1,1,1,1], "enabled": false },
								"west": { "texture": "#null", "uv": [ 0.0, 0.0, 0.5, 0.5 ], "windMode": [-1,-1,-1,-1], "windData": [1,1,1,1], "enabled": false },
								"up": { "texture": "#null", "uv": [ 0.0, 0.0, 0.5, 0.5 ], "windMode": [-1,-1,-1,-1], "windData": [1,1,1,1], "enabled": false },
								"down": { "texture": "#null", "uv": [ 0.0, 0.0, 0.5, 0.5 ], "windMode": [-1,-1,-1,-1], "windData": [1,1,1,1], "enabled": false }
							},
							"children": [
								{
									"name": "face19",
									"from": [ -0.5, -0.5, 0.0 ],
									"to": [ 0.5, 0.5, 0.0 ],
									"shade": false,
									"rotationOrigin": [ 0.0, 0.0, 0.0 ],
									"rotationY": 15.0,
									"faces": {
										"north": { "texture": "#orangemallow2", "uv": [ 2.6667, 8.0, 3.6667, 9.0 ], "windMode": [-1,-1,-1,-1], "windData": [1,1,1,1] },
										"east": { "texture": "#null", "uv": [ 0.0, 0.0, 0.5, 1.0 ], "windMode": [-1,-1,-1,-1], "windData": [1,1,1,1], "enabled": false },
										"south": { "texture": "#null", "uv": [ 0.0, 0.0, 1.0, 1.0 ], "windMode": [-1,-1,-1,-1], "windData": [1,1,1,1], "enabled": false },
										"west": { "texture": "#null", "uv": [ 0.0, 0.0, 0.5, 1.0 ], "windMode": [-1,-1,-1,-1], "windData": [1,1,1,1], "enabled": false },
										"up": { "texture": "#null", "uv": [ 0.0, 0.0, 1.0, 0.5 ], "windMode": [-1,-1,-1,-1], "windData": [1,1,1,1], "enabled": false },
										"down": { "texture": "#null", "uv": [ 0.0, 0.0, 1.0, 0.5 ], "windMode": [-1,-1,-1,-1], "windData": [1,1,1,1], "enabled": false }
									}
								},
								{
									"name": "face20",
									"from": [ -0.5, -0.5, 0.0 ],
									"to": [ 0.5, 0.5, 0.0 ],
									"shade": false,
									"rotationOrigin": [ 0.0, 0.0, 0.0 ],
									"rotationY": 75.0,
									"faces": {
										"north": { "texture": "#orangemallow2", "uv": [ 0.3333, 11.3333, 1.3333, 12.3333 ], "windMode": [-1,-1,-1,-1], "windData": [1,1,1,1] },
										"east": { "texture": "#null", "uv": [ 0.0, 0.0, 0.5, 1.0 ], "windMode": [-1,-1,-1,-1], "windData": [1,1,1,1], "enabled": false },
										"south": { "texture": "#null", "uv": [ 0.0, 0.0, 1.0, 1.0 ], "windMode": [-1,-1,-1,-1], "windData": [1,1,1,1], "enabled": false },
										"west": { "texture": "#null", "uv": [ 0.0, 0.0, 0.5, 1.0 ], "windMode": [-1,-1,-1,-1], "windData": [1,1,1,1], "enabled": false },
										"up": { "texture": "#null", "uv": [ 0.0, 0.0, 1.0, 0.5 ], "windMode": [-1,-1,-1,-1], "windData": [1,1,1,1], "enabled": false },
										"down": { "texture": "#null", "uv": [ 0.0, 0.0, 1.0, 0.5 ], "windMode": [-1,-1,-1,-1], "windData": [1,1,1,1], "enabled": false }
									}
								},
								{
									"name": "face21",
									"from": [ -0.5, -0.5, 0.0 ],
									"to": [ 0.5, 0.5, 0.0 ],
									"shade": false,
									"rotationOrigin": [ 0.0, 0.0, 0.0 ],
									"rotationY": 150.0,
									"faces": {
										"north": { "texture": "#orangemallow2", "uv": [ 4.3333, 3.6667, 5.3333, 4.6667 ], "windMode": [-1,-1,-1,-1], "windData": [1,1,1,1] },
										"east": { "texture": "#null", "uv": [ 0.0, 0.0, 0.5, 1.0 ], "windMode": [-1,-1,-1,-1], "windData": [1,1,1,1], "enabled": false },
										"south": { "texture": "#null", "uv": [ 0.0, 0.0, 1.0, 1.0 ], "windMode": [-1,-1,-1,-1], "windData": [1,1,1,1], "enabled": false },
										"west": { "texture": "#null", "uv": [ 0.0, 0.0, 0.5, 1.0 ], "windMode": [-1,-1,-1,-1], "windData": [1,1,1,1], "enabled": false },
										"up": { "texture": "#null", "uv": [ 0.0, 0.0, 1.0, 0.5 ], "windMode": [-1,-1,-1,-1], "windData": [1,1,1,1], "enabled": false },
										"down": { "texture": "#null", "uv": [ 0.0, 0.0, 1.0, 0.5 ], "windMode": [-1,-1,-1,-1], "windData": [1,1,1,1], "enabled": false }
									}
								}
							]
						},
						{
							"name": "flower8",
							"from": [ 3.5, 0.2, 0.2 ],
							"to": [ 3.5, 0.2, 0.2 ],
							"rotationOrigin": [ 3.5, 0.2, 0.2 ],
							"faces": {
								"north": { "texture": "#null", "uv": [ 0.0, 0.0, 0.5, 0.5 ], "windMode": [-1,-1,-1,-1], "windData": [1,1,1,1] },
								"east": { "texture": "#null", "uv": [ 0.0, 0.0, 0.5, 0.5 ], "windMode": [-1,-1,-1,-1], "windData": [1,1,1,1], "enabled": false },
								"south": { "texture": "#null", "uv": [ 0.0, 0.0, 0.5, 0.5 ], "windMode": [-1,-1,-1,-1], "windData": [1,1,1,1], "enabled": false },
								"west": { "texture": "#null", "uv": [ 0.0, 0.0, 0.5, 0.5 ], "windMode": [-1,-1,-1,-1], "windData": [1,1,1,1], "enabled": false },
								"up": { "texture": "#null", "uv": [ 0.0, 0.0, 0.5, 0.5 ], "windMode": [-1,-1,-1,-1], "windData": [1,1,1,1], "enabled": false },
								"down": { "texture": "#null", "uv": [ 0.0, 0.0, 0.5, 0.5 ], "windMode": [-1,-1,-1,-1], "windData": [1,1,1,1], "enabled": false }
							},
							"children": [
								{
									"name": "face22",
									"from": [ -0.5, -0.5, 0.0 ],
									"to": [ 0.5, 0.5, 0.0 ],
									"shade": false,
									"rotationOrigin": [ 0.0, 0.0, 0.0 ],
									"rotationY": 15.0,
									"faces": {
										"north": { "texture": "#orangemallow2", "uv": [ 13.6667, 9.6667, 14.6667, 10.6667 ], "windMode": [-1,-1,-1,-1], "windData": [1,1,1,1] },
										"east": { "texture": "#null", "uv": [ 0.0, 0.0, 0.5, 1.0 ], "windMode": [-1,-1,-1,-1], "windData": [1,1,1,1], "enabled": false },
										"south": { "texture": "#null", "uv": [ 0.0, 0.0, 1.0, 1.0 ], "windMode": [-1,-1,-1,-1], "windData": [1,1,1,1], "enabled": false },
										"west": { "texture": "#null", "uv": [ 0.0, 0.0, 0.5, 1.0 ], "windMode": [-1,-1,-1,-1], "windData": [1,1,1,1], "enabled": false },
										"up": { "texture": "#null", "uv": [ 0.0, 0.0, 1.0, 0.5 ], "windMode": [-1,-1,-1,-1], "windData": [1,1,1,1], "enabled": false },
										"down": { "texture": "#null", "uv": [ 0.0, 0.0, 1.0, 0.5 ], "windMode": [-1,-1,-1,-1], "windData": [1,1,1,1], "enabled": false }
									}
								},
								{
									"name": "face23",
									"from": [ -0.5, -0.5, 0.0 ],
									"to": [ 0.5, 0.5, 0.0 ],
									"shade": false,
									"rotationOrigin": [ 0.0, 0.0, 0.0 ],
									"rotationY": 75.0,
									"faces": {
										"north": { "texture": "#orangemallow2", "uv": [ 2.3333, 8.3333, 3.3333, 9.3333 ], "windMode": [-1,-1,-1,-1], "windData": [1,1,1,1] },
										"east": { "texture": "#null", "uv": [ 0.0, 0.0, 0.5, 1.0 ], "windMode": [-1,-1,-1,-1], "windData": [1,1,1,1], "enabled": false },
										"south": { "texture": "#null", "uv": [ 0.0, 0.0, 1.0, 1.0 ], "windMode": [-1,-1,-1,-1], "windData": [1,1,1,1], "enabled": false },
										"west": { "texture": "#null", "uv": [ 0.0, 0.0, 0.5, 1.0 ], "windMode": [-1,-1,-1,-1], "windData": [1,1,1,1], "enabled": false },
										"up": { "texture": "#null", "uv": [ 0.0, 0.0, 1.0, 0.5 ], "windMode": [-1,-1,-1,-1], "windData": [1,1,1,1], "enabled": false },
										"down": { "texture": "#null", "uv": [ 0.0, 0.0, 1.0, 0.5 ], "windMode": [-1,-1,-1,-1], "windData": [1,1,1,1], "enabled": false }
									}
								},
								{
									"name": "face24",
									"from": [ -0.5, -0.5, 0.0 ],
									"to": [ 0.5, 0.5, 0.0 ],
									"shade": false,
									"rotationOrigin": [ 0.0, 0.0, 0.0 ],
									"rotationY": 150.0,
									"faces": {
										"north": { "texture": "#orangemallow2", "uv": [ 4.3333, 3.6667, 5.3333, 4.6667 ], "windMode": [-1,-1,-1,-1], "windData": [1,1,1,1] },
										"east": { "texture": "#null", "uv": [ 0.0, 0.0, 0.5, 1.0 ], "windMode": [-1,-1,-1,-1], "windData": [1,1,1,1], "enabled": false },
										"south": { "texture": "#null", "uv": [ 0.0, 0.0, 1.0, 1.0 ], "windMode": [-1,-1,-1,-1], "windData": [1,1,1,1], "enabled": false },
										"west": { "texture": "#null", "uv": [ 0.0, 0.0, 0.5, 1.0 ], "windMode": [-1,-1,-1,-1], "windData": [1,1,1,1], "enabled": false },
										"up": { "texture": "#null", "uv": [ 0.0, 0.0, 1.0, 0.5 ], "windMode": [-1,-1,-1,-1], "windData": [1,1,1,1], "enabled": false },
										"down": { "texture": "#null", "uv": [ 0.0, 0.0, 1.0, 0.5 ], "windMode": [-1,-1,-1,-1], "windData": [1,1,1,1], "enabled": false }
									}
								}
							]
						},
						{
							"name": "flower9",
							"from": [ 1.2, 0.2, 0.2 ],
							"to": [ 1.2, 0.2, 0.2 ],
							"rotationOrigin": [ 1.2, 0.2, 0.2 ],
							"faces": {
								"north": { "texture": "#null", "uv": [ 0.0, 0.0, 0.5, 0.5 ], "windMode": [-1,-1,-1,-1], "windData": [1,1,1,1] },
								"east": { "texture": "#null", "uv": [ 0.0, 0.0, 0.5, 0.5 ], "windMode": [-1,-1,-1,-1], "windData": [1,1,1,1], "enabled": false },
								"south": { "texture": "#null", "uv": [ 0.0, 0.0, 0.5, 0.5 ], "windMode": [-1,-1,-1,-1], "windData": [1,1,1,1], "enabled": false },
								"west": { "texture": "#null", "uv": [ 0.0, 0.0, 0.5, 0.5 ], "windMode": [-1,-1,-1,-1], "windData": [1,1,1,1], "enabled": false },
								"up": { "texture": "#null", "uv": [ 0.0, 0.0, 0.5, 0.5 ], "windMode": [-1,-1,-1,-1], "windData": [1,1,1,1], "enabled": false },
								"down": { "texture": "#null", "uv": [ 0.0, 0.0, 0.5, 0.5 ], "windMode": [-1,-1,-1,-1], "windData": [1,1,1,1], "enabled": false }
							},
							"children": [
								{
									"name": "face25",
									"from": [ -0.5, -0.5, 0.0 ],
									"to": [ 0.5, 0.5, 0.0 ],
									"shade": false,
									"rotationOrigin": [ 0.0, 0.0, 0.0 ],
									"rotationY": 15.0,
									"faces": {
										"north": { "texture": "#orangemallow2", "uv": [ 2.0, 7.0, 3.0, 8.0 ], "windMode": [-1,-1,-1,-1], "windData": [1,1,1,1] },
										"east": { "texture": "#null", "uv": [ 0.0, 0.0, 0.5, 1.0 ], "windMode": [-1,-1,-1,-1], "windData": [1,1,1,1], "enabled": false },
										"south": { "texture": "#null", "uv": [ 0.0, 0.0, 1.0, 1.0 ], "windMode": [-1,-1,-1,-1], "windData": [1,1,1,1], "enabled": false },
										"west": { "texture": "#null", "uv": [ 0.0, 0.0, 0.5, 1.0 ], "windMode": [-1,-1,-1,-1], "windData": [1,1,1,1], "enabled": false },
										"up": { "texture": "#null", "uv": [ 0.0, 0.0, 1.0, 0.5 ], "windMode": [-1,-1,-1,-1], "windData": [1,1,1,1], "enabled": false },
										"down": { "texture": "#null", "uv": [ 0.0, 0.0, 1.0, 0.5 ], "windMode": [-1,-1,-1,-1], "windData": [1,1,1,1], "enabled": false }
									}
								},
								{
									"name": "face26",
									"from": [ -0.5, -0.5, 0.0 ],
									"to": [ 0.5, 0.5, 0.0 ],
									"shade": false,
									"rotationOrigin": [ 0.0, 0.0, 0.0 ],
									"rotationY": 75.0,
									"faces": {
										"north": { "texture": "#orangemallow2", "uv": [ 11.6667, 7.3333, 12.6667, 8.3333 ], "windMode": [-1,-1,-1,-1], "windData": [1,1,1,1] },
										"east": { "texture": "#null", "uv": [ 0.0, 0.0, 0.5, 1.0 ], "windMode": [-1,-1,-1,-1], "windData": [1,1,1,1], "enabled": false },
										"south": { "texture": "#null", "uv": [ 0.0, 0.0, 1.0, 1.0 ], "windMode": [-1,-1,-1,-1], "windData": [1,1,1,1], "enabled": false },
										"west": { "texture": "#null", "uv": [ 0.0, 0.0, 0.5, 1.0 ], "windMode": [-1,-1,-1,-1], "windData": [1,1,1,1], "enabled": false },
										"up": { "texture": "#null", "uv": [ 0.0, 0.0, 1.0, 0.5 ], "windMode": [-1,-1,-1,-1], "windData": [1,1,1,1], "enabled": false },
										"down": { "texture": "#null", "uv": [ 0.0, 0.0, 1.0, 0.5 ], "windMode": [-1,-1,-1,-1], "windData": [1,1,1,1], "enabled": false }
									}
								},
								{
									"name": "face27",
									"from": [ -0.5, -0.5, 0.0 ],
									"to": [ 0.5, 0.5, 0.0 ],
									"shade": false,
									"rotationOrigin": [ 0.0, 0.0, 0.0 ],
									"rotationY": 150.0,
									"faces": {
										"north": { "texture": "#orangemallow2", "uv": [ 5.6667, 5.3333, 6.6667, 6.3333 ], "windMode": [-1,-1,-1,-1], "windData": [1,1,1,1] },
										"east": { "texture": "#null", "uv": [ 0.0, 0.0, 0.5, 1.0 ], "windMode": [-1,-1,-1,-1], "windData": [1,1,1,1], "enabled": false },
										"south": { "texture": "#null", "uv": [ 0.0, 0.0, 1.0, 1.0 ], "windMode": [-1,-1,-1,-1], "windData": [1,1,1,1], "enabled": false },
										"west": { "texture": "#null", "uv": [ 0.0, 0.0, 0.5, 1.0 ], "windMode": [-1,-1,-1,-1], "windData": [1,1,1,1], "enabled": false },
										"up": { "texture": "#null", "uv": [ 0.0, 0.0, 1.0, 0.5 ], "windMode": [-1,-1,-1,-1], "windData": [1,1,1,1], "enabled": false },
										"down": { "texture": "#null", "uv": [ 0.0, 0.0, 1.0, 0.5 ], "windMode": [-1,-1,-1,-1], "windData": [1,1,1,1], "enabled": false }
									}
								}
							]
						}
					]
				},
				{
					"name": "bandWest",
					"from": [ 0.0, 0.0, 0.2 ],
					"to": [ 0.2, 0.5, 6.2 ],
					"rotationOrigin": [ 0.0, 0.0, 0.2 ],
					"faces": {
						"north": { "texture": "#null", "uv": [ 0.0, 0.0, 0.5, 0.5 ], "windMode": [-1,-1,-1,-1], "windData": [1,1,1,1], "enabled": false },
						"east": { "texture": "#reeds", "uv": [ 1.5, 5.5, 7.5, 6.0 ], "windMode": [-1,-1,-1,-1], "windData": [1,1,1,1] },
						"south": { "texture": "#null", "uv": [ 0.0, 0.0, 0.5, 0.5 ], "windMode": [-1,-1,-1,-1], "windData": [1,1,1,1], "enabled": false },
						"west": { "texture": "#reeds", "uv": [ 0.5, 5.5, 6.5, 6.0 ], "windMode": [-1,-1,-1,-1], "windData": [1,1,1,1] },
						"up": { "texture": "#reeds", "uv": [ 0.5, 6.0, 6.5, 6.5 ], "rotation": 90, "windMode": [-1,-1,-1,-1], "windData": [1,1,1,1] },
						"down": { "texture": "#reeds", "uv": [ 1.5, 5.5, 7.5, 6.0 ], "rotation": 90, "windMode": [-1,-1,-1,-1], "windData": [1,1,1,1] }
					},
					"children": [
						{
							"name": "flower4",
							"from": [ 0.0, 0.2, 0.8 ],
							"to": [ 0.0, 0.2, 0.8 ],
							"rotationOrigin": [ 0.0, 0.2, 0.8 ],
							"faces": {
								"north": { "texture": "#null", "uv": [ 0.0, 0.0, 0.5, 0.5 ], "windMode": [-1,-1,-1,-1], "windData": [1,1,1,1] },
								"east": { "texture": "#null", "uv": [ 0.0, 0.0, 0.5, 0.5 ], "windMode": [-1,-1,-1,-1], "windData": [1,1,1,1], "enabled": false },
								"south": { "texture": "#null", "uv": [ 0.0, 0.0, 0.5, 0.5 ], "windMode": [-1,-1,-1,-1], "windData": [1,1,1,1], "enabled": false },
								"west": { "texture": "#null", "uv": [ 0.0, 0.0, 0.5, 0.5 ], "windMode": [-1,-1,-1,-1], "windData": [1,1,1,1], "enabled": false },
								"up": { "texture": "#null", "uv": [ 0.0, 0.0, 0.5, 0.5 ], "windMode": [-1,-1,-1,-1], "windData": [1,1,1,1], "enabled": false },
								"down": { "texture": "#null", "uv": [ 0.0, 0.0, 0.5, 0.5 ], "windMode": [-1,-1,-1,-1], "windData": [1,1,1,1], "enabled": false }
							},
							"children": [
								{
									"name": "face10",
									"from": [ -0.5, -0.5, 0.0 ],
									"to": [ 0.5, 0.5, 0.0 ],
									"shade": false,
									"rotationOrigin": [ 0.0, 0.0, 0.0 ],
									"rotationY": 15.0,
									"faces": {
										"north": { "texture": "#orangemallow2", "uv": [ 2.6667, 8.0, 3.6667, 9.0 ], "windMode": [-1,-1,-1,-1], "windData": [1,1,1,1] },
										"east": { "texture": "#null", "uv": [ 0.0, 0.0, 0.5, 1.0 ], "windMode": [-1,-1,-1,-1], "windData": [1,1,1,1], "enabled": false },
										"south": { "texture": "#null", "uv": [ 0.0, 0.0, 1.0, 1.0 ], "windMode": [-1,-1,-1,-1], "windData": [1,1,1,1], "enabled": false },
										"west": { "texture": "#null", "uv": [ 0.0, 0.0, 0.5, 1.0 ], "windMode": [-1,-1,-1,-1], "windData": [1,1,1,1], "enabled": false },
										"up": { "texture": "#null", "uv": [ 0.0, 0.0, 1.0, 0.5 ], "windMode": [-1,-1,-1,-1], "windData": [1,1,1,1], "enabled": false },
										"down": { "texture": "#null", "uv": [ 0.0, 0.0, 1.0, 0.5 ], "windMode": [-1,-1,-1,-1], "windData": [1,1,1,1], "enabled": false }
									}
								},
								{
									"name": "face11",
									"from": [ -0.5, -0.5, 0.0 ],
									"to": [ 0.5, 0.5, 0.0 ],
									"shade": false,
									"rotationOrigin": [ 0.0, 0.0, 0.0 ],
									"rotationY": 75.0,
									"faces": {
										"north": { "texture": "#orangemallow2", "uv": [ 0.3333, 11.3333, 1.3333, 12.3333 ], "windMode": [-1,-1,-1,-1], "windData": [1,1,1,1] },
										"east": { "texture": "#null", "uv": [ 0.0, 0.0, 0.5, 1.0 ], "windMode": [-1,-1,-1,-1], "windData": [1,1,1,1], "enabled": false },
										"south": { "texture": "#null", "uv": [ 0.0, 0.0, 1.0, 1.0 ], "windMode": [-1,-1,-1,-1], "windData": [1,1,1,1], "enabled": false },
										"west": { "texture": "#null", "uv": [ 0.0, 0.0, 0.5, 1.0 ], "windMode": [-1,-1,-1,-1], "windData": [1,1,1,1], "enabled": false },
										"up": { "texture": "#null", "uv": [ 0.0, 0.0, 1.0, 0.5 ], "windMode": [-1,-1,-1,-1], "windData": [1,1,1,1], "enabled": false },
										"down": { "texture": "#null", "uv": [ 0.0, 0.0, 1.0, 0.5 ], "windMode": [-1,-1,-1,-1], "windData": [1,1,1,1], "enabled": false }
									}
								},
								{
									"name": "face12",
									"from": [ -0.5, -0.5, 0.0 ],
									"to": [ 0.5, 0.5, 0.0 ],
									"shade": false,
									"rotationOrigin": [ 0.0, 0.0, 0.0 ],
									"rotationY": 150.0,
									"faces": {
										"north": { "texture": "#orangemallow2", "uv": [ 4.3333, 3.6667, 5.3333, 4.6667 ], "windMode": [-1,-1,-1,-1], "windData": [1,1,1,1] },
										"east": { "texture": "#null", "uv": [ 0.0, 0.0, 0.5, 1.0 ], "windMode": [-1,-1,-1,-1], "windData": [1,1,1,1], "enabled": false },
										"south": { "texture": "#null", "uv": [ 0.0, 0.0, 1.0, 1.0 ], "windMode": [-1,-1,-1,-1], "windData": [1,1,1,1], "enabled": false },
										"west": { "texture": "#null", "uv": [ 0.0, 0.0, 0.5, 1.0 ], "windMode": [-1,-1,-1,-1], "windData": [1,1,1,1], "enabled": false },
										"up": { "texture": "#null", "uv": [ 0.0, 0.0, 1.0, 0.5 ], "windMode": [-1,-1,-1,-1], "windData": [1,1,1,1], "enabled": false },
										"down": { "texture": "#null", "uv": [ 0.0, 0.0, 1.0, 0.5 ], "windMode": [-1,-1,-1,-1], "windData": [1,1,1,1], "enabled": false }
									}
								}
							]
						},
						{
							"name": "flower5",
							"from": [ 0.0, 0.2, 3.0 ],
							"to": [ 0.0, 0.2, 3.0 ],
							"rotationOrigin": [ 0.0, 0.2, 3.0 ],
							"faces": {
								"north": { "texture": "#null", "uv": [ 0.0, 0.0, 0.5, 0.5 ], "windMode": [-1,-1,-1,-1], "windData": [1,1,1,1] },
								"east": { "texture": "#null", "uv": [ 0.0, 0.0, 0.5, 0.5 ], "windMode": [-1,-1,-1,-1], "windData": [1,1,1,1], "enabled": false },
								"south": { "texture": "#null", "uv": [ 0.0, 0.0, 0.5, 0.5 ], "windMode": [-1,-1,-1,-1], "windData": [1,1,1,1], "enabled": false },
								"west": { "texture": "#null", "uv": [ 0.0, 0.0, 0.5, 0.5 ], "windMode": [-1,-1,-1,-1], "windData": [1,1,1,1], "enabled": false },
								"up": { "texture": "#null", "uv": [ 0.0, 0.0, 0.5, 0.5 ], "windMode": [-1,-1,-1,-1], "windData": [1,1,1,1], "enabled": false },
								"down": { "texture": "#null", "uv": [ 0.0, 0.0, 0.5, 0.5 ], "windMode": [-1,-1,-1,-1], "windData": [1,1,1,1], "enabled": false }
							},
							"children": [
								{
									"name": "face13",
									"from": [ -0.5, -0.5, 0.0 ],
									"to": [ 0.5, 0.5, 0.0 ],
									"shade": false,
									"rotationOrigin": [ 0.0, 0.0, 0.0 ],
									"rotationY": 15.0,
									"faces": {
										"north": { "texture": "#orangemallow2", "uv": [ 13.6667, 9.6667, 14.6667, 10.6667 ], "windMode": [-1,-1,-1,-1], "windData": [1,1,1,1] },
										"east": { "texture": "#null", "uv": [ 0.0, 0.0, 0.5, 1.0 ], "windMode": [-1,-1,-1,-1], "windData": [1,1,1,1], "enabled": false },
										"south": { "texture": "#null", "uv": [ 0.0, 0.0, 1.0, 1.0 ], "windMode": [-1,-1,-1,-1], "windData": [1,1,1,1], "enabled": false },
										"west": { "texture": "#null", "uv": [ 0.0, 0.0, 0.5, 1.0 ], "windMode": [-1,-1,-1,-1], "windData": [1,1,1,1], "enabled": false },
										"up": { "texture": "#null", "uv": [ 0.0, 0.0, 1.0, 0.5 ], "windMode": [-1,-1,-1,-1], "windData": [1,1,1,1], "enabled": false },
										"down": { "texture": "#null", "uv": [ 0.0, 0.0, 1.0, 0.5 ], "windMode": [-1,-1,-1,-1], "windData": [1,1,1,1], "enabled": false }
									}
								},
								{
									"name": "face14",
									"from": [ -0.5, -0.5, 0.0 ],
									"to": [ 0.5, 0.5, 0.0 ],
									"shade": false,
									"rotationOrigin": [ 0.0, 0.0, 0.0 ],
									"rotationY": 75.0,
									"faces": {
										"north": { "texture": "#orangemallow2", "uv": [ 2.3333, 8.3333, 3.3333, 9.3333 ], "windMode": [-1,-1,-1,-1], "windData": [1,1,1,1] },
										"east": { "texture": "#null", "uv": [ 0.0, 0.0, 0.5, 1.0 ], "windMode": [-1,-1,-1,-1], "windData": [1,1,1,1], "enabled": false },
										"south": { "texture": "#null", "uv": [ 0.0, 0.0, 1.0, 1.0 ], "windMode": [-1,-1,-1,-1], "windData": [1,1,1,1], "enabled": false },
										"west": { "texture": "#null", "uv": [ 0.0, 0.0, 0.5, 1.0 ], "windMode": [-1,-1,-1,-1], "windData": [1,1,1,1], "enabled": false },
										"up": { "texture": "#null", "uv": [ 0.0, 0.0, 1.0, 0.5 ], "windMode": [-1,-1,-1,-1], "windData": [1,1,1,1], "enabled": false },
										"down": { "texture": "#null", "uv": [ 0.0, 0.0, 1.0, 0.5 ], "windMode": [-1,-1,-1,-1], "windData": [1,1,1,1], "enabled": false }
									}
								},
								{
									"name": "face15",
									"from": [ -0.5, -0.5, 0.0 ],
									"to": [ 0.5, 0.5, 0.0 ],
									"shade": false,
									"rotationOrigin": [ 0.0, 0.0, 0.0 ],
									"rotationY": 150.0,
									"faces": {
										"north": { "texture": "#orangemallow2", "uv": [ 4.3333, 3.6667, 5.3333, 4.6667 ], "windMode": [-1,-1,-1,-1], "windData": [1,1,1,1] },
										"east": { "texture": "#null", "uv": [ 0.0, 0.0, 0.5, 1.0 ], "windMode": [-1,-1,-1,-1], "windData": [1,1,1,1], "enabled": false },
										"south": { "texture": "#null", "uv": [ 0.0, 0.0, 1.0, 1.0 ], "windMode": [-1,-1,-1,-1], "windData": [1,1,1,1], "enabled": false },
										"west": { "texture": "#null", "uv": [ 0.0, 0.0, 0.5, 1.0 ], "windMode": [-1,-1,-1,-1], "windData": [1,1,1,1], "enabled": false },
										"up": { "texture": "#null", "uv": [ 0.0, 0.0, 1.0, 0.5 ], "windMode": [-1,-1,-1,-1], "windData": [1,1,1,1], "enabled": false },
										"down": { "texture": "#null", "uv": [ 0.0, 0.0, 1.0, 0.5 ], "windMode": [-1,-1,-1,-1], "windData": [1,1,1,1], "enabled": false }
									}
								}
							]
						},
						{
							"name": "flower6",
							"from": [ 0.0, 0.2, 5.2 ],
							"to": [ 0.0, 0.2, 5.2 ],
							"rotationOrigin": [ 0.0, 0.2, 5.2 ],
							"faces": {
								"north": { "texture": "#null", "uv": [ 0.0, 0.0, 0.5, 0.5 ], "windMode": [-1,-1,-1,-1], "windData": [1,1,1,1] },
								"east": { "texture": "#null", "uv": [ 0.0, 0.0, 0.5, 0.5 ], "windMode": [-1,-1,-1,-1], "windData": [1,1,1,1], "enabled": false },
								"south": { "texture": "#null", "uv": [ 0.0, 0.0, 0.5, 0.5 ], "windMode": [-1,-1,-1,-1], "windData": [1,1,1,1], "enabled": false },
								"west": { "texture": "#null", "uv": [ 0.0, 0.0, 0.5, 0.5 ], "windMode": [-1,-1,-1,-1], "windData": [1,1,1,1], "enabled": false },
								"up": { "texture": "#null", "uv": [ 0.0, 0.0, 0.5, 0.5 ], "windMode": [-1,-1,-1,-1], "windData": [1,1,1,1], "enabled": false },
								"down": { "texture": "#null", "uv": [ 0.0, 0.0, 0.5, 0.5 ], "windMode": [-1,-1,-1,-1], "windData": [1,1,1,1], "enabled": false }
							},
							"children": [
								{
									"name": "face16",
									"from": [ -0.5, -0.5, 0.0 ],
									"to": [ 0.5, 0.5, 0.0 ],
									"shade": false,
									"rotationOrigin": [ 0.0, 0.0, 0.0 ],
									"rotationY": 15.0,
									"faces": {
										"north": { "texture": "#orangemallow2", "uv": [ 14.0, 7.6667, 15.0, 8.6667 ], "windMode": [-1,-1,-1,-1], "windData": [1,1,1,1] },
										"east": { "texture": "#null", "uv": [ 0.0, 0.0, 0.5, 1.0 ], "windMode": [-1,-1,-1,-1], "windData": [1,1,1,1], "enabled": false },
										"south": { "texture": "#null", "uv": [ 0.0, 0.0, 1.0, 1.0 ], "windMode": [-1,-1,-1,-1], "windData": [1,1,1,1], "enabled": false },
										"west": { "texture": "#null", "uv": [ 0.0, 0.0, 0.5, 1.0 ], "windMode": [-1,-1,-1,-1], "windData": [1,1,1,1], "enabled": false },
										"up": { "texture": "#null", "uv": [ 0.0, 0.0, 1.0, 0.5 ], "windMode": [-1,-1,-1,-1], "windData": [1,1,1,1], "enabled": false },
										"down": { "texture": "#null", "uv": [ 0.0, 0.0, 1.0, 0.5 ], "windMode": [-1,-1,-1,-1], "windData": [1,1,1,1], "enabled": false }
									}
								},
								{
									"name": "face17",
									"from": [ -0.5, -0.5, 0.0 ],
									"to": [ 0.5, 0.5, 0.0 ],
									"shade": false,
									"rotationOrigin": [ 0.0, 0.0, 0.0 ],
									"rotationY": 75.0,
									"faces": {
										"north": { "texture": "#orangemallow2", "uv": [ 2.3333, 8.3333, 3.3333, 9.3333 ], "windMode": [-1,-1,-1,-1], "windData": [1,1,1,1] },
										"east": { "texture": "#null", "uv": [ 0.0, 0.0, 0.5, 1.0 ], "windMode": [-1,-1,-1,-1], "windData": [1,1,1,1], "enabled": false },
										"south": { "texture": "#null", "uv": [ 0.0, 0.0, 1.0, 1.0 ], "windMode": [-1,-1,-1,-1], "windData": [1,1,1,1], "enabled": false },
										"west": { "texture": "#null", "uv": [ 0.0, 0.0, 0.5, 1.0 ], "windMode": [-1,-1,-1,-1], "windData": [1,1,1,1], "enabled": false },
										"up": { "texture": "#null", "uv": [ 0.0, 0.0, 1.0, 0.5 ], "windMode": [-1,-1,-1,-1], "windData": [1,1,1,1], "enabled": false },
										"down": { "texture": "#null", "uv": [ 0.0, 0.0, 1.0, 0.5 ], "windMode": [-1,-1,-1,-1], "windData": [1,1,1,1], "enabled": false }
									}
								},
								{
									"name": "face18",
									"from": [ -0.5, -0.5, 0.0 ],
									"to": [ 0.5, 0.5, 0.0 ],
									"shade": false,
									"rotationOrigin": [ 0.0, 0.0, 0.0 ],
									"rotationY": 150.0,
									"faces": {
										"north": { "texture": "#orangemallow2", "uv": [ 9.3333, 12.0, 10.3333, 13.0 ], "windMode": [-1,-1,-1,-1], "windData": [1,1,1,1] },
										"east": { "texture": "#null", "uv": [ 0.0, 0.0, 0.5, 1.0 ], "windMode": [-1,-1,-1,-1], "windData": [1,1,1,1], "enabled": false },
										"south": { "texture": "#null", "uv": [ 0.0, 0.0, 1.0, 1.0 ], "windMode": [-1,-1,-1,-1], "windData": [1,1,1,1], "enabled": false },
										"west": { "texture": "#null", "uv": [ 0.0, 0.0, 0.5, 1.0 ], "windMode": [-1,-1,-1,-1], "windData": [1,1,1,1], "enabled": false },
										"up": { "texture": "#null", "uv": [ 0.0, 0.0, 1.0, 0.5 ], "windMode": [-1,-1,-1,-1], "windData": [1,1,1,1], "enabled": false },
										"down": { "texture": "#null", "uv": [ 0.0, 0.0, 1.0, 0.5 ], "windMode": [-1,-1,-1,-1], "windData": [1,1,1,1], "enabled": false }
									}
								}
							]
						}
					]
				},
				{
					"name": "bandEast",
					"from": [ 6.7, 0.0, 0.2 ],
					"to": [ 6.9, 0.5, 6.2 ],
					"rotationOrigin": [ 6.7, 0.0, 0.2 ],
					"faces": {
						"north": { "texture": "#null", "uv": [ 0.0, 0.0, 0.5, 0.5 ], "windMode": [-1,-1,-1,-1], "windData": [1,1,1,1], "enabled": false },
						"east": { "texture": "#reeds", "uv": [ 1.0, 5.0, 7.0, 5.5 ] },
						"south": { "texture": "#null", "uv": [ 0.0, 0.0, 0.5, 0.5 ], "enabled": false },
						"west": { "texture": "#reeds", "uv": [ 1.5, 6.5, 7.5, 7.0 ], "windMode": [-1,-1,-1,-1], "windData": [1,1,1,1] },
						"up": { "texture": "#reeds", "uv": [ 1.0, 5.0, 7.0, 5.5 ], "rotation": 90, "windMode": [-1,-1,-1,-1], "windData": [1,1,1,1] },
						"down": { "texture": "#reeds", "uv": [ 0.5, 5.5, 6.5, 6.0 ], "rotation": 90, "windMode": [-1,-1,-1,-1], "windData": [1,1,1,1] }
					},
					"children": [
						{
							"name": "flower10",
							"from": [ 0.2, 0.2, 0.8 ],
							"to": [ 0.2, 0.2, 0.8 ],
							"rotationOrigin": [ 0.2, 0.2, 0.8 ],
							"faces": {
								"north": { "texture": "#null", "uv": [ 0.0, 0.0, 0.5, 0.5 ], "windMode": [-1,-1,-1,-1], "windData": [1,1,1,1] },
								"east": { "texture": "#null", "uv": [ 0.0, 0.0, 0.5, 0.5 ], "windMode": [-1,-1,-1,-1], "windData": [1,1,1,1], "enabled": false },
								"south": { "texture": "#null", "uv": [ 0.0, 0.0, 0.5, 0.5 ], "windMode": [-1,-1,-1,-1], "windData": [1,1,1,1], "enabled": false },
								"west": { "texture": "#null", "uv": [ 0.0, 0.0, 0.5, 0.5 ], "windMode": [-1,-1,-1,-1], "windData": [1,1,1,1], "enabled": false },
								"up": { "texture": "#null", "uv": [ 0.0, 0.0, 0.5, 0.5 ], "windMode": [-1,-1,-1,-1], "windData": [1,1,1,1], "enabled": false },
								"down": { "texture": "#null", "uv": [ 0.0, 0.0, 0.5, 0.5 ], "windMode": [-1,-1,-1,-1], "windData": [1,1,1,1], "enabled": false }
							},
							"children": [
								{
									"name": "face28",
									"from": [ -0.5, -0.5, 0.0 ],
									"to": [ 0.5, 0.5, 0.0 ],
									"shade": false,
									"rotationOrigin": [ 0.0, 0.0, 0.0 ],
									"rotationY": 15.0,
									"faces": {
										"north": { "texture": "#orangemallow2", "uv": [ 2.6667, 8.0, 3.6667, 9.0 ], "windMode": [-1,-1,-1,-1], "windData": [1,1,1,1] },
										"east": { "texture": "#null", "uv": [ 0.0, 0.0, 0.5, 1.0 ], "windMode": [-1,-1,-1,-1], "windData": [1,1,1,1], "enabled": false },
										"south": { "texture": "#null", "uv": [ 0.0, 0.0, 1.0, 1.0 ], "windMode": [-1,-1,-1,-1], "windData": [1,1,1,1], "enabled": false },
										"west": { "texture": "#null", "uv": [ 0.0, 0.0, 0.5, 1.0 ], "windMode": [-1,-1,-1,-1], "windData": [1,1,1,1], "enabled": false },
										"up": { "texture": "#null", "uv": [ 0.0, 0.0, 1.0, 0.5 ], "windMode": [-1,-1,-1,-1], "windData": [1,1,1,1], "enabled": false },
										"down": { "texture": "#null", "uv": [ 0.0, 0.0, 1.0, 0.5 ], "windMode": [-1,-1,-1,-1], "windData": [1,1,1,1], "enabled": false }
									}
								},
								{
									"name": "face29",
									"from": [ -0.5, -0.5, 0.0 ],
									"to": [ 0.5, 0.5, 0.0 ],
									"shade": false,
									"rotationOrigin": [ 0.0, 0.0, 0.0 ],
									"rotationY": 75.0,
									"faces": {
										"north": { "texture": "#orangemallow2", "uv": [ 14.0, 7.0, 15.0, 8.0 ], "windMode": [-1,-1,-1,-1], "windData": [1,1,1,1] },
										"east": { "texture": "#null", "uv": [ 0.0, 0.0, 0.5, 1.0 ], "windMode": [-1,-1,-1,-1], "windData": [1,1,1,1], "enabled": false },
										"south": { "texture": "#null", "uv": [ 0.0, 0.0, 1.0, 1.0 ], "windMode": [-1,-1,-1,-1], "windData": [1,1,1,1], "enabled": false },
										"west": { "texture": "#null", "uv": [ 0.0, 0.0, 0.5, 1.0 ], "windMode": [-1,-1,-1,-1], "windData": [1,1,1,1], "enabled": false },
										"up": { "texture": "#null", "uv": [ 0.0, 0.0, 1.0, 0.5 ], "windMode": [-1,-1,-1,-1], "windData": [1,1,1,1], "enabled": false },
										"down": { "texture": "#null", "uv": [ 0.0, 0.0, 1.0, 0.5 ], "windMode": [-1,-1,-1,-1], "windData": [1,1,1,1], "enabled": false }
									}
								},
								{
									"name": "face30",
									"from": [ -0.5, -0.5, 0.0 ],
									"to": [ 0.5, 0.5, 0.0 ],
									"shade": false,
									"rotationOrigin": [ 0.0, 0.0, 0.0 ],
									"rotationY": 150.0,
									"faces": {
										"north": { "texture": "#orangemallow2", "uv": [ 4.3333, 3.6667, 5.3333, 4.6667 ], "windMode": [-1,-1,-1,-1], "windData": [1,1,1,1] },
										"east": { "texture": "#null", "uv": [ 0.0, 0.0, 0.5, 1.0 ], "windMode": [-1,-1,-1,-1], "windData": [1,1,1,1], "enabled": false },
										"south": { "texture": "#null", "uv": [ 0.0, 0.0, 1.0, 1.0 ], "windMode": [-1,-1,-1,-1], "windData": [1,1,1,1], "enabled": false },
										"west": { "texture": "#null", "uv": [ 0.0, 0.0, 0.5, 1.0 ], "windMode": [-1,-1,-1,-1], "windData": [1,1,1,1], "enabled": false },
										"up": { "texture": "#null", "uv": [ 0.0, 0.0, 1.0, 0.5 ], "windMode": [-1,-1,-1,-1], "windData": [1,1,1,1], "enabled": false },
										"down": { "texture": "#null", "uv": [ 0.0, 0.0, 1.0, 0.5 ], "windMode": [-1,-1,-1,-1], "windData": [1,1,1,1], "enabled": false }
									}
								}
							]
						},
						{
							"name": "flower11",
							"from": [ 0.2, 0.2, 3.0 ],
							"to": [ 0.2, 0.2, 3.0 ],
							"rotationOrigin": [ 0.2, 0.2, 3.0 ],
							"faces": {
								"north": { "texture": "#null", "uv": [ 0.0, 0.0, 0.5, 0.5 ], "windMode": [-1,-1,-1,-1], "windData": [1,1,1,1] },
								"east": { "texture": "#null", "uv": [ 0.0, 0.0, 0.5, 0.5 ], "windMode": [-1,-1,-1,-1], "windData": [1,1,1,1], "enabled": false },
								"south": { "texture": "#null", "uv": [ 0.0, 0.0, 0.5, 0.5 ], "windMode": [-1,-1,-1,-1], "windData": [1,1,1,1], "enabled": false },
								"west": { "texture": "#null", "uv": [ 0.0, 0.0, 0.5, 0.5 ], "windMode": [-1,-1,-1,-1], "windData": [1,1,1,1], "enabled": false },
								"up": { "texture": "#null", "uv": [ 0.0, 0.0, 0.5, 0.5 ], "windMode": [-1,-1,-1,-1], "windData": [1,1,1,1], "enabled": false },
								"down": { "texture": "#null", "uv": [ 0.0, 0.0, 0.5, 0.5 ], "windMode": [-1,-1,-1,-1], "windData": [1,1,1,1], "enabled": false }
							},
							"children": [
								{
									"name": "face31",
									"from": [ -0.5, -0.5, 0.0 ],
									"to": [ 0.5, 0.5, 0.0 ],
									"shade": false,
									"rotationOrigin": [ 0.0, 0.0, 0.0 ],
									"rotationY": 15.0,
									"faces": {
										"north": { "texture": "#orangemallow2", "uv": [ 13.6667, 9.6667, 14.6667, 10.6667 ], "windMode": [-1,-1,-1,-1], "windData": [1,1,1,1] },
										"east": { "texture": "#null", "uv": [ 0.0, 0.0, 0.5, 1.0 ], "windMode": [-1,-1,-1,-1], "windData": [1,1,1,1], "enabled": false },
										"south": { "texture": "#null", "uv": [ 0.0, 0.0, 1.0, 1.0 ], "windMode": [-1,-1,-1,-1], "windData": [1,1,1,1], "enabled": false },
										"west": { "texture": "#null", "uv": [ 0.0, 0.0, 0.5, 1.0 ], "windMode": [-1,-1,-1,-1], "windData": [1,1,1,1], "enabled": false },
										"up": { "texture": "#null", "uv": [ 0.0, 0.0, 1.0, 0.5 ], "windMode": [-1,-1,-1,-1], "windData": [1,1,1,1], "enabled": false },
										"down": { "texture": "#null", "uv": [ 0.0, 0.0, 1.0, 0.5 ], "windMode": [-1,-1,-1,-1], "windData": [1,1,1,1], "enabled": false }
									}
								},
								{
									"name": "face32",
									"from": [ -0.5, -0.5, 0.0 ],
									"to": [ 0.5, 0.5, 0.0 ],
									"shade": false,
									"rotationOrigin": [ 0.0, 0.0, 0.0 ],
									"rotationY": 75.0,
									"faces": {
										"north": { "texture": "#orangemallow2", "uv": [ 2.3333, 8.3333, 3.3333, 9.3333 ], "windMode": [-1,-1,-1,-1], "windData": [1,1,1,1] },
										"east": { "texture": "#null", "uv": [ 0.0, 0.0, 0.5, 1.0 ], "windMode": [-1,-1,-1,-1], "windData": [1,1,1,1], "enabled": false },
										"south": { "texture": "#null", "uv": [ 0.0, 0.0, 1.0, 1.0 ], "windMode": [-1,-1,-1,-1], "windData": [1,1,1,1], "enabled": false },
										"west": { "texture": "#null", "uv": [ 0.0, 0.0, 0.5, 1.0 ], "windMode": [-1,-1,-1,-1], "windData": [1,1,1,1], "enabled": false },
										"up": { "texture": "#null", "uv": [ 0.0, 0.0, 1.0, 0.5 ], "windMode": [-1,-1,-1,-1], "windData": [1,1,1,1], "enabled": false },
										"down": { "texture": "#null", "uv": [ 0.0, 0.0, 1.0, 0.5 ], "windMode": [-1,-1,-1,-1], "windData": [1,1,1,1], "enabled": false }
									}
								},
								{
									"name": "face33",
									"from": [ -0.5, -0.5, 0.0 ],
									"to": [ 0.5, 0.5, 0.0 ],
									"shade": false,
									"rotationOrigin": [ 0.0, 0.0, 0.0 ],
									"rotationY": 150.0,
									"faces": {
										"north": { "texture": "#orangemallow2", "uv": [ 4.3333, 3.6667, 5.3333, 4.6667 ], "windMode": [-1,-1,-1,-1], "windData": [1,1,1,1] },
										"east": { "texture": "#null", "uv": [ 0.0, 0.0, 0.5, 1.0 ], "windMode": [-1,-1,-1,-1], "windData": [1,1,1,1], "enabled": false },
										"south": { "texture": "#null", "uv": [ 0.0, 0.0, 1.0, 1.0 ], "windMode": [-1,-1,-1,-1], "windData": [1,1,1,1], "enabled": false },
										"west": { "texture": "#null", "uv": [ 0.0, 0.0, 0.5, 1.0 ], "windMode": [-1,-1,-1,-1], "windData": [1,1,1,1], "enabled": false },
										"up": { "texture": "#null", "uv": [ 0.0, 0.0, 1.0, 0.5 ], "windMode": [-1,-1,-1,-1], "windData": [1,1,1,1], "enabled": false },
										"down": { "texture": "#null", "uv": [ 0.0, 0.0, 1.0, 0.5 ], "windMode": [-1,-1,-1,-1], "windData": [1,1,1,1], "enabled": false }
									}
								}
							]
						},
						{
							"name": "flower12",
							"from": [ 0.2, 0.2, 5.2 ],
							"to": [ 0.2, 0.2, 5.2 ],
							"rotationOrigin": [ 0.2, 0.2, 5.2 ],
							"faces": {
								"north": { "texture": "#null", "uv": [ 0.0, 0.0, 0.5, 0.5 ], "windMode": [-1,-1,-1,-1], "windData": [1,1,1,1] },
								"east": { "texture": "#null", "uv": [ 0.0, 0.0, 0.5, 0.5 ], "windMode": [-1,-1,-1,-1], "windData": [1,1,1,1], "enabled": false },
								"south": { "texture": "#null", "uv": [ 0.0, 0.0, 0.5, 0.5 ], "windMode": [-1,-1,-1,-1], "windData": [1,1,1,1], "enabled": false },
								"west": { "texture": "#null", "uv": [ 0.0, 0.0, 0.5, 0.5 ], "windMode": [-1,-1,-1,-1], "windData": [1,1,1,1], "enabled": false },
								"up": { "texture": "#null", "uv": [ 0.0, 0.0, 0.5, 0.5 ], "windMode": [-1,-1,-1,-1], "windData": [1,1,1,1], "enabled": false },
								"down": { "texture": "#null", "uv": [ 0.0, 0.0, 0.5, 0.5 ], "windMode": [-1,-1,-1,-1], "windData": [1,1,1,1], "enabled": false }
							},
							"children": [
								{
									"name": "face34",
									"from": [ -0.5, -0.5, 0.0 ],
									"to": [ 0.5, 0.5, 0.0 ],
									"shade": false,
									"rotationOrigin": [ 0.0, 0.0, 0.0 ],
									"rotationY": 15.0,
									"faces": {
										"north": { "texture": "#orangemallow2", "uv": [ 14.0, 7.6667, 15.0, 8.6667 ], "windMode": [-1,-1,-1,-1], "windData": [1,1,1,1] },
										"east": { "texture": "#null", "uv": [ 0.0, 0.0, 0.5, 1.0 ], "windMode": [-1,-1,-1,-1], "windData": [1,1,1,1], "enabled": false },
										"south": { "texture": "#null", "uv": [ 0.0, 0.0, 1.0, 1.0 ], "windMode": [-1,-1,-1,-1], "windData": [1,1,1,1], "enabled": false },
										"west": { "texture": "#null", "uv": [ 0.0, 0.0, 0.5, 1.0 ], "windMode": [-1,-1,-1,-1], "windData": [1,1,1,1], "enabled": false },
										"up": { "texture": "#null", "uv": [ 0.0, 0.0, 1.0, 0.5 ], "windMode": [-1,-1,-1,-1], "windData": [1,1,1,1], "enabled": false },
										"down": { "texture": "#null", "uv": [ 0.0, 0.0, 1.0, 0.5 ], "windMode": [-1,-1,-1,-1], "windData": [1,1,1,1], "enabled": false }
									}
								},
								{
									"name": "face35",
									"from": [ -0.5, -0.5, 0.0 ],
									"to": [ 0.5, 0.5, 0.0 ],
									"shade": false,
									"rotationOrigin": [ 0.0, 0.0, 0.0 ],
									"rotationY": 75.0,
									"faces": {
										"north": { "texture": "#orangemallow2", "uv": [ 4.3333, 3.6667, 5.3333, 4.6667 ], "windMode": [-1,-1,-1,-1], "windData": [1,1,1,1] },
										"east": { "texture": "#null", "uv": [ 0.0, 0.0, 0.5, 1.0 ], "windMode": [-1,-1,-1,-1], "windData": [1,1,1,1], "enabled": false },
										"south": { "texture": "#null", "uv": [ 0.0, 0.0, 1.0, 1.0 ], "windMode": [-1,-1,-1,-1], "windData": [1,1,1,1], "enabled": false },
										"west": { "texture": "#null", "uv": [ 0.0, 0.0, 0.5, 1.0 ], "windMode": [-1,-1,-1,-1], "windData": [1,1,1,1], "enabled": false },
										"up": { "texture": "#null", "uv": [ 0.0, 0.0, 1.0, 0.5 ], "windMode": [-1,-1,-1,-1], "windData": [1,1,1,1], "enabled": false },
										"down": { "texture": "#null", "uv": [ 0.0, 0.0, 1.0, 0.5 ], "windMode": [-1,-1,-1,-1], "windData": [1,1,1,1], "enabled": false }
									}
								},
								{
									"name": "face36",
									"from": [ -0.5, -0.5, 0.0 ],
									"to": [ 0.5, 0.5, 0.0 ],
									"shade": false,
									"rotationOrigin": [ 0.0, 0.0, 0.0 ],
									"rotationY": 150.0,
									"faces": {
										"north": { "texture": "#orangemallow2", "uv": [ 5.6667, 5.3333, 6.6667, 6.3333 ], "windMode": [-1,-1,-1,-1], "windData": [1,1,1,1] },
										"east": { "texture": "#null", "uv": [ 0.0, 0.0, 0.5, 1.0 ], "windMode": [-1,-1,-1,-1], "windData": [1,1,1,1], "enabled": false },
										"south": { "texture": "#null", "uv": [ 0.0, 0.0, 1.0, 1.0 ], "windMode": [-1,-1,-1,-1], "windData": [1,1,1,1], "enabled": false },
										"west": { "texture": "#null", "uv": [ 0.0, 0.0, 0.5, 1.0 ], "windMode": [-1,-1,-1,-1], "windData": [1,1,1,1], "enabled": false },
										"up": { "texture": "#null", "uv": [ 0.0, 0.0, 1.0, 0.5 ], "windMode": [-1,-1,-1,-1], "windData": [1,1,1,1], "enabled": false },
										"down": { "texture": "#null", "uv": [ 0.0, 0.0, 1.0, 0.5 ], "windMode": [-1,-1,-1,-1], "windData": [1,1,1,1], "enabled": false }
									}
								}
							]
						}
					]
				},
				{
					"name": "flower1",
					"from": [ 6.0, 0.2, 0.0 ],
					"to": [ 6.0, 0.2, 0.0 ],
					"rotationOrigin": [ 6.0, 0.2, 0.0 ],
					"faces": {
						"north": { "texture": "#null", "uv": [ 0.0, 0.0, 0.5, 0.5 ], "windMode": [-1,-1,-1,-1], "windData": [1,1,1,1] },
						"east": { "texture": "#null", "uv": [ 0.0, 0.0, 0.5, 0.5 ], "windMode": [-1,-1,-1,-1], "windData": [1,1,1,1], "enabled": false },
						"south": { "texture": "#null", "uv": [ 0.0, 0.0, 0.5, 0.5 ], "windMode": [-1,-1,-1,-1], "windData": [1,1,1,1], "enabled": false },
						"west": { "texture": "#null", "uv": [ 0.0, 0.0, 0.5, 0.5 ], "windMode": [-1,-1,-1,-1], "windData": [1,1,1,1], "enabled": false },
						"up": { "texture": "#null", "uv": [ 0.0, 0.0, 0.5, 0.5 ], "windMode": [-1,-1,-1,-1], "windData": [1,1,1,1], "enabled": false },
						"down": { "texture": "#null", "uv": [ 0.0, 0.0, 0.5, 0.5 ], "windMode": [-1,-1,-1,-1], "windData": [1,1,1,1], "enabled": false }
					},
					"children": [
						{
							"name": "face1",
							"from": [ -0.5, -0.5, 0.0 ],
							"to": [ 0.5, 0.5, 0.0 ],
							"shade": false,
							"rotationOrigin": [ 0.0, 0.0, 0.0 ],
							"rotationY": 15.0,
							"faces": {
								"north": { "texture": "#orangemallow2", "uv": [ 2.6667, 8.0, 3.6667, 9.0 ], "windMode": [-1,-1,-1,-1], "windData": [1,1,1,1] },
								"east": { "texture": "#null", "uv": [ 0.0, 0.0, 0.5, 1.0 ], "windMode": [-1,-1,-1,-1], "windData": [1,1,1,1], "enabled": false },
								"south": { "texture": "#null", "uv": [ 0.0, 0.0, 1.0, 1.0 ], "windMode": [-1,-1,-1,-1], "windData": [1,1,1,1], "enabled": false },
								"west": { "texture": "#null", "uv": [ 0.0, 0.0, 0.5, 1.0 ], "windMode": [-1,-1,-1,-1], "windData": [1,1,1,1], "enabled": false },
								"up": { "texture": "#null", "uv": [ 0.0, 0.0, 1.0, 0.5 ], "windMode": [-1,-1,-1,-1], "windData": [1,1,1,1], "enabled": false },
								"down": { "texture": "#null", "uv": [ 0.0, 0.0, 1.0, 0.5 ], "windMode": [-1,-1,-1,-1], "windData": [1,1,1,1], "enabled": false }
							}
						},
						{
							"name": "face2",
							"from": [ -0.5, -0.5, 0.0 ],
							"to": [ 0.5, 0.5, 0.0 ],
							"shade": false,
							"rotationOrigin": [ 0.0, 0.0, 0.0 ],
							"rotationY": 75.0,
							"faces": {
								"north": { "texture": "#orangemallow2", "uv": [ 0.3333, 11.3333, 1.3333, 12.3333 ], "windMode": [-1,-1,-1,-1], "windData": [1,1,1,1] },
								"east": { "texture": "#null", "uv": [ 0.0, 0.0, 0.5, 1.0 ], "windMode": [-1,-1,-1,-1], "windData": [1,1,1,1], "enabled": false },
								"south": { "texture": "#null", "uv": [ 0.0, 0.0, 1.0, 1.0 ], "windMode": [-1,-1,-1,-1], "windData": [1,1,1,1], "enabled": false },
								"west": { "texture": "#null", "uv": [ 0.0, 0.0, 0.5, 1.0 ], "windMode": [-1,-1,-1,-1], "windData": [1,1,1,1], "enabled": false },
								"up": { "texture": "#null", "uv": [ 0.0, 0.0, 1.0, 0.5 ], "windMode": [-1,-1,-1,-1], "windData": [1,1,1,1], "enabled": false },
								"down": { "texture": "#null", "uv": [ 0.0, 0.0, 1.0, 0.5 ], "windMode": [-1,-1,-1,-1], "windData": [1,1,1,1], "enabled": false }
							}
						},
						{
							"name": "face3",
							"from": [ -0.5, -0.5, 0.0 ],
							"to": [ 0.5, 0.5, 0.0 ],
							"shade": false,
							"rotationOrigin": [ 0.0, 0.0, 0.0 ],
							"rotationY": 150.0,
							"faces": {
								"north": { "texture": "#orangemallow2", "uv": [ 4.3333, 3.6667, 5.3333, 4.6667 ], "windMode": [-1,-1,-1,-1], "windData": [1,1,1,1] },
								"east": { "texture": "#null", "uv": [ 0.0, 0.0, 0.5, 1.0 ], "windMode": [-1,-1,-1,-1], "windData": [1,1,1,1], "enabled": false },
								"south": { "texture": "#null", "uv": [ 0.0, 0.0, 1.0, 1.0 ], "windMode": [-1,-1,-1,-1], "windData": [1,1,1,1], "enabled": false },
								"west": { "texture": "#null", "uv": [ 0.0, 0.0, 0.5, 1.0 ], "windMode": [-1,-1,-1,-1], "windData": [1,1,1,1], "enabled": false },
								"up": { "texture": "#null", "uv": [ 0.0, 0.0, 1.0, 0.5 ], "windMode": [-1,-1,-1,-1], "windData": [1,1,1,1], "enabled": false },
								"down": { "texture": "#null", "uv": [ 0.0, 0.0, 1.0, 0.5 ], "windMode": [-1,-1,-1,-1], "windData": [1,1,1,1], "enabled": false }
							}
						}
					]
				},
				{
					"name": "flower2",
					"from": [ 3.5, 0.2, 0.0 ],
					"to": [ 3.5, 0.2, 0.0 ],
					"rotationOrigin": [ 3.5, 0.2, 0.0 ],
					"faces": {
						"north": { "texture": "#null", "uv": [ 0.0, 0.0, 0.5, 0.5 ], "windMode": [-1,-1,-1,-1], "windData": [1,1,1,1] },
						"east": { "texture": "#null", "uv": [ 0.0, 0.0, 0.5, 0.5 ], "windMode": [-1,-1,-1,-1], "windData": [1,1,1,1], "enabled": false },
						"south": { "texture": "#null", "uv": [ 0.0, 0.0, 0.5, 0.5 ], "windMode": [-1,-1,-1,-1], "windData": [1,1,1,1], "enabled": false },
						"west": { "texture": "#null", "uv": [ 0.0, 0.0, 0.5, 0.5 ], "windMode": [-1,-1,-1,-1], "windData": [1,1,1,1], "enabled": false },
						"up": { "texture": "#null", "uv": [ 0.0, 0.0, 0.5, 0.5 ], "windMode": [-1,-1,-1,-1], "windData": [1,1,1,1], "enabled": false },
						"down": { "texture": "#null", "uv": [ 0.0, 0.0, 0.5, 0.5 ], "windMode": [-1,-1,-1,-1], "windData": [1,1,1,1], "enabled": false }
					},
					"children": [
						{
							"name": "face4",
							"from": [ -0.5, -0.5, 0.0 ],
							"to": [ 0.5, 0.5, 0.0 ],
							"shade": false,
							"rotationOrigin": [ 0.0, 0.0, 0.0 ],
							"rotationY": 15.0,
							"faces": {
								"north": { "texture": "#orangemallow2", "uv": [ 13.6667, 9.6667, 14.6667, 10.6667 ], "windMode": [-1,-1,-1,-1], "windData": [1,1,1,1] },
								"east": { "texture": "#null", "uv": [ 0.0, 0.0, 0.5, 1.0 ], "windMode": [-1,-1,-1,-1], "windData": [1,1,1,1], "enabled": false },
								"south": { "texture": "#null", "uv": [ 0.0, 0.0, 1.0, 1.0 ], "windMode": [-1,-1,-1,-1], "windData": [1,1,1,1], "enabled": false },
								"west": { "texture": "#null", "uv": [ 0.0, 0.0, 0.5, 1.0 ], "windMode": [-1,-1,-1,-1], "windData": [1,1,1,1], "enabled": false },
								"up": { "texture": "#null", "uv": [ 0.0, 0.0, 1.0, 0.5 ], "windMode": [-1,-1,-1,-1], "windData": [1,1,1,1], "enabled": false },
								"down": { "texture": "#null", "uv": [ 0.0, 0.0, 1.0, 0.5 ], "windMode": [-1,-1,-1,-1], "windData": [1,1,1,1], "enabled": false }
							}
						},
						{
							"name": "face5",
							"from": [ -0.5, -0.5, 0.0 ],
							"to": [ 0.5, 0.5, 0.0 ],
							"shade": false,
							"rotationOrigin": [ 0.0, 0.0, 0.0 ],
							"rotationY": 75.0,
							"faces": {
								"north": { "texture": "#orangemallow2", "uv": [ 2.3333, 8.3333, 3.3333, 9.3333 ], "windMode": [-1,-1,-1,-1], "windData": [1,1,1,1] },
								"east": { "texture": "#null", "uv": [ 0.0, 0.0, 0.5, 1.0 ], "windMode": [-1,-1,-1,-1], "windData": [1,1,1,1], "enabled": false },
								"south": { "texture": "#null", "uv": [ 0.0, 0.0, 1.0, 1.0 ], "windMode": [-1,-1,-1,-1], "windData": [1,1,1,1], "enabled": false },
								"west": { "texture": "#null", "uv": [ 0.0, 0.0, 0.5, 1.0 ], "windMode": [-1,-1,-1,-1], "windData": [1,1,1,1], "enabled": false },
								"up": { "texture": "#null", "uv": [ 0.0, 0.0, 1.0, 0.5 ], "windMode": [-1,-1,-1,-1], "windData": [1,1,1,1], "enabled": false },
								"down": { "texture": "#null", "uv": [ 0.0, 0.0, 1.0, 0.5 ], "windMode": [-1,-1,-1,-1], "windData": [1,1,1,1], "enabled": false }
							}
						},
						{
							"name": "face6",
							"from": [ -0.5, -0.5, 0.0 ],
							"to": [ 0.5, 0.5, 0.0 ],
							"shade": false,
							"rotationOrigin": [ 0.0, 0.0, 0.0 ],
							"rotationY": 150.0,
							"faces": {
								"north": { "texture": "#orangemallow2", "uv": [ 4.3333, 3.6667, 5.3333, 4.6667 ], "windMode": [-1,-1,-1,-1], "windData": [1,1,1,1] },
								"east": { "texture": "#null", "uv": [ 0.0, 0.0, 0.5, 1.0 ], "windMode": [-1,-1,-1,-1], "windData": [1,1,1,1], "enabled": false },
								"south": { "texture": "#null", "uv": [ 0.0, 0.0, 1.0, 1.0 ], "windMode": [-1,-1,-1,-1], "windData": [1,1,1,1], "enabled": false },
								"west": { "texture": "#null", "uv": [ 0.0, 0.0, 0.5, 1.0 ], "windMode": [-1,-1,-1,-1], "windData": [1,1,1,1], "enabled": false },
								"up": { "texture": "#null", "uv": [ 0.0, 0.0, 1.0, 0.5 ], "windMode": [-1,-1,-1,-1], "windData": [1,1,1,1], "enabled": false },
								"down": { "texture": "#null", "uv": [ 0.0, 0.0, 1.0, 0.5 ], "windMode": [-1,-1,-1,-1], "windData": [1,1,1,1], "enabled": false }
							}
						}
					]
				},
				{
					"name": "flower3",
					"from": [ 1.2, 0.2, 0.0 ],
					"to": [ 1.2, 0.2, 0.0 ],
					"rotationOrigin": [ 1.2, 0.2, 0.0 ],
					"faces": {
						"north": { "texture": "#null", "uv": [ 0.0, 0.0, 0.5, 0.5 ], "windMode": [-1,-1,-1,-1], "windData": [1,1,1,1] },
						"east": { "texture": "#null", "uv": [ 0.0, 0.0, 0.5, 0.5 ], "windMode": [-1,-1,-1,-1], "windData": [1,1,1,1], "enabled": false },
						"south": { "texture": "#null", "uv": [ 0.0, 0.0, 0.5, 0.5 ], "windMode": [-1,-1,-1,-1], "windData": [1,1,1,1], "enabled": false },
						"west": { "texture": "#null", "uv": [ 0.0, 0.0, 0.5, 0.5 ], "windMode": [-1,-1,-1,-1], "windData": [1,1,1,1], "enabled": false },
						"up": { "texture": "#null", "uv": [ 0.0, 0.0, 0.5, 0.5 ], "windMode": [-1,-1,-1,-1], "windData": [1,1,1,1], "enabled": false },
						"down": { "texture": "#null", "uv": [ 0.0, 0.0, 0.5, 0.5 ], "windMode": [-1,-1,-1,-1], "windData": [1,1,1,1], "enabled": false }
					},
					"children": [
						{
							"name": "face7",
							"from": [ -0.5, -0.5, 0.0 ],
							"to": [ 0.5, 0.5, 0.0 ],
							"shade": false,
							"rotationOrigin": [ 0.0, 0.0, 0.0 ],
							"rotationY": 15.0,
							"faces": {
								"north": { "texture": "#orangemallow2", "uv": [ 14.0, 7.6667, 15.0, 8.6667 ], "windMode": [-1,-1,-1,-1], "windData": [1,1,1,1] },
								"east": { "texture": "#null", "uv": [ 0.0, 0.0, 0.5, 1.0 ], "windMode": [-1,-1,-1,-1], "windData": [1,1,1,1], "enabled": false },
								"south": { "texture": "#null", "uv": [ 0.0, 0.0, 1.0, 1.0 ], "windMode": [-1,-1,-1,-1], "windData": [1,1,1,1], "enabled": false },
								"west": { "texture": "#null", "uv": [ 0.0, 0.0, 0.5, 1.0 ], "windMode": [-1,-1,-1,-1], "windData": [1,1,1,1], "enabled": false },
								"up": { "texture": "#null", "uv": [ 0.0, 0.0, 1.0, 0.5 ], "windMode": [-1,-1,-1,-1], "windData": [1,1,1,1], "enabled": false },
								"down": { "texture": "#null", "uv": [ 0.0, 0.0, 1.0, 0.5 ], "windMode": [-1,-1,-1,-1], "windData": [1,1,1,1], "enabled": false }
							}
						},
						{
							"name": "face8",
							"from": [ -0.5, -0.5, 0.0 ],
							"to": [ 0.5, 0.5, 0.0 ],
							"shade": false,
							"rotationOrigin": [ 0.0, 0.0, 0.0 ],
							"rotationY": 75.0,
							"faces": {
								"north": { "texture": "#orangemallow2", "uv": [ 0.0, 9.3333, 1.0, 10.3333 ], "windMode": [-1,-1,-1,-1], "windData": [1,1,1,1] },
								"east": { "texture": "#null", "uv": [ 0.0, 0.0, 0.5, 1.0 ], "windMode": [-1,-1,-1,-1], "windData": [1,1,1,1], "enabled": false },
								"south": { "texture": "#null", "uv": [ 0.0, 0.0, 1.0, 1.0 ], "windMode": [-1,-1,-1,-1], "windData": [1,1,1,1], "enabled": false },
								"west": { "texture": "#null", "uv": [ 0.0, 0.0, 0.5, 1.0 ], "windMode": [-1,-1,-1,-1], "windData": [1,1,1,1], "enabled": false },
								"up": { "texture": "#null", "uv": [ 0.0, 0.0, 1.0, 0.5 ], "windMode": [-1,-1,-1,-1], "windData": [1,1,1,1], "enabled": false },
								"down": { "texture": "#null", "uv": [ 0.0, 0.0, 1.0, 0.5 ], "windMode": [-1,-1,-1,-1], "windData": [1,1,1,1], "enabled": false }
							}
						},
						{
							"name": "face9",
							"from": [ -0.5, -0.5, 0.0 ],
							"to": [ 0.5, 0.5, 0.0 ],
							"shade": false,
							"rotationOrigin": [ 0.0, 0.0, 0.0 ],
							"rotationY": 150.0,
							"faces": {
								"north": { "texture": "#orangemallow2", "uv": [ 0.3333, 12.0, 1.3333, 13.0 ], "windMode": [-1,-1,-1,-1], "windData": [1,1,1,1] },
								"east": { "texture": "#null", "uv": [ 0.0, 0.0, 0.5, 1.0 ], "windMode": [-1,-1,-1,-1], "windData": [1,1,1,1], "enabled": false },
								"south": { "texture": "#null", "uv": [ 0.0, 0.0, 1.0, 1.0 ], "windMode": [-1,-1,-1,-1], "windData": [1,1,1,1], "enabled": false },
								"west": { "texture": "#null", "uv": [ 0.0, 0.0, 0.5, 1.0 ], "windMode": [-1,-1,-1,-1], "windData": [1,1,1,1], "enabled": false },
								"up": { "texture": "#null", "uv": [ 0.0, 0.0, 1.0, 0.5 ], "windMode": [-1,-1,-1,-1], "windData": [1,1,1,1], "enabled": false },
								"down": { "texture": "#null", "uv": [ 0.0, 0.0, 1.0, 0.5 ], "windMode": [-1,-1,-1,-1], "windData": [1,1,1,1], "enabled": false }
							}
						}
					]
				},
				{
					"name": "Vine",
					"from": [ 6.2, -0.02, -0.025 ],
					"to": [ 6.4, 0.58, 0.225 ],
					"rotationOrigin": [ 6.2, -0.02, -0.03 ],
					"rotationZ": -15.0,
					"faces": {
						"north": { "texture": "#darkgreen", "uv": [ 3.0, 2.5, 3.5, 4.0 ], "autoUv": false, "windMode": [-1,-1,-1,-1], "windData": [1,1,1,1] },
						"east": { "texture": "#darkgreen", "uv": [ 3.5, 2.5, 3.83, 3.83 ], "autoUv": false, "windMode": [-1,-1,-1,-1], "windData": [1,1,1,1] },
						"south": { "texture": "#darkgreen", "uv": [ 3.6667, 2.3333, 3.9967, 3.66 ], "autoUv": false, "windMode": [-1,-1,-1,-1], "windData": [1,1,1,1] },
						"west": { "texture": "#darkgreen", "uv": [ 2.3333, 1.3333, 2.6667, 2.67 ], "autoUv": false },
						"up": { "texture": "#darkgreen", "uv": [ 9.0, 4.5, 9.5, 5.0 ], "windMode": [-1,-1,-1,-1], "windData": [1,1,1,1] },
						"down": { "texture": "#darkgreen", "uv": [ 8.0, 2.5, 9.5, 2.83 ], "autoUv": false, "windMode": [-1,-1,-1,-1], "windData": [1,1,1,1] }
					},
					"children": [
						{
							"name": "Vine7",
							"from": [ -6.01, -1.6414, 0.725 ],
							"to": [ -5.76, -1.0414, 0.925 ],
							"rotationOrigin": [ -6.01, -1.6414, 0.725 ],
							"rotationX": -14.5108,
							"rotationY": -3.841,
							"rotationZ": 14.5108,
							"faces": {
								"north": { "texture": "#darkgreen", "uv": [ 3.0, 2.5, 3.5, 4.0 ], "autoUv": false, "windMode": [-1,-1,-1,-1], "windData": [1,1,1,1] },
								"east": { "texture": "#darkgreen", "uv": [ 3.5, 2.5, 3.83, 3.83 ], "autoUv": false, "windMode": [-1,-1,-1,-1], "windData": [1,1,1,1] },
								"south": { "texture": "#darkgreen", "uv": [ 3.6667, 2.3333, 3.9967, 3.66 ], "autoUv": false, "windMode": [-1,-1,-1,-1], "windData": [1,1,1,1] },
								"west": { "texture": "#darkgreen", "uv": [ 2.3333, 1.3333, 2.6667, 2.67 ], "autoUv": false },
								"up": { "texture": "#darkgreen", "uv": [ 9.0, 4.5, 9.5, 5.0 ], "windMode": [-1,-1,-1,-1], "windData": [1,1,1,1] },
								"down": { "texture": "#darkgreen", "uv": [ 8.0, 2.5, 9.5, 2.83 ], "autoUv": false, "windMode": [-1,-1,-1,-1], "windData": [1,1,1,1] }
							}
						},
						{
							"name": "Vine8",
							"from": [ -6.01, -1.6414, 1.725 ],
							"to": [ -5.76, -1.0414, 1.925 ],
							"rotationOrigin": [ -6.01, -1.6414, 1.725 ],
							"rotationX": -14.5108,
							"rotationY": -3.841,
							"rotationZ": 14.5108,
							"faces": {
								"north": { "texture": "#darkgreen", "uv": [ 3.0, 2.5, 3.5, 4.0 ], "autoUv": false, "windMode": [-1,-1,-1,-1], "windData": [1,1,1,1] },
								"east": { "texture": "#darkgreen", "uv": [ 3.5, 2.5, 3.83, 3.83 ], "autoUv": false, "windMode": [-1,-1,-1,-1], "windData": [1,1,1,1] },
								"south": { "texture": "#darkgreen", "uv": [ 3.6667, 2.3333, 3.9967, 3.66 ], "autoUv": false, "windMode": [-1,-1,-1,-1], "windData": [1,1,1,1] },
								"west": { "texture": "#darkgreen", "uv": [ 2.3333, 1.3333, 2.6667, 2.67 ], "autoUv": false },
								"up": { "texture": "#darkgreen", "uv": [ 9.0, 4.5, 9.5, 5.0 ], "windMode": [-1,-1,-1,-1], "windData": [1,1,1,1] },
								"down": { "texture": "#darkgreen", "uv": [ 8.0, 2.5, 9.5, 2.83 ], "autoUv": false, "windMode": [-1,-1,-1,-1], "windData": [1,1,1,1] }
							}
						},
						{
							"name": "Vine9",
							"from": [ -6.01, -1.6414, 2.725 ],
							"to": [ -5.76, -1.0414, 2.925 ],
							"rotationOrigin": [ -6.01, -1.6414, 2.725 ],
							"rotationX": -14.5108,
							"rotationY": -3.841,
							"rotationZ": 14.5108,
							"faces": {
								"north": { "texture": "#darkgreen", "uv": [ 3.0, 2.5, 3.5, 4.0 ], "autoUv": false, "windMode": [-1,-1,-1,-1], "windData": [1,1,1,1] },
								"east": { "texture": "#darkgreen", "uv": [ 3.5, 2.5, 3.83, 3.83 ], "autoUv": false, "windMode": [-1,-1,-1,-1], "windData": [1,1,1,1] },
								"south": { "texture": "#darkgreen", "uv": [ 3.6667, 2.3333, 3.9967, 3.66 ], "autoUv": false, "windMode": [-1,-1,-1,-1], "windData": [1,1,1,1] },
								"west": { "texture": "#darkgreen", "uv": [ 2.3333, 1.3333, 2.6667, 2.67 ], "autoUv": false },
								"up": { "texture": "#darkgreen", "uv": [ 9.0, 4.5, 9.5, 5.0 ], "windMode": [-1,-1,-1,-1], "windData": [1,1,1,1] },
								"down": { "texture": "#darkgreen", "uv": [ 8.0, 2.5, 9.5, 2.83 ], "autoUv": false, "windMode": [-1,-1,-1,-1], "windData": [1,1,1,1] }
							}
						},
						{
							"name": "Vine10",
							"from": [ -6.01, -1.6414, 3.725 ],
							"to": [ -5.76, -1.0414, 3.925 ],
							"rotationOrigin": [ -6.01, -1.6414, 3.725 ],
							"rotationX": -14.5108,
							"rotationY": -3.841,
							"rotationZ": 14.5108,
							"faces": {
								"north": { "texture": "#darkgreen", "uv": [ 3.0, 2.5, 3.5, 4.0 ], "autoUv": false, "windMode": [-1,-1,-1,-1], "windData": [1,1,1,1] },
								"east": { "texture": "#darkgreen", "uv": [ 3.5, 2.5, 3.83, 3.83 ], "autoUv": false, "windMode": [-1,-1,-1,-1], "windData": [1,1,1,1] },
								"south": { "texture": "#darkgreen", "uv": [ 3.6667, 2.3333, 3.9967, 3.66 ], "autoUv": false, "windMode": [-1,-1,-1,-1], "windData": [1,1,1,1] },
								"west": { "texture": "#darkgreen", "uv": [ 2.3333, 1.3333, 2.6667, 2.67 ], "autoUv": false },
								"up": { "texture": "#darkgreen", "uv": [ 9.0, 4.5, 9.5, 5.0 ], "windMode": [-1,-1,-1,-1], "windData": [1,1,1,1] },
								"down": { "texture": "#darkgreen", "uv": [ 8.0, 2.5, 9.5, 2.83 ], "autoUv": false, "windMode": [-1,-1,-1,-1], "windData": [1,1,1,1] }
							}
						},
						{
							"name": "Vine11",
							"from": [ -6.01, -1.6414, 4.725 ],
							"to": [ -5.76, -1.0414, 4.925 ],
							"rotationOrigin": [ -6.01, -1.6414, 4.725 ],
							"rotationX": -14.5108,
							"rotationY": -3.841,
							"rotationZ": 14.5108,
							"faces": {
								"north": { "texture": "#darkgreen", "uv": [ 3.0, 2.5, 3.5, 4.0 ], "autoUv": false, "windMode": [-1,-1,-1,-1], "windData": [1,1,1,1] },
								"east": { "texture": "#darkgreen", "uv": [ 3.5, 2.5, 3.83, 3.83 ], "autoUv": false, "windMode": [-1,-1,-1,-1], "windData": [1,1,1,1] },
								"south": { "texture": "#darkgreen", "uv": [ 3.6667, 2.3333, 3.9967, 3.66 ], "autoUv": false, "windMode": [-1,-1,-1,-1], "windData": [1,1,1,1] },
								"west": { "texture": "#darkgreen", "uv": [ 2.3333, 1.3333, 2.6667, 2.67 ], "autoUv": false },
								"up": { "texture": "#darkgreen", "uv": [ 9.0, 4.5, 9.5, 5.0 ], "windMode": [-1,-1,-1,-1], "windData": [1,1,1,1] },
								"down": { "texture": "#darkgreen", "uv": [ 8.0, 2.5, 9.5, 2.83 ], "autoUv": false, "windMode": [-1,-1,-1,-1], "windData": [1,1,1,1] }
							}
						},
						{
							"name": "Vine12",
							"from": [ -6.01, -1.6414, 5.725 ],
							"to": [ -5.76, -1.0414, 5.925 ],
							"rotationOrigin": [ -6.01, -1.6414, 5.725 ],
							"rotationX": -14.5108,
							"rotationY": -3.841,
							"rotationZ": 14.5108,
							"faces": {
								"north": { "texture": "#darkgreen", "uv": [ 3.0, 2.5, 3.5, 4.0 ], "autoUv": false, "windMode": [-1,-1,-1,-1], "windData": [1,1,1,1] },
								"east": { "texture": "#darkgreen", "uv": [ 3.5, 2.5, 3.83, 3.83 ], "autoUv": false, "windMode": [-1,-1,-1,-1], "windData": [1,1,1,1] },
								"south": { "texture": "#darkgreen", "uv": [ 3.6667, 2.3333, 3.9967, 3.66 ], "autoUv": false, "windMode": [-1,-1,-1,-1], "windData": [1,1,1,1] },
								"west": { "texture": "#darkgreen", "uv": [ 2.3333, 1.3333, 2.6667, 2.67 ], "autoUv": false },
								"up": { "texture": "#darkgreen", "uv": [ 9.0, 4.5, 9.5, 5.0 ], "windMode": [-1,-1,-1,-1], "windData": [1,1,1,1] },
								"down": { "texture": "#darkgreen", "uv": [ 8.0, 2.5, 9.5, 2.83 ], "autoUv": false, "windMode": [-1,-1,-1,-1], "windData": [1,1,1,1] }
							}
						},
						{
							"name": "Vine1",
							"from": [ -0.9659, -0.2588, 0.0 ],
							"to": [ -0.7659, 0.3412, 0.25 ],
							"rotationOrigin": [ -0.9659, -0.2488, -0.025 ],
							"faces": {
								"north": { "texture": "#darkgreen", "uv": [ 3.0, 2.5, 3.5, 4.0 ], "autoUv": false, "windMode": [-1,-1,-1,-1], "windData": [1,1,1,1] },
								"east": { "texture": "#darkgreen", "uv": [ 3.5, 2.5, 3.83, 3.83 ], "autoUv": false, "windMode": [-1,-1,-1,-1], "windData": [1,1,1,1] },
								"south": { "texture": "#darkgreen", "uv": [ 3.6667, 2.3333, 3.9967, 3.66 ], "autoUv": false, "windMode": [-1,-1,-1,-1], "windData": [1,1,1,1] },
								"west": { "texture": "#darkgreen", "uv": [ 2.3333, 1.3333, 2.6667, 2.67 ], "autoUv": false },
								"up": { "texture": "#darkgreen", "uv": [ 9.0, 4.5, 9.5, 5.0 ], "windMode": [-1,-1,-1,-1], "windData": [1,1,1,1] },
								"down": { "texture": "#darkgreen", "uv": [ 8.0, 2.5, 9.5, 2.83 ], "autoUv": false, "windMode": [-1,-1,-1,-1], "windData": [1,1,1,1] }
							}
						},
						{
							"name": "Vine2",
							"from": [ -1.9319, -0.5176, 0.0 ],
							"to": [ -1.7319, 0.0824, 0.25 ],
							"rotationOrigin": [ -1.9319, -0.5076, -0.025 ],
							"faces": {
								"north": { "texture": "#darkgreen", "uv": [ 3.0, 2.5, 3.5, 4.0 ], "autoUv": false, "windMode": [-1,-1,-1,-1], "windData": [1,1,1,1] },
								"east": { "texture": "#darkgreen", "uv": [ 3.5, 2.5, 3.83, 3.83 ], "autoUv": false, "windMode": [-1,-1,-1,-1], "windData": [1,1,1,1] },
								"south": { "texture": "#darkgreen", "uv": [ 3.6667, 2.3333, 3.9967, 3.66 ], "autoUv": false, "windMode": [-1,-1,-1,-1], "windData": [1,1,1,1] },
								"west": { "texture": "#darkgreen", "uv": [ 2.3333, 1.3333, 2.6667, 2.67 ], "autoUv": false },
								"up": { "texture": "#darkgreen", "uv": [ 9.0, 4.5, 9.5, 5.0 ], "windMode": [-1,-1,-1,-1], "windData": [1,1,1,1] },
								"down": { "texture": "#darkgreen", "uv": [ 8.0, 2.5, 9.5, 2.83 ], "autoUv": false, "windMode": [-1,-1,-1,-1], "windData": [1,1,1,1] }
							}
						},
						{
							"name": "Vine3",
							"from": [ -2.8978, -0.7765, 0.0 ],
							"to": [ -2.6978, -0.1765, 0.25 ],
							"rotationOrigin": [ -2.8978, -0.7665, -0.025 ],
							"faces": {
								"north": { "texture": "#darkgreen", "uv": [ 3.0, 2.5, 3.5, 4.0 ], "autoUv": false, "windMode": [-1,-1,-1,-1], "windData": [1,1,1,1] },
								"east": { "texture": "#darkgreen", "uv": [ 3.5, 2.5, 3.83, 3.83 ], "autoUv": false, "windMode": [-1,-1,-1,-1], "windData": [1,1,1,1] },
								"south": { "texture": "#darkgreen", "uv": [ 3.6667, 2.3333, 3.9967, 3.66 ], "autoUv": false, "windMode": [-1,-1,-1,-1], "windData": [1,1,1,1] },
								"west": { "texture": "#darkgreen", "uv": [ 2.3333, 1.3333, 2.6667, 2.67 ], "autoUv": false },
								"up": { "texture": "#darkgreen", "uv": [ 9.0, 4.5, 9.5, 5.0 ], "windMode": [-1,-1,-1,-1], "windData": [1,1,1,1] },
								"down": { "texture": "#darkgreen", "uv": [ 8.0, 2.5, 9.5, 2.83 ], "autoUv": false, "windMode": [-1,-1,-1,-1], "windData": [1,1,1,1] }
							}
						},
						{
							"name": "Vine4",
							"from": [ -3.8637, -1.0353, 0.0 ],
							"to": [ -3.6637, -0.4353, 0.25 ],
							"rotationOrigin": [ -3.8637, -1.0253, -0.025 ],
							"faces": {
								"north": { "texture": "#darkgreen", "uv": [ 3.0, 2.5, 3.5, 4.0 ], "autoUv": false, "windMode": [-1,-1,-1,-1], "windData": [1,1,1,1] },
								"east": { "texture": "#darkgreen", "uv": [ 3.5, 2.5, 3.83, 3.83 ], "autoUv": false, "windMode": [-1,-1,-1,-1], "windData": [1,1,1,1] },
								"south": { "texture": "#darkgreen", "uv": [ 3.6667, 2.3333, 3.9967, 3.66 ], "autoUv": false, "windMode": [-1,-1,-1,-1], "windData": [1,1,1,1] },
								"west": { "texture": "#darkgreen", "uv": [ 2.3333, 1.3333, 2.6667, 2.67 ], "autoUv": false },
								"up": { "texture": "#darkgreen", "uv": [ 9.0, 4.5, 9.5, 5.0 ], "windMode": [-1,-1,-1,-1], "windData": [1,1,1,1] },
								"down": { "texture": "#darkgreen", "uv": [ 8.0, 2.5, 9.5, 2.83 ], "autoUv": false, "windMode": [-1,-1,-1,-1], "windData": [1,1,1,1] }
							}
						},
						{
							"name": "Vine5",
							"from": [ -4.8296, -1.2941, 0.0 ],
							"to": [ -4.6296, -0.6941, 0.25 ],
							"rotationOrigin": [ -4.8296, -1.2841, -0.025 ],
							"faces": {
								"north": { "texture": "#darkgreen", "uv": [ 3.0, 2.5, 3.5, 4.0 ], "autoUv": false, "windMode": [-1,-1,-1,-1], "windData": [1,1,1,1] },
								"east": { "texture": "#darkgreen", "uv": [ 3.5, 2.5, 3.83, 3.83 ], "autoUv": false, "windMode": [-1,-1,-1,-1], "windData": [1,1,1,1] },
								"south": { "texture": "#darkgreen", "uv": [ 3.6667, 2.3333, 3.9967, 3.66 ], "autoUv": false, "windMode": [-1,-1,-1,-1], "windData": [1,1,1,1] },
								"west": { "texture": "#darkgreen", "uv": [ 2.3333, 1.3333, 2.6667, 2.67 ], "autoUv": false },
								"up": { "texture": "#darkgreen", "uv": [ 9.0, 4.5, 9.5, 5.0 ], "windMode": [-1,-1,-1,-1], "windData": [1,1,1,1] },
								"down": { "texture": "#darkgreen", "uv": [ 8.0, 2.5, 9.5, 2.83 ], "autoUv": false, "windMode": [-1,-1,-1,-1], "windData": [1,1,1,1] }
							}
						},
						{
							"name": "Vine6",
							"from": [ -5.7956, -1.5529, 0.0 ],
							"to": [ -5.5956, -0.9529, 0.25 ],
							"rotationOrigin": [ -5.7956, -1.5429, -0.025 ],
							"faces": {
								"north": { "texture": "#darkgreen", "uv": [ 3.0, 2.5, 3.5, 4.0 ], "autoUv": false, "windMode": [-1,-1,-1,-1], "windData": [1,1,1,1] },
								"east": { "texture": "#darkgreen", "uv": [ 3.5, 2.5, 3.83, 3.83 ], "autoUv": false, "windMode": [-1,-1,-1,-1], "windData": [1,1,1,1] },
								"south": { "texture": "#darkgreen", "uv": [ 3.6667, 2.3333, 3.9967, 3.66 ], "autoUv": false, "windMode": [-1,-1,-1,-1], "windData": [1,1,1,1] },
								"west": { "texture": "#darkgreen", "uv": [ 2.3333, 1.3333, 2.6667, 2.67 ], "autoUv": false },
								"up": { "texture": "#darkgreen", "uv": [ 9.0, 4.5, 9.5, 5.0 ], "windMode": [-1,-1,-1,-1], "windData": [1,1,1,1] },
								"down": { "texture": "#darkgreen", "uv": [ 8.0, 2.5, 9.5, 2.83 ], "autoUv": false, "windMode": [-1,-1,-1,-1], "windData": [1,1,1,1] }
							}
						},
						{
							"name": "Vine13",
							"from": [ 0.2035, 0.0131, 6.205 ],
							"to": [ 0.4035, 0.6131, 6.455 ],
							"rotationOrigin": [ 0.2035, 0.0131, 6.205 ],
							"rotationZ": 30.0,
							"faces": {
								"north": { "texture": "#darkgreen", "uv": [ 3.0, 2.5, 3.5, 4.0 ], "autoUv": false, "windMode": [-1,-1,-1,-1], "windData": [1,1,1,1] },
								"east": { "texture": "#darkgreen", "uv": [ 3.5, 2.5, 3.83, 3.83 ], "autoUv": false, "windMode": [-1,-1,-1,-1], "windData": [1,1,1,1] },
								"south": { "texture": "#darkgreen", "uv": [ 5.6667, 1.8333, 5.9967, 3.16 ], "autoUv": false, "windMode": [-1,-1,-1,-1], "windData": [1,1,1,1] },
								"west": { "texture": "#darkgreen", "uv": [ 2.3333, 1.3333, 2.6667, 2.67 ], "autoUv": false },
								"up": { "texture": "#darkgreen", "uv": [ 9.0, 4.5, 9.5, 5.0 ], "windMode": [-1,-1,-1,-1], "windData": [1,1,1,1] },
								"down": { "texture": "#darkgreen", "uv": [ 8.0, 2.5, 9.5, 2.83 ], "autoUv": false, "windMode": [-1,-1,-1,-1], "windData": [1,1,1,1] }
							}
						},
						{
							"name": "Vine14",
							"from": [ -0.7624, -0.2457, 6.205 ],
							"to": [ -0.5624, 0.3543, 6.455 ],
							"rotationOrigin": [ -0.7624, -0.2457, 6.205 ],
							"rotationZ": 30.0,
							"faces": {
								"north": { "texture": "#darkgreen", "uv": [ 3.0, 2.5, 3.5, 4.0 ], "autoUv": false, "windMode": [-1,-1,-1,-1], "windData": [1,1,1,1] },
								"east": { "texture": "#darkgreen", "uv": [ 3.5, 2.5, 3.83, 3.83 ], "autoUv": false, "windMode": [-1,-1,-1,-1], "windData": [1,1,1,1] },
								"south": { "texture": "#darkgreen", "uv": [ 5.6667, 1.8333, 5.9967, 3.16 ], "autoUv": false, "windMode": [-1,-1,-1,-1], "windData": [1,1,1,1] },
								"west": { "texture": "#darkgreen", "uv": [ 2.3333, 1.3333, 2.6667, 2.67 ], "autoUv": false },
								"up": { "texture": "#darkgreen", "uv": [ 9.0, 4.5, 9.5, 5.0 ], "windMode": [-1,-1,-1,-1], "windData": [1,1,1,1] },
								"down": { "texture": "#darkgreen", "uv": [ 8.0, 2.5, 9.5, 2.83 ], "autoUv": false, "windMode": [-1,-1,-1,-1], "windData": [1,1,1,1] }
							}
						},
						{
							"name": "Vine15",
							"from": [ -1.7283, -0.5045, 6.205 ],
							"to": [ -1.5283, 0.0955, 6.455 ],
							"rotationOrigin": [ -1.7283, -0.5045, 6.205 ],
							"rotationZ": 30.0,
							"faces": {
								"north": { "texture": "#darkgreen", "uv": [ 3.0, 2.5, 3.5, 4.0 ], "autoUv": false, "windMode": [-1,-1,-1,-1], "windData": [1,1,1,1] },
								"east": { "texture": "#darkgreen", "uv": [ 3.5, 2.5, 3.83, 3.83 ], "autoUv": false, "windMode": [-1,-1,-1,-1], "windData": [1,1,1,1] },
								"south": { "texture": "#darkgreen", "uv": [ 5.6667, 1.8333, 5.9967, 3.16 ], "autoUv": false, "windMode": [-1,-1,-1,-1], "windData": [1,1,1,1] },
								"west": { "texture": "#darkgreen", "uv": [ 2.3333, 1.3333, 2.6667, 2.67 ], "autoUv": false },
								"up": { "texture": "#darkgreen", "uv": [ 9.0, 4.5, 9.5, 5.0 ], "windMode": [-1,-1,-1,-1], "windData": [1,1,1,1] },
								"down": { "texture": "#darkgreen", "uv": [ 8.0, 2.5, 9.5, 2.83 ], "autoUv": false, "windMode": [-1,-1,-1,-1], "windData": [1,1,1,1] }
							}
						},
						{
							"name": "Vine16",
							"from": [ -2.6942, -0.7633, 6.205 ],
							"to": [ -2.4942, -0.1633, 6.455 ],
							"rotationOrigin": [ -2.6942, -0.7633, 6.205 ],
							"rotationZ": 30.0,
							"faces": {
								"north": { "texture": "#darkgreen", "uv": [ 3.0, 2.5, 3.5, 4.0 ], "autoUv": false, "windMode": [-1,-1,-1,-1], "windData": [1,1,1,1] },
								"east": { "texture": "#darkgreen", "uv": [ 3.5, 2.5, 3.83, 3.83 ], "autoUv": false, "windMode": [-1,-1,-1,-1], "windData": [1,1,1,1] },
								"south": { "texture": "#darkgreen", "uv": [ 5.6667, 1.8333, 5.9967, 3.16 ], "autoUv": false, "windMode": [-1,-1,-1,-1], "windData": [1,1,1,1] },
								"west": { "texture": "#darkgreen", "uv": [ 2.3333, 1.3333, 2.6667, 2.67 ], "autoUv": false },
								"up": { "texture": "#darkgreen", "uv": [ 9.0, 4.5, 9.5, 5.0 ], "windMode": [-1,-1,-1,-1], "windData": [1,1,1,1] },
								"down": { "texture": "#darkgreen", "uv": [ 8.0, 2.5, 9.5, 2.83 ], "autoUv": false, "windMode": [-1,-1,-1,-1], "windData": [1,1,1,1] }
							}
						},
						{
							"name": "Vine17",
							"from": [ -3.6602, -1.0221, 6.205 ],
							"to": [ -3.4602, -0.4221, 6.455 ],
							"rotationOrigin": [ -3.6602, -1.0221, 6.205 ],
							"rotationZ": 30.0,
							"faces": {
								"north": { "texture": "#darkgreen", "uv": [ 3.0, 2.5, 3.5, 4.0 ], "autoUv": false, "windMode": [-1,-1,-1,-1], "windData": [1,1,1,1] },
								"east": { "texture": "#darkgreen", "uv": [ 3.5, 2.5, 3.83, 3.83 ], "autoUv": false, "windMode": [-1,-1,-1,-1], "windData": [1,1,1,1] },
								"south": { "texture": "#darkgreen", "uv": [ 5.6667, 1.8333, 5.9967, 3.16 ], "autoUv": false, "windMode": [-1,-1,-1,-1], "windData": [1,1,1,1] },
								"west": { "texture": "#darkgreen", "uv": [ 2.3333, 1.3333, 2.6667, 2.67 ], "autoUv": false },
								"up": { "texture": "#darkgreen", "uv": [ 9.0, 4.5, 9.5, 5.0 ], "windMode": [-1,-1,-1,-1], "windData": [1,1,1,1] },
								"down": { "texture": "#darkgreen", "uv": [ 8.0, 2.5, 9.5, 2.83 ], "autoUv": false, "windMode": [-1,-1,-1,-1], "windData": [1,1,1,1] }
							}
						},
						{
							"name": "Vine18",
							"from": [ -4.6261, -1.281, 6.205 ],
							"to": [ -4.4261, -0.681, 6.455 ],
							"rotationOrigin": [ -4.6261, -1.281, 6.205 ],
							"rotationZ": 30.0,
							"faces": {
								"north": { "texture": "#darkgreen", "uv": [ 3.0, 2.5, 3.5, 4.0 ], "autoUv": false, "windMode": [-1,-1,-1,-1], "windData": [1,1,1,1] },
								"east": { "texture": "#darkgreen", "uv": [ 3.5, 2.5, 3.83, 3.83 ], "autoUv": false, "windMode": [-1,-1,-1,-1], "windData": [1,1,1,1] },
								"south": { "texture": "#darkgreen", "uv": [ 5.6667, 1.8333, 5.9967, 3.16 ], "autoUv": false, "windMode": [-1,-1,-1,-1], "windData": [1,1,1,1] },
								"west": { "texture": "#darkgreen", "uv": [ 2.3333, 1.3333, 2.6667, 2.67 ], "autoUv": false },
								"up": { "texture": "#darkgreen", "uv": [ 9.0, 4.5, 9.5, 5.0 ], "windMode": [-1,-1,-1,-1], "windData": [1,1,1,1] },
								"down": { "texture": "#darkgreen", "uv": [ 8.0, 2.5, 9.5, 2.83 ], "autoUv": false, "windMode": [-1,-1,-1,-1], "windData": [1,1,1,1] }
							}
						},
						{
							"name": "Vine19",
							"from": [ -5.592, -1.5398, 6.205 ],
							"to": [ -5.392, -0.9398, 6.455 ],
							"rotationOrigin": [ -5.592, -1.5398, 6.205 ],
							"rotationZ": 30.0,
							"faces": {
								"north": { "texture": "#darkgreen", "uv": [ 3.0, 2.5, 3.5, 4.0 ], "autoUv": false, "windMode": [-1,-1,-1,-1], "windData": [1,1,1,1] },
								"east": { "texture": "#darkgreen", "uv": [ 3.5, 2.5, 3.83, 3.83 ], "autoUv": false, "windMode": [-1,-1,-1,-1], "windData": [1,1,1,1] },
								"south": { "texture": "#darkgreen", "uv": [ 5.6667, 1.8333, 5.9967, 3.16 ], "autoUv": false, "windMode": [-1,-1,-1,-1], "windData": [1,1,1,1] },
								"west": { "texture": "#darkgreen", "uv": [ 2.3333, 1.3333, 2.6667, 2.67 ], "autoUv": false },
								"up": { "texture": "#darkgreen", "uv": [ 9.0, 4.5, 9.5, 5.0 ], "windMode": [-1,-1,-1,-1], "windData": [1,1,1,1] },
								"down": { "texture": "#darkgreen", "uv": [ 8.0, 2.5, 9.5, 2.83 ], "autoUv": false, "windMode": [-1,-1,-1,-1], "windData": [1,1,1,1] }
							}
						},
						{
							"name": "Vine20",
							"from": [ 0.454, 0.1216, 5.625 ],
							"to": [ 0.704, 0.7216, 5.825 ],
							"rotationOrigin": [ 0.454, 0.1216, 5.625 ],
							"rotationX": 14.5108,
							"rotationY": 3.841,
							"rotationZ": 14.5108,
							"faces": {
								"north": { "texture": "#darkgreen", "uv": [ 3.0, 2.5, 3.5, 4.0 ], "autoUv": false, "windMode": [-1,-1,-1,-1], "windData": [1,1,1,1] },
								"east": { "texture": "#darkgreen", "uv": [ 3.5, 2.5, 3.83, 3.83 ], "autoUv": false, "windMode": [-1,-1,-1,-1], "windData": [1,1,1,1] },
								"south": { "texture": "#darkgreen", "uv": [ 3.6667, 2.3333, 3.9967, 3.66 ], "autoUv": false, "windMode": [-1,-1,-1,-1], "windData": [1,1,1,1] },
								"west": { "texture": "#darkgreen", "uv": [ 2.3333, 1.3333, 2.6667, 2.67 ], "autoUv": false },
								"up": { "texture": "#darkgreen", "uv": [ 9.0, 4.5, 9.5, 5.0 ], "windMode": [-1,-1,-1,-1], "windData": [1,1,1,1] },
								"down": { "texture": "#darkgreen", "uv": [ 8.0, 2.5, 9.5, 2.83 ], "autoUv": false, "windMode": [-1,-1,-1,-1], "windData": [1,1,1,1] }
							}
						},
						{
							"name": "Vine21",
							"from": [ 0.454, 0.1216, 4.625 ],
							"to": [ 0.704, 0.7216, 4.825 ],
							"rotationOrigin": [ 0.454, 0.1216, 4.625 ],
							"rotationX": 14.5108,
							"rotationY": 3.841,
							"rotationZ": 14.5108,
							"faces": {
								"north": { "texture": "#darkgreen", "uv": [ 3.0, 2.5, 3.5, 4.0 ], "autoUv": false, "windMode": [-1,-1,-1,-1], "windData": [1,1,1,1] },
								"east": { "texture": "#darkgreen", "uv": [ 3.5, 2.5, 3.83, 3.83 ], "autoUv": false, "windMode": [-1,-1,-1,-1], "windData": [1,1,1,1] },
								"south": { "texture": "#darkgreen", "uv": [ 3.6667, 2.3333, 3.9967, 3.66 ], "autoUv": false, "windMode": [-1,-1,-1,-1], "windData": [1,1,1,1] },
								"west": { "texture": "#darkgreen", "uv": [ 2.3333, 1.3333, 2.6667, 2.67 ], "autoUv": false },
								"up": { "texture": "#darkgreen", "uv": [ 9.0, 4.5, 9.5, 5.0 ], "windMode": [-1,-1,-1,-1], "windData": [1,1,1,1] },
								"down": { "texture": "#darkgreen", "uv": [ 8.0, 2.5, 9.5, 2.83 ], "autoUv": false, "windMode": [-1,-1,-1,-1], "windData": [1,1,1,1] }
							}
						},
						{
							"name": "Vine22",
							"from": [ 0.454, 0.1216, 3.625 ],
							"to": [ 0.704, 0.7216, 3.825 ],
							"rotationOrigin": [ 0.454, 0.1216, 3.625 ],
							"rotationX": 14.5108,
							"rotationY": 3.841,
							"rotationZ": 14.5108,
							"faces": {
								"north": { "texture": "#darkgreen", "uv": [ 3.0, 2.5, 3.5, 4.0 ], "autoUv": false, "windMode": [-1,-1,-1,-1], "windData": [1,1,1,1] },
								"east": { "texture": "#darkgreen", "uv": [ 3.5, 2.5, 3.83, 3.83 ], "autoUv": false, "windMode": [-1,-1,-1,-1], "windData": [1,1,1,1] },
								"south": { "texture": "#darkgreen", "uv": [ 3.6667, 2.3333, 3.9967, 3.66 ], "autoUv": false, "windMode": [-1,-1,-1,-1], "windData": [1,1,1,1] },
								"west": { "texture": "#darkgreen", "uv": [ 2.3333, 1.3333, 2.6667, 2.67 ], "autoUv": false },
								"up": { "texture": "#darkgreen", "uv": [ 9.0, 4.5, 9.5, 5.0 ], "windMode": [-1,-1,-1,-1], "windData": [1,1,1,1] },
								"down": { "texture": "#darkgreen", "uv": [ 8.0, 2.5, 9.5, 2.83 ], "autoUv": false, "windMode": [-1,-1,-1,-1], "windData": [1,1,1,1] }
							}
						},
						{
							"name": "Vine23",
							"from": [ 0.454, 0.1216, 2.625 ],
							"to": [ 0.704, 0.7216, 2.825 ],
							"rotationOrigin": [ 0.454, 0.1216, 2.625 ],
							"rotationX": 14.5108,
							"rotationY": 3.841,
							"rotationZ": 14.5108,
							"faces": {
								"north": { "texture": "#darkgreen", "uv": [ 3.0, 2.5, 3.5, 4.0 ], "autoUv": false, "windMode": [-1,-1,-1,-1], "windData": [1,1,1,1] },
								"east": { "texture": "#darkgreen", "uv": [ 3.5, 2.5, 3.83, 3.83 ], "autoUv": false, "windMode": [-1,-1,-1,-1], "windData": [1,1,1,1] },
								"south": { "texture": "#darkgreen", "uv": [ 3.6667, 2.3333, 3.9967, 3.66 ], "autoUv": false, "windMode": [-1,-1,-1,-1], "windData": [1,1,1,1] },
								"west": { "texture": "#darkgreen", "uv": [ 2.3333, 1.3333, 2.6667, 2.67 ], "autoUv": false },
								"up": { "texture": "#darkgreen", "uv": [ 9.0, 4.5, 9.5, 5.0 ], "windMode": [-1,-1,-1,-1], "windData": [1,1,1,1] },
								"down": { "texture": "#darkgreen", "uv": [ 8.0, 2.5, 9.5, 2.83 ], "autoUv": false, "windMode": [-1,-1,-1,-1], "windData": [1,1,1,1] }
							}
						},
						{
							"name": "Vine24",
							"from": [ 0.454, 0.1216, 1.625 ],
							"to": [ 0.704, 0.7216, 1.825 ],
							"rotationOrigin": [ 0.454, 0.1216, 1.625 ],
							"rotationX": 14.5108,
							"rotationY": 3.841,
							"rotationZ": 14.5108,
							"faces": {
								"north": { "texture": "#darkgreen", "uv": [ 3.0, 2.5, 3.5, 4.0 ], "autoUv": false, "windMode": [-1,-1,-1,-1], "windData": [1,1,1,1] },
								"east": { "texture": "#darkgreen", "uv": [ 3.5, 2.5, 3.83, 3.83 ], "autoUv": false, "windMode": [-1,-1,-1,-1], "windData": [1,1,1,1] },
								"south": { "texture": "#darkgreen", "uv": [ 3.6667, 2.3333, 3.9967, 3.66 ], "autoUv": false, "windMode": [-1,-1,-1,-1], "windData": [1,1,1,1] },
								"west": { "texture": "#darkgreen", "uv": [ 2.3333, 1.3333, 2.6667, 2.67 ], "autoUv": false },
								"up": { "texture": "#darkgreen", "uv": [ 9.0, 4.5, 9.5, 5.0 ], "windMode": [-1,-1,-1,-1], "windData": [1,1,1,1] },
								"down": { "texture": "#darkgreen", "uv": [ 8.0, 2.5, 9.5, 2.83 ], "autoUv": false, "windMode": [-1,-1,-1,-1], "windData": [1,1,1,1] }
							}
						},
						{
							"name": "Vine25",
							"from": [ 0.454, 0.1216, 0.625 ],
							"to": [ 0.704, 0.7216, 0.825 ],
							"rotationOrigin": [ 0.454, 0.1216, 0.625 ],
							"rotationX": 14.5108,
							"rotationY": 3.841,
							"rotationZ": 14.5108,
							"faces": {
								"north": { "texture": "#darkgreen", "uv": [ 3.0, 2.5, 3.5, 4.0 ], "autoUv": false, "windMode": [-1,-1,-1,-1], "windData": [1,1,1,1] },
								"east": { "texture": "#darkgreen", "uv": [ 3.5, 2.5, 3.83, 3.83 ], "autoUv": false, "windMode": [-1,-1,-1,-1], "windData": [1,1,1,1] },
								"south": { "texture": "#darkgreen", "uv": [ 3.6667, 2.3333, 3.9967, 3.66 ], "autoUv": false, "windMode": [-1,-1,-1,-1], "windData": [1,1,1,1] },
								"west": { "texture": "#darkgreen", "uv": [ 2.3333, 1.3333, 2.6667, 2.67 ], "autoUv": false },
								"up": { "texture": "#darkgreen", "uv": [ 9.0, 4.5, 9.5, 5.0 ], "windMode": [-1,-1,-1,-1], "windData": [1,1,1,1] },
								"down": { "texture": "#darkgreen", "uv": [ 8.0, 2.5, 9.5, 2.83 ], "autoUv": false, "windMode": [-1,-1,-1,-1], "windData": [1,1,1,1] }
							}
						}
					]
				}
			]
		}
	]}