{
	"editor": {
		"allAngles": true,
		"entityTextureMode": false
	},
	"textureWidth": 16,
	"textureHeight": 16,
	"textureSizes": {
	},
	"textures": {
		"corn2": "farmcrops:block/plant/crop/corn/corn2"
	},
	"elements": [
		{
			"name": "origin",
			"from": [ 8.0, 0.2, 8.0 ], 
			"to": [ 8.0, 0.2, 8.0 ], 
			"rotationOrigin": [ 8.0, 0.0, 8.0 ],
			"faces": {
				"north": { "texture": "#corn2", "uv": [ 0.0, 0.0, 0.5, 0.5 ], "enabled": false },
				"east": { "texture": "#corn2", "uv": [ 0.0, 0.0, 0.5, 0.5 ], "enabled": false },
				"south": { "texture": "#corn2", "uv": [ 0.0, 0.0, 0.5, 0.5 ], "enabled": false },
				"west": { "texture": "#corn2", "uv": [ 0.0, 0.0, 0.5, 0.5 ], "enabled": false },
				"up": { "texture": "#corn2", "uv": [ 0.0, 0.0, 0.5, 0.5 ], "enabled": false },
				"down": { "texture": "#corn2", "uv": [ 0.0, 0.0, 0.5, 0.5 ], "enabled": false }
			},
			"children": [
				{
					"name": "stemdown",
					"from": [ -4.0, -0.3, -5.8 ], 
					"to": [ -4.0, 4.7, -2.3 ], 
					"shade": false,
					"renderPass": 2,
					"rotationOrigin": [ -4.0, -0.3, -4.0 ],
					"rotationY": -45.0,
					"faces": {
						"north": { "texture": "#corn2", "uv": [ 0.0, 0.0, 0.5, 5.0 ], "enabled": false },
						"east": { "texture": "#corn2", "uv": [ 11.5, 11.0, 15.0, 16.0 ], "windMode": [0,1,1,0] },
						"south": { "texture": "#corn2", "uv": [ 1.0, 0.0, 1.5, 5.0 ], "enabled": false },
						"west": { "texture": "#corn2", "uv": [ 0.0, 0.0, 3.5, 5.0 ], "enabled": false },
						"up": { "texture": "#corn2", "uv": [ 0.0, 0.0, 0.5, 3.5 ], "enabled": false },
						"down": { "texture": "#corn2", "uv": [ 0.5, 14.5, 1.0, 18.0 ], "enabled": false }
					},
					"children": [
						{
							"name": "Cube1",
							"from": [ -1.5, 0.0, 2.0 ], 
							"to": [ 2.0, 5.0, 2.0 ], 
							"shade": false,
							"renderPass": 2,
							"rotationOrigin": [ 0.0, 0.0, 1.8 ],
							"faces": {
								"north": { "texture": "#corn2", "uv": [ 11.0, 11.0, 14.5, 16.0 ], "windMode": [0,1,1,0] },
								"east": { "texture": "#corn2", "uv": [ 0.0, 0.0, 0.5, 5.0 ], "enabled": false },
								"south": { "texture": "#corn2", "uv": [ 0.0, 0.0, 3.5, 5.0 ], "enabled": false },
								"west": { "texture": "#corn2", "uv": [ 0.0, 0.0, 0.5, 5.0 ], "enabled": false },
								"up": { "texture": "#corn2", "uv": [ 0.0, 0.0, 3.5, 0.5 ], "enabled": false },
								"down": { "texture": "#corn2", "uv": [ 0.0, 0.0, 3.5, 0.5 ], "enabled": false }
							}
						}
					]
				},
				{
					"name": "stemdown21",
					"from": [ -4.0, -0.3, 3.2 ], 
					"to": [ -4.0, 4.7, 6.7 ], 
					"shade": false,
					"renderPass": 2,
					"rotationOrigin": [ -4.0, -0.3, 5.0 ],
					"rotationY": -45.0,
					"faces": {
						"north": { "texture": "#corn2", "uv": [ 0.0, 0.0, 0.5, 5.0 ], "enabled": false },
						"east": { "texture": "#corn2", "uv": [ 11.5, 11.0, 15.0, 16.0 ], "windMode": [0,1,1,0] },
						"south": { "texture": "#corn2", "uv": [ 1.0, 0.0, 1.5, 5.0 ], "enabled": false },
						"west": { "texture": "#corn2", "uv": [ 0.0, 0.0, 3.5, 5.0 ], "enabled": false },
						"up": { "texture": "#corn2", "uv": [ 0.0, 0.0, 0.5, 3.5 ], "enabled": false },
						"down": { "texture": "#corn2", "uv": [ 0.5, 14.5, 1.0, 18.0 ], "enabled": false }
					},
					"children": [
						{
							"name": "Cube22",
							"from": [ -1.5, 0.0, 2.0 ], 
							"to": [ 2.0, 5.0, 2.0 ], 
							"shade": false,
							"renderPass": 2,
							"rotationOrigin": [ 0.0, 0.0, 1.8 ],
							"faces": {
								"north": { "texture": "#corn2", "uv": [ 11.0, 11.0, 14.5, 16.0 ], "windMode": [0,1,1,0] },
								"east": { "texture": "#corn2", "uv": [ 0.0, 0.0, 0.5, 5.0 ], "enabled": false },
								"south": { "texture": "#corn2", "uv": [ 0.0, 0.0, 3.5, 5.0 ], "enabled": false },
								"west": { "texture": "#corn2", "uv": [ 0.0, 0.0, 0.5, 5.0 ], "enabled": false },
								"up": { "texture": "#corn2", "uv": [ 0.0, 0.0, 3.5, 0.5 ], "enabled": false },
								"down": { "texture": "#corn2", "uv": [ 0.0, 0.0, 3.5, 0.5 ], "enabled": false }
							}
						}
					]
				},
				{
					"name": "stemdown23",
					"from": [ 5.0, -0.3, 3.2 ], 
					"to": [ 5.0, 4.7, 6.7 ], 
					"shade": false,
					"renderPass": 2,
					"rotationOrigin": [ 5.0, -0.3, 5.0 ],
					"rotationY": -45.0,
					"faces": {
						"north": { "texture": "#corn2", "uv": [ 0.0, 0.0, 0.5, 5.0 ], "enabled": false },
						"east": { "texture": "#corn2", "uv": [ 11.5, 11.0, 15.0, 16.0 ], "windMode": [0,1,1,0] },
						"south": { "texture": "#corn2", "uv": [ 1.0, 0.0, 1.5, 5.0 ], "enabled": false },
						"west": { "texture": "#corn2", "uv": [ 0.0, 0.0, 3.5, 5.0 ], "enabled": false },
						"up": { "texture": "#corn2", "uv": [ 0.0, 0.0, 0.5, 3.5 ], "enabled": false },
						"down": { "texture": "#corn2", "uv": [ 0.5, 14.5, 1.0, 18.0 ], "enabled": false }
					},
					"children": [
						{
							"name": "Cube24",
							"from": [ -1.5, 0.0, 2.0 ], 
							"to": [ 2.0, 5.0, 2.0 ], 
							"shade": false,
							"renderPass": 2,
							"rotationOrigin": [ 0.0, 0.0, 1.8 ],
							"faces": {
								"north": { "texture": "#corn2", "uv": [ 11.0, 11.0, 14.5, 16.0 ], "windMode": [0,1,1,0] },
								"east": { "texture": "#corn2", "uv": [ 0.0, 0.0, 0.5, 5.0 ], "enabled": false },
								"south": { "texture": "#corn2", "uv": [ 0.0, 0.0, 3.5, 5.0 ], "enabled": false },
								"west": { "texture": "#corn2", "uv": [ 0.0, 0.0, 0.5, 5.0 ], "enabled": false },
								"up": { "texture": "#corn2", "uv": [ 0.0, 0.0, 3.5, 0.5 ], "enabled": false },
								"down": { "texture": "#corn2", "uv": [ 0.0, 0.0, 3.5, 0.5 ], "enabled": false }
							}
						}
					]
				},
				{
					"name": "stemdown25",
					"from": [ 5.0, -0.3, -5.8 ], 
					"to": [ 5.0, 4.7, -2.3 ], 
					"shade": false,
					"renderPass": 2,
					"rotationOrigin": [ 5.0, -0.3, -4.0 ],
					"rotationY": -45.0,
					"faces": {
						"north": { "texture": "#corn2", "uv": [ 0.0, 0.0, 0.5, 5.0 ], "enabled": false },
						"east": { "texture": "#corn2", "uv": [ 11.5, 11.0, 15.0, 16.0 ], "windMode": [0,1,1,0] },
						"south": { "texture": "#corn2", "uv": [ 1.0, 0.0, 1.5, 5.0 ], "enabled": false },
						"west": { "texture": "#corn2", "uv": [ 0.0, 0.0, 3.5, 5.0 ], "enabled": false },
						"up": { "texture": "#corn2", "uv": [ 0.0, 0.0, 0.5, 3.5 ], "enabled": false },
						"down": { "texture": "#corn2", "uv": [ 0.5, 14.5, 1.0, 18.0 ], "enabled": false }
					},
					"children": [
						{
							"name": "Cube26",
							"from": [ -1.5, 0.0, 2.0 ], 
							"to": [ 2.0, 5.0, 2.0 ], 
							"shade": false,
							"renderPass": 2,
							"rotationOrigin": [ 0.0, 0.0, 1.8 ],
							"faces": {
								"north": { "texture": "#corn2", "uv": [ 11.0, 11.0, 14.5, 16.0 ], "windMode": [0,1,1,0] },
								"east": { "texture": "#corn2", "uv": [ 0.0, 0.0, 0.5, 5.0 ], "enabled": false },
								"south": { "texture": "#corn2", "uv": [ 0.0, 0.0, 3.5, 5.0 ], "enabled": false },
								"west": { "texture": "#corn2", "uv": [ 0.0, 0.0, 0.5, 5.0 ], "enabled": false },
								"up": { "texture": "#corn2", "uv": [ 0.0, 0.0, 3.5, 0.5 ], "enabled": false },
								"down": { "texture": "#corn2", "uv": [ 0.0, 0.0, 3.5, 0.5 ], "enabled": false }
							}
						}
					]
				}
			]
		}
	]}