{
	"editor": {
		"backDropShape": "seraph-hairless-buttonless",
		"collapsedPaths": "Root/shoe R",
		"allAngles": true,
		"entityTextureMode": true
	},
	"textureWidth": 32,
	"textureHeight": 64,
	"textureSizes": {
		"shoes": [32,64]
	},
	"textures": {
		"shoes": "E:/VsModelCreator/saves/soldier_shoes"
	},
	"elements": [
		{
			"name": "shoe R",
			"stepParentName": "LowerFootR",
			"from": [ -0.1, -0.1, -0.1 ],
			"to": [ 4.1, 0.9, 3.1 ],
			"uv": [ 0.0, 0.5 ],
			"rotationOrigin": [ -0.1, -0.1, -0.1 ],
			"faces": {
				"north": { "texture": "#shoes", "uv": [ 3.0, 15.0, 7.0, 16.0 ] },
				"east": { "texture": "#shoes", "uv": [ 0.0, 15.0, 3.0, 16.0 ] },
				"south": { "texture": "#shoes", "uv": [ 10.0, 15.0, 14.0, 16.0 ] },
				"west": { "texture": "#shoes", "uv": [ 7.0, 15.0, 10.0, 16.0 ] },
				"up": { "texture": "#shoes", "uv": [ 11.5, 0.5, 15.5, 3.5 ] },
				"down": { "texture": "#shoes", "uv": [ 0.0, 4.0, 3.0, 8.0 ], "rotation": 90 }
			},
			"children": [
				{
					"name": "back fold 1",
					"from": [ 4.0, 1.0, 0.5 ],
					"to": [ 4.2, 2.0, 2.7 ],
					"uv": [ 0.0, 0.0 ],
					"rotationOrigin": [ 4.0, 1.0, 0.5 ],
					"rotationZ": -15.0,
					"faces": {
						"north": { "texture": "#shoes", "uv": [ 2.0, 14.0, 2.5, 15.0 ] },
						"east": { "texture": "#shoes", "uv": [ 0.5, 14.0, 2.5, 15.0 ] },
						"south": { "texture": "#shoes", "uv": [ 0.5, 14.0, 1.0, 15.0 ] },
						"west": { "texture": "#shoes", "uv": [ 0.0, 0.0, 2.0, 1.0 ] },
						"up": { "texture": "#shoes", "uv": [ 0.5, 14.0, 2.5, 14.5 ], "rotation": 270 },
						"down": { "texture": "#shoes", "uv": [ 0.0, 0.0, 0.5, 2.0 ] }
					}
				},
				{
					"name": "N fold 19",
					"from": [ 0.0, 1.0, 0.0 ],
					"to": [ 4.2, 2.0, 0.2 ],
					"uv": [ 0.0, 0.0 ],
					"rotationOrigin": [ 0.0, 1.0, 0.2 ],
					"rotationX": -10.0,
					"faces": {
						"north": { "texture": "#shoes", "uv": [ 3.0, 14.0, 7.0, 15.0 ] },
						"east": { "texture": "#shoes", "uv": [ 3.0, 14.0, 3.5, 15.0 ] },
						"south": { "texture": "#shoes", "uv": [ 0.0, 1.0, 4.0, 2.0 ] },
						"west": { "texture": "#shoes", "uv": [ 6.0, 14.0, 6.5, 15.0 ] },
						"up": { "texture": "#shoes", "uv": [ 3.0, 14.0, 7.0, 14.5 ] },
						"down": { "texture": "#shoes", "uv": [ 0.0, 0.0, 4.0, 0.5 ] }
					}
				},
				{
					"name": "S fold 18",
					"from": [ 0.0, 1.0, 3.0 ],
					"to": [ 4.2, 2.0, 3.2 ],
					"uv": [ 0.0, 0.0 ],
					"rotationOrigin": [ 0.0, 1.0, 3.0 ],
					"rotationX": 10.0,
					"faces": {
						"north": { "texture": "#shoes", "uv": [ 4.0, 0.5, 8.0, 1.5 ] },
						"east": { "texture": "#shoes", "uv": [ 13.5, 14.0, 14.0, 15.0 ] },
						"south": { "texture": "#shoes", "uv": [ 10.0, 14.0, 14.0, 15.0 ] },
						"west": { "texture": "#shoes", "uv": [ 10.5, 14.0, 11.0, 15.0 ] },
						"up": { "texture": "#shoes", "uv": [ 10.0, 14.0, 14.0, 14.5 ] },
						"down": { "texture": "#shoes", "uv": [ 0.0, 0.0, 4.0, 0.5 ] }
					}
				},
				{
					"name": "front 27",
					"from": [ 0.0, 1.0, 0.0 ],
					"to": [ 0.2, 2.0, 0.5 ],
					"uv": [ 0.0, 0.0 ],
					"rotationOrigin": [ 0.2, 1.0, 0.0 ],
					"rotationZ": 9.0,
					"faces": {
						"north": { "texture": "#shoes", "uv": [ 7.0, 14.0, 7.5, 15.0 ] },
						"east": { "texture": "#shoes", "uv": [ 7.5, 1.0, 8.0, 2.0 ] },
						"south": { "texture": "#shoes", "uv": [ 7.0, 14.0, 7.5, 15.0 ] },
						"west": { "texture": "#shoes", "uv": [ 7.0, 14.0, 7.5, 15.0 ] },
						"up": { "texture": "#shoes", "uv": [ 7.0, 14.0, 7.5, 14.5 ], "rotation": 90 },
						"down": { "texture": "#shoes", "uv": [ 0.0, 0.0, 0.5, 0.5 ] }
					},
					"children": [
						{
							"name": "front 36",
							"from": [ 0.0, 0.0, 0.5 ],
							"to": [ 0.2, 0.5, 1.0 ],
							"uv": [ 0.0, 0.0 ],
							"rotationOrigin": [ 0.2, -0.0047, 0.5 ],
							"rotationX": -2.041,
							"rotationY": -0.136,
							"rotationZ": -0.002,
							"faces": {
								"north": { "texture": "#shoes", "uv": [ 4.5, 10.5, 5.0, 11.0 ] },
								"east": { "texture": "#shoes", "uv": [ 7.5, 0.0, 8.0, 0.5 ] },
								"south": { "texture": "#shoes", "uv": [ 4.5, 10.5, 5.0, 11.0 ] },
								"west": { "texture": "#shoes", "uv": [ 4.5, 10.5, 5.0, 11.0 ] },
								"up": { "texture": "#shoes", "uv": [ 4.5, 10.5, 5.0, 11.0 ], "rotation": 90 },
								"down": { "texture": "#shoes", "uv": [ 0.0, 0.0, 0.5, 0.5 ] }
							}
						}
					]
				},
				{
					"name": "front 28",
					"from": [ 0.0, 1.0, 2.7 ],
					"to": [ 0.2, 2.0, 3.2 ],
					"uv": [ 0.0, 0.0 ],
					"rotationOrigin": [ 0.2, 1.0, 2.7 ],
					"rotationZ": 9.0,
					"faces": {
						"north": { "texture": "#shoes", "uv": [ 9.5, 14.0, 10.0, 15.0 ] },
						"east": { "texture": "#shoes", "uv": [ 7.5, 1.0, 8.0, 2.0 ] },
						"south": { "texture": "#shoes", "uv": [ 9.5, 14.0, 10.0, 15.0 ] },
						"west": { "texture": "#shoes", "uv": [ 9.5, 14.0, 10.0, 15.0 ] },
						"up": { "texture": "#shoes", "uv": [ 9.5, 14.0, 10.0, 14.5 ], "rotation": 90 },
						"down": { "texture": "#shoes", "uv": [ 0.0, 0.0, 0.5, 0.5 ] }
					},
					"children": [
						{
							"name": "front 37",
							"from": [ 0.0, 0.0, -0.5 ],
							"to": [ 0.2, 0.5, 0.0 ],
							"uv": [ 0.0, 0.0 ],
							"rotationOrigin": [ 0.2, -0.0047, -0.5 ],
							"rotationX": -2.041,
							"rotationY": -0.136,
							"rotationZ": -0.002,
							"faces": {
								"north": { "texture": "#shoes", "uv": [ 4.5, 10.5, 5.0, 11.0 ] },
								"east": { "texture": "#shoes", "uv": [ 7.5, 0.0, 8.0, 0.5 ] },
								"south": { "texture": "#shoes", "uv": [ 4.5, 10.5, 5.0, 11.0 ] },
								"west": { "texture": "#shoes", "uv": [ 4.5, 10.5, 5.0, 11.0 ] },
								"up": { "texture": "#shoes", "uv": [ 4.5, 10.5, 5.0, 11.0 ], "rotation": 90 },
								"down": { "texture": "#shoes", "uv": [ 0.0, 0.0, 0.5, 0.5 ] }
							}
						}
					]
				},
				{
					"name": "back fold 26",
					"from": [ 4.0, 1.0, 0.0 ],
					"to": [ 4.2, 2.0, 0.5 ],
					"uv": [ 0.0, 0.0 ],
					"rotationOrigin": [ 4.0, 1.0, 0.0 ],
					"rotationZ": -8.0,
					"faces": {
						"north": { "texture": "#shoes", "uv": [ 2.5, 14.0, 3.0, 15.0 ] },
						"east": { "texture": "#shoes", "uv": [ 2.5, 14.0, 3.0, 15.0 ] },
						"south": { "texture": "#shoes", "uv": [ 2.0, 14.0, 2.5, 15.0 ] },
						"west": { "texture": "#shoes", "uv": [ 0.0, 0.0, 0.5, 1.0 ] },
						"up": { "texture": "#shoes", "uv": [ 2.5, 14.0, 3.0, 14.5 ], "rotation": 270 },
						"down": { "texture": "#shoes", "uv": [ 0.0, 0.0, 0.5, 0.5 ] }
					}
				},
				{
					"name": "back fold 27",
					"from": [ 4.0, 1.0, 2.7 ],
					"to": [ 4.2, 2.0, 3.2 ],
					"uv": [ 0.0, 0.0 ],
					"rotationOrigin": [ 4.0, 1.0, 2.7 ],
					"rotationZ": -8.0,
					"faces": {
						"north": { "texture": "#shoes", "uv": [ 0.0, 14.0, 0.5, 15.0 ] },
						"east": { "texture": "#shoes", "uv": [ 0.0, 14.0, 0.5, 15.0 ] },
						"south": { "texture": "#shoes", "uv": [ 0.5, 14.0, 1.0, 15.0 ] },
						"west": { "texture": "#shoes", "uv": [ 0.0, 0.0, 0.5, 1.0 ] },
						"up": { "texture": "#shoes", "uv": [ 0.0, 14.0, 0.5, 14.5 ], "rotation": 270 },
						"down": { "texture": "#shoes", "uv": [ 0.0, 0.0, 0.5, 0.5 ] }
					}
				}
			]
		},
		{
			"name": "shoe L",
			"stepParentName": "LowerFootL",
			"from": [ -0.1, -0.1, -0.1 ],
			"to": [ 4.1, 0.9, 3.1 ],
			"uv": [ 0.0, 0.5 ],
			"rotationOrigin": [ -0.1, -0.1, -0.1 ],
			"faces": {
				"north": { "texture": "#shoes", "uv": [ 0.0, 11.0, 4.0, 12.0 ] },
				"east": { "texture": "#shoes", "uv": [ 11.0, 11.0, 14.0, 12.0 ] },
				"south": { "texture": "#shoes", "uv": [ 7.0, 11.0, 11.0, 12.0 ] },
				"west": { "texture": "#shoes", "uv": [ 4.0, 11.0, 7.0, 12.0 ] },
				"up": { "texture": "#shoes", "uv": [ 11.5, 0.5, 15.5, 3.5 ] },
				"down": { "texture": "#shoes", "uv": [ 4.0, 4.0, 7.0, 8.0 ], "rotation": 90 }
			},
			"children": [
				{
					"name": "back fold 28",
					"from": [ 4.0, 1.0, 0.5 ],
					"to": [ 4.2, 2.0, 2.7 ],
					"uv": [ 0.0, 0.0 ],
					"rotationOrigin": [ 4.0, 1.0, 0.5 ],
					"rotationZ": -15.0,
					"faces": {
						"north": { "texture": "#shoes", "uv": [ 13.0, 10.0, 13.5, 11.0 ] },
						"east": { "texture": "#shoes", "uv": [ 11.5, 10.0, 13.5, 11.0 ] },
						"south": { "texture": "#shoes", "uv": [ 13.0, 10.0, 13.5, 11.0 ] },
						"west": { "texture": "#shoes", "uv": [ 0.0, 0.0, 2.0, 1.0 ] },
						"up": { "texture": "#shoes", "uv": [ 11.5, 10.0, 13.5, 10.5 ], "rotation": 270 },
						"down": { "texture": "#shoes", "uv": [ 0.0, 0.0, 0.5, 2.0 ] }
					}
				},
				{
					"name": "N fold 31",
					"from": [ 0.0, 1.0, 0.0 ],
					"to": [ 4.2, 2.0, 0.2 ],
					"uv": [ 0.0, 0.0 ],
					"rotationOrigin": [ 0.0, 1.0, 0.2 ],
					"rotationX": -10.0,
					"faces": {
						"north": { "texture": "#shoes", "uv": [ 0.0, 10.0, 4.0, 11.0 ] },
						"east": { "texture": "#shoes", "uv": [ 0.0, 10.0, 0.5, 11.0 ] },
						"south": { "texture": "#shoes", "uv": [ 2.0, 0.0, 6.0, 1.0 ] },
						"west": { "texture": "#shoes", "uv": [ 3.0, 10.0, 3.5, 11.0 ] },
						"up": { "texture": "#shoes", "uv": [ 0.0, 10.0, 4.0, 10.5 ] },
						"down": { "texture": "#shoes", "uv": [ 0.0, 0.0, 4.0, 0.5 ] }
					}
				},
				{
					"name": "S fold 35",
					"from": [ 0.0, 1.0, 3.0 ],
					"to": [ 4.2, 2.0, 3.2 ],
					"autoUnwrap": false,
					"uv": [ 0.0, 0.0 ],
					"rotationOrigin": [ 0.0, 1.0, 3.0 ],
					"rotationX": 10.0,
					"faces": {
						"north": { "texture": "#shoes", "uv": [ 0.0, 0.0, 4.0, 1.0 ] },
						"east": { "texture": "#shoes", "uv": [ 10.5, 10.0, 11.0, 11.0 ] },
						"south": { "texture": "#shoes", "uv": [ 7.5, 10.0, 11.5, 11.0 ] },
						"west": { "texture": "#shoes", "uv": [ 7.5, 10.0, 8.0, 11.0 ] },
						"up": { "texture": "#shoes", "uv": [ 7.5, 10.0, 11.5, 10.5 ] },
						"down": { "texture": "#shoes", "uv": [ 0.0, 0.0, 4.0, 0.5 ] }
					}
				},
				{
					"name": "front 32",
					"from": [ 0.0, 1.0, 0.0 ],
					"to": [ 0.2, 2.0, 0.5 ],
					"uv": [ 0.0, 0.0 ],
					"rotationOrigin": [ 0.2, 1.0, 0.0 ],
					"rotationZ": 9.0,
					"faces": {
						"north": { "texture": "#shoes", "uv": [ 3.5, 10.0, 4.0, 11.0 ] },
						"east": { "texture": "#shoes", "uv": [ 7.5, 0.0, 8.0, 1.0 ], "windMode": [-1,-1,-1,-1] },
						"south": { "texture": "#shoes", "uv": [ 4.0, 10.0, 4.5, 11.0 ] },
						"west": { "texture": "#shoes", "uv": [ 4.0, 10.0, 4.5, 11.0 ] },
						"up": { "texture": "#shoes", "uv": [ 4.0, 10.0, 4.5, 10.5 ], "rotation": 90 },
						"down": { "texture": "#shoes", "uv": [ 0.0, 0.0, 0.5, 0.5 ] }
					},
					"children": [
						{
							"name": "front 34",
							"from": [ 0.0, 0.0, 0.5 ],
							"to": [ 0.2, 0.5, 1.0 ],
							"uv": [ 0.0, 0.0 ],
							"rotationOrigin": [ 0.2, 0.0, 0.5 ],
							"faces": {
								"north": { "texture": "#shoes", "uv": [ 4.5, 10.5, 5.0, 11.0 ] },
								"east": { "texture": "#shoes", "uv": [ 7.5, 0.0, 8.0, 0.5 ] },
								"south": { "texture": "#shoes", "uv": [ 4.5, 10.5, 5.0, 11.0 ] },
								"west": { "texture": "#shoes", "uv": [ 4.5, 10.5, 5.0, 11.0 ] },
								"up": { "texture": "#shoes", "uv": [ 4.5, 10.5, 5.0, 11.0 ], "rotation": 90 },
								"down": { "texture": "#shoes", "uv": [ 0.0, 0.0, 0.5, 0.5 ] }
							}
						}
					]
				},
				{
					"name": "front 33",
					"from": [ 0.0, 1.0, 2.7 ],
					"to": [ 0.2, 2.0, 3.2 ],
					"uv": [ 0.0, 0.0 ],
					"rotationOrigin": [ 0.2, 1.0, 2.7 ],
					"rotationZ": 9.0,
					"faces": {
						"north": { "texture": "#shoes", "uv": [ 6.5, 10.0, 7.0, 11.0 ] },
						"east": { "texture": "#shoes", "uv": [ 7.5, 0.0, 8.0, 1.0 ] },
						"south": { "texture": "#shoes", "uv": [ 6.5, 10.0, 7.0, 11.0 ] },
						"west": { "texture": "#shoes", "uv": [ 6.5, 10.0, 7.0, 11.0 ] },
						"up": { "texture": "#shoes", "uv": [ 6.5, 10.0, 7.0, 10.5 ], "rotation": 90 },
						"down": { "texture": "#shoes", "uv": [ 0.0, 0.0, 0.5, 0.5 ] }
					},
					"children": [
						{
							"name": "front 35",
							"from": [ 0.0, 0.0, -0.5 ],
							"to": [ 0.2, 0.5, 0.0 ],
							"uv": [ 0.0, 0.0 ],
							"rotationOrigin": [ 0.2, 0.0, -0.5 ],
							"faces": {
								"north": { "texture": "#shoes", "uv": [ 4.5, 10.5, 5.0, 11.0 ] },
								"east": { "texture": "#shoes", "uv": [ 7.5, 0.0, 8.0, 0.5 ] },
								"south": { "texture": "#shoes", "uv": [ 4.5, 10.5, 5.0, 11.0 ] },
								"west": { "texture": "#shoes", "uv": [ 4.5, 10.5, 5.0, 11.0 ] },
								"up": { "texture": "#shoes", "uv": [ 4.5, 10.5, 5.0, 11.0 ], "rotation": 90 },
								"down": { "texture": "#shoes", "uv": [ 0.0, 0.0, 0.5, 0.5 ] }
							}
						}
					]
				},
				{
					"name": "back fold 34",
					"from": [ 4.0, 1.0, 0.0 ],
					"to": [ 4.2, 2.0, 0.5 ],
					"uv": [ 0.0, 0.0 ],
					"rotationOrigin": [ 4.0, 1.0, 0.0 ],
					"rotationZ": -8.0,
					"faces": {
						"north": { "texture": "#shoes", "uv": [ 13.5, 10.0, 14.0, 11.0 ] },
						"east": { "texture": "#shoes", "uv": [ 13.5, 10.0, 14.0, 11.0 ] },
						"south": { "texture": "#shoes", "uv": [ 13.5, 10.0, 14.0, 11.0 ] },
						"west": { "texture": "#shoes", "uv": [ 0.0, 0.0, 0.5, 1.0 ] },
						"up": { "texture": "#shoes", "uv": [ 13.5, 10.0, 14.0, 10.5 ], "rotation": 270 },
						"down": { "texture": "#shoes", "uv": [ 0.0, 0.0, 0.5, 0.5 ] }
					}
				},
				{
					"name": "back fold 35",
					"from": [ 4.0, 1.0, 2.7 ],
					"to": [ 4.2, 2.0, 3.2 ],
					"uv": [ 0.0, 0.0 ],
					"rotationOrigin": [ 4.0, 1.0, 2.7 ],
					"rotationZ": -8.0,
					"faces": {
						"north": { "texture": "#shoes", "uv": [ 11.0, 10.0, 11.5, 11.0 ] },
						"east": { "texture": "#shoes", "uv": [ 11.0, 10.0, 11.5, 11.0 ] },
						"south": { "texture": "#shoes", "uv": [ 11.0, 10.0, 11.5, 11.0 ] },
						"west": { "texture": "#shoes", "uv": [ 0.0, 0.0, 0.5, 1.0 ] },
						"up": { "texture": "#shoes", "uv": [ 11.0, 10.0, 11.5, 10.5 ], "rotation": 270 },
						"down": { "texture": "#shoes", "uv": [ 0.0, 0.0, 0.5, 0.5 ] }
					}
				}
			]
		},
		{
			"name": "stockingL",
			"stepParentName": "LowerFootL",
			"from": [ -0.01, -0.01, -0.01 ],
			"to": [ 4.01, 10.01, 3.01 ],
			"unwrapMode": 4,
			"uv": [ 14.5, 16.5 ],
			"faces": {
				"north": { "texture": "#shoes", "uv": [ 14.5, 20.5, 18.5, 30.5 ] },
				"east": { "texture": "#shoes", "uv": [ 25.5, 20.5, 28.5, 30.5 ] },
				"south": { "texture": "#shoes", "uv": [ 21.5, 20.5, 25.5, 30.5 ] },
				"west": { "texture": "#shoes", "uv": [ 18.5, 20.5, 21.5, 30.5 ] },
				"up": { "texture": "#shoes", "uv": [ 18.5, 16.5, 21.5, 20.5 ], "rotation": 90 },
				"down": { "texture": "#shoes", "uv": [ 18.5, 30.5, 21.5, 34.5 ], "rotation": 90 }
			}
		},
		{
			"name": "stockingR",
			"stepParentName": "LowerFootR",
			"from": [ -0.01, -0.01, -0.01 ],
			"to": [ 4.01, 10.01, 3.01 ],
			"unwrapMode": 4,
			"uv": [ 0.0, 16.5 ],
			"rotationOrigin": [ 0.0, 0.0, 0.0 ],
			"rotationZ": 0.0026,
			"faces": {
				"north": { "texture": "#shoes", "uv": [ 0.0, 20.5, 4.0, 30.5 ] },
				"east": { "texture": "#shoes", "uv": [ 11.0, 20.5, 14.0, 30.5 ] },
				"south": { "texture": "#shoes", "uv": [ 7.0, 20.5, 11.0, 30.5 ] },
				"west": { "texture": "#shoes", "uv": [ 4.0, 20.5, 7.0, 30.5 ] },
				"up": { "texture": "#shoes", "uv": [ 4.0, 16.5, 7.0, 20.5 ], "rotation": 90 },
				"down": { "texture": "#shoes", "uv": [ 4.0, 30.5, 7.0, 34.5 ], "rotation": 90 }
			}
		},
		{
			"name": "gaiterL",
			"stepParentName": "LowerFootL",
			"from": [ -0.02, -0.02, -0.02 ],
			"to": [ 4.02, 10.02, 3.02 ],
			"unwrapMode": 4,
			"uv": [ 14.5, 35.0 ],
			"rotationOrigin": [ 0.0, 0.0, 0.0 ],
			"rotationZ": 0.0026,
			"faces": {
				"north": { "texture": "#shoes", "uv": [ 14.5, 39.0, 18.5, 49.0 ] },
				"east": { "texture": "#shoes", "uv": [ 25.5, 39.0, 28.5, 49.0 ] },
				"south": { "texture": "#shoes", "uv": [ 21.5, 39.0, 25.5, 49.0 ] },
				"west": { "texture": "#shoes", "uv": [ 18.5, 39.0, 21.5, 49.0 ] },
				"up": { "texture": "#shoes", "uv": [ 18.5, 35.0, 21.5, 39.0 ], "rotation": 90 },
				"down": { "texture": "#shoes", "uv": [ 18.5, 49.0, 21.5, 53.0 ], "rotation": 90 }
			}
		},
		{
			"name": "gaiterR",
			"stepParentName": "LowerFootR",
			"from": [ -0.02, -0.02, -0.02 ],
			"to": [ 4.02, 10.02, 3.02 ],
			"unwrapMode": 4,
			"uv": [ 0.0, 35.0 ],
			"rotationOrigin": [ 0.0, 0.0, 0.0 ],
			"rotationZ": 0.0026,
			"faces": {
				"north": { "texture": "#shoes", "uv": [ 0.0, 39.0, 4.0, 49.0 ] },
				"east": { "texture": "#shoes", "uv": [ 11.0, 39.0, 14.0, 49.0 ] },
				"south": { "texture": "#shoes", "uv": [ 7.0, 39.0, 11.0, 49.0 ] },
				"west": { "texture": "#shoes", "uv": [ 4.0, 39.0, 7.0, 49.0 ] },
				"up": { "texture": "#shoes", "uv": [ 4.0, 35.0, 7.0, 39.0 ], "rotation": 90 },
				"down": { "texture": "#shoes", "uv": [ 4.0, 49.0, 7.0, 53.0 ], "rotation": 90 }
			}
		}
	]}