{
	"editor": {
		"backDropShape": "seraph-hairless-buttonless",
		"collapsedPaths": "Root/LowerTorsoOrigin/dress/dressPanelBack,Root/UpperTorsoOrigin/Chest,Root/LowerTorsoOrigin/dress/nodeFrontSection/dressPanelFront,Root/LowerTorsoOrigin/dress,Root/LowerTorsoOrigin/dress/nodeRightSection/dressPanelFront5,Root/LowerTorsoOrigin/dress/dressPanelFront2,Root/UpperArmROrigin,Root/LowerTorsoOrigin/dress2,Root/LowerTorsoOrigin/dress/nodeLeftSection/dressPanelFront7,Root/bandN/toothR1,Root/bandN/toothL1,Root/LowerTorsoOrigin/dress/nodeFrontSection4,Root/LowerTorsoOrigin/dress/nodeFrontSection2,Root/LowerTorsoOrigin/dress/nodeFrontLeftSection4,Root/LowerTorsoOrigin/dress/nodeFrontSection3,Root/UpperArmLorigin,Root/LowerTorsoOrigin/dress/nodeFrontLeftSection2,Root/LowerTorsoOrigin/dress/nodeBackSection/dressPanelFront2",
		"allAngles": false,
		"entityTextureMode": true
	},
	"textureWidth": 64,
	"textureHeight": 64,
	"textureSizes": {
		"shirt": [64,64]
	},
	"textures": {
		"shirt": "E:/VsModelCreator/saves/maid_dress_slim"
	},
	"elements": [
		{
			"name": "UpperTorsoOrigin",
			"stepParentName": "UpperTorso",
			"from": [ -0.03, -0.02, -0.02 ],
			"to": [ 5.03, 5.02, 6.22 ],
			"unwrapMode": 4,
			"autoUnwrap": false,
			"uv": [ 10.0, 0.0 ],
			"rotationOrigin": [ 2.0, 2.0, 3.25 ],
			"faces": {
				"north": { "texture": "#shirt", "uv": [ 1.0, 5.5, 6.0, 10.5 ], "windMode": [-1,-1,-1,-1], "windData": [1,1,1,1] },
				"east": { "texture": "#shirt", "uv": [ 17.0, 5.5, 23.0, 10.5 ], "windMode": [-1,-1,-1,-1] },
				"south": { "texture": "#shirt", "uv": [ 12.0, 5.5, 17.0, 10.5 ] },
				"west": { "texture": "#shirt", "uv": [ 6.0, 5.5, 12.0, 10.5 ] },
				"up": { "texture": "#shirt", "uv": [ 6.0, 0.5, 12.0, 5.5 ], "rotation": 90 },
				"down": { "texture": "#shirt", "uv": [ 19.0, 31.5, 25.0, 36.5 ], "rotation": 90, "windMode": [-1,-1,-1,-1] }
			},
			"children": [
				{
					"name": "Blackout",
					"from": [ 0.1, 0.8, 0.6 ],
					"to": [ 4.9, 4.8, 5.6 ],
					"autoUnwrap": false,
					"uv": [ 23.0, 9.0 ],
					"rotationOrigin": [ 0.1, 0.8, 0.6 ],
					"faces": {
						"north": { "texture": "#shirt", "uv": [ 0.0, 0.0, 4.5, 4.0 ] },
						"east": { "texture": "#shirt", "uv": [ 1.0, 0.0, 5.0, 5.0 ], "rotation": 90, "windMode": [-1,-1,-1,-1], "windData": [1,1,1,1] },
						"south": { "texture": "#shirt", "uv": [ 0.0, 1.0, 4.5, 5.0 ], "windMode": [-1,-1,-1,-1], "windData": [1,1,1,1] },
						"west": { "texture": "#shirt", "uv": [ 0.5, 0.0, 4.5, 5.0 ], "rotation": 90, "windMode": [-1,-1,-1,-1], "windData": [1,1,1,1] },
						"up": { "texture": "#shirt", "uv": [ 0.0, 0.0, 4.5, 5.0 ] },
						"down": { "texture": "#shirt", "uv": [ 0.5, 0.0, 5.0, 5.0 ] }
					}
				},
				{
					"name": "Cube2",
					"from": [ -0.005, -0.005, 2.87 ],
					"to": [ 0.995, 5.04, 3.37 ],
					"unwrapMode": 4,
					"autoUnwrap": false,
					"uv": [ 27.0, 5.5 ],
					"rotationOrigin": [ 0.0, 0.0, 2.87 ],
					"faces": {
						"west": { "texture": "#shirt", "uv": [ 23.5, 5.5, 24.0, 10.5 ] },
						"down": { "texture": "#shirt", "uv": [ 23.5, 10.0, 24.0, 11.0 ], "rotation": 90, "windMode": [-1,-1,-1,-1], "windData": [1,1,1,1] }
					}
				},
				{
					"name": "Chest",
					"from": [ 0.0, 0.0, 0.0 ],
					"to": [ 1.0, 1.0, 1.0 ],
					"unwrapMode": 4,
					"autoUnwrap": false,
					"uv": [ 9.0, 10.0 ],
					"rotationOrigin": [ 0.0, 0.0, 0.0 ],
					"rotationZ": 1.0,
					"faces": {
					},
					"children": [
						{
							"name": "Breasts",
							"from": [ -1.4, 2.6, 0.01 ],
							"to": [ 0.1, 5.1, 6.23 ],
							"unwrapMode": 1,
							"autoUnwrap": false,
							"uv": [ -3.0, -0.5 ],
							"rotationOrigin": [ -1.0, 2.0, 0.0 ],
							"rotationZ": -28.0,
							"faces": {
								"north": { "texture": "#shirt", "uv": [ 4.0, 5.5, 5.5, 8.0 ] },
								"east": { "texture": "#shirt", "uv": [ -3.0, 5.5, 3.0, 8.0 ] },
								"south": { "texture": "#shirt", "uv": [ 12.0, 5.5, 13.5, 8.0 ] },
								"west": { "texture": "#shirt", "uv": [ 6.0, 5.5, 12.0, 8.0 ] },
								"up": { "texture": "#shirt", "uv": [ 6.0, 3.0, 12.0, 4.5 ], "rotation": 270 },
								"down": { "texture": "#shirt", "uv": [ 6.0, 8.0, 12.0, 9.5 ], "rotation": 90, "windMode": [-1,-1,-1,-1], "windData": [1,1,1,1] }
							}
						},
						{
							"name": "BreastR",
							"from": [ 0.0, 0.0, 0.0 ],
							"to": [ 0.0, 0.0, 0.0 ],
							"uv": [ 0.0, 0.0 ],
							"faces": {
								"north": { "texture": "#null", "uv": [ 0.0, 0.5, 0.5, 1.0 ] },
								"east": { "texture": "#null", "uv": [ 0.5, 0.5, 1.0, 1.0 ] },
								"south": { "texture": "#null", "uv": [ 1.0, 0.5, 1.5, 1.0 ] },
								"west": { "texture": "#null", "uv": [ 1.5, 0.5, 2.0, 1.0 ] },
								"up": { "texture": "#null", "uv": [ 0.0, 0.0, 0.5, 0.5 ] },
								"down": { "texture": "#null", "uv": [ 0.5, 0.0, 1.0, 0.5 ] }
							}
						},
						{
							"name": "BreastL",
							"from": [ 0.0, 0.0, 0.0 ],
							"to": [ 0.0, 0.0, 0.0 ],
							"uv": [ 0.0, 0.0 ],
							"faces": {
								"north": { "texture": "#null", "uv": [ 0.0, 0.5, 0.5, 1.0 ] },
								"east": { "texture": "#null", "uv": [ 0.5, 0.5, 1.0, 1.0 ] },
								"south": { "texture": "#null", "uv": [ 1.0, 0.5, 1.5, 1.0 ] },
								"west": { "texture": "#null", "uv": [ 1.5, 0.5, 2.0, 1.0 ] },
								"up": { "texture": "#null", "uv": [ 0.0, 0.0, 0.5, 0.5 ] },
								"down": { "texture": "#null", "uv": [ 0.5, 0.0, 1.0, 0.5 ] }
							}
						}
					]
				}
			]
		},
		{
			"name": "LowerTorsoOrigin",
			"stepParentName": "LowerTorso",
			"from": [ -0.02, -0.02, -0.02 ],
			"to": [ 5.02, 5.02, 6.02 ],
			"unwrapMode": 4,
			"autoUnwrap": false,
			"uv": [ 9.0, 10.0 ],
			"rotationOrigin": [ 3.0, 3.0, 3.0 ],
			"faces": {
				"north": { "texture": "#shirt", "uv": [ 1.0, 10.5, 6.0, 15.5 ] },
				"east": { "texture": "#shirt", "uv": [ 17.0, 10.5, 23.0, 15.5 ] },
				"south": { "texture": "#shirt", "uv": [ 12.0, 10.5, 17.0, 15.5 ] },
				"west": { "texture": "#shirt", "uv": [ 6.0, 10.5, 12.0, 15.5 ] },
				"up": { "texture": "#shirt", "uv": [ 19.0, 31.5, 25.0, 36.5 ], "rotation": 270, "windMode": [-1,-1,-1,-1], "windData": [1,1,1,1] },
				"down": { "texture": "#shirt", "uv": [ 0.0, 31.5, 6.0, 36.5 ], "rotation": 90, "windMode": [-1,-1,-1,-1] }
			},
			"children": [
				{
					"name": "Cube3",
					"from": [ -0.005, -0.005, 2.77 ],
					"to": [ 0.995, 5.035, 3.27 ],
					"unwrapMode": 4,
					"uv": [ 23.5, 10.0 ],
					"rotationOrigin": [ 0.0, 0.0, 2.77 ],
					"faces": {
						"west": { "texture": "#shirt", "uv": [ 23.5, 10.0, 24.0, 15.0 ] }
					}
				},
				{
					"name": "dress",
					"from": [ 2.0, 2.0, 2.5 ],
					"to": [ 3.0, 3.0, 3.5 ],
					"unwrapMode": 4,
					"autoUnwrap": false,
					"uv": [ 9.0, 10.0 ],
					"rotationOrigin": [ 2.5, 2.0, 3.0 ],
					"rotationZ": -5.0,
					"faces": {
					},
					"children": [
						{
							"name": "nodeFrontSection",
							"from": [ 0.0, 0.0, 0.0 ],
							"to": [ 1.0, 1.0, 1.0 ],
							"unwrapMode": 4,
							"autoUnwrap": false,
							"uv": [ 9.0, 10.0 ],
							"rotationOrigin": [ 0.5, 0.0, 0.5 ],
							"faces": {
							},
							"children": [
								{
									"name": "dressPanelFront",
									"from": [ -2.0, -4.0, -2.5 ],
									"to": [ -1.0, 1.0, 3.5 ],
									"unwrapMode": 4,
									"uv": [ 24.5, 4.5 ],
									"rotationOrigin": [ -2.0, 1.0, 0.5 ],
									"rotationZ": -22.5,
									"faces": {
										"north": { "texture": "#shirt", "uv": [ 24.5, 5.5, 25.5, 10.5 ] },
										"east": { "texture": "#shirt", "uv": [ 32.5, 5.5, 38.5, 10.5 ] },
										"south": { "texture": "#shirt", "uv": [ 31.5, 5.5, 32.5, 10.5 ] },
										"west": { "texture": "#shirt", "uv": [ 25.5, 5.5, 31.5, 10.5 ] },
										"up": { "texture": "#shirt", "uv": [ 25.5, 4.5, 31.5, 5.5 ], "rotation": 90, "windMode": [-1,-1,-1,-1], "windData": [1,1,1,1] },
										"down": { "texture": "#shirt", "uv": [ 25.5, 10.5, 31.5, 11.5 ], "rotation": 90, "windMode": [-1,-1,-1,-1] }
									},
									"children": [
										{
											"name": "dressPanelFront3",
											"from": [ 0.0, -5.0, 0.0 ],
											"to": [ 1.0, 0.0, 6.0 ],
											"unwrapMode": 4,
											"uv": [ 24.5, 9.5 ],
											"rotationOrigin": [ 0.0, 0.0, 3.0 ],
											"rotationZ": 22.5,
											"faces": {
												"north": { "texture": "#shirt", "uv": [ 24.5, 10.5, 25.5, 15.5 ] },
												"east": { "texture": "#shirt", "uv": [ 32.5, 10.5, 38.5, 15.5 ] },
												"south": { "texture": "#shirt", "uv": [ 31.5, 10.5, 32.5, 15.5 ] },
												"west": { "texture": "#shirt", "uv": [ 25.5, 10.5, 31.5, 15.5 ] },
												"up": { "texture": "#shirt", "uv": [ 25.5, 9.5, 31.5, 10.5 ], "rotation": 90, "windMode": [-1,-1,-1,-1], "windData": [1,1,1,1] },
												"down": { "texture": "#shirt", "uv": [ 25.5, 15.5, 31.5, 16.5 ], "rotation": 90, "windMode": [-1,-1,-1,-1] }
											},
											"children": [
												{
													"name": "dressPanelFront19",
													"from": [ -0.1, -0.5, -0.5 ],
													"to": [ -0.1, 1.0, 6.5 ],
													"unwrapMode": 4,
													"uv": [ 31.5, 15.5 ],
													"faces": {
														"west": { "texture": "#shirt", "uv": [ 31.5, 15.5, 38.5, 17.0 ], "windMode": [-1,-1,-1,-1] }
													}
												}
											]
										}
									]
								}
							]
						},
						{
							"name": "nodeBackSection",
							"from": [ 0.0, 0.0, 0.0 ],
							"to": [ 1.0, 1.0, 1.0 ],
							"unwrapMode": 4,
							"autoUnwrap": false,
							"uv": [ 9.0, 10.0 ],
							"rotationOrigin": [ 0.5, 0.0, 0.5 ],
							"rotationY": 180.0,
							"faces": {
							},
							"children": [
								{
									"name": "dressPanelFront2",
									"from": [ -2.0, -4.0, -2.5 ],
									"to": [ -1.0, 1.0, 3.5 ],
									"unwrapMode": 4,
									"uv": [ 24.5, 4.5 ],
									"rotationOrigin": [ -2.0, 1.0, 0.5 ],
									"rotationZ": -22.5,
									"faces": {
										"north": { "texture": "#shirt", "uv": [ 24.5, 5.5, 25.5, 10.5 ] },
										"east": { "texture": "#shirt", "uv": [ 32.5, 5.5, 38.5, 10.5 ] },
										"south": { "texture": "#shirt", "uv": [ 31.5, 5.5, 32.5, 10.5 ] },
										"west": { "texture": "#shirt", "uv": [ 25.5, 5.5, 31.5, 10.5 ] },
										"up": { "texture": "#shirt", "uv": [ 25.5, 4.5, 31.5, 5.5 ], "rotation": 90, "windMode": [-1,-1,-1,-1], "windData": [1,1,1,1] },
										"down": { "texture": "#shirt", "uv": [ 25.5, 10.5, 31.5, 11.5 ], "rotation": 90, "windMode": [-1,-1,-1,-1] }
									},
									"children": [
										{
											"name": "dressPanelFront4",
											"from": [ 0.0, -5.0, 0.0 ],
											"to": [ 1.0, 0.0, 6.0 ],
											"unwrapMode": 4,
											"uv": [ 24.5, 9.5 ],
											"rotationOrigin": [ 0.0, 0.0, 3.0 ],
											"rotationZ": 22.5,
											"faces": {
												"north": { "texture": "#shirt", "uv": [ 24.5, 10.5, 25.5, 15.5 ] },
												"east": { "texture": "#shirt", "uv": [ 32.5, 10.5, 38.5, 15.5 ] },
												"south": { "texture": "#shirt", "uv": [ 31.5, 10.5, 32.5, 15.5 ] },
												"west": { "texture": "#shirt", "uv": [ 25.5, 10.5, 31.5, 15.5 ] },
												"up": { "texture": "#shirt", "uv": [ 25.5, 9.5, 31.5, 10.5 ], "rotation": 90, "windMode": [-1,-1,-1,-1], "windData": [1,1,1,1] },
												"down": { "texture": "#shirt", "uv": [ 25.5, 15.5, 31.5, 16.5 ], "rotation": 90, "windMode": [-1,-1,-1,-1] }
											},
											"children": [
												{
													"name": "dressPanelFront22",
													"from": [ -0.1, -0.5, -0.5 ],
													"to": [ -0.1, 1.0, 6.5 ],
													"unwrapMode": 4,
													"uv": [ 31.5, 15.5 ],
													"faces": {
														"west": { "texture": "#shirt", "uv": [ 31.5, 15.5, 38.5, 17.0 ], "windMode": [-1,-1,-1,-1] }
													}
												}
											]
										}
									]
								}
							]
						},
						{
							"name": "nodeRightSection",
							"from": [ 0.0, 0.0, 0.0 ],
							"to": [ 1.0, 1.0, 1.0 ],
							"unwrapMode": 4,
							"autoUnwrap": false,
							"uv": [ 9.0, 10.0 ],
							"rotationOrigin": [ 0.5, 0.0, 0.5 ],
							"rotationY": -90.0,
							"faces": {
							},
							"children": [
								{
									"name": "dressPanelFront5",
									"from": [ -2.0, -4.0, -2.5 ],
									"to": [ -1.0, 1.0, 3.5 ],
									"unwrapMode": 4,
									"uv": [ 24.5, 4.5 ],
									"rotationOrigin": [ -2.0, 1.0, 0.5 ],
									"rotationZ": -22.5,
									"faces": {
										"north": { "texture": "#shirt", "uv": [ 24.5, 5.5, 25.5, 10.5 ] },
										"east": { "texture": "#shirt", "uv": [ 32.5, 5.5, 38.5, 10.5 ] },
										"south": { "texture": "#shirt", "uv": [ 31.5, 5.5, 32.5, 10.5 ] },
										"west": { "texture": "#shirt", "uv": [ 25.5, 5.5, 31.5, 10.5 ] },
										"up": { "texture": "#shirt", "uv": [ 25.5, 4.5, 31.5, 5.5 ], "rotation": 90, "windMode": [-1,-1,-1,-1], "windData": [1,1,1,1] },
										"down": { "texture": "#shirt", "uv": [ 25.5, 10.5, 31.5, 11.5 ], "rotation": 90, "windMode": [-1,-1,-1,-1] }
									},
									"children": [
										{
											"name": "dressPanelFront6",
											"from": [ 0.0, -5.0, 0.0 ],
											"to": [ 1.0, 0.0, 6.0 ],
											"unwrapMode": 4,
											"uv": [ 24.5, 9.5 ],
											"rotationOrigin": [ 0.0, 0.0, 3.0 ],
											"rotationZ": 22.5,
											"faces": {
												"north": { "texture": "#shirt", "uv": [ 24.5, 10.5, 25.5, 15.5 ] },
												"east": { "texture": "#shirt", "uv": [ 32.5, 10.5, 38.5, 15.5 ] },
												"south": { "texture": "#shirt", "uv": [ 31.5, 10.5, 32.5, 15.5 ] },
												"west": { "texture": "#shirt", "uv": [ 25.5, 10.5, 31.5, 15.5 ] },
												"up": { "texture": "#shirt", "uv": [ 25.5, 9.5, 31.5, 10.5 ], "rotation": 90, "windMode": [-1,-1,-1,-1], "windData": [1,1,1,1] },
												"down": { "texture": "#shirt", "uv": [ 25.5, 15.5, 31.5, 16.5 ], "rotation": 90, "windMode": [-1,-1,-1,-1] }
											},
											"children": [
												{
													"name": "dressPanelFront20",
													"from": [ -0.1, -0.5, -0.5 ],
													"to": [ -0.1, 1.0, 6.5 ],
													"unwrapMode": 4,
													"uv": [ 31.5, 15.5 ],
													"faces": {
														"west": { "texture": "#shirt", "uv": [ 31.5, 15.5, 38.5, 17.0 ], "windMode": [-1,-1,-1,-1] }
													}
												}
											]
										}
									]
								}
							]
						},
						{
							"name": "nodeLeftSection",
							"from": [ 0.0, 0.0, 0.0 ],
							"to": [ 1.0, 1.0, 1.0 ],
							"unwrapMode": 4,
							"autoUnwrap": false,
							"uv": [ 9.0, 10.0 ],
							"rotationOrigin": [ 0.5, 0.0, 0.5 ],
							"rotationY": 90.0,
							"faces": {
							},
							"children": [
								{
									"name": "dressPanelFront7",
									"from": [ -2.0, -4.0, -2.5 ],
									"to": [ -1.0, 1.0, 3.5 ],
									"unwrapMode": 4,
									"uv": [ 24.5, 4.5 ],
									"rotationOrigin": [ -2.0, 1.0, 0.5 ],
									"rotationZ": -22.5,
									"faces": {
										"north": { "texture": "#shirt", "uv": [ 24.5, 5.5, 25.5, 10.5 ] },
										"east": { "texture": "#shirt", "uv": [ 32.5, 5.5, 38.5, 10.5 ] },
										"south": { "texture": "#shirt", "uv": [ 31.5, 5.5, 32.5, 10.5 ] },
										"west": { "texture": "#shirt", "uv": [ 25.5, 5.5, 31.5, 10.5 ] },
										"up": { "texture": "#shirt", "uv": [ 25.5, 4.5, 31.5, 5.5 ], "rotation": 90, "windMode": [-1,-1,-1,-1], "windData": [1,1,1,1] },
										"down": { "texture": "#shirt", "uv": [ 25.5, 10.5, 31.5, 11.5 ], "rotation": 90, "windMode": [-1,-1,-1,-1] }
									},
									"children": [
										{
											"name": "dressPanelFront8",
											"from": [ 0.0, -5.0, 0.0 ],
											"to": [ 1.0, 0.0, 6.0 ],
											"unwrapMode": 4,
											"uv": [ 24.5, 9.5 ],
											"rotationOrigin": [ 0.0, 0.0, 3.0 ],
											"rotationZ": 22.5,
											"faces": {
												"north": { "texture": "#shirt", "uv": [ 24.5, 10.5, 25.5, 15.5 ] },
												"east": { "texture": "#shirt", "uv": [ 32.5, 10.5, 38.5, 15.5 ] },
												"south": { "texture": "#shirt", "uv": [ 31.5, 10.5, 32.5, 15.5 ] },
												"west": { "texture": "#shirt", "uv": [ 25.5, 10.5, 31.5, 15.5 ] },
												"up": { "texture": "#shirt", "uv": [ 25.5, 9.5, 31.5, 10.5 ], "rotation": 90, "windMode": [-1,-1,-1,-1], "windData": [1,1,1,1] },
												"down": { "texture": "#shirt", "uv": [ 25.5, 15.5, 31.5, 16.5 ], "rotation": 90, "windMode": [-1,-1,-1,-1] }
											},
											"children": [
												{
													"name": "dressPanelFront21",
													"from": [ -0.1, -0.5, -0.5 ],
													"to": [ -0.1, 1.0, 6.5 ],
													"unwrapMode": 4,
													"uv": [ 31.5, 15.5 ],
													"faces": {
														"west": { "texture": "#shirt", "uv": [ 31.5, 15.5, 38.5, 17.0 ], "windMode": [-1,-1,-1,-1] }
													}
												}
											]
										}
									]
								}
							]
						},
						{
							"name": "nodeFrontLeftSection",
							"from": [ 0.0, 0.0, 0.0 ],
							"to": [ 1.0, 1.0, 1.0 ],
							"unwrapMode": 4,
							"autoUnwrap": false,
							"uv": [ 9.0, 10.0 ],
							"rotationOrigin": [ 0.5, 0.0, 0.5 ],
							"rotationY": 45.0,
							"faces": {
							},
							"children": [
								{
									"name": "dressPanelFront9",
									"from": [ -2.75, -4.0, -2.5 ],
									"to": [ -1.75, 1.0, 3.5 ],
									"unwrapMode": 4,
									"uv": [ 39.0, 4.5 ],
									"rotationOrigin": [ -3.0, 1.0, 0.5 ],
									"rotationZ": -22.5,
									"faces": {
										"north": { "texture": "#shirt", "uv": [ 39.0, 5.5, 40.0, 10.5 ] },
										"east": { "texture": "#shirt", "uv": [ 47.0, 5.5, 53.0, 10.5 ] },
										"south": { "texture": "#shirt", "uv": [ 46.0, 5.5, 47.0, 10.5 ] },
										"west": { "texture": "#shirt", "uv": [ 40.0, 5.5, 46.0, 10.5 ] },
										"up": { "texture": "#shirt", "uv": [ 40.0, 4.5, 46.0, 5.5 ], "rotation": 90, "windMode": [-1,-1,-1,-1], "windData": [1,1,1,1] },
										"down": { "texture": "#shirt", "uv": [ 40.0, 10.5, 46.0, 11.5 ], "rotation": 90, "windMode": [-1,-1,-1,-1] }
									},
									"children": [
										{
											"name": "dressPanelFront10",
											"from": [ 0.0, -5.0, 0.0 ],
											"to": [ 1.0, 0.0, 6.0 ],
											"unwrapMode": 4,
											"uv": [ 39.0, 9.5 ],
											"rotationOrigin": [ 0.0, 0.0, 3.0 ],
											"rotationZ": 22.5,
											"faces": {
												"north": { "texture": "#shirt", "uv": [ 39.0, 10.5, 40.0, 15.5 ] },
												"east": { "texture": "#shirt", "uv": [ 47.0, 10.5, 53.0, 15.5 ] },
												"south": { "texture": "#shirt", "uv": [ 46.0, 10.5, 47.0, 15.5 ] },
												"west": { "texture": "#shirt", "uv": [ 40.0, 10.5, 46.0, 15.5 ] },
												"up": { "texture": "#shirt", "uv": [ 40.0, 9.5, 46.0, 10.5 ], "rotation": 90, "windMode": [-1,-1,-1,-1], "windData": [1,1,1,1] },
												"down": { "texture": "#shirt", "uv": [ 40.0, 15.5, 46.0, 16.5 ], "rotation": 90, "windMode": [-1,-1,-1,-1] }
											},
											"children": [
												{
													"name": "dressPanelFront26",
													"from": [ -0.1, -0.5, -0.5 ],
													"to": [ -0.1, 1.0, 6.5 ],
													"unwrapMode": 4,
													"uv": [ 46.0, 15.5 ],
													"faces": {
														"west": { "texture": "#shirt", "uv": [ 46.0, 15.5, 53.0, 17.0 ], "windMode": [-1,-1,-1,-1] }
													}
												}
											]
										}
									]
								}
							]
						},
						{
							"name": "nodeFrontRightSection",
							"from": [ 0.0, 0.0, 0.0 ],
							"to": [ 1.0, 1.0, 1.0 ],
							"unwrapMode": 4,
							"autoUnwrap": false,
							"uv": [ 9.0, 10.0 ],
							"rotationOrigin": [ 0.5, 0.0, 0.5 ],
							"rotationY": -45.0,
							"faces": {
							},
							"children": [
								{
									"name": "dressPanelFront11",
									"from": [ -2.75, -4.0, -2.5 ],
									"to": [ -1.75, 1.0, 3.5 ],
									"unwrapMode": 4,
									"uv": [ 39.0, 16.5 ],
									"rotationOrigin": [ -3.0, 1.0, 0.5 ],
									"rotationZ": -22.5,
									"faces": {
										"north": { "texture": "#shirt", "uv": [ 39.0, 17.5, 40.0, 22.5 ] },
										"east": { "texture": "#shirt", "uv": [ 47.0, 17.5, 53.0, 22.5 ] },
										"south": { "texture": "#shirt", "uv": [ 46.0, 17.5, 47.0, 22.5 ] },
										"west": { "texture": "#shirt", "uv": [ 40.0, 17.5, 46.0, 22.5 ] },
										"up": { "texture": "#shirt", "uv": [ 40.0, 16.5, 46.0, 17.5 ], "rotation": 90, "windMode": [-1,-1,-1,-1], "windData": [1,1,1,1] },
										"down": { "texture": "#shirt", "uv": [ 40.0, 22.5, 46.0, 23.5 ], "rotation": 90, "windMode": [-1,-1,-1,-1] }
									},
									"children": [
										{
											"name": "dressPanelFront12",
											"from": [ 0.0, -5.0, 0.0 ],
											"to": [ 1.0, 0.0, 6.0 ],
											"unwrapMode": 4,
											"uv": [ 39.0, 21.5 ],
											"rotationOrigin": [ 0.0, 0.0, 3.0 ],
											"rotationZ": 22.5,
											"faces": {
												"north": { "texture": "#shirt", "uv": [ 39.0, 22.5, 40.0, 27.5 ] },
												"east": { "texture": "#shirt", "uv": [ 47.0, 22.5, 53.0, 27.5 ] },
												"south": { "texture": "#shirt", "uv": [ 46.0, 22.5, 47.0, 27.5 ] },
												"west": { "texture": "#shirt", "uv": [ 40.0, 22.5, 46.0, 27.5 ] },
												"up": { "texture": "#shirt", "uv": [ 40.0, 21.5, 46.0, 22.5 ], "rotation": 90, "windMode": [-1,-1,-1,-1], "windData": [1,1,1,1] },
												"down": { "texture": "#shirt", "uv": [ 40.0, 27.5, 46.0, 28.5 ], "rotation": 90, "windMode": [-1,-1,-1,-1] }
											},
											"children": [
												{
													"name": "dressPanelFront25",
													"from": [ -0.1, -0.5, -0.5 ],
													"to": [ -0.1, 1.0, 6.5 ],
													"unwrapMode": 4,
													"uv": [ 46.0, 15.5 ],
													"faces": {
														"west": { "texture": "#shirt", "uv": [ 46.0, 15.5, 53.0, 17.0 ], "windMode": [-1,-1,-1,-1] }
													}
												}
											]
										}
									]
								}
							]
						},
						{
							"name": "nodeBackLeftSection",
							"from": [ 0.0, 0.0, 0.0 ],
							"to": [ 1.0, 1.0, 1.0 ],
							"unwrapMode": 4,
							"autoUnwrap": false,
							"uv": [ 9.0, 10.0 ],
							"rotationOrigin": [ 0.5, 0.0, 0.5 ],
							"rotationY": 135.0,
							"faces": {
							},
							"children": [
								{
									"name": "dressPanelFront13",
									"from": [ -2.75, -4.0, -2.5 ],
									"to": [ -1.75, 1.0, 3.5 ],
									"unwrapMode": 4,
									"uv": [ 39.0, 16.5 ],
									"rotationOrigin": [ -3.0, 1.0, 0.5 ],
									"rotationZ": -22.5,
									"faces": {
										"north": { "texture": "#shirt", "uv": [ 39.0, 17.5, 40.0, 22.5 ] },
										"east": { "texture": "#shirt", "uv": [ 47.0, 17.5, 53.0, 22.5 ] },
										"south": { "texture": "#shirt", "uv": [ 46.0, 17.5, 47.0, 22.5 ] },
										"west": { "texture": "#shirt", "uv": [ 40.0, 17.5, 46.0, 22.5 ] },
										"up": { "texture": "#shirt", "uv": [ 40.0, 16.5, 46.0, 17.5 ], "rotation": 90, "windMode": [-1,-1,-1,-1], "windData": [1,1,1,1] },
										"down": { "texture": "#shirt", "uv": [ 40.0, 22.5, 46.0, 23.5 ], "rotation": 90, "windMode": [-1,-1,-1,-1] }
									},
									"children": [
										{
											"name": "dressPanelFront14",
											"from": [ 0.0, -5.0, 0.0 ],
											"to": [ 1.0, 0.0, 6.0 ],
											"unwrapMode": 4,
											"uv": [ 39.0, 21.5 ],
											"rotationOrigin": [ 0.0, 0.0, 3.0 ],
											"rotationZ": 22.5,
											"faces": {
												"north": { "texture": "#shirt", "uv": [ 39.0, 22.5, 40.0, 27.5 ] },
												"east": { "texture": "#shirt", "uv": [ 47.0, 22.5, 53.0, 27.5 ] },
												"south": { "texture": "#shirt", "uv": [ 46.0, 22.5, 47.0, 27.5 ] },
												"west": { "texture": "#shirt", "uv": [ 40.0, 22.5, 46.0, 27.5 ] },
												"up": { "texture": "#shirt", "uv": [ 40.0, 21.5, 46.0, 22.5 ], "rotation": 90, "windMode": [-1,-1,-1,-1], "windData": [1,1,1,1] },
												"down": { "texture": "#shirt", "uv": [ 40.0, 27.5, 46.0, 28.5 ], "rotation": 90, "windMode": [-1,-1,-1,-1] }
											},
											"children": [
												{
													"name": "dressPanelFront24",
													"from": [ -0.1, -0.5, -0.5 ],
													"to": [ -0.1, 1.0, 6.5 ],
													"unwrapMode": 4,
													"uv": [ 46.0, 15.5 ],
													"rotationOrigin": [ 0.0, 0.0, 0.0 ],
													"rotationZ": 10.0,
													"faces": {
														"west": { "texture": "#shirt", "uv": [ 46.0, 15.5, 53.0, 17.0 ], "windMode": [-1,-1,-1,-1] }
													}
												}
											]
										}
									]
								}
							]
						},
						{
							"name": "nodeBackRightSection",
							"from": [ 0.0, 0.0, 0.0 ],
							"to": [ 1.0, 1.0, 1.0 ],
							"unwrapMode": 4,
							"autoUnwrap": false,
							"uv": [ 9.0, 10.0 ],
							"rotationOrigin": [ 0.5, 0.0, 0.5 ],
							"rotationY": -135.0,
							"faces": {
							},
							"children": [
								{
									"name": "dressPanelFront15",
									"from": [ -2.75, -4.0, -2.5 ],
									"to": [ -1.75, 1.0, 3.5 ],
									"unwrapMode": 4,
									"uv": [ 39.0, 4.5 ],
									"rotationOrigin": [ -3.0, 1.0, 0.5 ],
									"rotationZ": -22.5,
									"faces": {
										"north": { "texture": "#shirt", "uv": [ 39.0, 5.5, 40.0, 10.5 ] },
										"east": { "texture": "#shirt", "uv": [ 47.0, 5.5, 53.0, 10.5 ] },
										"south": { "texture": "#shirt", "uv": [ 46.0, 5.5, 47.0, 10.5 ] },
										"west": { "texture": "#shirt", "uv": [ 40.0, 5.5, 46.0, 10.5 ] },
										"up": { "texture": "#shirt", "uv": [ 40.0, 4.5, 46.0, 5.5 ], "rotation": 90, "windMode": [-1,-1,-1,-1], "windData": [1,1,1,1] },
										"down": { "texture": "#shirt", "uv": [ 40.0, 10.5, 46.0, 11.5 ], "rotation": 90, "windMode": [-1,-1,-1,-1] }
									},
									"children": [
										{
											"name": "dressPanelFront16",
											"from": [ 0.0, -5.0, 0.0 ],
											"to": [ 1.0, 0.0, 6.0 ],
											"unwrapMode": 4,
											"uv": [ 39.0, 9.5 ],
											"rotationOrigin": [ 0.0, 0.0, 3.0 ],
											"rotationZ": 22.5,
											"faces": {
												"north": { "texture": "#shirt", "uv": [ 39.0, 10.5, 40.0, 15.5 ] },
												"east": { "texture": "#shirt", "uv": [ 47.0, 10.5, 53.0, 15.5 ] },
												"south": { "texture": "#shirt", "uv": [ 46.0, 10.5, 47.0, 15.5 ] },
												"west": { "texture": "#shirt", "uv": [ 40.0, 10.5, 46.0, 15.5 ] },
												"up": { "texture": "#shirt", "uv": [ 40.0, 9.5, 46.0, 10.5 ], "rotation": 90, "windMode": [-1,-1,-1,-1], "windData": [1,1,1,1] },
												"down": { "texture": "#shirt", "uv": [ 40.0, 15.5, 46.0, 16.5 ], "rotation": 90, "windMode": [-1,-1,-1,-1] }
											},
											"children": [
												{
													"name": "dressPanelFront23",
													"from": [ -0.1, -0.5, -0.5 ],
													"to": [ -0.1, 1.0, 6.5 ],
													"unwrapMode": 4,
													"uv": [ 46.0, 15.5 ],
													"faces": {
														"west": { "texture": "#shirt", "uv": [ 46.0, 15.5, 53.0, 17.0 ], "windMode": [-1,-1,-1,-1] }
													}
												}
											]
										}
									]
								}
							]
						},
						{
							"name": "nodeFrontApron",
							"from": [ -0.1, 0.4, 0.0 ],
							"to": [ 0.9, 1.4, 1.0 ],
							"unwrapMode": 4,
							"autoUnwrap": false,
							"uv": [ 9.0, 10.0 ],
							"rotationOrigin": [ -0.5, 0.0, 0.5 ],
							"faces": {
							},
							"children": [
								{
									"name": "dressPanelFront17",
									"from": [ -2.0, -4.0, -3.0 ],
									"to": [ -1.0, 1.0, 4.0 ],
									"unwrapMode": 4,
									"uv": [ 23.0, 16.5 ],
									"rotationOrigin": [ -2.0, 1.0, -0.5 ],
									"rotationZ": -22.5,
									"faces": {
										"north": { "texture": "#shirt", "uv": [ 23.0, 17.5, 24.0, 22.5 ] },
										"east": { "texture": "#shirt", "uv": [ 32.0, 17.5, 39.0, 22.5 ] },
										"south": { "texture": "#shirt", "uv": [ 31.0, 17.5, 32.0, 22.5 ] },
										"west": { "texture": "#shirt", "uv": [ 24.0, 17.5, 31.0, 22.5 ] },
										"up": { "texture": "#shirt", "uv": [ 24.0, 16.5, 31.0, 17.5 ], "rotation": 90, "windMode": [-1,-1,-1,-1], "windData": [1,1,1,1] }
									},
									"children": [
										{
											"name": "dressPanelFront18",
											"from": [ 0.0, -5.0, 0.0 ],
											"to": [ 1.0, 0.0, 7.0 ],
											"unwrapMode": 4,
											"uv": [ 23.0, 21.5 ],
											"rotationOrigin": [ 0.0, 0.0, 3.0 ],
											"rotationZ": 22.5,
											"faces": {
												"north": { "texture": "#shirt", "uv": [ 23.0, 22.5, 24.0, 27.5 ] },
												"east": { "texture": "#shirt", "uv": [ 32.0, 22.5, 39.0, 27.5 ] },
												"south": { "texture": "#shirt", "uv": [ 31.0, 22.5, 32.0, 27.5 ] },
												"west": { "texture": "#shirt", "uv": [ 24.0, 22.5, 31.0, 27.5 ] },
												"down": { "texture": "#shirt", "uv": [ 24.0, 27.5, 31.0, 28.5 ], "rotation": 90, "windMode": [-1,-1,-1,-1] }
											}
										}
									]
								}
							]
						}
					]
				}
			]
		},
		{
			"name": "UpperFootLorigin",
			"stepParentName": "UpperFootL",
			"from": [ -0.02, -0.02, -0.02 ],
			"to": [ 4.22, 9.02, 3.22 ],
			"unwrapMode": 3,
			"autoUnwrap": false,
			"uv": [ 15.0, 19.62 ],
			"rotationOrigin": [ 2.0, 9.0, 3.2 ],
			"faces": {
				"east": { "texture": "#shirt", "uv": [ 20.0, 22.0, 23.0, 31.0 ], "windMode": [-1,-1,-1,-1] },
				"south": { "texture": "#shirt", "uv": [ 16.0, 22.0, 20.0, 31.0 ], "windMode": [-1,-1,-1,-1] },
				"west": { "texture": "#shirt", "uv": [ 13.0, 22.0, 16.0, 31.0 ] },
				"up": { "texture": "#shirt", "uv": [ 12.5, 11.5, 16.5, 14.5 ], "windMode": [-1,-1,-1,-1], "windData": [1,1,1,1] }
			}
		},
		{
			"name": "UpperFootRorigin",
			"stepParentName": "UpperFootR",
			"from": [ -0.02, -0.02, -0.02 ],
			"to": [ 4.22, 9.02, 3.22 ],
			"unwrapMode": 1,
			"autoUnwrap": false,
			"uv": [ 1.0, 19.62 ],
			"rotationOrigin": [ 2.0, 9.0, 0.0 ],
			"faces": {
				"north": { "texture": "#shirt", "uv": [ 4.0, 22.0, 8.0, 31.0 ], "windMode": [-1,-1,-1,-1], "windData": [0,1,1,0] },
				"east": { "texture": "#shirt", "uv": [ 1.0, 22.0, 4.0, 31.0 ], "windMode": [-1,-1,-1,-1] },
				"west": { "texture": "#shirt", "uv": [ 8.0, 22.0, 11.0, 31.0 ], "windMode": [-1,-1,-1,-1] },
				"up": { "texture": "#shirt", "uv": [ 1.5, 11.5, 5.5, 14.5 ], "rotation": 180, "windMode": [-1,-1,-1,-1], "windData": [1,1,1,1] }
			}
		},
		{
			"name": "UpperArmROrigin",
			"stepParentName": "UpperArmR",
			"from": [ -0.02, -0.02, -0.02 ],
			"to": [ 3.02, 7.02, 2.02 ],
			"unwrapMode": 1,
			"autoUnwrap": false,
			"uv": [ 8.0, 21.0 ],
			"rotationOrigin": [ 1.5, 7.0, 1.0 ],
			"faces": {
				"north": { "texture": "#shirt", "uv": [ 4.0, 37.0, 7.0, 44.0 ] },
				"east": { "texture": "#shirt", "uv": [ 2.0, 37.0, 4.0, 44.0 ] },
				"south": { "texture": "#shirt", "uv": [ 9.0, 37.0, 12.0, 44.0 ] },
				"west": { "texture": "#shirt", "uv": [ 7.0, 37.0, 9.0, 44.0 ] },
				"up": { "texture": "#shirt", "uv": [ 7.0, 34.0, 9.0, 37.0 ], "rotation": 90, "windMode": [-1,-1,-1,-1] },
				"down": { "texture": "#shirt", "uv": [ 10.0, 33.5, 12.0, 36.5 ], "rotation": 90, "windMode": [-1,-1,-1,-1] }
			},
			"children": [
				{
					"name": "UpperArmLorigin3",
					"from": [ -0.25, 5.0, -0.25 ],
					"to": [ 3.25, 7.5, 2.25 ],
					"unwrapMode": 4,
					"uv": [ 25.5, 28.5 ],
					"rotationOrigin": [ 0.0, 5.0, 0.0 ],
					"faces": {
						"north": { "texture": "#shirt", "uv": [ 25.5, 32.0, 29.0, 34.5 ] },
						"east": { "texture": "#shirt", "uv": [ 35.0, 32.0, 37.5, 34.5 ], "windMode": [-1,-1,-1,-1] },
						"south": { "texture": "#shirt", "uv": [ 31.5, 32.0, 35.0, 34.5 ], "windMode": [-1,-1,-1,-1], "windData": [1,1,1,1] },
						"west": { "texture": "#shirt", "uv": [ 29.0, 32.0, 31.5, 34.5 ] },
						"up": { "texture": "#shirt", "uv": [ 29.0, 28.5, 31.5, 32.0 ], "rotation": 90, "windMode": [-1,-1,-1,-1] }
					}
				}
			]
		},
		{
			"name": "UpperArmLorigin",
			"stepParentName": "UpperArmL",
			"from": [ -0.02, -0.02, -0.02 ],
			"to": [ 3.02, 7.02, 2.02 ],
			"unwrapMode": 3,
			"autoUnwrap": false,
			"uv": [ 0.0, 13.0 ],
			"rotationOrigin": [ 1.5, 6.9, 1.0 ],
			"faces": {
				"north": { "texture": "#shirt", "uv": [ 13.0, 37.0, 16.0, 44.0 ] },
				"east": { "texture": "#shirt", "uv": [ 21.0, 37.0, 23.0, 44.0 ], "windMode": [-1,-1,-1,-1] },
				"south": { "texture": "#shirt", "uv": [ 18.0, 37.0, 21.0, 44.0 ], "windMode": [-1,-1,-1,-1] },
				"west": { "texture": "#shirt", "uv": [ 16.0, 37.0, 18.0, 44.0 ] },
				"up": { "texture": "#shirt", "uv": [ 16.0, 34.0, 18.0, 37.0 ], "rotation": 90, "windMode": [-1,-1,-1,-1] },
				"down": { "texture": "#shirt", "uv": [ 13.0, 33.5, 15.0, 36.5 ], "rotation": 90, "windMode": [-1,-1,-1,-1] }
			},
			"children": [
				{
					"name": "UpperArmLorigin2",
					"from": [ -0.25, 5.0, -0.25 ],
					"to": [ 3.25, 7.5, 2.25 ],
					"unwrapMode": 4,
					"uv": [ 37.5, 28.5 ],
					"rotationOrigin": [ 0.0, 5.0, 0.0 ],
					"faces": {
						"north": { "texture": "#shirt", "uv": [ 37.5, 32.0, 41.0, 34.5 ] },
						"east": { "texture": "#shirt", "uv": [ 47.0, 32.0, 49.5, 34.5 ], "windMode": [-1,-1,-1,-1] },
						"south": { "texture": "#shirt", "uv": [ 43.5, 32.0, 47.0, 34.5 ], "windMode": [-1,-1,-1,-1], "windData": [1,1,1,1] },
						"west": { "texture": "#shirt", "uv": [ 41.0, 32.0, 43.5, 34.5 ] },
						"up": { "texture": "#shirt", "uv": [ 41.0, 28.5, 43.5, 32.0 ], "rotation": 90, "windMode": [-1,-1,-1,-1] }
					}
				}
			]
		},
		{
			"name": "LowerArmROrigin",
			"stepParentName": "LowerArmR",
			"from": [ -0.02, -0.02, -0.02 ],
			"to": [ 2.52, 8.02, 2.02 ],
			"unwrapMode": 1,
			"autoUnwrap": false,
			"uv": [ 0.0, 0.0 ],
			"rotationOrigin": [ 1.3, 7.8, 1.0 ],
			"faces": {
				"north": { "texture": "#shirt", "uv": [ 4.5, 44.0, 7.0, 52.0 ] },
				"east": { "texture": "#shirt", "uv": [ 2.0, 44.0, 4.0, 52.0 ] },
				"south": { "texture": "#shirt", "uv": [ 9.0, 44.0, 11.5, 52.0 ] },
				"west": { "texture": "#shirt", "uv": [ 7.0, 44.0, 9.0, 52.0 ] },
				"up": { "texture": "#shirt", "uv": [ 10.0, 33.5, 12.0, 36.0 ], "rotation": 90, "windMode": [-1,-1,-1,-1] },
				"down": { "texture": "#shirt", "uv": [ 7.0, 52.0, 9.0, 54.5 ], "rotation": 90, "windMode": [-1,-1,-1,-1] }
			}
		},
		{
			"name": "LowerArmLorigin",
			"stepParentName": "LowerArmL",
			"from": [ -0.02, -0.02, -0.02 ],
			"to": [ 2.52, 8.02, 2.02 ],
			"unwrapMode": 3,
			"autoUnwrap": false,
			"uv": [ 0.0, 8.0 ],
			"rotationOrigin": [ 1.3, 7.8, 1.0 ],
			"faces": {
				"north": { "texture": "#shirt", "uv": [ 13.5, 44.0, 16.0, 52.0 ] },
				"east": { "texture": "#shirt", "uv": [ 21.0, 44.0, 23.0, 52.0 ], "windMode": [-1,-1,-1,-1] },
				"south": { "texture": "#shirt", "uv": [ 18.0, 44.0, 20.5, 52.0 ] },
				"west": { "texture": "#shirt", "uv": [ 16.0, 44.0, 18.0, 52.0 ] },
				"up": { "texture": "#shirt", "uv": [ 13.0, 33.5, 15.0, 36.0 ], "rotation": 90, "windMode": [-1,-1,-1,-1] },
				"down": { "texture": "#shirt", "uv": [ 16.0, 52.0, 18.0, 54.5 ], "rotation": 90, "windMode": [-1,-1,-1,-1] }
			}
		},
		{
			"name": "hidecollar",
			"stepParentName": "Neck",
			"from": [ -0.02, 0.5, -0.02 ],
			"to": [ 3.02, 2.5, 3.02 ],
			"unwrapMode": 4,
			"uv": [ 13.0, 2.5 ],
			"rotationOrigin": [ 0.0, 0.5, 0.0 ],
			"faces": {
				"north": { "texture": "#shirt", "uv": [ 13.0, 2.5, 16.0, 4.5 ] },
				"east": { "texture": "#shirt", "uv": [ 22.0, 2.5, 25.0, 4.5 ] },
				"south": { "texture": "#shirt", "uv": [ 19.0, 2.5, 22.0, 4.5 ] },
				"west": { "texture": "#shirt", "uv": [ 16.0, 2.5, 19.0, 4.5 ] }
			}
		}
	]}