{
	"editor": {
		"backDropShape": "seraph-faceless",
		"collapsedPaths": "",
		"allAngles": false,
		"entityTextureMode": true
	},
	"textureWidth": 16,
	"textureHeight": 16,
	"textureSizes": {
	},
	"textures": {
		"maid_bonnet": "E:/VsModelCreator/saves/maid_bonnet"
	},
	"elements": [
		{
			"name": "Cube3",
			"stepParentName": "Head",
			"from": [ 1.0, 4.0, -0.75 ],
			"to": [ 3.0, 6.0, 5.75 ],
			"unwrapMode": 5,
			"unwrapRotation": 1,
			"uv": [ 0.0, 2.0 ],
			"rotationOrigin": [ 3.0, 3.5, 0.0 ],
			"faces": {
				"north": { "texture": "#maid_bonnet", "uv": [ 0.0, 2.0, 2.0, 4.0 ], "rotation": 270 },
				"south": { "texture": "#maid_bonnet", "uv": [ 8.5, 2.0, 10.5, 4.0 ], "rotation": 90 },
				"up": { "texture": "#maid_bonnet", "uv": [ 2.0, 2.0, 8.5, 4.0 ], "rotation": 90 }
			},
			"children": [
				{
					"name": "Cube2",
					"from": [ 0.0, -0.5, -1.0 ],
					"to": [ 0.0, 4.5, 7.0 ],
					"uv": [ 0.0, 6.0 ],
					"rotationOrigin": [ 0.0, 1.5, -0.5 ],
					"faces": {
						"west": { "texture": "#maid_bonnet", "uv": [ 0.0, 6.0, 8.0, 11.0 ], "windMode": [-1,-1,-1,-1] }
					}
				},
				{
					"name": "Cube5",
					"from": [ 0.0, -0.5, -1.0 ],
					"to": [ 0.0, 4.5, 7.0 ],
					"uv": [ 8.0, 6.0 ],
					"rotationOrigin": [ 0.0, 1.5, -0.5 ],
					"rotationZ": 22.5,
					"faces": {
						"west": { "texture": "#maid_bonnet", "uv": [ 8.0, 6.0, 16.0, 11.0 ], "windMode": [-1,-1,-1,-1] }
					}
				},
				{
					"name": "Cube6",
					"from": [ 2.0, -0.5, -1.0 ],
					"to": [ 2.0, 4.5, 7.0 ],
					"uv": [ 0.0, 6.0 ],
					"rotationOrigin": [ 2.0, 1.5, -0.5 ],
					"faces": {
						"west": { "texture": "#maid_bonnet", "uv": [ 0.0, 6.0, 8.0, 11.0 ], "windMode": [-1,-1,-1,-1] }
					}
				},
				{
					"name": "Cube7",
					"from": [ 2.0, -0.5, -1.0 ],
					"to": [ 2.0, 4.5, 7.0 ],
					"uv": [ 8.0, 6.0 ],
					"rotationOrigin": [ 2.0, 1.5, -0.5 ],
					"rotationZ": -22.5,
					"faces": {
						"west": { "texture": "#maid_bonnet", "uv": [ 8.0, 6.0, 16.0, 11.0 ], "windMode": [-1,-1,-1,-1] }
					}
				}
			]
		}
	]}