{
    "code": "rammed",
    "class": "Block",
    "attributes": {
        "handbook": {
            "groupBy": [ "rammed-{soil}-{color}-*" ],
        }
    },
    "variantgroups": [
        { "code": "soil", "states": [ "light" ] },
        { "code": "color", "states": [ "ashen", "brown", "browngolden", "brownlight", "brownweathered", "green", "lime", "orange", "pink", "tan", "yellow", "amber", "azure", "black", "charcoal", "chartreuse", "chestnut", "cinnabar", "cobalt", "coral", "graphite", "magenta", "moss", "oxblood", "pewter", "red", "rouge", "russet", "sage", "salmon", "taupe", "turquoise", "violet", "viridian" ] },
        { "code": "pattern", "states": [ "plain", "thickheavy", "thicklight", "thinheavy", "thinlight" ] }
    ],
    "shape": { "base": "game:block/basic/cube" },
    "drawtype": "Cube",
    "blockmaterial": "Soil",
    "creativeinventory": {
        "general": [ "*" ],
        "construction": [ "*" ]
    },
    "replaceable": 700,
    "resistance": 3,
    "lightAbsorption": 99,
    "texturesByType": {
        "*": {
            "all": { "base": "block/soil/rammed/{soil}/{color}/{pattern}*" }
        }
    },
	"sounds": {
		place: "game:block/dirt",
		break: "game:block/dirt",
		hit: "game:block/dirt",
		walk: "game:walk/stone"
	},
    "heldTpIdleAnimation": "holdbothhandslarge",
    "heldTpUseAnimation": "twohandplaceblock",
    "tpHandTransform": {
        "translation": {
            "x": -1.23,
            "y": -0.91,
            "z": -0.8
        },
        "rotation": {
            "x": -2,
            "y": 25,
            "z": -78
        },
        "scale": 0.4
    }
}