{
	"editor": {
		"collapsedPaths": ",Root/Grip1/Empty1,Root/Grip1/Empty2/Limb7/Limb9/Limb11/Empty",
		"allAngles": false,
		"entityTextureMode": false
	},
	"textureWidth": 32,
	"textureHeight": 32,
	"textureSizes": {
		"forlornweapons": [32,32]
	},
	"textures": {
		"forlornweapons": "forlornweapons"
	},
	"elements": [
		{
			"name": "Grip1",
			"from": [ 7.5, -1.25, 7.5 ],
			"to": [ 8.5, 0.75, 8.5 ],
			"rotationOrigin": [ 8.0, 1.0, 8.0 ],
			"faces": {
				"north": { "texture": "#forlornweapons", "uv": [ 0.5, 28.5, 1.5, 30.5 ] },
				"east": { "texture": "#forlornweapons", "uv": [ 3.0, 28.5, 4.0, 30.5 ] },
				"south": { "texture": "#forlornweapons", "uv": [ 2.0, 28.5, 3.0, 30.5 ] },
				"west": { "texture": "#forlornweapons", "uv": [ 5.0, 28.5, 6.0, 30.5 ] },
				"up": { "texture": "#forlornweapons", "uv": [ 0.5, 20.5, 1.5, 21.5 ] },
				"down": { "texture": "#forlornweapons", "uv": [ 4.5, 29.0, 5.5, 30.0 ] }
			},
			"children": [
				{
					"name": "Empty1",
					"from": [ 0.0, 0.0, 0.0 ],
					"to": [ 0.0, 0.0, 0.0 ],
					"rotationOrigin": [ 0.75, 2.25, 0.5 ],
					"rotationX": 180.0,
					"faces": {
					},
					"children": [
						{
							"name": "Limb1",
							"from": [ 0.05, -5.5, 0.05 ],
							"to": [ 0.95, -1.5, 0.95 ],
							"rotationOrigin": [ 0.95, 0.0, 0.5 ],
							"rotationZ": -11.25,
							"faces": {
								"north": { "texture": "#forlornweapons", "uv": [ 18.5, 24.5, 22.5, 25.5 ], "rotation": 90, "autoUv": false },
								"east": { "texture": "#forlornweapons", "uv": [ 18.5, 27.5, 22.5, 28.5 ], "rotation": 90, "autoUv": false },
								"south": { "texture": "#forlornweapons", "uv": [ 18.5, 26.0, 22.5, 27.0 ], "rotation": 90, "autoUv": false },
								"west": { "texture": "#forlornweapons", "uv": [ 22.5, 27.5, 26.5, 28.5 ], "rotation": 90, "autoUv": false },
								"down": { "texture": "#forlornweapons", "uv": [ 18.5, 27.5, 19.5, 28.5 ], "autoUv": false }
							},
							"children": [
								{
									"name": "Limb2",
									"from": [ 0.0, 4.0, 0.0 ],
									"to": [ 0.9, 5.5, 0.9 ],
									"rotationOrigin": [ 0.0, 4.0, 0.0 ],
									"faces": {
										"north": { "texture": "#forlornweapons", "uv": [ 22.5, 28.5, 23.5, 30.0 ], "rotation": 180, "autoUv": false },
										"east": { "texture": "#forlornweapons", "uv": [ 16.5, 28.5, 17.5, 30.0 ], "rotation": 180, "autoUv": false },
										"south": { "texture": "#forlornweapons", "uv": [ 1.0, 28.5, 2.0, 30.0 ], "rotation": 180, "autoUv": false },
										"west": { "texture": "#forlornweapons", "uv": [ 5.5, 28.5, 6.5, 30.0 ], "rotation": 180, "autoUv": false }
									}
								},
								{
									"name": "Limb3",
									"from": [ 0.05, -4.5, 0.05 ],
									"to": [ 0.85, 0.0, 0.85 ],
									"rotationOrigin": [ 0.85, 0.0, -0.05 ],
									"rotationZ": -11.25,
									"faces": {
										"north": { "texture": "#forlornweapons", "uv": [ 18.5, 24.5, 23.0, 25.5 ], "rotation": 90, "autoUv": false },
										"east": { "texture": "#forlornweapons", "uv": [ 18.5, 27.5, 23.0, 28.5 ], "rotation": 90, "autoUv": false },
										"south": { "texture": "#forlornweapons", "uv": [ 18.5, 26.0, 23.0, 27.0 ], "rotation": 90, "autoUv": false },
										"west": { "texture": "#forlornweapons", "uv": [ 22.5, 27.5, 27.0, 28.5 ], "rotation": 90, "autoUv": false }
									},
									"children": [
										{
											"name": "String1",
											"from": [ -0.1, -1.5, -0.1 ],
											"to": [ 0.9, -1.0, 0.9 ],
											"faces": {
												"north": { "texture": "#forlornweapons", "uv": [ 0.5, 22.5, 1.0, 23.5 ], "rotation": 90 },
												"east": { "texture": "#forlornweapons", "uv": [ 0.5, 24.5, 1.0, 25.5 ], "rotation": 90 },
												"south": { "texture": "#forlornweapons", "uv": [ 0.5, 23.5, 1.0, 24.5 ], "rotation": 90 },
												"west": { "texture": "#forlornweapons", "uv": [ 0.5, 25.5, 1.0, 26.5 ], "rotation": 90 },
												"up": { "texture": "#forlornweapons", "uv": [ 3.5, 22.5, 4.5, 23.5 ] },
												"down": { "texture": "#forlornweapons", "uv": [ 3.0, 22.5, 4.0, 23.5 ] }
											}
										},
										{
											"name": "Limb4",
											"from": [ 0.0, -1.0, 0.0 ],
											"to": [ 0.8, 0.0, 0.8 ],
											"rotationOrigin": [ 0.0, -1.0, 0.0 ],
											"faces": {
												"north": { "texture": "#forlornweapons", "uv": [ 7.0, 28.5, 8.0, 29.5 ], "autoUv": false },
												"east": { "texture": "#forlornweapons", "uv": [ 1.0, 28.5, 2.0, 29.5 ], "autoUv": false },
												"south": { "texture": "#forlornweapons", "uv": [ 2.5, 28.5, 3.5, 29.5 ], "autoUv": false },
												"west": { "texture": "#forlornweapons", "uv": [ 3.0, 28.5, 4.0, 29.5 ], "autoUv": false }
											}
										},
										{
											"name": "Limb5",
											"from": [ 0.0, -3.0, 0.15 ],
											"to": [ 0.5, -1.5, 0.65 ],
											"rotationOrigin": [ 0.0, -1.5, 0.0 ],
											"rotationZ": 22.5,
											"faces": {
												"north": { "texture": "#forlornweapons", "uv": [ 0.5, 28.5, 1.0, 30.0 ], "rotation": 180 },
												"east": { "texture": "#forlornweapons", "uv": [ 1.5, 28.5, 2.0, 30.0 ], "rotation": 180 },
												"south": { "texture": "#forlornweapons", "uv": [ 1.0, 28.5, 1.5, 30.0 ], "rotation": 180 },
												"west": { "texture": "#forlornweapons", "uv": [ 2.5, 28.5, 3.0, 30.0 ], "rotation": 180 },
												"down": { "texture": "#forlornweapons", "uv": [ 1.5, 28.5, 2.0, 29.0 ] }
											}
										},
										{
											"name": "Limb6",
											"from": [ 0.25, -2.0, 0.2 ],
											"to": [ 0.75, -1.0, 0.6 ],
											"rotationOrigin": [ 0.25, -1.0, 0.0 ],
											"faces": {
												"north": { "texture": "#forlornweapons", "uv": [ 0.5, 29.0, 1.0, 30.0 ] },
												"east": { "texture": "#forlornweapons", "uv": [ 2.0, 28.5, 2.5, 29.5 ] },
												"south": { "texture": "#forlornweapons", "uv": [ 0.5, 28.5, 1.0, 29.5 ] }
											}
										}
									]
								}
							]
						}
					]
				},
				{
					"name": "Grip2",
					"from": [ 0.125, 2.0, 0.125 ],
					"to": [ 0.875, 2.5, 0.875 ],
					"rotationOrigin": [ 0.75, 2.25, 0.75 ],
					"faces": {
						"north": { "texture": "#forlornweapons", "uv": [ 18.5, 25.0, 19.0, 25.5 ] },
						"east": { "texture": "#forlornweapons", "uv": [ 20.5, 25.0, 21.0, 25.5 ] },
						"south": { "texture": "#forlornweapons", "uv": [ 19.5, 25.0, 20.0, 25.5 ] },
						"west": { "texture": "#forlornweapons", "uv": [ 21.5, 25.0, 22.0, 25.5 ] }
					}
				},
				{
					"name": "Grip3",
					"from": [ 0.0, 2.5, 0.0 ],
					"to": [ 1.0, 4.5, 1.0 ],
					"rotationOrigin": [ 0.75, 2.25, 0.75 ],
					"faces": {
						"north": { "texture": "#forlornweapons", "uv": [ 20.0, 28.5, 21.0, 30.5 ], "rotation": 180 },
						"east": { "texture": "#forlornweapons", "uv": [ 23.0, 28.5, 24.0, 30.5 ], "rotation": 180 },
						"south": { "texture": "#forlornweapons", "uv": [ 16.5, 28.5, 17.5, 30.5 ], "rotation": 180 },
						"west": { "texture": "#forlornweapons", "uv": [ 7.5, 28.5, 8.5, 30.5 ], "rotation": 180 },
						"up": { "texture": "#forlornweapons", "uv": [ 16.5, 29.0, 17.5, 30.0 ] },
						"down": { "texture": "#forlornweapons", "uv": [ 0.5, 20.5, 1.5, 21.5 ] }
					}
				},
				{
					"name": "Bolt1",
					"from": [ 0.25, 0.75, -0.1 ],
					"to": [ 0.75, 1.25, 1.1 ],
					"rotationOrigin": [ 0.5, 1.0, 0.0 ],
					"rotationZ": 45.0,
					"faces": {
						"north": { "texture": "#forlornweapons", "uv": [ 29.5, 27.5, 30.0, 28.0 ], "rotation": 90 },
						"east": { "texture": "#forlornweapons", "uv": [ 30.0, 27.0, 30.5, 28.0 ], "rotation": 90 },
						"south": { "texture": "#forlornweapons", "uv": [ 29.5, 27.5, 30.0, 28.0 ] },
						"west": { "texture": "#forlornweapons", "uv": [ 29.0, 27.0, 29.5, 28.0 ], "rotation": 90 },
						"up": { "texture": "#forlornweapons", "uv": [ 29.5, 27.0, 30.0, 28.0 ] },
						"down": { "texture": "#forlornweapons", "uv": [ 30.5, 27.0, 31.0, 28.0 ] }
					}
				},
				{
					"name": "Bolt2",
					"from": [ 0.25, 3.25, -0.1 ],
					"to": [ 0.75, 3.75, 1.1 ],
					"rotationOrigin": [ 0.5, 3.5, 0.0 ],
					"rotationZ": -45.0,
					"faces": {
						"north": { "texture": "#forlornweapons", "uv": [ 29.5, 27.5, 30.0, 28.0 ], "rotation": 90 },
						"east": { "texture": "#forlornweapons", "uv": [ 30.0, 27.0, 30.5, 28.0 ], "rotation": 90 },
						"south": { "texture": "#forlornweapons", "uv": [ 29.5, 27.5, 30.0, 28.0 ] },
						"west": { "texture": "#forlornweapons", "uv": [ 29.0, 27.0, 29.5, 28.0 ], "rotation": 90 },
						"up": { "texture": "#forlornweapons", "uv": [ 29.5, 27.0, 30.0, 28.0 ] },
						"down": { "texture": "#forlornweapons", "uv": [ 30.5, 27.0, 31.0, 28.0 ] }
					}
				},
				{
					"name": "Empty2",
					"from": [ 0.0, 0.0, 0.0 ],
					"to": [ 0.0, 0.0, 0.0 ],
					"rotationOrigin": [ 0.75, 2.25, 0.5 ],
					"faces": {
					},
					"children": [
						{
							"name": "Limb7",
							"from": [ 0.05, -5.5, 0.05 ],
							"to": [ 0.95, -1.5, 0.95 ],
							"rotationOrigin": [ 0.95, 0.0, 0.5 ],
							"rotationZ": -11.25,
							"faces": {
								"north": { "texture": "#forlornweapons", "uv": [ 18.5, 24.5, 22.5, 25.5 ], "rotation": 90, "autoUv": false },
								"east": { "texture": "#forlornweapons", "uv": [ 18.5, 27.5, 22.5, 28.5 ], "rotation": 90, "autoUv": false },
								"south": { "texture": "#forlornweapons", "uv": [ 18.5, 26.0, 22.5, 27.0 ], "rotation": 90, "autoUv": false },
								"west": { "texture": "#forlornweapons", "uv": [ 22.5, 27.5, 26.5, 28.5 ], "rotation": 90, "autoUv": false },
								"down": { "texture": "#forlornweapons", "uv": [ 18.5, 27.5, 19.5, 28.5 ], "autoUv": false }
							},
							"children": [
								{
									"name": "Limb8",
									"from": [ 0.0, 4.0, 0.0 ],
									"to": [ 0.9, 5.5, 0.9 ],
									"rotationOrigin": [ 0.0, 4.0, 0.0 ],
									"faces": {
										"north": { "texture": "#forlornweapons", "uv": [ 22.5, 28.5, 23.5, 30.0 ], "rotation": 180, "autoUv": false },
										"east": { "texture": "#forlornweapons", "uv": [ 16.5, 28.5, 17.5, 30.0 ], "rotation": 180, "autoUv": false },
										"south": { "texture": "#forlornweapons", "uv": [ 1.0, 28.5, 2.0, 30.0 ], "rotation": 180, "autoUv": false },
										"west": { "texture": "#forlornweapons", "uv": [ 5.5, 28.5, 6.5, 30.0 ], "rotation": 180, "autoUv": false }
									}
								},
								{
									"name": "Limb9",
									"from": [ 0.05, -4.5, 0.05 ],
									"to": [ 0.85, 0.0, 0.85 ],
									"rotationOrigin": [ 0.85, 0.0, -0.05 ],
									"rotationZ": -11.25,
									"faces": {
										"north": { "texture": "#forlornweapons", "uv": [ 18.5, 24.5, 23.0, 25.5 ], "rotation": 90, "autoUv": false },
										"east": { "texture": "#forlornweapons", "uv": [ 18.5, 27.5, 23.0, 28.5 ], "rotation": 90, "autoUv": false },
										"south": { "texture": "#forlornweapons", "uv": [ 18.5, 26.0, 23.0, 27.0 ], "rotation": 90, "autoUv": false },
										"west": { "texture": "#forlornweapons", "uv": [ 22.5, 27.5, 27.0, 28.5 ], "rotation": 90, "autoUv": false }
									},
									"children": [
										{
											"name": "String2",
											"from": [ -0.1, -1.5, -0.1 ],
											"to": [ 0.9, -1.0, 0.9 ],
											"faces": {
												"north": { "texture": "#forlornweapons", "uv": [ 0.5, 22.5, 1.0, 23.5 ], "rotation": 90 },
												"east": { "texture": "#forlornweapons", "uv": [ 0.5, 24.5, 1.0, 25.5 ], "rotation": 90 },
												"south": { "texture": "#forlornweapons", "uv": [ 0.5, 23.5, 1.0, 24.5 ], "rotation": 90 },
												"west": { "texture": "#forlornweapons", "uv": [ 0.5, 25.5, 1.0, 26.5 ], "rotation": 90 },
												"up": { "texture": "#forlornweapons", "uv": [ 3.5, 22.5, 4.5, 23.5 ] },
												"down": { "texture": "#forlornweapons", "uv": [ 3.0, 22.5, 4.0, 23.5 ] }
											}
										},
										{
											"name": "Limb10",
											"from": [ 0.0, -1.0, 0.0 ],
											"to": [ 0.8, 0.0, 0.8 ],
											"rotationOrigin": [ 0.0, -1.0, 0.0 ],
											"faces": {
												"north": { "texture": "#forlornweapons", "uv": [ 7.0, 28.5, 8.0, 29.5 ], "autoUv": false },
												"east": { "texture": "#forlornweapons", "uv": [ 1.0, 28.5, 2.0, 29.5 ], "autoUv": false },
												"south": { "texture": "#forlornweapons", "uv": [ 2.5, 28.5, 3.5, 29.5 ], "autoUv": false },
												"west": { "texture": "#forlornweapons", "uv": [ 3.0, 28.5, 4.0, 29.5 ], "autoUv": false }
											}
										},
										{
											"name": "Limb11",
											"from": [ 0.0, -3.0, 0.15 ],
											"to": [ 0.5, -1.5, 0.65 ],
											"rotationOrigin": [ 0.0, -1.5, 0.0 ],
											"rotationZ": 22.5,
											"faces": {
												"north": { "texture": "#forlornweapons", "uv": [ 0.5, 28.5, 1.0, 30.0 ], "rotation": 180 },
												"east": { "texture": "#forlornweapons", "uv": [ 1.5, 28.5, 2.0, 30.0 ], "rotation": 180 },
												"south": { "texture": "#forlornweapons", "uv": [ 1.0, 28.5, 1.5, 30.0 ], "rotation": 180 },
												"west": { "texture": "#forlornweapons", "uv": [ 2.5, 28.5, 3.0, 30.0 ], "rotation": 180 },
												"down": { "texture": "#forlornweapons", "uv": [ 1.5, 28.5, 2.0, 29.0 ] }
											}
										},
										{
											"name": "Limb12",
											"from": [ 0.25, -2.0, 0.2 ],
											"to": [ 0.75, -1.0, 0.6 ],
											"rotationOrigin": [ 0.25, -1.0, 0.0 ],
											"faces": {
												"north": { "texture": "#forlornweapons", "uv": [ 0.5, 29.0, 1.0, 30.0 ] },
												"east": { "texture": "#forlornweapons", "uv": [ 2.0, 28.5, 2.5, 29.5 ] },
												"south": { "texture": "#forlornweapons", "uv": [ 0.5, 28.5, 1.0, 29.5 ] }
											}
										}
									]
								},
								{
									"name": "Grip7",
									"from": [ -0.05, 0.5, -0.05 ],
									"to": [ 1.05, 5.0, 0.95 ],
									"rotationOrigin": [ 0.0, 1.0, 0.0 ],
									"faces": {
										"north": { "texture": "#forlornweapons", "uv": [ 0.0, 23.0, 4.5, 24.0 ], "rotation": 90 },
										"east": { "texture": "#forlornweapons", "uv": [ 0.0, 24.5, 4.5, 25.5 ], "rotation": 90 },
										"south": { "texture": "#forlornweapons", "uv": [ 0.0, 24.0, 4.5, 25.0 ], "rotation": 90 },
										"west": { "texture": "#forlornweapons", "uv": [ 0.0, 25.5, 4.5, 26.5 ], "rotation": 90 },
										"up": { "texture": "#forlornweapons", "uv": [ 4.5, 22.5, 5.5, 23.5 ] },
										"down": { "texture": "#forlornweapons", "uv": [ 3.5, 22.5, 4.5, 23.5 ] }
									}
								}
							]
						}
					]
				}
			]
		},
		{
			"name": "StringMain",
			"from": [ 4.25, 0.0, 7.85 ],
			"to": [ 4.6, 2.0, 8.2 ],
			"rotationOrigin": [ 4.25, 1.0, 8.0 ],
			"faces": {
				"north": { "texture": "#forlornweapons", "uv": [ 6.5, 22.5, 7.0, 24.5 ] },
				"east": { "texture": "#forlornweapons", "uv": [ 7.0, 22.5, 7.5, 24.5 ] },
				"south": { "texture": "#forlornweapons", "uv": [ 6.5, 22.5, 7.0, 24.5 ] },
				"west": { "texture": "#forlornweapons", "uv": [ 7.0, 22.5, 7.5, 24.5 ] },
				"up": { "texture": "#forlornweapons", "uv": [ 7.0, 23.0, 7.5, 23.5 ] },
				"down": { "texture": "#forlornweapons", "uv": [ 7.0, 24.0, 7.5, 24.5 ] }
			},
			"children": [
				{
					"name": "String3",
					"from": [ 0.05, 2.0, 0.05 ],
					"to": [ 0.3, 13.5, 0.3 ],
					"rotationOrigin": [ 0.05, 2.0, 0.0 ],
					"faces": {
						"north": { "texture": "#forlornweapons", "uv": [ 0.0, 2.5, 0.5, 14.0 ] },
						"east": { "texture": "#forlornweapons", "uv": [ 0.5, 2.5, 1.0, 14.0 ] },
						"south": { "texture": "#forlornweapons", "uv": [ 1.0, 2.5, 1.5, 14.0 ] },
						"west": { "texture": "#forlornweapons", "uv": [ 1.5, 2.5, 2.0, 14.0 ] }
					}
				},
				{
					"name": "String4",
					"from": [ 0.05, 0.0, -0.3 ],
					"to": [ 0.3, 11.5, -0.05 ],
					"rotationOrigin": [ 0.05, 0.0, 0.0 ],
					"rotationX": 180.0,
					"faces": {
						"north": { "texture": "#forlornweapons", "uv": [ 0.0, 2.5, 0.5, 14.0 ] },
						"east": { "texture": "#forlornweapons", "uv": [ 0.5, 2.5, 1.0, 14.0 ] },
						"south": { "texture": "#forlornweapons", "uv": [ 1.0, 2.5, 1.5, 14.0 ] },
						"west": { "texture": "#forlornweapons", "uv": [ 1.5, 2.5, 2.0, 14.0 ] }
					}
				}
			]
		}
	]}
