{
	"editor": {
		"collapsedPaths": "",
		"allAngles": false,
		"entityTextureMode": false
	},
	"textureWidth": 16,
	"textureHeight": 16,
	"textureSizes": {
		"aged": [16,16],
		"iron": [16,16],
		"copper": [16,16]
	},
	"textures": {
		"copper": "/Users/koeni/Desktop/tex/copper",
		"iron": "/Users/koeni/Desktop/tex/iron"
	},
	"elements": [
		{
			"name": "Cube9",
			"from": [ 12.0, 6.0, 6.0 ],
			"to": [ 13.0, 7.0, 12.0 ],
			"rotationOrigin": [ 12.0, 6.0, 12.0 ],
			"faces": {
				"north": { "texture": "#iron", "uv": [ 0.0, 0.0, 1.0, 1.0 ] },
				"east": { "texture": "#iron", "uv": [ 0.0, 0.0, 6.0, 1.0 ] },
				"south": { "texture": "#iron", "uv": [ 0.0, 0.0, 1.0, 1.0 ] },
				"west": { "texture": "#iron", "uv": [ 0.0, 0.0, 6.0, 1.0 ] },
				"up": { "texture": "#iron", "uv": [ 0.0, 0.0, 1.0, 6.0 ] },
				"down": { "texture": "#iron", "uv": [ 0.0, 0.0, 1.0, 6.0 ] }
			},
			"children": [
				{
					"name": "Cube10",
					"from": [ 0.0, -1.0, 1.0 ],
					"to": [ 1.0, 0.0, 3.0 ],
					"rotationOrigin": [ 0.0, -1.0, 1.0 ],
					"faces": {
						"north": { "texture": "#copper", "uv": [ 0.0, 0.0, 1.0, 1.0 ] },
						"east": { "texture": "#copper", "uv": [ 0.0, 0.0, 2.0, 1.0 ] },
						"south": { "texture": "#copper", "uv": [ 0.0, 0.0, 1.0, 1.0 ] },
						"west": { "texture": "#copper", "uv": [ 0.0, 0.0, 2.0, 1.0 ] },
						"up": { "texture": "#copper", "uv": [ 0.0, 0.0, 1.0, 2.0 ] },
						"down": { "texture": "#copper", "uv": [ 0.0, 0.0, 1.0, 2.0 ] }
					},
					"children": [
						{
							"name": "Cube11",
							"from": [ 0.0, -1.0, 0.0 ],
							"to": [ 1.0, 0.0, 1.0 ],
							"rotationOrigin": [ 0.0, -1.0, 0.0 ],
							"faces": {
								"north": { "texture": "#copper", "uv": [ 0.0, 0.0, 1.0, 1.0 ] },
								"east": { "texture": "#copper", "uv": [ 0.0, 0.0, 1.0, 1.0 ] },
								"south": { "texture": "#copper", "uv": [ 0.0, 0.0, 1.0, 1.0 ] },
								"west": { "texture": "#copper", "uv": [ 0.0, 0.0, 1.0, 1.0 ] },
								"up": { "texture": "#copper", "uv": [ 0.0, 0.0, 1.0, 1.0 ] },
								"down": { "texture": "#copper", "uv": [ 0.0, 0.0, 1.0, 1.0 ] }
							}
						}
					]
				}
			]
		}
	]}