{
	"editor": {
		"allAngles": false,
		"entityTextureMode": false
	},
	"textureWidth": 16,
	"textureHeight": 16,
	"textureSizes": {
		"aged": [16,16],
		"iron": [16,16],
		"copper": [16,16]
	},
	"textures": {
	},
	"elements": [
		{
			"name": "Cube2",
			"from": [ 5.0, 0.0, 3.0 ],
			"to": [ 11.0, 1.0, 13.0 ],
			"rotationOrigin": [ 5.0, 0.0, 3.0 ],
			"faces": {
				"north": { "texture": "#aged", "uv": [ 0.0, 0.0, 6.0, 1.0 ] },
				"east": { "texture": "#aged", "uv": [ 0.0, 0.0, 10.0, 1.0 ] },
				"south": { "texture": "#aged", "uv": [ 0.0, 0.0, 6.0, 1.0 ] },
				"west": { "texture": "#aged", "uv": [ 0.0, 0.0, 10.0, 1.0 ] },
				"up": { "texture": "#aged", "uv": [ 0.0, 0.0, 6.0, 10.0 ] },
				"down": { "texture": "#aged", "uv": [ 0.0, 0.0, 6.0, 10.0 ] }
			},
			"children": [
				{
					"name": "Cube3",
					"from": [ -1.0, 1.0, 0.0 ],
					"to": [ 0.0, 8.0, 10.0 ],
					"rotationOrigin": [ -1.0, 1.0, 0.0 ],
					"faces": {
						"north": { "texture": "#aged", "uv": [ 0.0, 0.0, 1.0, 7.0 ] },
						"east": { "texture": "#aged", "uv": [ 0.0, 0.0, 10.0, 7.0 ] },
						"south": { "texture": "#aged", "uv": [ 0.0, 0.0, 1.0, 7.0 ] },
						"west": { "texture": "#aged", "uv": [ 0.0, 0.0, 10.0, 7.0 ] },
						"up": { "texture": "#aged", "uv": [ 0.0, 0.0, 1.0, 10.0 ] },
						"down": { "texture": "#aged", "uv": [ 0.0, 0.0, 1.0, 10.0 ] }
					},
					"children": [
						{
							"name": "Cube4",
							"from": [ 7.0, 0.0, 0.0 ],
							"to": [ 8.0, 7.0, 10.0 ],
							"rotationOrigin": [ 7.0, 0.0, 0.0 ],
							"faces": {
								"north": { "texture": "#aged", "uv": [ 0.0, 0.0, 1.0, 7.0 ] },
								"east": { "texture": "#aged", "uv": [ 0.0, 0.0, 10.0, 7.0 ] },
								"south": { "texture": "#aged", "uv": [ 0.0, 0.0, 1.0, 7.0 ] },
								"west": { "texture": "#aged", "uv": [ 0.0, 0.0, 10.0, 7.0 ] },
								"up": { "texture": "#aged", "uv": [ 0.0, 0.0, 1.0, 10.0 ] },
								"down": { "texture": "#aged", "uv": [ 0.0, 0.0, 1.0, 10.0 ] }
							}
						},
						{
							"name": "Cube7",
							"from": [ 1.0, 0.0, 10.0 ],
							"to": [ 7.0, 7.0, 11.0 ],
							"rotationOrigin": [ 4.0, 0.0, 10.0 ],
							"faces": {
								"north": { "texture": "#aged", "uv": [ 0.0, 0.0, 6.0, 7.0 ] },
								"east": { "texture": "#aged", "uv": [ 0.0, 0.0, 1.0, 7.0 ] },
								"south": { "texture": "#aged", "uv": [ 0.0, 0.0, 6.0, 7.0 ] },
								"west": { "texture": "#aged", "uv": [ 0.0, 0.0, 1.0, 7.0 ] },
								"up": { "texture": "#aged", "uv": [ 0.0, 0.0, 6.0, 1.0 ] },
								"down": { "texture": "#aged", "uv": [ 0.0, 0.0, 6.0, 1.0 ] }
							},
							"children": [
								{
									"name": "Cube8",
									"from": [ 1.0, 5.0, 1.0 ],
									"to": [ 5.0, 6.0, 2.0 ],
									"rotationOrigin": [ 1.0, 5.0, 1.0 ],
									"faces": {
										"north": { "texture": "#iron", "uv": [ 0.0, 0.0, 4.0, 1.0 ] },
										"east": { "texture": "#iron", "uv": [ 0.0, 0.0, 1.0, 1.0 ] },
										"south": { "texture": "#iron", "uv": [ 0.0, 0.0, 4.0, 1.0 ] },
										"west": { "texture": "#iron", "uv": [ 0.0, 0.0, 1.0, 1.0 ] },
										"up": { "texture": "#iron", "uv": [ 0.0, 0.0, 4.0, 1.0 ] },
										"down": { "texture": "#iron", "uv": [ 0.0, 0.0, 4.0, 1.0 ] }
									}
								}
							]
						},
						{
							"name": "Cube13",
							"from": [ 1.0, 0.0, 0.0 ],
							"to": [ 7.0, 7.0, 1.0 ],
							"rotationOrigin": [ 4.0, 0.0, 0.0 ],
							"faces": {
								"north": { "texture": "#aged", "uv": [ 0.0, 0.0, 6.0, 7.0 ] },
								"east": { "texture": "#aged", "uv": [ 0.0, 0.0, 1.0, 7.0 ] },
								"south": { "texture": "#aged", "uv": [ 0.0, 0.0, 6.0, 7.0 ] },
								"west": { "texture": "#aged", "uv": [ 0.0, 0.0, 1.0, 7.0 ] },
								"up": { "texture": "#aged", "uv": [ 0.0, 0.0, 6.0, 1.0 ] },
								"down": { "texture": "#aged", "uv": [ 0.0, 0.0, 6.0, 1.0 ] }
							}
						}
					]
				},
				{
					"name": "Cube5",
					"from": [ 0.0, 0.0, 10.0 ],
					"to": [ 1.0, 1.0, 11.0 ],
					"rotationOrigin": [ 0.0, 0.0, 10.0 ],
					"faces": {
						"north": { "texture": "#iron", "uv": [ 0.0, 0.0, 1.0, 1.0 ] },
						"east": { "texture": "#iron", "uv": [ 0.0, 0.0, 1.0, 1.0 ] },
						"south": { "texture": "#iron", "uv": [ 0.0, 0.0, 1.0, 1.0 ] },
						"west": { "texture": "#iron", "uv": [ 0.0, 0.0, 1.0, 1.0 ] },
						"up": { "texture": "#iron", "uv": [ 0.0, 0.0, 1.0, 1.0 ] },
						"down": { "texture": "#iron", "uv": [ 0.0, 0.0, 1.0, 1.0 ] }
					},
					"children": [
						{
							"name": "Cube6",
							"from": [ 5.0, 0.0, 0.0 ],
							"to": [ 6.0, 1.0, 1.0 ],
							"rotationOrigin": [ 5.0, 0.0, 0.0 ],
							"faces": {
								"north": { "texture": "#iron", "uv": [ 0.0, 0.0, 1.0, 1.0 ] },
								"east": { "texture": "#iron", "uv": [ 0.0, 0.0, 1.0, 1.0 ] },
								"south": { "texture": "#iron", "uv": [ 0.0, 0.0, 1.0, 1.0 ] },
								"west": { "texture": "#iron", "uv": [ 0.0, 0.0, 1.0, 1.0 ] },
								"up": { "texture": "#iron", "uv": [ 0.0, 0.0, 1.0, 1.0 ] },
								"down": { "texture": "#iron", "uv": [ 0.0, 0.0, 1.0, 1.0 ] }
							}
						}
					]
				}
			]
		},
		{
			"name": "Cube12",
			"from": [ 5.0, 8.0, 3.0 ],
			"to": [ 11.0, 9.0, 13.0 ],
			"rotationOrigin": [ 5.0, 8.0, 3.0 ],
			"faces": {
				"north": { "texture": "#aged", "uv": [ 0.0, 0.0, 6.0, 1.0 ] },
				"east": { "texture": "#aged", "uv": [ 0.0, 0.0, 10.0, 1.0 ] },
				"south": { "texture": "#aged", "uv": [ 0.0, 0.0, 6.0, 1.0 ] },
				"west": { "texture": "#aged", "uv": [ 0.0, 0.0, 10.0, 1.0 ] },
				"up": { "texture": "#aged", "uv": [ 0.0, 0.0, 6.0, 10.0 ] },
				"down": { "texture": "#aged", "uv": [ 0.0, 0.0, 6.0, 10.0 ] }
			}
		},
		{
			"name": "Cube9",
			"from": [ 12.0, 6.0, 6.0 ],
			"to": [ 13.0, 7.0, 12.0 ],
			"rotationOrigin": [ 12.0, 6.0, 12.0 ],
			"faces": {
				"north": { "texture": "#iron", "uv": [ 0.0, 0.0, 1.0, 1.0 ] },
				"east": { "texture": "#iron", "uv": [ 0.0, 0.0, 6.0, 1.0 ] },
				"south": { "texture": "#iron", "uv": [ 0.0, 0.0, 1.0, 1.0 ] },
				"west": { "texture": "#iron", "uv": [ 0.0, 0.0, 6.0, 1.0 ] },
				"up": { "texture": "#iron", "uv": [ 0.0, 0.0, 1.0, 6.0 ] },
				"down": { "texture": "#iron", "uv": [ 0.0, 0.0, 1.0, 6.0 ] }
			},
			"children": [
				{
					"name": "Cube10",
					"from": [ 0.0, -1.0, 1.0 ],
					"to": [ 1.0, 0.0, 3.0 ],
					"rotationOrigin": [ 0.0, -1.0, 1.0 ],
					"faces": {
						"north": { "texture": "#copper", "uv": [ 0.0, 0.0, 1.0, 1.0 ] },
						"east": { "texture": "#copper", "uv": [ 0.0, 0.0, 2.0, 1.0 ] },
						"south": { "texture": "#copper", "uv": [ 0.0, 0.0, 1.0, 1.0 ] },
						"west": { "texture": "#copper", "uv": [ 0.0, 0.0, 2.0, 1.0 ] },
						"up": { "texture": "#copper", "uv": [ 0.0, 0.0, 1.0, 2.0 ] },
						"down": { "texture": "#copper", "uv": [ 0.0, 0.0, 1.0, 2.0 ] }
					},
					"children": [
						{
							"name": "Cube11",
							"from": [ 0.0, -1.0, 0.0 ],
							"to": [ 1.0, 0.0, 1.0 ],
							"rotationOrigin": [ 0.0, -1.0, 0.0 ],
							"faces": {
								"north": { "texture": "#copper", "uv": [ 0.0, 0.0, 1.0, 1.0 ] },
								"east": { "texture": "#copper", "uv": [ 0.0, 0.0, 1.0, 1.0 ] },
								"south": { "texture": "#copper", "uv": [ 0.0, 0.0, 1.0, 1.0 ] },
								"west": { "texture": "#copper", "uv": [ 0.0, 0.0, 1.0, 1.0 ] },
								"up": { "texture": "#copper", "uv": [ 0.0, 0.0, 1.0, 1.0 ] },
								"down": { "texture": "#copper", "uv": [ 0.0, 0.0, 1.0, 1.0 ] }
							}
						}
					]
				}
			]
		}
	],
	"animations": [
		{
			"name": "Animation 1",
			"code": "lidopen",
			"quantityframes": 30,
			"onActivityStopped": "Rewind",
			"onAnimationEnd": "Hold",
			"keyframes": [
				{
					"frame": 0,
					"elements": {
						"Cube7": { "rotationX": 0.0, "rotationY": 0.0, "rotationZ": 0.0 }
					}
				},
				{
					"frame": 29,
					"elements": {
						"Cube7": { "rotationX": 45.0, "rotationY": 0.0, "rotationZ": 0.0 }
					}
				}
			]
		},

		{
			"name": "Animation 2",
			"code": "flagup",
			"quantityframes": 30,
			"onActivityStopped": "Rewind",
			"onAnimationEnd": "Hold",
			"keyframes": [
				{
					"frame": 0,
					"elements": {
						"Cube9": { "rotationX": 0.0, "rotationY": 0.0, "rotationZ": 0.0 }
					}
				},
				{
					"frame": 29,
					"elements": {
						"Cube9": { "rotationX": 90.0, "rotationY": 0.0, "rotationZ": 0.0 }
					}
				}
			]
		}
	]
}