[
    {
        "enabled": true,
        "mods": [
            "game"
        ],
        "chance": 0.5,
        "child": "game:parsnip",
        "parent1": "game:turnip",
        "parent2": "game:carrot",
        "conditions": []
    },
    {
        "enabled": true,
        "mods": [
            "game"
        ],
        "chance": 0.75,
        "child": "game:parsnip",
        "parent1": "game:parsnip",
        "parent2": "game:parsnip",
        "conditions": []
    }
]
