[
    {
        "enabled": true,
        "mods": [
            "game"
        ],
        "chance": 0.5,
        "child": "game:sunflower",
        "parent1": "game:rice",
        "parent2": "game:flax",
        "conditions": []
    },
    {
        "enabled": true,
        "mods": [
            "game"
        ],
        "chance": 0.75,
        "child": "game:sunflower",
        "parent1": "game:sunflower",
        "parent2": "game:sunflower",
        "conditions": []
    }
]
