[
  {
    "code": "bismuthinite",
    "triesPerChunk": 0.01,
    "withOreMap": false,
    "handbookPageCode": "item-nugget-bismuthinite",
    "generator": "iog-gen",
    "attributes": {
      "inblock": {
        "veintype": "chimney",
        "code": "rock-*",
        "name": "rock",
        "allowedVariants": [ "andesite", "granite", "basalt", "peridotite", "phyllite", "slate" ]
      },
      "tracerblock": { "code": "ore-quartz-{rock}" },
      "placeblock": {
        "code": "ore-*-bismuthinite-{rock}",
        "name": "grade",
        "allowedVariantsByInBlock": {
          "rock-andesite": [ "poor", "medium", "rich" ],
          "rock-granite": [ "poor", "medium", "rich" ],
          "rock-basalt": [ "poor", "medium", "rich", "bountiful" ],
          "rock-peridotite": [ "poor", "medium", "rich" ],
          "rock-phyllite": [ "poor", "medium" ],
          "rock-slate": [ "poor", "medium" ]
        }
      },
      "radius": {
        "dist": "uniform",
        "avg": 5,
        "var": 1
      },
      "yPosRel": {
        "dist": "uniform",
        "avg": 0.2,
        "var": 0.2
      },
      "thickness": {
        "dist": "uniform",
        "avg": 0,
        "var": 0
      },
      "branchCount": {
        "dist": "uniform",
        "avg": 4,
        "var": 2
      },
      "branchLength": {
        "dist": "uniform",
        "avg": 64,
        "var": 32
      },
      "OreSpongePercent": 0.3
    }
  },
  {
    "code": "bismuthinite",
    "triesPerChunk": 0.01,
    "withOreMap": false,
    "handbookPageCode": "item-nugget-bismuthinite",
    "generator": "iog-gen",
    "attributes": {
      "inblock": {
        "veintype": "fault",
        "code": "rock-*",
        "name": "rock",
        "allowedVariants": [ "andesite", "granite", "basalt", "peridotite", "phyllite", "slate" ]
      },
      "placeblock": {
        "code": "ore-*-bismuthinite-{rock}",
        "name": "grade",
        "allowedVariantsByInBlock": {
          "rock-andesite": [ "poor", "medium", "rich" ],
          "rock-granite": [ "poor", "medium", "rich" ],
          "rock-basalt": [ "poor", "medium", "rich", "bountiful" ],
          "rock-peridotite": [ "poor", "medium", "rich" ],
          "rock-phyllite": [ "poor", "medium" ],
          "rock-slate": [ "poor", "medium" ]
        }
      },
      "subdeposit": {
        "code": "ore-*-quartz_nativegold-{rock}",
        "name": "grade",
        "allowedVariantsByInBlock": {
          "rock-andesite": [ "poor", "medium" ],
          "rock-granite": [ "poor", "medium" ],
          "rock-basalt": [ "poor", "medium" ],
          "rock-peridotite": [ "poor", "medium" ],
          "rock-phyllite": [ "poor", "medium" ],
          "rock-slate": [ "poor", "medium" ]
        }
      },
      "radius": {
        "dist": "uniform",
        "avg": 80,
        "var": 48
      },
      "yPosRel": {
        "dist": "uniform",
        "avg": 0.5,
        "var": 0.4
      },
      "thickness": {
        "dist": "uniform",
        "avg": 1.5,
        "var": 0.5
      },
      "branchCount": {
        "dist": "uniform",
        "avg": 20,
        "var": 12
      },
      "branchLength": {
        "dist": "uniform",
        "avg": 2,
        "var": 1
      },
      "OreSpongePercent": 0.3
    }
  }
]