[
  {
    "code": "galena",
    "triesPerChunk": 0.001,
    "withOreMap": true,
    "handbookPageCode": "item-nugget-galena",
    "generator": "iog-gen",
    "attributes": {
      "inblock": {
        "veintype": "hydrotubewithdepo",
        "code": "rock-*",
        "name": "rock",
        "allowedVariants": [ "claystone", "sandstone", "shale", "chalk", "limestone", "chert", "conglomerate" ]
      },
      "placeblock": {
        "code": "ore-*-galena-{rock}",
        "name": "grade",
        "allowedVariantsByInBlock": {
          "rock-claystone": [ "poor", "medium", "rich" ],
          "rock-sandstone": [ "poor", "medium", "rich" ],
          "rock-shale": [ "poor", "medium", "rich", "bountiful" ],
          "rock-chalk": [ "poor", "medium" ],
          "rock-limestone": [ "poor", "medium" ],
          "rock-chert": [ "poor", "medium", "rich", "bountiful" ],
          "rock-conglomerate": [ "poor", "medium" ]
        }
      },
      "subdeposit": {
        "code": "ore-*-galena_nativesilver-{rock}",
        "name": "grade",
        "allowedVariantsByInBlock": {
          "rock-claystone": [ "poor", "medium" ],
          "rock-sandstone": [ "poor", "medium" ],
          "rock-shale": [ "poor", "medium" ],
          "rock-chalk": [ "poor", "medium" ],
          "rock-limestone": [ "poor", "medium" ],
          "rock-chert": [ "poor", "medium" ],
          "rock-conglomerate": [ "poor", "medium" ]
        }
      },
      "radius": {
        "dist": "uniform",
        "avg": 12,
        "var": 6
      },
      "yPosRel": {
        "dist": "uniform",
        "avg": 0.4,
        "var": 0.2
      },
      "thickness": {
        "dist": "uniform",
        "avg": 10,
        "var": 5
      },
      "branchCount": {
        "dist": "uniform",
        "avg": 2,
        "var": 1
      },
      "branchLength": {
        "dist": "uniform",
        "avg": 192,
        "var": 64
      },
      "OreSpongePercent": 0.3
    }
  },
  {
    "code": "galena",
    "triesPerChunk": 0.001,
    "withOreMap": true,
    "handbookPageCode": "item-nugget-galena",
    "generator": "iog-gen",
    "attributes": {
      "inblock": {
        "veintype": "chimneywithdepo",
        "code": "rock-*",
        "name": "rock",
        "allowedVariants": [ "claystone", "sandstone", "shale", "chalk", "limestone", "chert", "conglomerate" ]
      },
      "placeblock": {
        "code": "ore-*-galena-{rock}",
        "name": "grade",
        "allowedVariantsByInBlock": {
          "rock-claystone": [ "poor", "medium", "rich" ],
          "rock-sandstone": [ "poor", "medium", "rich" ],
          "rock-shale": [ "poor", "medium", "rich", "bountiful" ],
          "rock-chalk": [ "poor", "medium" ],
          "rock-limestone": [ "poor", "medium" ],
          "rock-chert": [ "poor", "medium", "rich", "bountiful" ],
          "rock-conglomerate": [ "poor", "medium" ]
        }
      },
      "subdeposit": {
        "code": "ore-*-galena_nativesilver-{rock}",
        "name": "grade",
        "allowedVariantsByInBlock": {
          "rock-claystone": [ "poor", "medium" ],
          "rock-sandstone": [ "poor", "medium" ],
          "rock-shale": [ "poor", "medium" ],
          "rock-chalk": [ "poor", "medium" ],
          "rock-limestone": [ "poor", "medium" ],
          "rock-chert": [ "poor", "medium" ],
          "rock-conglomerate": [ "poor", "medium" ]
        }
      },
      "radius": {
        "dist": "uniform",
        "avg": 7,
        "var": 3
      },
      "yPosRel": {
        "dist": "uniform",
        "avg": 0.4,
        "var": 0.2
      },
      "thickness": {
        "dist": "triangle",
        "avg": 60,
        "var": 30
      },
      "branchCount": {
        "dist": "uniform",
        "avg": 2,
        "var": 1
      },
      "branchLength": {
        "dist": "uniform",
        "avg": 80,
        "var": 30
      },
      "OreSpongePercent": 0.3
    }
  }
]