[
  { "op": "addmerge", "path": "/0/enabled", "value": false, "file": "bookbinders:recipes/grid/books.json", "side": "Server" },
  { "op": "addmerge", "path": "/1/enabled", "value": false, "file": "bookbinders:recipes/grid/books.json", "side": "Server" },
  { "op": "addmerge", "path": "/2/enabled", "value": false, "file": "bookbinders:recipes/grid/books.json", "side": "Server" },
  { "op": "addmerge", "path": "/3/enabled", "value": false, "file": "bookbinders:recipes/grid/books.json", "side": "Server" },
  { "op": "addmerge", "path": "/4/enabled", "value": false, "file": "bookbinders:recipes/grid/books.json", "side": "Server" },
  { "op": "addmerge", "path": "/5/enabled", "value": false, "file": "bookbinders:recipes/grid/books.json", "side": "Server" },
  { "op": "addmerge", "path": "/6/enabled", "value": false, "file": "bookbinders:recipes/grid/books.json", "side": "Server" },
  { "op": "addmerge", "path": "/7/enabled", "value": false, "file": "bookbinders:recipes/grid/books.json", "side": "Server" },
  { "op": "addmerge", "path": "/8/enabled", "value": false, "file": "bookbinders:recipes/grid/books.json", "side": "Server" },
  { "op": "addmerge", "path": "/9/enabled", "value": false, "file": "bookbinders:recipes/grid/books.json", "side": "Server" },
  { "op": "addmerge", "path": "/10/enabled", "value": false, "file": "bookbinders:recipes/grid/books.json", "side": "Server" },
  { "op": "addmerge", "path": "/11/enabled", "value": false, "file": "bookbinders:recipes/grid/books.json", "side": "Server" },
  { "op": "addmerge", "path": "/12/enabled", "value": false, "file": "bookbinders:recipes/grid/books.json", "side": "Server" },
  { "op": "addmerge", "path": "/13/enabled", "value": false, "file": "bookbinders:recipes/grid/books.json", "side": "Server" },
  { "op": "addmerge", "path": "/14/enabled", "value": false, "file": "bookbinders:recipes/grid/books.json", "side": "Server" },
  { "op": "addmerge", "path": "/15/enabled", "value": false, "file": "bookbinders:recipes/grid/books.json", "side": "Server" },
  { "op": "addmerge", "path": "/16/enabled", "value": false, "file": "bookbinders:recipes/grid/books.json", "side": "Server" },
  { "op": "addmerge", "path": "/17/enabled", "value": false, "file": "bookbinders:recipes/grid/books.json", "side": "Server" },
  { "op": "addmerge", "path": "/18/enabled", "value": false, "file": "bookbinders:recipes/grid/books.json", "side": "Server" },
  { "op": "addmerge", "path": "/19/enabled", "value": false, "file": "bookbinders:recipes/grid/books.json", "side": "Server" },

  { "op": "addmerge", "path": "/0/enabled", "value": false, "file": "bookbinders:recipes/grid/papyrus.json", "side": "Server" },
  { "op": "addmerge", "path": "/1/enabled", "value": false, "file": "bookbinders:recipes/grid/papyrus.json", "side": "Server" },
  { "op": "addmerge", "path": "/2/enabled", "value": false, "file": "bookbinders:recipes/grid/papyrus.json", "side": "Server" },
  { "op": "addmerge", "path": "/3/enabled", "value": false, "file": "bookbinders:recipes/grid/papyrus.json", "side": "Server" },
  { "op": "addmerge", "path": "/4/enabled", "value": false, "file": "bookbinders:recipes/grid/papyrus.json", "side": "Server" },
  { "op": "addmerge", "path": "/5/enabled", "value": false, "file": "bookbinders:recipes/grid/papyrus.json", "side": "Server" }
]
