[
  {
    "file": "game:worldgen/deposits/metalore/azurite.json",
    "op": "addmerge",
    "path": "/0/triesPerChunk",
    "value": 0
  },
  {
    "file": "game:worldgen/deposits/metalore/chalcocite.json",
    "op": "addmerge",
    "path": "/0/triesPerChunk",
    "value": 0
  },
  {
    "file": "game:worldgen/deposits/metalore/chalcocite.json",
    "op": "addmerge",
    "path": "/1/triesPerChunk",
    "value": 0
  },

  {
    "file": "game:worldgen/deposits/metalore/chalcopyrite.json",
    "op": "addmerge",
    "path": "/0/triesPerChunk",
    "value": 0
  },
  {
    "file": "game:worldgen/deposits/metalore/franckeite.json",
    "op": "addmerge",
    "path": "/0/triesPerChunk",
    "value": 0
  },
  {
    "file": "game:worldgen/deposits/metalore/hemimorphite.json",
    "op": "addmerge",
    "path": "/0/triesPerChunk",
    "value": 0
  },
  {
    "file": "game:worldgen/deposits/metalore/pyrite.json",
    "op": "addmerge",
    "path": "/0/triesPerChunk",
    "value": 0
  },
  {
    "file": "game:worldgen/deposits/metalore/sperrylite.json",
    "op": "addmerge",
    "path": "/0/triesPerChunk",
    "value": 0
  },
  {
    "file": "game:worldgen/deposits/metalore/teallite.json",
    "op": "addmerge",
    "path": "/0/triesPerChunk",
    "value": 0
  },
  {
    "file": "game:worldgen/deposits/metalore/tetrahedritewithsilver.json",
    "op": "addmerge",
    "path": "/0/triesPerChunk",
    "value": 0
  },
  {
    "file": "game:worldgen/deposits/metalore/vanadinite.json",
    "op": "addmerge",
    "path": "/0/triesPerChunk",
    "value": 0
  },
  {
    "file": "game:worldgen/deposits/metalore/wulfenite.json",
    "op": "addmerge",
    "path": "/0/triesPerChunk",
    "value": 0
  },
  {
    "file": "game:worldgen/deposits/metalore/freibergite.json",
    "op": "addmerge",
    "path": "/0/triesPerChunk",
    "value": 0
  },
  {
    "file": "game:worldgen/deposits/metalore/smithsonite.json",
    "op": "addmerge",
    "path": "/0/triesPerChunk",
    "value": 0
  },
  {
    "file": "game:worldgen/deposits/metalore/cerussite.json",
    "op": "addmerge",
    "path": "/0/triesPerChunk",
    "value": 0
  },
  {
    "file": "game:worldgen/deposits/metalore/nativeplatinum.json",
    "op": "addmerge",
    "path": "/0/triesPerChunk",
    "value": 0
  },
  {
    "file": "game:worldgen/deposits/gem/beryl-aquamarine.json",
    "op": "addmerge",
    "path": "/0/triesPerChunk",
    "value": 0
  },
  {
    "file": "game:worldgen/deposits/gem/beryl-bixbite.json",
    "op": "addmerge",
    "path": "/0/triesPerChunk",
    "value": 0
  },
  {
    "file": "game:worldgen/deposits/gem/ganret-grossular.json",
    "op": "addmerge",
    "path": "/0/triesPerChunk",
    "value": 0
  },
  {
    "file": "game:worldgen/deposits/gem/garnet-almandine.json",
    "op": "addmerge",
    "path": "/0/triesPerChunk",
    "value": 0
  },
  {
    "file": "game:worldgen/deposits/gem/garnet-andradite.json",
    "op": "addmerge",
    "path": "/0/triesPerChunk",
    "value": 0
  },
  {
    "file": "game:worldgen/deposits/gem/garnet-pyrope.json",
    "op": "addmerge",
    "path": "/0/triesPerChunk",
    "value": 0
  },
  {
    "file": "game:worldgen/deposits/gem/garnet-spessartine.json",
    "op": "addmerge",
    "path": "/0/triesPerChunk",
    "value": 0
  },
  {
    "file": "game:worldgen/deposits/gem/garnet-uvarovite.json",
    "op": "addmerge",
    "path": "/0/triesPerChunk",
    "value": 0
  },
  {
    "file": "game:worldgen/deposits/gem/ruby.json",
    "op": "addmerge",
    "path": "/0/triesPerChunk",
    "value": 0
  },
  {
    "file": "game:worldgen/deposits/gem/sapphire.json",
    "op": "addmerge",
    "path": "/0/triesPerChunk",
    "value": 0
  },
  {
    "file": "game:worldgen/deposits/gem/spinel-red.json",
    "op": "addmerge",
    "path": "/0/triesPerChunk",
    "value": 0
  },
  {
    "file": "game:worldgen/deposits/gem/topaz-amber.json",
    "op": "addmerge",
    "path": "/0/triesPerChunk",
    "value": 0
  },
  {
    "file": "game:worldgen/deposits/gem/topaz-blue.json",
    "op": "addmerge",
    "path": "/0/triesPerChunk",
    "value": 0
  },
  {
    "file": "game:worldgen/deposits/gem/topaz-pink.json",
    "op": "addmerge",
    "path": "/0/triesPerChunk",
    "value": 0
  },
  {
    "file": "game:worldgen/deposits/gem/tourmaline-rubellite.json",
    "op": "addmerge",
    "path": "/0/triesPerChunk",
    "value": 0
  },
  {
    "file": "game:worldgen/deposits/gem/tourmaline-schorl.json",
    "op": "addmerge",
    "path": "/0/triesPerChunk",
    "value": 0
  },
  {
    "file": "game:worldgen/deposits/gem/tourmaline-verdelite.json",
    "op": "addmerge",
    "path": "/0/triesPerChunk",
    "value": 0
  },
  {
    "file": "game:worldgen/deposits/gem/tourmaline-watermelon.json",
    "op": "addmerge",
    "path": "/0/triesPerChunk",
    "value": 0
  }
]
