[
	{
		ingredientPattern: "LLL,LCL,LLL",
		ingredients: {
			"L": { type: "item", code: "game:stone-*", name: "rock", allowedVariants: [ "arenite", "arkose", "komatiite", "marl", "pyroxenite", "serpentinite", "travertine", "wacke", "monzonite", "syenite" ] },
			"C": { type: "item", code: "game:stonebrick-*", name: "rock", allowedVariants: [ "arenite", "arkose", "komatiite", "marl", "pyroxenite", "serpentinite", "travertine", "wacke", "monzonite", "syenite" ] }
		},
		width: 3,
		height: 3,
		output: { type: "block", code: "game:drystone-{rock}", quantity: 1 }
	},
	{
		ingredientPattern: "ABC,DEF,GHI",
		ingredients: {
			"A": { type: "item", code: "game:stone-bauxite" },
			"B": { type: "item", code: "game:stone-granite" },
			"C": { type: "item", code: "game:stone-limestone" },
			"D": { type: "item", code: "game:stone-conglomerate" },
			"F": { type: "item", code: "game:stone-andesite" },
			"G": { type: "item", code: "game:stone-claystone" },
			"H": { type: "item", code: "game:stone-chalk" },
			"I": { type: "item", code: "game:stone-phyllite" },
			"E": { type: "item", code: "game:stonebrick-*", name: "rock", allowedVariants: [ "arenite", "arkose", "komatiite", "marl", "pyroxenite", "serpentinite", "travertine", "wacke", "monzonite", "syenite" ] },
		},
		width: 3,
		height: 3,
		output: { type: "block", code: "game:drystone-mixed", quantity: 1 }
	}
]