[
    {
        "recipeGroup": 1,
        "ingredientPattern": "MMM,LNL",
        "ingredients": {
            "L": { "type": "item", "code": "game:leather-normal-*", "quantity": 2, "name": "leather" },
            "M": { "type": "item", "code": "game:leather-normal-*", "quantity": 5, "name": "leather" },
            "N": { "type": "item", "code": "game:metalnailsandstrips-*", "quantity": 2, "name": "metal" }
        },
        "width": 3,
        "height": 2,
        "name": "saddle",
        "output": {
            "type": "item",
            "code": "game:hoovedwearables-middleback-saddle1",
            "attributes": {
                "types": {
                    "color": "{leather}",
                    "metal": "{metal}"
                }
            }
        }
    }
]
