{
	"editor": {
		"backDropShape": "",
		"collapsedPaths": "",
		"allAngles": true,
		"entityTextureMode": false,
		"singleTexture": true,
		"vsFormatConverted": false
	},
	"textureWidth": 16,
	"textureHeight": 16,
	"textureSizes": {
		"birch": [32, 32],
		"rope": [32, 32],
		"aged": [32, 32],
		"reed": [32, 32],
		"string": [32, 32],
		"hunterbackpack": [16, 16]
	},
	"textures": {
		"birch": "game:block/wood/debarked/birch",
		"rope": "game:item/resource/rope",
		"aged": "game:block/wood/debarked/aged",
		"reed": "game:item/bag/basket/reed",
		"string": "game:item/tool/material/string",
		"hunterbackpack": "game:item/bag/hunterbackpack"
	},
	"elements": [
		{
			"name": "BasketBackrackHunter",
            "stepParentName": "UpperTorso",
			"from": [0, -7, 3],
			"to": [0, -7, 3],
			"rotationOrigin": [0, -7, 3],
			"children": [
				{
					"name": "Frame",
					"from": [8, 8, 0],
					"to": [8, 8, 0],
					"rotationOrigin": [8, 8, 0],
					"children": [
						{
							"name": "frame1",
							"from": [-5, -9, -3],
							"to": [-4, 7, -1],
							"rotationOrigin": [-5, 0, -1],
							"faces": {
								"north": {"texture": "#aged", "uv": [29, 0, 32, 32], "autoUv": false, "snapUv": false},
								"east": {"texture": "#aged", "uv": [3, 0, 7, 32], "autoUv": false, "snapUv": false},
								"south": {"texture": "#aged", "uv": [20, 0, 23, 32], "autoUv": false, "snapUv": false},
								"west": {"texture": "#aged", "uv": [0, 0, 3, 32], "autoUv": false, "snapUv": false},
								"up": {"texture": "#birch", "uv": [6, 4, 10, 10], "autoUv": false, "snapUv": false},
								"down": {"texture": "#birch", "uv": [8, 5, 11, 9], "autoUv": false, "snapUv": false}
							},
							"renderPass": 0
						},
						{
							"name": "frame2",
							"from": [-5, -9, 1],
							"to": [-4, 7, 3],
							"rotationOrigin": [-5, 0, 3],
							"faces": {
								"north": {"texture": "#aged", "uv": [0, 0, 3, 32], "autoUv": false, "snapUv": false},
								"east": {"texture": "#aged", "uv": [25, 0, 29, 32], "autoUv": false, "snapUv": false},
								"south": {"texture": "#aged", "uv": [14, 0, 16, 32], "autoUv": false, "snapUv": false},
								"west": {"texture": "#aged", "uv": [11, 0, 16, 32], "autoUv": false, "snapUv": false},
								"up": {"texture": "#birch", "uv": [9, 5, 12, 9], "autoUv": false, "snapUv": false},
								"down": {"texture": "#birch", "uv": [12, 16, 15, 20], "autoUv": false, "snapUv": false}
							},
							"renderPass": 0
						},
						{
							"name": "frame3",
							"from": [-5, -6, 3],
							"to": [4, -4, 4],
							"rotationOrigin": [-5, 3, 5],
							"faces": {
								"north": {"texture": "#aged", "uv": [0, 27, 32, 32], "autoUv": false, "snapUv": false},
								"east": {"texture": "#birch", "uv": [10, 23, 14, 27], "autoUv": false, "snapUv": false},
								"south": {"texture": "#aged", "uv": [0, 9, 32, 15], "autoUv": false, "snapUv": false},
								"west": {"texture": "#birch", "uv": [3, 15, 7, 20], "autoUv": false, "snapUv": false},
								"up": {"texture": "#aged", "uv": [0, 0, 32, 3], "autoUv": false, "snapUv": false},
								"down": {"texture": "#aged", "uv": [0, 23, 32, 26], "autoUv": false, "snapUv": false}
							},
							"renderPass": 0
						},
						{
							"name": "frame4",
							"from": [-5, -6, -4],
							"to": [4, -4, -3],
							"rotationOrigin": [-5, 3, -2],
							"faces": {
								"north": {"texture": "#aged", "uv": [0, 27, 32, 32], "autoUv": false, "snapUv": false},
								"east": {"texture": "#birch", "uv": [10, 23, 14, 27], "autoUv": false, "snapUv": false},
								"south": {"texture": "#aged", "uv": [0, 9, 32, 15], "autoUv": false, "snapUv": false},
								"west": {"texture": "#birch", "uv": [3, 15, 7, 20], "autoUv": false, "snapUv": false},
								"up": {"texture": "#aged", "uv": [0, 0, 32, 3], "autoUv": false, "snapUv": false},
								"down": {"texture": "#aged", "uv": [0, 23, 32, 26], "autoUv": false, "snapUv": false}
							},
							"renderPass": 0
						},
						{
							"name": "frame5",
							"from": [-4, 3, -5],
							"to": [-3, 4, 5],
							"rotationOrigin": [-5, 11, 1],
							"faces": {
								"north": {"texture": "#birch", "uv": [2, 19, 6, 24], "autoUv": false, "snapUv": false},
								"east": {"texture": "#aged", "uv": [0, 0, 32, 5], "autoUv": false, "snapUv": false},
								"south": {"texture": "#birch", "uv": [12, 15, 16, 20], "autoUv": false, "snapUv": false},
								"west": {"texture": "#aged", "uv": [0, 24, 32, 29], "autoUv": false, "snapUv": false},
								"up": {"texture": "#aged", "uv": [18, 0, 21, 32], "autoUv": false, "snapUv": false},
								"down": {"texture": "#aged", "uv": [10, 0, 13, 32], "autoUv": false, "snapUv": false}
							},
							"renderPass": 0
						},
						{
							"name": "frame6",
							"from": [-4, -7, -5],
							"to": [-3, -6, 5],
							"rotationOrigin": [-5, 1, 1],
							"faces": {
								"north": {"texture": "#birch", "uv": [2, 19, 6, 24], "autoUv": false, "snapUv": false},
								"east": {"texture": "#aged", "uv": [0, 0, 32, 5], "autoUv": false, "snapUv": false},
								"south": {"texture": "#birch", "uv": [12, 15, 16, 20], "autoUv": false, "snapUv": false},
								"west": {"texture": "#aged", "uv": [0, 24, 32, 29], "autoUv": false, "snapUv": false},
								"up": {"texture": "#aged", "uv": [18, 0, 21, 32], "autoUv": false, "snapUv": false},
								"down": {"texture": "#aged", "uv": [10, 0, 13, 32], "autoUv": false, "snapUv": false}
							},
							"renderPass": 0
						},
						{
							"name": "Rope",
							"from": [-5, 3, 5],
							"to": [-5, 3, 5],
							"rotationOrigin": [-5, 3, 5],
							"children": [
								{
									"name": "rope1",
									"from": [0, 1, -2],
									"to": [2, 1.5, -1.5],
									"rotationOrigin": [0, 1, -1],
									"faces": {
										"north": {"texture": "#rope", "uv": [0, 0, 10, 3.5], "autoUv": false, "snapUv": false},
										"east": {"texture": "#rope", "uv": [0, 0, 6.3, 3.5], "autoUv": false, "snapUv": false},
										"south": {"texture": "#rope", "uv": [0, 0, 10, 3.5], "autoUv": false, "snapUv": false},
										"west": {"texture": "#rope", "uv": [0, 0, 6.3, 3.5], "autoUv": false, "snapUv": false},
										"up": {"texture": "#rope", "uv": [0, 0, 10, 6.3], "autoUv": false, "snapUv": false},
										"down": {"texture": "#rope", "uv": [0, 0, 10, 6.3], "autoUv": false, "snapUv": false}
									},
									"renderPass": 0
								},
								{
									"name": "rope2",
									"from": [-0.5, -0.5, -2],
									"to": [2, 0, -1.5],
									"rotationOrigin": [0, -0.5, -1],
									"faces": {
										"north": {"texture": "#rope", "uv": [0, 0, 12.5, 3.5], "autoUv": false, "snapUv": false},
										"east": {"texture": "#rope", "uv": [0, 0, 6.3, 3.5], "autoUv": false, "snapUv": false},
										"south": {"texture": "#rope", "uv": [0, 0, 12.5, 3.5], "autoUv": false, "snapUv": false},
										"west": {"texture": "#rope", "uv": [0, 0, 6.3, 3.5], "autoUv": false, "snapUv": false},
										"up": {"texture": "#rope", "uv": [0, 0, 12.5, 6.3], "autoUv": false, "snapUv": false},
										"down": {"texture": "#rope", "uv": [0, 0, 12.5, 6.3], "autoUv": false, "snapUv": false}
									},
									"renderPass": 0
								},
								{
									"name": "rope3",
									"from": [0, 1, -4.5],
									"to": [2, 1.5, -4],
									"rotationOrigin": [0, 1, -3.5],
									"faces": {
										"north": {"texture": "#rope", "uv": [0, 0, 10, 3.5], "autoUv": false, "snapUv": false},
										"east": {"texture": "#rope", "uv": [0, 0, 6.3, 3.5], "autoUv": false, "snapUv": false},
										"south": {"texture": "#rope", "uv": [0, 0, 10, 3.5], "autoUv": false, "snapUv": false},
										"west": {"texture": "#rope", "uv": [0, 0, 6.3, 3.5], "autoUv": false, "snapUv": false},
										"up": {"texture": "#rope", "uv": [0, 0, 10, 6.3], "autoUv": false, "snapUv": false},
										"down": {"texture": "#rope", "uv": [0, 0, 10, 6.3], "autoUv": false, "snapUv": false}
									},
									"renderPass": 0
								},
								{
									"name": "rope4",
									"from": [-0.5, 1, -4.25],
									"to": [0, 1.5, -1.75],
									"rotationOrigin": [-2, 1, -1],
									"faces": {
										"north": {"texture": "#rope", "uv": [0, 0, 2.5, 3.5], "autoUv": false, "snapUv": false},
										"east": {"texture": "#rope", "uv": [0, 0, 31.5, 3.5], "autoUv": false, "snapUv": false},
										"south": {"texture": "#rope", "uv": [0, 0, 2.5, 3.5], "autoUv": false, "snapUv": false},
										"west": {"texture": "#rope", "uv": [0, 0, 31.5, 3.5], "autoUv": false, "snapUv": false},
										"up": {"texture": "#rope", "uv": [0, 0, 2.5, 31.5], "autoUv": false, "snapUv": false},
										"down": {"texture": "#rope", "uv": [0, 0, 2.5, 31.5], "autoUv": false, "snapUv": false}
									},
									"renderPass": 0
								},
								{
									"name": "rope5",
									"from": [-0.5, -0.09985, -4.2685],
									"to": [0, 0.40015, -2.0185],
									"rotationOrigin": [-2, 0.25, -3.5],
									"faces": {
										"north": {"texture": "#rope", "uv": [2.5, 0, 0, 3.5], "autoUv": false, "snapUv": false},
										"east": {"texture": "#rope", "uv": [28.35, 0, 0, 3.5], "autoUv": false, "snapUv": false},
										"south": {"texture": "#rope", "uv": [2.5, 0, 0, 3.5], "autoUv": false, "snapUv": false},
										"west": {"texture": "#rope", "uv": [28.35, 0, 0, 3.5], "autoUv": false, "snapUv": false},
										"up": {"texture": "#rope", "uv": [0, 28.35, 2.5, 0], "autoUv": false, "snapUv": false},
										"down": {"texture": "#rope", "uv": [0, 28.35, 2.5, 0], "autoUv": false, "snapUv": false}
									},
									"rotationX": -42.5,
									"renderPass": 0
								},
								{
									"name": "rope6",
									"from": [2, -0.25, -2],
									"to": [2.5, 1.25, -1.5],
									"rotationOrigin": [2, 1, -1],
									"faces": {
										"north": {"texture": "#rope", "uv": [0, 0, 2.5, 10.5], "autoUv": false, "snapUv": false},
										"east": {"texture": "#rope", "uv": [0, 0, 6.3, 10.5], "autoUv": false, "snapUv": false},
										"south": {"texture": "#rope", "uv": [0, 0, 2.5, 10.5], "autoUv": false, "snapUv": false},
										"west": {"texture": "#rope", "uv": [0, 0, 6.3, 10.5], "autoUv": false, "snapUv": false},
										"up": {"texture": "#rope", "uv": [0, 0, 2.5, 6.3], "autoUv": false, "snapUv": false},
										"down": {"texture": "#rope", "uv": [0, 0, 2.5, 6.3], "autoUv": false, "snapUv": false}
									},
									"renderPass": 0
								},
								{
									"name": "rope7",
									"from": [2, -0.25, -4.5],
									"to": [2.5, 1.25, -4],
									"rotationOrigin": [2, 1, -3.5],
									"faces": {
										"north": {"texture": "#rope", "uv": [0, 0, 2.5, 10.5], "autoUv": false, "snapUv": false},
										"east": {"texture": "#rope", "uv": [0, 0, 6.3, 10.5], "autoUv": false, "snapUv": false},
										"south": {"texture": "#rope", "uv": [0, 0, 2.5, 10.5], "autoUv": false, "snapUv": false},
										"west": {"texture": "#rope", "uv": [0, 0, 6.3, 10.5], "autoUv": false, "snapUv": false},
										"up": {"texture": "#rope", "uv": [0, 0, 2.5, 6.3], "autoUv": false, "snapUv": false},
										"down": {"texture": "#rope", "uv": [0, 0, 2.5, 6.3], "autoUv": false, "snapUv": false}
									},
									"renderPass": 0
								},
								{
									"name": "rope8",
									"from": [-0.5, -0.5, -4.5],
									"to": [2, 0, -4],
									"rotationOrigin": [0, -0.5, -3.5],
									"faces": {
										"north": {"texture": "#rope", "uv": [0, 0, 12.5, 3.5], "autoUv": false, "snapUv": false},
										"east": {"texture": "#rope", "uv": [0, 0, 6.3, 3.5], "autoUv": false, "snapUv": false},
										"south": {"texture": "#rope", "uv": [0, 0, 12.5, 3.5], "autoUv": false, "snapUv": false},
										"west": {"texture": "#rope", "uv": [0, 0, 6.3, 3.5], "autoUv": false, "snapUv": false},
										"up": {"texture": "#rope", "uv": [0, 0, 12.5, 6.3], "autoUv": false, "snapUv": false},
										"down": {"texture": "#rope", "uv": [0, 0, 12.5, 6.3], "autoUv": false, "snapUv": false}
									},
									"renderPass": 0
								},
								{
									"name": "rope9",
									"from": [-0.5, -0.09985, -3.9815],
									"to": [0, 0.40015, -1.7315],
									"rotationOrigin": [-2, 0.25, -2.5],
									"faces": {
										"north": {"texture": "#rope", "uv": [0, 0, 2.5, 3.5], "autoUv": false, "snapUv": false},
										"east": {"texture": "#rope", "uv": [0, 0, 28.35, 3.5], "autoUv": false, "snapUv": false},
										"south": {"texture": "#rope", "uv": [0, 0, 2.5, 3.5], "autoUv": false, "snapUv": false},
										"west": {"texture": "#rope", "uv": [0, 0, 28.35, 3.5], "autoUv": false, "snapUv": false},
										"up": {"texture": "#rope", "uv": [0, 0, 2.5, 28.35], "autoUv": false, "snapUv": false},
										"down": {"texture": "#rope", "uv": [0, 0, 2.5, 28.35], "autoUv": false, "snapUv": false}
									},
									"rotationX": 42.5,
									"renderPass": 0
								},
								{
									"name": "rope10",
									"from": [0, 1, -6],
									"to": [2, 1.5, -5.5],
									"rotationOrigin": [0, 1, -5],
									"faces": {
										"north": {"texture": "#rope", "uv": [0, 0, 10, 3.5], "autoUv": false, "snapUv": false},
										"east": {"texture": "#rope", "uv": [0, 0, 6.3, 3.5], "autoUv": false, "snapUv": false},
										"south": {"texture": "#rope", "uv": [0, 0, 10, 3.5], "autoUv": false, "snapUv": false},
										"west": {"texture": "#rope", "uv": [0, 0, 6.3, 3.5], "autoUv": false, "snapUv": false},
										"up": {"texture": "#rope", "uv": [0, 0, 10, 6.3], "autoUv": false, "snapUv": false},
										"down": {"texture": "#rope", "uv": [0, 0, 10, 6.3], "autoUv": false, "snapUv": false}
									},
									"renderPass": 0
								},
								{
									"name": "rope11",
									"from": [-0.5, -0.5, -6],
									"to": [2, 0, -5.5],
									"rotationOrigin": [0, -0.5, -5],
									"faces": {
										"north": {"texture": "#rope", "uv": [0, 0, 12.5, 3.5], "autoUv": false, "snapUv": false},
										"east": {"texture": "#rope", "uv": [0, 0, 6.3, 3.5], "autoUv": false, "snapUv": false},
										"south": {"texture": "#rope", "uv": [0, 0, 12.5, 3.5], "autoUv": false, "snapUv": false},
										"west": {"texture": "#rope", "uv": [0, 0, 6.3, 3.5], "autoUv": false, "snapUv": false},
										"up": {"texture": "#rope", "uv": [0, 0, 12.5, 6.3], "autoUv": false, "snapUv": false},
										"down": {"texture": "#rope", "uv": [0, 0, 12.5, 6.3], "autoUv": false, "snapUv": false}
									},
									"renderPass": 0
								},
								{
									"name": "rope12",
									"from": [0, 1, -8.5],
									"to": [2, 1.5, -8],
									"rotationOrigin": [0, 1, -7.5],
									"faces": {
										"north": {"texture": "#rope", "uv": [0, 0, 10, 3.5], "autoUv": false, "snapUv": false},
										"east": {"texture": "#rope", "uv": [0, 0, 6.3, 3.5], "autoUv": false, "snapUv": false},
										"south": {"texture": "#rope", "uv": [0, 0, 10, 3.5], "autoUv": false, "snapUv": false},
										"west": {"texture": "#rope", "uv": [0, 0, 6.3, 3.5], "autoUv": false, "snapUv": false},
										"up": {"texture": "#rope", "uv": [0, 0, 10, 6.3], "autoUv": false, "snapUv": false},
										"down": {"texture": "#rope", "uv": [0, 0, 10, 6.3], "autoUv": false, "snapUv": false}
									},
									"renderPass": 0
								},
								{
									"name": "rope13",
									"from": [-0.5, 1, -8.25],
									"to": [0, 1.5, -5.75],
									"rotationOrigin": [-2, 1, -5],
									"faces": {
										"north": {"texture": "#rope", "uv": [0, 0, 2.5, 3.5], "autoUv": false, "snapUv": false},
										"east": {"texture": "#rope", "uv": [0, 0, 31.5, 3.5], "autoUv": false, "snapUv": false},
										"south": {"texture": "#rope", "uv": [0, 0, 2.5, 3.5], "autoUv": false, "snapUv": false},
										"west": {"texture": "#rope", "uv": [0, 0, 31.5, 3.5], "autoUv": false, "snapUv": false},
										"up": {"texture": "#rope", "uv": [0, 0, 2.5, 31.5], "autoUv": false, "snapUv": false},
										"down": {"texture": "#rope", "uv": [0, 0, 2.5, 31.5], "autoUv": false, "snapUv": false}
									},
									"renderPass": 0
								},
								{
									"name": "rope14",
									"from": [-0.5, -0.09985, -8.2685],
									"to": [0, 0.40015, -6.0185],
									"rotationOrigin": [-2, 0.25, -7.5],
									"faces": {
										"north": {"texture": "#rope", "uv": [2.5, 0, 0, 3.5], "autoUv": false, "snapUv": false},
										"east": {"texture": "#rope", "uv": [28.35, 0, 0, 3.5], "autoUv": false, "snapUv": false},
										"south": {"texture": "#rope", "uv": [2.5, 0, 0, 3.5], "autoUv": false, "snapUv": false},
										"west": {"texture": "#rope", "uv": [28.35, 0, 0, 3.5], "autoUv": false, "snapUv": false},
										"up": {"texture": "#rope", "uv": [0, 28.35, 2.5, 0], "autoUv": false, "snapUv": false},
										"down": {"texture": "#rope", "uv": [0, 28.35, 2.5, 0], "autoUv": false, "snapUv": false}
									},
									"rotationX": -42.5,
									"renderPass": 0
								},
								{
									"name": "rope15",
									"from": [2, -0.25, -6],
									"to": [2.5, 1.25, -5.5],
									"rotationOrigin": [2, 1, -5],
									"faces": {
										"north": {"texture": "#rope", "uv": [0, 0, 2.5, 10.5], "autoUv": false, "snapUv": false},
										"east": {"texture": "#rope", "uv": [0, 0, 6.3, 10.5], "autoUv": false, "snapUv": false},
										"south": {"texture": "#rope", "uv": [0, 0, 2.5, 10.5], "autoUv": false, "snapUv": false},
										"west": {"texture": "#rope", "uv": [0, 0, 6.3, 10.5], "autoUv": false, "snapUv": false},
										"up": {"texture": "#rope", "uv": [0, 0, 2.5, 6.3], "autoUv": false, "snapUv": false},
										"down": {"texture": "#rope", "uv": [0, 0, 2.5, 6.3], "autoUv": false, "snapUv": false}
									},
									"renderPass": 0
								},
								{
									"name": "rope16",
									"from": [2, -0.25, -8.5],
									"to": [2.5, 1.25, -8],
									"rotationOrigin": [2, 1, -7.5],
									"faces": {
										"north": {"texture": "#rope", "uv": [0, 0, 2.5, 10.5], "autoUv": false, "snapUv": false},
										"east": {"texture": "#rope", "uv": [0, 0, 6.3, 10.5], "autoUv": false, "snapUv": false},
										"south": {"texture": "#rope", "uv": [0, 0, 2.5, 10.5], "autoUv": false, "snapUv": false},
										"west": {"texture": "#rope", "uv": [0, 0, 6.3, 10.5], "autoUv": false, "snapUv": false},
										"up": {"texture": "#rope", "uv": [0, 0, 2.5, 6.3], "autoUv": false, "snapUv": false},
										"down": {"texture": "#rope", "uv": [0, 0, 2.5, 6.3], "autoUv": false, "snapUv": false}
									},
									"renderPass": 0
								},
								{
									"name": "rope17",
									"from": [-0.5, -0.5, -8.5],
									"to": [2, 0, -8],
									"rotationOrigin": [0, -0.5, -7.5],
									"faces": {
										"north": {"texture": "#rope", "uv": [0, 0, 12.5, 3.5], "autoUv": false, "snapUv": false},
										"east": {"texture": "#rope", "uv": [0, 0, 6.3, 3.5], "autoUv": false, "snapUv": false},
										"south": {"texture": "#rope", "uv": [0, 0, 12.5, 3.5], "autoUv": false, "snapUv": false},
										"west": {"texture": "#rope", "uv": [0, 0, 6.3, 3.5], "autoUv": false, "snapUv": false},
										"up": {"texture": "#rope", "uv": [0, 0, 12.5, 6.3], "autoUv": false, "snapUv": false},
										"down": {"texture": "#rope", "uv": [0, 0, 12.5, 6.3], "autoUv": false, "snapUv": false}
									},
									"renderPass": 0
								},
								{
									"name": "rope18",
									"from": [-0.5, -0.09985, -7.9815],
									"to": [0, 0.40015, -5.7315],
									"rotationOrigin": [-2, 0.25, -6.5],
									"faces": {
										"north": {"texture": "#rope", "uv": [0, 0, 2.5, 3.5], "autoUv": false, "snapUv": false},
										"east": {"texture": "#rope", "uv": [0, 0, 28.35, 3.5], "autoUv": false, "snapUv": false},
										"south": {"texture": "#rope", "uv": [0, 0, 2.5, 3.5], "autoUv": false, "snapUv": false},
										"west": {"texture": "#rope", "uv": [0, 0, 28.35, 3.5], "autoUv": false, "snapUv": false},
										"up": {"texture": "#rope", "uv": [0, 0, 2.5, 28.35], "autoUv": false, "snapUv": false},
										"down": {"texture": "#rope", "uv": [0, 0, 2.5, 28.35], "autoUv": false, "snapUv": false}
									},
									"rotationX": 42.5,
									"renderPass": 0
								},
								{
									"name": "rope19",
									"from": [1.5, 1, -2.5],
									"to": [3.75, 1.5, -2],
									"rotationOrigin": [2, 1, -1.5],
									"faces": {
										"north": {"texture": "#rope", "uv": [0, 0, 11.25, 3.5], "autoUv": false, "snapUv": false},
										"east": {"texture": "#rope", "uv": [0, 0, 6.3, 3.5], "autoUv": false, "snapUv": false},
										"south": {"texture": "#rope", "uv": [0, 0, 11.25, 3.5], "autoUv": false, "snapUv": false},
										"west": {"texture": "#rope", "uv": [0, 0, 6.3, 3.5], "autoUv": false, "snapUv": false},
										"up": {"texture": "#rope", "uv": [0, 0, 11.25, 6.3], "autoUv": false, "snapUv": false},
										"down": {"texture": "#rope", "uv": [0, 0, 11.25, 6.3], "autoUv": false, "snapUv": false}
									},
									"rotationZ": -4.25,
									"renderPass": 0
								},
								{
									"name": "rope20",
									"from": [3.5, 1, -2.5],
									"to": [9.55, 1.5, -2],
									"rotationOrigin": [3.5, 1, -1.5],
									"faces": {
										"north": {"texture": "#rope", "uv": [0, 0, 27.75, 3.5], "autoUv": false, "snapUv": false},
										"east": {"texture": "#rope", "uv": [0, 0, 6.3, 3.5], "autoUv": false, "snapUv": false},
										"south": {"texture": "#rope", "uv": [0, 0, 27.75, 3.5], "autoUv": false, "snapUv": false},
										"west": {"texture": "#rope", "uv": [0, 0, 6.3, 3.5], "autoUv": false, "snapUv": false},
										"up": {"texture": "#rope", "uv": [0, 0, 27.75, 6.3], "autoUv": false, "snapUv": false},
										"down": {"texture": "#rope", "uv": [0, 0, 27.75, 6.3], "autoUv": false, "snapUv": false}
									},
									"rotationZ": -36.75,
									"renderPass": 0
								},
								{
									"name": "rope21",
									"from": [8.15, -7.5, -2.5],
									"to": [8.65, -2.25, -2],
									"rotationOrigin": [8.15, -3.25, -1.5],
									"faces": {
										"north": {"texture": "#rope", "uv": [0, 0, 2.5, 31.5], "autoUv": false, "snapUv": false},
										"east": {"texture": "#rope", "uv": [0, 0, 6.3, 31.5], "autoUv": false, "snapUv": false},
										"south": {"texture": "#rope", "uv": [0, 0, 2.5, 31.5], "autoUv": false, "snapUv": false},
										"west": {"texture": "#rope", "uv": [0, 0, 6.3, 31.5], "autoUv": false, "snapUv": false},
										"up": {"texture": "#rope", "uv": [0, 0, 2.5, 6.3], "autoUv": false, "snapUv": false},
										"down": {"texture": "#rope", "uv": [0, 0, 2.5, 6.3], "autoUv": false, "snapUv": false}
									},
									"renderPass": 0
								},
								{
									"name": "rope22",
									"from": [1, 1, -4],
									"to": [1.5, 1.5, -2],
									"rotationOrigin": [-0.5, 1, -1],
									"faces": {
										"north": {"texture": "#rope", "uv": [0, 0, 2.5, 3.5], "autoUv": false, "snapUv": false},
										"east": {"texture": "#rope", "uv": [0, 0, 25.2, 3.5], "autoUv": false, "snapUv": false},
										"south": {"texture": "#rope", "uv": [0, 0, 2.5, 3.5], "autoUv": false, "snapUv": false},
										"west": {"texture": "#rope", "uv": [0, 0, 25.2, 3.5], "autoUv": false, "snapUv": false},
										"up": {"texture": "#rope", "uv": [0, 0, 2.5, 25.2], "autoUv": false, "snapUv": false},
										"down": {"texture": "#rope", "uv": [0, 0, 2.5, 25.2], "autoUv": false, "snapUv": false}
									},
									"renderPass": 0
								},
								{
									"name": "rope23",
									"from": [1.58013, -10.51795, -2.5],
									"to": [8.83013, -10.01795, -2],
									"rotationOrigin": [2, -9.75, -1.25],
									"faces": {
										"north": {"texture": "#rope", "uv": [0, 0, 31.25, 3.5], "autoUv": false, "snapUv": false},
										"east": {"texture": "#rope", "uv": [0, 0, 6.3, 3.5], "autoUv": false, "snapUv": false},
										"south": {"texture": "#rope", "uv": [0, 0, 31.25, 3.5], "autoUv": false, "snapUv": false},
										"west": {"texture": "#rope", "uv": [0, 0, 6.3, 3.5], "autoUv": false, "snapUv": false},
										"up": {"texture": "#rope", "uv": [0, 0, 31.25, 6.3], "autoUv": false, "snapUv": false},
										"down": {"texture": "#rope", "uv": [0, 0, 31.25, 6.3], "autoUv": false, "snapUv": false}
									},
									"rotationZ": 25,
									"renderPass": 0
								},
								{
									"name": "rope24",
									"from": [2.08013, -10.65192, -8],
									"to": [9.23013, -10.15192, -7.5],
									"rotationOrigin": [2, -10.75, -6.75],
									"faces": {
										"north": {"texture": "#rope", "uv": [0, 0, 31.25, 3.5], "autoUv": false, "snapUv": false},
										"east": {"texture": "#rope", "uv": [0, 0, 6.3, 3.5], "autoUv": false, "snapUv": false},
										"south": {"texture": "#rope", "uv": [0, 0, 31.25, 3.5], "autoUv": false, "snapUv": false},
										"west": {"texture": "#rope", "uv": [0, 0, 6.3, 3.5], "autoUv": false, "snapUv": false},
										"up": {"texture": "#rope", "uv": [0, 0, 31.25, 6.3], "autoUv": false, "snapUv": false},
										"down": {"texture": "#rope", "uv": [0, 0, 31.25, 6.3], "autoUv": false, "snapUv": false}
									},
									"rotationZ": 25.75,
									"renderPass": 0
								},
								{
									"name": "rope25",
									"from": [1, 1, -8],
									"to": [1.5, 1.5, -6],
									"rotationOrigin": [-0.5, 1, -5],
									"faces": {
										"north": {"texture": "#rope", "uv": [0, 0, 2.5, 3.5], "autoUv": false, "snapUv": false},
										"east": {"texture": "#rope", "uv": [0, 0, 25.2, 3.5], "autoUv": false, "snapUv": false},
										"south": {"texture": "#rope", "uv": [0, 0, 2.5, 3.5], "autoUv": false, "snapUv": false},
										"west": {"texture": "#rope", "uv": [0, 0, 25.2, 3.5], "autoUv": false, "snapUv": false},
										"up": {"texture": "#rope", "uv": [0, 0, 2.5, 25.2], "autoUv": false, "snapUv": false},
										"down": {"texture": "#rope", "uv": [0, 0, 2.5, 25.2], "autoUv": false, "snapUv": false}
									},
									"renderPass": 0
								},
								{
									"name": "rope26",
									"from": [8.125, -7.5, -8],
									"to": [8.625, -2.25, -7.5],
									"rotationOrigin": [8.125, -3.25, -7],
									"faces": {
										"north": {"texture": "#rope", "uv": [0, 0, 2.5, 31.5], "autoUv": false, "snapUv": false},
										"east": {"texture": "#rope", "uv": [0, 0, 6.3, 31.5], "autoUv": false, "snapUv": false},
										"south": {"texture": "#rope", "uv": [0, 0, 2.5, 31.5], "autoUv": false, "snapUv": false},
										"west": {"texture": "#rope", "uv": [0, 0, 6.3, 31.5], "autoUv": false, "snapUv": false},
										"up": {"texture": "#rope", "uv": [0, 0, 2.5, 6.3], "autoUv": false, "snapUv": false},
										"down": {"texture": "#rope", "uv": [0, 0, 2.5, 6.3], "autoUv": false, "snapUv": false}
									},
									"renderPass": 0
								},
								{
									"name": "rope27",
									"from": [3.5, 1, -8],
									"to": [9.525, 1.5, -7.5],
									"rotationOrigin": [3.5, 1, -7],
									"faces": {
										"north": {"texture": "#rope", "uv": [0, 0, 27.75, 3.5], "autoUv": false, "snapUv": false},
										"east": {"texture": "#rope", "uv": [0, 0, 6.3, 3.5], "autoUv": false, "snapUv": false},
										"south": {"texture": "#rope", "uv": [0, 0, 27.75, 3.5], "autoUv": false, "snapUv": false},
										"west": {"texture": "#rope", "uv": [0, 0, 6.3, 3.5], "autoUv": false, "snapUv": false},
										"up": {"texture": "#rope", "uv": [0, 0, 27.75, 6.3], "autoUv": false, "snapUv": false},
										"down": {"texture": "#rope", "uv": [0, 0, 27.75, 6.3], "autoUv": false, "snapUv": false}
									},
									"rotationZ": -37,
									"renderPass": 0
								},
								{
									"name": "rope28",
									"from": [1.5, 1, -8],
									"to": [3.75, 1.5, -7.5],
									"rotationOrigin": [2, 1, -7],
									"faces": {
										"north": {"texture": "#rope", "uv": [0, 0, 11.25, 3.5], "autoUv": false, "snapUv": false},
										"east": {"texture": "#rope", "uv": [0, 0, 6.3, 3.5], "autoUv": false, "snapUv": false},
										"south": {"texture": "#rope", "uv": [0, 0, 11.25, 3.5], "autoUv": false, "snapUv": false},
										"west": {"texture": "#rope", "uv": [0, 0, 6.3, 3.5], "autoUv": false, "snapUv": false},
										"up": {"texture": "#rope", "uv": [0, 0, 11.25, 6.3], "autoUv": false, "snapUv": false},
										"down": {"texture": "#rope", "uv": [0, 0, 11.25, 6.3], "autoUv": false, "snapUv": false}
									},
									"rotationZ": -4.25,
									"renderPass": 0
								},
								{
									"name": "rope29",
									"from": [-0.5, -10.09985, -3.9815],
									"to": [0, -9.59985, -1.7315],
									"rotationOrigin": [-2, -9.75, -2.5],
									"faces": {
										"north": {"texture": "#rope", "uv": [0, 0, 2.5, 3.5], "autoUv": false, "snapUv": false},
										"east": {"texture": "#rope", "uv": [0, 0, 28.35, 3.5], "autoUv": false, "snapUv": false},
										"south": {"texture": "#rope", "uv": [0, 0, 2.5, 3.5], "autoUv": false, "snapUv": false},
										"west": {"texture": "#rope", "uv": [0, 0, 28.35, 3.5], "autoUv": false, "snapUv": false},
										"up": {"texture": "#rope", "uv": [0, 0, 2.5, 28.35], "autoUv": false, "snapUv": false},
										"down": {"texture": "#rope", "uv": [0, 0, 2.5, 28.35], "autoUv": false, "snapUv": false}
									},
									"rotationX": 42.5,
									"renderPass": 0
								},
								{
									"name": "rope30",
									"from": [-0.5, -10.5, -4.5],
									"to": [2, -10, -4],
									"rotationOrigin": [0, -10.5, -3.5],
									"faces": {
										"north": {"texture": "#rope", "uv": [0, 0, 12.5, 3.5], "autoUv": false, "snapUv": false},
										"east": {"texture": "#rope", "uv": [0, 0, 6.3, 3.5], "autoUv": false, "snapUv": false},
										"south": {"texture": "#rope", "uv": [0, 0, 12.5, 3.5], "autoUv": false, "snapUv": false},
										"west": {"texture": "#rope", "uv": [0, 0, 6.3, 3.5], "autoUv": false, "snapUv": false},
										"up": {"texture": "#rope", "uv": [0, 0, 12.5, 6.3], "autoUv": false, "snapUv": false},
										"down": {"texture": "#rope", "uv": [0, 0, 12.5, 6.3], "autoUv": false, "snapUv": false}
									},
									"renderPass": 0
								},
								{
									"name": "rope31",
									"from": [2, -10.25, -4.5],
									"to": [2.5, -8.75, -4],
									"rotationOrigin": [2, -9, -3.5],
									"faces": {
										"north": {"texture": "#rope", "uv": [0, 0, 2.5, 10.5], "autoUv": false, "snapUv": false},
										"east": {"texture": "#rope", "uv": [0, 0, 6.3, 10.5], "autoUv": false, "snapUv": false},
										"south": {"texture": "#rope", "uv": [0, 0, 2.5, 10.5], "autoUv": false, "snapUv": false},
										"west": {"texture": "#rope", "uv": [0, 0, 6.3, 10.5], "autoUv": false, "snapUv": false},
										"up": {"texture": "#rope", "uv": [0, 0, 2.5, 6.3], "autoUv": false, "snapUv": false},
										"down": {"texture": "#rope", "uv": [0, 0, 2.5, 6.3], "autoUv": false, "snapUv": false}
									},
									"renderPass": 0
								},
								{
									"name": "rope32",
									"from": [2, -10.25, -2],
									"to": [2.5, -9, -1.5],
									"rotationOrigin": [2, -9, -1],
									"faces": {
										"north": {"texture": "#rope", "uv": [0, 0, 2.5, 8.75], "autoUv": false, "snapUv": false},
										"east": {"texture": "#rope", "uv": [0, 0, 6.3, 8.75], "autoUv": false, "snapUv": false},
										"south": {"texture": "#rope", "uv": [0, 0, 2.5, 8.75], "autoUv": false, "snapUv": false},
										"west": {"texture": "#rope", "uv": [0, 0, 6.3, 8.75], "autoUv": false, "snapUv": false},
										"up": {"texture": "#rope", "uv": [0, 0, 2.5, 6.3], "autoUv": false, "snapUv": false},
										"down": {"texture": "#rope", "uv": [0, 0, 2.5, 6.3], "autoUv": false, "snapUv": false}
									},
									"renderPass": 0
								},
								{
									"name": "rope33",
									"from": [-0.5, -10.09985, -4.2685],
									"to": [0, -9.59985, -2.0185],
									"rotationOrigin": [-2, -9.75, -3.5],
									"faces": {
										"north": {"texture": "#rope", "uv": [2.5, 0, 0, 3.5], "autoUv": false, "snapUv": false},
										"east": {"texture": "#rope", "uv": [28.35, 0, 0, 3.5], "autoUv": false, "snapUv": false},
										"south": {"texture": "#rope", "uv": [2.5, 0, 0, 3.5], "autoUv": false, "snapUv": false},
										"west": {"texture": "#rope", "uv": [28.35, 0, 0, 3.5], "autoUv": false, "snapUv": false},
										"up": {"texture": "#rope", "uv": [0, 28.35, 2.5, 0], "autoUv": false, "snapUv": false},
										"down": {"texture": "#rope", "uv": [0, 28.35, 2.5, 0], "autoUv": false, "snapUv": false}
									},
									"rotationX": -42.5,
									"renderPass": 0
								},
								{
									"name": "rope34",
									"from": [-0.5, -9, -4.25],
									"to": [0, -8.5, -1.75],
									"rotationOrigin": [-2, -9, -1],
									"faces": {
										"north": {"texture": "#rope", "uv": [0, 0, 2.5, 3.5], "autoUv": false, "snapUv": false},
										"east": {"texture": "#rope", "uv": [0, 0, 31.5, 3.5], "autoUv": false, "snapUv": false},
										"south": {"texture": "#rope", "uv": [0, 0, 2.5, 3.5], "autoUv": false, "snapUv": false},
										"west": {"texture": "#rope", "uv": [0, 0, 31.5, 3.5], "autoUv": false, "snapUv": false},
										"up": {"texture": "#rope", "uv": [0, 0, 2.5, 31.5], "autoUv": false, "snapUv": false},
										"down": {"texture": "#rope", "uv": [0, 0, 2.5, 31.5], "autoUv": false, "snapUv": false}
									},
									"renderPass": 0
								},
								{
									"name": "rope35",
									"from": [0, -9, -4.5],
									"to": [2, -8.5, -4],
									"rotationOrigin": [0, -9, -3.5],
									"faces": {
										"north": {"texture": "#rope", "uv": [0, 0, 10, 3.5], "autoUv": false, "snapUv": false},
										"east": {"texture": "#rope", "uv": [0, 0, 6.3, 3.5], "autoUv": false, "snapUv": false},
										"south": {"texture": "#rope", "uv": [0, 0, 10, 3.5], "autoUv": false, "snapUv": false},
										"west": {"texture": "#rope", "uv": [0, 0, 6.3, 3.5], "autoUv": false, "snapUv": false},
										"up": {"texture": "#rope", "uv": [0, 0, 10, 6.3], "autoUv": false, "snapUv": false},
										"down": {"texture": "#rope", "uv": [0, 0, 10, 6.3], "autoUv": false, "snapUv": false}
									},
									"renderPass": 0
								},
								{
									"name": "rope36",
									"from": [-0.5, -10.5, -2],
									"to": [2, -10, -1.5],
									"rotationOrigin": [0, -10.5, -1],
									"faces": {
										"north": {"texture": "#rope", "uv": [0, 0, 12.5, 3.5], "autoUv": false, "snapUv": false},
										"east": {"texture": "#rope", "uv": [0, 0, 6.3, 3.5], "autoUv": false, "snapUv": false},
										"south": {"texture": "#rope", "uv": [0, 0, 12.5, 3.5], "autoUv": false, "snapUv": false},
										"west": {"texture": "#rope", "uv": [0, 0, 6.3, 3.5], "autoUv": false, "snapUv": false},
										"up": {"texture": "#rope", "uv": [0, 0, 12.5, 6.3], "autoUv": false, "snapUv": false},
										"down": {"texture": "#rope", "uv": [0, 0, 12.5, 6.3], "autoUv": false, "snapUv": false}
									},
									"renderPass": 0
								},
								{
									"name": "rope37",
									"from": [1, -9, -4],
									"to": [1.5, -8.5, -2],
									"rotationOrigin": [-0.5, -9, -1],
									"faces": {
										"north": {"texture": "#rope", "uv": [0, 0, 2.5, 3.5], "autoUv": false, "snapUv": false},
										"east": {"texture": "#rope", "uv": [0, 0, 25.2, 3.5], "autoUv": false, "snapUv": false},
										"south": {"texture": "#rope", "uv": [0, 0, 2.5, 3.5], "autoUv": false, "snapUv": false},
										"west": {"texture": "#rope", "uv": [0, 0, 25.2, 3.5], "autoUv": false, "snapUv": false},
										"up": {"texture": "#rope", "uv": [0, 0, 2.5, 25.2], "autoUv": false, "snapUv": false},
										"down": {"texture": "#rope", "uv": [0, 0, 2.5, 25.2], "autoUv": false, "snapUv": false}
									},
									"renderPass": 0
								},
								{
									"name": "rope38",
									"from": [1, -9, -8],
									"to": [1.5, -8.5, -6],
									"rotationOrigin": [-0.5, -9, -4.75],
									"faces": {
										"north": {"texture": "#rope", "uv": [0, 0, 2.5, 3.5], "autoUv": false, "snapUv": false},
										"east": {"texture": "#rope", "uv": [0, 0, 25.2, 3.5], "autoUv": false, "snapUv": false},
										"south": {"texture": "#rope", "uv": [0, 0, 2.5, 3.5], "autoUv": false, "snapUv": false},
										"west": {"texture": "#rope", "uv": [0, 0, 25.2, 3.5], "autoUv": false, "snapUv": false},
										"up": {"texture": "#rope", "uv": [0, 0, 2.5, 25.2], "autoUv": false, "snapUv": false},
										"down": {"texture": "#rope", "uv": [0, 0, 2.5, 25.2], "autoUv": false, "snapUv": false}
									},
									"renderPass": 0
								},
								{
									"name": "rope36",
									"from": [-0.5, -10.5, -6],
									"to": [2, -10, -5.5],
									"rotationOrigin": [0, -10.5, -5],
									"faces": {
										"north": {"texture": "#rope", "uv": [0, 0, 12.5, 3.5], "autoUv": false, "snapUv": false},
										"east": {"texture": "#rope", "uv": [0, 0, 6.3, 3.5], "autoUv": false, "snapUv": false},
										"south": {"texture": "#rope", "uv": [0, 0, 12.5, 3.5], "autoUv": false, "snapUv": false},
										"west": {"texture": "#rope", "uv": [0, 0, 6.3, 3.5], "autoUv": false, "snapUv": false},
										"up": {"texture": "#rope", "uv": [0, 0, 12.5, 6.3], "autoUv": false, "snapUv": false},
										"down": {"texture": "#rope", "uv": [0, 0, 12.5, 6.3], "autoUv": false, "snapUv": false}
									},
									"renderPass": 0
								},
								{
									"name": "rope35",
									"from": [0, -9, -6],
									"to": [2, -8.5, -5.5],
									"rotationOrigin": [0, -9, -5],
									"faces": {
										"north": {"texture": "#rope", "uv": [0, 0, 10, 3.5], "autoUv": false, "snapUv": false},
										"east": {"texture": "#rope", "uv": [0, 0, 6.3, 3.5], "autoUv": false, "snapUv": false},
										"south": {"texture": "#rope", "uv": [0, 0, 10, 3.5], "autoUv": false, "snapUv": false},
										"west": {"texture": "#rope", "uv": [0, 0, 6.3, 3.5], "autoUv": false, "snapUv": false},
										"up": {"texture": "#rope", "uv": [0, 0, 10, 6.3], "autoUv": false, "snapUv": false},
										"down": {"texture": "#rope", "uv": [0, 0, 10, 6.3], "autoUv": false, "snapUv": false}
									},
									"renderPass": 0
								},
								{
									"name": "rope34",
									"from": [-0.5, -9, -8.25],
									"to": [0, -8.5, -5.75],
									"rotationOrigin": [-2, -9, -5],
									"faces": {
										"north": {"texture": "#rope", "uv": [0, 0, 2.5, 3.5], "autoUv": false, "snapUv": false},
										"east": {"texture": "#rope", "uv": [0, 0, 31.5, 3.5], "autoUv": false, "snapUv": false},
										"south": {"texture": "#rope", "uv": [0, 0, 2.5, 3.5], "autoUv": false, "snapUv": false},
										"west": {"texture": "#rope", "uv": [0, 0, 31.5, 3.5], "autoUv": false, "snapUv": false},
										"up": {"texture": "#rope", "uv": [0, 0, 2.5, 31.5], "autoUv": false, "snapUv": false},
										"down": {"texture": "#rope", "uv": [0, 0, 2.5, 31.5], "autoUv": false, "snapUv": false}
									},
									"renderPass": 0
								},
								{
									"name": "rope33",
									"from": [-0.5, -10.09985, -8.2685],
									"to": [0, -9.59985, -6.0185],
									"rotationOrigin": [-2, -9.75, -7.5],
									"faces": {
										"north": {"texture": "#rope", "uv": [2.5, 0, 0, 3.5], "autoUv": false, "snapUv": false},
										"east": {"texture": "#rope", "uv": [28.35, 0, 0, 3.5], "autoUv": false, "snapUv": false},
										"south": {"texture": "#rope", "uv": [2.5, 0, 0, 3.5], "autoUv": false, "snapUv": false},
										"west": {"texture": "#rope", "uv": [28.35, 0, 0, 3.5], "autoUv": false, "snapUv": false},
										"up": {"texture": "#rope", "uv": [0, 28.35, 2.5, 0], "autoUv": false, "snapUv": false},
										"down": {"texture": "#rope", "uv": [0, 28.35, 2.5, 0], "autoUv": false, "snapUv": false}
									},
									"rotationX": -42.5,
									"renderPass": 0
								},
								{
									"name": "rope32",
									"from": [2, -10.25, -6],
									"to": [2.5, -9, -5.5],
									"rotationOrigin": [2, -9, -5],
									"faces": {
										"north": {"texture": "#rope", "uv": [0, 0, 2.5, 8.75], "autoUv": false, "snapUv": false},
										"east": {"texture": "#rope", "uv": [0, 0, 6.3, 8.75], "autoUv": false, "snapUv": false},
										"south": {"texture": "#rope", "uv": [0, 0, 2.5, 8.75], "autoUv": false, "snapUv": false},
										"west": {"texture": "#rope", "uv": [0, 0, 6.3, 8.75], "autoUv": false, "snapUv": false},
										"up": {"texture": "#rope", "uv": [0, 0, 2.5, 6.3], "autoUv": false, "snapUv": false},
										"down": {"texture": "#rope", "uv": [0, 0, 2.5, 6.3], "autoUv": false, "snapUv": false}
									},
									"renderPass": 0
								},
								{
									"name": "rope31",
									"from": [2, -10.25, -8.5],
									"to": [2.5, -9, -8],
									"rotationOrigin": [2, -9, -7.5],
									"faces": {
										"north": {"texture": "#rope", "uv": [0, 0, 2.5, 8.75], "autoUv": false, "snapUv": false},
										"east": {"texture": "#rope", "uv": [0, 0, 6.3, 8.75], "autoUv": false, "snapUv": false},
										"south": {"texture": "#rope", "uv": [0, 0, 2.5, 8.75], "autoUv": false, "snapUv": false},
										"west": {"texture": "#rope", "uv": [0, 0, 6.3, 8.75], "autoUv": false, "snapUv": false},
										"up": {"texture": "#rope", "uv": [0, 0, 2.5, 6.3], "autoUv": false, "snapUv": false},
										"down": {"texture": "#rope", "uv": [0, 0, 2.5, 6.3], "autoUv": false, "snapUv": false}
									},
									"renderPass": 0
								},
								{
									"name": "rope30",
									"from": [-0.5, -10.5, -8.5],
									"to": [2, -10, -8],
									"rotationOrigin": [0, -10.5, -7.5],
									"faces": {
										"north": {"texture": "#rope", "uv": [0, 0, 12.5, 3.5], "autoUv": false, "snapUv": false},
										"east": {"texture": "#rope", "uv": [0, 0, 6.3, 3.5], "autoUv": false, "snapUv": false},
										"south": {"texture": "#rope", "uv": [0, 0, 12.5, 3.5], "autoUv": false, "snapUv": false},
										"west": {"texture": "#rope", "uv": [0, 0, 6.3, 3.5], "autoUv": false, "snapUv": false},
										"up": {"texture": "#rope", "uv": [0, 0, 12.5, 6.3], "autoUv": false, "snapUv": false},
										"down": {"texture": "#rope", "uv": [0, 0, 12.5, 6.3], "autoUv": false, "snapUv": false}
									},
									"renderPass": 0
								},
								{
									"name": "rope29",
									"from": [-0.5, -10.09985, -7.9815],
									"to": [0, -9.59985, -5.7315],
									"rotationOrigin": [-2, -9.75, -6.5],
									"faces": {
										"north": {"texture": "#rope", "uv": [0, 0, 2.5, 3.5], "autoUv": false, "snapUv": false},
										"east": {"texture": "#rope", "uv": [0, 0, 28.35, 3.5], "autoUv": false, "snapUv": false},
										"south": {"texture": "#rope", "uv": [0, 0, 2.5, 3.5], "autoUv": false, "snapUv": false},
										"west": {"texture": "#rope", "uv": [0, 0, 28.35, 3.5], "autoUv": false, "snapUv": false},
										"up": {"texture": "#rope", "uv": [0, 0, 2.5, 28.35], "autoUv": false, "snapUv": false},
										"down": {"texture": "#rope", "uv": [0, 0, 2.5, 28.35], "autoUv": false, "snapUv": false}
									},
									"rotationX": 42.5,
									"renderPass": 0
								},
								{
									"name": "Basket",
									"from": [-2.5, -7, -12],
									"to": [-2.5, -7, -12],
									"rotationOrigin": [-2.5, -7, -12],
									"children": [
										{
											"name": "1",
											"from": [3.5392, 0, 4.424],
											"to": [4.424, 4.424, 9.7328],
											"rotationOrigin": [3.5392, 0, 4.424],
											"faces": {
												"north": {"texture": "#reed", "uv": [0, 0, 1, 5], "autoUv": false, "snapUv": false},
												"east": {"texture": "#reed", "uv": [4.5, 0, 32, 4], "autoUv": false, "snapUv": false},
												"south": {"texture": "#reed", "uv": [0, 0, 1, 5], "autoUv": false, "snapUv": false},
												"west": {"texture": "#reed", "uv": [4, 3, 23, 21], "autoUv": false, "snapUv": false},
												"up": {"texture": "#reed", "uv": [12, 0, 16, 32], "rotation": 180, "autoUv": false, "snapUv": false},
												"down": {"texture": "#reed", "uv": [2, 8.5, 32, 13.5], "rotation": 90, "autoUv": false, "snapUv": false}
											}
										},
										{
											"name": "2",
											"from": [3.5392, 0, 3.5392],
											"to": [10.6176, 4.424, 4.424],
											"rotationOrigin": [0, 0, 0],
											"faces": {
												"north": {"texture": "#reed", "uv": [5.5, 4, 23.5, 21], "autoUv": false, "snapUv": false},
												"east": {"texture": "#reed", "uv": [5, 4, 10, 20], "autoUv": false, "snapUv": false},
												"south": {"texture": "#reed", "uv": [0.5, 7, 28, 11], "autoUv": false, "snapUv": false},
												"west": {"texture": "#reed", "uv": [16, 0, 21, 28], "autoUv": false, "snapUv": false},
												"up": {"texture": "#reed", "uv": [2, 0, 27, 4], "rotation": 180, "autoUv": false, "snapUv": false},
												"down": {"texture": "#reed", "uv": [1, 2.5, 32, 6.5], "autoUv": false, "snapUv": false}
											}
										},
										{
											"name": "3",
											"from": [3.5392, 0, 9.7328],
											"to": [10.6176, 4.424, 10.6176],
											"rotationOrigin": [0, 0, 0],
											"faces": {
												"north": {"texture": "#reed", "uv": [4.5, 0, 32, 4], "autoUv": false, "snapUv": false},
												"east": {"texture": "#reed", "uv": [17, 7, 21, 17], "autoUv": false, "snapUv": false},
												"south": {"texture": "#reed", "uv": [4, 4, 23, 21], "autoUv": false, "snapUv": false},
												"west": {"texture": "#reed", "uv": [3.5, 2, 9.5, 20], "autoUv": false, "snapUv": false},
												"up": {"texture": "#reed", "uv": [2, 0, 29, 5], "rotation": 180, "autoUv": false, "snapUv": false},
												"down": {"texture": "#reed", "uv": [0, 0, 31, 6], "autoUv": false, "snapUv": false}
											}
										},
										{
											"name": "4",
											"from": [9.7328, 0, 4.424],
											"to": [10.6176, 4.424, 9.7328],
											"rotationOrigin": [0, 0, 0],
											"faces": {
												"north": {"texture": "#reed", "uv": [0, 0, 1, 5], "autoUv": false, "snapUv": false},
												"east": {"texture": "#reed", "uv": [0, 0, 18, 15], "autoUv": false, "snapUv": false},
												"south": {"texture": "#reed", "uv": [0, 0, 1, 5], "autoUv": false, "snapUv": false},
												"west": {"texture": "#reed", "uv": [0.5, 28, 28, 32], "autoUv": false, "snapUv": false},
												"up": {"texture": "#reed", "uv": [28, 0, 32, 32], "rotation": 180, "autoUv": false, "snapUv": false},
												"down": {"texture": "#reed", "uv": [5, 2.5, 32, 5.5], "rotation": 90, "autoUv": false, "snapUv": false}
											}
										},
										{
											"name": "5",
											"from": [4.424, 0, 4.424],
											"to": [9.7328, 0.8848, 9.7328],
											"rotationOrigin": [0, 0, 0],
											"faces": {
												"north": {"texture": "#reed", "uv": [0, 0, 6, 1], "autoUv": false, "snapUv": false},
												"east": {"texture": "#reed", "uv": [0, 0, 6, 1], "autoUv": false, "snapUv": false},
												"south": {"texture": "#reed", "uv": [0, 0, 6, 1], "autoUv": false, "snapUv": false},
												"west": {"texture": "#reed", "uv": [0, 0, 6, 1], "autoUv": false, "snapUv": false},
												"up": {"texture": "#reed", "uv": [5, 5, 11, 11], "autoUv": false, "snapUv": false},
												"down": {"texture": "#reed", "uv": [7, 7, 24, 23], "autoUv": false, "snapUv": false}
											}
										},
										{
											"name": "6",
											"from": [4.424, 3.75, 4.424],
											"to": [9.7328, 4.0098, 9.7328],
											"rotationOrigin": [0, 3.75, 0],
											"faces": {
												"north": {"texture": "#reed", "uv": [0, 0, 6, 1], "autoUv": false, "snapUv": false},
												"east": {"texture": "#reed", "uv": [0, 0, 6, 1], "autoUv": false, "snapUv": false},
												"south": {"texture": "#reed", "uv": [0, 0, 6, 1], "autoUv": false, "snapUv": false},
												"west": {"texture": "#reed", "uv": [0, 0, 6, 1], "autoUv": false, "snapUv": false},
												"up": {"texture": "#reed", "uv": [4.5, 0, 27, 16], "autoUv": false, "snapUv": false},
												"down": {"texture": "#reed", "uv": [5, 10, 11, 16], "autoUv": false, "snapUv": false}
											}
										},
										{
											"name": "7",
											"from": [6.849, 4.05, 6.774],
											"to": [7.4078, 4.6848, 7.3328],
											"rotationOrigin": [-1.825, 4.05, -0.15],
											"faces": {
												"north": {"texture": "#reed", "uv": [0, 0, 6, 1], "autoUv": false, "snapUv": false},
												"east": {"texture": "#reed", "uv": [0, 0, 6, 1], "autoUv": false, "snapUv": false},
												"south": {"texture": "#reed", "uv": [0, 0, 6, 1], "autoUv": false, "snapUv": false},
												"west": {"texture": "#reed", "uv": [0, 0, 6, 1], "autoUv": false, "snapUv": false},
												"up": {"texture": "#reed", "uv": [5, 5, 11, 11], "autoUv": false, "snapUv": false},
												"down": {"texture": "#reed", "uv": [5, 10, 11, 16], "autoUv": false, "snapUv": false}
											}
										},
										{
											"name": "8",
											"from": [6.7328, 4.45, 3.674],
											"to": [7.3676, 6.374, 4.2328],
											"rotationOrigin": [-3, 4.45, -0.75],
											"faces": {
												"north": {"texture": "#reed", "uv": [15, 10, 20, 26], "autoUv": false, "snapUv": false},
												"east": {"texture": "#reed", "uv": [0, 0, 4, 17], "autoUv": false, "snapUv": false},
												"south": {"texture": "#reed", "uv": [0, 10, 4, 21], "autoUv": false, "snapUv": false},
												"west": {"texture": "#reed", "uv": [10, 12, 13.5, 24], "autoUv": false, "snapUv": false},
												"up": {"texture": "#reed", "uv": [18, 11, 21, 14], "rotation": 180, "autoUv": false, "snapUv": false},
												"down": {"texture": "#reed", "uv": [5, 2.5, 10, 7.5], "rotation": 90, "autoUv": false, "snapUv": false}
											}
										},
										{
											"name": "9",
											"from": [6.7828, 4.425, 9.749],
											"to": [7.4176, 6.349, 10.3078],
											"rotationOrigin": [-2.95, 4.425, 5.325],
											"faces": {
												"north": {"texture": "#reed", "uv": [0, 0, 4, 14], "autoUv": false, "snapUv": false},
												"east": {"texture": "#reed", "uv": [0, 0, 4, 17], "autoUv": false, "snapUv": false},
												"south": {"texture": "#reed", "uv": [0, 10, 4, 21], "autoUv": false, "snapUv": false},
												"west": {"texture": "#reed", "uv": [10, 12, 13.5, 24], "autoUv": false, "snapUv": false},
												"up": {"texture": "#reed", "uv": [29, 0, 32, 3], "rotation": 180, "autoUv": false, "snapUv": false},
												"down": {"texture": "#reed", "uv": [5, 2.5, 10, 7.5], "rotation": 90, "autoUv": false, "snapUv": false}
											}
										},
										{
											"name": "10",
											"from": [6.7828, 6.1, 4.249],
											"to": [7.4176, 6.774, 9.7328],
											"rotationOrigin": [-3.2, 6.1, 0],
											"faces": {
												"north": {"texture": "#reed", "uv": [0, 0, 5, 5], "autoUv": false, "snapUv": false},
												"east": {"texture": "#reed", "uv": [0, 0, 32, 6], "autoUv": false, "snapUv": false},
												"south": {"texture": "#reed", "uv": [3, 8, 8, 14], "autoUv": false, "snapUv": false},
												"west": {"texture": "#reed", "uv": [0.5, 28, 28, 32], "autoUv": false, "snapUv": false},
												"up": {"texture": "#reed", "uv": [10, 0, 14, 32], "rotation": 180, "autoUv": false, "snapUv": false},
												"down": {"texture": "#reed", "uv": [5, 2.5, 32, 5.5], "rotation": 90, "autoUv": false, "snapUv": false}
											}
										},
										{
											"name": "String",
											"from": [-0.5, 3, 4],
											"to": [-0.5, 3, 4],
											"rotationOrigin": [-0.5, 3, 4],
											"children": [
												{
													"name": "6",
													"from": [7.5, -3, 6.6],
													"to": [7.75, -2.75, 7.4],
													"rotationOrigin": [8.5, -3, 9.175],
													"faces": {
														"north": {"texture": "#string", "uv": [0, 30, 1.25, 32], "autoUv": false, "snapUv": false},
														"east": {"texture": "#string", "uv": [0, 29.75, 17.725, 32], "autoUv": false, "snapUv": false},
														"south": {"texture": "#string", "uv": [0, 30, 1.25, 32], "autoUv": false, "snapUv": false},
														"west": {"texture": "#string", "uv": [0, 29.275, 13.25, 32], "autoUv": false, "snapUv": false},
														"up": {"texture": "#string", "uv": [0, 17.275, 2.25, 32], "autoUv": false, "snapUv": false},
														"down": {"texture": "#string", "uv": [0, 17.275, 2.25, 32], "autoUv": false, "snapUv": false}
													}
												},
												{
													"name": "7",
													"from": [7.5, -3, -1.25],
													"to": [7.75, -2.75, -0.45],
													"rotationOrigin": [8.5, -3, 1.325],
													"faces": {
														"north": {"texture": "#string", "uv": [0, 30, 1.25, 32], "autoUv": false, "snapUv": false},
														"east": {"texture": "#string", "uv": [0, 29.75, 17.725, 32], "autoUv": false, "snapUv": false},
														"south": {"texture": "#string", "uv": [0, 30, 1.25, 32], "autoUv": false, "snapUv": false},
														"west": {"texture": "#string", "uv": [0, 29.275, 13.25, 32], "autoUv": false, "snapUv": false},
														"up": {"texture": "#string", "uv": [0, 17.275, 2.25, 32], "autoUv": false, "snapUv": false},
														"down": {"texture": "#string", "uv": [0, 17.275, 2.25, 32], "autoUv": false, "snapUv": false}
													}
												},
												{
													"name": "8",
													"from": [7.5, -5.25, 5.85],
													"to": [7.75, -5, 7.15],
													"rotationOrigin": [8.5, -5.25, 8.675],
													"faces": {
														"north": {"texture": "#string", "uv": [0, 30, 1.25, 32], "autoUv": false, "snapUv": false},
														"east": {"texture": "#string", "uv": [0, 29.75, 17.725, 32], "autoUv": false, "snapUv": false},
														"south": {"texture": "#string", "uv": [0, 30, 1.25, 32], "autoUv": false, "snapUv": false},
														"west": {"texture": "#string", "uv": [0, 29.275, 13.25, 32], "autoUv": false, "snapUv": false},
														"up": {"texture": "#string", "uv": [0, 17.275, 2.25, 32], "autoUv": false, "snapUv": false},
														"down": {"texture": "#string", "uv": [0, 17.275, 2.25, 32], "autoUv": false, "snapUv": false}
													}
												},
												{
													"name": "9",
													"from": [7.5, -5.25, -1.15],
													"to": [7.75, -5, 0.15],
													"rotationOrigin": [8.5, -5.25, 1.675],
													"faces": {
														"north": {"texture": "#string", "uv": [0, 30, 1.25, 32], "autoUv": false, "snapUv": false},
														"east": {"texture": "#string", "uv": [0, 29.75, 17.725, 32], "autoUv": false, "snapUv": false},
														"south": {"texture": "#string", "uv": [0, 30, 1.25, 32], "autoUv": false, "snapUv": false},
														"west": {"texture": "#string", "uv": [0, 29.275, 13.25, 32], "autoUv": false, "snapUv": false},
														"up": {"texture": "#string", "uv": [0, 17.275, 2.25, 32], "autoUv": false, "snapUv": false},
														"down": {"texture": "#string", "uv": [0, 17.275, 2.25, 32], "autoUv": false, "snapUv": false}
													}
												},
												{
													"name": "10",
													"from": [7.5, -5.875, 7.15],
													"to": [7.75, -3, 7.4],
													"rotationOrigin": [8.5, -3, 9.15],
													"faces": {
														"north": {"texture": "#string", "uv": [0, 17.275, 2.25, 32], "autoUv": false, "snapUv": false},
														"east": {"texture": "#string", "uv": [0, 19.275, 2.25, 32], "autoUv": false, "snapUv": false},
														"south": {"texture": "#string", "uv": [0, 17.275, 2.25, 32], "autoUv": false, "snapUv": false},
														"west": {"texture": "#string", "uv": [0, 19.275, 2.25, 32], "autoUv": false, "snapUv": false},
														"up": {"texture": "#string", "uv": [0, 32, 2.25, 30.25], "autoUv": false, "snapUv": false},
														"down": {"texture": "#string", "uv": [0, 31, 2.25, 29.25], "autoUv": false, "snapUv": false}
													}
												},
												{
													"name": "11",
													"from": [7.5, -5.125, -1.25],
													"to": [7.75, -3, -1],
													"rotationOrigin": [8.5, -2.25, 0.75],
													"faces": {
														"north": {"texture": "#string", "uv": [0, 17.275, 2.25, 32], "autoUv": false, "snapUv": false},
														"east": {"texture": "#string", "uv": [0, 19.275, 2.25, 32], "autoUv": false, "snapUv": false},
														"south": {"texture": "#string", "uv": [0, 17.275, 2.25, 32], "autoUv": false, "snapUv": false},
														"west": {"texture": "#string", "uv": [0, 19.275, 2.25, 32], "autoUv": false, "snapUv": false},
														"up": {"texture": "#string", "uv": [0, 32, 2.25, 30.25], "autoUv": false, "snapUv": false},
														"down": {"texture": "#string", "uv": [0, 31, 2.25, 29.25], "autoUv": false, "snapUv": false}
													}
												},
												{
													"name": "12",
													"from": [7.5, -5.1, 5.725],
													"to": [7.75, -3, 5.975],
													"rotationOrigin": [8.5, -3, 7.725],
													"faces": {
														"north": {"texture": "#string", "uv": [0, 17.275, 2.25, 32], "autoUv": false, "snapUv": false},
														"east": {"texture": "#string", "uv": [0, 19.275, 2.25, 32], "autoUv": false, "snapUv": false},
														"south": {"texture": "#string", "uv": [0, 17.275, 2.25, 32], "autoUv": false, "snapUv": false},
														"west": {"texture": "#string", "uv": [0, 19.275, 2.25, 32], "autoUv": false, "snapUv": false},
														"up": {"texture": "#string", "uv": [0, 32, 2.25, 30.25], "autoUv": false, "snapUv": false},
														"down": {"texture": "#string", "uv": [0, 31, 2.25, 29.25], "autoUv": false, "snapUv": false}
													}
												},
												{
													"name": "13",
													"from": [7.5, -5.1, -0.025],
													"to": [7.75, -3, 0.225],
													"rotationOrigin": [8.5, -3, 1.975],
													"faces": {
														"north": {"texture": "#string", "uv": [0, 17.275, 2.25, 32], "autoUv": false, "snapUv": false},
														"east": {"texture": "#string", "uv": [0, 19.275, 2.25, 32], "autoUv": false, "snapUv": false},
														"south": {"texture": "#string", "uv": [0, 17.275, 2.25, 32], "autoUv": false, "snapUv": false},
														"west": {"texture": "#string", "uv": [0, 19.275, 2.25, 32], "autoUv": false, "snapUv": false},
														"up": {"texture": "#string", "uv": [0, 32, 2.25, 30.25], "autoUv": false, "snapUv": false},
														"down": {"texture": "#string", "uv": [0, 31, 2.25, 29.25], "autoUv": false, "snapUv": false}
													}
												}
											]
										},
										{
											"name": "String2",
											"from": [9.35, 3, 0.1],
											"to": [9.35, 3, 0.1],
											"rotationOrigin": [9.35, 3, 0.1],
											"rotationY": -180,
											"children": []
										},
										{
											"name": "Sidebags",
											"from": [0.75, -5, 7],
											"to": [0.75, -5, 7],
											"rotationOrigin": [0.75, -5, 7],
											"children": [
												{
													"name": "backpack",
													"from": [6.399, -0.079, 6.32],
													"to": [6.399, -0.079, 6.32],
													"rotationOrigin": [6.399, -0.079, 6.32],
													"rotationX": -14,
													"children": [
														{
															"name": "L wood",
															"from": [-2.528, 0.711, -2.449],
															"to": [-1.738, 5.451, -1.659],
															"rotationOrigin": [-1.738, 0.79, -2.37],
															"uv": [12, 9],
															"faces": {
																"north": {"texture": "#hunterbackpack", "uv": [12, 10, 13, 16], "autoUv": false, "snapUv": false},
																"east": {"texture": "#hunterbackpack", "uv": [13, 10, 14, 16], "autoUv": false, "snapUv": false},
																"south": {"texture": "#hunterbackpack", "uv": [14, 10, 15, 16], "autoUv": false, "snapUv": false},
																"west": {"texture": "#hunterbackpack", "uv": [15, 10, 16, 16], "autoUv": false, "snapUv": false},
																"up": {"texture": "#hunterbackpack", "uv": [12, 9, 13, 10], "autoUv": false, "snapUv": false},
																"down": {"texture": "#hunterbackpack", "uv": [13, 9, 14, 10], "autoUv": false, "snapUv": false}
															},
															"rotationX": 17,
															"rotationZ": -6,
															"shade": false
														},
														{
															"name": "R wood",
															"from": [1.58, 0.711, -2.449],
															"to": [2.37, 5.451, -1.659],
															"rotationOrigin": [1.58, 0.79, -2.37],
															"uv": [12, 9],
															"faces": {
																"north": {"texture": "#hunterbackpack", "uv": [12, 10, 13, 16], "autoUv": false, "snapUv": false},
																"east": {"texture": "#hunterbackpack", "uv": [13, 10, 14, 16], "autoUv": false, "snapUv": false},
																"south": {"texture": "#hunterbackpack", "uv": [14, 10, 15, 16], "autoUv": false, "snapUv": false},
																"west": {"texture": "#hunterbackpack", "uv": [15, 10, 16, 16], "autoUv": false, "snapUv": false},
																"up": {"texture": "#hunterbackpack", "uv": [12, 9, 13, 10], "autoUv": false, "snapUv": false},
																"down": {"texture": "#hunterbackpack", "uv": [13, 9, 14, 10], "autoUv": false, "snapUv": false}
															},
															"rotationX": 17,
															"rotationZ": 6,
															"shade": false
														},
														{
															"name": "Cube1",
															"from": [-2.054, 0.395, 0],
															"to": [-2.054, 0.395, 0],
															"rotationOrigin": [-2.054, 0.395, 0],
															"rotationX": -6,
															"children": [
																{
																	"name": "Cube5",
																	"from": [0, 2.528, -0.316],
																	"to": [1.58, 4.898, 0.474],
																	"rotationOrigin": [0.79, 4.503, 0.474],
																	"uv": [14, 0],
																	"faces": {
																		"north": {"texture": "#hunterbackpack", "uv": [14, 1.5, 16, 4.5], "autoUv": false, "snapUv": false},
																		"east": {"texture": "#hunterbackpack", "uv": [16, 0.5, 17, 3.5], "autoUv": false, "snapUv": false},
																		"south": {"texture": "#hunterbackpack", "uv": [14, 0, 16, 3], "autoUv": false, "snapUv": false},
																		"west": {"texture": "#hunterbackpack", "uv": [17, 0.5, 18, 3.5], "autoUv": false, "snapUv": false},
																		"up": {"texture": "#hunterbackpack", "uv": [14, 0.5, 16, 1.5], "autoUv": false, "snapUv": false},
																		"down": {"texture": "#hunterbackpack", "uv": [16, 0.5, 18, 1.5], "autoUv": false, "snapUv": false}
																	},
																	"rotationX": -8,
																	"rotationY": -3,
																	"rotationZ": -22,
																	"shade": false
																},
																{
																	"name": "Cube6",
																	"from": [0, 0.948, -0.316],
																	"to": [1.58, 3.318, 0.474],
																	"rotationOrigin": [0.79, 2.923, 0.474],
																	"uv": [14, 0],
																	"faces": {
																		"north": {"texture": "#hunterbackpack", "uv": [14, 1.5, 16, 4.5], "autoUv": false, "snapUv": false},
																		"east": {"texture": "#hunterbackpack", "uv": [16, 0.5, 17, 3.5], "autoUv": false, "snapUv": false},
																		"south": {"texture": "#hunterbackpack", "uv": [14, 0, 16, 3], "autoUv": false, "snapUv": false},
																		"west": {"texture": "#hunterbackpack", "uv": [17, 0.5, 18, 3.5], "autoUv": false, "snapUv": false},
																		"up": {"texture": "#hunterbackpack", "uv": [14, 0.5, 16, 1.5], "autoUv": false, "snapUv": false},
																		"down": {"texture": "#hunterbackpack", "uv": [16, 0.5, 18, 1.5], "autoUv": false, "snapUv": false}
																	},
																	"rotationX": -8,
																	"rotationY": -3,
																	"rotationZ": -22,
																	"shade": false
																},
																{
																	"name": "Cube7",
																	"from": [0.79, 1.738, -0.316],
																	"to": [2.37, 4.108, 0.474],
																	"rotationOrigin": [1.58, 3.713, 0.474],
																	"uv": [14, 0],
																	"faces": {
																		"north": {"texture": "#hunterbackpack", "uv": [14, 1.5, 16, 4.5], "autoUv": false, "snapUv": false},
																		"east": {"texture": "#hunterbackpack", "uv": [16, 0.5, 17, 3.5], "autoUv": false, "snapUv": false},
																		"south": {"texture": "#hunterbackpack", "uv": [14, 0, 16, 3], "autoUv": false, "snapUv": false},
																		"west": {"texture": "#hunterbackpack", "uv": [17, 0.5, 18, 3.5], "autoUv": false, "snapUv": false},
																		"up": {"texture": "#hunterbackpack", "uv": [14, 0.5, 16, 1.5], "autoUv": false, "snapUv": false},
																		"down": {"texture": "#hunterbackpack", "uv": [16, 0.5, 18, 1.5], "autoUv": false, "snapUv": false}
																	},
																	"rotationX": -8,
																	"rotationY": -3,
																	"rotationZ": -22,
																	"shade": false
																},
																{
																	"name": "Cube8",
																	"from": [1.58, 1.738, -0.316],
																	"to": [3.16, 4.108, 0.474],
																	"rotationOrigin": [2.37, 3.713, 0.474],
																	"uv": [16, 0],
																	"faces": {
																		"north": {"texture": "#hunterbackpack", "uv": [14, 1.5, 16, 4.5], "autoUv": false, "snapUv": false},
																		"east": {"texture": "#hunterbackpack", "uv": [16, 0.5, 17, 3.5], "autoUv": false, "snapUv": false},
																		"south": {"texture": "#hunterbackpack", "uv": [16, 0, 14, 3], "autoUv": false, "snapUv": false},
																		"west": {"texture": "#hunterbackpack", "uv": [17, 0.5, 18, 3.5], "autoUv": false, "snapUv": false},
																		"up": {"texture": "#hunterbackpack", "uv": [14, 0.5, 16, 1.5], "autoUv": false, "snapUv": false},
																		"down": {"texture": "#hunterbackpack", "uv": [16, 0.5, 18, 1.5], "autoUv": false, "snapUv": false}
																	},
																	"rotationX": -8,
																	"rotationY": -8,
																	"rotationZ": 14,
																	"shade": false
																},
																{
																	"name": "Cube9",
																	"from": [2.37, 2.528, -0.316],
																	"to": [3.95, 4.898, 0.474],
																	"rotationOrigin": [3.16, 4.503, 0.474],
																	"faces": {
																		"north": {"texture": "#hunterbackpack", "uv": [14, 1.5, 16, 4.5], "autoUv": false, "snapUv": false},
																		"east": {"texture": "#hunterbackpack", "uv": [16, 0.5, 17, 3.5], "autoUv": false, "snapUv": false},
																		"south": {"texture": "#hunterbackpack", "uv": [16, 0, 14, 3], "autoUv": false, "snapUv": false},
																		"west": {"texture": "#hunterbackpack", "uv": [17, 0.5, 18, 3.5], "autoUv": false, "snapUv": false},
																		"up": {"texture": "#hunterbackpack", "uv": [14, 0.5, 16, 1.5], "autoUv": false, "snapUv": false},
																		"down": {"texture": "#hunterbackpack", "uv": [16, 0.5, 18, 1.5], "autoUv": false, "snapUv": false}
																	},
																	"rotationX": -8,
																	"rotationY": -3,
																	"rotationZ": 22,
																	"shade": false
																},
																{
																	"name": "Cube10",
																	"from": [2.37, 0.948, -0.316],
																	"to": [3.95, 3.318, 0.474],
																	"rotationOrigin": [3.16, 2.923, 0.474],
																	"faces": {
																		"north": {"texture": "#hunterbackpack", "uv": [14, 1.5, 16, 4.5], "autoUv": false, "snapUv": false},
																		"east": {"texture": "#hunterbackpack", "uv": [16, 0.5, 17, 3.5], "autoUv": false, "snapUv": false},
																		"south": {"texture": "#hunterbackpack", "uv": [16, 0, 14, 3], "autoUv": false, "snapUv": false},
																		"west": {"texture": "#hunterbackpack", "uv": [17, 0.5, 18, 3.5], "autoUv": false, "snapUv": false},
																		"up": {"texture": "#hunterbackpack", "uv": [14, 0.5, 16, 1.5], "autoUv": false, "snapUv": false},
																		"down": {"texture": "#hunterbackpack", "uv": [16, 0.5, 18, 1.5], "autoUv": false, "snapUv": false}
																	},
																	"rotationX": -8,
																	"rotationY": -3,
																	"rotationZ": 22,
																	"shade": false
																},
																{
																	"name": "Cube11",
																	"from": [0.79, 3.16, -0.395],
																	"to": [1.975, 4.74, 0.395],
																	"rotationOrigin": [1.58, 4.74, 0.395],
																	"uv": [14.5, 3.5],
																	"faces": {
																		"north": {"texture": "#hunterbackpack", "uv": [12, 4, 13.5, 6], "autoUv": false, "snapUv": false},
																		"east": {"texture": "#hunterbackpack", "uv": [13.5, 4, 14.5, 6], "autoUv": false, "snapUv": false},
																		"south": {"texture": "#hunterbackpack", "uv": [14.5, 3.5, 16, 5.5], "autoUv": false, "snapUv": false},
																		"west": {"texture": "#hunterbackpack", "uv": [14.5, 4, 15.5, 6], "autoUv": false, "snapUv": false},
																		"up": {"texture": "#hunterbackpack", "uv": [12, 3, 13.5, 4], "autoUv": false, "snapUv": false},
																		"down": {"texture": "#hunterbackpack", "uv": [13.5, 3, 15, 4], "autoUv": false, "snapUv": false}
																	},
																	"rotationX": -28,
																	"rotationY": 6,
																	"rotationZ": -11,
																	"shade": false
																},
																{
																	"name": "Cube12",
																	"from": [1.58, 3.16, -0.395],
																	"to": [2.765, 4.74, 0.395],
																	"rotationOrigin": [2.37, 4.74, 0.395],
																	"uv": [16, 3.5],
																	"faces": {
																		"north": {"texture": "#hunterbackpack", "uv": [12, 4, 13.5, 6], "autoUv": false, "snapUv": false},
																		"east": {"texture": "#hunterbackpack", "uv": [13.5, 4, 14.5, 6], "autoUv": false, "snapUv": false},
																		"south": {"texture": "#hunterbackpack", "uv": [16, 3.5, 14.5, 5.5], "autoUv": false, "snapUv": false},
																		"west": {"texture": "#hunterbackpack", "uv": [14.5, 4, 15.5, 6], "autoUv": false, "snapUv": false},
																		"up": {"texture": "#hunterbackpack", "uv": [12, 3, 13.5, 4], "autoUv": false, "snapUv": false},
																		"down": {"texture": "#hunterbackpack", "uv": [13.5, 3, 15, 4], "autoUv": false, "snapUv": false}
																	},
																	"rotationX": -33,
																	"rotationY": -3,
																	"rotationZ": 22,
																	"shade": false
																},
																{
																	"name": "Cube1_geo",
																	"from": [0, 0, 0],
																	"to": [3.95, 4.74, 0.395],
																	"rotationOrigin": [0, 0, 0],
																	"uv": [0, 8],
																	"faces": {
																		"north": {"texture": "#hunterbackpack", "uv": [6, 8.5, 11, 14.5], "autoUv": false, "snapUv": false},
																		"east": {"texture": "#hunterbackpack", "uv": [5.5, 8.5, 6, 14.5], "autoUv": false, "snapUv": false},
																		"south": {"texture": "#hunterbackpack", "uv": [0.5, 8.5, 5.5, 14.5], "autoUv": false, "snapUv": false},
																		"west": {"texture": "#hunterbackpack", "uv": [0, 8.5, 0.5, 14.5], "autoUv": false, "snapUv": false},
																		"up": {"texture": "#hunterbackpack", "uv": [0.5, 8, 5.5, 8.5], "autoUv": false, "snapUv": false},
																		"down": {"texture": "#hunterbackpack", "uv": [0.5, 14.5, 5.5, 15], "rotation": 180, "autoUv": false, "snapUv": false}
																	},
																	"shade": false
																}
															]
														},
														{
															"name": "backpack_geo",
															"from": [-1.975, 0.395, -1.58],
															"to": [1.817, 3.555, 0],
															"rotationOrigin": [-1.975, 0.395, -1.58],
															"faces": {
																"north": {"texture": "#hunterbackpack", "uv": [8.5, 2, 13, 6], "autoUv": false, "snapUv": false},
																"east": {"texture": "#hunterbackpack", "uv": [6.5, 2, 8.5, 6], "autoUv": false, "snapUv": false},
																"south": {"texture": "#hunterbackpack", "uv": [2, 2, 6.5, 6], "autoUv": false, "snapUv": false},
																"west": {"texture": "#hunterbackpack", "uv": [0, 2, 2, 6], "autoUv": false, "snapUv": false},
																"up": {"texture": "#hunterbackpack", "uv": [2, 0, 6.5, 2], "autoUv": false, "snapUv": false},
																"down": {"texture": "#hunterbackpack", "uv": [2, 6, 6.5, 8], "rotation": 180, "autoUv": false, "snapUv": false}
															},
															"shade": false
														}
													]
												},
												{
													"name": "backpack2",
													"from": [6.399, -0.079, -6.43],
													"to": [6.399, -0.079, -6.43],
													"rotationOrigin": [6.399, -0.079, -6.43],
													"rotationX": -164,
													"rotationZ": 180,
													"children": [
														{
															"name": "L wood",
															"from": [-2.528, 0.711, -2.449],
															"to": [-1.738, 5.451, -1.659],
															"rotationOrigin": [-1.738, 0.79, -2.37],
															"uv": [12, 9],
															"faces": {
																"north": {"texture": "#hunterbackpack", "uv": [12, 10, 13, 16], "autoUv": false, "snapUv": false},
																"east": {"texture": "#hunterbackpack", "uv": [13, 10, 14, 16], "autoUv": false, "snapUv": false},
																"south": {"texture": "#hunterbackpack", "uv": [14, 10, 15, 16], "autoUv": false, "snapUv": false},
																"west": {"texture": "#hunterbackpack", "uv": [15, 10, 16, 16], "autoUv": false, "snapUv": false},
																"up": {"texture": "#hunterbackpack", "uv": [12, 9, 13, 10], "autoUv": false, "snapUv": false},
																"down": {"texture": "#hunterbackpack", "uv": [13, 9, 14, 10], "autoUv": false, "snapUv": false}
															},
															"rotationX": 17,
															"rotationZ": -6,
															"shade": false
														},
														{
															"name": "R wood",
															"from": [1.58, 0.711, -2.449],
															"to": [2.37, 5.451, -1.659],
															"rotationOrigin": [1.58, 0.79, -2.37],
															"uv": [12, 9],
															"faces": {
																"north": {"texture": "#hunterbackpack", "uv": [12, 10, 13, 16], "autoUv": false, "snapUv": false},
																"east": {"texture": "#hunterbackpack", "uv": [13, 10, 14, 16], "autoUv": false, "snapUv": false},
																"south": {"texture": "#hunterbackpack", "uv": [14, 10, 15, 16], "autoUv": false, "snapUv": false},
																"west": {"texture": "#hunterbackpack", "uv": [15, 10, 16, 16], "autoUv": false, "snapUv": false},
																"up": {"texture": "#hunterbackpack", "uv": [12, 9, 13, 10], "autoUv": false, "snapUv": false},
																"down": {"texture": "#hunterbackpack", "uv": [13, 9, 14, 10], "autoUv": false, "snapUv": false}
															},
															"rotationX": 17,
															"rotationZ": 6,
															"shade": false
														},
														{
															"name": "Cube2",
															"from": [-2.054, 0.395, 0],
															"to": [-2.054, 0.395, 0],
															"rotationOrigin": [-2.054, 0.395, 0],
															"rotationX": -6,
															"children": [
																{
																	"name": "Cube5",
																	"from": [0, 2.528, -0.316],
																	"to": [1.58, 4.898, 0.474],
																	"rotationOrigin": [0.79, 4.503, 0.474],
																	"uv": [14, 0],
																	"faces": {
																		"north": {"texture": "#hunterbackpack", "uv": [14, 1.5, 16, 4.5], "autoUv": false, "snapUv": false},
																		"east": {"texture": "#hunterbackpack", "uv": [16, 0.5, 17, 3.5], "autoUv": false, "snapUv": false},
																		"south": {"texture": "#hunterbackpack", "uv": [14, 0, 16, 3], "autoUv": false, "snapUv": false},
																		"west": {"texture": "#hunterbackpack", "uv": [17, 0.5, 18, 3.5], "autoUv": false, "snapUv": false},
																		"up": {"texture": "#hunterbackpack", "uv": [14, 0.5, 16, 1.5], "autoUv": false, "snapUv": false},
																		"down": {"texture": "#hunterbackpack", "uv": [16, 0.5, 18, 1.5], "autoUv": false, "snapUv": false}
																	},
																	"rotationX": -8,
																	"rotationY": -3,
																	"rotationZ": -22,
																	"shade": false
																},
																{
																	"name": "Cube6",
																	"from": [0, 0.948, -0.316],
																	"to": [1.58, 3.318, 0.474],
																	"rotationOrigin": [0.79, 2.923, 0.474],
																	"uv": [14, 0],
																	"faces": {
																		"north": {"texture": "#hunterbackpack", "uv": [14, 1.5, 16, 4.5], "autoUv": false, "snapUv": false},
																		"east": {"texture": "#hunterbackpack", "uv": [16, 0.5, 17, 3.5], "autoUv": false, "snapUv": false},
																		"south": {"texture": "#hunterbackpack", "uv": [14, 0, 16, 3], "autoUv": false, "snapUv": false},
																		"west": {"texture": "#hunterbackpack", "uv": [17, 0.5, 18, 3.5], "autoUv": false, "snapUv": false},
																		"up": {"texture": "#hunterbackpack", "uv": [14, 0.5, 16, 1.5], "autoUv": false, "snapUv": false},
																		"down": {"texture": "#hunterbackpack", "uv": [16, 0.5, 18, 1.5], "autoUv": false, "snapUv": false}
																	},
																	"rotationX": -8,
																	"rotationY": -3,
																	"rotationZ": -22,
																	"shade": false
																},
																{
																	"name": "Cube7",
																	"from": [0.79, 1.738, -0.316],
																	"to": [2.37, 4.108, 0.474],
																	"rotationOrigin": [1.58, 3.713, 0.474],
																	"uv": [14, 0],
																	"faces": {
																		"north": {"texture": "#hunterbackpack", "uv": [14, 1.5, 16, 4.5], "autoUv": false, "snapUv": false},
																		"east": {"texture": "#hunterbackpack", "uv": [16, 0.5, 17, 3.5], "autoUv": false, "snapUv": false},
																		"south": {"texture": "#hunterbackpack", "uv": [14, 0, 16, 3], "autoUv": false, "snapUv": false},
																		"west": {"texture": "#hunterbackpack", "uv": [17, 0.5, 18, 3.5], "autoUv": false, "snapUv": false},
																		"up": {"texture": "#hunterbackpack", "uv": [14, 0.5, 16, 1.5], "autoUv": false, "snapUv": false},
																		"down": {"texture": "#hunterbackpack", "uv": [16, 0.5, 18, 1.5], "autoUv": false, "snapUv": false}
																	},
																	"rotationX": -8,
																	"rotationY": -3,
																	"rotationZ": -22,
																	"shade": false
																},
																{
																	"name": "Cube8",
																	"from": [1.58, 1.738, -0.316],
																	"to": [3.16, 4.108, 0.474],
																	"rotationOrigin": [2.37, 3.713, 0.474],
																	"uv": [16, 0],
																	"faces": {
																		"north": {"texture": "#hunterbackpack", "uv": [14, 1.5, 16, 4.5], "autoUv": false, "snapUv": false},
																		"east": {"texture": "#hunterbackpack", "uv": [16, 0.5, 17, 3.5], "autoUv": false, "snapUv": false},
																		"south": {"texture": "#hunterbackpack", "uv": [16, 0, 14, 3], "autoUv": false, "snapUv": false},
																		"west": {"texture": "#hunterbackpack", "uv": [17, 0.5, 18, 3.5], "autoUv": false, "snapUv": false},
																		"up": {"texture": "#hunterbackpack", "uv": [14, 0.5, 16, 1.5], "autoUv": false, "snapUv": false},
																		"down": {"texture": "#hunterbackpack", "uv": [16, 0.5, 18, 1.5], "autoUv": false, "snapUv": false}
																	},
																	"rotationX": -8,
																	"rotationY": -8,
																	"rotationZ": 14,
																	"shade": false
																},
																{
																	"name": "Cube9",
																	"from": [2.37, 2.528, -0.316],
																	"to": [3.95, 4.898, 0.474],
																	"rotationOrigin": [3.16, 4.503, 0.474],
																	"faces": {
																		"north": {"texture": "#hunterbackpack", "uv": [14, 1.5, 16, 4.5], "autoUv": false, "snapUv": false},
																		"east": {"texture": "#hunterbackpack", "uv": [16, 0.5, 17, 3.5], "autoUv": false, "snapUv": false},
																		"south": {"texture": "#hunterbackpack", "uv": [16, 0, 14, 3], "autoUv": false, "snapUv": false},
																		"west": {"texture": "#hunterbackpack", "uv": [17, 0.5, 18, 3.5], "autoUv": false, "snapUv": false},
																		"up": {"texture": "#hunterbackpack", "uv": [14, 0.5, 16, 1.5], "autoUv": false, "snapUv": false},
																		"down": {"texture": "#hunterbackpack", "uv": [16, 0.5, 18, 1.5], "autoUv": false, "snapUv": false}
																	},
																	"rotationX": -8,
																	"rotationY": -3,
																	"rotationZ": 22,
																	"shade": false
																},
																{
																	"name": "Cube10",
																	"from": [2.37, 0.948, -0.316],
																	"to": [3.95, 3.318, 0.474],
																	"rotationOrigin": [3.16, 2.923, 0.474],
																	"faces": {
																		"north": {"texture": "#hunterbackpack", "uv": [14, 1.5, 16, 4.5], "autoUv": false, "snapUv": false},
																		"east": {"texture": "#hunterbackpack", "uv": [16, 0.5, 17, 3.5], "autoUv": false, "snapUv": false},
																		"south": {"texture": "#hunterbackpack", "uv": [16, 0, 14, 3], "autoUv": false, "snapUv": false},
																		"west": {"texture": "#hunterbackpack", "uv": [17, 0.5, 18, 3.5], "autoUv": false, "snapUv": false},
																		"up": {"texture": "#hunterbackpack", "uv": [14, 0.5, 16, 1.5], "autoUv": false, "snapUv": false},
																		"down": {"texture": "#hunterbackpack", "uv": [16, 0.5, 18, 1.5], "autoUv": false, "snapUv": false}
																	},
																	"rotationX": -8,
																	"rotationY": -3,
																	"rotationZ": 22,
																	"shade": false
																},
																{
																	"name": "Cube11",
																	"from": [0.79, 3.16, -0.395],
																	"to": [1.975, 4.74, 0.395],
																	"rotationOrigin": [1.58, 4.74, 0.395],
																	"uv": [14.5, 3.5],
																	"faces": {
																		"north": {"texture": "#hunterbackpack", "uv": [12, 4, 13.5, 6], "autoUv": false, "snapUv": false},
																		"east": {"texture": "#hunterbackpack", "uv": [13.5, 4, 14.5, 6], "autoUv": false, "snapUv": false},
																		"south": {"texture": "#hunterbackpack", "uv": [14.5, 3.5, 16, 5.5], "autoUv": false, "snapUv": false},
																		"west": {"texture": "#hunterbackpack", "uv": [14.5, 4, 15.5, 6], "autoUv": false, "snapUv": false},
																		"up": {"texture": "#hunterbackpack", "uv": [12, 3, 13.5, 4], "autoUv": false, "snapUv": false},
																		"down": {"texture": "#hunterbackpack", "uv": [13.5, 3, 15, 4], "autoUv": false, "snapUv": false}
																	},
																	"rotationX": -28,
																	"rotationY": 6,
																	"rotationZ": -11,
																	"shade": false
																},
																{
																	"name": "Cube12",
																	"from": [1.58, 3.16, -0.395],
																	"to": [2.765, 4.74, 0.395],
																	"rotationOrigin": [2.37, 4.74, 0.395],
																	"uv": [16, 3.5],
																	"faces": {
																		"north": {"texture": "#hunterbackpack", "uv": [12, 4, 13.5, 6], "autoUv": false, "snapUv": false},
																		"east": {"texture": "#hunterbackpack", "uv": [13.5, 4, 14.5, 6], "autoUv": false, "snapUv": false},
																		"south": {"texture": "#hunterbackpack", "uv": [16, 3.5, 14.5, 5.5], "autoUv": false, "snapUv": false},
																		"west": {"texture": "#hunterbackpack", "uv": [14.5, 4, 15.5, 6], "autoUv": false, "snapUv": false},
																		"up": {"texture": "#hunterbackpack", "uv": [12, 3, 13.5, 4], "autoUv": false, "snapUv": false},
																		"down": {"texture": "#hunterbackpack", "uv": [13.5, 3, 15, 4], "autoUv": false, "snapUv": false}
																	},
																	"rotationX": -33,
																	"rotationY": -3,
																	"rotationZ": 22,
																	"shade": false
																},
																{
																	"name": "Cube1_geo",
																	"from": [0, 0, 0],
																	"to": [3.95, 4.74, 0.395],
																	"rotationOrigin": [0, 0, 0],
																	"uv": [0, 8],
																	"faces": {
																		"north": {"texture": "#hunterbackpack", "uv": [6, 8.5, 11, 14.5], "autoUv": false, "snapUv": false},
																		"east": {"texture": "#hunterbackpack", "uv": [5.5, 8.5, 6, 14.5], "autoUv": false, "snapUv": false},
																		"south": {"texture": "#hunterbackpack", "uv": [0.5, 8.5, 5.5, 14.5], "autoUv": false, "snapUv": false},
																		"west": {"texture": "#hunterbackpack", "uv": [0, 8.5, 0.5, 14.5], "autoUv": false, "snapUv": false},
																		"up": {"texture": "#hunterbackpack", "uv": [0.5, 8, 5.5, 8.5], "autoUv": false, "snapUv": false},
																		"down": {"texture": "#hunterbackpack", "uv": [0.5, 14.5, 5.5, 15], "rotation": 180, "autoUv": false, "snapUv": false}
																	},
																	"shade": false
																}
															]
														},
														{
															"name": "backpack_geo",
															"from": [-1.975, 0.395, -1.58],
															"to": [1.817, 3.555, 0],
															"rotationOrigin": [-1.975, 0.395, -1.58],
															"faces": {
																"north": {"texture": "#hunterbackpack", "uv": [8.5, 2, 13, 6], "autoUv": false, "snapUv": false},
																"east": {"texture": "#hunterbackpack", "uv": [6.5, 2, 8.5, 6], "autoUv": false, "snapUv": false},
																"south": {"texture": "#hunterbackpack", "uv": [2, 2, 6.5, 6], "autoUv": false, "snapUv": false},
																"west": {"texture": "#hunterbackpack", "uv": [0, 2, 2, 6], "autoUv": false, "snapUv": false},
																"up": {"texture": "#hunterbackpack", "uv": [2, 0, 6.5, 2], "autoUv": false, "snapUv": false},
																"down": {"texture": "#hunterbackpack", "uv": [2, 6, 6.5, 8], "rotation": 180, "autoUv": false, "snapUv": false}
															},
															"shade": false
														}
													]
												}
											]
										}
									]
								}
							]
						}
					]
				}
			]
		}
	],
	"animations": []
}
