{
	"editor": {
		"backDropShape": "",
		"collapsedPaths": "",
		"allAngles": false,
		"entityTextureMode": false,
		"singleTexture": false,
		"vsFormatConverted": false
	},
	"textureWidth": 16,
	"textureHeight": 16,
	"textureSizes": {
		"birch": [32, 32],
		"rope": [32, 32],
		"aged": [32, 32],
		"oak": [32, 32],
		"copper": [32, 32],
		"pot-side": [32, 32],
		"aged-ceramic2": [32, 32],
		"surface": [16, 16]
	},
	"textures": {
		"birch": "game:block/wood/debarked/birch",
		"rope": "game:item/resource/rope",
		"aged": "game:block/wood/debarked/aged",
		"oak": "game:block/wood/oak",
		"copper": "game:block/metal/plate/copper",
		"pot-side": "game:block/clay/pot-side",
		"aged-ceramic2": "game:block/clay/aged-ceramic2",
		"surface": "game:block/wood/shelf/surface"
	},
	"elements": [
		{
			"name": "ShelfBackrack",
            "from": [0, -1.65, 8],
			"to": [0, -1.65, 8],
			"rotationOrigin": [0, -1.65, 8],
			"children": [
				{
					"name": "Frame",
					"from": [8, 8, 0],
					"to": [8, 8, 0],
					"rotationOrigin": [8, 8, 0],
					"children": [
						{
							"name": "frame1",
							"from": [-5, -9, -3],
							"to": [-4, 7, -1],
							"rotationOrigin": [-5, 0, -1],
							"faces": {
								"north": {"texture": "#aged", "uv": [29, 0, 32, 32], "autoUv": false, "snapUv": false},
								"east": {"texture": "#aged", "uv": [3, 0, 7, 32], "autoUv": false, "snapUv": false},
								"south": {"texture": "#aged", "uv": [20, 0, 23, 32], "autoUv": false, "snapUv": false},
								"west": {"texture": "#aged", "uv": [0, 0, 3, 32], "autoUv": false, "snapUv": false},
								"up": {"texture": "#birch", "uv": [6, 4, 10, 10], "autoUv": false, "snapUv": false},
								"down": {"texture": "#birch", "uv": [8, 5, 11, 9], "autoUv": false, "snapUv": false}
							},
							"renderPass": 0
						},
						{
							"name": "frame2",
							"from": [-5, -9, 1],
							"to": [-4, 7, 3],
							"rotationOrigin": [-5, 0, 3],
							"faces": {
								"north": {"texture": "#aged", "uv": [0, 0, 3, 32], "autoUv": false, "snapUv": false},
								"east": {"texture": "#aged", "uv": [25, 0, 29, 32], "autoUv": false, "snapUv": false},
								"south": {"texture": "#aged", "uv": [14, 0, 16, 32], "autoUv": false, "snapUv": false},
								"west": {"texture": "#aged", "uv": [11, 0, 16, 32], "autoUv": false, "snapUv": false},
								"up": {"texture": "#birch", "uv": [9, 5, 12, 9], "autoUv": false, "snapUv": false},
								"down": {"texture": "#birch", "uv": [12, 16, 15, 20], "autoUv": false, "snapUv": false}
							},
							"renderPass": 0
						},
						{
							"name": "frame3",
							"from": [-5, -6, 3],
							"to": [4, -4, 4],
							"rotationOrigin": [-5, 3, 5],
							"faces": {
								"north": {"texture": "#aged", "uv": [0, 27, 32, 32], "autoUv": false, "snapUv": false},
								"east": {"texture": "#birch", "uv": [10, 23, 14, 27], "autoUv": false, "snapUv": false},
								"south": {"texture": "#aged", "uv": [0, 9, 32, 15], "autoUv": false, "snapUv": false},
								"west": {"texture": "#birch", "uv": [3, 15, 7, 20], "autoUv": false, "snapUv": false},
								"up": {"texture": "#aged", "uv": [0, 0, 32, 3], "autoUv": false, "snapUv": false},
								"down": {"texture": "#aged", "uv": [0, 23, 32, 26], "autoUv": false, "snapUv": false}
							},
							"renderPass": 0
						},
						{
							"name": "frame4",
							"from": [-5, -6, -4],
							"to": [4, -4, -3],
							"rotationOrigin": [-5, 3, -2],
							"faces": {
								"north": {"texture": "#aged", "uv": [0, 27, 32, 32], "autoUv": false, "snapUv": false},
								"east": {"texture": "#birch", "uv": [10, 23, 14, 27], "autoUv": false, "snapUv": false},
								"south": {"texture": "#aged", "uv": [0, 9, 32, 15], "autoUv": false, "snapUv": false},
								"west": {"texture": "#birch", "uv": [3, 15, 7, 20], "autoUv": false, "snapUv": false},
								"up": {"texture": "#aged", "uv": [0, 0, 32, 3], "autoUv": false, "snapUv": false},
								"down": {"texture": "#aged", "uv": [0, 23, 32, 26], "autoUv": false, "snapUv": false}
							},
							"renderPass": 0
						},
						{
							"name": "frame5",
							"from": [-4, 3, -5],
							"to": [-3, 4, 5],
							"rotationOrigin": [-5, 11, 1],
							"faces": {
								"north": {"texture": "#birch", "uv": [2, 19, 6, 24], "autoUv": false, "snapUv": false},
								"east": {"texture": "#aged", "uv": [0, 0, 32, 5], "autoUv": false, "snapUv": false},
								"south": {"texture": "#birch", "uv": [12, 15, 16, 20], "autoUv": false, "snapUv": false},
								"west": {"texture": "#aged", "uv": [0, 24, 32, 29], "autoUv": false, "snapUv": false},
								"up": {"texture": "#aged", "uv": [18, 0, 21, 32], "autoUv": false, "snapUv": false},
								"down": {"texture": "#aged", "uv": [10, 0, 13, 32], "autoUv": false, "snapUv": false}
							},
							"renderPass": 0
						},
						{
							"name": "frame6",
							"from": [-4, -7, -5],
							"to": [-3, -6, 5],
							"rotationOrigin": [-5, 1, 1],
							"faces": {
								"north": {"texture": "#birch", "uv": [2, 19, 6, 24], "autoUv": false, "snapUv": false},
								"east": {"texture": "#aged", "uv": [0, 0, 32, 5], "autoUv": false, "snapUv": false},
								"south": {"texture": "#birch", "uv": [12, 15, 16, 20], "autoUv": false, "snapUv": false},
								"west": {"texture": "#aged", "uv": [0, 24, 32, 29], "autoUv": false, "snapUv": false},
								"up": {"texture": "#aged", "uv": [18, 0, 21, 32], "autoUv": false, "snapUv": false},
								"down": {"texture": "#aged", "uv": [10, 0, 13, 32], "autoUv": false, "snapUv": false}
							},
							"renderPass": 0
						},
						{
							"name": "Rope",
							"from": [-5, 3, 5],
							"to": [-5, 3, 5],
							"rotationOrigin": [-5, 3, 5],
							"children": [
								{
									"name": "rope1",
									"from": [0, 1, -2],
									"to": [2, 1.5, -1.5],
									"rotationOrigin": [0, 1, -1],
									"faces": {
										"north": {"texture": "#rope", "uv": [0, 0, 10, 3.5], "autoUv": false, "snapUv": false},
										"east": {"texture": "#rope", "uv": [0, 0, 6.3, 3.5], "autoUv": false, "snapUv": false},
										"south": {"texture": "#rope", "uv": [0, 0, 10, 3.5], "autoUv": false, "snapUv": false},
										"west": {"texture": "#rope", "uv": [0, 0, 6.3, 3.5], "autoUv": false, "snapUv": false},
										"up": {"texture": "#rope", "uv": [0, 0, 10, 6.3], "autoUv": false, "snapUv": false},
										"down": {"texture": "#rope", "uv": [0, 0, 10, 6.3], "autoUv": false, "snapUv": false}
									},
									"renderPass": 0
								},
								{
									"name": "rope2",
									"from": [-0.5, -0.5, -2],
									"to": [2, 0, -1.5],
									"rotationOrigin": [0, -0.5, -1],
									"faces": {
										"north": {"texture": "#rope", "uv": [0, 0, 12.5, 3.5], "autoUv": false, "snapUv": false},
										"east": {"texture": "#rope", "uv": [0, 0, 6.3, 3.5], "autoUv": false, "snapUv": false},
										"south": {"texture": "#rope", "uv": [0, 0, 12.5, 3.5], "autoUv": false, "snapUv": false},
										"west": {"texture": "#rope", "uv": [0, 0, 6.3, 3.5], "autoUv": false, "snapUv": false},
										"up": {"texture": "#rope", "uv": [0, 0, 12.5, 6.3], "autoUv": false, "snapUv": false},
										"down": {"texture": "#rope", "uv": [0, 0, 12.5, 6.3], "autoUv": false, "snapUv": false}
									},
									"renderPass": 0
								},
								{
									"name": "rope3",
									"from": [0, 1, -4.5],
									"to": [2, 1.5, -4],
									"rotationOrigin": [0, 1, -3.5],
									"faces": {
										"north": {"texture": "#rope", "uv": [0, 0, 10, 3.5], "autoUv": false, "snapUv": false},
										"east": {"texture": "#rope", "uv": [0, 0, 6.3, 3.5], "autoUv": false, "snapUv": false},
										"south": {"texture": "#rope", "uv": [0, 0, 10, 3.5], "autoUv": false, "snapUv": false},
										"west": {"texture": "#rope", "uv": [0, 0, 6.3, 3.5], "autoUv": false, "snapUv": false},
										"up": {"texture": "#rope", "uv": [0, 0, 10, 6.3], "autoUv": false, "snapUv": false},
										"down": {"texture": "#rope", "uv": [0, 0, 10, 6.3], "autoUv": false, "snapUv": false}
									},
									"renderPass": 0
								},
								{
									"name": "rope4",
									"from": [-0.5, 1, -4.25],
									"to": [0, 1.5, -1.75],
									"rotationOrigin": [-2, 1, -1],
									"faces": {
										"north": {"texture": "#rope", "uv": [0, 0, 2.5, 3.5], "autoUv": false, "snapUv": false},
										"east": {"texture": "#rope", "uv": [0, 0, 31.5, 3.5], "autoUv": false, "snapUv": false},
										"south": {"texture": "#rope", "uv": [0, 0, 2.5, 3.5], "autoUv": false, "snapUv": false},
										"west": {"texture": "#rope", "uv": [0, 0, 31.5, 3.5], "autoUv": false, "snapUv": false},
										"up": {"texture": "#rope", "uv": [0, 0, 2.5, 31.5], "autoUv": false, "snapUv": false},
										"down": {"texture": "#rope", "uv": [0, 0, 2.5, 31.5], "autoUv": false, "snapUv": false}
									},
									"renderPass": 0
								},
								{
									"name": "rope5",
									"from": [-0.5, -0.09985, -4.2685],
									"to": [0, 0.40015, -2.0185],
									"rotationOrigin": [-2, 0.25, -3.5],
									"faces": {
										"north": {"texture": "#rope", "uv": [2.5, 0, 0, 3.5], "autoUv": false, "snapUv": false},
										"east": {"texture": "#rope", "uv": [28.35, 0, 0, 3.5], "autoUv": false, "snapUv": false},
										"south": {"texture": "#rope", "uv": [2.5, 0, 0, 3.5], "autoUv": false, "snapUv": false},
										"west": {"texture": "#rope", "uv": [28.35, 0, 0, 3.5], "autoUv": false, "snapUv": false},
										"up": {"texture": "#rope", "uv": [0, 28.35, 2.5, 0], "autoUv": false, "snapUv": false},
										"down": {"texture": "#rope", "uv": [0, 28.35, 2.5, 0], "autoUv": false, "snapUv": false}
									},
									"rotationX": -42.5,
									"renderPass": 0
								},
								{
									"name": "rope6",
									"from": [2, -0.25, -2],
									"to": [2.5, 1.25, -1.5],
									"rotationOrigin": [2, 1, -1],
									"faces": {
										"north": {"texture": "#rope", "uv": [0, 0, 2.5, 10.5], "autoUv": false, "snapUv": false},
										"east": {"texture": "#rope", "uv": [0, 0, 6.3, 10.5], "autoUv": false, "snapUv": false},
										"south": {"texture": "#rope", "uv": [0, 0, 2.5, 10.5], "autoUv": false, "snapUv": false},
										"west": {"texture": "#rope", "uv": [0, 0, 6.3, 10.5], "autoUv": false, "snapUv": false},
										"up": {"texture": "#rope", "uv": [0, 0, 2.5, 6.3], "autoUv": false, "snapUv": false},
										"down": {"texture": "#rope", "uv": [0, 0, 2.5, 6.3], "autoUv": false, "snapUv": false}
									},
									"renderPass": 0
								},
								{
									"name": "rope7",
									"from": [2, -0.25, -4.5],
									"to": [2.5, 1.25, -4],
									"rotationOrigin": [2, 1, -3.5],
									"faces": {
										"north": {"texture": "#rope", "uv": [0, 0, 2.5, 10.5], "autoUv": false, "snapUv": false},
										"east": {"texture": "#rope", "uv": [0, 0, 6.3, 10.5], "autoUv": false, "snapUv": false},
										"south": {"texture": "#rope", "uv": [0, 0, 2.5, 10.5], "autoUv": false, "snapUv": false},
										"west": {"texture": "#rope", "uv": [0, 0, 6.3, 10.5], "autoUv": false, "snapUv": false},
										"up": {"texture": "#rope", "uv": [0, 0, 2.5, 6.3], "autoUv": false, "snapUv": false},
										"down": {"texture": "#rope", "uv": [0, 0, 2.5, 6.3], "autoUv": false, "snapUv": false}
									},
									"renderPass": 0
								},
								{
									"name": "rope8",
									"from": [-0.5, -0.5, -4.5],
									"to": [2, 0, -4],
									"rotationOrigin": [0, -0.5, -3.5],
									"faces": {
										"north": {"texture": "#rope", "uv": [0, 0, 12.5, 3.5], "autoUv": false, "snapUv": false},
										"east": {"texture": "#rope", "uv": [0, 0, 6.3, 3.5], "autoUv": false, "snapUv": false},
										"south": {"texture": "#rope", "uv": [0, 0, 12.5, 3.5], "autoUv": false, "snapUv": false},
										"west": {"texture": "#rope", "uv": [0, 0, 6.3, 3.5], "autoUv": false, "snapUv": false},
										"up": {"texture": "#rope", "uv": [0, 0, 12.5, 6.3], "autoUv": false, "snapUv": false},
										"down": {"texture": "#rope", "uv": [0, 0, 12.5, 6.3], "autoUv": false, "snapUv": false}
									},
									"renderPass": 0
								},
								{
									"name": "rope9",
									"from": [-0.5, -0.09985, -3.9815],
									"to": [0, 0.40015, -1.7315],
									"rotationOrigin": [-2, 0.25, -2.5],
									"faces": {
										"north": {"texture": "#rope", "uv": [0, 0, 2.5, 3.5], "autoUv": false, "snapUv": false},
										"east": {"texture": "#rope", "uv": [0, 0, 28.35, 3.5], "autoUv": false, "snapUv": false},
										"south": {"texture": "#rope", "uv": [0, 0, 2.5, 3.5], "autoUv": false, "snapUv": false},
										"west": {"texture": "#rope", "uv": [0, 0, 28.35, 3.5], "autoUv": false, "snapUv": false},
										"up": {"texture": "#rope", "uv": [0, 0, 2.5, 28.35], "autoUv": false, "snapUv": false},
										"down": {"texture": "#rope", "uv": [0, 0, 2.5, 28.35], "autoUv": false, "snapUv": false}
									},
									"rotationX": 42.5,
									"renderPass": 0
								},
								{
									"name": "rope10",
									"from": [0, 1, -6],
									"to": [2, 1.5, -5.5],
									"rotationOrigin": [0, 1, -5],
									"faces": {
										"north": {"texture": "#rope", "uv": [0, 0, 10, 3.5], "autoUv": false, "snapUv": false},
										"east": {"texture": "#rope", "uv": [0, 0, 6.3, 3.5], "autoUv": false, "snapUv": false},
										"south": {"texture": "#rope", "uv": [0, 0, 10, 3.5], "autoUv": false, "snapUv": false},
										"west": {"texture": "#rope", "uv": [0, 0, 6.3, 3.5], "autoUv": false, "snapUv": false},
										"up": {"texture": "#rope", "uv": [0, 0, 10, 6.3], "autoUv": false, "snapUv": false},
										"down": {"texture": "#rope", "uv": [0, 0, 10, 6.3], "autoUv": false, "snapUv": false}
									},
									"renderPass": 0
								},
								{
									"name": "rope11",
									"from": [-0.5, -0.5, -6],
									"to": [2, 0, -5.5],
									"rotationOrigin": [0, -0.5, -5],
									"faces": {
										"north": {"texture": "#rope", "uv": [0, 0, 12.5, 3.5], "autoUv": false, "snapUv": false},
										"east": {"texture": "#rope", "uv": [0, 0, 6.3, 3.5], "autoUv": false, "snapUv": false},
										"south": {"texture": "#rope", "uv": [0, 0, 12.5, 3.5], "autoUv": false, "snapUv": false},
										"west": {"texture": "#rope", "uv": [0, 0, 6.3, 3.5], "autoUv": false, "snapUv": false},
										"up": {"texture": "#rope", "uv": [0, 0, 12.5, 6.3], "autoUv": false, "snapUv": false},
										"down": {"texture": "#rope", "uv": [0, 0, 12.5, 6.3], "autoUv": false, "snapUv": false}
									},
									"renderPass": 0
								},
								{
									"name": "rope12",
									"from": [0, 1, -8.5],
									"to": [2, 1.5, -8],
									"rotationOrigin": [0, 1, -7.5],
									"faces": {
										"north": {"texture": "#rope", "uv": [0, 0, 10, 3.5], "autoUv": false, "snapUv": false},
										"east": {"texture": "#rope", "uv": [0, 0, 6.3, 3.5], "autoUv": false, "snapUv": false},
										"south": {"texture": "#rope", "uv": [0, 0, 10, 3.5], "autoUv": false, "snapUv": false},
										"west": {"texture": "#rope", "uv": [0, 0, 6.3, 3.5], "autoUv": false, "snapUv": false},
										"up": {"texture": "#rope", "uv": [0, 0, 10, 6.3], "autoUv": false, "snapUv": false},
										"down": {"texture": "#rope", "uv": [0, 0, 10, 6.3], "autoUv": false, "snapUv": false}
									},
									"renderPass": 0
								},
								{
									"name": "rope13",
									"from": [-0.5, 1, -8.25],
									"to": [0, 1.5, -5.75],
									"rotationOrigin": [-2, 1, -5],
									"faces": {
										"north": {"texture": "#rope", "uv": [0, 0, 2.5, 3.5], "autoUv": false, "snapUv": false},
										"east": {"texture": "#rope", "uv": [0, 0, 31.5, 3.5], "autoUv": false, "snapUv": false},
										"south": {"texture": "#rope", "uv": [0, 0, 2.5, 3.5], "autoUv": false, "snapUv": false},
										"west": {"texture": "#rope", "uv": [0, 0, 31.5, 3.5], "autoUv": false, "snapUv": false},
										"up": {"texture": "#rope", "uv": [0, 0, 2.5, 31.5], "autoUv": false, "snapUv": false},
										"down": {"texture": "#rope", "uv": [0, 0, 2.5, 31.5], "autoUv": false, "snapUv": false}
									},
									"renderPass": 0
								},
								{
									"name": "rope14",
									"from": [-0.5, -0.09985, -8.2685],
									"to": [0, 0.40015, -6.0185],
									"rotationOrigin": [-2, 0.25, -7.5],
									"faces": {
										"north": {"texture": "#rope", "uv": [2.5, 0, 0, 3.5], "autoUv": false, "snapUv": false},
										"east": {"texture": "#rope", "uv": [28.35, 0, 0, 3.5], "autoUv": false, "snapUv": false},
										"south": {"texture": "#rope", "uv": [2.5, 0, 0, 3.5], "autoUv": false, "snapUv": false},
										"west": {"texture": "#rope", "uv": [28.35, 0, 0, 3.5], "autoUv": false, "snapUv": false},
										"up": {"texture": "#rope", "uv": [0, 28.35, 2.5, 0], "autoUv": false, "snapUv": false},
										"down": {"texture": "#rope", "uv": [0, 28.35, 2.5, 0], "autoUv": false, "snapUv": false}
									},
									"rotationX": -42.5,
									"renderPass": 0
								},
								{
									"name": "rope15",
									"from": [2, -0.25, -6],
									"to": [2.5, 1.25, -5.5],
									"rotationOrigin": [2, 1, -5],
									"faces": {
										"north": {"texture": "#rope", "uv": [0, 0, 2.5, 10.5], "autoUv": false, "snapUv": false},
										"east": {"texture": "#rope", "uv": [0, 0, 6.3, 10.5], "autoUv": false, "snapUv": false},
										"south": {"texture": "#rope", "uv": [0, 0, 2.5, 10.5], "autoUv": false, "snapUv": false},
										"west": {"texture": "#rope", "uv": [0, 0, 6.3, 10.5], "autoUv": false, "snapUv": false},
										"up": {"texture": "#rope", "uv": [0, 0, 2.5, 6.3], "autoUv": false, "snapUv": false},
										"down": {"texture": "#rope", "uv": [0, 0, 2.5, 6.3], "autoUv": false, "snapUv": false}
									},
									"renderPass": 0
								},
								{
									"name": "rope16",
									"from": [2, -0.25, -8.5],
									"to": [2.5, 1.25, -8],
									"rotationOrigin": [2, 1, -7.5],
									"faces": {
										"north": {"texture": "#rope", "uv": [0, 0, 2.5, 10.5], "autoUv": false, "snapUv": false},
										"east": {"texture": "#rope", "uv": [0, 0, 6.3, 10.5], "autoUv": false, "snapUv": false},
										"south": {"texture": "#rope", "uv": [0, 0, 2.5, 10.5], "autoUv": false, "snapUv": false},
										"west": {"texture": "#rope", "uv": [0, 0, 6.3, 10.5], "autoUv": false, "snapUv": false},
										"up": {"texture": "#rope", "uv": [0, 0, 2.5, 6.3], "autoUv": false, "snapUv": false},
										"down": {"texture": "#rope", "uv": [0, 0, 2.5, 6.3], "autoUv": false, "snapUv": false}
									},
									"renderPass": 0
								},
								{
									"name": "rope17",
									"from": [-0.5, -0.5, -8.5],
									"to": [2, 0, -8],
									"rotationOrigin": [0, -0.5, -7.5],
									"faces": {
										"north": {"texture": "#rope", "uv": [0, 0, 12.5, 3.5], "autoUv": false, "snapUv": false},
										"east": {"texture": "#rope", "uv": [0, 0, 6.3, 3.5], "autoUv": false, "snapUv": false},
										"south": {"texture": "#rope", "uv": [0, 0, 12.5, 3.5], "autoUv": false, "snapUv": false},
										"west": {"texture": "#rope", "uv": [0, 0, 6.3, 3.5], "autoUv": false, "snapUv": false},
										"up": {"texture": "#rope", "uv": [0, 0, 12.5, 6.3], "autoUv": false, "snapUv": false},
										"down": {"texture": "#rope", "uv": [0, 0, 12.5, 6.3], "autoUv": false, "snapUv": false}
									},
									"renderPass": 0
								},
								{
									"name": "rope18",
									"from": [-0.5, -0.09985, -7.9815],
									"to": [0, 0.40015, -5.7315],
									"rotationOrigin": [-2, 0.25, -6.5],
									"faces": {
										"north": {"texture": "#rope", "uv": [0, 0, 2.5, 3.5], "autoUv": false, "snapUv": false},
										"east": {"texture": "#rope", "uv": [0, 0, 28.35, 3.5], "autoUv": false, "snapUv": false},
										"south": {"texture": "#rope", "uv": [0, 0, 2.5, 3.5], "autoUv": false, "snapUv": false},
										"west": {"texture": "#rope", "uv": [0, 0, 28.35, 3.5], "autoUv": false, "snapUv": false},
										"up": {"texture": "#rope", "uv": [0, 0, 2.5, 28.35], "autoUv": false, "snapUv": false},
										"down": {"texture": "#rope", "uv": [0, 0, 2.5, 28.35], "autoUv": false, "snapUv": false}
									},
									"rotationX": 42.5,
									"renderPass": 0
								},
								{
									"name": "rope19",
									"from": [1.5, 1, -2.5],
									"to": [3.75, 1.5, -2],
									"rotationOrigin": [2, 1, -1.5],
									"faces": {
										"north": {"texture": "#rope", "uv": [0, 0, 11.25, 3.5], "autoUv": false, "snapUv": false},
										"east": {"texture": "#rope", "uv": [0, 0, 6.3, 3.5], "autoUv": false, "snapUv": false},
										"south": {"texture": "#rope", "uv": [0, 0, 11.25, 3.5], "autoUv": false, "snapUv": false},
										"west": {"texture": "#rope", "uv": [0, 0, 6.3, 3.5], "autoUv": false, "snapUv": false},
										"up": {"texture": "#rope", "uv": [0, 0, 11.25, 6.3], "autoUv": false, "snapUv": false},
										"down": {"texture": "#rope", "uv": [0, 0, 11.25, 6.3], "autoUv": false, "snapUv": false}
									},
									"rotationZ": 38.25,
									"renderPass": 0
								},
								{
									"name": "rope20",
									"from": [3, 2, -2.5],
									"to": [7.4, 2.5, -2],
									"rotationOrigin": [3.5, 2, -1.5],
									"faces": {
										"north": {"texture": "#rope", "uv": [0, 0, 32.25, 4.5], "autoUv": false, "snapUv": false},
										"east": {"texture": "#rope", "uv": [0, 0, 6.3, 3.5], "autoUv": false, "snapUv": false},
										"south": {"texture": "#rope", "uv": [0, 0, 32, 4], "autoUv": false, "snapUv": false},
										"west": {"texture": "#rope", "uv": [0, 0, 6.3, 3.5], "autoUv": false, "snapUv": false},
										"up": {"texture": "#rope", "uv": [0, 0, 27, 7], "autoUv": false, "snapUv": false},
										"down": {"texture": "#rope", "uv": [0, 0, 27.75, 6.3], "autoUv": false, "snapUv": false}
									},
									"rotationZ": -9.25,
									"renderPass": 0
								},
								{
									"name": "rope21",
									"from": [8.15, -7.2, -2.5],
									"to": [8.65, 1.825, -2],
									"rotationOrigin": [8.15, -7.25, -1.5],
									"faces": {
										"north": {"texture": "#rope", "uv": [0, 0, 2.5, 31.5], "autoUv": false, "snapUv": false},
										"east": {"texture": "#rope", "uv": [0, 0, 4.3, 32], "autoUv": false, "snapUv": false},
										"south": {"texture": "#rope", "uv": [0, 0, 2.5, 31.5], "autoUv": false, "snapUv": false},
										"west": {"texture": "#rope", "uv": [0, 0, 6.3, 31.5], "autoUv": false, "snapUv": false},
										"up": {"texture": "#rope", "uv": [0, 0, 2.5, 6.3], "autoUv": false, "snapUv": false},
										"down": {"texture": "#rope", "uv": [0, 0, 2.5, 6.3], "autoUv": false, "snapUv": false}
									},
									"rotationZ": 7.5,
									"renderPass": 0
								},
								{
									"name": "rope22",
									"from": [1, 1, -4],
									"to": [1.5, 1.5, -2],
									"rotationOrigin": [-0.5, 1, -1],
									"faces": {
										"north": {"texture": "#rope", "uv": [0, 0, 2.5, 3.5], "autoUv": false, "snapUv": false},
										"east": {"texture": "#rope", "uv": [0, 0, 25.2, 3.5], "autoUv": false, "snapUv": false},
										"south": {"texture": "#rope", "uv": [0, 0, 2.5, 3.5], "autoUv": false, "snapUv": false},
										"west": {"texture": "#rope", "uv": [0, 0, 25.2, 3.5], "autoUv": false, "snapUv": false},
										"up": {"texture": "#rope", "uv": [0, 0, 2.5, 25.2], "autoUv": false, "snapUv": false},
										"down": {"texture": "#rope", "uv": [0, 0, 2.5, 25.2], "autoUv": false, "snapUv": false}
									},
									"renderPass": 0
								},
								{
									"name": "rope23",
									"from": [1.58013, -10.51795, -2.5],
									"to": [9.05513, -10.01795, -2],
									"rotationOrigin": [2, -9.75, -1.25],
									"faces": {
										"north": {"texture": "#rope", "uv": [0, 0, 31.25, 3.5], "autoUv": false, "snapUv": false},
										"east": {"texture": "#rope", "uv": [0, 0, 6.3, 3.5], "autoUv": false, "snapUv": false},
										"south": {"texture": "#rope", "uv": [0, 0, 31.25, 3.5], "autoUv": false, "snapUv": false},
										"west": {"texture": "#rope", "uv": [0, 0, 6.3, 3.5], "autoUv": false, "snapUv": false},
										"up": {"texture": "#rope", "uv": [0, 0, 31.25, 6.3], "autoUv": false, "snapUv": false},
										"down": {"texture": "#rope", "uv": [0, 0, 31.25, 6.3], "autoUv": false, "snapUv": false}
									},
									"rotationZ": 27.5,
									"renderPass": 0
								},
								{
									"name": "rope24",
									"from": [2.08013, -10.65192, -8],
									"to": [9.23013, -10.15192, -7.5],
									"rotationOrigin": [2, -10.75, -6.75],
									"faces": {
										"north": {"texture": "#rope", "uv": [0, 0, 31.25, 3.5], "autoUv": false, "snapUv": false},
										"east": {"texture": "#rope", "uv": [0, 0, 6.3, 3.5], "autoUv": false, "snapUv": false},
										"south": {"texture": "#rope", "uv": [0, 0, 31.25, 3.5], "autoUv": false, "snapUv": false},
										"west": {"texture": "#rope", "uv": [0, 0, 6.3, 3.5], "autoUv": false, "snapUv": false},
										"up": {"texture": "#rope", "uv": [0, 0, 31.25, 6.3], "autoUv": false, "snapUv": false},
										"down": {"texture": "#rope", "uv": [0, 0, 31.25, 6.3], "autoUv": false, "snapUv": false}
									},
									"rotationZ": 28.25,
									"renderPass": 0
								},
								{
									"name": "rope25",
									"from": [1, 1, -8],
									"to": [1.5, 1.5, -6],
									"rotationOrigin": [-0.5, 1, -5],
									"faces": {
										"north": {"texture": "#rope", "uv": [0, 0, 2.5, 3.5], "autoUv": false, "snapUv": false},
										"east": {"texture": "#rope", "uv": [0, 0, 25.2, 3.5], "autoUv": false, "snapUv": false},
										"south": {"texture": "#rope", "uv": [0, 0, 2.5, 3.5], "autoUv": false, "snapUv": false},
										"west": {"texture": "#rope", "uv": [0, 0, 25.2, 3.5], "autoUv": false, "snapUv": false},
										"up": {"texture": "#rope", "uv": [0, 0, 2.5, 25.2], "autoUv": false, "snapUv": false},
										"down": {"texture": "#rope", "uv": [0, 0, 2.5, 25.2], "autoUv": false, "snapUv": false}
									},
									"renderPass": 0
								},
								{
									"name": "rope26",
									"from": [8.125, -7.175, -8],
									"to": [8.625, 0.575, -7.5],
									"rotationOrigin": [8.125, -7.25, -7],
									"faces": {
										"north": {"texture": "#rope", "uv": [0, 0, 2.5, 31.5], "autoUv": false, "snapUv": false},
										"east": {"texture": "#rope", "uv": [0, 0, 6.3, 31.5], "autoUv": false, "snapUv": false},
										"south": {"texture": "#rope", "uv": [0, 0, 2.5, 31.5], "autoUv": false, "snapUv": false},
										"west": {"texture": "#rope", "uv": [0, 0, 6.3, 31.5], "autoUv": false, "snapUv": false},
										"up": {"texture": "#rope", "uv": [0, 0, 2.5, 6.3], "autoUv": false, "snapUv": false},
										"down": {"texture": "#rope", "uv": [0, 0, 2.5, 6.3], "autoUv": false, "snapUv": false}
									},
									"rotationZ": 7,
									"renderPass": 0
								},
								{
									"name": "rope27",
									"from": [3.5, 1, -8],
									"to": [7.65, 1.5, -7.5],
									"rotationOrigin": [3.5, 1, -7],
									"faces": {
										"north": {"texture": "#rope", "uv": [0, 0, 27.75, 3.5], "autoUv": false, "snapUv": false},
										"east": {"texture": "#rope", "uv": [0, 0, 6.3, 3.5], "autoUv": false, "snapUv": false},
										"south": {"texture": "#rope", "uv": [0, 0, 27.75, 3.5], "autoUv": false, "snapUv": false},
										"west": {"texture": "#rope", "uv": [0, 0, 6.3, 3.5], "autoUv": false, "snapUv": false},
										"up": {"texture": "#rope", "uv": [0, 0, 26.75, 7.3], "autoUv": false, "snapUv": false},
										"down": {"texture": "#rope", "uv": [0, 0, 27.75, 6.3], "autoUv": false, "snapUv": false}
									},
									"rotationZ": -12,
									"renderPass": 0
								},
								{
									"name": "rope28",
									"from": [1.5, 1, -8],
									"to": [3.75, 1.5, -7.5],
									"rotationOrigin": [2, 1, -7],
									"faces": {
										"north": {"texture": "#rope", "uv": [0, 0, 11.25, 3.5], "autoUv": false, "snapUv": false},
										"east": {"texture": "#rope", "uv": [0, 0, 6.3, 3.5], "autoUv": false, "snapUv": false},
										"south": {"texture": "#rope", "uv": [0, 0, 11.25, 3.5], "autoUv": false, "snapUv": false},
										"west": {"texture": "#rope", "uv": [0, 0, 6.3, 3.5], "autoUv": false, "snapUv": false},
										"up": {"texture": "#rope", "uv": [0, 0, 11.25, 6.3], "autoUv": false, "snapUv": false},
										"down": {"texture": "#rope", "uv": [0, 0, 11.25, 6.3], "autoUv": false, "snapUv": false}
									},
									"rotationZ": -4.25,
									"renderPass": 0
								},
								{
									"name": "rope29",
									"from": [-0.5, -10.09985, -3.9815],
									"to": [0, -9.59985, -1.7315],
									"rotationOrigin": [-2, -9.75, -2.5],
									"faces": {
										"north": {"texture": "#rope", "uv": [0, 0, 2.5, 3.5], "autoUv": false, "snapUv": false},
										"east": {"texture": "#rope", "uv": [0, 0, 28.35, 3.5], "autoUv": false, "snapUv": false},
										"south": {"texture": "#rope", "uv": [0, 0, 2.5, 3.5], "autoUv": false, "snapUv": false},
										"west": {"texture": "#rope", "uv": [0, 0, 28.35, 3.5], "autoUv": false, "snapUv": false},
										"up": {"texture": "#rope", "uv": [0, 0, 2.5, 28.35], "autoUv": false, "snapUv": false},
										"down": {"texture": "#rope", "uv": [0, 0, 2.5, 28.35], "autoUv": false, "snapUv": false}
									},
									"rotationX": 42.5,
									"renderPass": 0
								},
								{
									"name": "rope30",
									"from": [-0.5, -10.5, -4.5],
									"to": [2, -10, -4],
									"rotationOrigin": [0, -10.5, -3.5],
									"faces": {
										"north": {"texture": "#rope", "uv": [0, 0, 12.5, 3.5], "autoUv": false, "snapUv": false},
										"east": {"texture": "#rope", "uv": [0, 0, 6.3, 3.5], "autoUv": false, "snapUv": false},
										"south": {"texture": "#rope", "uv": [0, 0, 12.5, 3.5], "autoUv": false, "snapUv": false},
										"west": {"texture": "#rope", "uv": [0, 0, 6.3, 3.5], "autoUv": false, "snapUv": false},
										"up": {"texture": "#rope", "uv": [0, 0, 12.5, 6.3], "autoUv": false, "snapUv": false},
										"down": {"texture": "#rope", "uv": [0, 0, 12.5, 6.3], "autoUv": false, "snapUv": false}
									},
									"renderPass": 0
								},
								{
									"name": "rope31",
									"from": [2, -10.25, -4.5],
									"to": [2.5, -8.75, -4],
									"rotationOrigin": [2, -9, -3.5],
									"faces": {
										"north": {"texture": "#rope", "uv": [0, 0, 2.5, 10.5], "autoUv": false, "snapUv": false},
										"east": {"texture": "#rope", "uv": [0, 0, 6.3, 10.5], "autoUv": false, "snapUv": false},
										"south": {"texture": "#rope", "uv": [0, 0, 2.5, 10.5], "autoUv": false, "snapUv": false},
										"west": {"texture": "#rope", "uv": [0, 0, 6.3, 10.5], "autoUv": false, "snapUv": false},
										"up": {"texture": "#rope", "uv": [0, 0, 2.5, 6.3], "autoUv": false, "snapUv": false},
										"down": {"texture": "#rope", "uv": [0, 0, 2.5, 6.3], "autoUv": false, "snapUv": false}
									},
									"renderPass": 0
								},
								{
									"name": "rope32",
									"from": [2, -10.25, -2],
									"to": [2.5, -9, -1.5],
									"rotationOrigin": [2, -9, -1],
									"faces": {
										"north": {"texture": "#rope", "uv": [0, 0, 2.5, 8.75], "autoUv": false, "snapUv": false},
										"east": {"texture": "#rope", "uv": [0, 0, 6.3, 8.75], "autoUv": false, "snapUv": false},
										"south": {"texture": "#rope", "uv": [0, 0, 2.5, 8.75], "autoUv": false, "snapUv": false},
										"west": {"texture": "#rope", "uv": [0, 0, 6.3, 8.75], "autoUv": false, "snapUv": false},
										"up": {"texture": "#rope", "uv": [0, 0, 2.5, 6.3], "autoUv": false, "snapUv": false},
										"down": {"texture": "#rope", "uv": [0, 0, 2.5, 6.3], "autoUv": false, "snapUv": false}
									},
									"renderPass": 0
								},
								{
									"name": "rope33",
									"from": [-0.5, -10.09985, -4.2685],
									"to": [0, -9.59985, -2.0185],
									"rotationOrigin": [-2, -9.75, -3.5],
									"faces": {
										"north": {"texture": "#rope", "uv": [2.5, 0, 0, 3.5], "autoUv": false, "snapUv": false},
										"east": {"texture": "#rope", "uv": [28.35, 0, 0, 3.5], "autoUv": false, "snapUv": false},
										"south": {"texture": "#rope", "uv": [2.5, 0, 0, 3.5], "autoUv": false, "snapUv": false},
										"west": {"texture": "#rope", "uv": [28.35, 0, 0, 3.5], "autoUv": false, "snapUv": false},
										"up": {"texture": "#rope", "uv": [0, 28.35, 2.5, 0], "autoUv": false, "snapUv": false},
										"down": {"texture": "#rope", "uv": [0, 28.35, 2.5, 0], "autoUv": false, "snapUv": false}
									},
									"rotationX": -42.5,
									"renderPass": 0
								},
								{
									"name": "rope34",
									"from": [-0.5, -9, -4.25],
									"to": [0, -8.5, -1.75],
									"rotationOrigin": [-2, -9, -1],
									"faces": {
										"north": {"texture": "#rope", "uv": [0, 0, 2.5, 3.5], "autoUv": false, "snapUv": false},
										"east": {"texture": "#rope", "uv": [0, 0, 31.5, 3.5], "autoUv": false, "snapUv": false},
										"south": {"texture": "#rope", "uv": [0, 0, 2.5, 3.5], "autoUv": false, "snapUv": false},
										"west": {"texture": "#rope", "uv": [0, 0, 31.5, 3.5], "autoUv": false, "snapUv": false},
										"up": {"texture": "#rope", "uv": [0, 0, 2.5, 31.5], "autoUv": false, "snapUv": false},
										"down": {"texture": "#rope", "uv": [0, 0, 2.5, 31.5], "autoUv": false, "snapUv": false}
									},
									"renderPass": 0
								},
								{
									"name": "rope35",
									"from": [0, -9, -4.5],
									"to": [2, -8.5, -4],
									"rotationOrigin": [0, -9, -3.5],
									"faces": {
										"north": {"texture": "#rope", "uv": [0, 0, 10, 3.5], "autoUv": false, "snapUv": false},
										"east": {"texture": "#rope", "uv": [0, 0, 6.3, 3.5], "autoUv": false, "snapUv": false},
										"south": {"texture": "#rope", "uv": [0, 0, 10, 3.5], "autoUv": false, "snapUv": false},
										"west": {"texture": "#rope", "uv": [0, 0, 6.3, 3.5], "autoUv": false, "snapUv": false},
										"up": {"texture": "#rope", "uv": [0, 0, 10, 6.3], "autoUv": false, "snapUv": false},
										"down": {"texture": "#rope", "uv": [0, 0, 10, 6.3], "autoUv": false, "snapUv": false}
									},
									"renderPass": 0
								},
								{
									"name": "rope36",
									"from": [-0.5, -10.5, -2],
									"to": [2, -10, -1.5],
									"rotationOrigin": [0, -10.5, -1],
									"faces": {
										"north": {"texture": "#rope", "uv": [0, 0, 12.5, 3.5], "autoUv": false, "snapUv": false},
										"east": {"texture": "#rope", "uv": [0, 0, 6.3, 3.5], "autoUv": false, "snapUv": false},
										"south": {"texture": "#rope", "uv": [0, 0, 12.5, 3.5], "autoUv": false, "snapUv": false},
										"west": {"texture": "#rope", "uv": [0, 0, 6.3, 3.5], "autoUv": false, "snapUv": false},
										"up": {"texture": "#rope", "uv": [0, 0, 12.5, 6.3], "autoUv": false, "snapUv": false},
										"down": {"texture": "#rope", "uv": [0, 0, 12.5, 6.3], "autoUv": false, "snapUv": false}
									},
									"renderPass": 0
								},
								{
									"name": "rope37",
									"from": [1, -9, -4],
									"to": [1.5, -8.5, -2],
									"rotationOrigin": [-0.5, -9, -1],
									"faces": {
										"north": {"texture": "#rope", "uv": [0, 0, 2.5, 3.5], "autoUv": false, "snapUv": false},
										"east": {"texture": "#rope", "uv": [0, 0, 25.2, 3.5], "autoUv": false, "snapUv": false},
										"south": {"texture": "#rope", "uv": [0, 0, 2.5, 3.5], "autoUv": false, "snapUv": false},
										"west": {"texture": "#rope", "uv": [0, 0, 25.2, 3.5], "autoUv": false, "snapUv": false},
										"up": {"texture": "#rope", "uv": [0, 0, 2.5, 25.2], "autoUv": false, "snapUv": false},
										"down": {"texture": "#rope", "uv": [0, 0, 2.5, 25.2], "autoUv": false, "snapUv": false}
									},
									"renderPass": 0
								},
								{
									"name": "rope38",
									"from": [1, -9, -8],
									"to": [1.5, -8.5, -6],
									"rotationOrigin": [-0.5, -9, -4.75],
									"faces": {
										"north": {"texture": "#rope", "uv": [0, 0, 2.5, 3.5], "autoUv": false, "snapUv": false},
										"east": {"texture": "#rope", "uv": [0, 0, 25.2, 3.5], "autoUv": false, "snapUv": false},
										"south": {"texture": "#rope", "uv": [0, 0, 2.5, 3.5], "autoUv": false, "snapUv": false},
										"west": {"texture": "#rope", "uv": [0, 0, 25.2, 3.5], "autoUv": false, "snapUv": false},
										"up": {"texture": "#rope", "uv": [0, 0, 2.5, 25.2], "autoUv": false, "snapUv": false},
										"down": {"texture": "#rope", "uv": [0, 0, 2.5, 25.2], "autoUv": false, "snapUv": false}
									},
									"renderPass": 0
								},
								{
									"name": "rope36",
									"from": [-0.5, -10.5, -6],
									"to": [2, -10, -5.5],
									"rotationOrigin": [0, -10.5, -5],
									"faces": {
										"north": {"texture": "#rope", "uv": [0, 0, 12.5, 3.5], "autoUv": false, "snapUv": false},
										"east": {"texture": "#rope", "uv": [0, 0, 6.3, 3.5], "autoUv": false, "snapUv": false},
										"south": {"texture": "#rope", "uv": [0, 0, 12.5, 3.5], "autoUv": false, "snapUv": false},
										"west": {"texture": "#rope", "uv": [0, 0, 6.3, 3.5], "autoUv": false, "snapUv": false},
										"up": {"texture": "#rope", "uv": [0, 0, 12.5, 6.3], "autoUv": false, "snapUv": false},
										"down": {"texture": "#rope", "uv": [0, 0, 12.5, 6.3], "autoUv": false, "snapUv": false}
									},
									"renderPass": 0
								},
								{
									"name": "rope35",
									"from": [0, -9, -6],
									"to": [2, -8.5, -5.5],
									"rotationOrigin": [0, -9, -5],
									"faces": {
										"north": {"texture": "#rope", "uv": [0, 0, 10, 3.5], "autoUv": false, "snapUv": false},
										"east": {"texture": "#rope", "uv": [0, 0, 6.3, 3.5], "autoUv": false, "snapUv": false},
										"south": {"texture": "#rope", "uv": [0, 0, 10, 3.5], "autoUv": false, "snapUv": false},
										"west": {"texture": "#rope", "uv": [0, 0, 6.3, 3.5], "autoUv": false, "snapUv": false},
										"up": {"texture": "#rope", "uv": [0, 0, 10, 6.3], "autoUv": false, "snapUv": false},
										"down": {"texture": "#rope", "uv": [0, 0, 10, 6.3], "autoUv": false, "snapUv": false}
									},
									"renderPass": 0
								},
								{
									"name": "rope34",
									"from": [-0.5, -9, -8.25],
									"to": [0, -8.5, -5.75],
									"rotationOrigin": [-2, -9, -5],
									"faces": {
										"north": {"texture": "#rope", "uv": [0, 0, 2.5, 3.5], "autoUv": false, "snapUv": false},
										"east": {"texture": "#rope", "uv": [0, 0, 31.5, 3.5], "autoUv": false, "snapUv": false},
										"south": {"texture": "#rope", "uv": [0, 0, 2.5, 3.5], "autoUv": false, "snapUv": false},
										"west": {"texture": "#rope", "uv": [0, 0, 31.5, 3.5], "autoUv": false, "snapUv": false},
										"up": {"texture": "#rope", "uv": [0, 0, 2.5, 31.5], "autoUv": false, "snapUv": false},
										"down": {"texture": "#rope", "uv": [0, 0, 2.5, 31.5], "autoUv": false, "snapUv": false}
									},
									"renderPass": 0
								},
								{
									"name": "rope33",
									"from": [-0.5, -10.09985, -8.2685],
									"to": [0, -9.59985, -6.0185],
									"rotationOrigin": [-2, -9.75, -7.5],
									"faces": {
										"north": {"texture": "#rope", "uv": [2.5, 0, 0, 3.5], "autoUv": false, "snapUv": false},
										"east": {"texture": "#rope", "uv": [28.35, 0, 0, 3.5], "autoUv": false, "snapUv": false},
										"south": {"texture": "#rope", "uv": [2.5, 0, 0, 3.5], "autoUv": false, "snapUv": false},
										"west": {"texture": "#rope", "uv": [28.35, 0, 0, 3.5], "autoUv": false, "snapUv": false},
										"up": {"texture": "#rope", "uv": [0, 28.35, 2.5, 0], "autoUv": false, "snapUv": false},
										"down": {"texture": "#rope", "uv": [0, 28.35, 2.5, 0], "autoUv": false, "snapUv": false}
									},
									"rotationX": -42.5,
									"renderPass": 0
								},
								{
									"name": "rope32",
									"from": [2, -10.25, -6],
									"to": [2.5, -9, -5.5],
									"rotationOrigin": [2, -9, -5],
									"faces": {
										"north": {"texture": "#rope", "uv": [0, 0, 2.5, 8.75], "autoUv": false, "snapUv": false},
										"east": {"texture": "#rope", "uv": [0, 0, 6.3, 8.75], "autoUv": false, "snapUv": false},
										"south": {"texture": "#rope", "uv": [0, 0, 2.5, 8.75], "autoUv": false, "snapUv": false},
										"west": {"texture": "#rope", "uv": [0, 0, 6.3, 8.75], "autoUv": false, "snapUv": false},
										"up": {"texture": "#rope", "uv": [0, 0, 2.5, 6.3], "autoUv": false, "snapUv": false},
										"down": {"texture": "#rope", "uv": [0, 0, 2.5, 6.3], "autoUv": false, "snapUv": false}
									},
									"renderPass": 0
								},
								{
									"name": "rope31",
									"from": [2, -10.25, -8.5],
									"to": [2.5, -9, -8],
									"rotationOrigin": [2, -9, -7.5],
									"faces": {
										"north": {"texture": "#rope", "uv": [0, 0, 2.5, 8.75], "autoUv": false, "snapUv": false},
										"east": {"texture": "#rope", "uv": [0, 0, 6.3, 8.75], "autoUv": false, "snapUv": false},
										"south": {"texture": "#rope", "uv": [0, 0, 2.5, 8.75], "autoUv": false, "snapUv": false},
										"west": {"texture": "#rope", "uv": [0, 0, 6.3, 8.75], "autoUv": false, "snapUv": false},
										"up": {"texture": "#rope", "uv": [0, 0, 2.5, 6.3], "autoUv": false, "snapUv": false},
										"down": {"texture": "#rope", "uv": [0, 0, 2.5, 6.3], "autoUv": false, "snapUv": false}
									},
									"renderPass": 0
								},
								{
									"name": "rope30",
									"from": [-0.5, -10.5, -8.5],
									"to": [2, -10, -8],
									"rotationOrigin": [0, -10.5, -7.5],
									"faces": {
										"north": {"texture": "#rope", "uv": [0, 0, 12.5, 3.5], "autoUv": false, "snapUv": false},
										"east": {"texture": "#rope", "uv": [0, 0, 6.3, 3.5], "autoUv": false, "snapUv": false},
										"south": {"texture": "#rope", "uv": [0, 0, 12.5, 3.5], "autoUv": false, "snapUv": false},
										"west": {"texture": "#rope", "uv": [0, 0, 6.3, 3.5], "autoUv": false, "snapUv": false},
										"up": {"texture": "#rope", "uv": [0, 0, 12.5, 6.3], "autoUv": false, "snapUv": false},
										"down": {"texture": "#rope", "uv": [0, 0, 12.5, 6.3], "autoUv": false, "snapUv": false}
									},
									"renderPass": 0
								},
								{
									"name": "rope29",
									"from": [-0.5, -10.09985, -7.9815],
									"to": [0, -9.59985, -5.7315],
									"rotationOrigin": [-2, -9.75, -6.5],
									"faces": {
										"north": {"texture": "#rope", "uv": [0, 0, 2.5, 3.5], "autoUv": false, "snapUv": false},
										"east": {"texture": "#rope", "uv": [0, 0, 28.35, 3.5], "autoUv": false, "snapUv": false},
										"south": {"texture": "#rope", "uv": [0, 0, 2.5, 3.5], "autoUv": false, "snapUv": false},
										"west": {"texture": "#rope", "uv": [0, 0, 28.35, 3.5], "autoUv": false, "snapUv": false},
										"up": {"texture": "#rope", "uv": [0, 0, 2.5, 28.35], "autoUv": false, "snapUv": false},
										"down": {"texture": "#rope", "uv": [0, 0, 2.5, 28.35], "autoUv": false, "snapUv": false}
									},
									"rotationX": 42.5,
									"renderPass": 0
								},
								{
									"name": "Metal",
									"from": [-3, -4, -8],
									"to": [-3, -4, -8],
									"rotationOrigin": [-3, -4, -8],
									"children": [
										{
											"name": "coppernail1",
											"from": [4.65, 2.55, 4.875],
											"to": [4.975, 2.875, 5],
											"rotationOrigin": [4.625, 2.625, 4.875],
											"faces": {
												"north": {"texture": "#copper", "uv": [0, 0, 32, 32], "autoUv": false, "snapUv": false},
												"east": {"texture": "#copper", "uv": [0, 0, 32, 32], "autoUv": false, "snapUv": false},
												"south": {"texture": "#copper", "uv": [0, 0, 32, 32], "autoUv": false, "snapUv": false},
												"west": {"texture": "#copper", "uv": [0, 0, 32, 32], "autoUv": false, "snapUv": false},
												"up": {"texture": "#copper", "uv": [0, 0, 32, 32], "autoUv": false, "snapUv": false},
												"down": {"texture": "#copper", "uv": [0, 0, 32, 32], "autoUv": false, "snapUv": false}
											},
											"rotationY": -90,
											"renderPass": 0
										},
										{
											"name": "coppernail2",
											"from": [4.65, 2.55, 0.875],
											"to": [4.975, 2.875, 1],
											"rotationOrigin": [4.625, 2.625, 0.875],
											"faces": {
												"north": {"texture": "#copper", "uv": [0, 0, 32, 32], "autoUv": false, "snapUv": false},
												"east": {"texture": "#copper", "uv": [0, 0, 32, 32], "autoUv": false, "snapUv": false},
												"south": {"texture": "#copper", "uv": [0, 0, 32, 32], "autoUv": false, "snapUv": false},
												"west": {"texture": "#copper", "uv": [0, 0, 32, 32], "autoUv": false, "snapUv": false},
												"up": {"texture": "#copper", "uv": [0, 0, 32, 32], "autoUv": false, "snapUv": false},
												"down": {"texture": "#copper", "uv": [0, 0, 32, 32], "autoUv": false, "snapUv": false}
											},
											"rotationY": -90,
											"renderPass": 0
										},
										{
											"name": "coppernail3",
											"from": [4.65, -1.45, 0.875],
											"to": [4.975, -1.125, 1],
											"rotationOrigin": [4.625, -1.375, 0.875],
											"faces": {
												"north": {"texture": "#copper", "uv": [0, 0, 32, 32], "autoUv": false, "snapUv": false},
												"east": {"texture": "#copper", "uv": [0, 0, 32, 32], "autoUv": false, "snapUv": false},
												"south": {"texture": "#copper", "uv": [0, 0, 32, 32], "autoUv": false, "snapUv": false},
												"west": {"texture": "#copper", "uv": [0, 0, 32, 32], "autoUv": false, "snapUv": false},
												"up": {"texture": "#copper", "uv": [0, 0, 32, 32], "autoUv": false, "snapUv": false},
												"down": {"texture": "#copper", "uv": [0, 0, 32, 32], "autoUv": false, "snapUv": false}
											},
											"rotationY": -90,
											"renderPass": 0
										},
										{
											"name": "coppernail4",
											"from": [4.65, -1.45, 4.875],
											"to": [4.975, -1.125, 5],
											"rotationOrigin": [4.625, -1.375, 4.875],
											"faces": {
												"north": {"texture": "#copper", "uv": [0, 0, 32, 32], "autoUv": false, "snapUv": false},
												"east": {"texture": "#copper", "uv": [0, 0, 32, 32], "autoUv": false, "snapUv": false},
												"south": {"texture": "#copper", "uv": [0, 0, 32, 32], "autoUv": false, "snapUv": false},
												"west": {"texture": "#copper", "uv": [0, 0, 32, 32], "autoUv": false, "snapUv": false},
												"up": {"texture": "#copper", "uv": [0, 0, 32, 32], "autoUv": false, "snapUv": false},
												"down": {"texture": "#copper", "uv": [0, 0, 32, 32], "autoUv": false, "snapUv": false}
											},
											"rotationY": -90,
											"renderPass": 0
										}
									]
								},
								{
									"name": "Crock",
									"from": [3.35, -2, -7],
									"to": [3.35, -2, -7],
									"rotationOrigin": [3.35, -2, -7],
									"children": [
										{
											"name": "bottom",
											"from": [-1.08, 0, -1.08],
											"to": [1.08, 0.27, 1.08],
											"rotationOrigin": [0, 0, 0],
											"faces": {
												"north": {"texture": "#pot-side", "uv": [8, 9, 12, 9.5], "autoUv": false, "snapUv": false},
												"east": {"texture": "#pot-side", "uv": [5, 9, 9, 9.5], "autoUv": false, "snapUv": false},
												"south": {"texture": "#pot-side", "uv": [3.5, 9, 7.5, 9.5], "autoUv": false, "snapUv": false},
												"west": {"texture": "#pot-side", "uv": [0, 9, 4, 9.5], "autoUv": false, "snapUv": false},
												"up": {"texture": "#pot-side", "uv": [5.5, 5, 9.5, 9], "autoUv": false, "snapUv": false},
												"down": {"texture": "#pot-side", "uv": [0, 0, 4, 4], "autoUv": false, "snapUv": false}
											},
											"shade": false
										},
										{
											"name": "W side",
											"from": [-1.35, 0.27, -1.35],
											"to": [-0.81, 2.16, 1.35],
											"rotationOrigin": [0, 0, 0],
											"faces": {
												"north": {"texture": "#pot-side", "uv": [0, 0, 1, 1], "autoUv": false, "snapUv": false},
												"east": {"texture": "#pot-side", "uv": [5.5, 1.5, 10.5, 5], "autoUv": false, "snapUv": false},
												"south": {"texture": "#pot-side", "uv": [0, 0, 1, 1], "autoUv": false, "snapUv": false},
												"west": {"texture": "#pot-side", "uv": [10, 2, 15, 5.5], "autoUv": false, "snapUv": false},
												"up": {"texture": "#pot-side", "uv": [1.5, 4, 6.5, 5], "rotation": 90, "autoUv": false, "snapUv": false},
												"down": {"texture": "#pot-side", "uv": [0, 0, 1, 5], "autoUv": false, "snapUv": false}
											},
											"shade": false
										},
										{
											"name": "E side",
											"from": [0.96, 0.27, -1.35],
											"to": [1.5, 2.16, 1.35],
											"rotationOrigin": [0.15, 0, 0],
											"faces": {
												"north": {"texture": "#pot-side", "uv": [0, 0, 1, 1], "autoUv": false, "snapUv": false},
												"east": {"texture": "#pot-side", "uv": [10, 5, 14, 9], "autoUv": false, "snapUv": false},
												"south": {"texture": "#pot-side", "uv": [0, 0, 1, 1], "autoUv": false, "snapUv": false},
												"west": {"texture": "#pot-side", "uv": [5, 0.5, 10, 4], "autoUv": false, "snapUv": false},
												"up": {"texture": "#pot-side", "uv": [9, 4, 14, 5], "rotation": 270, "autoUv": false, "snapUv": false},
												"down": {"texture": "#pot-side", "uv": [0, 0, 1, 5], "autoUv": false, "snapUv": false}
											},
											"shade": false
										},
										{
											"name": "N side",
											"from": [-0.54, 0, 0],
											"to": [-0.54, 0, 0],
											"rotationOrigin": [-0.54, 0, 0],
											"children": [
												{
													"name": "N-TB",
													"from": [-0.27, 0.27, -1.35],
													"to": [1.35, 2.16, -0.81],
													"rotationOrigin": [0.54, 0, 0],
													"faces": {
														"north": {"texture": "#pot-side", "uv": [0, 0, 1, 1], "autoUv": false, "snapUv": false},
														"east": {"texture": "#pot-side", "uv": [0, 0, 1, 1], "autoUv": false, "snapUv": false},
														"south": {"texture": "#pot-side", "uv": [0, 0, 1, 1], "autoUv": false, "snapUv": false},
														"west": {"texture": "#pot-side", "uv": [0, 0, 1, 1], "autoUv": false, "snapUv": false},
														"up": {"texture": "#pot-side", "uv": [4, 4, 7, 5], "autoUv": false, "snapUv": false},
														"down": {"texture": "#pot-side", "uv": [0, 0, 3, 1], "autoUv": false, "snapUv": false}
													},
													"shade": false
												},
												{
													"name": "N side_geo",
													"from": [-0.81, 0.27, -1.35],
													"to": [1.89, 2.16, -0.81],
													"rotationOrigin": [-0.81, 0.27, -1.35],
													"faces": {
														"north": {"texture": "#pot-side", "uv": [11, 1, 16, 4.5], "autoUv": false, "snapUv": false},
														"east": {"texture": "#pot-side", "uv": [0, 0, 1, 1], "autoUv": false, "snapUv": false},
														"south": {"texture": "#pot-side", "uv": [1.5, 2.5, 6.5, 6], "autoUv": false, "snapUv": false},
														"west": {"texture": "#pot-side", "uv": [0, 0, 1, 1], "autoUv": false, "snapUv": false},
														"up": {"texture": "#pot-side", "uv": [0, 0, 1, 1], "autoUv": false, "snapUv": false},
														"down": {"texture": "#pot-side", "uv": [0, 0, 1, 1], "autoUv": false, "snapUv": false}
													},
													"shade": false
												}
											]
										},
										{
											"name": "S side",
											"from": [-0.54, 0, 0],
											"to": [-0.54, 0, 0],
											"rotationOrigin": [-0.54, 0, 0],
											"children": [
												{
													"name": "S-TB",
													"from": [-0.27, 0.27, 0.81],
													"to": [1.35, 2.16, 1.35],
													"rotationOrigin": [0.54, 0, 0],
													"faces": {
														"north": {"texture": "#pot-side", "uv": [0, 0, 1, 1], "autoUv": false, "snapUv": false},
														"east": {"texture": "#pot-side", "uv": [0, 0, 1, 1], "autoUv": false, "snapUv": false},
														"south": {"texture": "#pot-side", "uv": [0, 0, 1, 1], "autoUv": false, "snapUv": false},
														"west": {"texture": "#pot-side", "uv": [0, 0, 1, 1], "autoUv": false, "snapUv": false},
														"up": {"texture": "#pot-side", "uv": [1.5, 4.5, 4.5, 5.5], "autoUv": false, "snapUv": false},
														"down": {"texture": "#pot-side", "uv": [0.5, 3, 3.5, 4], "autoUv": false, "snapUv": false}
													},
													"shade": false
												},
												{
													"name": "S side_geo",
													"from": [-0.81, 0.27, 0.81],
													"to": [1.89, 2.16, 1.35],
													"rotationOrigin": [-0.81, 0.27, 0.81],
													"faces": {
														"north": {"texture": "#pot-side", "uv": [2.5, 1.5, 7.5, 5], "autoUv": false, "snapUv": false},
														"east": {"texture": "#pot-side", "uv": [0, 0, 1, 1], "autoUv": false, "snapUv": false},
														"south": {"texture": "#pot-side", "uv": [0.5, 2.5, 5.5, 6], "autoUv": false, "snapUv": false},
														"west": {"texture": "#pot-side", "uv": [0, 0, 1, 1], "autoUv": false, "snapUv": false},
														"up": {"texture": "#pot-side", "uv": [0, 0, 1, 1], "autoUv": false, "snapUv": false},
														"down": {"texture": "#pot-side", "uv": [0, 0, 1, 1], "autoUv": false, "snapUv": false}
													},
													"shade": false
												}
											]
										},
										{
											"name": "W side12",
											"from": [-1.08, 2.16, -1.08],
											"to": [-0.81, 2.43, 1.08],
											"rotationOrigin": [0, 0, 0],
											"faces": {
												"north": {"texture": "#pot-side", "uv": [11, 9.5, 11.5, 10], "autoUv": false, "snapUv": false},
												"east": {"texture": "#pot-side", "uv": [2, 0, 6, 0.5], "autoUv": false, "snapUv": false},
												"south": {"texture": "#pot-side", "uv": [1.5, 9.5, 2, 10], "autoUv": false, "snapUv": false},
												"west": {"texture": "#pot-side", "uv": [3.5, 9.5, 7.5, 10], "autoUv": false, "snapUv": false},
												"up": {"texture": "#pot-side", "uv": [12, 3.5, 16, 4], "rotation": 90, "autoUv": false, "snapUv": false},
												"down": {"texture": "#pot-side", "uv": [0, 0, 1, 1], "autoUv": false, "snapUv": false}
											},
											"shade": false
										},
										{
											"name": "E side13",
											"from": [0.81, 2.16, -1.08],
											"to": [1.08, 2.43, 1.08],
											"rotationOrigin": [0, 0, 0],
											"faces": {
												"north": {"texture": "#pot-side", "uv": [7.5, 9.5, 8, 10], "autoUv": false, "snapUv": false},
												"east": {"texture": "#pot-side", "uv": [2, 9.5, 6, 10], "autoUv": false, "snapUv": false},
												"south": {"texture": "#pot-side", "uv": [4.5, 9.5, 5, 10], "autoUv": false, "snapUv": false},
												"west": {"texture": "#pot-side", "uv": [7.5, 0, 11.5, 0.5], "autoUv": false, "snapUv": false},
												"up": {"texture": "#pot-side", "uv": [5.5, 3, 9.5, 3.5], "rotation": 90, "autoUv": false, "snapUv": false},
												"down": {"texture": "#pot-side", "uv": [0, 0, 1, 1], "autoUv": false, "snapUv": false}
											},
											"shade": false
										},
										{
											"name": "N side14",
											"from": [-0.81, 2.16, -1.08],
											"to": [0.81, 2.43, -0.81],
											"rotationOrigin": [0, 0, 0],
											"faces": {
												"north": {"texture": "#pot-side", "uv": [8.5, 9.5, 11.5, 10], "autoUv": false, "snapUv": false},
												"east": {"texture": "#pot-side", "uv": [0, 0, 1, 1], "autoUv": false, "snapUv": false},
												"south": {"texture": "#pot-side", "uv": [9.5, 0, 12.5, 0.5], "autoUv": false, "snapUv": false},
												"west": {"texture": "#pot-side", "uv": [0, 0, 1, 1], "autoUv": false, "snapUv": false},
												"up": {"texture": "#pot-side", "uv": [6, 3.5, 9, 4], "autoUv": false, "snapUv": false},
												"down": {"texture": "#pot-side", "uv": [0, 0, 1, 1], "autoUv": false, "snapUv": false}
											},
											"shade": false
										},
										{
											"name": "N side15",
											"from": [-0.81, 2.16, 0.81],
											"to": [0.81, 2.43, 1.08],
											"rotationOrigin": [0, 0, 0],
											"faces": {
												"north": {"texture": "#pot-side", "uv": [1.5, 0, 4.5, 0.5], "autoUv": false, "snapUv": false},
												"east": {"texture": "#pot-side", "uv": [0, 0, 1, 1], "autoUv": false, "snapUv": false},
												"south": {"texture": "#pot-side", "uv": [5.5, 9.5, 8.5, 10], "autoUv": false, "snapUv": false},
												"west": {"texture": "#pot-side", "uv": [0, 0, 1, 1], "autoUv": false, "snapUv": false},
												"up": {"texture": "#pot-side", "uv": [9.5, 3, 12.5, 3.5], "autoUv": false, "snapUv": false},
												"down": {"texture": "#pot-side", "uv": [0, 0, 1, 1], "autoUv": false, "snapUv": false}
											},
											"shade": false
										},
										{
											"name": "lid",
											"from": [0, 2.7, -1.08],
											"to": [0, 2.7, -1.08],
											"rotationOrigin": [0, 2.7, -1.08],
											"children": [
												{
													"name": "handle",
													"from": [-0.54, 0, 0.54],
													"to": [0.54, 0.27, 1.62],
													"rotationOrigin": [-1.35, -0.27, -0.27],
													"faces": {
														"north": {"texture": "#pot-side", "uv": [4.5, 2.5, 6.5, 3], "autoUv": false, "snapUv": false},
														"east": {"texture": "#pot-side", "uv": [0, 2, 2, 2.5], "autoUv": false, "snapUv": false},
														"south": {"texture": "#pot-side", "uv": [8.5, 2.5, 10.5, 3], "autoUv": false, "snapUv": false},
														"west": {"texture": "#pot-side", "uv": [12, 2.5, 14, 3], "autoUv": false, "snapUv": false},
														"up": {"texture": "#pot-side", "uv": [6.5, 1.5, 8.5, 3.5], "autoUv": false, "snapUv": false},
														"down": {"texture": "#pot-side", "uv": [0, 0, 1, 1], "autoUv": false, "snapUv": false}
													},
													"shade": false
												},
												{
													"name": "Cube1",
													"from": [-0.81, -0.54, 0.27],
													"to": [0.81, -0.27, 1.89],
													"rotationOrigin": [-1.35, -0.27, -0.27],
													"faces": {
														"north": {"texture": "#pot-side", "uv": [1, 11, 4, 11.5], "autoUv": false, "snapUv": false},
														"east": {"texture": "#pot-side", "uv": [1, 11.5, 4, 12], "autoUv": false, "snapUv": false},
														"south": {"texture": "#pot-side", "uv": [1, 11, 4, 11.5], "autoUv": false, "snapUv": false},
														"west": {"texture": "#pot-side", "uv": [1, 12.5, 4, 13], "autoUv": false, "snapUv": false},
														"up": {"texture": "#pot-side", "uv": [0, 0, 1, 1], "autoUv": false, "snapUv": false},
														"down": {"texture": "#pot-side", "uv": [12, 12, 15, 15], "autoUv": false, "snapUv": false}
													},
													"shade": false
												},
												{
													"name": "lid_geo",
													"from": [-1.35, -0.27, -0.27],
													"to": [1.35, 0, 2.43],
													"rotationOrigin": [-1.35, -0.27, -0.27],
													"faces": {
														"north": {"texture": "#aged-ceramic2", "uv": [0, 12.5, 5, 13], "autoUv": false, "snapUv": false},
														"east": {"texture": "#aged-ceramic2", "uv": [0, 12, 5, 12.5], "autoUv": false, "snapUv": false},
														"south": {"texture": "#aged-ceramic2", "uv": [0, 11.5, 5, 12], "autoUv": false, "snapUv": false},
														"west": {"texture": "#aged-ceramic2", "uv": [0, 11, 5, 11.5], "autoUv": false, "snapUv": false},
														"up": {"texture": "#aged-ceramic2", "uv": [19, 5, 28, 18], "autoUv": false, "snapUv": false},
														"down": {"texture": "#aged-ceramic2", "uv": [6, 11, 11, 16], "autoUv": false, "snapUv": false}
													},
													"shade": false
												}
											]
										}
									]
								},
								{
									"name": "Pot",
									"from": [4.15, -2, -3],
									"to": [4.15, -2, -3],
									"rotationOrigin": [4.15, -2, -3],
									"children": [
										{
											"name": "N",
											"from": [-2.135, 0.305, -2.135],
											"to": [2.135, 2.745, -1.525],
											"rotationOrigin": [-1.83, 0, -1.83],
											"faces": {
												"north": {"texture": "#pot-side", "uv": [2.5, 9, 9.5, 13], "autoUv": false, "snapUv": false},
												"east": {"texture": "#pot-side", "uv": [7, 9, 8, 13], "autoUv": false, "snapUv": false},
												"south": {"texture": "#pot-side", "uv": [9, 11, 16, 15], "autoUv": false, "snapUv": false},
												"west": {"texture": "#pot-side", "uv": [2, 9, 3, 13], "autoUv": false, "snapUv": false},
												"up": {"texture": "#pot-side", "uv": [7.5, 3.5, 14.5, 4.5], "autoUv": false, "snapUv": false},
												"down": {"texture": "#pot-side", "uv": [5, 14, 12, 15], "autoUv": false, "snapUv": false}
											},
											"shade": false
										},
										{
											"name": "S",
											"from": [-2.135, 0.305, 1.525],
											"to": [2.135, 2.745, 2.135],
											"rotationOrigin": [-1.83, 0, -1.83],
											"faces": {
												"north": {"texture": "#pot-side", "uv": [2, 11, 9, 15], "autoUv": false, "snapUv": false},
												"east": {"texture": "#pot-side", "uv": [7, 9, 8, 13], "autoUv": false, "snapUv": false},
												"south": {"texture": "#pot-side", "uv": [7.5, 9, 14.5, 13], "autoUv": false, "snapUv": false},
												"west": {"texture": "#pot-side", "uv": [5, 9, 6, 13], "autoUv": false, "snapUv": false},
												"up": {"texture": "#pot-side", "uv": [7, 5, 14, 6], "autoUv": false, "snapUv": false},
												"down": {"texture": "#pot-side", "uv": [3, 14, 10, 15], "autoUv": false, "snapUv": false}
											},
											"shade": false
										},
										{
											"name": "W",
											"from": [-2.135, 0.305, -1.525],
											"to": [-1.525, 2.745, 1.525],
											"rotationOrigin": [-1.83, 0, -1.83],
											"faces": {
												"north": {"texture": "#pot-side", "uv": [0, 0, 1, 1], "autoUv": false, "snapUv": false},
												"east": {"texture": "#pot-side", "uv": [5, 9, 10, 13], "autoUv": false, "snapUv": false},
												"south": {"texture": "#pot-side", "uv": [0, 0, 1, 1], "autoUv": false, "snapUv": false},
												"west": {"texture": "#pot-side", "uv": [7, 11, 12, 15], "autoUv": false, "snapUv": false},
												"up": {"texture": "#pot-side", "uv": [7, 3, 12, 4], "rotation": 90, "autoUv": false, "snapUv": false},
												"down": {"texture": "#pot-side", "uv": [2, 14, 7, 15], "rotation": 90, "autoUv": false, "snapUv": false}
											},
											"shade": false
										},
										{
											"name": "E",
											"from": [1.525, 0.305, -1.525],
											"to": [2.135, 2.745, 1.525],
											"rotationOrigin": [0, 0, -1.83],
											"faces": {
												"north": {"texture": "#pot-side", "uv": [0, 0, 1, 1], "autoUv": false, "snapUv": false},
												"east": {"texture": "#pot-side", "uv": [4, 9, 9, 13], "autoUv": false, "snapUv": false},
												"south": {"texture": "#pot-side", "uv": [0, 0, 1, 1], "autoUv": false, "snapUv": false},
												"west": {"texture": "#pot-side", "uv": [0, 11, 5, 15], "autoUv": false, "snapUv": false},
												"up": {"texture": "#pot-side", "uv": [9, 3.5, 14, 4.5], "rotation": 90, "autoUv": false, "snapUv": false},
												"down": {"texture": "#pot-side", "uv": [1, 15, 6, 16], "rotation": 90, "autoUv": false, "snapUv": false}
											},
											"shade": false
										},
										{
											"name": "N neck",
											"from": [-1.83, 2.745, -1.83],
											"to": [1.83, 3.355, -1.22],
											"rotationOrigin": [-1.83, 0, -1.83],
											"faces": {
												"north": {"texture": "#pot-side", "uv": [0, 0, 6, 1], "autoUv": false, "snapUv": false},
												"east": {"texture": "#pot-side", "uv": [5, 0, 6, 1], "autoUv": false, "snapUv": false},
												"south": {"texture": "#pot-side", "uv": [6, 0, 12, 1], "autoUv": false, "snapUv": false},
												"west": {"texture": "#pot-side", "uv": [0, 0, 1, 1], "autoUv": false, "snapUv": false},
												"up": {"texture": "#pot-side", "uv": [3, 5, 9, 6], "autoUv": false, "snapUv": false},
												"down": {"texture": "#pot-side", "uv": [3, 3, 9, 4], "autoUv": false, "snapUv": false}
											},
											"shade": false
										},
										{
											"name": "S neck",
											"from": [-1.83, 2.745, 1.22],
											"to": [1.83, 3.355, 1.83],
											"rotationOrigin": [-1.83, 0, -1.83],
											"faces": {
												"north": {"texture": "#pot-side", "uv": [0, 0, 6, 1], "autoUv": false, "snapUv": false},
												"east": {"texture": "#pot-side", "uv": [13, 0, 14, 1], "autoUv": false, "snapUv": false},
												"south": {"texture": "#pot-side", "uv": [6, 0, 12, 1], "autoUv": false, "snapUv": false},
												"west": {"texture": "#pot-side", "uv": [5, 0, 6, 1], "autoUv": false, "snapUv": false},
												"up": {"texture": "#pot-side", "uv": [6, 5, 12, 6], "autoUv": false, "snapUv": false},
												"down": {"texture": "#pot-side", "uv": [3, 3, 9, 4], "autoUv": false, "snapUv": false}
											},
											"shade": false
										},
										{
											"name": "W neck",
											"from": [-1.83, 2.745, -1.22],
											"to": [-1.22, 3.355, 1.22],
											"rotationOrigin": [-1.83, 0, -1.83],
											"faces": {
												"north": {"texture": "#pot-side", "uv": [0, 0, 1, 1], "autoUv": false, "snapUv": false},
												"east": {"texture": "#pot-side", "uv": [7, 0, 11, 1], "autoUv": false, "snapUv": false},
												"south": {"texture": "#pot-side", "uv": [0, 0, 1, 1], "autoUv": false, "snapUv": false},
												"west": {"texture": "#pot-side", "uv": [7, 0, 11, 1], "autoUv": false, "snapUv": false},
												"up": {"texture": "#pot-side", "uv": [3, 5, 4, 9], "autoUv": false, "snapUv": false},
												"down": {"texture": "#pot-side", "uv": [3, 3, 4, 7], "autoUv": false, "snapUv": false}
											},
											"shade": false
										},
										{
											"name": "E neck",
											"from": [1.22, 2.745, -1.22],
											"to": [1.83, 3.355, 1.22],
											"rotationOrigin": [-1.83, 0, -1.83],
											"faces": {
												"north": {"texture": "#pot-side", "uv": [0, 0, 1, 1], "autoUv": false, "snapUv": false},
												"east": {"texture": "#pot-side", "uv": [7, 0, 11, 1], "autoUv": false, "snapUv": false},
												"south": {"texture": "#pot-side", "uv": [0, 0, 1, 1], "autoUv": false, "snapUv": false},
												"west": {"texture": "#pot-side", "uv": [8, 0, 12, 1], "autoUv": false, "snapUv": false},
												"up": {"texture": "#pot-side", "uv": [9, 3, 10, 7], "autoUv": false, "snapUv": false},
												"down": {"texture": "#pot-side", "uv": [3, 3, 4, 7], "autoUv": false, "snapUv": false}
											},
											"shade": false
										},
										{
											"name": "floor_geo",
											"from": [-1.83, 0, -1.83],
											"to": [1.83, 0.305, 1.83],
											"rotationOrigin": [-1.83, 0, -1.83],
											"faces": {
												"north": {"texture": "#pot-side", "uv": [1, 15, 7, 15.5], "autoUv": false, "snapUv": false},
												"east": {"texture": "#pot-side", "uv": [5, 15, 11, 15.5], "autoUv": false, "snapUv": false},
												"south": {"texture": "#pot-side", "uv": [8, 15, 14, 15.5], "autoUv": false, "snapUv": false},
												"west": {"texture": "#pot-side", "uv": [10, 15, 16, 15.5], "autoUv": false, "snapUv": false},
												"up": {"texture": "#pot-side", "uv": [10, 0, 16, 6], "autoUv": false, "snapUv": false},
												"down": {"texture": "#pot-side", "uv": [2, 2.5, 8, 8.5], "autoUv": false, "snapUv": false}
											},
											"shade": false
										}
									]
								},
								{
									"name": "lid",
									"from": [4.15, 1.355, -4.525],
									"to": [4.15, 1.355, -4.525],
									"rotationOrigin": [4.15, 1.355, -4.525],
									"children": [
										{
											"name": "handle",
											"from": [-0.305, 0.305, 1.22],
											"to": [0.305, 0.61, 1.83],
											"rotationOrigin": [-0.305, 0.305, 1.22],
											"faces": {
												"north": {"texture": "#aged-ceramic2", "uv": [5, 3, 6, 5.5], "autoUv": false, "snapUv": false},
												"east": {"texture": "#aged-ceramic2", "uv": [3.5, 4, 4.5, 6.5], "autoUv": false, "snapUv": false},
												"south": {"texture": "#aged-ceramic2", "uv": [6.5, 2.5, 7.5, 5], "autoUv": false, "snapUv": false},
												"west": {"texture": "#aged-ceramic2", "uv": [6.5, 3.5, 7.5, 6], "autoUv": false, "snapUv": false},
												"up": {"texture": "#aged-ceramic2", "uv": [9.5, 2, 10.5, 3], "autoUv": false, "snapUv": false},
												"down": {"texture": "#aged-ceramic2", "uv": [0, 0, 1, 1], "autoUv": false, "snapUv": false}
											},
											"shade": false
										},
										{
											"name": "lid_geo",
											"from": [-1.525, 0, 0],
											"to": [1.525, 0.305, 3.05],
											"rotationOrigin": [-1.525, 0, 0],
											"faces": {
												"north": {"texture": "#aged-ceramic2", "uv": [3.5, 14, 8.5, 14.5], "autoUv": false, "snapUv": false},
												"east": {"texture": "#aged-ceramic2", "uv": [3.5, 14.5, 8.5, 15], "autoUv": false, "snapUv": false},
												"south": {"texture": "#aged-ceramic2", "uv": [7.5, 14, 12.5, 14.5], "autoUv": false, "snapUv": false},
												"west": {"texture": "#aged-ceramic2", "uv": [4.5, 14.5, 9.5, 15], "autoUv": false, "snapUv": false},
												"up": {"texture": "#aged-ceramic2", "uv": [1.5, 0, 11.5, 10], "autoUv": false, "snapUv": false},
												"down": {"texture": "#aged-ceramic2", "uv": [10, 11, 15, 16], "autoUv": false, "snapUv": false}
											},
											"shade": false
										}
									]
								},
								{
									"name": "upper shelf",
									"from": [1, -6, -1],
									"to": [1, -6, -1],
									"rotationOrigin": [1, -6, -1],
									"rotationY": 90,
									"children": [
										{
											"name": "handle 1",
											"from": [0, 3, 0],
											"to": [0, 3, 0],
											"rotationOrigin": [0, 3, 0],
											"children": [
												{
													"name": "bottom 1",
													"from": [0.5, -0.25, 0],
													"to": [1.5, 0, 1.5],
													"rotationOrigin": [0.5, 1, 0],
													"faces": {
														"north": {"texture": "#surface", "uv": [0, 15, 2, 15.5], "autoUv": false, "snapUv": false},
														"east": {"texture": "#surface", "uv": [0.5, 13, 1, 16], "rotation": 90, "autoUv": false, "snapUv": false},
														"south": {"texture": "#surface", "uv": [0, 15.5, 2, 16], "autoUv": false, "snapUv": false},
														"west": {"texture": "#surface", "uv": [0.5, 13, 1, 16], "rotation": 90, "autoUv": false, "snapUv": false},
														"up": {"texture": "#surface", "uv": [0, 0, 2, 3], "autoUv": false, "snapUv": false},
														"down": {"texture": "#surface", "uv": [0, 13, 2, 16], "autoUv": false, "snapUv": false}
													},
													"shade": false
												},
												{
													"name": "handle 1_geo",
													"from": [1.5, 1, 0],
													"to": [2.5, 2.5, 0.5],
													"rotationOrigin": [1.5, 1, 0],
													"faces": {
														"north": {"texture": "#surface", "uv": [14, 8.5, 16, 11.5], "rotation": 180, "autoUv": false, "snapUv": false},
														"east": {"texture": "#surface", "uv": [6, 11.5, 7, 14.5], "autoUv": false, "snapUv": false},
														"south": {"texture": "#surface", "uv": [14, 13, 16, 16], "autoUv": false, "snapUv": false},
														"west": {"texture": "#surface", "uv": [3.5, 11, 4.5, 14], "autoUv": false, "snapUv": false},
														"up": {"texture": "#surface", "uv": [0, 0, 2, 1], "autoUv": false, "snapUv": false},
														"down": {"texture": "#surface", "uv": [0, 0, 2, 1], "autoUv": false, "snapUv": false}
													},
													"shade": false
												}
											]
										},
										{
											"name": "handle 2",
											"from": [0, 4.5, 1.5],
											"to": [0, 4.5, 1.5],
											"rotationOrigin": [0, 4.5, 1.5],
											"children": [
												{
													"name": "bottom 2",
													"from": [6.5, -1.75, -1.5],
													"to": [7.5, -1.5, 0],
													"rotationOrigin": [6.5, 1, 0],
													"faces": {
														"north": {"texture": "#surface", "uv": [0, 14.5, 2, 15], "autoUv": false, "snapUv": false},
														"east": {"texture": "#surface", "uv": [0.5, 13, 1, 16], "rotation": 90, "autoUv": false, "snapUv": false},
														"south": {"texture": "#surface", "uv": [0, 13, 2, 13.5], "autoUv": false, "snapUv": false},
														"west": {"texture": "#surface", "uv": [0.5, 13, 1, 16], "rotation": 90, "autoUv": false, "snapUv": false},
														"up": {"texture": "#surface", "uv": [0, 0, 2, 3], "autoUv": false, "snapUv": false},
														"down": {"texture": "#surface", "uv": [0, 13, 2, 16], "autoUv": false, "snapUv": false}
													},
													"shade": false
												},
												{
													"name": "handle 2_geo",
													"from": [5.5, -0.5, -1.5],
													"to": [6.5, 1, -1],
													"rotationOrigin": [5.5, -0.5, -1.5],
													"faces": {
														"north": {"texture": "#surface", "uv": [12, 8.5, 14, 11.5], "rotation": 180, "autoUv": false, "snapUv": false},
														"east": {"texture": "#surface", "uv": [2, 11, 3, 14], "autoUv": false, "snapUv": false},
														"south": {"texture": "#surface", "uv": [12, 13, 14, 16], "autoUv": false, "snapUv": false},
														"west": {"texture": "#surface", "uv": [2, 12, 3, 15], "autoUv": false, "snapUv": false},
														"up": {"texture": "#surface", "uv": [0, 0, 2, 1], "autoUv": false, "snapUv": false},
														"down": {"texture": "#surface", "uv": [0, 0, 2, 1], "autoUv": false, "snapUv": false}
													},
													"shade": false
												}
											]
										},
										{
											"name": "upper shelf_geo",
											"from": [0, 3, 0],
											"to": [8, 4, 6.5],
											"rotationOrigin": [0, 3, 0],
											"faces": {
												"north": {"texture": "#surface", "uv": [0, 0, 16, 2], "autoUv": false, "snapUv": false},
												"east": {"texture": "#surface", "uv": [0, 0, 13, 2], "autoUv": false, "snapUv": false},
												"south": {"texture": "#surface", "uv": [0, 0, 16, 2], "autoUv": false, "snapUv": false},
												"west": {"texture": "#surface", "uv": [2, 0, 15, 2], "autoUv": false, "snapUv": false},
												"up": {"texture": "#surface", "uv": [0, 3, 16, 16], "autoUv": false, "snapUv": false},
												"down": {"texture": "#surface", "uv": [0, 3, 16, 16], "autoUv": false, "snapUv": false}
											},
											"shade": false
										}
									]
								},
								{
									"name": "lower shelf",
									"from": [1, -6, -1],
									"to": [1, -6, -1],
									"rotationOrigin": [1, -6, -1],
									"rotationY": 90,
									"children": [
										{
											"name": "handle 3",
											"from": [0, -1, 0],
											"to": [0, -1, 0],
											"rotationOrigin": [0, -1, 0],
											"children": [
												{
													"name": "bottom 3",
													"from": [0.5, -0.25, 0],
													"to": [1.5, 0, 1.5],
													"rotationOrigin": [0.5, 1, 0],
													"faces": {
														"north": {"texture": "#surface", "uv": [0, 14.5, 2, 15], "autoUv": false, "snapUv": false},
														"east": {"texture": "#surface", "uv": [1, 13, 1.5, 16], "rotation": 90, "autoUv": false, "snapUv": false},
														"south": {"texture": "#surface", "uv": [0, 15, 2, 15.5], "autoUv": false, "snapUv": false},
														"west": {"texture": "#surface", "uv": [1, 13, 1.5, 16], "rotation": 90, "autoUv": false, "snapUv": false},
														"up": {"texture": "#surface", "uv": [0, 0, 2, 3], "autoUv": false, "snapUv": false},
														"down": {"texture": "#surface", "uv": [0, 13, 2, 16], "autoUv": false, "snapUv": false}
													},
													"shade": false
												},
												{
													"name": "handle 3_geo",
													"from": [1.5, 1, 0],
													"to": [2.5, 2.5, 0.5],
													"rotationOrigin": [1.5, 1, 0],
													"faces": {
														"north": {"texture": "#surface", "uv": [8, 8.5, 10, 11.5], "rotation": 180, "autoUv": false, "snapUv": false},
														"east": {"texture": "#surface", "uv": [2, 11.5, 3, 14.5], "autoUv": false, "snapUv": false},
														"south": {"texture": "#surface", "uv": [10, 13, 12, 16], "autoUv": false, "snapUv": false},
														"west": {"texture": "#surface", "uv": [5.5, 11, 6.5, 14], "autoUv": false, "snapUv": false},
														"up": {"texture": "#surface", "uv": [4, 9.5, 6, 10.5], "autoUv": false, "snapUv": false},
														"down": {"texture": "#surface", "uv": [0, 0, 2, 1], "autoUv": false, "snapUv": false}
													},
													"shade": false
												},
												{
													"name": "handle 3_geo",
													"from": [-3, 1, 2.4],
													"to": [1, 1.5, 2.9],
													"rotationOrigin": [0, 1, 2.4],
													"faces": {
														"north": {"texture": "#surface", "uv": [5.5, 8.5, 12, 11.5], "rotation": 180, "autoUv": false, "snapUv": false},
														"east": {"texture": "#surface", "uv": [2, 11.5, 3, 14.5], "autoUv": false, "snapUv": false},
														"south": {"texture": "#surface", "uv": [10, 13, 12, 16], "autoUv": false, "snapUv": false},
														"west": {"texture": "#surface", "uv": [5.5, 11, 6.5, 14], "autoUv": false, "snapUv": false},
														"up": {"texture": "#surface", "uv": [4, 9.5, 6, 10.5], "autoUv": false, "snapUv": false},
														"down": {"texture": "#surface", "uv": [0, 0, 2, 1], "autoUv": false, "snapUv": false}
													},
													"rotationY": 90
												},
												{
													"name": "handle 3_geo",
													"from": [7.5, 1, 5.325],
													"to": [11.5, 1.5, 5.825],
													"rotationOrigin": [7.5, 1, 5.325],
													"faces": {
														"north": {"texture": "#surface", "uv": [8, 8.5, 10, 11.5], "rotation": 180, "autoUv": false, "snapUv": false},
														"east": {"texture": "#surface", "uv": [2, 11.5, 3, 14.5], "autoUv": false, "snapUv": false},
														"south": {"texture": "#surface", "uv": [4.5, 5.5, 11, 8.5], "autoUv": false, "snapUv": false},
														"west": {"texture": "#surface", "uv": [5.5, 11, 6.5, 14], "autoUv": false, "snapUv": false},
														"up": {"texture": "#surface", "uv": [4, 9.5, 6, 10.5], "autoUv": false, "snapUv": false},
														"down": {"texture": "#surface", "uv": [0, 0, 2, 1], "autoUv": false, "snapUv": false}
													},
													"rotationY": 90
												}
											]
										},
										{
											"name": "handle 4",
											"from": [0, -1, 0],
											"to": [0, -1, 0],
											"rotationOrigin": [0, -1, 0],
											"children": [
												{
													"name": "bottom 4",
													"from": [6.5, -0.25, 0],
													"to": [7.5, 0, 1.5],
													"rotationOrigin": [6.5, 1, 0],
													"faces": {
														"north": {"texture": "#surface", "uv": [0, 15.5, 2, 16], "autoUv": false, "snapUv": false},
														"east": {"texture": "#surface", "uv": [1, 13, 1.5, 16], "rotation": 90, "autoUv": false, "snapUv": false},
														"south": {"texture": "#surface", "uv": [0, 15, 2, 15.5], "autoUv": false, "snapUv": false},
														"west": {"texture": "#surface", "uv": [0.5, 13, 1, 16], "rotation": 90, "autoUv": false, "snapUv": false},
														"up": {"texture": "#surface", "uv": [1, 13, 3, 16], "autoUv": false, "snapUv": false},
														"down": {"texture": "#surface", "uv": [0, 13, 2, 16], "autoUv": false, "snapUv": false}
													},
													"shade": false
												},
												{
													"name": "handle 4_geo",
													"from": [5.5, 1, 0],
													"to": [6.5, 2.5, 0.5],
													"rotationOrigin": [5.5, 1, 0],
													"faces": {
														"north": {"texture": "#surface", "uv": [8, 8.5, 10, 11.5], "rotation": 180, "autoUv": false, "snapUv": false},
														"east": {"texture": "#surface", "uv": [2.5, 10.5, 3.5, 13.5], "autoUv": false, "snapUv": false},
														"south": {"texture": "#surface", "uv": [8, 13, 10, 16], "autoUv": false, "snapUv": false},
														"west": {"texture": "#surface", "uv": [3.5, 11, 4.5, 14], "autoUv": false, "snapUv": false},
														"up": {"texture": "#surface", "uv": [3, 9.5, 5, 10.5], "autoUv": false, "snapUv": false},
														"down": {"texture": "#surface", "uv": [0, 0, 2, 1], "autoUv": false, "snapUv": false}
													},
													"shade": false
												}
											]
										},
										{
											"name": "lower shelf_geo",
											"from": [0, -1, 0],
											"to": [8, 0, 6.5],
											"rotationOrigin": [0, -1, 0],
											"faces": {
												"north": {"texture": "#surface", "uv": [0, 2.5, 16, 4.5], "autoUv": false, "snapUv": false},
												"east": {"texture": "#surface", "uv": [2, 2.5, 15, 4.5], "autoUv": false, "snapUv": false},
												"south": {"texture": "#surface", "uv": [0, 2.5, 16, 4.5], "autoUv": false, "snapUv": false},
												"west": {"texture": "#surface", "uv": [0, 2.5, 13, 4.5], "autoUv": false, "snapUv": false},
												"up": {"texture": "#surface", "uv": [0, 3, 16, 16], "autoUv": false, "snapUv": false},
												"down": {"texture": "#surface", "uv": [0, 3, 16, 16], "autoUv": false, "snapUv": false}
											},
											"shade": false
										}
									]
								},
								{
									"name": "Bowl 1 floor",
									"from": [-1.75, -6, -7.5],
									"to": [-1.75, -6, -7.5],
									"rotationOrigin": [-1.75, -6, -7.5],
									"children": [
										{
											"name": "N 1",
											"from": [3.30818, 0, 3.30818],
											"to": [5.85293, 1.0179, 3.81713],
											"rotationOrigin": [3.81713, 0, 3.81713],
											"faces": {
												"north": {"texture": "#pot-side", "uv": [6, 5, 11, 7], "autoUv": false, "snapUv": false},
												"east": {"texture": "#pot-side", "uv": [9, 6, 10, 8], "autoUv": false, "snapUv": false},
												"south": {"texture": "#pot-side", "uv": [4, 7, 9, 9], "autoUv": false, "snapUv": false},
												"west": {"texture": "#pot-side", "uv": [12, 1, 13, 3], "autoUv": false, "snapUv": false},
												"up": {"texture": "#pot-side", "uv": [3, 12, 8, 13], "autoUv": false, "snapUv": false},
												"down": {"texture": "#pot-side", "uv": [0, 0, 1, 1], "autoUv": false, "snapUv": false}
											},
											"shade": false
										},
										{
											"name": "S 1",
											"from": [3.30818, 0, 5.34398],
											"to": [5.85293, 1.0179, 5.85293],
											"rotationOrigin": [3.81713, 0, 3.81713],
											"faces": {
												"north": {"texture": "#pot-side", "uv": [6, 10, 11, 12], "autoUv": false, "snapUv": false},
												"east": {"texture": "#pot-side", "uv": [6, 7, 7, 9], "autoUv": false, "snapUv": false},
												"south": {"texture": "#pot-side", "uv": [10, 3, 15, 5], "autoUv": false, "snapUv": false},
												"west": {"texture": "#pot-side", "uv": [11, 5, 12, 7], "autoUv": false, "snapUv": false},
												"up": {"texture": "#pot-side", "uv": [7, 9, 12, 10], "autoUv": false, "snapUv": false},
												"down": {"texture": "#pot-side", "uv": [0, 0, 1, 1], "autoUv": false, "snapUv": false}
											},
											"shade": false
										},
										{
											"name": "W 1",
											"from": [3.30818, 0, 3.81713],
											"to": [3.81713, 1.0179, 5.34398],
											"rotationOrigin": [3.81713, 0, 3.81713],
											"faces": {
												"north": {"texture": "#pot-side", "uv": [0, 0, 1, 1], "autoUv": false, "snapUv": false},
												"east": {"texture": "#pot-side", "uv": [10, 2, 13, 4], "autoUv": false, "snapUv": false},
												"south": {"texture": "#pot-side", "uv": [0, 0, 1, 1], "autoUv": false, "snapUv": false},
												"west": {"texture": "#pot-side", "uv": [4, 10, 7, 12], "autoUv": false, "snapUv": false},
												"up": {"texture": "#pot-side", "uv": [9, 7, 10, 10], "autoUv": false, "snapUv": false},
												"down": {"texture": "#pot-side", "uv": [0, 0, 1, 1], "autoUv": false, "snapUv": false}
											},
											"shade": false
										},
										{
											"name": "E 1",
											"from": [5.34398, 0, 3.81713],
											"to": [5.85293, 1.0179, 5.34398],
											"rotationOrigin": [3.81713, 0, 3.81713],
											"faces": {
												"north": {"texture": "#pot-side", "uv": [0, 0, 1, 1], "autoUv": false, "snapUv": false},
												"east": {"texture": "#pot-side", "uv": [1, 6, 4, 8], "autoUv": false, "snapUv": false},
												"south": {"texture": "#pot-side", "uv": [0, 0, 1, 1], "autoUv": false, "snapUv": false},
												"west": {"texture": "#pot-side", "uv": [6, 4, 9, 6], "autoUv": false, "snapUv": false},
												"up": {"texture": "#pot-side", "uv": [2, 4, 3, 7], "autoUv": false, "snapUv": false},
												"down": {"texture": "#pot-side", "uv": [0, 0, 1, 1], "autoUv": false, "snapUv": false}
											},
											"shade": false
										},
										{
											"name": "Bowl 1 floor_geo",
											"from": [3.30818, 0, 3.30818],
											"to": [5.85293, 0.50895, 5.85293],
											"rotationOrigin": [3.30818, 0, 3.30818],
											"faces": {
												"north": {"texture": "#pot-side", "uv": [0, 0, 1, 1], "autoUv": false, "snapUv": false},
												"east": {"texture": "#pot-side", "uv": [0, 0, 1, 1], "autoUv": false, "snapUv": false},
												"south": {"texture": "#pot-side", "uv": [0, 0, 1, 1], "autoUv": false, "snapUv": false},
												"west": {"texture": "#pot-side", "uv": [0, 0, 1, 1], "autoUv": false, "snapUv": false},
												"up": {"texture": "#pot-side", "uv": [10, 2, 15, 7], "autoUv": false, "snapUv": false},
												"down": {"texture": "#pot-side", "uv": [5, 5, 10, 10], "autoUv": false, "snapUv": false}
											},
											"shade": false
										}
									]
								},
								{
									"name": "Bowl_1_floor2",
									"from": [1.05, -6, -7.5],
									"to": [1.05, -6, -7.5],
									"rotationOrigin": [1.05, -6, -7.5],
									"children": [
										{
											"name": "N 2",
											"from": [3.30817, 0, 3.30818],
											"to": [5.85292, 1.0179, 3.81713],
											"rotationOrigin": [3.81712, 0, 3.81713],
											"faces": {
												"north": {"texture": "#pot-side", "uv": [6, 5, 11, 7], "autoUv": false, "snapUv": false},
												"east": {"texture": "#pot-side", "uv": [9, 6, 10, 8], "autoUv": false, "snapUv": false},
												"south": {"texture": "#pot-side", "uv": [4, 7, 9, 9], "autoUv": false, "snapUv": false},
												"west": {"texture": "#pot-side", "uv": [12, 1, 13, 3], "autoUv": false, "snapUv": false},
												"up": {"texture": "#pot-side", "uv": [3, 12, 8, 13], "autoUv": false, "snapUv": false},
												"down": {"texture": "#pot-side", "uv": [0, 0, 1, 1], "autoUv": false, "snapUv": false}
											}
										},
										{
											"name": "S 2",
											"from": [3.30817, 0, 5.34398],
											"to": [5.85292, 1.0179, 5.85293],
											"rotationOrigin": [3.81712, 0, 3.81713],
											"faces": {
												"north": {"texture": "#pot-side", "uv": [6, 10, 11, 12], "autoUv": false, "snapUv": false},
												"east": {"texture": "#pot-side", "uv": [6, 7, 7, 9], "autoUv": false, "snapUv": false},
												"south": {"texture": "#pot-side", "uv": [10, 3, 15, 5], "autoUv": false, "snapUv": false},
												"west": {"texture": "#pot-side", "uv": [11, 5, 12, 7], "autoUv": false, "snapUv": false},
												"up": {"texture": "#pot-side", "uv": [7, 9, 12, 10], "autoUv": false, "snapUv": false},
												"down": {"texture": "#pot-side", "uv": [0, 0, 1, 1], "autoUv": false, "snapUv": false}
											}
										},
										{
											"name": "W 2",
											"from": [3.30817, 0, 3.81713],
											"to": [3.81712, 1.0179, 5.34398],
											"rotationOrigin": [3.81712, 0, 3.81713],
											"faces": {
												"north": {"texture": "#pot-side", "uv": [0, 0, 1, 1], "autoUv": false, "snapUv": false},
												"east": {"texture": "#pot-side", "uv": [10, 2, 13, 4], "autoUv": false, "snapUv": false},
												"south": {"texture": "#pot-side", "uv": [0, 0, 1, 1], "autoUv": false, "snapUv": false},
												"west": {"texture": "#pot-side", "uv": [4, 10, 7, 12], "autoUv": false, "snapUv": false},
												"up": {"texture": "#pot-side", "uv": [9, 7, 10, 10], "autoUv": false, "snapUv": false},
												"down": {"texture": "#pot-side", "uv": [0, 0, 1, 1], "autoUv": false, "snapUv": false}
											}
										},
										{
											"name": "E 2",
											"from": [5.34397, 0, 3.81713],
											"to": [5.85292, 1.0179, 5.34398],
											"rotationOrigin": [3.81712, 0, 3.81713],
											"faces": {
												"north": {"texture": "#pot-side", "uv": [0, 0, 1, 1], "autoUv": false, "snapUv": false},
												"east": {"texture": "#pot-side", "uv": [1, 6, 4, 8], "autoUv": false, "snapUv": false},
												"south": {"texture": "#pot-side", "uv": [0, 0, 1, 1], "autoUv": false, "snapUv": false},
												"west": {"texture": "#pot-side", "uv": [6, 4, 9, 6], "autoUv": false, "snapUv": false},
												"up": {"texture": "#pot-side", "uv": [2, 4, 3, 7], "autoUv": false, "snapUv": false},
												"down": {"texture": "#pot-side", "uv": [0, 0, 1, 1], "autoUv": false, "snapUv": false}
											}
										},
										{
											"name": "Bowl 1 floor_geo",
											"from": [3.30817, 0, 3.30818],
											"to": [5.85292, 0.50895, 5.85293],
											"rotationOrigin": [3.30817, 0, 3.30818],
											"faces": {
												"north": {"texture": "#pot-side", "uv": [0, 0, 1, 1], "autoUv": false, "snapUv": false},
												"east": {"texture": "#pot-side", "uv": [0, 0, 1, 1], "autoUv": false, "snapUv": false},
												"south": {"texture": "#pot-side", "uv": [0, 0, 1, 1], "autoUv": false, "snapUv": false},
												"west": {"texture": "#pot-side", "uv": [0, 0, 1, 1], "autoUv": false, "snapUv": false},
												"up": {"texture": "#pot-side", "uv": [10, 2, 15, 7], "autoUv": false, "snapUv": false},
												"down": {"texture": "#pot-side", "uv": [5, 5, 10, 10], "autoUv": false, "snapUv": false}
											}
										}
									]
								},
								{
									"name": "Bowl_1_floor3",
									"from": [1.075, -6, -11.65],
									"to": [1.075, -6, -11.65],
									"rotationOrigin": [1.075, -6, -11.65],
									"children": [
										{
											"name": "N 3",
											"from": [3.30817, 0, 3.30818],
											"to": [5.85292, 1.0179, 3.81713],
											"rotationOrigin": [3.81712, 0, 3.81713],
											"faces": {
												"north": {"texture": "#pot-side", "uv": [6, 5, 11, 7], "autoUv": false, "snapUv": false},
												"east": {"texture": "#pot-side", "uv": [9, 6, 10, 8], "autoUv": false, "snapUv": false},
												"south": {"texture": "#pot-side", "uv": [4, 7, 9, 9], "autoUv": false, "snapUv": false},
												"west": {"texture": "#pot-side", "uv": [12, 1, 13, 3], "autoUv": false, "snapUv": false},
												"up": {"texture": "#pot-side", "uv": [3, 12, 8, 13], "autoUv": false, "snapUv": false},
												"down": {"texture": "#pot-side", "uv": [0, 0, 1, 1], "autoUv": false, "snapUv": false}
											}
										},
										{
											"name": "S 3",
											"from": [3.30817, 0, 5.34398],
											"to": [5.85292, 1.0179, 5.85293],
											"rotationOrigin": [3.81712, 0, 3.81713],
											"faces": {
												"north": {"texture": "#pot-side", "uv": [6, 10, 11, 12], "autoUv": false, "snapUv": false},
												"east": {"texture": "#pot-side", "uv": [6, 7, 7, 9], "autoUv": false, "snapUv": false},
												"south": {"texture": "#pot-side", "uv": [10, 3, 15, 5], "autoUv": false, "snapUv": false},
												"west": {"texture": "#pot-side", "uv": [11, 5, 12, 7], "autoUv": false, "snapUv": false},
												"up": {"texture": "#pot-side", "uv": [7, 9, 12, 10], "autoUv": false, "snapUv": false},
												"down": {"texture": "#pot-side", "uv": [0, 0, 1, 1], "autoUv": false, "snapUv": false}
											}
										},
										{
											"name": "W 3",
											"from": [3.30817, 0, 3.81713],
											"to": [3.81712, 1.0179, 5.34398],
											"rotationOrigin": [3.81712, 0, 3.81713],
											"faces": {
												"north": {"texture": "#pot-side", "uv": [0, 0, 1, 1], "autoUv": false, "snapUv": false},
												"east": {"texture": "#pot-side", "uv": [10, 2, 13, 4], "autoUv": false, "snapUv": false},
												"south": {"texture": "#pot-side", "uv": [0, 0, 1, 1], "autoUv": false, "snapUv": false},
												"west": {"texture": "#pot-side", "uv": [4, 10, 7, 12], "autoUv": false, "snapUv": false},
												"up": {"texture": "#pot-side", "uv": [9, 7, 10, 10], "autoUv": false, "snapUv": false},
												"down": {"texture": "#pot-side", "uv": [0, 0, 1, 1], "autoUv": false, "snapUv": false}
											}
										},
										{
											"name": "E 3",
											"from": [5.34397, 0, 3.81713],
											"to": [5.85292, 1.0179, 5.34398],
											"rotationOrigin": [3.81712, 0, 3.81713],
											"faces": {
												"north": {"texture": "#pot-side", "uv": [0, 0, 1, 1], "autoUv": false, "snapUv": false},
												"east": {"texture": "#pot-side", "uv": [1, 6, 4, 8], "autoUv": false, "snapUv": false},
												"south": {"texture": "#pot-side", "uv": [0, 0, 1, 1], "autoUv": false, "snapUv": false},
												"west": {"texture": "#pot-side", "uv": [6, 4, 9, 6], "autoUv": false, "snapUv": false},
												"up": {"texture": "#pot-side", "uv": [2, 4, 3, 7], "autoUv": false, "snapUv": false},
												"down": {"texture": "#pot-side", "uv": [0, 0, 1, 1], "autoUv": false, "snapUv": false}
											}
										},
										{
											"name": "Bowl 1 floor_geo",
											"from": [3.30817, 0, 3.30818],
											"to": [5.85292, 0.50895, 5.85293],
											"rotationOrigin": [3.30817, 0, 3.30818],
											"faces": {
												"north": {"texture": "#pot-side", "uv": [0, 0, 1, 1], "autoUv": false, "snapUv": false},
												"east": {"texture": "#pot-side", "uv": [0, 0, 1, 1], "autoUv": false, "snapUv": false},
												"south": {"texture": "#pot-side", "uv": [0, 0, 1, 1], "autoUv": false, "snapUv": false},
												"west": {"texture": "#pot-side", "uv": [0, 0, 1, 1], "autoUv": false, "snapUv": false},
												"up": {"texture": "#pot-side", "uv": [10, 2, 15, 7], "autoUv": false, "snapUv": false},
												"down": {"texture": "#pot-side", "uv": [5, 5, 10, 10], "autoUv": false, "snapUv": false}
											}
										}
									]
								},
								{
									"name": "Bowl_1_floor4",
									"from": [-1.75, -6, -11.65],
									"to": [-1.75, -6, -11.65],
									"rotationOrigin": [-1.75, -6, -11.65],
									"children": [
										{
											"name": "N 4",
											"from": [3.30818, 0, 3.30818],
											"to": [5.85293, 1.0179, 3.81713],
											"rotationOrigin": [3.81713, 0, 3.81713],
											"faces": {
												"north": {"texture": "#pot-side", "uv": [6, 5, 11, 7], "autoUv": false, "snapUv": false},
												"east": {"texture": "#pot-side", "uv": [9, 6, 10, 8], "autoUv": false, "snapUv": false},
												"south": {"texture": "#pot-side", "uv": [4, 7, 9, 9], "autoUv": false, "snapUv": false},
												"west": {"texture": "#pot-side", "uv": [12, 1, 13, 3], "autoUv": false, "snapUv": false},
												"up": {"texture": "#pot-side", "uv": [3, 12, 8, 13], "autoUv": false, "snapUv": false},
												"down": {"texture": "#pot-side", "uv": [0, 0, 1, 1], "autoUv": false, "snapUv": false}
											}
										},
										{
											"name": "S 4",
											"from": [3.30818, 0, 5.34398],
											"to": [5.85293, 1.0179, 5.85293],
											"rotationOrigin": [3.81713, 0, 3.81713],
											"faces": {
												"north": {"texture": "#pot-side", "uv": [6, 10, 11, 12], "autoUv": false, "snapUv": false},
												"east": {"texture": "#pot-side", "uv": [6, 7, 7, 9], "autoUv": false, "snapUv": false},
												"south": {"texture": "#pot-side", "uv": [10, 3, 15, 5], "autoUv": false, "snapUv": false},
												"west": {"texture": "#pot-side", "uv": [11, 5, 12, 7], "autoUv": false, "snapUv": false},
												"up": {"texture": "#pot-side", "uv": [7, 9, 12, 10], "autoUv": false, "snapUv": false},
												"down": {"texture": "#pot-side", "uv": [0, 0, 1, 1], "autoUv": false, "snapUv": false}
											}
										},
										{
											"name": "W 4",
											"from": [3.30818, 0, 3.81713],
											"to": [3.81713, 1.0179, 5.34398],
											"rotationOrigin": [3.81713, 0, 3.81713],
											"faces": {
												"north": {"texture": "#pot-side", "uv": [0, 0, 1, 1], "autoUv": false, "snapUv": false},
												"east": {"texture": "#pot-side", "uv": [10, 2, 13, 4], "autoUv": false, "snapUv": false},
												"south": {"texture": "#pot-side", "uv": [0, 0, 1, 1], "autoUv": false, "snapUv": false},
												"west": {"texture": "#pot-side", "uv": [4, 10, 7, 12], "autoUv": false, "snapUv": false},
												"up": {"texture": "#pot-side", "uv": [9, 7, 10, 10], "autoUv": false, "snapUv": false},
												"down": {"texture": "#pot-side", "uv": [0, 0, 1, 1], "autoUv": false, "snapUv": false}
											}
										},
										{
											"name": "E 4",
											"from": [5.34398, 0, 3.81713],
											"to": [5.85293, 1.0179, 5.34398],
											"rotationOrigin": [3.81713, 0, 3.81713],
											"faces": {
												"north": {"texture": "#pot-side", "uv": [0, 0, 1, 1], "autoUv": false, "snapUv": false},
												"east": {"texture": "#pot-side", "uv": [1, 6, 4, 8], "autoUv": false, "snapUv": false},
												"south": {"texture": "#pot-side", "uv": [0, 0, 1, 1], "autoUv": false, "snapUv": false},
												"west": {"texture": "#pot-side", "uv": [6, 4, 9, 6], "autoUv": false, "snapUv": false},
												"up": {"texture": "#pot-side", "uv": [2, 4, 3, 7], "autoUv": false, "snapUv": false},
												"down": {"texture": "#pot-side", "uv": [0, 0, 1, 1], "autoUv": false, "snapUv": false}
											}
										},
										{
											"name": "Bowl 1 floor_geo",
											"from": [3.30818, 0, 3.30818],
											"to": [5.85293, 0.50895, 5.85293],
											"rotationOrigin": [3.30818, 0, 3.30818],
											"faces": {
												"north": {"texture": "#pot-side", "uv": [0, 0, 1, 1], "autoUv": false, "snapUv": false},
												"east": {"texture": "#pot-side", "uv": [0, 0, 1, 1], "autoUv": false, "snapUv": false},
												"south": {"texture": "#pot-side", "uv": [0, 0, 1, 1], "autoUv": false, "snapUv": false},
												"west": {"texture": "#pot-side", "uv": [0, 0, 1, 1], "autoUv": false, "snapUv": false},
												"up": {"texture": "#pot-side", "uv": [10, 2, 15, 7], "autoUv": false, "snapUv": false},
												"down": {"texture": "#pot-side", "uv": [5, 5, 10, 10], "autoUv": false, "snapUv": false}
											}
										}
									]
								}
							]
						}
					]
				}
			]
		}
	],
	"animations": []
}
