{
	"editor": {
		"backDropShape": "C:/Users/Admin/AppData/Roaming/Vintagestory/assets/game/shapes/entity/humanoid/seraph-hairless",
		"allAngles": true,
		"entityTextureMode": false
	},
	"textureWidth": 16,
	"textureHeight": 16,
	"textureSizes": {
		"main texture propeller.png": [16,16]
	},
	"textures": {
		"main_texture_propeller.png": "textures/main_texture_propeller.png"
	},
	"elements": [
		{
			"name": "Prophat",
			"stepParentName": "Head",
			"from": [ 6.4, 5.25, 0.2 ],
			"to": [ 6.4, 5.25, 0.2 ],
			"rotationOrigin": [ 6.4, 5.25, 0.2 ],
			"faces": {
			},
			"children": [
				{
					"name": "cube",
					"from": [ -7.0, -0.075, -0.75 ],
					"to": [ 0.0, 0.5, 5.35 ],
					"rotationOrigin": [ -3.0, -0.8, 2.8 ],
					"faces": {
						"north": { "texture": "#main_texture_propeller.png", "uv": [ 7.0, 0.0, 13.0, 1.0 ], "autoUv": false, "snapUv": false },
						"east": { "texture": "#main_texture_propeller.png", "uv": [ 7.0, 2.0, 13.0, 3.0 ], "autoUv": false, "snapUv": false },
						"south": { "texture": "#main_texture_propeller.png", "uv": [ 7.0, 1.0, 13.0, 2.0 ], "autoUv": false, "snapUv": false },
						"west": { "texture": "#main_texture_propeller.png", "uv": [ 7.0, 3.0, 13.0, 4.0 ], "autoUv": false, "snapUv": false },
						"up": { "texture": "#main_texture_propeller.png", "uv": [ 6.0, 12.0, 0.0, 6.0 ], "autoUv": false, "snapUv": false },
						"down": { "texture": "#main_texture_propeller.png", "uv": [ 6.0, 6.0, 0.0, 12.0 ], "autoUv": false, "snapUv": false }
					}
				},
				{
					"name": "cube",
					"from": [ -7.0, -0.775, -0.75 ],
					"to": [ 0.0, -0.075, 5.35 ],
					"rotationOrigin": [ -3.0, -0.8, 2.8 ],
					"faces": {
						"north": { "texture": "#main_texture_propeller.png", "uv": [ 6.0, 7.0, 12.0, 8.0 ], "autoUv": false, "snapUv": false },
						"east": { "texture": "#main_texture_propeller.png", "uv": [ 6.0, 9.0, 12.0, 10.0 ], "autoUv": false, "snapUv": false },
						"south": { "texture": "#main_texture_propeller.png", "uv": [ 6.0, 8.0, 12.0, 9.0 ], "autoUv": false, "snapUv": false },
						"west": { "texture": "#main_texture_propeller.png", "uv": [ 6.0, 10.0, 12.0, 11.0 ], "autoUv": false, "snapUv": false },
						"up": { "texture": "#main_texture_propeller.png", "uv": [ 6.0, 12.0, 0.0, 6.0 ], "autoUv": false, "snapUv": false },
						"down": { "texture": "#main_texture_propeller.png", "uv": [ 14.0, 10.0, 13.0, 9.0 ], "autoUv": false, "snapUv": false }
					}
				},
				{
					"name": "cube",
					"from": [ -8.55, -0.775, -0.75 ],
					"to": [ -7.0, -0.575, 5.35 ],
					"rotationOrigin": [ -3.0, -0.8, 2.8 ],
					"faces": {
						"north": { "texture": "#main_texture_propeller.png", "uv": [ 13.0, 8.0, 14.0, 9.0 ], "autoUv": false, "snapUv": false },
						"east": { "texture": "#main_texture_propeller.png", "uv": [ 13.0, 8.0, 14.0, 9.0 ], "autoUv": false, "snapUv": false },
						"south": { "texture": "#main_texture_propeller.png", "uv": [ 13.0, 8.0, 14.0, 9.0 ], "autoUv": false, "snapUv": false },
						"west": { "texture": "#main_texture_propeller.png", "uv": [ 13.0, 9.0, 16.0, 8.0 ], "autoUv": false, "snapUv": false },
						"up": { "texture": "#main_texture_propeller.png", "uv": [ 16.0, 9.0, 13.0, 7.0 ], "rotation": 270, "autoUv": false, "snapUv": false },
						"down": { "texture": "#main_texture_propeller.png", "uv": [ 14.0, 10.0, 13.0, 9.0 ], "autoUv": false, "snapUv": false }
					}
				},
				{
					"name": "cube",
					"from": [ -6.75, 0.0, 2.3 ],
					"to": [ -3.5, 1.25, 5.1 ],
					"rotationOrigin": [ -3.0, 0.0, 2.8 ],
					"faces": {
						"north": { "texture": "#main_texture_propeller.png", "uv": [ 3.0, 0.0, 6.0, 1.0 ], "autoUv": false, "snapUv": false },
						"east": { "texture": "#main_texture_propeller.png", "uv": [ 3.0, 1.0, 6.0, 2.0 ], "autoUv": false, "snapUv": false },
						"south": { "texture": "#main_texture_propeller.png", "uv": [ 10.0, 13.0, 13.0, 14.0 ], "autoUv": false, "snapUv": false },
						"west": { "texture": "#main_texture_propeller.png", "uv": [ 10.0, 15.0, 13.0, 16.0 ], "autoUv": false, "snapUv": false },
						"up": { "texture": "#main_texture_propeller.png", "uv": [ 16.0, 16.0, 13.0, 13.0 ], "autoUv": false, "snapUv": false },
						"down": { "texture": "#main_texture_propeller.png", "uv": [ 3.0, 3.0, 0.0, 6.0 ], "autoUv": false, "snapUv": false }
					}
				},
				{
					"name": "cube",
					"from": [ -6.75, 0.0, -0.55 ],
					"to": [ -3.5, 1.25, 2.3 ],
					"rotationOrigin": [ -3.0, 0.0, 0.0 ],
					"faces": {
						"north": { "texture": "#main_texture_propeller.png", "uv": [ 3.0, 15.0, 6.0, 16.0 ], "autoUv": false, "snapUv": false },
						"east": { "texture": "#main_texture_propeller.png", "uv": [ 3.0, 1.0, 6.0, 2.0 ], "autoUv": false, "snapUv": false },
						"south": { "texture": "#main_texture_propeller.png", "uv": [ 3.0, 2.0, 6.0, 3.0 ], "autoUv": false, "snapUv": false },
						"west": { "texture": "#main_texture_propeller.png", "uv": [ 3.0, 13.0, 6.0, 14.0 ], "autoUv": false, "snapUv": false },
						"up": { "texture": "#main_texture_propeller.png", "uv": [ 3.0, 16.0, 0.0, 13.0 ], "autoUv": false, "snapUv": false },
						"down": { "texture": "#main_texture_propeller.png", "uv": [ 3.0, 3.0, 0.0, 6.0 ], "autoUv": false, "snapUv": false }
					}
				},
				{
					"name": "cube",
					"from": [ -3.5, 0.0, 2.3 ],
					"to": [ -0.25, 1.25, 5.1 ],
					"rotationOrigin": [ 0.0, 0.0, 2.8 ],
					"faces": {
						"north": { "texture": "#main_texture_propeller.png", "uv": [ 3.0, 0.0, 6.0, 1.0 ], "autoUv": false, "snapUv": false },
						"east": { "texture": "#main_texture_propeller.png", "uv": [ 13.0, 3.0, 16.0, 4.0 ], "autoUv": false, "snapUv": false },
						"south": { "texture": "#main_texture_propeller.png", "uv": [ 13.0, 4.0, 16.0, 5.0 ], "autoUv": false, "snapUv": false },
						"west": { "texture": "#main_texture_propeller.png", "uv": [ 3.0, 3.0, 6.0, 4.0 ], "autoUv": false, "snapUv": false },
						"up": { "texture": "#main_texture_propeller.png", "uv": [ 16.0, 3.0, 13.0, 0.0 ], "autoUv": false, "snapUv": false },
						"down": { "texture": "#main_texture_propeller.png", "uv": [ 3.0, 3.0, 0.0, 6.0 ], "autoUv": false, "snapUv": false }
					}
				},
				{
					"name": "cube",
					"from": [ -3.5, 0.0, -0.55 ],
					"to": [ -0.25, 1.25, 2.3 ],
					"faces": {
						"north": { "texture": "#main_texture_propeller.png", "uv": [ 3.0, 4.0, 6.0, 5.0 ], "autoUv": false, "snapUv": false },
						"east": { "texture": "#main_texture_propeller.png", "uv": [ 3.0, 5.0, 6.0, 6.0 ], "autoUv": false, "snapUv": false },
						"south": { "texture": "#main_texture_propeller.png", "uv": [ 3.0, 2.0, 6.0, 3.0 ], "autoUv": false, "snapUv": false },
						"west": { "texture": "#main_texture_propeller.png", "uv": [ 3.0, 3.0, 6.0, 4.0 ], "autoUv": false, "snapUv": false },
						"up": { "texture": "#main_texture_propeller.png", "uv": [ 3.0, 3.0, 0.0, 0.0 ], "autoUv": false, "snapUv": false },
						"down": { "texture": "#main_texture_propeller.png", "uv": [ 3.0, 3.0, 0.0, 6.0 ], "autoUv": false, "snapUv": false }
					}
				},
				{
					"name": "bone",
					"from": [ -3.4415, 1.9731, 2.301 ],
					"to": [ -3.4415, 1.9731, 2.301 ],
					"rotationOrigin": [ -3.4415, 1.9731, 2.301 ],
					"faces": {
					},
					"children": [
						{
							"name": "bone2",
							"from": [ 0.0335, 0.2981, 0.001 ],
							"to": [ 0.0335, 0.2981, 0.001 ],
							"rotationOrigin": [ 0.0335, 0.2981, 0.001 ],
							"faces": {
							},
							"children": [
								{
									"name": "cube",
									"from": [ -0.1185, -0.1611, -1.777 ],
									"to": [ -0.0475, 0.1228, 1.777 ],
									"rotationOrigin": [ -0.0475, 0.0164, -0.002 ],
									"rotationZ": 116.0,
									"faces": {
										"north": { "texture": "#main_texture_propeller.png", "uv": [ 1.0, 4.0, 2.0, 5.0 ], "autoUv": false, "snapUv": false },
										"east": { "texture": "#main_texture_propeller.png", "uv": [ 0.0, 3.0, 1.0, 4.0 ], "autoUv": false, "snapUv": false },
										"south": { "texture": "#main_texture_propeller.png", "uv": [ 1.0, 5.0, 2.0, 6.0 ], "autoUv": false, "snapUv": false },
										"west": { "texture": "#main_texture_propeller.png", "uv": [ 0.0, 3.0, 1.0, 4.0 ], "autoUv": false, "snapUv": false },
										"up": { "texture": "#main_texture_propeller.png", "uv": [ 2.0, 5.0, 1.0, 4.0 ], "autoUv": false, "snapUv": false },
										"down": { "texture": "#main_texture_propeller.png", "uv": [ 2.0, 4.0, 1.0, 5.0 ], "autoUv": false, "snapUv": false }
									}
								}
							]
						},
						{
							"name": "cube",
							"from": [ -0.1045, -1.1856, -0.072 ],
							"to": [ 0.0375, 0.5895, 0.07 ],
							"rotationOrigin": [ -0.0335, -0.298, -0.001 ],
							"rotationZ": -4.0,
							"faces": {
								"north": { "texture": "#main_texture_propeller.png", "uv": [ 2.0, 4.0, 3.0, 5.0 ], "autoUv": false, "snapUv": false },
								"east": { "texture": "#main_texture_propeller.png", "uv": [ 2.0, 5.0, 3.0, 6.0 ], "autoUv": false, "snapUv": false },
								"south": { "texture": "#main_texture_propeller.png", "uv": [ 2.0, 5.0, 3.0, 6.0 ], "autoUv": false, "snapUv": false },
								"west": { "texture": "#main_texture_propeller.png", "uv": [ 2.0, 5.0, 3.0, 6.0 ], "autoUv": false, "snapUv": false },
								"up": { "texture": "#main_texture_propeller.png", "uv": [ 3.0, 4.0, 2.0, 3.0 ], "autoUv": false, "snapUv": false },
								"down": { "texture": "#main_texture_propeller.png", "uv": [ 3.0, 4.0, 2.0, 5.0 ], "autoUv": false, "snapUv": false }
							}
						}
					]
				}
			]
		}
	],
	"animations": [
		{
			"name": "spinny",
			"code": "spinny",
			"quantityframes": 24,
			"onActivityStopped": "PlayTillEnd",
			"onAnimationEnd": "Repeat",
			"keyframes": [
				{
					"frame": 1,
					"elements": {
						"bone2": { "rotationX": 0.0, "rotationY": 0.0, "rotationZ": 0.0 }
					}
				},
				{
					"frame": 8,
					"elements": {
						"bone2": { "rotationX": 0.0, "rotationY": -177.5, "rotationZ": 0.0 }
					}
				},
				{
					"frame": 15,
					"elements": {
						"bone2": { "rotationX": 0.0, "rotationY": -270.0, "rotationZ": 0.0 }
					}
				},
				{
					"frame": 23,
					"elements": {
						"bone2": { "rotationX": 0.0, "rotationY": -360.0, "rotationZ": 0.0 }
					}
				}
			]
		}
	]
}