{
	code: "dagger",
	class: "ItemKnife",
	damagedby: ["attacking", "blockbreaking"],
	shape: { base: "tool/blade/forlorndagger" },
	tool: "knife",
	attackRange: 1.5,
	heldTpHitAnimation: "knifestab",
	attributes: {
		heldItemPitchFollow: 0.9,
		knifeHitBlockAnimation: "knifecut",
		knifeHitEntityAnimation: "knifestab",
		rackable: true,
		toolrackTransform: {
			translation: { x: 0.04, y: 0.5, z: 0 },
			rotation: { x: 10, y: 180, z: 0 },
			origin: { x: 0.5, y: 0, z: 0.5 },
			scale: 1.5
		},
		groundStorageTransform: {
			translation: { x: 0, y: 0.09, z: -0.08 },
			rotation: { x: 26, y: 88, z: -87 },
			scale: 0.9
		}
	},
	behaviors: [{ 
		name: "GroundStorable",
		properties: {
			layout: 'WallHalves',
			wallOffY: 2,
			sprintKey: true,
			selectionBox: { x1: 0, y1: 0, z1: 0, x2: 1, y2: 0.1, z2: 1 },
			collisionBox: { x1: 0, y1: 0, z1: 0, x2: 0, y2: 0, z2: 0 },
			}
		},
		{ name: "AnimationAuthoritative" }
	],
	miningspeed: {
		"plant": 2.2
	},
	durability: 1200,
	attackpower: 3.8,
	tooltier: 4,
	creativeinventory: { "general": ["*"], "items": ["*"], "tools": ["*"], "forlorn": ["*"] },
	guiTransform: {
		translation: { x: -3.5, y: 5, z: 0 },
		rotation: { x: -90, y: 45, z: 35 },
		origin: { x: 0.48, y: 0.1, z: 0.5 },
		scale: 2 },
	fpHandTransform: {
		translation: { x: -0.4, y: -0.5, z: 0.6 },
		rotation: { x: -35, y: 0, z: 85 },
		origin: { x: 0.1, y: 0.5, z: 0.5 },
		scale: 2.75 },
	groundTransform: {
		translation: { x: 0, y: 0.39, z: 0 },
		rotation: { x: 0, y: 0, z: 0 },
		origin: { x: 0.5, y: 0.5, z: 0.45 },
		scale: 3.8 },
	tpHandTransform: {
		translation: { x: -0.91, y: -0.68, z: -0.15 },
		rotation: { x: 90, y: 0, z: 0 },
		scale: 0.8 }
}
