{
	"code": "cervidae-cervini",
	"class": "EntityAgent",
	"tagsByType": {"*-baby-*":["animal","huntable","habitat-land"],"*":["animal","huntable","adult","habitat-land"]},
	"fallDamageMultiplierByType": { "*-baby-*" :0.5,"*-adult-*" :0.75},
	"variantgroups": [
		{"code": "age","states": [ "adult","baby" ]},
		{"code": "gender","states": [ "female","male"]},
		{"code": "type","states": [ "megalocerosgiganteus"]}
	],
	"hitBoxSizeByType": {
		"*-adult-female-megalocerosgiganteus": {	"x": 1.5,"y": 2.0},"*-adult-male-megalocerosgiganteus": {	"x": 1.7,"y": 2.2},"*-baby-*-megalocerosgiganteus": {	"x": 0.9,"y": 1.0}
	},
	"deadhitBoxSizeByType": {
		"*-adult-female-megalocerosgiganteus": {	"x": 1.5,"y": 1.0},"*-adult-male-megalocerosgiganteus": {	"x": 1.7,"y": 1.1},"*-baby-*-megalocerosgiganteus": {	"x": 0.9,"y": 0.5}
	},
	"eyeHeightByType": {
		"*-adult-female-megalocerosgiganteus": 1.9,"*-adult-male-megalocerosgiganteus": 2.1,"*-baby-*-megalocerosgiganteus": 1.1
	},
	"weightByType": {
		"*-adult-female-megalocerosgiganteus": 500,"*-adult-male-megalocerosgiganteus": 600,"*-baby-*-megalocerosgiganteus": 50
	},	
	"knockbackResistanceByType": {
		"*-adult-*": 1,
		"*-baby-*": 0.5
	},	
	"attributes": {
		"killedByInfoText": "deadcreature-killed",
		"basketCatchable": true,
		"trapChanceByType": {"*": 0.0 },
		"trapDestroyChanceByType": { "*-baby-*": 0.05, "*": 0.3 },
		"creatureDiet": {
			"foodCategories": ["Fruit", "Vegetable"],
			"foodTags": ["fruitmash","nibblecrop", "sweetBerryBush" ]
		},
		"trappableByType": {
			"*-baby-*": {
				"small": { "trapChance": 0.0,	"trapDestroyChance": 0.5 },
				"large": { "trapChance": 0.9,	"trapDestroyChance": 0 }
			},
			"*": {
				"small": { "trapChance": 0.0,	"trapDestroyChance": 0.1 },
				"large": { "trapChance": 0.0,	"trapDestroyChance": 0.05 }
			}
		},
		"creatureDietByType": {
			"*":{
			"foodCategories": ["Fruit","Vegetable"],
			"weightedFoodTags": [
				{ "weight": 0.8, "code": "fruit" },
				{ "weight": 0.5, "code": "fruitmash" },
				{ "weight": 0.5, "code": "nibblecrop" },
				{ "weight": 1, "code": "sweetBerryBush" },
				{ "weight": 1, "code": "tastyvegetable" }
			]
		}},
		"handbook": {
			"groupcode": "creaturegroup-cervini"
		}
	},
	"behaviorConfigs": {
		"controlledphysics": { 
			"stepHeight": 3.1251,
			"stepUpSpeed": 0.1
		},
		"floatupwhenstuck": { "onlyWhenDead": true },
		"rideableaccessories": {
			"wearableSlots": [
				{ "code": "head-megalocerosgiganteus", "forCategoryCodes": ["bridle"], "attachmentPointCode": "HeadAP" }, 
				{ "code": "face-megalocerosgiganteus", "forCategoryCodes": ["face"], "attachmentPointCode": "FaceAP" }, 
				{ "code": "neck-megalocerosgiganteus", "forCategoryCodes": ["lantern"], "attachmentPointCode": "NeckAP" },
				{ "code": "middleback-megalocerosgiganteus", "forCategoryCodes": ["saddle"], "attachmentPointCode": "MidAP" },
				{ "code": "middlebackunder-megalocerosgiganteus", "forCategoryCodes": ["blanket"], "attachmentPointCode": "MidUnderAP" },
				{ "code": "lowerback-megalocerosgiganteus", "forCategoryCodes": ["bedroll"], "attachmentPointCode": "RearAP" },
				{ "code": "lowerbackside-megalocerosgiganteus", "forCategoryCodes": ["sidebags"], "attachmentPointCode": "RearSideAP" },
				{ "code": "frontrightside-megalocerosgiganteus", "forCategoryCodes": ["utilities"], "attachmentPointCode": "RFrontAP" },
				{ "code": "frontleftside-megalocerosgiganteus", "forCategoryCodes": ["utilities"], "attachmentPointCode": "LFrontAP" }
			]},
		"selectionboxes": {
			"selectionBoxes": ["HeadAP", "FaceAP", "NeckAP", "MidAP", "MidUnderAP", "RearAP", "RearSideAP", "RFrontAP", "LFrontAP"]
		},
		"rideable": {
			"interactMountAnySeat": true,
			"seats": [
				{ "apName": "Rider", "selectionBox": "MidAP", "bodyYawLimit": 0.2, "controllable": true,
					"mountOffsetByType": { "*-female-megalocerosgiganteus": {"x":0,"y":0,"z":0},"*-male-megalocerosgiganteus": {"x":-0.1,"y":0.1,"z":-0.1},
					"*": {"x":0,"y":0.0,"z":0} } }
			],
			"controls": {
				"idle": {
					"weight": 1,
					"riderAnim": {
						"animation": "rideelk-idle",
						"animationSpeed": 1,
						"weight": 1,
						"withFpVariant": true,
						"blendMode": "Average", 
						"elementWeight": {
							"LowerTorso": 80,
							"UpperTorso": 80,
							"UpperFootR": 80,
							"UpperFootL": 80,
							"LowerFootR": 80,
							"LowerFootL": 80
						},
						"elementBlendMode": {
							"LowerTorso": "Average",
							"UpperTorso": "Average",
							"UpperFootR": "Average",
							"UpperFootL": "Average",
							"LowerFootR": "Average",
							"LowerFootL": "Average"
						}
					}
				},
				"swim": {
					"animation": "Swim",
					"animationSpeed": 1,
					"movespeed": 0.02,
					"weight": 10,
					"blendMode": "Average",
					"riderAnim": {
						"animation": "rideelk-walk",
						"animationSpeed": 1,
						"weight": 1,	
						"withFpVariant": true,
						"blendMode": "Average", 
						"elementWeight": {
							"LowerTorso": 80,
							"UpperTorso": 80,
							"UpperFootR": 80,
							"UpperFootL": 80,
							"LowerFootR": 80,
							"LowerFootL": 80
						},
						"elementBlendMode": {
							"LowerTorso": "Average",
							"UpperTorso": "Average",
							"UpperFootR": "Average",
							"UpperFootL": "Average",
							"LowerFootR": "Average",
							"LowerFootL": "Average"
						}
					}
				},
				"walk": {
					"animation": "walk",
					"weight": 10,
						"movespeedByType": {
							"*-megalocerosgiganteus": 0.0285
						},
						"animationSpeedByType": {
							"*-megalocerosgiganteus": 1.35,
							"*": 3
						},
					"blendMode": "Average",
					"riderAnim": {
						"animation": "rideelk-walk",
						"animationSpeed": 1,
						"weight": 1,	
						"withFpVariant": true,
						"blendMode": "Average", 
						"elementWeight": {
							"LowerTorso": 80,
							"UpperTorso": 80,
							"UpperFootR": 80,
							"UpperFootL": 80,
							"LowerFootR": 80,
							"LowerFootL": 80
						},
						"elementBlendMode": {
							"LowerTorso": "Average",
							"UpperTorso": "Average",
							"UpperFootR": "Average",
							"UpperFootL": "Average",
							"LowerFootR": "Average",
							"LowerFootL": "Average"
						}
					}
				},
				"walkback": {
					"animation": "walkback",
					"weight": 10,
						"movespeedByType": {
							"*-megalocerosgiganteus": 0.017
						},
						"animationSpeedByType": {
							"*-megalocerosgiganteus": 2.7,
							"*": 3
						},
					"easeInSpeed": 1,
					"easeOutSpeed": 3,
					"blendMode": "Average",
					"riderAnim": {
						"animation": "rideelk-walk",
						"animationSpeed": 1,
						"weight": 1,
						"withFpVariant": true,
						"blendMode": "Average", 
						"elementWeight": {
							"LowerTorso": 80,
							"UpperTorso": 80,
							"UpperFootR": 80,
							"UpperFootL": 80,
							"LowerFootR": 80,
							"LowerFootL": 80
						},
						"elementBlendMode": {
							"LowerTorso": "Average",
							"UpperTorso": "Average",
							"UpperFootR": "Average",
							"UpperFootL": "Average",
							"LowerFootR": "Average",
							"LowerFootL": "Average"
						}
					}
				},
				"sprint": {
					"animation": "Run",
					"weight": 10,
						"movespeedByType": {
							"*-megalocerosgiganteus": 0.12
						},
						"animationSpeedByType": {
							"*-megalocerosgiganteus": 2,
							"*": 6
						},
					"blendMode": "Average",
					"riderAnim": {
						"animation": "rideelk-run",
						"animationSpeed": 2,
						"weight": 1,
						"withFpVariant": true,
						"blendMode": "Average", 
						"elementWeight": {
							"LowerTorso": 80,
							"UpperTorso": 80,
							"UpperFootR": 80,
							"UpperFootL": 80,
							"LowerFootR": 80,
							"LowerFootL": 80
						},
						"elementBlendMode": {
							"LowerTorso": "Average",
							"UpperTorso": "Average",
							"UpperFootR": "Average",
							"UpperFootL": "Average",
							"LowerFootR": "Average",
							"LowerFootL": "Average"
						}
					}
				},
				"jump": {
					"animation": "jump",
					"weight": 50,
					"easeOutSpeed": 40,
					"blendMode": "Average",
					"animationSpeed": 1,
					"movespeed": 0.08,
					"riderAnim": {
						"animation": "rideelk-jump",
						"animationSpeed": 1,
						"weight": 10,
						"withFpVariant": true,
						"blendMode": "Average", 
						"elementWeight": {
							"LowerTorso": 160,
							"UpperTorso": 160,
							"UpperFootR": 160,
							"UpperFootL": 160,
							"LowerFootR": 160,
							"LowerFootL": 160
						},
						"elementBlendMode": {
							"LowerTorso": "Average",
							"UpperTorso": "Average",
							"UpperFootR": "Average",
							"UpperFootL": "Average",
							"LowerFootR": "Average",
							"LowerFootL": "Average"
						}
					}
				}
			}
		},
		"health": {
			"currenthealthByType": {
					"*-adult-female-megalocerosgiganteus": 30,"*-adult-male-megalocerosgiganteus": 34,"*-baby-*-megalocerosgiganteus": 12
			},
			"maxhealthByType": {
					"*-adult-female-megalocerosgiganteus": 30,"*-adult-male-megalocerosgiganteus": 34,"*-baby-*-megalocerosgiganteus": 12
			}
		},
		"ownable": {
			"groupCode": "mountableanimal"
		}
	},
	"drops": [],
	"client": {
		"renderer": "Shape",
		"shapeByType": {
			"*-adult-*-megalocerosgiganteus": { "base": "entity/cervini/megalocerosgiganteus/adult" },
			"*-baby-*-megalocerosgiganteus": { "base": "entity/cervini/megalocerosgiganteus/baby" }
		},
		"textureByType": {
			"*-adult-*-megalocerosgiganteus": { "base": "entity/cervini/{type}-adult", "alternates": [ { "base": "entity/cervini/{type}-adult2" },{ "base": "entity/cervini/{type}-adult3" }  ] },
			"*": { "base": "entity/cervini/{type}-{age}" }
		},
		"sizeByType": {
			"*-adult-female-megalocerosgiganteus": 0.95,
			"*-adult-male-megalocerosgiganteus": 1.05,
			"*-baby-*-megalocerosgiganteus": 1.0
		},
		"behaviors": [
			{ "code": "mortallywoundable", "whenBelowHealth": 10, "enabledByType": { "*-baby-*": false,"*-megalocerosgiganteus": false, "*": false},"minGeneration": 2 },
			{"code": "repulseagents" },
			{"code": "controlledphysics","stepHeight": 3.1251},
			{"code": "floatupwhenstuck","onlyWhenDead": true},
			{"code": "interpolateposition" },
			{"code": "harvestable","quantitySlots": 8},
			{ "code": "multiply", "enabledByType": { "*-adult-female-*": true, "*": false } },
			{ "code": "milkable", "enabledByType": { "*-adult-female-*": true, "*": false } },
			{"code": "despawn","minPlayerDistance": 8,"belowLightLevel": 8,"minSeconds": 300},
			{ "code": "antlergrowth", "enabledByType": { "*-adult-male-*": true, "*": false }},
			{ "code": "selectionboxes", "enabledByType": {  "*": false},"minGeneration": 2 },
			{ "code": "ownable", "enabledByType": {  "*": false},"minGeneration": 2 },
			{ "code": "rideableaccessories", "enabledByType": {  "*": false },"minGeneration": 2 },
			{ "code": "rideable", "enabledByType": { "*": false},"minGeneration": 2 },
			{"code": "ropetieable","minGeneration": 2}
		],
		"animations": [
			{"code": "attack","animation": "Attack","animationSpeed": 1.2,"weight": 10,"blendMode": "AddAverage"},
			{"code": "charge","animation": "Charge","easeInSpeed": 10,"easeOutSpeed": 2,"animationSpeed": 2.2,"weight": 10,"blendMode": "Average"},
			{"code": "die","animation": "Die","easeInSpeed": 3,"animationSpeed": 0.75,"weight": 10,"blendMode": "Average","triggeredBy": { "onControls": [ "dead" ] }},
			{"code": "eat","animation": "Eat","easeInSpeed": 4,"easeOutSpeed": 4,"blendMode": "Average"},
			{"code": "hurt","animation": "Hurt","animationSpeed": 2.2,"weight": 10,"blendMode": "AddAverage"},
			{"code": "idle","animation": "Idle","animationSpeed": 0.5,"blendMode": "AddAverage","easeOutSpeed": 4,"triggeredBy": { "defaultAnim": true }},
			{"code": "roar","animation": "Roar","animationSpeed": 2.2,"weight": 10,"blendMode": "AddAverage"},
			{"code": "sit","animation": "Sit","easeInSpeed": 0.1,"easeOutSpeed": 0.5,"blendMode": "Average"},
			{"code": "sleep","animation": "Sleep","easeInSpeed": 2,"easeOutSpeed": 2,"weight": 5,"blendMode": "Average"},
			{"code": "swim","animation": "Swim","supressDefaultAnimation": true,"blendMode": "Average"},
			{"code": "walk","animation": "Walk","easeInSpeed": 10,"supressDefaultAnimation": true,"blendMode": "Average"},
			{"code": "trot","animation": "Trot","easeInSpeed": 10,"supressDefaultAnimation": true,"blendMode": "Average"},
			{"code": "canter","animation": "Canter","easeInSpeed": 10,"supressDefaultAnimation": true,"blendMode": "Average"},
			{"code": "run","animation": "Run","easeInSpeed": 10,"supressDefaultAnimation": true,"blendMode": "Average"},
			{"code": "turn-left","animation": "turn-left","easeInSpeed": 3,"easeOutSpeed": 10,"weight": 0.01,"blendMode": "Average","elementWeight": {"Head": 80,"Neck": 80,"Neck2": 80},"elementBlendMode": {"Head": "AddAverage","Neck": "AddAverage","Neck2": "AddAverage"}},
			{"code": "turn-right","animation": "turn-right","easeInSpeed": 3,"easeOutSpeed": 10,"weight": 0.01,"blendMode": "Average","elementWeight": {"Head": 80,"Neck": 80,"Neck2": 80},"elementBlendMode": {"Head": "AddAverage","Neck": "AddAverage","Neck2": "AddAverage"}},
			{"code": "wounded-idle","animation": "wounded-idle","easeInSpeed": 3,"weight": 10,"blendMode": "Average"},
			{"code": "wounded-resthead","animation": "wounded-resthead","easeInSpeed": 3,"weight": 10,"blendMode": "Average"},
			{"code": "wounded-trystand","animation": "wounded-resthead","easeInSpeed": 3,"weight": 100,"blendMode": "Average"},
			{"code": "wounded-look","animation": "wounded-look","easeInSpeed": 3,"weight": 100,"blendMode": "Average"},
			{"code": "wounded-stand","animation": "wounded-stand","easeInSpeed": 3,"weight": 10,"blendMode": "Average"},
			{"code": "dead","animation": "dead","easeInSpeed": 3,"weight": 10,"blendMode": "Average"},
			{"code": "idle-turn-left","animation": "turn-left","easeInSpeed": 3,"easeOutSpeed": 10,"weight": 0.01,"blendMode": "Average","elementWeight": {"Head": 80,"Neck": 80,"Neck2": 80},"elementBlendMode": {"Head": "AddAverage","Neck": "AddAverage","Neck2": "AddAverage"}},
			{"code": "idle-turn-right","animation": "turn-right","easeInSpeed": 3,"easeOutSpeed": 10,"weight": 0.01,"blendMode": "Average","elementWeight": {"Head": 80,"Neck": 80,"Neck2": 80},"elementBlendMode": {"Head": "AddAverage","Neck": "AddAverage","Neck2": "AddAverage"}}
		]
	},
	"server": {
		"attributes": {
			"pathfinder": {
				"minTurnAnglePerSec": 90,
				"maxTurnAnglePerSec": 180
			}
		},
		"behaviors": [
			{ "code": "mortallywoundable", "whenBelowHealth": 10, "enabledByType": { "*-baby-*": false,"*-megalocerosgiganteus": false, "*": false},"minGeneration": 2 },
			{ "code": "selectionboxes", "enabledByType": { "*-baby-*": false,"*-megalocerosgiganteus": false, "*": false},"minGeneration": 2 },
			{ "code": "ownable", "enabledByType": { "*-baby-*": false,"*-megalocerosgiganteus": false, "*": false},"minGeneration": 2 },
			{ "code": "rideableaccessories", "enabledByType": { "*-baby-*": false,"*-megalocerosgiganteus": false, "*": false },"minGeneration": 2 },
			{ "code": "rideable", "enabledByType": { "*-baby-*": false,"*-megalocerosgiganteus": false, "*": false},"minGeneration": 2 },
			{ "code": "repulseagents" },
			{"code": "controlledphysics","stepHeight": 3.1251},
			{"code": "despawn","minPlayerDistance": 8,"belowLightLevel": 8,"minSeconds": 300},
			{"code": "health",
				"maxhealthByType": {
					"*-adult-female-megalocerosgiganteus": 30,"*-adult-male-megalocerosgiganteus": 34,"*-baby-*-megalocerosgiganteus": 12
				}
			},
			{"code": "deaddecay",
				"hoursToDecay": 96,
				"decayedBlockByType": {
				"*-adult-*": "carcass-large",
				"*-baby-*": "carcass-medium"
				}
			},
			{"code": "floatupwhenstuck","onlyWhenDead": true},
			{"code": "harvestable",
				"quantitySlots": 8,
				"drops": [
					{
						"type": "item",
						"code": "game:redmeat-raw",
						"quantityByType": {
							"*-adult-female-megalocerosgiganteus": {"avg": 35.5,"var": 1.5},
							"*-adult-male-megalocerosgiganteus": {"avg": 43,"var": 2},
							"*-baby-*-megalocerosgiganteus": {"avg": 6,"var": 1}
						}
					},
					{
						"type": "item",
						"code": "game:fat",
						"quantityByType": {
							"*-adult-female-megalocerosgiganteus": {"avg": 4.5,"var": 0.5},
							"*-adult-male-megalocerosgiganteus": {"avg": 5.5,"var": 0.5},
							"*-baby-*-megalocerosgiganteus": {"avg": 1,"var": 0.3}
						}
					},
					{
						"type": "item",
						"code": "cervinae:pelt-cervini-{gender}-{type}",
						"quantityByType": {
							"*-adult-*": {"avg": 1.0,"var": 0.0},
							"*": {"avg": 0.0,"var": 0.0}
						}
					},
					{
						"type": "item",
						"code": "cervinae:pelt-cervini-baby-{type}",
						"quantityByType": {
							"*-baby-*": {"avg": 1.0,"var": 0.0},
							"*": {"avg": 0.0,"var": 0.0}
						}
					}
				]
			},
			{"code": "breathe" },
			{"code": "multiply",
				"enabledByType": {
					"*-adult-female-*": true,
					"*": false
				},
				"spawnEntityCodesByType": {
				"*-adult-female-*": [ { "code":"cervinae:cervidae-cervini-baby-female-{type}"}, {"code": "cervinae:cervidae-cervini-baby-male-{type}"} ]},
				"requiresNearbyEntityCodeByType": {
					"*-adult-female-*": "cervinae:cervidae-cervini-adult-male-{type}"},
				"requiresNearbyEntityRange": 10,
				"spawnQuantityMin": 1,
				"spawnQuantityMaxByType": {"*-cervini-*": 2},
				"pregnancyDaysByType": {"*-megalocerosgiganteus": 50},
				"multiplyCooldownDaysMinByType": {"*-cervini-*": 8},
				"multiplyCooldownDaysMaxByType": {"*-cervini-*": 22},
				"portionsEatenForMultiplyByType": {"*-megalocerosgiganteus": 30}
			},
			{ "code": "milkable", "enabledByType": { "*-adult-female-*": true, "*": false } },
			{"code": "grow",
					"enabledByType": {
					"*-baby-*": true,
					"*": false
				},
				"hoursToGrowByType": {"*-megalocerosgiganteus": 1050},
				"adultEntityCodesByType": {
					"*-baby-male-*": ["cervinae:cervidae-cervini-adult-male-{type}"],
					"*-baby-female-*": ["cervinae:cervidae-cervini-adult-female-{type}"]
				}
			},
			{"code": "emotionstates",
				"states": [
					{"code": "fleeondamage","duration": 60,
						"chanceByType": {
							"*-adult-*": 1,
							"*-baby-*": 1
						},
						"slot": 2,"priority": 4,"accumType": "max","whenHealthRelBelow": 0.6},
					{"code": "aggressiveondamage","duration": 300,
						"chanceByType": {
							"*-adult-*": 1,
							"*-baby-*": 0.0
						},
						"slot": 2,"priority": 2,"accumType": "noaccum"},
					{"code": "fleeondamage","duration": 60,"slot": 2,"chanceByType": {"*-adult-*": 0.05,"*-baby-*": 1},"priority": 3,"accumType": "max"},
					{"code": "alarmherdondamage","chance": 1,"slot": 1,"priority": 1.5,"accumType": "max"},
					{"code": "saturated","duration": 1200,"chance": 1,"slot": 0,"priority": 1,"accumType": "sum"},
					{ "code": "aggressivearoundentities", "duration": 60, "chanceByType": {"*-baby-*": 0.0,"*-adult-*": 1.0}, "slot": 2, "priority": 5, "entityCodes": ["cervinae:cervidae-cervini-baby-female-{species}","cervinae:cervidae-cervini-baby-male-{species}"], "maxGeneration": 2 }
				]
			},
			{
				"code": "taskai",
				"aiCreatureType": "LandCreature",
				"aitasks": [
					{
						"code": "cometoowner",
						"priority": 4,
						"animation": "Run",
						"animationSpeed": 1.35,
						"movespeed": 0.019,
						"__allowTeleport": true,
						"teleportMaxRange": 1000,
						"teleportAfterRange": 200,
						"teleportToRange": 25
					},
					{
						"code": "meleeattack",
						"animation": "Attack",
						"enabledByType": {
							"*-baby-*": false,
							"*": true
						},
						"entityCodesByType": {
							"*": [ "player","bear-*","bell-*","bowtorn-*","drifter-*","hyena-*","shiver-*","wolf-*","caninae-canina-adult-*","dasyuridae-adult-*","felinae-adult-*","machairodontinae-adult-*","pantherinae-*","thylacoleonidae-*" ]},
						"priority": 1.9,
						"slot": 1,
						"damageByType": {
							"*-adult-female-megalocerosgiganteus":14,
							"*-adult-male-megalocerosgiganteus":15
						},
						"knockbackStrengthByType": {"*":0.2},
						"damageTierByType": {"*":2},
						"mincooldown": 1500,
						"maxcooldown": 2500,
						"minDistByType": {"*":2},
						"minVerDistByType": {"*":2},
						"attackDurationMs": 1250,
						"damagePlayerAtMs": 500,
						"animationSpeed": 2.5,
						"soundByType": {
							"*-megalocerosgiganteus":"cervinae:creature/megalocerosgiganteus/grunt*"}
					},
					{
						"code": "fleeentity",
						"animation": "Canter",
						"entityCodesByType": {
							"*-adult-*-megalocerosgiganteus":["player","bear-male-polar","bear-female-polar","bear-male-brown","bear-female-brown","bowtorn-*","shiver-*","wolf-male","wolf-female","caninae-canina-adult-*","machairodontinae-adult-*","pantherinae-panthera-adult-*","thylacoleonidae-adult-*"  ],
							"*-baby-*":["player","bear-*","bowtorn-*","shiver-*","hyena-male", "hyena-female","wolf-male", "wolf-female","caninae-canina-adult-*","machairodontinae-adult-*","pantherinae-panthera-adult-*","thylacoleonidae-adult-*"  ]
						},
						"priority": 1.8,
						"movespeedByType": {
							"*-megalocerosgiganteus": 0.075
						},
						"seekingRange": 20,
						"animationSpeedByType": {
							"*-adult-female-*": 1.1,"*-baby-*": 2,"*": 1
						}
					},
					{
						"code": "fleeentity",
						"animation": "Walk",
						"entityCodesByType": {
							"*": ["bell-*","drifter-*","bovinae-adult-*","elephantidae-adult-*","rhinocerotidae-adult-*"]
						},
						"priority": 1.75,
						"movespeedByType": {
							"*-adult-female-megalocerosgiganteus": 0.012,
							"*-adult-male-megalocerosgiganteus": 0.012,
							"*-baby-*-megalocerosgiganteus": 0.007
						},
						"animationSpeedByType": {
							"*-adult-female-megalocerosgiganteus": 1.25,
							"*": 1
						},
						"seekingRange": 5,
						"whenNotInEmotionState": "aggressiveondamage|fleeondamage"
					},
					{
						"code": "seekentity",
						"animation": "Roar",
						"entityCodesByType": {
							"*": [ "player","bear-*","bowtorn-*","drifter-*","hyena-*","shiver-*","wolf-*", "caninae-canina-adult-*","dasyuridae-adult-*","felinae-adult-*","machairodontinae-adult-*", "pantherinae-*","thylacoleonidae-*"  ]
						},
						"priority": 1.5,
						"priorityForCancel": 1.51,
						"mincooldown": 600,
						"maxcooldown": 650,
						"seekingRange": 40,
						"movespeed": 0.0001,
						"animationSpeed": 1.0,
						"soundByType": {
							"*-adult-*-megalocerosgiganteus":"cervinae:creature/megalocerosgiganteus/grunt*",
							"*": "game:creature/sheep/idle"
						},
						"whenNotInEmotionState": "fleeondamage"
					},
					{
						"code": "seekentity",
						"animation": "Charge",
						"enabledByType": {"*-baby-*": false,"*": true},
						"entityCodesByType": {
							"*-megalocerosgiganteus": [ "player","bear-*","hyena-*", "wolf-*", "caninae-canina-adult-*","felinae-adult-*","machairodontinae-adult-*","pantherinae-*","thylacoleonidae-*" ]
						},
						"priority": 1.82,
						"mincooldown": 6000,
						"maxcooldown": 6500,
						"seekingRange": 28,
						"movespeedByType": {
							"*-adult-*-megalocerosgiganteus": 0.075
						},
						"animationSpeed": 1,
						"soundByType": {
							"*-adult-*-megalocerosgiganteus":"cervinae:creature/megalocerosgiganteus/grunt*"},
						"whenInEmotionState": "aggressiveondamage|aggressivearoundentities"
					},
					{
						"code": "fleeentity",
						"animation": "Run",
						"entityCodesByType": {
							"*": ["player","bear-*","bowtorn-*","drifter-*","hyena-*","shiver-*","wolf-*", "caninae-canina-adult-*","felinae-adult-*","machairodontinae-adult-*", "pantherinae-*","thylacoleonidae-*" ]
						},
						"priority": 2.1,
						"movespeedByType": {
							"*-adult-*-megalocerosgiganteus": 0.14,"*-baby-*-megalocerosgiganteus": 0.09
						},
						"seekingRange": 25,
						"animationSpeed": 2,
						"soundByType": {
							"*-adult-male-megalocerosgiganteus":"cervinae:creature/alces/hurt"},
						"whenInEmotionState": "fleeondamage"
					},
					{
						"code": "getoutofwater",
						"animation": "Swim",
						"priority": 1.4,
						"movespeedByType": {
							"*-adult-*-megalocerosgiganteus": 0.0675,"*-baby-*-megalocerosgiganteus": 0.055},
						"animationSpeed": 1.0
					},
					{
						"code": "stayclosetoentity",
						"animation": "Trot",
						"enabledByType": {
							"*-adult-male-*": false,
							"*": true
						},
						"priority": 1.39,
						"entityCodeByType": { "*-adult-female-*":"cervidae-cervini-adult-male-{type}","*-baby-*":"cervidae-cervini-adult-female-{type}"},
						"movespeedByType": {
							"*-megalocerosgiganteus": 0.04
							},
						"animationSpeedByType": {
							"*-adult-female-*": 1.1,"*-baby-*": 2,"*": 1
						},
						"maxDistanceByType": { "*-adult-female-*":15,"*-baby-*":6},
						"searchRange": 35,
						"soundByType": {
							"*-baby-*": "game:creature/sheep/idle"
						}
					},
					{
						"code": "idle",
						"animation": "Sleep",
						"priority": 1.3,
						"priorityForCancel": 1.35,
						"minduration": 200000,
						"maxduration": 800000,
						"mincooldown": 10000,
						"maxcooldown": 30000,
						"animationSpeed": 0.3,
						"whenNotInEmotionState": "aggressiveondamage|aggressivearoundentities|fleeondamage",
						"duringDayTimeFramesByType": {
							"*-megalocerosgiganteus":[{"fromHour": 22,"toHour": 24},{"fromHour": 0,"toHour": 5}]},
						"stopOnNearbyEntityCodes": [ "player" ],
						"stopRange": 8,
						"stopOnHurt": true
					},
					{
						"code": "seekfoodandeat",
						"animation": "Walk",
						"eatAnimation": "Eat",
						"movespeedByType": {
							"*-megalocerosgiganteus": 0.007
						},
						"animationSpeedByType": {
							"*-adult-female-*": 1.1,"*-baby-*": 2,"*": 1
						},
						"priority": 1.34,
						"eatSoundByType": {
							"*":"game:creature/animal-eat-small"},
						"eatTime": 1.5,
						"eatLooseItems": true,
						"mincooldownHours": 1,
						"maxcooldownHours": 4,
						"whenNotInEmotionState": "aggressiveondamage|aggressivearoundentities|fleeondamage"
					},
					{
						"code": "idle",
						"animation": "Eat",
						"priority": 1.2,
						"priorityForCancel": 1.35,
						"minduration": 2667,
						"maxduration": 2667,
						"mincooldown": 6000,
						"maxcooldown": 20000,
						"animationSpeed": 1.5,
						"whenNotInEmotionState": "aggressiveondamage|aggressivearoundentities|fleeondamage"
					},
					{
						"code": "idle",
						"animation": "Roar",
						"priority": 1.0,
						"priorityForCancel": 1.35,
						"minduration": 4667,
						"maxduration": 4667,
						"chance": 0.02,
						"mincooldown": 8000,
						"maxcooldown": 50000,
						"animationSpeed": 1.5,
						"soundByType": {
							"*-adult-*-megalocerosgiganteus": "cervinae:creature/megalocerosgiganteus/grunt*",
							"*": "game:creature/sheep/idle"
						},
						"soundRangeByType": {
							"*": 100
						},
						"whenNotInEmotionState": "aggressiveondamage|aggressivearoundentities|fleeondamage"
					},
					{
						"code": "wander",
						"animation": "Walk",
						"priority": 1.0,
						"priorityForCancel": 1.35,
						"wanderChanceByType": {"*-adult-*":0.1,"*":0.5},
						"movespeedByType": {
							"*-megalocerosgiganteus": 0.007
						},
						"animationSpeedByType": {
							"*-adult-female-*": 1.1,"*-baby-*": 2,"*": 1
						},
						"preferredLightLevel": 24,
						"wanderRangeMaxByType": {"*-adult-male-*":25,"*adult-female-*":5,"*-baby-*":20},
						"whenNotInEmotionState": "aggressiveondamage|aggressivearoundentities|fleeondamage"
					},
					{
						"code": "idle",
						"animation": "Sit",
						"priority": 0.9,
						"minduration": 6000,
						"maxduration": 45000,
						"mincooldown": 6000,
						"maxcooldown": 120000,
						"priorityForCancel": 1.28,
						"stopOnNearbyEntityCodes": [ "player", "wolf-male", "wolf-female", "hyena-male", "hyena-female", "bear-*" ],
						"stopRange": 10,
						"stopOnHurt": true,
						"whenNotInEmotionState": "aggressiveondamage|aggressivearoundentities|fleeondamage"
					},
					{
						"code": "lookaround",
						"priority": 0.5
					}
				]
			},
			{"code": "ropetieable","minGeneration": 2},
			{"code": "pettable","minGeneration": 1},
			{
				"code": "antlergrowth",
				"enabledByType": { "*-adult-male-*": true, "*": false },
				"variants": ["01","02","03","04","05","06","07","08","09"],
				"beginGrowMonth": 10,				
				"growDurationMonths": 7,
				"grownDurationMonths": 3,
				"shedDurationMonths": 0.5
			}
		],
		"spawnconditions": {
			"worldgen": {
				"tryOnlySurface": true,
				"triesPerChunk": { "avg": 0, "var": 0 },
				"groupSizeByType": {
					"*-adult-female-megalocerosgiganteus": { "dist": "uniform", "avg": 1.0, "var": 0.0 },
					"*-adult-male-megalocerosgiganteus": { "dist": "uniform", "avg": 6.5, "var": 5.5 }
				},
				"insideBlockCodes": [ "game:air", "game:gravel-*",  "game:sand-*","game:snowlayer-1","game:soil-*","game:tallgrass-*" ],
				"companionsByType": {
				"*-adult-female-*":["cervinae:cervidae-cervini-adult-male-{type}"],
				"*-adult-male-*":["cervinae:cervidae-cervini-adult-female-{type}","cervinae:cervidae-cervini-baby-female-{type}","cervinae:cervidae-cervini-baby-male-{type}"]}
			},
			"runtime": {
				"group": "neutral",
				"tryOnlySurface": true,
				"chanceByType": {
					"*-adult-female-megalocerosgiganteus": 0.00001,"*-adult-male-megalocerosgiganteus": 0.00001,
					"*": 0.0
				},
				"mindistancetoplayer": 100,
				"maxLightLevel": 7,
				"lightLevelType": "onlyBlockLight",
				"spawnCapPlayerScaling": 0.0,			
				"groupSizeByType": {
					"*-adult-female-megalocerosgiganteus": { "dist": "uniform", "avg": 1.0, "var": 0.0 },
					"*-adult-male-megalocerosgiganteus": { "dist": "uniform", "avg": 6.5, "var": 5.5 }
				},
				"insideBlockCodes": [ "game:air", "game:gravel-*",  "game:sand-*","game:snowlayer-1","game:soil-*","game:tallgrass-*" ],
				"companionsByType": {
				"*-adult-female-*":["cervinae:cervidae-cervini-adult-male-{type}"],
				"*-adult-male-*":["cervinae:cervidae-cervini-adult-female-{type}","cervinae:cervidae-cervini-baby-female-{type}","cervinae:cervidae-cervini-baby-male-{type}"]}
			}
		},
		"spawnconditionsByType": {
			"cervidae-cervini-adult-*-megalocerosgiganteus": {
				"climate": {
					"minTemp": -4,
					"maxTemp": 10,
					"minRain": 0.1,
					"maxRain": 1.0,
					"minForestOrShrubs": 0.1,
					"maxForest": 0.9,
					"maxShrubs": 0.9,
					"minY": 1.0,
					"maxY": 1.6					
				},
				"worldgen": {
					"triesPerChunk": { "avg": 0.0005, "var": 0}
				},
				"runtime": {
					"maxQuantityByGroup": { "code": "cervidae-cervini-*", "maxQuantity": 4 }
				}
			}
		}
	},
	"soundsByType": {
"*-adult-*-megalocerosgiganteus":{"hurt": "cervinae:creature/megalocerosgiganteus/grunt*","death": "cervinae:creature/megalocerosgiganteus/grunt*","idle": "game:creature/sheep/idle"},
		"*-baby-*": {"hurt": "game:creature/sheep/idle","death": "game:creature/sheep/idle","idle": "game:creature/sheep/idle"}},
	"idleSoundChance": 0.05
}