{
	"editor": {
		"backDropShape": "entity/animal/mammal/hooved/deer/elk/female",
		"collapsedPaths": "Root/ORIGINbridle,Root/origin/origin,Root/Cube2,Root/SaddleBackN,Root/SaddleFrontN",
		"allAngles": false,
		"entityTextureMode": false
	},
	"textureWidth": 16,
	"textureHeight": 16,
	"textureSizes": {
		"green": [16,16],
		"plain": [16,16],
		"birch": [16,16],
		"bismuthbronze": [16,16],
		"debarked/oak": [16,16],
		"metal": [16,16],
		"wood": [16,16],
		"blackbronze": [16,16],
		"iron": [16,16],
		"handle": [16,16]
	},
	"textures": {
		"cloth": "game:block/cloth/linen/black",
		"plain": "game:block/leather/plain",
		"blackbronze": "game:block/metal/ingot/iron",
		"handguard": "game:block/metal/sheet/gold1",
		"handle": "game:block/wood/debarked/oak"
	},
	"elements": [
		{
			"name": "origin",
			"stepParentName": "RightFrontStorage",
			"from": [ 3.7, 4.8, 0.0 ],
			"to": [ 3.7, 4.8, 0.0 ],
			"rotationOrigin": [ 3.7, 4.8, 0.0 ],
			"rotationX": 2.0,
			"rotationY": 180.0,
			"faces": {
				"north": { "texture": "#plain", "uv": [ 0.0, 0.0, 0.5, 0.5 ] },
				"east": { "texture": "#plain", "uv": [ 0.0, 0.0, 0.5, 0.5 ] },
				"south": { "texture": "#plain", "uv": [ 0.0, 0.0, 0.5, 0.5 ] },
				"west": { "texture": "#plain", "uv": [ 0.0, 0.0, 0.5, 0.5 ] },
				"up": { "texture": "#plain", "uv": [ 0.0, 0.0, 0.5, 0.5 ] },
				"down": { "texture": "#plain", "uv": [ 0.0, 0.0, 0.5, 0.5 ] }
			},
			"children": [
				{
					"name": "Attachment Strap",
					"from": [ 0.0, 0.0, 0.0 ],
					"to": [ 1.125, 1.5, 0.2 ],
					"rotationOrigin": [ 0.0, 0.0, 0.0 ],
					"rotationX": -12.0,
					"faces": {
						"north": { "texture": "#plain", "uv": [ 0.0, 0.0, 0.5, 1.0 ], "autoUv": false },
						"east": { "texture": "#plain", "uv": [ 0.0, 0.0, 0.5, 1.0 ], "autoUv": false },
						"south": { "texture": "#plain", "uv": [ 0.0, 0.0, 0.5, 1.0 ], "autoUv": false },
						"west": { "texture": "#plain", "uv": [ 0.0, 0.0, 0.5, 1.0 ], "autoUv": false },
						"up": { "texture": "#plain", "uv": [ 0.0, 0.0, 0.5, 0.5 ], "autoUv": false },
						"down": { "texture": "#plain", "uv": [ 0.0, 0.0, 0.5, 0.5 ], "autoUv": false }
					}
				},
				{
					"name": "Eyelet",
					"from": [ 1.4, 0.0, 0.1 ],
					"to": [ 3.2, 0.45, 0.2625 ],
					"rotationOrigin": [ 1.4, 0.0, 0.1 ],
					"rotationX": 6.0,
					"rotationY": -180.0,
					"faces": {
						"north": { "texture": "#plain", "uv": [ 0.0, 0.0, 0.5, 0.5 ], "autoUv": false },
						"east": { "texture": "#plain", "uv": [ 0.0, 0.0, 0.5, 0.5 ], "autoUv": false },
						"south": { "texture": "#plain", "uv": [ 0.0, 0.0, 0.5, 0.5 ], "autoUv": false },
						"west": { "texture": "#plain", "uv": [ 0.0, 0.0, 0.5, 0.5 ], "autoUv": false },
						"up": { "texture": "#plain", "uv": [ 0.0, 0.0, 0.5, 0.5 ], "autoUv": false },
						"down": { "texture": "#plain", "uv": [ 0.0, 0.0, 0.5, 0.5 ], "autoUv": false }
					},
					"children": [
						{
							"name": "Eyelet 2",
							"from": [ 0.0, 0.0, -1.67 ],
							"to": [ 1.8, 0.46, -1.5575 ],
							"rotationOrigin": [ 0.0, 0.0, -1.57 ],
							"faces": {
								"north": { "texture": "#plain", "uv": [ 0.0, 0.0, 0.5, 0.5 ], "autoUv": false },
								"east": { "texture": "#plain", "uv": [ 0.0, 0.0, 0.5, 0.5 ], "autoUv": false },
								"south": { "texture": "#plain", "uv": [ 0.0, 0.0, 0.5, 0.5 ], "autoUv": false },
								"west": { "texture": "#plain", "uv": [ 0.0, 0.0, 0.5, 0.5 ], "autoUv": false },
								"up": { "texture": "#plain", "uv": [ 0.0, 0.0, 0.5, 0.5 ], "autoUv": false },
								"down": { "texture": "#plain", "uv": [ 0.0, 0.0, 0.5, 0.5 ], "autoUv": false }
							}
						},
						{
							"name": "Eyelet 3",
							"from": [ 1.575, 0.45, -1.66 ],
							"to": [ 1.8, 2.21, -1.1875 ],
							"rotationOrigin": [ 1.575, 0.45, -1.66 ],
							"rotationX": 90.0,
							"faces": {
								"north": { "texture": "#plain", "uv": [ 0.0, 0.0, 0.5, 0.5 ], "autoUv": false },
								"east": { "texture": "#plain", "uv": [ 0.0, 0.0, 0.5, 0.5 ], "autoUv": false },
								"south": { "texture": "#plain", "uv": [ 0.0, 0.0, 0.5, 0.5 ], "autoUv": false },
								"west": { "texture": "#plain", "uv": [ 0.0, 0.0, 0.5, 0.5 ], "autoUv": false },
								"up": { "texture": "#plain", "uv": [ 0.0, 0.0, 0.5, 0.5 ], "autoUv": false },
								"down": { "texture": "#plain", "uv": [ 0.0, 0.0, 0.5, 0.5 ], "autoUv": false }
							}
						},
						{
							"name": "Eyelet 4",
							"from": [ 0.0, 0.45, -1.66 ],
							"to": [ 0.225, 2.21, -1.2 ],
							"rotationOrigin": [ 0.045, 0.45, -1.66 ],
							"rotationX": 90.0,
							"faces": {
								"north": { "texture": "#plain", "uv": [ 0.0, 0.0, 0.5, 0.5 ], "autoUv": false },
								"east": { "texture": "#plain", "uv": [ 0.0, 0.0, 0.5, 0.5 ], "autoUv": false },
								"south": { "texture": "#plain", "uv": [ 0.0, 0.0, 0.5, 0.5 ], "autoUv": false },
								"west": { "texture": "#plain", "uv": [ 0.0, 0.0, 0.5, 0.5 ], "autoUv": false },
								"up": { "texture": "#plain", "uv": [ 0.0, 0.0, 0.5, 0.5 ], "autoUv": false },
								"down": { "texture": "#plain", "uv": [ 0.0, 0.0, 0.5, 0.5 ], "autoUv": false }
							}
						}
					]
				},
				{
					"name": "origin",
					"from": [ 0.5, -9.0, 0.0 ],
					"to": [ 0.5, -9.0, 0.0 ],
					"rotationOrigin": [ 0.5, -9.0, 0.0 ],
					"rotationX": -84.0,
					"rotationY": -90.0,
					"faces": {
						"north": { "texture": "#null", "uv": [ 0.0, 0.0, 0.5, 0.5 ], "autoUv": false, "enabled": false },
						"east": { "texture": "#null", "uv": [ 0.0, 0.0, 0.5, 0.5 ], "autoUv": false, "enabled": false },
						"south": { "texture": "#null", "uv": [ 0.0, 0.0, 0.5, 0.5 ], "autoUv": false, "enabled": false },
						"west": { "texture": "#null", "uv": [ 0.0, 0.0, 0.5, 0.5 ], "autoUv": false, "enabled": false },
						"up": { "texture": "#null", "uv": [ 0.0, 0.0, 0.5, 0.5 ], "autoUv": false, "enabled": false },
						"down": { "texture": "#null", "uv": [ 0.0, 0.0, 0.5, 0.5 ], "autoUv": false, "enabled": false }
					},
					"children": [
						{
							"name": "handle",
							"from": [ -2.4, -0.6, -0.6 ],
							"to": [ 10.4, 0.6, 0.6 ],
							"faces": {
								"north": { "texture": "#handle", "uv": [ 0.0, 8.0, 16.0, 9.5 ], "autoUv": false },
								"east": { "texture": "#null", "uv": [ 0.0, 0.0, 1.5, 1.5 ], "autoUv": false, "enabled": false },
								"south": { "texture": "#handle", "uv": [ 0.0, 3.5, 16.0, 5.0 ], "autoUv": false },
								"west": { "texture": "#null", "uv": [ 0.0, 0.0, 1.5, 1.5 ], "autoUv": false, "enabled": false },
								"up": { "texture": "#handle", "uv": [ 0.0, 9.0, 16.0, 10.5 ], "autoUv": false },
								"down": { "texture": "#handle", "uv": [ 0.0, 11.5, 16.0, 13.0 ], "autoUv": false }
							},
							"children": [
								{
									"name": "socket",
									"from": [ 12.8, -0.16, -0.16 ],
									"to": [ 14.4, 1.36, 1.36 ],
									"rotationOrigin": [ 12.8, 0.6, 0.6 ],
									"faces": {
										"north": { "texture": "#blackbronze", "uv": [ 13.5, 14.0, 15.5, 15.5 ], "autoUv": false },
										"east": { "texture": "#blackbronze", "uv": [ 2.0, 3.5, 3.5, 5.0 ], "autoUv": false },
										"south": { "texture": "#blackbronze", "uv": [ 3.5, 4.5, 5.5, 6.0 ], "autoUv": false },
										"west": { "texture": "#blackbronze", "uv": [ 8.5, 2.5, 10.0, 4.0 ], "autoUv": false },
										"up": { "texture": "#blackbronze", "uv": [ 8.5, 14.0, 10.5, 15.5 ], "autoUv": false },
										"down": { "texture": "#blackbronze", "uv": [ 5.5, 11.5, 7.5, 13.0 ], "autoUv": false }
									},
									"children": [
										{
											"name": "reinforcement",
											"from": [ -1.68, 0.08, 0.6 ],
											"to": [ 0.72, 1.44, 1.0 ],
											"rotationOrigin": [ 5.6, 0.88, 0.76 ],
											"faces": {
												"north": { "texture": "#blackbronze", "uv": [ 2.0, 0.0, 5.0, 1.5 ], "autoUv": false },
												"east": { "texture": "#blackbronze", "uv": [ 5.0, 2.0, 5.5, 3.5 ], "autoUv": false },
												"south": { "texture": "#blackbronze", "uv": [ 5.5, 13.5, 8.5, 15.0 ], "autoUv": false },
												"west": { "texture": "#blackbronze", "uv": [ 11.5, 8.5, 12.0, 10.0 ], "autoUv": false },
												"up": { "texture": "#blackbronze", "uv": [ 6.5, 14.5, 9.5, 15.0 ], "autoUv": false },
												"down": { "texture": "#blackbronze", "uv": [ 4.5, 12.5, 7.5, 13.0 ], "autoUv": false }
											}
										},
										{
											"name": "shaft",
											"from": [ 0.4, 0.32, -0.8 ],
											"to": [ 1.2, 1.12, 2.4 ],
											"rotationOrigin": [ 0.8, 0.72, 0.8 ],
											"faces": {
												"north": { "texture": "#blackbronze", "uv": [ 10.5, 13.5, 11.5, 14.5 ], "autoUv": false },
												"east": { "texture": "#blackbronze", "uv": [ 7.5, 0.0, 11.5, 1.0 ], "autoUv": false },
												"south": { "texture": "#blackbronze", "uv": [ 11.5, 8.5, 12.5, 9.5 ], "autoUv": false },
												"west": { "texture": "#blackbronze", "uv": [ 9.5, 11.5, 13.5, 12.5 ], "autoUv": false },
												"up": { "texture": "#blackbronze", "uv": [ 5.0, 3.5, 6.0, 7.5 ], "autoUv": false },
												"down": { "texture": "#blackbronze", "uv": [ 8.0, 0.5, 9.0, 4.5 ], "autoUv": false }
											},
											"children": [
												{
													"name": "head",
													"from": [ -0.4, -0.4, -1.2 ],
													"to": [ 1.2, 1.2, 0.0 ],
													"rotationOrigin": [ 0.4, 0.4, 0.0 ],
													"faces": {
														"north": { "texture": "#blackbronze", "uv": [ 2.5, 13.0, 4.5, 15.0 ], "autoUv": false },
														"east": { "texture": "#blackbronze", "uv": [ 3.0, 9.5, 4.5, 11.5 ], "autoUv": false },
														"south": { "texture": "#blackbronze", "uv": [ 3.5, 9.5, 5.5, 11.5 ], "autoUv": false },
														"west": { "texture": "#blackbronze", "uv": [ 1.5, 5.0, 3.0, 7.0 ], "autoUv": false },
														"up": { "texture": "#blackbronze", "uv": [ 1.0, 13.0, 3.0, 14.5 ], "autoUv": false },
														"down": { "texture": "#blackbronze", "uv": [ 8.5, 11.5, 10.5, 13.0 ], "autoUv": false }
													},
													"children": [
														{
															"name": "end",
															"from": [ 0.16, 0.16, -0.4 ],
															"to": [ 1.44, 1.44, 0.0 ],
															"rotationOrigin": [ 0.8, 0.8, 0.0 ],
															"faces": {
																"north": { "texture": "#blackbronze", "uv": [ 1.0, 3.0, 2.5, 4.5 ], "autoUv": false },
																"east": { "texture": "#blackbronze", "uv": [ 14.0, 5.0, 14.5, 6.5 ], "autoUv": false },
																"south": { "texture": "#null", "uv": [ 0.0, 0.0, 1.5, 1.5 ], "autoUv": false, "enabled": false },
																"west": { "texture": "#blackbronze", "uv": [ 2.0, 10.5, 2.5, 12.0 ], "autoUv": false },
																"up": { "texture": "#blackbronze", "uv": [ 5.0, 13.5, 6.5, 14.0 ], "autoUv": false },
																"down": { "texture": "#blackbronze", "uv": [ 10.5, 2.5, 12.0, 3.0 ], "autoUv": false }
															}
														},
														{
															"name": "tenderizer1",
															"from": [ 0.24, 0.24, -0.56 ],
															"to": [ 1.36, 1.36, 0.56 ],
															"rotationOrigin": [ 0.88, 0.8, 0.0 ],
															"rotationX": -45.0,
															"faces": {
																"north": { "texture": "#blackbronze", "uv": [ 8.0, 4.0, 9.0, 5.0 ], "autoUv": false },
																"east": { "texture": "#blackbronze", "uv": [ 5.0, 6.0, 6.0, 7.0 ], "autoUv": false },
																"south": { "texture": "#null", "uv": [ 0.0, 0.0, 1.0, 1.0 ], "autoUv": false, "enabled": false },
																"west": { "texture": "#blackbronze", "uv": [ 12.5, 6.5, 13.5, 7.5 ], "autoUv": false },
																"up": { "texture": "#blackbronze", "uv": [ 11.0, 0.0, 12.0, 1.0 ], "autoUv": false },
																"down": { "texture": "#null", "uv": [ 0.0, 0.0, 1.0, 1.0 ], "autoUv": false, "enabled": false }
															}
														},
														{
															"name": "tenderizer2",
															"from": [ 0.24, 0.24, -0.48 ],
															"to": [ 1.36, 1.36, 0.64 ],
															"rotationOrigin": [ 0.8, 0.8, 0.08 ],
															"rotationY": -45.0,
															"faces": {
																"north": { "texture": "#blackbronze", "uv": [ 2.5, 13.5, 3.5, 14.5 ], "autoUv": false },
																"east": { "texture": "#blackbronze", "uv": [ 2.5, 3.5, 3.5, 4.5 ], "autoUv": false },
																"south": { "texture": "#null", "uv": [ 0.0, 0.0, 1.0, 1.0 ], "autoUv": false, "enabled": false },
																"west": { "texture": "#blackbronze", "uv": [ 8.0, 5.0, 9.0, 6.0 ], "autoUv": false },
																"up": { "texture": "#blackbronze", "uv": [ 13.5, 6.5, 14.5, 7.5 ], "autoUv": false },
																"down": { "texture": "#null", "uv": [ 0.0, 0.0, 1.0, 1.0 ], "autoUv": false, "enabled": false }
															}
														}
													]
												},
												{
													"name": "spike1",
													"from": [ 0.0, 0.0, 3.12 ],
													"to": [ 0.8, 0.8, 4.32 ],
													"rotationOrigin": [ 0.4, 0.4, 3.12 ],
													"rotationX": 1.0,
													"rotationY": -10.0,
													"faces": {
														"north": { "texture": "#null", "uv": [ 0.0, 0.0, 1.0, 1.0 ], "autoUv": false, "enabled": false },
														"east": { "texture": "#blackbronze", "uv": [ 11.0, 14.5, 12.5, 15.5 ], "autoUv": false },
														"south": { "texture": "#blackbronze", "uv": [ 5.0, 4.0, 6.0, 5.0 ], "autoUv": false },
														"west": { "texture": "#blackbronze", "uv": [ 12.5, 8.0, 14.0, 9.0 ], "autoUv": false },
														"up": { "texture": "#blackbronze", "uv": [ 5.0, 1.0, 6.0, 2.5 ], "autoUv": false },
														"down": { "texture": "#blackbronze", "uv": [ 1.5, 6.5, 2.5, 8.0 ], "autoUv": false }
													},
													"children": [
														{
															"name": "spike2",
															"from": [ 0.0, 0.0, 1.04 ],
															"to": [ 0.8, 0.8, 2.64 ],
															"rotationOrigin": [ 0.4, 0.4, 1.04 ],
															"rotationX": -1.0,
															"rotationY": -15.0,
															"faces": {
																"north": { "texture": "#null", "uv": [ 0.0, 0.0, 1.0, 1.0 ], "autoUv": false, "enabled": false },
																"east": { "texture": "#blackbronze", "uv": [ 10.0, 14.5, 12.0, 15.5 ], "autoUv": false },
																"south": { "texture": "#blackbronze", "uv": [ 13.5, 12.0, 14.5, 13.0 ], "autoUv": false },
																"west": { "texture": "#blackbronze", "uv": [ 6.0, 3.0, 8.0, 4.0 ], "autoUv": false },
																"up": { "texture": "#blackbronze", "uv": [ 10.0, 5.0, 11.0, 7.0 ], "autoUv": false },
																"down": { "texture": "#blackbronze", "uv": [ 3.5, 11.5, 4.5, 13.5 ], "autoUv": false }
															},
															"children": [
																{
																	"name": "point2",
																	"from": [ 0.0, 0.16, 1.6 ],
																	"to": [ 0.4, 0.64, 2.4 ],
																	"rotationOrigin": [ 0.0, 0.4, 1.6 ],
																	"rotationY": 22.5,
																	"faces": {
																		"north": { "texture": "#null", "uv": [ 0.0, 0.0, 0.5, 0.5 ], "autoUv": false, "enabled": false },
																		"east": { "texture": "#blackbronze", "uv": [ 8.5, 11.0, 9.5, 11.5 ], "autoUv": false },
																		"south": { "texture": "#null", "uv": [ 0.0, 0.0, 0.5, 0.5 ], "autoUv": false, "enabled": false },
																		"west": { "texture": "#blackbronze", "uv": [ 14.0, 0.5, 15.0, 1.0 ], "autoUv": false },
																		"up": { "texture": "#blackbronze", "uv": [ 10.5, 9.0, 11.0, 10.0 ], "autoUv": false },
																		"down": { "texture": "#blackbronze", "uv": [ 9.0, 9.5, 9.5, 10.5 ], "autoUv": false }
																	}
																},
																{
																	"name": "point1",
																	"from": [ 0.4, 0.08, 1.6 ],
																	"to": [ 0.8, 0.72, 2.4 ],
																	"rotationOrigin": [ 0.8, 0.4, 1.6 ],
																	"rotationY": -8.0,
																	"faces": {
																		"north": { "texture": "#null", "uv": [ 0.0, 0.0, 0.5, 0.5 ], "autoUv": false, "enabled": false },
																		"east": { "texture": "#blackbronze", "uv": [ 9.5, 12.0, 10.5, 12.5 ], "autoUv": false },
																		"south": { "texture": "#blackbronze", "uv": [ 12.0, 13.5, 12.5, 14.0 ], "autoUv": false },
																		"west": { "texture": "#blackbronze", "uv": [ 5.0, 4.0, 6.0, 4.5 ], "autoUv": false },
																		"up": { "texture": "#blackbronze", "uv": [ 9.0, 13.5, 9.5, 14.5 ], "autoUv": false },
																		"down": { "texture": "#blackbronze", "uv": [ 10.5, 2.5, 11.0, 3.5 ], "autoUv": false }
																	}
																}
															]
														}
													]
												}
											]
										}
									]
								},
								{
									"name": "handle2",
									"from": [ -4.0, 0.0, 0.0 ],
									"to": [ 0.0, 1.2, 1.2 ],
									"rotationOrigin": [ 0.0, 0.6, 0.6 ],
									"faces": {
										"north": { "texture": "#handle", "uv": [ 5.0, 12.5, 10.0, 14.0 ], "autoUv": false },
										"east": { "texture": "#null", "uv": [ 0.0, 0.0, 1.5, 1.5 ], "autoUv": false, "enabled": false },
										"south": { "texture": "#handle", "uv": [ 6.0, 6.0, 11.0, 7.5 ], "autoUv": false },
										"west": { "texture": "#handle", "uv": [ 1.0, 11.0, 2.5, 12.5 ], "autoUv": false },
										"up": { "texture": "#handle", "uv": [ 3.5, 1.0, 8.5, 2.5 ], "autoUv": false },
										"down": { "texture": "#handle", "uv": [ 10.0, 10.0, 15.0, 11.5 ], "autoUv": false }
									}
								},
								{
									"name": "socket2",
									"from": [ -4.16, -0.16, -0.16 ],
									"to": [ -2.56, 1.36, 1.36 ],
									"rotationOrigin": [ -4.0, 0.6, 0.6 ],
									"faces": {
										"north": { "texture": "#handguard", "uv": [ 13.5, 14.0, 15.5, 15.5 ], "autoUv": false },
										"east": { "texture": "#handguard", "uv": [ 2.0, 3.5, 3.5, 5.0 ], "autoUv": false, "windMode": [-1,-1,-1,-1] },
										"south": { "texture": "#handguard", "uv": [ 3.5, 4.5, 5.5, 6.0 ], "autoUv": false, "windMode": [-1,-1,-1,-1] },
										"west": { "texture": "#handguard", "uv": [ 8.5, 2.5, 10.0, 4.0 ], "autoUv": false, "windMode": [-1,-1,-1,-1] },
										"up": { "texture": "#handguard", "uv": [ 8.5, 14.0, 10.5, 15.5 ], "autoUv": false, "windMode": [-1,-1,-1,-1] },
										"down": { "texture": "#handguard", "uv": [ 5.5, 11.5, 7.5, 13.0 ], "autoUv": false, "windMode": [-1,-1,-1,-1] }
									}
								}
							]
						},
						{
							"name": "cloth",
							"from": [ -4.88, -0.68, -0.68 ],
							"to": [ 0.72, 0.68, 0.68 ],
							"rotationOrigin": [ -4.88, -0.88, -0.08 ],
							"faces": {
								"north": { "texture": "#cloth", "uv": [ 3.0, 4.5, 10.0, 6.0 ], "autoUv": false },
								"east": { "texture": "#cloth", "uv": [ 2.5, 2.5, 4.0, 4.0 ], "autoUv": false },
								"south": { "texture": "#cloth", "uv": [ 3.0, 3.0, 10.0, 4.5 ], "autoUv": false },
								"west": { "texture": "#cloth", "uv": [ 3.0, 3.5, 4.5, 5.0 ], "autoUv": false },
								"up": { "texture": "#cloth", "uv": [ 9.0, 5.5, 16.0, 7.0 ], "autoUv": false },
								"down": { "texture": "#cloth", "uv": [ 5.5, 4.5, 12.5, 6.0 ], "autoUv": false }
							},
							"children": [
								{
									"name": "rivet 52",
									"from": [ 0.56, -0.08, 0.52 ],
									"to": [ 0.88, 1.44, 0.84 ],
									"rotationOrigin": [ 0.56, -0.2, 1.08 ],
									"faces": {
										"north": { "texture": "#handguard", "uv": [ 0.0, 12.5, 0.5, 14.0 ], "autoUv": false },
										"east": { "texture": "#handguard", "uv": [ 0.0, 8.5, 0.5, 10.0 ], "autoUv": false },
										"south": { "texture": "#handguard", "uv": [ 0.0, 2.5, 0.5, 4.0 ], "autoUv": false },
										"west": { "texture": "#handguard", "uv": [ 0.0, 8.5, 0.5, 10.0 ], "autoUv": false },
										"up": { "texture": "#handguard", "uv": [ 1.0, 14.0, 1.5, 14.5 ], "autoUv": false },
										"down": { "texture": "#handguard", "uv": [ 5.5, 1.0, 6.0, 1.5 ], "autoUv": false }
									}
								},
								{
									"name": "rivet 53",
									"from": [ 1.36, -0.08, 0.52 ],
									"to": [ 1.68, 1.44, 0.84 ],
									"rotationOrigin": [ 1.36, 0.6, 1.08 ],
									"faces": {
										"north": { "texture": "#handguard", "uv": [ 0.0, 12.5, 0.5, 14.0 ], "autoUv": false },
										"east": { "texture": "#handguard", "uv": [ 0.0, 8.5, 0.5, 10.0 ], "autoUv": false },
										"south": { "texture": "#handguard", "uv": [ 0.0, 2.5, 0.5, 4.0 ], "autoUv": false },
										"west": { "texture": "#handguard", "uv": [ 0.0, 8.5, 0.5, 10.0 ], "autoUv": false },
										"up": { "texture": "#handguard", "uv": [ 1.0, 14.0, 1.5, 14.5 ], "autoUv": false },
										"down": { "texture": "#handguard", "uv": [ 5.5, 1.0, 6.0, 1.5 ], "autoUv": false }
									}
								},
								{
									"name": "rivet 54",
									"from": [ 2.16, -0.08, 0.52 ],
									"to": [ 2.48, 1.44, 0.84 ],
									"rotationOrigin": [ 2.16, 0.6, 1.08 ],
									"faces": {
										"north": { "texture": "#handguard", "uv": [ 0.0, 12.5, 0.5, 14.0 ], "autoUv": false },
										"east": { "texture": "#handguard", "uv": [ 0.0, 8.5, 0.5, 10.0 ], "autoUv": false },
										"south": { "texture": "#handguard", "uv": [ 0.0, 2.5, 0.5, 4.0 ], "autoUv": false },
										"west": { "texture": "#handguard", "uv": [ 0.0, 8.5, 0.5, 10.0 ], "autoUv": false },
										"up": { "texture": "#handguard", "uv": [ 1.0, 14.0, 1.5, 14.5 ], "autoUv": false },
										"down": { "texture": "#handguard", "uv": [ 5.5, 1.0, 6.0, 1.5 ], "autoUv": false }
									}
								},
								{
									"name": "rivet 55",
									"from": [ 2.96, -0.08, 0.52 ],
									"to": [ 3.28, 1.44, 0.84 ],
									"rotationOrigin": [ 2.96, 0.6, 1.08 ],
									"faces": {
										"north": { "texture": "#handguard", "uv": [ 0.0, 12.5, 0.5, 14.0 ], "autoUv": false },
										"east": { "texture": "#handguard", "uv": [ 0.0, 8.5, 0.5, 10.0 ], "autoUv": false },
										"south": { "texture": "#handguard", "uv": [ 0.0, 2.5, 0.5, 4.0 ], "autoUv": false },
										"west": { "texture": "#handguard", "uv": [ 0.0, 8.5, 0.5, 10.0 ], "autoUv": false },
										"up": { "texture": "#handguard", "uv": [ 1.0, 14.0, 1.5, 14.5 ], "autoUv": false },
										"down": { "texture": "#handguard", "uv": [ 5.5, 1.0, 6.0, 1.5 ], "autoUv": false }
									}
								},
								{
									"name": "rivet 56",
									"from": [ 3.76, -0.08, 0.52 ],
									"to": [ 4.08, 1.44, 0.84 ],
									"rotationOrigin": [ 3.76, 0.6, 1.08 ],
									"faces": {
										"north": { "texture": "#handguard", "uv": [ 0.0, 12.5, 0.5, 14.0 ], "autoUv": false },
										"east": { "texture": "#handguard", "uv": [ 0.0, 8.5, 0.5, 10.0 ], "autoUv": false },
										"south": { "texture": "#handguard", "uv": [ 0.0, 2.5, 0.5, 4.0 ], "autoUv": false },
										"west": { "texture": "#handguard", "uv": [ 0.0, 8.5, 0.5, 10.0 ], "autoUv": false },
										"up": { "texture": "#handguard", "uv": [ 1.0, 14.0, 1.5, 14.5 ], "autoUv": false },
										"down": { "texture": "#handguard", "uv": [ 5.5, 1.0, 6.0, 1.5 ], "autoUv": false }
									}
								},
								{
									"name": "rivet 57",
									"from": [ 4.56, -0.08, 0.52 ],
									"to": [ 4.88, 1.44, 0.84 ],
									"rotationOrigin": [ 4.56, 0.6, 1.08 ],
									"faces": {
										"north": { "texture": "#handguard", "uv": [ 0.0, 12.5, 0.5, 14.0 ], "autoUv": false },
										"east": { "texture": "#handguard", "uv": [ 0.0, 8.5, 0.5, 10.0 ], "autoUv": false },
										"south": { "texture": "#handguard", "uv": [ 0.0, 2.5, 0.5, 4.0 ], "autoUv": false },
										"west": { "texture": "#handguard", "uv": [ 0.0, 8.5, 0.5, 10.0 ], "autoUv": false },
										"up": { "texture": "#handguard", "uv": [ 1.0, 14.0, 1.5, 14.5 ], "autoUv": false },
										"down": { "texture": "#handguard", "uv": [ 5.5, 1.0, 6.0, 1.5 ], "autoUv": false }
									}
								},
								{
									"name": "cloth2",
									"from": [ 8.0, 0.0, 0.0 ],
									"to": [ 13.6, 1.36, 1.36 ],
									"rotationOrigin": [ 8.0, -0.2, 0.6 ],
									"faces": {
										"north": { "texture": "#cloth", "uv": [ 3.0, 4.5, 10.0, 6.0 ], "autoUv": false },
										"east": { "texture": "#cloth", "uv": [ 2.5, 2.5, 4.0, 4.0 ], "autoUv": false },
										"south": { "texture": "#cloth", "uv": [ 3.0, 3.0, 10.0, 4.5 ], "autoUv": false },
										"west": { "texture": "#cloth", "uv": [ 3.0, 3.5, 4.5, 5.0 ], "autoUv": false },
										"up": { "texture": "#cloth", "uv": [ 9.0, 5.5, 16.0, 7.0 ], "autoUv": false },
										"down": { "texture": "#cloth", "uv": [ 5.5, 4.5, 12.5, 6.0 ], "autoUv": false }
									}
								},
								{
									"name": "rivet 58",
									"from": [ 8.56, -0.08, 0.52 ],
									"to": [ 8.88, 1.44, 0.84 ],
									"rotationOrigin": [ 8.56, 0.6, 1.08 ],
									"faces": {
										"north": { "texture": "#handguard", "uv": [ 0.0, 12.5, 0.5, 14.0 ], "autoUv": false },
										"east": { "texture": "#handguard", "uv": [ 0.0, 8.5, 0.5, 10.0 ], "autoUv": false },
										"south": { "texture": "#handguard", "uv": [ 0.0, 2.5, 0.5, 4.0 ], "autoUv": false },
										"west": { "texture": "#handguard", "uv": [ 0.0, 8.5, 0.5, 10.0 ], "autoUv": false },
										"up": { "texture": "#handguard", "uv": [ 1.0, 14.0, 1.5, 14.5 ], "autoUv": false },
										"down": { "texture": "#handguard", "uv": [ 5.5, 1.0, 6.0, 1.5 ], "autoUv": false }
									}
								},
								{
									"name": "rivet 59",
									"from": [ 9.36, -0.08, 0.52 ],
									"to": [ 9.68, 1.44, 0.84 ],
									"rotationOrigin": [ 9.36, 0.6, 1.08 ],
									"faces": {
										"north": { "texture": "#handguard", "uv": [ 0.0, 12.5, 0.5, 14.0 ], "autoUv": false },
										"east": { "texture": "#handguard", "uv": [ 0.0, 8.5, 0.5, 10.0 ], "autoUv": false },
										"south": { "texture": "#handguard", "uv": [ 0.0, 2.5, 0.5, 4.0 ], "autoUv": false },
										"west": { "texture": "#handguard", "uv": [ 0.0, 8.5, 0.5, 10.0 ], "autoUv": false },
										"up": { "texture": "#handguard", "uv": [ 1.0, 14.0, 1.5, 14.5 ], "autoUv": false },
										"down": { "texture": "#handguard", "uv": [ 5.5, 1.0, 6.0, 1.5 ], "autoUv": false }
									}
								},
								{
									"name": "rivet 60",
									"from": [ 10.16, -0.08, 0.52 ],
									"to": [ 10.48, 1.44, 0.84 ],
									"rotationOrigin": [ 10.16, 0.6, 1.08 ],
									"faces": {
										"north": { "texture": "#handguard", "uv": [ 0.0, 12.5, 0.5, 14.0 ], "autoUv": false },
										"east": { "texture": "#handguard", "uv": [ 0.0, 8.5, 0.5, 10.0 ], "autoUv": false },
										"south": { "texture": "#handguard", "uv": [ 0.0, 2.5, 0.5, 4.0 ], "autoUv": false },
										"west": { "texture": "#handguard", "uv": [ 0.0, 8.5, 0.5, 10.0 ], "autoUv": false },
										"up": { "texture": "#handguard", "uv": [ 1.0, 14.0, 1.5, 14.5 ], "autoUv": false },
										"down": { "texture": "#handguard", "uv": [ 5.5, 1.0, 6.0, 1.5 ], "autoUv": false }
									}
								},
								{
									"name": "rivet 61",
									"from": [ 10.96, -0.08, 0.52 ],
									"to": [ 11.28, 1.44, 0.84 ],
									"rotationOrigin": [ 10.96, 0.6, 1.08 ],
									"faces": {
										"north": { "texture": "#handguard", "uv": [ 0.0, 12.5, 0.5, 14.0 ], "autoUv": false },
										"east": { "texture": "#handguard", "uv": [ 0.0, 8.5, 0.5, 10.0 ], "autoUv": false },
										"south": { "texture": "#handguard", "uv": [ 0.0, 2.5, 0.5, 4.0 ], "autoUv": false },
										"west": { "texture": "#handguard", "uv": [ 0.0, 8.5, 0.5, 10.0 ], "autoUv": false },
										"up": { "texture": "#handguard", "uv": [ 1.0, 14.0, 1.5, 14.5 ], "autoUv": false },
										"down": { "texture": "#handguard", "uv": [ 5.5, 1.0, 6.0, 1.5 ], "autoUv": false }
									}
								},
								{
									"name": "rivet 62",
									"from": [ 11.76, -0.08, 0.52 ],
									"to": [ 12.08, 1.44, 0.84 ],
									"rotationOrigin": [ 11.76, 0.6, 1.08 ],
									"faces": {
										"north": { "texture": "#handguard", "uv": [ 0.0, 12.5, 0.5, 14.0 ], "autoUv": false },
										"east": { "texture": "#handguard", "uv": [ 0.0, 8.5, 0.5, 10.0 ], "autoUv": false },
										"south": { "texture": "#handguard", "uv": [ 0.0, 2.5, 0.5, 4.0 ], "autoUv": false },
										"west": { "texture": "#handguard", "uv": [ 0.0, 8.5, 0.5, 10.0 ], "autoUv": false },
										"up": { "texture": "#handguard", "uv": [ 1.0, 14.0, 1.5, 14.5 ], "autoUv": false },
										"down": { "texture": "#handguard", "uv": [ 5.5, 1.0, 6.0, 1.5 ], "autoUv": false }
									}
								},
								{
									"name": "rivet 63",
									"from": [ 12.56, -0.08, 0.52 ],
									"to": [ 12.88, 1.44, 0.84 ],
									"rotationOrigin": [ 12.56, 0.6, 1.08 ],
									"faces": {
										"north": { "texture": "#handguard", "uv": [ 0.0, 12.5, 0.5, 14.0 ], "autoUv": false },
										"east": { "texture": "#handguard", "uv": [ 0.0, 8.5, 0.5, 10.0 ], "autoUv": false },
										"south": { "texture": "#handguard", "uv": [ 0.0, 2.5, 0.5, 4.0 ], "autoUv": false },
										"west": { "texture": "#handguard", "uv": [ 0.0, 8.5, 0.5, 10.0 ], "autoUv": false },
										"up": { "texture": "#handguard", "uv": [ 1.0, 14.0, 1.5, 14.5 ], "autoUv": false },
										"down": { "texture": "#handguard", "uv": [ 5.5, 1.0, 6.0, 1.5 ], "autoUv": false }
									}
								}
							]
						}
					]
				}
			]
		}
	]}