{
	"editor": {
		"backDropShape": "entity/animal/mammal/hooved/deer/elk/female",
		"collapsedPaths": "Root/ORIGINbridle,Root/origin/origin,Root/Cube2,Root/SaddleBackN,Root/origin2,Root/SaddleFrontN",
		"allAngles": false,
		"entityTextureMode": false
	},
	"textureWidth": 16,
	"textureHeight": 16,
	"textureSizes": {
		"green": [16,16],
		"plain": [16,16],
		"birch": [16,16],
		"bismuthbronze": [16,16],
		"debarked/oak": [16,16],
		"metal": [16,16],
		"wood": [16,16],
		"blackbronze": [16,16],
		"iron": [16,16],
		"handle": [16,16]
	},
	"textures": {
		"plain": "game:block/leather/plain",
		"blackbronze": "game:block/metal/ingot/iron",
		"handle": "game:block/wood/debarked/oak"
	},
	"elements": [
		{
			"name": "origin",
			"stepParentName": "RightFrontStorage",
			"from": [ 3.7, 4.2, -0.4 ],
			"to": [ 3.7, 4.2, -0.4 ],
			"rotationOrigin": [ 3.7, 4.2, -0.4 ],
			"rotationX": 8.0,
			"rotationY": 180.0,
			"faces": {
				"north": { "texture": "#plain", "uv": [ 0.0, 0.0, 0.5, 0.5 ] },
				"east": { "texture": "#plain", "uv": [ 0.0, 0.0, 0.5, 0.5 ] },
				"south": { "texture": "#plain", "uv": [ 0.0, 0.0, 0.5, 0.5 ] },
				"west": { "texture": "#plain", "uv": [ 0.0, 0.0, 0.5, 0.5 ] },
				"up": { "texture": "#plain", "uv": [ 0.0, 0.0, 0.5, 0.5 ] },
				"down": { "texture": "#plain", "uv": [ 0.0, 0.0, 0.5, 0.5 ] }
			},
			"children": [
				{
					"name": "Attachment Strap",
					"from": [ 0.0, 0.0, 0.0 ],
					"to": [ 1.125, 2.4, 0.2 ],
					"rotationOrigin": [ 0.0, 0.0, 0.0 ],
					"rotationX": -12.0,
					"faces": {
						"north": { "texture": "#plain", "uv": [ 0.0, 0.0, 0.5, 1.0 ], "autoUv": false },
						"east": { "texture": "#plain", "uv": [ 0.0, 0.0, 0.5, 1.0 ], "autoUv": false },
						"south": { "texture": "#plain", "uv": [ 0.0, 0.0, 0.5, 1.0 ], "autoUv": false },
						"west": { "texture": "#plain", "uv": [ 0.0, 0.0, 0.5, 1.0 ], "autoUv": false },
						"up": { "texture": "#plain", "uv": [ 0.0, 0.0, 0.5, 0.5 ], "autoUv": false },
						"down": { "texture": "#plain", "uv": [ 0.0, 0.0, 0.5, 0.5 ], "autoUv": false }
					}
				},
				{
					"name": "Eyelet",
					"from": [ 1.4, 0.0, 0.1 ],
					"to": [ 3.2, 0.45, 0.2625 ],
					"rotationOrigin": [ 1.4, 0.0, 0.1 ],
					"rotationX": 6.0,
					"rotationY": -180.0,
					"faces": {
						"north": { "texture": "#plain", "uv": [ 0.0, 0.0, 0.5, 0.5 ], "autoUv": false },
						"east": { "texture": "#plain", "uv": [ 0.0, 0.0, 0.5, 0.5 ], "autoUv": false },
						"south": { "texture": "#plain", "uv": [ 0.0, 0.0, 0.5, 0.5 ], "autoUv": false },
						"west": { "texture": "#plain", "uv": [ 0.0, 0.0, 0.5, 0.5 ], "autoUv": false },
						"up": { "texture": "#plain", "uv": [ 0.0, 0.0, 0.5, 0.5 ], "autoUv": false },
						"down": { "texture": "#plain", "uv": [ 0.0, 0.0, 0.5, 0.5 ], "autoUv": false }
					},
					"children": [
						{
							"name": "Eyelet 2",
							"from": [ 0.0, 0.0, -1.67 ],
							"to": [ 1.8, 0.46, -1.5575 ],
							"rotationOrigin": [ 0.0, 0.0, -1.57 ],
							"faces": {
								"north": { "texture": "#plain", "uv": [ 0.0, 0.0, 0.5, 0.5 ], "autoUv": false },
								"east": { "texture": "#plain", "uv": [ 0.0, 0.0, 0.5, 0.5 ], "autoUv": false },
								"south": { "texture": "#plain", "uv": [ 0.0, 0.0, 0.5, 0.5 ], "autoUv": false },
								"west": { "texture": "#plain", "uv": [ 0.0, 0.0, 0.5, 0.5 ], "autoUv": false },
								"up": { "texture": "#plain", "uv": [ 0.0, 0.0, 0.5, 0.5 ], "autoUv": false },
								"down": { "texture": "#plain", "uv": [ 0.0, 0.0, 0.5, 0.5 ], "autoUv": false }
							}
						},
						{
							"name": "Eyelet 3",
							"from": [ 1.575, 0.45, -1.66 ],
							"to": [ 1.8, 2.21, -1.1875 ],
							"rotationOrigin": [ 1.575, 0.45, -1.66 ],
							"rotationX": 90.0,
							"faces": {
								"north": { "texture": "#plain", "uv": [ 0.0, 0.0, 0.5, 0.5 ], "autoUv": false },
								"east": { "texture": "#plain", "uv": [ 0.0, 0.0, 0.5, 0.5 ], "autoUv": false },
								"south": { "texture": "#plain", "uv": [ 0.0, 0.0, 0.5, 0.5 ], "autoUv": false },
								"west": { "texture": "#plain", "uv": [ 0.0, 0.0, 0.5, 0.5 ], "autoUv": false },
								"up": { "texture": "#plain", "uv": [ 0.0, 0.0, 0.5, 0.5 ], "autoUv": false },
								"down": { "texture": "#plain", "uv": [ 0.0, 0.0, 0.5, 0.5 ], "autoUv": false }
							}
						},
						{
							"name": "Eyelet 4",
							"from": [ 0.0, 0.45, -1.66 ],
							"to": [ 0.225, 2.21, -1.2 ],
							"rotationOrigin": [ 0.045, 0.45, -1.66 ],
							"rotationX": 90.0,
							"faces": {
								"north": { "texture": "#plain", "uv": [ 0.0, 0.0, 0.5, 0.5 ], "autoUv": false },
								"east": { "texture": "#plain", "uv": [ 0.0, 0.0, 0.5, 0.5 ], "autoUv": false },
								"south": { "texture": "#plain", "uv": [ 0.0, 0.0, 0.5, 0.5 ], "autoUv": false },
								"west": { "texture": "#plain", "uv": [ 0.0, 0.0, 0.5, 0.5 ], "autoUv": false },
								"up": { "texture": "#plain", "uv": [ 0.0, 0.0, 0.5, 0.5 ], "autoUv": false },
								"down": { "texture": "#plain", "uv": [ 0.0, 0.0, 0.5, 0.5 ], "autoUv": false }
							}
						}
					]
				},
				{
					"name": "origin",
					"from": [ 0.5, 1.2, 1.0 ],
					"to": [ 0.5, 1.2, 1.0 ],
					"rotationOrigin": [ 0.5, 1.2, 1.0 ],
					"rotationX": -84.0,
					"rotationY": 90.0,
					"faces": {
						"north": { "texture": "#null", "uv": [ 0.0, 0.0, 0.5, 0.5 ], "autoUv": false, "enabled": false },
						"east": { "texture": "#null", "uv": [ 0.0, 0.0, 0.5, 0.5 ], "autoUv": false, "enabled": false },
						"south": { "texture": "#null", "uv": [ 0.0, 0.0, 0.5, 0.5 ], "autoUv": false, "enabled": false },
						"west": { "texture": "#null", "uv": [ 0.0, 0.0, 0.5, 0.5 ], "autoUv": false, "enabled": false },
						"up": { "texture": "#null", "uv": [ 0.0, 0.0, 0.5, 0.5 ], "autoUv": false, "enabled": false },
						"down": { "texture": "#null", "uv": [ 0.0, 0.0, 0.5, 0.5 ], "autoUv": false, "enabled": false }
					},
					"children": [
						{
							"name": "handle",
							"from": [ -5.6, -0.6, -0.6 ],
							"to": [ 0.0, 0.6, 0.6 ],
							"faces": {
								"north": { "texture": "#handle", "uv": [ 2.5, 13.0, 9.5, 14.5 ], "autoUv": false },
								"east": { "texture": "#null", "uv": [ 0.0, 0.0, 1.5, 1.5 ], "autoUv": false, "enabled": false },
								"south": { "texture": "#handle", "uv": [ 0.0, 2.5, 7.0, 4.0 ], "autoUv": false },
								"west": { "texture": "#null", "uv": [ 0.0, 0.0, 1.5, 1.5 ], "autoUv": false, "enabled": false },
								"up": { "texture": "#handle", "uv": [ 1.5, 12.0, 8.5, 13.5 ], "autoUv": false },
								"down": { "texture": "#handle", "uv": [ 3.5, 9.0, 10.5, 10.5 ], "autoUv": false }
							},
							"children": [
								{
									"name": "pommel",
									"from": [ -0.8, -0.16, -0.16 ],
									"to": [ 0.0, 1.36, 1.36 ],
									"rotationOrigin": [ 0.0, 0.64, 0.64 ],
									"faces": {
										"north": { "texture": "#blackbronze", "uv": [ 3.5, 9.5, 4.5, 11.0 ], "glow": 188, "autoUv": false },
										"east": { "texture": "#blackbronze", "uv": [ 2.5, 6.5, 4.0, 8.0 ], "glow": 188, "autoUv": false, "windMode": [-1,-1,-1,-1] },
										"south": { "texture": "#blackbronze", "uv": [ 4.5, 3.0, 5.5, 4.5 ], "glow": 188, "autoUv": false, "windMode": [-1,-1,-1,-1] },
										"west": { "texture": "#blackbronze", "uv": [ 2.0, 0.0, 3.5, 1.5 ], "glow": 188, "autoUv": false, "windMode": [-1,-1,-1,-1] },
										"up": { "texture": "#blackbronze", "uv": [ 10.5, 9.5, 11.5, 11.0 ], "glow": 188, "autoUv": false, "windMode": [-1,-1,-1,-1] },
										"down": { "texture": "#blackbronze", "uv": [ 4.5, 2.0, 5.5, 3.5 ], "glow": 188, "autoUv": false, "windMode": [-1,-1,-1,-1] }
									},
									"children": [
										{
											"name": "cap2",
											"from": [ -0.4, 0.36, 0.36 ],
											"to": [ 0.0, 1.08, 1.08 ],
											"rotationOrigin": [ -0.4, 0.72, 0.72 ],
											"rotationX": 45.0,
											"faces": {
												"north": { "texture": "#blackbronze", "uv": [ 10.0, 7.5, 10.5, 8.0 ], "glow": 188, "autoUv": false },
												"east": { "texture": "#null", "uv": [ 0.0, 0.0, 0.5, 0.5 ], "autoUv": false, "enabled": false },
												"south": { "texture": "#blackbronze", "uv": [ 5.0, 9.5, 5.5, 10.0 ], "glow": 188, "autoUv": false, "windMode": [-1,-1,-1,-1] },
												"west": { "texture": "#blackbronze", "uv": [ 6.0, 7.0, 6.5, 7.5 ], "glow": 188, "autoUv": false, "windMode": [-1,-1,-1,-1] },
												"up": { "texture": "#blackbronze", "uv": [ 6.5, 6.5, 7.0, 7.0 ], "glow": 188, "autoUv": false, "windMode": [-1,-1,-1,-1] },
												"down": { "texture": "#blackbronze", "uv": [ 5.5, 13.0, 6.0, 13.5 ], "glow": 188, "autoUv": false, "windMode": [-1,-1,-1,-1] }
											}
										}
									]
								},
								{
									"name": "collar",
									"from": [ 5.6, -0.16, -0.12 ],
									"to": [ 6.4, 1.36, 1.4 ],
									"rotationOrigin": [ 5.6, 0.6, 0.8 ],
									"faces": {
										"north": { "texture": "#blackbronze", "uv": [ 10.5, 7.0, 11.5, 8.5 ], "glow": 188, "autoUv": false },
										"east": { "texture": "#blackbronze", "uv": [ 2.5, 6.5, 4.0, 8.0 ], "glow": 188, "autoUv": false, "windMode": [-1,-1,-1,-1] },
										"south": { "texture": "#blackbronze", "uv": [ 12.0, 3.0, 13.0, 4.5 ], "glow": 188, "autoUv": false, "windMode": [-1,-1,-1,-1] },
										"west": { "texture": "#blackbronze", "uv": [ 2.0, 12.0, 3.5, 13.5 ], "glow": 188, "autoUv": false, "windMode": [-1,-1,-1,-1] },
										"up": { "texture": "#blackbronze", "uv": [ 2.5, 10.0, 3.5, 11.5 ], "glow": 188, "autoUv": false, "windMode": [-1,-1,-1,-1] },
										"down": { "texture": "#blackbronze", "uv": [ 0.0, 13.0, 1.0, 14.5 ], "glow": 188, "autoUv": false, "windMode": [-1,-1,-1,-1] }
									},
									"children": [
										{
											"name": "shaft",
											"from": [ 0.8, 0.36, 0.36 ],
											"to": [ 8.8, 1.16, 1.16 ],
											"rotationOrigin": [ 0.8, 0.72, 0.8 ],
											"faces": {
												"north": { "texture": "#blackbronze", "uv": [ 2.0, 9.0, 12.0, 10.0 ], "glow": 188, "autoUv": false },
												"east": { "texture": "#null", "uv": [ 0.0, 0.0, 1.0, 1.0 ], "autoUv": false, "enabled": false },
												"south": { "texture": "#blackbronze", "uv": [ 0.0, 11.5, 10.0, 12.5 ], "glow": 188, "autoUv": false, "windMode": [-1,-1,-1,-1] },
												"west": { "texture": "#null", "uv": [ 0.0, 0.0, 1.0, 1.0 ], "autoUv": false, "enabled": false },
												"up": { "texture": "#blackbronze", "uv": [ 4.5, 8.0, 14.5, 9.0 ], "glow": 188, "autoUv": false, "windMode": [-1,-1,-1,-1] },
												"down": { "texture": "#blackbronze", "uv": [ 5.5, 8.5, 15.5, 9.5 ], "glow": 188, "autoUv": false, "windMode": [-1,-1,-1,-1] }
											},
											"children": [
												{
													"name": "head",
													"from": [ 8.0, -0.4, -0.4 ],
													"to": [ 12.0, 1.2, 1.2 ],
													"rotationOrigin": [ 8.0, 0.4, 0.4 ],
													"faces": {
														"north": { "texture": "#blackbronze", "uv": [ 2.5, 10.5, 7.5, 12.5 ], "glow": 188, "autoUv": false },
														"east": { "texture": "#blackbronze", "uv": [ 6.0, 10.0, 8.0, 12.0 ], "glow": 188, "autoUv": false, "windMode": [-1,-1,-1,-1] },
														"south": { "texture": "#blackbronze", "uv": [ 0.5, 0.5, 5.5, 2.5 ], "glow": 188, "autoUv": false, "windMode": [-1,-1,-1,-1] },
														"west": { "texture": "#blackbronze", "uv": [ 0.5, 2.0, 2.5, 4.0 ], "glow": 188, "autoUv": false, "windMode": [-1,-1,-1,-1] },
														"up": { "texture": "#blackbronze", "uv": [ 8.0, 12.5, 13.0, 14.5 ], "glow": 188, "autoUv": false, "windMode": [-1,-1,-1,-1] },
														"down": { "texture": "#blackbronze", "uv": [ 0.0, 5.0, 5.0, 7.0 ], "glow": 188, "autoUv": false, "windMode": [-1,-1,-1,-1] }
													},
													"children": [
														{
															"name": "flangeV",
															"from": [ 0.8, -0.8, 0.48 ],
															"to": [ 3.2, 2.4, 1.12 ],
															"rotationOrigin": [ 2.0, 0.8, 0.8 ],
															"faces": {
																"north": { "texture": "#blackbronze", "uv": [ 6.0, 4.5, 9.0, 8.5 ], "glow": 188, "autoUv": false },
																"east": { "texture": "#blackbronze", "uv": [ 14.5, 8.0, 15.0, 12.0 ], "glow": 188, "autoUv": false, "windMode": [-1,-1,-1,-1] },
																"south": { "texture": "#blackbronze", "uv": [ 5.5, 7.0, 8.5, 11.0 ], "glow": 188, "autoUv": false, "windMode": [-1,-1,-1,-1] },
																"west": { "texture": "#blackbronze", "uv": [ 13.5, 8.0, 14.0, 12.0 ], "glow": 188, "autoUv": false, "windMode": [-1,-1,-1,-1] },
																"up": { "texture": "#blackbronze", "uv": [ 9.5, 9.5, 12.5, 10.0 ], "glow": 188, "autoUv": false, "windMode": [-1,-1,-1,-1] },
																"down": { "texture": "#blackbronze", "uv": [ 5.5, 9.5, 8.5, 10.0 ], "glow": 188, "autoUv": false, "windMode": [-1,-1,-1,-1] }
															},
															"children": [
																{
																	"name": "taper1",
																	"from": [ 0.0, 0.0, 0.08 ],
																	"to": [ 0.8, 1.12, 0.56 ],
																	"rotationOrigin": [ 0.0, 0.0, 0.4 ],
																	"rotationZ": 45.0,
																	"faces": {
																		"north": { "texture": "#blackbronze", "uv": [ 5.5, 6.0, 6.5, 7.0 ], "glow": 188, "autoUv": false },
																		"east": { "texture": "#null", "uv": [ 0.0, 0.0, 0.5, 1.0 ], "autoUv": false, "enabled": false },
																		"south": { "texture": "#blackbronze", "uv": [ 13.0, 1.0, 14.0, 2.0 ], "glow": 188, "autoUv": false, "windMode": [-1,-1,-1,-1] },
																		"west": { "texture": "#blackbronze", "uv": [ 13.5, 0.0, 14.0, 1.0 ], "glow": 188, "autoUv": false, "windMode": [-1,-1,-1,-1] },
																		"up": { "texture": "#null", "uv": [ 0.0, 0.0, 1.0, 0.5 ], "autoUv": false, "enabled": false },
																		"down": { "texture": "#null", "uv": [ 0.0, 0.0, 1.0, 0.5 ], "autoUv": false, "enabled": false }
																	}
																},
																{
																	"name": "taper2",
																	"from": [ 1.6, 0.0, 0.08 ],
																	"to": [ 2.4, 1.12, 0.56 ],
																	"rotationOrigin": [ 2.4, 0.0, 0.4 ],
																	"rotationZ": -45.0,
																	"faces": {
																		"north": { "texture": "#blackbronze", "uv": [ 11.0, 13.0, 12.0, 14.0 ], "glow": 188, "autoUv": false },
																		"east": { "texture": "#blackbronze", "uv": [ 5.0, 4.0, 5.5, 5.0 ], "glow": 188, "autoUv": false, "windMode": [-1,-1,-1,-1] },
																		"south": { "texture": "#blackbronze", "uv": [ 6.5, 3.0, 7.5, 4.0 ], "glow": 188, "autoUv": false, "windMode": [-1,-1,-1,-1] },
																		"west": { "texture": "#null", "uv": [ 0.0, 0.0, 0.5, 1.0 ], "autoUv": false, "enabled": false },
																		"up": { "texture": "#null", "uv": [ 0.0, 0.0, 1.0, 0.5 ], "autoUv": false, "enabled": false },
																		"down": { "texture": "#null", "uv": [ 0.0, 0.0, 1.0, 0.5 ], "autoUv": false, "enabled": false }
																	}
																},
																{
																	"name": "taper3",
																	"from": [ -1.12, 2.4, 0.08 ],
																	"to": [ 0.0, 3.2, 0.56 ],
																	"rotationOrigin": [ 0.0, 3.2, 0.4 ],
																	"rotationZ": 45.0,
																	"faces": {
																		"north": { "texture": "#blackbronze", "uv": [ 5.5, 13.0, 6.5, 14.0 ], "glow": 188, "autoUv": false },
																		"east": { "texture": "#null", "uv": [ 0.0, 0.0, 0.5, 1.0 ], "autoUv": false, "enabled": false },
																		"south": { "texture": "#blackbronze", "uv": [ 10.5, 0.0, 11.5, 1.0 ], "glow": 188, "autoUv": false, "windMode": [-1,-1,-1,-1] },
																		"west": { "texture": "#null", "uv": [ 0.0, 0.0, 0.5, 1.0 ], "autoUv": false, "enabled": false },
																		"up": { "texture": "#blackbronze", "uv": [ 6.0, 8.0, 7.0, 8.5 ], "glow": 188, "autoUv": false, "windMode": [-1,-1,-1,-1] },
																		"down": { "texture": "#null", "uv": [ 0.0, 0.0, 1.0, 0.5 ], "autoUv": false, "enabled": false }
																	}
																},
																{
																	"name": "taper4",
																	"from": [ 2.4, 2.4, 0.08 ],
																	"to": [ 3.52, 3.2, 0.56 ],
																	"rotationOrigin": [ 2.4, 3.2, 0.4 ],
																	"rotationZ": -45.0,
																	"faces": {
																		"north": { "texture": "#blackbronze", "uv": [ 6.0, 7.0, 7.0, 8.0 ], "glow": 188, "autoUv": false },
																		"east": { "texture": "#null", "uv": [ 0.0, 0.0, 0.5, 1.0 ], "autoUv": false, "enabled": false },
																		"south": { "texture": "#blackbronze", "uv": [ 10.5, 8.0, 11.5, 9.0 ], "glow": 188, "autoUv": false, "windMode": [-1,-1,-1,-1] },
																		"west": { "texture": "#null", "uv": [ 0.0, 0.0, 0.5, 1.0 ], "autoUv": false, "enabled": false },
																		"up": { "texture": "#blackbronze", "uv": [ 1.5, 4.5, 2.5, 5.0 ], "glow": 188, "autoUv": false, "windMode": [-1,-1,-1,-1] },
																		"down": { "texture": "#null", "uv": [ 0.0, 0.0, 1.0, 0.5 ], "autoUv": false, "enabled": false }
																	}
																},
																{
																	"name": "spike1",
																	"from": [ 0.64, 2.64, 0.08 ],
																	"to": [ 1.76, 3.76, 0.56 ],
																	"rotationOrigin": [ 1.2, 3.2, 0.24 ],
																	"rotationZ": -45.0,
																	"faces": {
																		"north": { "texture": "#blackbronze", "uv": [ 10.0, 2.5, 11.0, 3.5 ], "glow": 188, "autoUv": false },
																		"east": { "texture": "#null", "uv": [ 0.0, 0.0, 0.5, 1.0 ], "autoUv": false, "enabled": false },
																		"south": { "texture": "#blackbronze", "uv": [ 6.5, 7.0, 7.5, 8.0 ], "glow": 188, "autoUv": false, "windMode": [-1,-1,-1,-1] },
																		"west": { "texture": "#blackbronze", "uv": [ 0.5, 7.0, 1.0, 8.0 ], "glow": 188, "autoUv": false, "windMode": [-1,-1,-1,-1] },
																		"up": { "texture": "#blackbronze", "uv": [ 9.0, 7.5, 10.0, 8.0 ], "glow": 188, "autoUv": false, "windMode": [-1,-1,-1,-1] },
																		"down": { "texture": "#null", "uv": [ 0.0, 0.0, 1.0, 0.5 ], "autoUv": false, "enabled": false }
																	}
																},
																{
																	"name": "spike2",
																	"from": [ 0.64, -0.56, 0.08 ],
																	"to": [ 1.76, 0.56, 0.56 ],
																	"rotationOrigin": [ 1.2, 0.0, 0.24 ],
																	"rotationZ": -45.0,
																	"faces": {
																		"north": { "texture": "#blackbronze", "uv": [ 11.0, 6.5, 12.0, 7.5 ], "glow": 188, "autoUv": false },
																		"east": { "texture": "#blackbronze", "uv": [ 9.5, 11.5, 10.0, 12.5 ], "glow": 188, "autoUv": false, "windMode": [-1,-1,-1,-1] },
																		"south": { "texture": "#blackbronze", "uv": [ 8.5, 9.0, 9.5, 10.0 ], "glow": 188, "autoUv": false, "windMode": [-1,-1,-1,-1] },
																		"west": { "texture": "#null", "uv": [ 0.0, 0.0, 0.5, 1.0 ], "autoUv": false, "enabled": false },
																		"up": { "texture": "#null", "uv": [ 0.0, 0.0, 1.0, 0.5 ], "autoUv": false, "enabled": false },
																		"down": { "texture": "#blackbronze", "uv": [ 11.0, 2.0, 12.0, 2.5 ], "glow": 188, "autoUv": false, "windMode": [-1,-1,-1,-1] }
																	}
																}
															]
														},
														{
															"name": "flangeH",
															"from": [ 0.8, 0.48, -0.8 ],
															"to": [ 3.2, 1.12, 2.4 ],
															"rotationOrigin": [ 2.0, 0.8, 0.8 ],
															"faces": {
																"north": { "texture": "#blackbronze", "uv": [ 7.5, 6.0, 10.5, 6.5 ], "glow": 188, "autoUv": false },
																"east": { "texture": "#blackbronze", "uv": [ 5.0, 2.5, 9.0, 3.0 ], "glow": 188, "autoUv": false, "windMode": [-1,-1,-1,-1] },
																"south": { "texture": "#blackbronze", "uv": [ 7.5, 13.0, 10.5, 13.5 ], "glow": 188, "autoUv": false, "windMode": [-1,-1,-1,-1] },
																"west": { "texture": "#blackbronze", "uv": [ 0.0, 10.0, 4.0, 10.5 ], "glow": 188, "autoUv": false, "windMode": [-1,-1,-1,-1] },
																"up": { "texture": "#blackbronze", "uv": [ 5.5, 6.0, 8.5, 10.0 ], "glow": 188, "autoUv": false, "windMode": [-1,-1,-1,-1] },
																"down": { "texture": "#blackbronze", "uv": [ 7.0, 11.0, 10.0, 15.0 ], "glow": 188, "autoUv": false, "windMode": [-1,-1,-1,-1] }
															},
															"children": [
																{
																	"name": "taper5",
																	"from": [ -1.12, 0.08, 0.0 ],
																	"to": [ 0.0, 0.56, 0.8 ],
																	"rotationOrigin": [ 0.0, 0.4, 0.0 ],
																	"rotationY": 45.0,
																	"faces": {
																		"north": { "texture": "#blackbronze", "uv": [ 8.0, 2.5, 9.0, 3.0 ], "glow": 188, "autoUv": false },
																		"east": { "texture": "#null", "uv": [ 0.0, 0.0, 1.0, 0.5 ], "autoUv": false, "enabled": false },
																		"south": { "texture": "#null", "uv": [ 0.0, 0.0, 1.0, 0.5 ], "autoUv": false, "enabled": false },
																		"west": { "texture": "#null", "uv": [ 0.0, 0.0, 1.0, 0.5 ], "autoUv": false, "enabled": false },
																		"up": { "texture": "#blackbronze", "uv": [ 7.5, 2.0, 8.5, 3.0 ], "glow": 188, "autoUv": false, "windMode": [-1,-1,-1,-1] },
																		"down": { "texture": "#blackbronze", "uv": [ 9.5, 10.0, 10.5, 11.0 ], "glow": 188, "autoUv": false, "windMode": [-1,-1,-1,-1] }
																	}
																},
																{
																	"name": "taper6",
																	"from": [ 2.4, 0.08, 0.0 ],
																	"to": [ 3.52, 0.56, 0.8 ],
																	"rotationOrigin": [ 2.4, 0.4, 0.0 ],
																	"rotationY": -45.0,
																	"faces": {
																		"north": { "texture": "#blackbronze", "uv": [ 0.5, 10.5, 1.5, 11.0 ], "glow": 188, "autoUv": false },
																		"east": { "texture": "#null", "uv": [ 0.0, 0.0, 1.0, 0.5 ], "autoUv": false, "enabled": false },
																		"south": { "texture": "#null", "uv": [ 0.0, 0.0, 1.0, 0.5 ], "autoUv": false, "enabled": false },
																		"west": { "texture": "#null", "uv": [ 0.0, 0.0, 1.0, 0.5 ], "autoUv": false, "enabled": false },
																		"up": { "texture": "#blackbronze", "uv": [ 3.5, 14.5, 4.5, 15.5 ], "glow": 188, "autoUv": false, "windMode": [-1,-1,-1,-1] },
																		"down": { "texture": "#blackbronze", "uv": [ 0.0, 0.5, 1.0, 1.5 ], "glow": 188, "autoUv": false, "windMode": [-1,-1,-1,-1] }
																	}
																},
																{
																	"name": "taper8",
																	"from": [ 2.4, 0.08, 2.4 ],
																	"to": [ 3.52, 0.56, 3.2 ],
																	"rotationOrigin": [ 2.4, 0.4, 3.2 ],
																	"rotationY": 45.0,
																	"faces": {
																		"north": { "texture": "#null", "uv": [ 0.0, 0.0, 1.0, 0.5 ], "autoUv": false, "enabled": false },
																		"east": { "texture": "#null", "uv": [ 0.0, 0.0, 1.0, 0.5 ], "autoUv": false, "enabled": false },
																		"south": { "texture": "#blackbronze", "uv": [ 1.0, 14.0, 2.0, 14.5 ], "glow": 188, "autoUv": false },
																		"west": { "texture": "#null", "uv": [ 0.0, 0.0, 1.0, 0.5 ], "autoUv": false, "enabled": false },
																		"up": { "texture": "#blackbronze", "uv": [ 11.0, 10.0, 12.0, 11.0 ], "glow": 188, "autoUv": false, "windMode": [-1,-1,-1,-1] },
																		"down": { "texture": "#blackbronze", "uv": [ 7.0, 0.0, 8.0, 1.0 ], "glow": 188, "autoUv": false, "windMode": [-1,-1,-1,-1] }
																	}
																},
																{
																	"name": "taper7",
																	"from": [ -1.12, 0.08, 2.4 ],
																	"to": [ 0.0, 0.56, 3.2 ],
																	"rotationOrigin": [ 0.0, 0.4, 3.2 ],
																	"rotationY": -45.0,
																	"faces": {
																		"north": { "texture": "#null", "uv": [ 0.0, 0.0, 1.0, 0.5 ], "autoUv": false, "enabled": false },
																		"east": { "texture": "#null", "uv": [ 0.0, 0.0, 1.0, 0.5 ], "autoUv": false, "enabled": false },
																		"south": { "texture": "#blackbronze", "uv": [ 7.5, 2.5, 8.5, 3.0 ], "glow": 188, "autoUv": false },
																		"west": { "texture": "#null", "uv": [ 0.0, 0.0, 1.0, 0.5 ], "autoUv": false, "enabled": false },
																		"up": { "texture": "#blackbronze", "uv": [ 10.5, 14.0, 11.5, 15.0 ], "glow": 188, "autoUv": false, "windMode": [-1,-1,-1,-1] },
																		"down": { "texture": "#blackbronze", "uv": [ 8.0, 3.5, 9.0, 4.5 ], "glow": 188, "autoUv": false, "windMode": [-1,-1,-1,-1] }
																	}
																},
																{
																	"name": "spike3",
																	"from": [ 0.56, 0.08, -0.48 ],
																	"to": [ 1.68, 0.56, 0.64 ],
																	"rotationOrigin": [ 1.12, 0.32, 0.0 ],
																	"rotationY": -45.0,
																	"faces": {
																		"north": { "texture": "#blackbronze", "uv": [ 11.0, 15.0, 12.0, 15.5 ], "glow": 188, "autoUv": false },
																		"east": { "texture": "#null", "uv": [ 0.0, 0.0, 1.0, 0.5 ], "autoUv": false, "enabled": false },
																		"south": { "texture": "#null", "uv": [ 0.0, 0.0, 1.0, 0.5 ], "autoUv": false, "enabled": false },
																		"west": { "texture": "#blackbronze", "uv": [ 2.0, 4.5, 3.0, 5.0 ], "glow": 188, "autoUv": false, "windMode": [-1,-1,-1,-1] },
																		"up": { "texture": "#blackbronze", "uv": [ 11.0, 5.0, 12.0, 6.0 ], "glow": 188, "autoUv": false, "windMode": [-1,-1,-1,-1] },
																		"down": { "texture": "#blackbronze", "uv": [ 4.0, 11.5, 5.0, 12.5 ], "glow": 188, "autoUv": false, "windMode": [-1,-1,-1,-1] }
																	}
																},
																{
																	"name": "spike4",
																	"from": [ 0.56, 0.08, 2.64 ],
																	"to": [ 1.68, 0.56, 3.76 ],
																	"rotationOrigin": [ 1.12, 0.32, 3.12 ],
																	"rotationY": -45.0,
																	"faces": {
																		"north": { "texture": "#null", "uv": [ 0.0, 0.0, 1.0, 0.5 ], "autoUv": false, "enabled": false },
																		"east": { "texture": "#blackbronze", "uv": [ 10.0, 10.0, 11.0, 10.5 ], "glow": 188, "autoUv": false },
																		"south": { "texture": "#blackbronze", "uv": [ 6.5, 9.0, 7.5, 9.5 ], "glow": 188, "autoUv": false, "windMode": [-1,-1,-1,-1] },
																		"west": { "texture": "#null", "uv": [ 0.0, 0.0, 1.0, 0.5 ], "autoUv": false, "enabled": false },
																		"up": { "texture": "#blackbronze", "uv": [ 2.0, 10.0, 3.0, 11.0 ], "glow": 188, "autoUv": false, "windMode": [-1,-1,-1,-1] },
																		"down": { "texture": "#blackbronze", "uv": [ 6.5, 1.0, 7.5, 2.0 ], "glow": 188, "autoUv": false, "windMode": [-1,-1,-1,-1] }
																	}
																}
															]
														},
														{
															"name": "cap1",
															"from": [ 4.0, 0.4, 0.4 ],
															"to": [ 4.4, 1.2, 1.2 ],
															"rotationOrigin": [ 4.0, 0.8, 0.8 ],
															"faces": {
																"north": { "texture": "#blackbronze", "uv": [ 9.0, 14.5, 9.5, 15.5 ], "glow": 188, "autoUv": false },
																"east": { "texture": "#blackbronze", "uv": [ 3.5, 11.0, 4.5, 12.0 ], "glow": 188, "autoUv": false, "windMode": [-1,-1,-1,-1] },
																"south": { "texture": "#blackbronze", "uv": [ 7.0, 2.0, 7.5, 3.0 ], "glow": 188, "autoUv": false, "windMode": [-1,-1,-1,-1] },
																"west": { "texture": "#null", "uv": [ 0.0, 0.0, 1.0, 1.0 ], "autoUv": false, "enabled": false },
																"up": { "texture": "#blackbronze", "uv": [ 9.0, 2.5, 9.5, 3.5 ], "glow": 188, "autoUv": false, "windMode": [-1,-1,-1,-1] },
																"down": { "texture": "#blackbronze", "uv": [ 11.0, 0.5, 11.5, 1.5 ], "glow": 188, "autoUv": false, "windMode": [-1,-1,-1,-1] }
															}
														},
														{
															"name": "flangeD1",
															"from": [ 0.8, 0.48, -0.8 ],
															"to": [ 3.2, 1.12, 2.4 ],
															"rotationOrigin": [ 2.0, 0.8, 0.8 ],
															"rotationX": -45.0,
															"faces": {
																"north": { "texture": "#blackbronze", "uv": [ 8.5, 2.0, 11.5, 2.5 ], "glow": 188, "autoUv": false },
																"east": { "texture": "#blackbronze", "uv": [ 3.5, 3.5, 7.5, 4.0 ], "glow": 188, "autoUv": false, "windMode": [-1,-1,-1,-1] },
																"south": { "texture": "#blackbronze", "uv": [ 11.5, 13.0, 14.5, 13.5 ], "glow": 188, "autoUv": false, "windMode": [-1,-1,-1,-1] },
																"west": { "texture": "#blackbronze", "uv": [ 11.0, 6.0, 15.0, 6.5 ], "glow": 188, "autoUv": false, "windMode": [-1,-1,-1,-1] },
																"up": { "texture": "#blackbronze", "uv": [ 9.5, 10.0, 12.5, 14.0 ], "glow": 188, "autoUv": false, "windMode": [-1,-1,-1,-1] },
																"down": { "texture": "#blackbronze", "uv": [ 0.5, 11.5, 3.5, 15.5 ], "glow": 188, "autoUv": false, "windMode": [-1,-1,-1,-1] }
															},
															"children": [
																{
																	"name": "taper9",
																	"from": [ -1.12, 0.08, 0.0 ],
																	"to": [ 0.0, 0.56, 0.8 ],
																	"rotationOrigin": [ 0.0, 0.4, 0.0 ],
																	"rotationY": 45.0,
																	"faces": {
																		"north": { "texture": "#blackbronze", "uv": [ 13.0, 3.0, 14.0, 3.5 ], "glow": 188, "autoUv": false },
																		"east": { "texture": "#null", "uv": [ 0.0, 0.0, 1.0, 0.5 ], "autoUv": false, "enabled": false },
																		"south": { "texture": "#null", "uv": [ 0.0, 0.0, 1.0, 0.5 ], "autoUv": false, "enabled": false },
																		"west": { "texture": "#null", "uv": [ 0.0, 0.0, 1.0, 0.5 ], "autoUv": false, "enabled": false },
																		"up": { "texture": "#blackbronze", "uv": [ 13.5, 3.5, 14.5, 4.5 ], "glow": 188, "autoUv": false, "windMode": [-1,-1,-1,-1] },
																		"down": { "texture": "#blackbronze", "uv": [ 5.5, 3.5, 6.5, 4.5 ], "glow": 188, "autoUv": false, "windMode": [-1,-1,-1,-1] }
																	}
																},
																{
																	"name": "taper10",
																	"from": [ 2.4, 0.08, 0.0 ],
																	"to": [ 3.52, 0.56, 0.8 ],
																	"rotationOrigin": [ 2.4, 0.4, 0.0 ],
																	"rotationY": -45.0,
																	"faces": {
																		"north": { "texture": "#blackbronze", "uv": [ 8.5, 6.0, 9.5, 6.5 ], "glow": 188, "autoUv": false },
																		"east": { "texture": "#null", "uv": [ 0.0, 0.0, 1.0, 0.5 ], "autoUv": false, "enabled": false },
																		"south": { "texture": "#null", "uv": [ 0.0, 0.0, 1.0, 0.5 ], "autoUv": false, "enabled": false },
																		"west": { "texture": "#null", "uv": [ 0.0, 0.0, 1.0, 0.5 ], "autoUv": false, "enabled": false },
																		"up": { "texture": "#blackbronze", "uv": [ 7.0, 11.5, 8.0, 12.5 ], "glow": 188, "autoUv": false, "windMode": [-1,-1,-1,-1] },
																		"down": { "texture": "#blackbronze", "uv": [ 7.0, 13.5, 8.0, 14.5 ], "glow": 188, "autoUv": false, "windMode": [-1,-1,-1,-1] }
																	}
																},
																{
																	"name": "taper11",
																	"from": [ 2.4, 0.08, 2.4 ],
																	"to": [ 3.52, 0.56, 3.2 ],
																	"rotationOrigin": [ 2.4, 0.4, 3.2 ],
																	"rotationY": 45.0,
																	"faces": {
																		"north": { "texture": "#null", "uv": [ 0.0, 0.0, 1.0, 0.5 ], "autoUv": false, "enabled": false },
																		"east": { "texture": "#null", "uv": [ 0.0, 0.0, 1.0, 0.5 ], "autoUv": false, "enabled": false },
																		"south": { "texture": "#blackbronze", "uv": [ 1.0, 6.5, 2.0, 7.0 ], "glow": 188, "autoUv": false },
																		"west": { "texture": "#null", "uv": [ 0.0, 0.0, 1.0, 0.5 ], "autoUv": false, "enabled": false },
																		"up": { "texture": "#blackbronze", "uv": [ 2.0, 2.5, 3.0, 3.5 ], "glow": 188, "autoUv": false, "windMode": [-1,-1,-1,-1] },
																		"down": { "texture": "#blackbronze", "uv": [ 8.0, 3.0, 9.0, 4.0 ], "glow": 188, "autoUv": false, "windMode": [-1,-1,-1,-1] }
																	}
																},
																{
																	"name": "taper12",
																	"from": [ -1.12, 0.08, 2.4 ],
																	"to": [ 0.0, 0.56, 3.2 ],
																	"rotationOrigin": [ 0.0, 0.4, 3.2 ],
																	"rotationY": -45.0,
																	"faces": {
																		"north": { "texture": "#null", "uv": [ 0.0, 0.0, 1.0, 0.5 ], "autoUv": false, "enabled": false },
																		"east": { "texture": "#null", "uv": [ 0.0, 0.0, 1.0, 0.5 ], "autoUv": false, "enabled": false },
																		"south": { "texture": "#blackbronze", "uv": [ 12.0, 5.0, 13.0, 5.5 ], "glow": 188, "autoUv": false },
																		"west": { "texture": "#null", "uv": [ 0.0, 0.0, 1.0, 0.5 ], "autoUv": false, "enabled": false },
																		"up": { "texture": "#blackbronze", "uv": [ 12.0, 0.0, 13.0, 1.0 ], "glow": 188, "autoUv": false, "windMode": [-1,-1,-1,-1] },
																		"down": { "texture": "#blackbronze", "uv": [ 4.0, 2.0, 5.0, 3.0 ], "glow": 188, "autoUv": false, "windMode": [-1,-1,-1,-1] }
																	}
																},
																{
																	"name": "spike5",
																	"from": [ 0.8, 0.08, 2.64 ],
																	"to": [ 1.92, 0.56, 3.76 ],
																	"rotationOrigin": [ 1.28, 0.32, 3.12 ],
																	"rotationY": -45.0,
																	"faces": {
																		"north": { "texture": "#null", "uv": [ 0.0, 0.0, 1.0, 0.5 ], "autoUv": false, "enabled": false },
																		"east": { "texture": "#blackbronze", "uv": [ 6.5, 9.0, 7.5, 9.5 ], "glow": 188, "autoUv": false },
																		"south": { "texture": "#blackbronze", "uv": [ 6.0, 8.5, 7.0, 9.0 ], "glow": 188, "autoUv": false, "windMode": [-1,-1,-1,-1] },
																		"west": { "texture": "#null", "uv": [ 0.0, 0.0, 1.0, 0.5 ], "autoUv": false, "enabled": false },
																		"up": { "texture": "#blackbronze", "uv": [ 5.5, 10.5, 6.5, 11.5 ], "glow": 188, "autoUv": false, "windMode": [-1,-1,-1,-1] },
																		"down": { "texture": "#blackbronze", "uv": [ 12.5, 5.5, 13.5, 6.5 ], "glow": 188, "autoUv": false, "windMode": [-1,-1,-1,-1] }
																	}
																},
																{
																	"name": "spike6",
																	"from": [ 0.8, 0.08, -0.56 ],
																	"to": [ 1.92, 0.56, 0.56 ],
																	"rotationOrigin": [ 1.28, 0.32, -0.08 ],
																	"rotationY": -45.0,
																	"faces": {
																		"north": { "texture": "#blackbronze", "uv": [ 13.0, 5.0, 14.0, 5.5 ], "glow": 188, "autoUv": false, "windMode": [-1,-1,-1,-1] },
																		"east": { "texture": "#null", "uv": [ 0.0, 0.0, 1.0, 0.5 ], "autoUv": false, "enabled": false },
																		"south": { "texture": "#null", "uv": [ 0.0, 0.0, 1.0, 0.5 ], "autoUv": false, "enabled": false },
																		"west": { "texture": "#blackbronze", "uv": [ 5.0, 12.5, 6.0, 13.0 ], "glow": 188, "autoUv": false, "windMode": [-1,-1,-1,-1] },
																		"up": { "texture": "#blackbronze", "uv": [ 11.5, 13.5, 12.5, 14.5 ], "glow": 188, "autoUv": false, "windMode": [-1,-1,-1,-1] },
																		"down": { "texture": "#blackbronze", "uv": [ 3.5, 11.0, 4.5, 12.0 ], "glow": 188, "autoUv": false, "windMode": [-1,-1,-1,-1] }
																	}
																}
															]
														},
														{
															"name": "flangeD2",
															"from": [ 0.8, -0.8, 0.48 ],
															"to": [ 3.2, 2.4, 1.12 ],
															"rotationOrigin": [ 2.0, 0.8, 0.8 ],
															"rotationX": -45.0,
															"faces": {
																"north": { "texture": "#blackbronze", "uv": [ 4.0, 9.0, 7.0, 13.0 ], "glow": 188, "autoUv": false },
																"east": { "texture": "#blackbronze", "uv": [ 11.0, 8.5, 11.5, 12.5 ], "glow": 188, "autoUv": false, "windMode": [-1,-1,-1,-1] },
																"south": { "texture": "#blackbronze", "uv": [ 0.5, 8.5, 3.5, 12.5 ], "glow": 188, "autoUv": false, "windMode": [-1,-1,-1,-1] },
																"west": { "texture": "#blackbronze", "uv": [ 14.0, 3.5, 14.5, 7.5 ], "glow": 188, "autoUv": false, "windMode": [-1,-1,-1,-1] },
																"up": { "texture": "#blackbronze", "uv": [ 6.0, 6.5, 9.0, 7.0 ], "glow": 188, "autoUv": false, "windMode": [-1,-1,-1,-1] },
																"down": { "texture": "#blackbronze", "uv": [ 7.0, 8.5, 10.0, 9.0 ], "glow": 188, "autoUv": false, "windMode": [-1,-1,-1,-1] }
															},
															"children": [
																{
																	"name": "taper13",
																	"from": [ 0.0, 0.0, 0.08 ],
																	"to": [ 0.8, 1.12, 0.56 ],
																	"rotationOrigin": [ 0.0, 0.0, 0.4 ],
																	"rotationZ": 45.0,
																	"faces": {
																		"north": { "texture": "#blackbronze", "uv": [ 2.0, 6.5, 3.0, 7.5 ], "glow": 188, "autoUv": false },
																		"east": { "texture": "#null", "uv": [ 0.0, 0.0, 0.5, 1.0 ], "autoUv": false, "enabled": false },
																		"south": { "texture": "#blackbronze", "uv": [ 8.5, 9.0, 9.5, 10.0 ], "glow": 188, "autoUv": false, "windMode": [-1,-1,-1,-1] },
																		"west": { "texture": "#blackbronze", "uv": [ 14.0, 2.0, 14.5, 3.0 ], "glow": 188, "autoUv": false, "windMode": [-1,-1,-1,-1] },
																		"up": { "texture": "#null", "uv": [ 0.0, 0.0, 1.0, 0.5 ], "autoUv": false, "enabled": false },
																		"down": { "texture": "#null", "uv": [ 0.0, 0.0, 1.0, 0.5 ], "autoUv": false, "enabled": false }
																	}
																},
																{
																	"name": "taper14",
																	"from": [ 1.6, 0.0, 0.08 ],
																	"to": [ 2.4, 1.12, 0.56 ],
																	"rotationOrigin": [ 2.4, 0.0, 0.4 ],
																	"rotationZ": -45.0,
																	"faces": {
																		"north": { "texture": "#blackbronze", "uv": [ 3.5, 10.0, 4.5, 11.0 ], "glow": 188, "autoUv": false },
																		"east": { "texture": "#blackbronze", "uv": [ 15.0, 6.0, 15.5, 7.0 ], "glow": 188, "autoUv": false, "windMode": [-1,-1,-1,-1] },
																		"south": { "texture": "#blackbronze", "uv": [ 12.5, 14.0, 13.5, 15.0 ], "glow": 188, "autoUv": false, "windMode": [-1,-1,-1,-1] },
																		"west": { "texture": "#null", "uv": [ 0.0, 0.0, 0.5, 1.0 ], "autoUv": false, "enabled": false },
																		"up": { "texture": "#null", "uv": [ 0.0, 0.0, 1.0, 0.5 ], "autoUv": false, "enabled": false },
																		"down": { "texture": "#null", "uv": [ 0.0, 0.0, 1.0, 0.5 ], "autoUv": false, "enabled": false }
																	}
																},
																{
																	"name": "taper15",
																	"from": [ -1.12, 2.4, 0.08 ],
																	"to": [ 0.0, 3.2, 0.56 ],
																	"rotationOrigin": [ 0.0, 3.2, 0.4 ],
																	"rotationZ": 45.0,
																	"faces": {
																		"north": { "texture": "#blackbronze", "uv": [ 14.0, 12.0, 15.0, 13.0 ], "glow": 188, "autoUv": false },
																		"east": { "texture": "#null", "uv": [ 0.0, 0.0, 0.5, 1.0 ], "autoUv": false, "enabled": false },
																		"south": { "texture": "#blackbronze", "uv": [ 6.5, 3.5, 7.5, 4.5 ], "glow": 188, "autoUv": false, "windMode": [-1,-1,-1,-1] },
																		"west": { "texture": "#null", "uv": [ 0.0, 0.0, 0.5, 1.0 ], "autoUv": false, "enabled": false },
																		"up": { "texture": "#blackbronze", "uv": [ 10.5, 5.0, 11.5, 5.5 ], "glow": 188, "autoUv": false, "windMode": [-1,-1,-1,-1] },
																		"down": { "texture": "#null", "uv": [ 0.0, 0.0, 1.0, 0.5 ], "autoUv": false, "enabled": false }
																	}
																},
																{
																	"name": "taper16",
																	"from": [ 2.4, 2.4, 0.08 ],
																	"to": [ 3.52, 3.2, 0.56 ],
																	"rotationOrigin": [ 2.4, 3.2, 0.4 ],
																	"rotationZ": -45.0,
																	"faces": {
																		"north": { "texture": "#blackbronze", "uv": [ 9.0, 9.5, 10.0, 10.5 ], "glow": 188, "autoUv": false },
																		"east": { "texture": "#null", "uv": [ 0.0, 0.0, 0.5, 1.0 ], "autoUv": false, "enabled": false },
																		"south": { "texture": "#blackbronze", "uv": [ 2.0, 8.5, 3.0, 9.5 ], "glow": 188, "autoUv": false, "windMode": [-1,-1,-1,-1] },
																		"west": { "texture": "#null", "uv": [ 0.0, 0.0, 0.5, 1.0 ], "autoUv": false, "enabled": false },
																		"up": { "texture": "#blackbronze", "uv": [ 4.5, 12.5, 5.5, 13.0 ], "glow": 188, "autoUv": false, "windMode": [-1,-1,-1,-1] },
																		"down": { "texture": "#null", "uv": [ 0.0, 0.0, 1.0, 0.5 ], "autoUv": false, "enabled": false }
																	}
																},
																{
																	"name": "spike7",
																	"from": [ 0.8, 2.64, 0.08 ],
																	"to": [ 1.92, 3.76, 0.56 ],
																	"rotationOrigin": [ 1.28, 3.12, 0.24 ],
																	"rotationZ": 45.0,
																	"faces": {
																		"north": { "texture": "#blackbronze", "uv": [ 9.5, 1.5, 10.5, 2.5 ], "glow": 188, "autoUv": false },
																		"east": { "texture": "#blackbronze", "uv": [ 11.0, 9.5, 11.5, 10.5 ], "glow": 188, "autoUv": false, "windMode": [-1,-1,-1,-1] },
																		"south": { "texture": "#blackbronze", "uv": [ 0.0, 5.5, 1.0, 6.5 ], "glow": 188, "autoUv": false, "windMode": [-1,-1,-1,-1] },
																		"west": { "texture": "#null", "uv": [ 0.0, 0.0, 0.5, 1.0 ], "autoUv": false, "enabled": false },
																		"up": { "texture": "#blackbronze", "uv": [ 2.5, 9.5, 3.5, 10.0 ], "glow": 188, "autoUv": false, "windMode": [-1,-1,-1,-1] },
																		"down": { "texture": "#null", "uv": [ 0.0, 0.0, 1.0, 0.5 ], "autoUv": false, "enabled": false }
																	}
																},
																{
																	"name": "spike8",
																	"from": [ 0.8, -0.48, 0.08 ],
																	"to": [ 1.92, 0.64, 0.56 ],
																	"rotationOrigin": [ 1.28, 0.0, 0.24 ],
																	"rotationZ": -45.0,
																	"faces": {
																		"north": { "texture": "#blackbronze", "uv": [ 6.0, 12.5, 7.0, 13.5 ], "glow": 188, "autoUv": false },
																		"east": { "texture": "#blackbronze", "uv": [ 13.0, 0.0, 13.5, 1.0 ], "glow": 188, "autoUv": false, "windMode": [-1,-1,-1,-1] },
																		"south": { "texture": "#blackbronze", "uv": [ 4.0, 7.5, 5.0, 8.5 ], "glow": 188, "autoUv": false, "windMode": [-1,-1,-1,-1] },
																		"west": { "texture": "#null", "uv": [ 0.0, 0.0, 0.5, 1.0 ], "autoUv": false, "enabled": false },
																		"up": { "texture": "#blackbronze", "uv": [ 5.5, 5.5, 6.5, 6.0 ], "glow": 188, "autoUv": false, "windMode": [-1,-1,-1,-1] },
																		"down": { "texture": "#null", "uv": [ 0.0, 0.0, 1.0, 0.5 ], "autoUv": false, "enabled": false }
																	}
																}
															]
														}
													]
												}
											]
										}
									]
								}
							]
						}
					]
				}
			]
		}
	]}