{
	"editor": {
		"backDropShape": "entity/animal/mammal/hooved/deer/elk/female",
		"collapsedPaths": ",Root/origin/handle,Root/origin/handle/fuller2,Root/origin/handle/guard/guard1,Root/origin/handle/guard,Root/origin/rivet 51,Root/origin/handle/pommel1",
		"allAngles": false,
		"entityTextureMode": false
	},
	"textureWidth": 16,
	"textureHeight": 16,
	"textureSizes": {
		"iron": [16,16],
		"wood": [16,16]
	},
	"textures": {
		"cloth": "game:block/cloth/linen/black",
		"plain": "game:block/leather/plain",
		"blackbronze": "game:block/metal/ingot/iron",
		"handguard": "game:block/metal/sheet/gold1"
	},
	"elements": [
		{
			"name": "origin",
			"stepParentName": "LeftFrontStorage",
			"from": [ 3.8, 7.5, 1.5 ],
			"to": [ 3.8, 7.5, 1.5 ],
			"rotationOrigin": [ 3.7993, 7.5, 1.4995 ],
			"rotationX": 3.0,
			"rotationZ": -118.5,
			"faces": {
				"north": { "texture": "#null", "uv": [ 0.5, 6.0, 1.0, 6.5 ], "autoUv": false, "enabled": false },
				"east": { "texture": "#null", "uv": [ 11.0, 12.5, 11.5, 13.0 ], "autoUv": false, "enabled": false },
				"south": { "texture": "#null", "uv": [ 5.0, 6.5, 5.5, 7.0 ], "autoUv": false, "enabled": false },
				"west": { "texture": "#null", "uv": [ 4.0, 10.5, 4.5, 11.0 ], "autoUv": false, "enabled": false },
				"up": { "texture": "#null", "uv": [ 6.5, 13.5, 7.0, 14.0 ], "autoUv": false, "enabled": false },
				"down": { "texture": "#null", "uv": [ 6.5, 15.0, 7.0, 15.5 ], "autoUv": false, "enabled": false }
			},
			"children": [
				{
					"name": "strap",
					"from": [ 1.9, -2.0, -0.7 ],
					"to": [ 2.5, 0.0, -0.6 ],
					"rotationOrigin": [ 1.9, -2.0, -0.7 ],
					"rotationX": 14.0,
					"rotationZ": 12.0,
					"faces": {
						"north": { "texture": "#plain", "uv": [ 0.0, 0.0, 0.5, 2.0 ] },
						"east": { "texture": "#plain", "uv": [ 0.0, 0.0, 0.5, 2.0 ] },
						"south": { "texture": "#plain", "uv": [ 0.0, 0.0, 0.5, 2.0 ] },
						"west": { "texture": "#plain", "uv": [ 0.0, 0.0, 0.5, 2.0 ] },
						"up": { "texture": "#plain", "uv": [ 0.0, 0.0, 0.5, 0.5 ] },
						"down": { "texture": "#plain", "uv": [ 0.0, 0.0, 0.5, 0.5 ] }
					}
				},
				{
					"name": "fuller2",
					"from": [ 0.575, -0.23, -0.1713 ],
					"to": [ 8.74, 0.23, 0.1737 ],
					"rotationOrigin": [ 0.575, 0.0, 0.0 ],
					"faces": {
						"north": { "texture": "#plain", "uv": [ 1.0, 14.5, 8.0, 15.0 ], "autoUv": false },
						"east": { "texture": "#plain", "uv": [ 11.5, 1.0, 12.0, 1.5 ], "autoUv": false },
						"south": { "texture": "#plain", "uv": [ 1.0, 2.0, 8.0, 2.5 ], "autoUv": false },
						"west": { "texture": "#plain", "uv": [ 9.5, 8.0, 10.0, 8.5 ], "autoUv": false, "enabled": false },
						"up": { "texture": "#plain", "uv": [ 2.5, 3.5, 9.5, 4.0 ], "autoUv": false },
						"down": { "texture": "#plain", "uv": [ 0.0, 5.0, 7.0, 5.5 ], "autoUv": false }
					},
					"children": [
						{
							"name": "blade3",
							"from": [ 0.0, 0.345, 0.0586 ],
							"to": [ 8.05, 0.575, 0.2886 ],
							"rotationOrigin": [ 0.0, 0.46, 0.1725 ],
							"rotationX": -45.0,
							"faces": {
								"north": { "texture": "#plain", "uv": [ 2.5, 14.5, 9.5, 15.0 ], "autoUv": false, "enabled": false },
								"east": { "texture": "#plain", "uv": [ 5.0, 14.5, 5.5, 15.0 ], "autoUv": false },
								"south": { "texture": "#plain", "uv": [ 8.5, 12.5, 15.5, 13.0 ], "autoUv": false },
								"west": { "texture": "#plain", "uv": [ 1.0, 11.5, 1.5, 12.0 ], "autoUv": false, "enabled": false },
								"up": { "texture": "#plain", "uv": [ 3.5, 7.5, 10.5, 8.0 ], "autoUv": false },
								"down": { "texture": "#plain", "uv": [ 6.5, 4.5, 13.5, 5.0 ], "autoUv": false, "enabled": false }
							}
						},
						{
							"name": "blade4",
							"from": [ 0.0, -0.115, 0.0586 ],
							"to": [ 8.05, 0.115, 0.2886 ],
							"rotationOrigin": [ 0.0, 0.0, 0.1725 ],
							"rotationX": -45.0,
							"faces": {
								"north": { "texture": "#plain", "uv": [ 3.5, 2.0, 10.5, 2.5 ], "autoUv": false },
								"east": { "texture": "#plain", "uv": [ 7.5, 12.5, 8.0, 13.0 ], "autoUv": false },
								"south": { "texture": "#plain", "uv": [ 3.5, 2.0, 10.5, 2.5 ], "autoUv": false, "enabled": false },
								"west": { "texture": "#plain", "uv": [ 5.5, 10.5, 6.0, 11.0 ], "autoUv": false, "enabled": false },
								"up": { "texture": "#plain", "uv": [ 4.5, 5.5, 11.5, 6.0 ], "autoUv": false, "enabled": false },
								"down": { "texture": "#plain", "uv": [ 6.5, 9.0, 13.5, 9.5 ], "autoUv": false }
							}
						},
						{
							"name": "tip4",
							"from": [ 7.935, 0.345, 0.0575 ],
							"to": [ 8.855, 0.575, 0.2875 ],
							"rotationOrigin": [ 7.935, 0.46, 0.1725 ],
							"rotationX": -45.0,
							"rotationY": 10.0,
							"rotationZ": -10.0,
							"faces": {
								"north": { "texture": "#plain", "uv": [ 13.5, 7.0, 14.0, 7.5 ], "autoUv": false },
								"east": { "texture": "#plain", "uv": [ 11.0, 10.0, 11.5, 10.5 ], "autoUv": false },
								"south": { "texture": "#plain", "uv": [ 9.5, 0.0, 10.0, 0.5 ], "autoUv": false },
								"west": { "texture": "#plain", "uv": [ 7.0, 11.5, 7.5, 12.0 ], "autoUv": false, "enabled": false },
								"up": { "texture": "#plain", "uv": [ 5.0, 2.5, 5.5, 3.0 ], "autoUv": false },
								"down": { "texture": "#plain", "uv": [ 14.0, 0.5, 14.5, 1.0 ], "autoUv": false }
							}
						},
						{
							"name": "tip5",
							"from": [ 7.935, -0.115, 0.0575 ],
							"to": [ 8.855, 0.115, 0.2875 ],
							"rotationOrigin": [ 7.935, 0.0, 0.1725 ],
							"rotationX": -45.0,
							"rotationY": -10.0,
							"rotationZ": 10.0,
							"faces": {
								"north": { "texture": "#plain", "uv": [ 0.5, 8.0, 1.0, 8.5 ], "autoUv": false },
								"east": { "texture": "#plain", "uv": [ 4.5, 6.5, 5.0, 7.0 ], "autoUv": false },
								"south": { "texture": "#plain", "uv": [ 4.5, 8.0, 5.0, 8.5 ], "autoUv": false },
								"west": { "texture": "#plain", "uv": [ 2.5, 11.0, 3.0, 11.5 ], "autoUv": false, "enabled": false },
								"up": { "texture": "#plain", "uv": [ 2.5, 1.5, 3.0, 2.0 ], "autoUv": false },
								"down": { "texture": "#plain", "uv": [ 9.0, 10.5, 9.5, 11.0 ], "autoUv": false }
							}
						},
						{
							"name": "tip6",
							"from": [ 8.74, 0.115, 0.0575 ],
							"to": [ 8.97, 0.345, 0.2875 ],
							"rotationOrigin": [ 8.855, 0.23, 0.1725 ],
							"rotationZ": -45.0,
							"faces": {
								"north": { "texture": "#plain", "uv": [ 5.0, 2.5, 5.5, 3.0 ], "autoUv": false },
								"east": { "texture": "#plain", "uv": [ 3.0, 3.0, 3.5, 3.5 ], "autoUv": false },
								"south": { "texture": "#plain", "uv": [ 5.0, 14.0, 5.5, 14.5 ], "autoUv": false },
								"west": { "texture": "#plain", "uv": [ 1.0, 8.0, 1.5, 8.5 ], "autoUv": false },
								"up": { "texture": "#plain", "uv": [ 8.5, 4.0, 9.0, 4.5 ], "autoUv": false },
								"down": { "texture": "#plain", "uv": [ 3.5, 2.5, 4.0, 3.0 ], "autoUv": false }
							}
						}
					]
				},
				{
					"name": "origin",
					"from": [ 0.0, 0.0, 0.0 ],
					"to": [ 0.0, 0.0, 0.0 ],
					"faces": {
						"north": { "texture": "#null", "uv": [ 0.0, 0.0, 0.5, 0.5 ], "enabled": false },
						"east": { "texture": "#null", "uv": [ 0.0, 0.0, 0.5, 0.5 ], "enabled": false },
						"south": { "texture": "#null", "uv": [ 0.0, 0.0, 0.5, 0.5 ], "enabled": false },
						"west": { "texture": "#null", "uv": [ 0.0, 0.0, 0.5, 0.5 ], "enabled": false },
						"up": { "texture": "#null", "uv": [ 0.0, 0.0, 0.5, 0.5 ], "enabled": false },
						"down": { "texture": "#null", "uv": [ 0.0, 0.0, 0.5, 0.5 ], "enabled": false }
					},
					"children": [
						{
							"name": "handle",
							"from": [ -3.5, -0.4, -0.5 ],
							"to": [ 0.0, 0.4, 0.5 ],
							"faces": {
								"north": { "texture": "#cloth", "uv": [ 11.5, 10.5, 15.0, 11.0 ] },
								"east": { "texture": "#null", "uv": [ 0.0, 0.0, 1.0, 0.5 ], "enabled": false },
								"south": { "texture": "#cloth", "uv": [ 7.5, 4.0, 11.0, 4.5 ], "windMode": [-1,-1,-1,-1] },
								"west": { "texture": "#null", "uv": [ 0.0, 0.0, 1.0, 0.5 ], "enabled": false },
								"up": { "texture": "#cloth", "uv": [ 6.5, 5.0, 10.0, 6.0 ], "windMode": [-1,-1,-1,-1] },
								"down": { "texture": "#cloth", "uv": [ 0.5, 5.0, 4.0, 6.0 ], "windMode": [-1,-1,-1,-1] }
							},
							"children": [
								{
									"name": "pommel",
									"from": [ -1.5, -0.1, 0.0 ],
									"to": [ 0.0, 0.9, 1.0 ],
									"rotationOrigin": [ -1.0, 0.4, 0.5 ],
									"faces": {
										"north": { "texture": "#handguard", "uv": [ 7.5, 2.0, 9.0, 3.0 ] },
										"east": { "texture": "#handguard", "uv": [ 7.5, 8.5, 8.5, 9.5 ], "windMode": [-1,-1,-1,-1] },
										"south": { "texture": "#handguard", "uv": [ 1.0, 6.5, 2.5, 7.5 ], "windMode": [-1,-1,-1,-1] },
										"west": { "texture": "#handguard", "uv": [ 5.0, 14.0, 6.0, 15.0 ], "windMode": [-1,-1,-1,-1] },
										"up": { "texture": "#handguard", "uv": [ 1.0, 1.5, 2.5, 2.5 ], "windMode": [-1,-1,-1,-1] },
										"down": { "texture": "#handguard", "uv": [ 1.0, 9.0, 2.5, 10.0 ], "windMode": [-1,-1,-1,-1] }
									},
									"children": [
										{
											"name": "pommeltip",
											"from": [ -0.2, 0.3, 0.3 ],
											"to": [ 0.0, 0.7, 0.7 ],
											"rotationOrigin": [ -0.1, 0.5, 0.5 ],
											"rotationX": -45.0,
											"faces": {
												"north": { "texture": "#handguard", "uv": [ 4.5, 5.0, 5.0, 5.5 ] },
												"east": { "texture": "#null", "uv": [ 0.0, 0.0, 0.5, 0.5 ], "enabled": false },
												"south": { "texture": "#handguard", "uv": [ 2.5, 0.5, 3.0, 1.0 ], "windMode": [-1,-1,-1,-1] },
												"west": { "texture": "#handguard", "uv": [ 12.0, 4.5, 12.5, 5.0 ], "windMode": [-1,-1,-1,-1] },
												"up": { "texture": "#handguard", "uv": [ 12.0, 1.5, 12.5, 2.0 ], "windMode": [-1,-1,-1,-1] },
												"down": { "texture": "#handguard", "uv": [ 5.5, 10.5, 6.0, 11.0 ], "windMode": [-1,-1,-1,-1] }
											}
										}
									]
								},
								{
									"name": "hilt",
									"from": [ 3.5, -0.2, -0.1 ],
									"to": [ 4.0, 1.0, 1.1 ],
									"rotationOrigin": [ 3.5, 0.4, 0.5 ],
									"faces": {
										"north": { "texture": "#handguard", "uv": [ 15.0, 4.0, 15.5, 5.0 ] },
										"east": { "texture": "#handguard", "uv": [ 12.0, 4.5, 13.0, 5.5 ], "windMode": [-1,-1,-1,-1] },
										"south": { "texture": "#handguard", "uv": [ 3.5, 7.5, 4.0, 8.5 ], "windMode": [-1,-1,-1,-1] },
										"west": { "texture": "#handguard", "uv": [ 9.5, 6.0, 10.5, 7.0 ], "windMode": [-1,-1,-1,-1] },
										"up": { "texture": "#handguard", "uv": [ 8.0, 1.0, 8.5, 2.0 ], "windMode": [-1,-1,-1,-1] },
										"down": { "texture": "#handguard", "uv": [ 8.5, 3.0, 9.0, 4.0 ], "windMode": [-1,-1,-1,-1] }
									},
									"children": [
										{
											"name": "guard1",
											"from": [ 0.1, 0.3, -0.5 ],
											"to": [ 0.4, 0.9, 1.7 ],
											"rotationOrigin": [ 0.1, 0.6, 0.6 ],
											"faces": {
												"north": { "texture": "#blackbronze", "uv": [ 8.5, 7.5, 9.0, 8.0 ] },
												"east": { "texture": "#blackbronze", "uv": [ 6.5, 3.0, 8.5, 3.5 ] },
												"south": { "texture": "#blackbronze", "uv": [ 2.5, 1.5, 3.0, 2.0 ] },
												"west": { "texture": "#blackbronze", "uv": [ 1.0, 7.5, 3.0, 8.0 ] },
												"up": { "texture": "#blackbronze", "uv": [ 11.0, 0.5, 11.5, 2.5 ] },
												"down": { "texture": "#blackbronze", "uv": [ 0.0, 0.0, 0.5, 2.0 ] }
											}
										},
										{
											"name": "guard2",
											"from": [ 0.1, -1.0, 0.35 ],
											"to": [ 0.4, 2.2, 0.85 ],
											"rotationOrigin": [ 0.1, 0.6, 0.6 ],
											"faces": {
												"north": { "texture": "#blackbronze", "uv": [ 0.5, 10.0, 1.0, 13.0 ] },
												"east": { "texture": "#blackbronze", "uv": [ 3.5, 1.0, 4.0, 4.0 ] },
												"south": { "texture": "#blackbronze", "uv": [ 5.0, 5.5, 5.5, 8.5 ] },
												"west": { "texture": "#blackbronze", "uv": [ 4.5, 4.5, 5.0, 7.5 ] },
												"up": { "texture": "#blackbronze", "uv": [ 8.5, 13.0, 9.0, 13.5 ] },
												"down": { "texture": "#blackbronze", "uv": [ 9.5, 9.5, 10.0, 10.0 ] }
											}
										}
									]
								},
								{
									"name": "fuller",
									"from": [ 4.0, 0.2, 0.351 ],
									"to": [ 11.1, 0.6, 0.651 ],
									"rotationOrigin": [ 4.0, 0.4, 0.5 ],
									"faces": {
										"north": { "texture": "#blackbronze", "uv": [ 1.0, 14.5, 8.0, 15.0 ] },
										"east": { "texture": "#blackbronze", "uv": [ 11.5, 1.0, 12.0, 1.5 ] },
										"south": { "texture": "#blackbronze", "uv": [ 1.0, 2.0, 8.0, 2.5 ] },
										"west": { "texture": "#null", "uv": [ 0.0, 0.0, 0.5, 0.5 ], "enabled": false },
										"up": { "texture": "#blackbronze", "uv": [ 2.5, 3.5, 9.5, 4.0 ] },
										"down": { "texture": "#blackbronze", "uv": [ 0.0, 5.0, 7.0, 5.5 ] }
									},
									"children": [
										{
											"name": "blade1",
											"from": [ 0.0, 0.3, 0.051 ],
											"to": [ 7.0, 0.5, 0.251 ],
											"rotationOrigin": [ 0.0, 0.4, 0.15 ],
											"rotationX": -45.0,
											"faces": {
												"north": { "texture": "#null", "uv": [ 0.0, 0.0, 7.0, 0.5 ], "enabled": false },
												"east": { "texture": "#blackbronze", "uv": [ 5.0, 14.5, 5.5, 15.0 ] },
												"south": { "texture": "#blackbronze", "uv": [ 8.5, 12.5, 15.5, 13.0 ] },
												"west": { "texture": "#null", "uv": [ 0.0, 0.0, 0.5, 0.5 ], "enabled": false },
												"up": { "texture": "#blackbronze", "uv": [ 3.5, 7.5, 10.5, 8.0 ] },
												"down": { "texture": "#null", "uv": [ 0.0, 0.0, 7.0, 0.5 ], "enabled": false }
											}
										},
										{
											"name": "blade2",
											"from": [ 0.0, -0.1, 0.051 ],
											"to": [ 7.0, 0.1, 0.251 ],
											"rotationOrigin": [ 0.0, 0.0, 0.15 ],
											"rotationX": -45.0,
											"faces": {
												"north": { "texture": "#blackbronze", "uv": [ 3.5, 2.0, 10.5, 2.5 ] },
												"east": { "texture": "#blackbronze", "uv": [ 7.5, 12.5, 8.0, 13.0 ] },
												"south": { "texture": "#null", "uv": [ 0.0, 0.0, 7.0, 0.5 ], "enabled": false },
												"west": { "texture": "#null", "uv": [ 0.0, 0.0, 0.5, 0.5 ], "enabled": false },
												"up": { "texture": "#null", "uv": [ 0.0, 0.0, 7.0, 0.5 ], "enabled": false },
												"down": { "texture": "#blackbronze", "uv": [ 6.5, 9.0, 13.5, 9.5 ] }
											}
										},
										{
											"name": "tip1",
											"from": [ 6.9, 0.3, 0.05 ],
											"to": [ 7.7, 0.5, 0.25 ],
											"rotationOrigin": [ 6.9, 0.4, 0.15 ],
											"rotationX": -45.0,
											"rotationY": 10.0,
											"rotationZ": -10.0,
											"faces": {
												"north": { "texture": "#blackbronze", "uv": [ 13.5, 7.0, 14.0, 7.5 ] },
												"east": { "texture": "#blackbronze", "uv": [ 11.0, 10.0, 11.5, 10.5 ] },
												"south": { "texture": "#blackbronze", "uv": [ 9.5, 0.0, 10.0, 0.5 ] },
												"west": { "texture": "#null", "uv": [ 0.0, 0.0, 0.5, 0.5 ], "enabled": false },
												"up": { "texture": "#blackbronze", "uv": [ 5.0, 2.5, 5.5, 3.0 ] },
												"down": { "texture": "#blackbronze", "uv": [ 14.0, 0.5, 14.5, 1.0 ] }
											}
										},
										{
											"name": "tip2",
											"from": [ 6.9, -0.1, 0.05 ],
											"to": [ 7.7, 0.1, 0.25 ],
											"rotationOrigin": [ 6.9, 0.0, 0.15 ],
											"rotationX": -45.0,
											"rotationY": -10.0,
											"rotationZ": 10.0,
											"faces": {
												"north": { "texture": "#blackbronze", "uv": [ 0.5, 8.0, 1.0, 8.5 ] },
												"east": { "texture": "#blackbronze", "uv": [ 4.5, 6.5, 5.0, 7.0 ] },
												"south": { "texture": "#blackbronze", "uv": [ 4.5, 8.0, 5.0, 8.5 ] },
												"west": { "texture": "#null", "uv": [ 0.0, 0.0, 0.5, 0.5 ], "enabled": false },
												"up": { "texture": "#blackbronze", "uv": [ 2.5, 1.5, 3.0, 2.0 ] },
												"down": { "texture": "#blackbronze", "uv": [ 9.0, 10.5, 9.5, 11.0 ] }
											}
										},
										{
											"name": "tip3",
											"from": [ 7.6, 0.1, 0.05 ],
											"to": [ 7.8, 0.3, 0.25 ],
											"rotationOrigin": [ 7.7, 0.2, 0.15 ],
											"rotationZ": -45.0,
											"faces": {
												"north": { "texture": "#blackbronze", "uv": [ 5.0, 2.5, 5.5, 3.0 ] },
												"east": { "texture": "#blackbronze", "uv": [ 3.0, 3.0, 3.5, 3.5 ] },
												"south": { "texture": "#blackbronze", "uv": [ 5.0, 14.0, 5.5, 14.5 ] },
												"west": { "texture": "#blackbronze", "uv": [ 1.0, 8.0, 1.5, 8.5 ] },
												"up": { "texture": "#blackbronze", "uv": [ 8.5, 4.0, 9.0, 4.5 ] },
												"down": { "texture": "#blackbronze", "uv": [ 3.5, 2.5, 4.0, 3.0 ] }
											}
										}
									]
								}
							]
						}
					]
				}
			]
		}
	]}