{
	"editor": {
		"backDropShape": "entity/animal/mammal/hooved/deer/elk/female",
		"collapsedPaths": "Root/ORIGINbridle,Root/origin/origin,Root/Cube2,Root/SaddleBackN,Root/SaddleFrontN",
		"allAngles": false,
		"entityTextureMode": false
	},
	"textureWidth": 16,
	"textureHeight": 16,
	"textureSizes": {
		"green": [16,16],
		"plain": [16,16],
		"birch": [16,16],
		"bismuthbronze": [16,16],
		"debarked/oak": [16,16],
		"metal": [16,16],
		"wood": [16,16],
		"blackbronze": [16,16],
		"iron": [16,16],
		"handle": [16,16]
	},
	"textures": {
		"cloth": "game:block/cloth/linen/black",
		"plain": "game:block/leather/plain",
		"blackbronze": "game:block/metal/ingot/iron",
		"handguard": "game:block/metal/sheet/gold1",
		"handle": "game:block/wood/debarked/oak"
	},
	"elements": [
		{
			"name": "origin",
			"stepParentName": "RightFrontStorage",
			"from": [ 3.7, 4.8, 0.0 ],
			"to": [ 3.7, 4.8, 0.0 ],
			"rotationOrigin": [ 3.7, 4.8, 0.0 ],
			"rotationX": 2.0,
			"rotationY": 180.0,
			"faces": {
				"north": { "texture": "#plain", "uv": [ 0.0, 0.0, 0.5, 0.5 ] },
				"east": { "texture": "#plain", "uv": [ 0.0, 0.0, 0.5, 0.5 ] },
				"south": { "texture": "#plain", "uv": [ 0.0, 0.0, 0.5, 0.5 ] },
				"west": { "texture": "#plain", "uv": [ 0.0, 0.0, 0.5, 0.5 ] },
				"up": { "texture": "#plain", "uv": [ 0.0, 0.0, 0.5, 0.5 ] },
				"down": { "texture": "#plain", "uv": [ 0.0, 0.0, 0.5, 0.5 ] }
			},
			"children": [
				{
					"name": "Attachment Strap",
					"from": [ 0.0, 0.0, 0.0 ],
					"to": [ 1.125, 1.5, 0.2 ],
					"rotationOrigin": [ 0.0, 0.0, 0.0 ],
					"rotationX": -12.0,
					"faces": {
						"north": { "texture": "#plain", "uv": [ 0.0, 0.0, 0.5, 1.0 ], "autoUv": false },
						"east": { "texture": "#plain", "uv": [ 0.0, 0.0, 0.5, 1.0 ], "autoUv": false },
						"south": { "texture": "#plain", "uv": [ 0.0, 0.0, 0.5, 1.0 ], "autoUv": false },
						"west": { "texture": "#plain", "uv": [ 0.0, 0.0, 0.5, 1.0 ], "autoUv": false },
						"up": { "texture": "#plain", "uv": [ 0.0, 0.0, 0.5, 0.5 ], "autoUv": false },
						"down": { "texture": "#plain", "uv": [ 0.0, 0.0, 0.5, 0.5 ], "autoUv": false }
					}
				},
				{
					"name": "Eyelet",
					"from": [ 1.4, 0.0, 0.1 ],
					"to": [ 3.2, 0.45, 0.2625 ],
					"rotationOrigin": [ 1.4, 0.0, 0.1 ],
					"rotationX": 6.0,
					"rotationY": -180.0,
					"faces": {
						"north": { "texture": "#plain", "uv": [ 0.0, 0.0, 0.5, 0.5 ], "autoUv": false },
						"east": { "texture": "#plain", "uv": [ 0.0, 0.0, 0.5, 0.5 ], "autoUv": false },
						"south": { "texture": "#plain", "uv": [ 0.0, 0.0, 0.5, 0.5 ], "autoUv": false },
						"west": { "texture": "#plain", "uv": [ 0.0, 0.0, 0.5, 0.5 ], "autoUv": false },
						"up": { "texture": "#plain", "uv": [ 0.0, 0.0, 0.5, 0.5 ], "autoUv": false },
						"down": { "texture": "#plain", "uv": [ 0.0, 0.0, 0.5, 0.5 ], "autoUv": false }
					},
					"children": [
						{
							"name": "Eyelet 2",
							"from": [ 0.0, 0.0, -1.67 ],
							"to": [ 1.8, 0.46, -1.5575 ],
							"rotationOrigin": [ 0.0, 0.0, -1.57 ],
							"faces": {
								"north": { "texture": "#plain", "uv": [ 0.0, 0.0, 0.5, 0.5 ], "autoUv": false },
								"east": { "texture": "#plain", "uv": [ 0.0, 0.0, 0.5, 0.5 ], "autoUv": false },
								"south": { "texture": "#plain", "uv": [ 0.0, 0.0, 0.5, 0.5 ], "autoUv": false },
								"west": { "texture": "#plain", "uv": [ 0.0, 0.0, 0.5, 0.5 ], "autoUv": false },
								"up": { "texture": "#plain", "uv": [ 0.0, 0.0, 0.5, 0.5 ], "autoUv": false },
								"down": { "texture": "#plain", "uv": [ 0.0, 0.0, 0.5, 0.5 ], "autoUv": false }
							}
						},
						{
							"name": "Eyelet 3",
							"from": [ 1.575, 0.45, -1.66 ],
							"to": [ 1.8, 2.21, -1.1875 ],
							"rotationOrigin": [ 1.575, 0.45, -1.66 ],
							"rotationX": 90.0,
							"faces": {
								"north": { "texture": "#plain", "uv": [ 0.0, 0.0, 0.5, 0.5 ], "autoUv": false },
								"east": { "texture": "#plain", "uv": [ 0.0, 0.0, 0.5, 0.5 ], "autoUv": false },
								"south": { "texture": "#plain", "uv": [ 0.0, 0.0, 0.5, 0.5 ], "autoUv": false },
								"west": { "texture": "#plain", "uv": [ 0.0, 0.0, 0.5, 0.5 ], "autoUv": false },
								"up": { "texture": "#plain", "uv": [ 0.0, 0.0, 0.5, 0.5 ], "autoUv": false },
								"down": { "texture": "#plain", "uv": [ 0.0, 0.0, 0.5, 0.5 ], "autoUv": false }
							}
						},
						{
							"name": "Eyelet 4",
							"from": [ 0.0, 0.45, -1.66 ],
							"to": [ 0.225, 2.21, -1.2 ],
							"rotationOrigin": [ 0.045, 0.45, -1.66 ],
							"rotationX": 90.0,
							"faces": {
								"north": { "texture": "#plain", "uv": [ 0.0, 0.0, 0.5, 0.5 ], "autoUv": false },
								"east": { "texture": "#plain", "uv": [ 0.0, 0.0, 0.5, 0.5 ], "autoUv": false },
								"south": { "texture": "#plain", "uv": [ 0.0, 0.0, 0.5, 0.5 ], "autoUv": false },
								"west": { "texture": "#plain", "uv": [ 0.0, 0.0, 0.5, 0.5 ], "autoUv": false },
								"up": { "texture": "#plain", "uv": [ 0.0, 0.0, 0.5, 0.5 ], "autoUv": false },
								"down": { "texture": "#plain", "uv": [ 0.0, 0.0, 0.5, 0.5 ], "autoUv": false }
							}
						}
					]
				},
				{
					"name": "origin",
					"from": [ 0.5, -5.8, 0.3 ],
					"to": [ 0.5, -5.8, 0.3 ],
					"rotationOrigin": [ 0.5, -5.8, 0.3 ],
					"rotationX": 96.0,
					"rotationY": 90.0,
					"faces": {
						"north": { "texture": "#null", "uv": [ 0.0, 0.0, 0.5, 0.5 ], "autoUv": false, "enabled": false },
						"east": { "texture": "#null", "uv": [ 0.0, 0.0, 0.5, 0.5 ], "autoUv": false, "enabled": false },
						"south": { "texture": "#null", "uv": [ 0.0, 0.0, 0.5, 0.5 ], "autoUv": false, "enabled": false },
						"west": { "texture": "#null", "uv": [ 0.0, 0.0, 0.5, 0.5 ], "autoUv": false, "enabled": false },
						"up": { "texture": "#null", "uv": [ 0.0, 0.0, 0.5, 0.5 ], "autoUv": false, "enabled": false },
						"down": { "texture": "#null", "uv": [ 0.0, 0.0, 0.5, 0.5 ], "autoUv": false, "enabled": false }
					},
					"children": [
						{
							"name": "handle",
							"from": [ -6.4, -0.6, -0.6 ],
							"to": [ 6.4, 0.6, 0.6 ],
							"faces": {
								"north": { "texture": "#handle", "uv": [ 0.0, 10.0, 16.0, 11.5 ], "autoUv": false },
								"east": { "texture": "#null", "uv": [ 0.0, 0.0, 1.5, 1.5 ], "autoUv": false, "enabled": false },
								"south": { "texture": "#handle", "uv": [ 0.0, 10.0, 16.0, 11.5 ], "autoUv": false },
								"west": { "texture": "#handle", "uv": [ 4.0, 8.0, 5.5, 9.5 ], "autoUv": false },
								"up": { "texture": "#handle", "uv": [ 0.0, 12.5, 16.0, 14.0 ], "autoUv": false },
								"down": { "texture": "#handle", "uv": [ 0.0, 12.5, 16.0, 14.0 ], "autoUv": false }
							},
							"children": [
								{
									"name": "socket",
									"from": [ 12.8, -0.16, -0.16 ],
									"to": [ 14.4, 1.36, 1.36 ],
									"rotationOrigin": [ 12.8, 0.6, 0.6 ],
									"faces": {
										"north": { "texture": "#handguard", "uv": [ 1.0, 8.0, 3.0, 9.5 ], "autoUv": false },
										"east": { "texture": "#null", "uv": [ 0.0, 0.0, 1.5, 1.5 ], "autoUv": false, "enabled": false },
										"south": { "texture": "#handguard", "uv": [ 3.5, 6.5, 5.5, 8.0 ], "autoUv": false, "windMode": [-1,-1,-1,-1] },
										"west": { "texture": "#handguard", "uv": [ 11.5, 3.0, 13.0, 4.5 ], "autoUv": false, "windMode": [-1,-1,-1,-1] },
										"up": { "texture": "#handguard", "uv": [ 1.0, 9.5, 3.0, 11.0 ], "autoUv": false, "windMode": [-1,-1,-1,-1] },
										"down": { "texture": "#handguard", "uv": [ 11.0, 3.5, 13.0, 5.0 ], "autoUv": false, "windMode": [-1,-1,-1,-1] }
									},
									"children": [
										{
											"name": "head",
											"from": [ 1.6, -0.4, -0.48 ],
											"to": [ 7.2, 2.0, 1.92 ],
											"rotationOrigin": [ 1.6, 0.72, 0.72 ],
											"faces": {
												"north": { "texture": "#blackbronze", "uv": [ 5.0, 2.5, 12.0, 5.5 ], "autoUv": false },
												"east": { "texture": "#blackbronze", "uv": [ 0.0, 10.5, 3.0, 13.5 ], "autoUv": false },
												"south": { "texture": "#blackbronze", "uv": [ 4.0, 11.5, 11.0, 14.5 ], "autoUv": false },
												"west": { "texture": "#blackbronze", "uv": [ 3.5, 6.0, 6.5, 9.0 ], "autoUv": false },
												"up": { "texture": "#blackbronze", "uv": [ 8.0, 7.0, 15.0, 10.0 ], "autoUv": false },
												"down": { "texture": "#blackbronze", "uv": [ 5.5, 5.0, 12.5, 8.0 ], "autoUv": false }
											},
											"children": [
												{
													"name": "cap",
													"from": [ 5.6, 0.4, 0.4 ],
													"to": [ 6.0, 2.0, 2.0 ],
													"rotationOrigin": [ 5.6, 1.2, 1.2 ],
													"faces": {
														"north": { "texture": "#blackbronze", "uv": [ 9.0, 0.5, 9.5, 2.5 ], "autoUv": false },
														"east": { "texture": "#blackbronze", "uv": [ 13.0, 1.5, 15.0, 3.5 ], "autoUv": false },
														"south": { "texture": "#blackbronze", "uv": [ 7.5, 1.0, 8.0, 3.0 ], "autoUv": false },
														"west": { "texture": "#null", "uv": [ 0.0, 0.0, 2.0, 2.0 ], "autoUv": false, "enabled": false },
														"up": { "texture": "#blackbronze", "uv": [ 9.0, 10.5, 9.5, 12.5 ], "autoUv": false },
														"down": { "texture": "#blackbronze", "uv": [ 5.0, 6.5, 5.5, 8.5 ], "autoUv": false }
													}
												},
												{
													"name": "rotator2",
													"from": [ 0.0, 1.08, 0.0 ],
													"to": [ 0.0, 1.08, 0.0 ],
													"rotationOrigin": [ 0.0, 1.08, 1.24 ],
													"rotationX": 45.0,
													"faces": {
														"north": { "texture": "#null", "uv": [ 0.0, 0.0, 0.5, 0.5 ], "autoUv": false, "enabled": false },
														"east": { "texture": "#null", "uv": [ 0.0, 0.0, 0.5, 0.5 ], "autoUv": false, "enabled": false },
														"south": { "texture": "#null", "uv": [ 0.0, 0.0, 0.5, 0.5 ], "autoUv": false, "enabled": false },
														"west": { "texture": "#null", "uv": [ 0.0, 0.0, 0.5, 0.5 ], "autoUv": false, "enabled": false },
														"up": { "texture": "#null", "uv": [ 0.0, 0.0, 0.5, 0.5 ], "autoUv": false, "enabled": false },
														"down": { "texture": "#null", "uv": [ 0.0, 0.0, 0.5, 0.5 ], "autoUv": false, "enabled": false }
													},
													"children": [
														{
															"name": "spike4",
															"from": [ 0.8, -1.88, 0.8 ],
															"to": [ 1.6, 2.12, 1.6 ],
															"rotationOrigin": [ 1.2, 0.12, 1.2 ],
															"rotationY": 45.0,
															"faces": {
																"north": { "texture": "#blackbronze", "uv": [ 7.5, 9.0, 8.5, 14.0 ], "autoUv": false },
																"east": { "texture": "#blackbronze", "uv": [ 9.0, 3.0, 10.0, 8.0 ], "autoUv": false },
																"south": { "texture": "#blackbronze", "uv": [ 11.0, 7.5, 12.0, 12.5 ], "autoUv": false },
																"west": { "texture": "#blackbronze", "uv": [ 11.5, 4.5, 12.5, 9.5 ], "autoUv": false },
																"up": { "texture": "#blackbronze", "uv": [ 13.0, 5.0, 14.0, 6.0 ], "autoUv": false },
																"down": { "texture": "#blackbronze", "uv": [ 11.0, 13.0, 12.0, 14.0 ], "autoUv": false }
															},
															"children": [
																{
																	"name": "tip7",
																	"from": [ 0.12, 3.72, 0.04 ],
																	"to": [ 0.68, 4.28, 0.76 ],
																	"rotationOrigin": [ 0.4, 4.0, 0.4 ],
																	"rotationZ": -45.0,
																	"faces": {
																		"north": { "texture": "#blackbronze", "uv": [ 10.5, 0.0, 11.0, 0.5 ], "autoUv": false },
																		"east": { "texture": "#null", "uv": [ 0.0, 0.0, 0.5, 0.5 ], "autoUv": false, "enabled": false },
																		"south": { "texture": "#blackbronze", "uv": [ 12.5, 0.5, 13.0, 1.0 ], "autoUv": false },
																		"west": { "texture": "#blackbronze", "uv": [ 6.5, 8.5, 7.0, 9.0 ], "autoUv": false },
																		"up": { "texture": "#blackbronze", "uv": [ 5.0, 4.0, 5.5, 4.5 ], "autoUv": false },
																		"down": { "texture": "#null", "uv": [ 0.0, 0.0, 0.5, 0.5 ], "autoUv": false, "enabled": false }
																	}
																},
																{
																	"name": "tip8",
																	"from": [ 0.12, -0.28, 0.04 ],
																	"to": [ 0.68, 0.28, 0.76 ],
																	"rotationOrigin": [ 0.4, 0.0, 0.4 ],
																	"rotationZ": -45.0,
																	"faces": {
																		"north": { "texture": "#blackbronze", "uv": [ 13.5, 0.5, 14.0, 1.0 ], "autoUv": false },
																		"east": { "texture": "#blackbronze", "uv": [ 7.5, 7.5, 8.0, 8.0 ], "autoUv": false },
																		"south": { "texture": "#blackbronze", "uv": [ 2.5, 9.0, 3.0, 9.5 ], "autoUv": false },
																		"west": { "texture": "#null", "uv": [ 0.0, 0.0, 0.5, 0.5 ], "autoUv": false, "enabled": false },
																		"up": { "texture": "#null", "uv": [ 0.0, 0.0, 0.5, 0.5 ], "autoUv": false, "enabled": false },
																		"down": { "texture": "#blackbronze", "uv": [ 0.0, 2.5, 0.5, 3.0 ], "autoUv": false }
																	}
																}
															]
														},
														{
															"name": "spike5",
															"from": [ 2.4, -1.88, 0.8 ],
															"to": [ 3.2, 2.12, 1.6 ],
															"rotationOrigin": [ 2.8, 0.12, 1.2 ],
															"rotationY": -45.0,
															"faces": {
																"north": { "texture": "#blackbronze", "uv": [ 8.0, 7.0, 9.0, 12.0 ], "autoUv": false },
																"east": { "texture": "#blackbronze", "uv": [ 9.5, 8.0, 10.5, 13.0 ], "autoUv": false },
																"south": { "texture": "#blackbronze", "uv": [ 5.5, 1.0, 6.5, 6.0 ], "autoUv": false },
																"west": { "texture": "#blackbronze", "uv": [ 12.0, 7.0, 13.0, 12.0 ], "autoUv": false },
																"up": { "texture": "#blackbronze", "uv": [ 3.0, 11.5, 4.0, 12.5 ], "autoUv": false },
																"down": { "texture": "#blackbronze", "uv": [ 2.5, 5.5, 3.5, 6.5 ], "autoUv": false }
															},
															"children": [
																{
																	"name": "tip9",
																	"from": [ 0.12, 3.72, 0.04 ],
																	"to": [ 0.68, 4.28, 0.76 ],
																	"rotationOrigin": [ 0.4, 4.0, 0.4 ],
																	"rotationZ": -45.0,
																	"faces": {
																		"north": { "texture": "#blackbronze", "uv": [ 7.5, 11.5, 8.0, 12.0 ], "autoUv": false },
																		"east": { "texture": "#null", "uv": [ 0.0, 0.0, 0.5, 0.5 ], "autoUv": false, "enabled": false },
																		"south": { "texture": "#blackbronze", "uv": [ 2.0, 13.5, 2.5, 14.0 ], "autoUv": false },
																		"west": { "texture": "#blackbronze", "uv": [ 11.5, 0.0, 12.0, 0.5 ], "autoUv": false },
																		"up": { "texture": "#blackbronze", "uv": [ 13.0, 11.5, 13.5, 12.0 ], "autoUv": false },
																		"down": { "texture": "#null", "uv": [ 0.0, 0.0, 0.5, 0.5 ], "autoUv": false, "enabled": false }
																	}
																},
																{
																	"name": "tip10",
																	"from": [ 0.12, -0.28, 0.04 ],
																	"to": [ 0.68, 0.28, 0.76 ],
																	"rotationOrigin": [ 0.4, 0.0, 0.4 ],
																	"rotationZ": -45.0,
																	"faces": {
																		"north": { "texture": "#blackbronze", "uv": [ 13.0, 5.0, 13.5, 5.5 ], "autoUv": false },
																		"east": { "texture": "#blackbronze", "uv": [ 12.0, 0.0, 12.5, 0.5 ], "autoUv": false },
																		"south": { "texture": "#blackbronze", "uv": [ 5.0, 7.5, 5.5, 8.0 ], "autoUv": false },
																		"west": { "texture": "#null", "uv": [ 0.0, 0.0, 0.5, 0.5 ], "autoUv": false, "enabled": false },
																		"up": { "texture": "#null", "uv": [ 0.0, 0.0, 0.5, 0.5 ], "autoUv": false, "enabled": false },
																		"down": { "texture": "#blackbronze", "uv": [ 13.5, 12.0, 14.0, 12.5 ], "autoUv": false }
																	}
																}
															]
														},
														{
															"name": "spike6",
															"from": [ 4.0, -1.88, 0.8 ],
															"to": [ 4.8, 2.12, 1.6 ],
															"rotationOrigin": [ 4.4, 0.12, 1.2 ],
															"rotationY": 45.0,
															"faces": {
																"north": { "texture": "#blackbronze", "uv": [ 8.0, 2.5, 9.0, 7.5 ], "autoUv": false },
																"east": { "texture": "#blackbronze", "uv": [ 4.0, 1.5, 5.0, 6.5 ], "autoUv": false },
																"south": { "texture": "#blackbronze", "uv": [ 4.5, 8.0, 5.5, 13.0 ], "autoUv": false },
																"west": { "texture": "#blackbronze", "uv": [ 9.0, 6.0, 10.0, 11.0 ], "autoUv": false },
																"up": { "texture": "#blackbronze", "uv": [ 4.0, 10.0, 5.0, 11.0 ], "autoUv": false },
																"down": { "texture": "#blackbronze", "uv": [ 5.5, 4.0, 6.5, 5.0 ], "autoUv": false }
															},
															"children": [
																{
																	"name": "tip11",
																	"from": [ 0.12, 3.72, 0.04 ],
																	"to": [ 0.68, 4.28, 0.76 ],
																	"rotationOrigin": [ 0.4, 4.0, 0.4 ],
																	"rotationZ": -45.0,
																	"faces": {
																		"north": { "texture": "#blackbronze", "uv": [ 11.5, 1.0, 12.0, 1.5 ], "autoUv": false },
																		"east": { "texture": "#null", "uv": [ 0.0, 0.0, 0.5, 0.5 ], "autoUv": false, "enabled": false },
																		"south": { "texture": "#blackbronze", "uv": [ 1.0, 10.5, 1.5, 11.0 ], "autoUv": false },
																		"west": { "texture": "#blackbronze", "uv": [ 3.5, 0.0, 4.0, 0.5 ], "autoUv": false },
																		"up": { "texture": "#blackbronze", "uv": [ 3.0, 13.5, 3.5, 14.0 ], "autoUv": false },
																		"down": { "texture": "#null", "uv": [ 0.0, 0.0, 0.5, 0.5 ], "autoUv": false, "enabled": false }
																	}
																},
																{
																	"name": "tip12",
																	"from": [ 0.12, -0.28, 0.04 ],
																	"to": [ 0.68, 0.28, 0.76 ],
																	"rotationOrigin": [ 0.4, 0.0, 0.4 ],
																	"rotationZ": -45.0,
																	"faces": {
																		"north": { "texture": "#blackbronze", "uv": [ 13.0, 9.5, 13.5, 10.0 ], "autoUv": false },
																		"east": { "texture": "#blackbronze", "uv": [ 5.5, 7.0, 6.0, 7.5 ], "autoUv": false },
																		"south": { "texture": "#blackbronze", "uv": [ 10.5, 8.5, 11.0, 9.0 ], "autoUv": false },
																		"west": { "texture": "#null", "uv": [ 0.0, 0.0, 0.5, 0.5 ], "autoUv": false, "enabled": false },
																		"up": { "texture": "#null", "uv": [ 0.0, 0.0, 0.5, 0.5 ], "autoUv": false, "enabled": false },
																		"down": { "texture": "#blackbronze", "uv": [ 4.0, 6.5, 4.5, 7.0 ], "autoUv": false }
																	}
																}
															]
														}
													]
												},
												{
													"name": "rotator1",
													"from": [ 0.0, 0.0, 0.0 ],
													"to": [ 0.0, 0.0, 0.0 ],
													"rotationOrigin": [ 0.0, 1.08, 1.08 ],
													"rotationX": -45.0,
													"faces": {
														"north": { "texture": "#null", "uv": [ 0.0, 0.0, 0.5, 0.5 ], "autoUv": false, "enabled": false },
														"east": { "texture": "#null", "uv": [ 0.0, 0.0, 0.5, 0.5 ], "autoUv": false, "enabled": false },
														"south": { "texture": "#null", "uv": [ 0.0, 0.0, 0.5, 0.5 ], "autoUv": false, "enabled": false },
														"west": { "texture": "#null", "uv": [ 0.0, 0.0, 0.5, 0.5 ], "autoUv": false, "enabled": false },
														"up": { "texture": "#null", "uv": [ 0.0, 0.0, 0.5, 0.5 ], "autoUv": false, "enabled": false },
														"down": { "texture": "#null", "uv": [ 0.0, 0.0, 0.5, 0.5 ], "autoUv": false, "enabled": false }
													},
													"children": [
														{
															"name": "spike1",
															"from": [ 0.8, -0.8, 0.8 ],
															"to": [ 1.6, 3.2, 1.6 ],
															"rotationOrigin": [ 1.2, 1.2, 1.2 ],
															"rotationY": -45.0,
															"faces": {
																"north": { "texture": "#blackbronze", "uv": [ 7.5, 7.0, 8.5, 12.0 ], "autoUv": false },
																"east": { "texture": "#blackbronze", "uv": [ 1.5, 0.5, 2.5, 5.5 ], "autoUv": false },
																"south": { "texture": "#blackbronze", "uv": [ 9.5, 8.0, 10.5, 13.0 ], "autoUv": false },
																"west": { "texture": "#blackbronze", "uv": [ 7.5, 5.5, 8.5, 10.5 ], "autoUv": false },
																"up": { "texture": "#blackbronze", "uv": [ 14.5, 9.0, 15.5, 10.0 ], "autoUv": false },
																"down": { "texture": "#blackbronze", "uv": [ 3.0, 8.0, 4.0, 9.0 ], "autoUv": false }
															},
															"children": [
																{
																	"name": "tip1",
																	"from": [ 0.12, 3.72, 0.04 ],
																	"to": [ 0.68, 4.28, 0.76 ],
																	"rotationOrigin": [ 0.4, 4.0, 0.4 ],
																	"rotationZ": -45.0,
																	"faces": {
																		"north": { "texture": "#blackbronze", "uv": [ 6.5, 13.5, 7.0, 14.0 ], "autoUv": false },
																		"east": { "texture": "#null", "uv": [ 0.0, 0.0, 0.5, 0.5 ], "autoUv": false, "enabled": false },
																		"south": { "texture": "#blackbronze", "uv": [ 5.0, 9.5, 5.5, 10.0 ], "autoUv": false },
																		"west": { "texture": "#blackbronze", "uv": [ 3.5, 1.5, 4.0, 2.0 ], "autoUv": false },
																		"up": { "texture": "#blackbronze", "uv": [ 10.0, 8.5, 10.5, 9.0 ], "autoUv": false },
																		"down": { "texture": "#null", "uv": [ 0.0, 0.0, 0.5, 0.5 ], "autoUv": false, "enabled": false }
																	}
																},
																{
																	"name": "tip2",
																	"from": [ 0.12, -0.28, 0.04 ],
																	"to": [ 0.68, 0.28, 0.76 ],
																	"rotationOrigin": [ 0.4, 0.0, 0.4 ],
																	"rotationZ": -45.0,
																	"faces": {
																		"north": { "texture": "#blackbronze", "uv": [ 14.0, 5.0, 14.5, 5.5 ], "autoUv": false },
																		"east": { "texture": "#blackbronze", "uv": [ 14.5, 15.0, 15.0, 15.5 ], "autoUv": false, "windMode": [-1,-1,-1,-1] },
																		"south": { "texture": "#blackbronze", "uv": [ 11.5, 8.0, 12.0, 8.5 ], "autoUv": false },
																		"west": { "texture": "#null", "uv": [ 0.0, 0.0, 0.5, 0.5 ], "autoUv": false, "enabled": false },
																		"up": { "texture": "#null", "uv": [ 0.0, 0.0, 0.5, 0.5 ], "autoUv": false, "enabled": false },
																		"down": { "texture": "#blackbronze", "uv": [ 0.5, 1.0, 1.0, 1.5 ], "autoUv": false, "windMode": [-1,-1,-1,-1] }
																	}
																}
															]
														},
														{
															"name": "spike2",
															"from": [ 2.4, -0.8, 0.8 ],
															"to": [ 3.2, 3.2, 1.6 ],
															"rotationOrigin": [ 2.8, 1.2, 1.2 ],
															"rotationY": 45.0,
															"faces": {
																"north": { "texture": "#blackbronze", "uv": [ 5.5, 3.5, 6.5, 8.5 ], "autoUv": false },
																"east": { "texture": "#blackbronze", "uv": [ 0.0, 3.0, 1.0, 8.0 ], "autoUv": false },
																"south": { "texture": "#blackbronze", "uv": [ 2.0, 1.0, 3.0, 6.0 ], "autoUv": false },
																"west": { "texture": "#blackbronze", "uv": [ 12.0, 1.0, 13.0, 6.0 ], "autoUv": false },
																"up": { "texture": "#blackbronze", "uv": [ 2.0, 5.5, 3.0, 6.5 ], "autoUv": false },
																"down": { "texture": "#blackbronze", "uv": [ 8.5, 12.0, 9.5, 13.0 ], "autoUv": false }
															},
															"children": [
																{
																	"name": "tip3",
																	"from": [ 0.12, 3.72, 0.04 ],
																	"to": [ 0.68, 4.28, 0.76 ],
																	"rotationOrigin": [ 0.4, 4.0, 0.4 ],
																	"rotationZ": -45.0,
																	"faces": {
																		"north": { "texture": "#blackbronze", "uv": [ 2.5, 5.5, 3.0, 6.0 ], "autoUv": false },
																		"east": { "texture": "#null", "uv": [ 0.0, 0.0, 0.5, 0.5 ], "autoUv": false, "enabled": false },
																		"south": { "texture": "#blackbronze", "uv": [ 6.5, 14.0, 7.0, 14.5 ], "autoUv": false },
																		"west": { "texture": "#blackbronze", "uv": [ 12.5, 11.0, 13.0, 11.5 ], "autoUv": false },
																		"up": { "texture": "#blackbronze", "uv": [ 3.0, 10.5, 3.5, 11.0 ], "autoUv": false },
																		"down": { "texture": "#null", "uv": [ 0.0, 0.0, 0.5, 0.5 ], "autoUv": false, "enabled": false }
																	}
																},
																{
																	"name": "tip4",
																	"from": [ 0.12, -0.28, 0.04 ],
																	"to": [ 0.68, 0.28, 0.76 ],
																	"rotationOrigin": [ 0.4, 0.0, 0.4 ],
																	"rotationZ": -45.0,
																	"faces": {
																		"north": { "texture": "#blackbronze", "uv": [ 10.5, 0.0, 11.0, 0.5 ], "autoUv": false },
																		"east": { "texture": "#blackbronze", "uv": [ 0.0, 10.0, 0.5, 10.5 ], "autoUv": false },
																		"south": { "texture": "#blackbronze", "uv": [ 11.0, 0.5, 11.5, 1.0 ], "autoUv": false },
																		"west": { "texture": "#null", "uv": [ 0.0, 0.0, 0.5, 0.5 ], "autoUv": false, "enabled": false },
																		"up": { "texture": "#null", "uv": [ 0.0, 0.0, 0.5, 0.5 ], "autoUv": false, "enabled": false },
																		"down": { "texture": "#blackbronze", "uv": [ 12.0, 14.0, 12.5, 14.5 ], "autoUv": false }
																	}
																}
															]
														},
														{
															"name": "spike3",
															"from": [ 4.0, -0.8, 0.8 ],
															"to": [ 4.8, 3.2, 1.6 ],
															"rotationOrigin": [ 4.4, 1.2, 1.2 ],
															"rotationY": -45.0,
															"faces": {
																"north": { "texture": "#blackbronze", "uv": [ 2.5, 5.0, 3.5, 10.0 ], "autoUv": false },
																"east": { "texture": "#blackbronze", "uv": [ 0.0, 1.0, 1.0, 6.0 ], "autoUv": false },
																"south": { "texture": "#blackbronze", "uv": [ 13.5, 5.0, 14.5, 10.0 ], "autoUv": false },
																"west": { "texture": "#blackbronze", "uv": [ 6.5, 0.5, 7.5, 5.5 ], "autoUv": false },
																"up": { "texture": "#blackbronze", "uv": [ 12.5, 3.5, 13.5, 4.5 ], "autoUv": false },
																"down": { "texture": "#blackbronze", "uv": [ 6.5, 3.5, 7.5, 4.5 ], "autoUv": false }
															},
															"children": [
																{
																	"name": "tip5",
																	"from": [ 0.12, 3.72, 0.04 ],
																	"to": [ 0.68, 4.28, 0.76 ],
																	"rotationOrigin": [ 0.4, 4.0, 0.4 ],
																	"rotationZ": -45.0,
																	"faces": {
																		"north": { "texture": "#blackbronze", "uv": [ 12.5, 12.0, 13.0, 12.5 ], "autoUv": false },
																		"east": { "texture": "#null", "uv": [ 0.0, 0.0, 0.5, 0.5 ], "autoUv": false, "enabled": false },
																		"south": { "texture": "#blackbronze", "uv": [ 0.5, 7.0, 1.0, 7.5 ], "autoUv": false },
																		"west": { "texture": "#blackbronze", "uv": [ 6.0, 7.0, 6.5, 7.5 ], "autoUv": false },
																		"up": { "texture": "#blackbronze", "uv": [ 7.5, 12.0, 8.0, 12.5 ], "autoUv": false },
																		"down": { "texture": "#null", "uv": [ 0.0, 0.0, 0.5, 0.5 ], "autoUv": false, "enabled": false }
																	}
																},
																{
																	"name": "tip6",
																	"from": [ 0.12, -0.28, 0.04 ],
																	"to": [ 0.68, 0.28, 0.76 ],
																	"rotationOrigin": [ 0.4, 0.0, 0.4 ],
																	"rotationZ": -45.0,
																	"faces": {
																		"north": { "texture": "#blackbronze", "uv": [ 8.0, 5.5, 8.5, 6.0 ], "autoUv": false },
																		"east": { "texture": "#blackbronze", "uv": [ 13.0, 2.0, 13.5, 2.5 ], "autoUv": false },
																		"south": { "texture": "#blackbronze", "uv": [ 10.0, 14.5, 10.5, 15.0 ], "autoUv": false },
																		"west": { "texture": "#null", "uv": [ 0.0, 0.0, 0.5, 0.5 ], "autoUv": false, "enabled": false },
																		"up": { "texture": "#null", "uv": [ 0.0, 0.0, 0.5, 0.5 ], "autoUv": false, "enabled": false },
																		"down": { "texture": "#blackbronze", "uv": [ 13.5, 15.0, 14.0, 15.5 ], "autoUv": false }
																	}
																}
															]
														}
													]
												},
												{
													"name": "flange",
													"from": [ 0.4, 0.0, 0.0 ],
													"to": [ 5.2, 2.4, 2.4 ],
													"rotationOrigin": [ 0.4, 1.2, 1.2 ],
													"rotationX": -45.0,
													"faces": {
														"north": { "texture": "#blackbronze", "uv": [ 0.0, 0.0, 6.0, 3.0 ], "autoUv": false },
														"east": { "texture": "#blackbronze", "uv": [ 0.0, 0.0, 3.0, 3.0 ], "autoUv": false },
														"south": { "texture": "#blackbronze", "uv": [ 0.0, 0.0, 6.0, 3.0 ], "autoUv": false },
														"west": { "texture": "#blackbronze", "uv": [ 0.0, 0.0, 3.0, 3.0 ], "autoUv": false },
														"up": { "texture": "#blackbronze", "uv": [ 0.0, 0.0, 6.0, 3.0 ], "autoUv": false },
														"down": { "texture": "#blackbronze", "uv": [ 0.0, 0.0, 6.0, 3.0 ], "autoUv": false }
													}
												}
											]
										}
									]
								},
								{
									"name": "socket2",
									"from": [ -0.8, -0.16, -0.16 ],
									"to": [ 0.8, 1.36, 1.36 ],
									"rotationOrigin": [ -0.8, 0.6, 0.6 ],
									"faces": {
										"north": { "texture": "#handguard", "uv": [ 1.0, 8.0, 3.0, 9.5 ], "autoUv": false },
										"east": { "texture": "#null", "uv": [ 0.0, 0.0, 1.5, 1.5 ], "autoUv": false, "enabled": false },
										"south": { "texture": "#handguard", "uv": [ 3.5, 6.5, 5.5, 8.0 ], "autoUv": false, "windMode": [-1,-1,-1,-1] },
										"west": { "texture": "#handguard", "uv": [ 11.5, 3.0, 13.0, 4.5 ], "autoUv": false, "windMode": [-1,-1,-1,-1] },
										"up": { "texture": "#handguard", "uv": [ 1.0, 9.5, 3.0, 11.0 ], "autoUv": false, "windMode": [-1,-1,-1,-1] },
										"down": { "texture": "#handguard", "uv": [ 11.0, 3.5, 13.0, 5.0 ], "autoUv": false, "windMode": [-1,-1,-1,-1] }
									}
								}
							]
						},
						{
							"name": "cloth",
							"from": [ -4.88, -0.68, -0.68 ],
							"to": [ 0.72, 0.68, 0.68 ],
							"rotationOrigin": [ -4.88, -0.88, -0.08 ],
							"faces": {
								"north": { "texture": "#cloth", "uv": [ 3.0, 4.5, 10.0, 6.0 ], "autoUv": false },
								"east": { "texture": "#cloth", "uv": [ 2.5, 2.5, 4.0, 4.0 ], "autoUv": false },
								"south": { "texture": "#cloth", "uv": [ 3.0, 3.0, 10.0, 4.5 ], "autoUv": false },
								"west": { "texture": "#cloth", "uv": [ 3.0, 3.5, 4.5, 5.0 ], "autoUv": false },
								"up": { "texture": "#cloth", "uv": [ 9.0, 5.5, 16.0, 7.0 ], "autoUv": false },
								"down": { "texture": "#cloth", "uv": [ 5.5, 4.5, 12.5, 6.0 ], "autoUv": false }
							}
						},
						{
							"name": "rivet 52",
							"from": [ -4.32, -0.76, -0.16 ],
							"to": [ -4.0, 0.76, 0.16 ],
							"rotationOrigin": [ -4.32, -0.88, 0.4 ],
							"faces": {
								"north": { "texture": "#handguard", "uv": [ 0.0, 12.5, 0.5, 14.0 ], "autoUv": false },
								"east": { "texture": "#handguard", "uv": [ 0.0, 8.5, 0.5, 10.0 ], "autoUv": false },
								"south": { "texture": "#handguard", "uv": [ 0.0, 2.5, 0.5, 4.0 ], "autoUv": false },
								"west": { "texture": "#handguard", "uv": [ 0.0, 8.5, 0.5, 10.0 ], "autoUv": false },
								"up": { "texture": "#handguard", "uv": [ 1.0, 14.0, 1.5, 14.5 ], "autoUv": false },
								"down": { "texture": "#handguard", "uv": [ 5.5, 1.0, 6.0, 1.5 ], "autoUv": false }
							}
						},
						{
							"name": "rivet 53",
							"from": [ -3.52, -0.76, -0.16 ],
							"to": [ -3.2, 0.76, 0.16 ],
							"rotationOrigin": [ -3.52, -0.08, 0.4 ],
							"faces": {
								"north": { "texture": "#handguard", "uv": [ 0.0, 12.5, 0.5, 14.0 ], "autoUv": false },
								"east": { "texture": "#handguard", "uv": [ 0.0, 8.5, 0.5, 10.0 ], "autoUv": false },
								"south": { "texture": "#handguard", "uv": [ 0.0, 2.5, 0.5, 4.0 ], "autoUv": false },
								"west": { "texture": "#handguard", "uv": [ 0.0, 8.5, 0.5, 10.0 ], "autoUv": false },
								"up": { "texture": "#handguard", "uv": [ 1.0, 14.0, 1.5, 14.5 ], "autoUv": false },
								"down": { "texture": "#handguard", "uv": [ 5.5, 1.0, 6.0, 1.5 ], "autoUv": false }
							}
						},
						{
							"name": "rivet 54",
							"from": [ -2.72, -0.76, -0.16 ],
							"to": [ -2.4, 0.76, 0.16 ],
							"rotationOrigin": [ -2.72, -0.08, 0.4 ],
							"faces": {
								"north": { "texture": "#handguard", "uv": [ 0.0, 12.5, 0.5, 14.0 ], "autoUv": false },
								"east": { "texture": "#handguard", "uv": [ 0.0, 8.5, 0.5, 10.0 ], "autoUv": false },
								"south": { "texture": "#handguard", "uv": [ 0.0, 2.5, 0.5, 4.0 ], "autoUv": false },
								"west": { "texture": "#handguard", "uv": [ 0.0, 8.5, 0.5, 10.0 ], "autoUv": false },
								"up": { "texture": "#handguard", "uv": [ 1.0, 14.0, 1.5, 14.5 ], "autoUv": false },
								"down": { "texture": "#handguard", "uv": [ 5.5, 1.0, 6.0, 1.5 ], "autoUv": false }
							}
						},
						{
							"name": "rivet 56",
							"from": [ -1.12, -0.76, -0.16 ],
							"to": [ -0.8, 0.76, 0.16 ],
							"rotationOrigin": [ -1.12, -0.08, 0.4 ],
							"faces": {
								"north": { "texture": "#handguard", "uv": [ 0.0, 12.5, 0.5, 14.0 ], "autoUv": false },
								"east": { "texture": "#handguard", "uv": [ 0.0, 8.5, 0.5, 10.0 ], "autoUv": false },
								"south": { "texture": "#handguard", "uv": [ 0.0, 2.5, 0.5, 4.0 ], "autoUv": false },
								"west": { "texture": "#handguard", "uv": [ 0.0, 8.5, 0.5, 10.0 ], "autoUv": false },
								"up": { "texture": "#handguard", "uv": [ 1.0, 14.0, 1.5, 14.5 ], "autoUv": false },
								"down": { "texture": "#handguard", "uv": [ 5.5, 1.0, 6.0, 1.5 ], "autoUv": false }
							}
						},
						{
							"name": "rivet 55",
							"from": [ -1.92, -0.76, -0.16 ],
							"to": [ -1.6, 0.76, 0.16 ],
							"rotationOrigin": [ -1.92, -0.08, 0.4 ],
							"faces": {
								"north": { "texture": "#handguard", "uv": [ 0.0, 12.5, 0.5, 14.0 ], "autoUv": false },
								"east": { "texture": "#handguard", "uv": [ 0.0, 8.5, 0.5, 10.0 ], "autoUv": false },
								"south": { "texture": "#handguard", "uv": [ 0.0, 2.5, 0.5, 4.0 ], "autoUv": false },
								"west": { "texture": "#handguard", "uv": [ 0.0, 8.5, 0.5, 10.0 ], "autoUv": false },
								"up": { "texture": "#handguard", "uv": [ 1.0, 14.0, 1.5, 14.5 ], "autoUv": false },
								"down": { "texture": "#handguard", "uv": [ 5.5, 1.0, 6.0, 1.5 ], "autoUv": false }
							}
						},
						{
							"name": "rivet 57",
							"from": [ -0.32, -0.76, -0.16 ],
							"to": [ 0.0, 0.76, 0.16 ],
							"rotationOrigin": [ -0.32, -0.08, 0.4 ],
							"faces": {
								"north": { "texture": "#handguard", "uv": [ 0.0, 12.5, 0.5, 14.0 ], "autoUv": false },
								"east": { "texture": "#handguard", "uv": [ 0.0, 8.5, 0.5, 10.0 ], "autoUv": false },
								"south": { "texture": "#handguard", "uv": [ 0.0, 2.5, 0.5, 4.0 ], "autoUv": false },
								"west": { "texture": "#handguard", "uv": [ 0.0, 8.5, 0.5, 10.0 ], "autoUv": false },
								"up": { "texture": "#handguard", "uv": [ 1.0, 14.0, 1.5, 14.5 ], "autoUv": false },
								"down": { "texture": "#handguard", "uv": [ 5.5, 1.0, 6.0, 1.5 ], "autoUv": false }
							}
						},
						{
							"name": "cloth2",
							"from": [ 3.12, -0.68, -0.68 ],
							"to": [ 8.72, 0.68, 0.68 ],
							"rotationOrigin": [ 3.12, -0.88, -0.08 ],
							"faces": {
								"north": { "texture": "#cloth", "uv": [ 3.0, 4.5, 10.0, 6.0 ], "autoUv": false },
								"east": { "texture": "#cloth", "uv": [ 2.5, 2.5, 4.0, 4.0 ], "autoUv": false },
								"south": { "texture": "#cloth", "uv": [ 3.0, 3.0, 10.0, 4.5 ], "autoUv": false },
								"west": { "texture": "#cloth", "uv": [ 3.0, 3.5, 4.5, 5.0 ], "autoUv": false },
								"up": { "texture": "#cloth", "uv": [ 9.0, 5.5, 16.0, 7.0 ], "autoUv": false },
								"down": { "texture": "#cloth", "uv": [ 5.5, 4.5, 12.5, 6.0 ], "autoUv": false }
							}
						},
						{
							"name": "rivet 58",
							"from": [ 3.68, -0.76, -0.16 ],
							"to": [ 4.0, 0.76, 0.16 ],
							"rotationOrigin": [ 3.68, -0.08, 0.4 ],
							"faces": {
								"north": { "texture": "#handguard", "uv": [ 0.0, 12.5, 0.5, 14.0 ], "autoUv": false },
								"east": { "texture": "#handguard", "uv": [ 0.0, 8.5, 0.5, 10.0 ], "autoUv": false },
								"south": { "texture": "#handguard", "uv": [ 0.0, 2.5, 0.5, 4.0 ], "autoUv": false },
								"west": { "texture": "#handguard", "uv": [ 0.0, 8.5, 0.5, 10.0 ], "autoUv": false },
								"up": { "texture": "#handguard", "uv": [ 1.0, 14.0, 1.5, 14.5 ], "autoUv": false },
								"down": { "texture": "#handguard", "uv": [ 5.5, 1.0, 6.0, 1.5 ], "autoUv": false }
							}
						},
						{
							"name": "rivet 59",
							"from": [ 4.48, -0.76, -0.16 ],
							"to": [ 4.8, 0.76, 0.16 ],
							"rotationOrigin": [ 4.48, -0.08, 0.4 ],
							"faces": {
								"north": { "texture": "#handguard", "uv": [ 0.0, 12.5, 0.5, 14.0 ], "autoUv": false },
								"east": { "texture": "#handguard", "uv": [ 0.0, 8.5, 0.5, 10.0 ], "autoUv": false },
								"south": { "texture": "#handguard", "uv": [ 0.0, 2.5, 0.5, 4.0 ], "autoUv": false },
								"west": { "texture": "#handguard", "uv": [ 0.0, 8.5, 0.5, 10.0 ], "autoUv": false },
								"up": { "texture": "#handguard", "uv": [ 1.0, 14.0, 1.5, 14.5 ], "autoUv": false },
								"down": { "texture": "#handguard", "uv": [ 5.5, 1.0, 6.0, 1.5 ], "autoUv": false }
							}
						},
						{
							"name": "rivet 60",
							"from": [ 5.28, -0.76, -0.16 ],
							"to": [ 5.6, 0.76, 0.16 ],
							"rotationOrigin": [ 5.28, -0.08, 0.4 ],
							"faces": {
								"north": { "texture": "#handguard", "uv": [ 0.0, 12.5, 0.5, 14.0 ], "autoUv": false },
								"east": { "texture": "#handguard", "uv": [ 0.0, 8.5, 0.5, 10.0 ], "autoUv": false },
								"south": { "texture": "#handguard", "uv": [ 0.0, 2.5, 0.5, 4.0 ], "autoUv": false },
								"west": { "texture": "#handguard", "uv": [ 0.0, 8.5, 0.5, 10.0 ], "autoUv": false },
								"up": { "texture": "#handguard", "uv": [ 1.0, 14.0, 1.5, 14.5 ], "autoUv": false },
								"down": { "texture": "#handguard", "uv": [ 5.5, 1.0, 6.0, 1.5 ], "autoUv": false }
							}
						}
					]
				}
			]
		}
	]}