{
	"editor": {
		"backDropShape": "entity/animal/mammal/hooved/deer/elk/female",
		"collapsedPaths": "Root/origin/handle,Root/origin/blademiddle3",
		"allAngles": false,
		"entityTextureMode": false
	},
	"textureWidth": 16,
	"textureHeight": 16,
	"textureSizes": {
		"blackbronze": [16,16],
		"metal": [16,16],
		"wood": [16,16],
		"handle": [16,16]
	},
	"textures": {
		"plain": "game:block/leather/plain",
		"blackbronze": "game:block/metal/ingot/tinbronze",
		"handle": "game:block/wood/debarked/acacia"
	},
	"elements": [
		{
			"name": "origin",
			"stepParentName": "LeftFrontStorage",
			"from": [ 4.8, 6.4, 1.5 ],
			"to": [ 4.8, 6.4, 1.5 ],
			"rotationOrigin": [ 4.8, 6.4, 1.5 ],
			"rotationX": 90.0,
			"rotationY": -100.0,
			"rotationZ": -3.0,
			"faces": {
				"north": { "texture": "#null", "uv": [ 4.5, 1.0, 4.75, 1.25 ], "autoUv": false, "enabled": false },
				"east": { "texture": "#null", "uv": [ 9.0, 14.5, 9.25, 14.75 ], "autoUv": false, "enabled": false },
				"south": { "texture": "#null", "uv": [ 6.0, 6.5, 6.25, 6.75 ], "autoUv": false, "enabled": false },
				"west": { "texture": "#null", "uv": [ 8.5, 14.5, 8.75, 14.75 ], "autoUv": false, "enabled": false },
				"up": { "texture": "#null", "uv": [ 5.0, 1.5, 5.25, 1.75 ], "autoUv": false, "enabled": false },
				"down": { "texture": "#null", "uv": [ 10.5, 8.5, 10.75, 8.75 ], "autoUv": false, "enabled": false }
			},
			"children": [
				{
					"name": "blademiddle1",
					"from": [ 0.48, -0.192, -0.72 ],
					"to": [ 15.84, 0.288, 0.72 ],
					"rotationOrigin": [ 0.48, 0.0, 0.0 ],
					"faces": {
						"north": { "texture": "#plain", "uv": [ 4.0, 7.0, 14.0, 7.5 ], "autoUv": false },
						"east": { "texture": "#plain", "uv": [ 11.5, 1.5, 13.0, 2.0 ], "autoUv": false },
						"south": { "texture": "#plain", "uv": [ 0.0, 4.0, 16.0, 4.5 ], "autoUv": false },
						"west": { "texture": "#plain", "uv": [ 13.0, 15.0, 14.5, 15.5 ], "autoUv": false, "enabled": false },
						"up": { "texture": "#plain", "uv": [ 0.0, 0.0, 16.0, 1.5 ], "autoUv": false },
						"down": { "texture": "#plain", "uv": [ 0.0, 0.5, 16.0, 2.0 ], "autoUv": false }
					},
					"children": [
						{
							"name": "blademiddle2",
							"from": [ 15.36, 0.0, 0.24 ],
							"to": [ 17.28, 0.48, 1.2 ],
							"rotationOrigin": [ 15.36, 0.0, 0.72 ],
							"faces": {
								"north": { "texture": "#plain", "uv": [ 12.5, 10.0, 14.5, 10.5 ], "autoUv": false },
								"east": { "texture": "#plain", "uv": [ 4.5, 3.5, 5.5, 4.0 ], "autoUv": false },
								"south": { "texture": "#plain", "uv": [ 4.0, 2.5, 6.0, 3.0 ], "autoUv": false },
								"west": { "texture": "#plain", "uv": [ 0.0, 10.5, 1.0, 11.0 ], "autoUv": false, "enabled": false },
								"up": { "texture": "#plain", "uv": [ 6.5, 9.0, 8.5, 10.0 ], "autoUv": false },
								"down": { "texture": "#plain", "uv": [ 8.5, 9.5, 10.5, 10.5 ], "autoUv": false }
							}
						},
						{
							"name": "blade-middle3",
							"from": [ 17.28, 0.0, 0.48 ],
							"to": [ 18.24, 0.48, 0.96 ],
							"rotationOrigin": [ 17.28, 0.0, 0.72 ],
							"faces": {
								"north": { "texture": "#plain", "uv": [ 13.5, 6.5, 14.5, 7.0 ], "autoUv": false },
								"east": { "texture": "#plain", "uv": [ 14.5, 6.0, 15.0, 6.5 ], "autoUv": false },
								"south": { "texture": "#plain", "uv": [ 4.0, 3.0, 5.0, 3.5 ], "autoUv": false },
								"west": { "texture": "#plain", "uv": [ 5.5, 4.0, 6.0, 4.5 ], "autoUv": false, "enabled": false },
								"up": { "texture": "#plain", "uv": [ 1.5, 2.5, 2.5, 3.0 ], "autoUv": false },
								"down": { "texture": "#plain", "uv": [ 14.5, 6.5, 15.5, 7.0 ], "autoUv": false }
							},
							"children": [
								{
									"name": "tip",
									"from": [ 1.056, 0.144, 0.0 ],
									"to": [ 1.536, 0.336, 0.48 ],
									"rotationOrigin": [ 1.296, 0.288, 0.24 ],
									"rotationY": -45.0,
									"faces": {
										"north": { "texture": "#plain", "uv": [ 6.5, 13.5, 7.0, 14.0 ], "autoUv": false },
										"east": { "texture": "#plain", "uv": [ 11.0, 13.0, 11.5, 13.5 ], "autoUv": false },
										"south": { "texture": "#plain", "uv": [ 9.5, 7.0, 10.0, 7.5 ], "autoUv": false },
										"west": { "texture": "#plain", "uv": [ 7.5, 2.0, 8.0, 2.5 ], "autoUv": false },
										"up": { "texture": "#plain", "uv": [ 8.5, 1.0, 9.0, 1.5 ], "autoUv": false },
										"down": { "texture": "#plain", "uv": [ 1.0, 4.5, 1.5, 5.0 ], "autoUv": false }
									}
								}
							]
						},
						{
							"name": "blade-edge1",
							"from": [ 0.0, 0.144, -0.48 ],
							"to": [ 15.36, 0.336, 1.92 ],
							"rotationOrigin": [ 0.0, 0.24, 0.672 ],
							"faces": {
								"north": { "texture": "#plain", "uv": [ 0.0, 8.5, 16.0, 9.0 ], "autoUv": false, "windMode": [-1,-1,-1,-1] },
								"east": { "texture": "#plain", "uv": [ 0.5, 7.5, 3.0, 8.0 ], "autoUv": false },
								"south": { "texture": "#plain", "uv": [ 0.0, 13.0, 16.0, 13.5 ], "autoUv": false, "windMode": [-1,-1,-1,-1] },
								"west": { "texture": "#plain", "uv": [ 13.0, 3.5, 15.5, 4.0 ], "autoUv": false, "enabled": false },
								"up": { "texture": "#plain", "uv": [ 0.0, 2.5, 16.0, 5.0 ], "autoUv": false },
								"down": { "texture": "#plain", "uv": [ 0.0, 5.0, 16.0, 7.5 ], "autoUv": false, "windMode": [-1,-1,-1,-1] }
							},
							"children": [
								{
									"name": "blade-edge2N",
									"from": [ 15.36, 0.0096, 0.0 ],
									"to": [ 18.72, 0.2016, 0.672 ],
									"rotationOrigin": [ 15.36, 0.192, 0.0 ],
									"rotationY": -15.0,
									"faces": {
										"north": { "texture": "#plain", "uv": [ 1.5, 9.0, 5.0, 9.5 ], "autoUv": false },
										"east": { "texture": "#plain", "uv": [ 4.5, 13.0, 5.0, 13.5 ], "autoUv": false },
										"south": { "texture": "#plain", "uv": [ 2.0, 0.5, 5.5, 1.0 ], "autoUv": false, "windMode": [-1,-1,-1,-1], "enabled": false },
										"west": { "texture": "#plain", "uv": [ 5.0, 11.0, 5.5, 11.5 ], "autoUv": false, "enabled": false },
										"up": { "texture": "#plain", "uv": [ 6.5, 6.0, 10.0, 6.5 ], "autoUv": false },
										"down": { "texture": "#plain", "uv": [ 4.0, 2.5, 7.5, 3.0 ], "autoUv": false }
									}
								},
								{
									"name": "blade-edge2S",
									"from": [ 15.36, -0.0096, 1.728 ],
									"to": [ 18.72, 0.1824, 2.4 ],
									"rotationOrigin": [ 15.36, 0.0, 2.4 ],
									"rotationY": 15.0,
									"faces": {
										"north": { "texture": "#plain", "uv": [ 9.5, 2.5, 13.0, 3.0 ], "autoUv": false, "enabled": false },
										"east": { "texture": "#plain", "uv": [ 8.5, 5.0, 9.0, 5.5 ], "autoUv": false },
										"south": { "texture": "#plain", "uv": [ 7.0, 14.5, 10.5, 15.0 ], "autoUv": false },
										"west": { "texture": "#plain", "uv": [ 5.5, 3.0, 6.0, 3.5 ], "autoUv": false, "enabled": false },
										"up": { "texture": "#plain", "uv": [ 6.0, 2.0, 9.5, 2.5 ], "autoUv": false },
										"down": { "texture": "#plain", "uv": [ 9.5, 3.5, 13.0, 4.0 ], "autoUv": false }
									}
								}
							]
						},
						{
							"name": "ridge",
							"from": [ 0.0, -0.048, 0.384 ],
							"to": [ 11.52, 0.528, 0.96 ],
							"rotationOrigin": [ 0.0, 0.24, 0.672 ],
							"rotationX": -45.0,
							"faces": {
								"north": { "texture": "#plain", "uv": [ 2.0, 0.0, 14.0, 0.5 ], "autoUv": false },
								"east": { "texture": "#plain", "uv": [ 14.0, 7.0, 14.5, 7.5 ], "autoUv": false },
								"south": { "texture": "#plain", "uv": [ 0.0, 9.0, 12.0, 9.5 ], "autoUv": false },
								"west": { "texture": "#plain", "uv": [ 3.5, 12.0, 4.0, 12.5 ], "autoUv": false },
								"up": { "texture": "#plain", "uv": [ 2.5, 15.0, 14.5, 15.5 ], "autoUv": false },
								"down": { "texture": "#plain", "uv": [ 1.5, 13.0, 13.5, 13.5 ], "autoUv": false }
							}
						}
					]
				},
				{
					"name": "Attachment Strap",
					"from": [ 0.7, -0.2, 0.1 ],
					"to": [ 1.7, -0.1, 3.1 ],
					"rotationOrigin": [ 0.7, -0.2, 0.1 ],
					"rotationX": 8.0,
					"faces": {
						"north": { "texture": "#plain", "uv": [ 0.0, 0.0, 1.0, 0.5 ] },
						"east": { "texture": "#plain", "uv": [ 0.0, 0.0, 3.0, 0.5 ] },
						"south": { "texture": "#plain", "uv": [ 0.0, 0.0, 1.0, 0.5 ] },
						"west": { "texture": "#plain", "uv": [ 0.0, 0.0, 3.0, 0.5 ] },
						"up": { "texture": "#plain", "uv": [ 0.0, 0.0, 1.0, 3.0 ] },
						"down": { "texture": "#plain", "uv": [ 0.0, 0.0, 1.0, 3.0 ] }
					}
				}
			]
		},
		{
			"name": "origin",
			"stepParentName": "LeftFrontStorage",
			"from": [ 4.8, 6.4, 1.5 ],
			"to": [ 4.8, 6.4, 1.5 ],
			"rotationOrigin": [ 4.8, 6.4, 1.5 ],
			"rotationX": 90.0,
			"rotationY": -100.0,
			"rotationZ": -3.0,
			"faces": {
				"north": { "texture": "#null", "uv": [ 0.0, 0.0, 0.5, 0.5 ], "autoUv": false, "enabled": false },
				"east": { "texture": "#null", "uv": [ 0.0, 0.0, 0.5, 0.5 ], "autoUv": false, "enabled": false },
				"south": { "texture": "#null", "uv": [ 0.0, 0.0, 0.5, 0.5 ], "autoUv": false, "enabled": false },
				"west": { "texture": "#null", "uv": [ 0.0, 0.0, 0.5, 0.5 ], "autoUv": false, "enabled": false },
				"up": { "texture": "#null", "uv": [ 0.0, 0.0, 0.5, 0.5 ], "autoUv": false, "enabled": false },
				"down": { "texture": "#null", "uv": [ 0.0, 0.0, 0.5, 0.5 ], "autoUv": false, "enabled": false }
			},
			"children": [
				{
					"name": "handle",
					"from": [ -4.8, -0.6, -0.6 ],
					"to": [ -0.4, 0.6, 0.6 ],
					"rotationOrigin": [ -3.2, 0.0, 0.0 ],
					"faces": {
						"north": { "texture": "#handle", "uv": [ 3.5, 0.0, 9.0, 1.5 ], "autoUv": false },
						"east": { "texture": "#null", "uv": [ 0.0, 0.0, 1.5, 1.5 ], "autoUv": false, "enabled": false },
						"south": { "texture": "#handle", "uv": [ 0.0, 7.0, 5.5, 8.5 ], "autoUv": false },
						"west": { "texture": "#null", "uv": [ 0.0, 0.0, 1.5, 1.5 ], "autoUv": false, "enabled": false },
						"up": { "texture": "#handle", "uv": [ 2.0, 7.0, 7.5, 8.5 ], "autoUv": false },
						"down": { "texture": "#handle", "uv": [ 4.5, 13.0, 10.0, 14.5 ], "autoUv": false }
					},
					"children": [
						{
							"name": "hilt",
							"from": [ 4.4, 0.0, -0.8 ],
							"to": [ 5.2, 1.2, 2.0 ],
							"rotationOrigin": [ 5.2, 0.6, 0.6 ],
							"faces": {
								"north": { "texture": "#handle", "uv": [ 0.5, 7.0, 1.5, 8.5 ], "autoUv": false },
								"east": { "texture": "#handle", "uv": [ 7.5, 14.0, 11.0, 15.5 ], "autoUv": false },
								"south": { "texture": "#handle", "uv": [ 8.5, 4.5, 9.5, 6.0 ], "autoUv": false },
								"west": { "texture": "#handle", "uv": [ 7.5, 14.0, 11.0, 15.5 ], "autoUv": false },
								"up": { "texture": "#handle", "uv": [ 1.0, 3.5, 4.5, 4.5 ], "rotation": 90, "autoUv": false },
								"down": { "texture": "#handle", "uv": [ 10.0, 4.5, 13.5, 5.5 ], "rotation": 90, "autoUv": false }
							},
							"children": [
								{
									"name": "blademiddle1",
									"from": [ 0.8, 0.44, 0.8 ],
									"to": [ 13.6, 0.84, 2.0 ],
									"rotationOrigin": [ 0.8, 0.6, 1.4 ],
									"faces": {
										"north": { "texture": "#blackbronze", "uv": [ 2.5, 2.5, 12.5, 3.0 ], "glow": 188, "autoUv": false, "windMode": [-1,-1,-1,-1] },
										"east": { "texture": "#blackbronze", "uv": [ 11.5, 1.5, 13.0, 2.0 ], "glow": 188, "autoUv": false, "windMode": [-1,-1,-1,-1] },
										"south": { "texture": "#blackbronze", "uv": [ 0.0, 4.0, 16.0, 4.5 ], "glow": 188, "autoUv": false, "windMode": [-1,-1,-1,-1] },
										"west": { "texture": "#null", "uv": [ 0.0, 0.0, 1.5, 0.5 ], "autoUv": false, "enabled": false },
										"up": { "texture": "#blackbronze", "uv": [ 0.0, 0.0, 16.0, 1.5 ], "glow": 188, "autoUv": false, "windMode": [-1,-1,-1,-1] },
										"down": { "texture": "#blackbronze", "uv": [ 0.0, 0.5, 16.0, 2.0 ], "glow": 188, "autoUv": false, "windMode": [-1,-1,-1,-1] }
									},
									"children": [
										{
											"name": "blademiddle2",
											"from": [ 12.8, 0.0, 0.2 ],
											"to": [ 14.4, 0.4, 1.0 ],
											"rotationOrigin": [ 12.8, 0.0, 0.6 ],
											"faces": {
												"north": { "texture": "#blackbronze", "uv": [ 12.5, 10.0, 14.5, 10.5 ], "glow": 188, "autoUv": false },
												"east": { "texture": "#blackbronze", "uv": [ 4.5, 3.5, 5.5, 4.0 ], "glow": 188, "autoUv": false, "windMode": [-1,-1,-1,-1] },
												"south": { "texture": "#blackbronze", "uv": [ 4.0, 2.5, 6.0, 3.0 ], "glow": 188, "autoUv": false, "windMode": [-1,-1,-1,-1] },
												"west": { "texture": "#null", "uv": [ 0.0, 0.0, 1.0, 0.5 ], "autoUv": false, "enabled": false },
												"up": { "texture": "#blackbronze", "uv": [ 6.5, 9.0, 8.5, 10.0 ], "glow": 188, "autoUv": false, "windMode": [-1,-1,-1,-1] },
												"down": { "texture": "#blackbronze", "uv": [ 8.5, 9.5, 10.5, 10.5 ], "glow": 188, "autoUv": false, "windMode": [-1,-1,-1,-1] }
											}
										},
										{
											"name": "blade-middle3",
											"from": [ 14.4, 0.0, 0.4 ],
											"to": [ 15.2, 0.4, 0.8 ],
											"rotationOrigin": [ 14.4, 0.0, 0.6 ],
											"faces": {
												"north": { "texture": "#blackbronze", "uv": [ 13.5, 6.5, 14.5, 7.0 ], "glow": 188, "autoUv": false },
												"east": { "texture": "#blackbronze", "uv": [ 14.5, 6.0, 15.0, 6.5 ], "glow": 188, "autoUv": false, "windMode": [-1,-1,-1,-1] },
												"south": { "texture": "#blackbronze", "uv": [ 4.0, 3.0, 5.0, 3.5 ], "glow": 188, "autoUv": false, "windMode": [-1,-1,-1,-1] },
												"west": { "texture": "#null", "uv": [ 0.0, 0.0, 0.5, 0.5 ], "autoUv": false, "enabled": false },
												"up": { "texture": "#blackbronze", "uv": [ 1.5, 2.5, 2.5, 3.0 ], "glow": 188, "autoUv": false, "windMode": [-1,-1,-1,-1] },
												"down": { "texture": "#blackbronze", "uv": [ 14.5, 6.5, 15.5, 7.0 ], "glow": 188, "autoUv": false, "windMode": [-1,-1,-1,-1] }
											},
											"children": [
												{
													"name": "tip",
													"from": [ 0.88, 0.12, 0.0 ],
													"to": [ 1.28, 0.28, 0.4 ],
													"rotationOrigin": [ 1.08, 0.24, 0.2 ],
													"rotationY": -45.0,
													"faces": {
														"north": { "texture": "#blackbronze", "uv": [ 6.5, 13.5, 7.0, 14.0 ], "glow": 188, "autoUv": false },
														"east": { "texture": "#blackbronze", "uv": [ 11.0, 13.0, 11.5, 13.5 ], "glow": 188, "autoUv": false, "windMode": [-1,-1,-1,-1] },
														"south": { "texture": "#blackbronze", "uv": [ 9.5, 7.0, 10.0, 7.5 ], "glow": 188, "autoUv": false, "windMode": [-1,-1,-1,-1] },
														"west": { "texture": "#blackbronze", "uv": [ 7.5, 2.0, 8.0, 2.5 ], "glow": 188, "autoUv": false, "windMode": [-1,-1,-1,-1] },
														"up": { "texture": "#blackbronze", "uv": [ 8.5, 1.0, 9.0, 1.5 ], "glow": 188, "autoUv": false, "windMode": [-1,-1,-1,-1] },
														"down": { "texture": "#blackbronze", "uv": [ 1.0, 4.5, 1.5, 5.0 ], "glow": 188, "autoUv": false, "windMode": [-1,-1,-1,-1] }
													}
												}
											]
										},
										{
											"name": "blade-edge1",
											"from": [ 0.0, 0.12, -0.4 ],
											"to": [ 12.8, 0.28, 1.6 ],
											"rotationOrigin": [ 0.0, 0.2, 0.56 ],
											"faces": {
												"north": { "texture": "#blackbronze", "uv": [ 0.0, 8.5, 16.0, 9.0 ], "glow": 188, "autoUv": false, "windMode": [-1,-1,-1,-1] },
												"east": { "texture": "#blackbronze", "uv": [ 0.5, 7.5, 3.0, 8.0 ], "glow": 188, "autoUv": false, "windMode": [-1,-1,-1,-1] },
												"south": { "texture": "#blackbronze", "uv": [ 0.0, 13.0, 16.0, 13.5 ], "glow": 188, "autoUv": false, "windMode": [-1,-1,-1,-1] },
												"west": { "texture": "#null", "uv": [ 0.0, 0.0, 2.5, 0.5 ], "autoUv": false, "enabled": false },
												"up": { "texture": "#blackbronze", "uv": [ 0.0, 2.5, 16.0, 5.0 ], "glow": 188, "autoUv": false, "windMode": [-1,-1,-1,-1] },
												"down": { "texture": "#blackbronze", "uv": [ 0.0, 5.0, 16.0, 7.5 ], "glow": 188, "autoUv": false, "windMode": [-1,-1,-1,-1] }
											},
											"children": [
												{
													"name": "blade-edge2N",
													"from": [ 12.8, 0.008, 0.0 ],
													"to": [ 15.6, 0.168, 0.56 ],
													"rotationOrigin": [ 12.8, 0.16, 0.0 ],
													"rotationY": -15.0,
													"faces": {
														"north": { "texture": "#blackbronze", "uv": [ 1.5, 9.0, 5.0, 9.5 ], "glow": 188, "autoUv": false },
														"east": { "texture": "#blackbronze", "uv": [ 4.5, 13.0, 5.0, 13.5 ], "glow": 188, "autoUv": false, "windMode": [-1,-1,-1,-1] },
														"south": { "texture": "#null", "uv": [ 0.0, 0.0, 3.5, 0.5 ], "autoUv": false, "enabled": false },
														"west": { "texture": "#null", "uv": [ 0.0, 0.0, 0.5, 0.5 ], "autoUv": false, "enabled": false },
														"up": { "texture": "#blackbronze", "uv": [ 6.5, 6.0, 10.0, 6.5 ], "glow": 188, "autoUv": false, "windMode": [-1,-1,-1,-1] },
														"down": { "texture": "#blackbronze", "uv": [ 4.0, 2.5, 7.5, 3.0 ], "glow": 188, "autoUv": false, "windMode": [-1,-1,-1,-1] }
													}
												},
												{
													"name": "blade-edge2S",
													"from": [ 12.8, -0.008, 1.44 ],
													"to": [ 15.6, 0.152, 2.0 ],
													"rotationOrigin": [ 12.8, 0.0, 2.0 ],
													"rotationY": 15.0,
													"faces": {
														"north": { "texture": "#null", "uv": [ 0.0, 0.0, 3.5, 0.5 ], "autoUv": false, "enabled": false },
														"east": { "texture": "#blackbronze", "uv": [ 8.5, 5.0, 9.0, 5.5 ], "glow": 188, "autoUv": false, "windMode": [-1,-1,-1,-1] },
														"south": { "texture": "#blackbronze", "uv": [ 7.0, 14.5, 10.5, 15.0 ], "glow": 188, "autoUv": false, "windMode": [-1,-1,-1,-1] },
														"west": { "texture": "#null", "uv": [ 0.0, 0.0, 0.5, 0.5 ], "autoUv": false, "enabled": false },
														"up": { "texture": "#blackbronze", "uv": [ 6.0, 2.0, 9.5, 2.5 ], "glow": 188, "autoUv": false, "windMode": [-1,-1,-1,-1] },
														"down": { "texture": "#blackbronze", "uv": [ 9.5, 3.5, 13.0, 4.0 ], "glow": 188, "autoUv": false, "windMode": [-1,-1,-1,-1] }
													}
												}
											]
										},
										{
											"name": "ridge",
											"from": [ 0.0, -0.04, 0.32 ],
											"to": [ 9.6, 0.44, 0.8 ],
											"rotationOrigin": [ 0.0, 0.2, 0.56 ],
											"rotationX": -45.0,
											"faces": {
												"north": { "texture": "#blackbronze", "uv": [ 2.0, 0.0, 14.0, 0.5 ], "glow": 188, "autoUv": false },
												"east": { "texture": "#blackbronze", "uv": [ 14.0, 7.0, 14.5, 7.5 ], "glow": 188, "autoUv": false, "windMode": [-1,-1,-1,-1] },
												"south": { "texture": "#blackbronze", "uv": [ 0.0, 9.0, 12.0, 9.5 ], "glow": 188, "autoUv": false, "windMode": [-1,-1,-1,-1] },
												"west": { "texture": "#blackbronze", "uv": [ 3.5, 12.0, 4.0, 12.5 ], "glow": 188, "autoUv": false, "windMode": [-1,-1,-1,-1] },
												"up": { "texture": "#blackbronze", "uv": [ 2.5, 15.0, 14.5, 15.5 ], "glow": 188, "autoUv": false, "windMode": [-1,-1,-1,-1] },
												"down": { "texture": "#blackbronze", "uv": [ 1.5, 13.0, 13.5, 13.5 ], "glow": 188, "autoUv": false, "windMode": [-1,-1,-1,-1] }
											}
										}
									]
								},
								{
									"name": "hilt-taper1",
									"from": [ -1.6, 0.08, 0.0 ],
									"to": [ 0.0, 1.12, 0.8 ],
									"rotationOrigin": [ 0.0, 0.6, 0.0 ],
									"rotationY": 45.0,
									"faces": {
										"north": { "texture": "#handle", "uv": [ 9.5, 5.5, 11.5, 6.5 ], "autoUv": false },
										"east": { "texture": "#null", "uv": [ 0.0, 0.0, 1.0, 1.0 ], "autoUv": false, "enabled": false },
										"south": { "texture": "#null", "uv": [ 0.0, 0.0, 2.0, 1.0 ], "autoUv": false, "enabled": false },
										"west": { "texture": "#null", "uv": [ 0.0, 0.0, 1.0, 1.0 ], "autoUv": false, "enabled": false },
										"up": { "texture": "#handle", "uv": [ 11.0, 2.0, 13.0, 3.0 ], "autoUv": false },
										"down": { "texture": "#handle", "uv": [ 7.0, 4.0, 9.0, 5.0 ], "autoUv": false }
									}
								},
								{
									"name": "hilt-taper2",
									"from": [ -1.6, 0.08, 2.0 ],
									"to": [ 0.0, 1.12, 2.8 ],
									"rotationOrigin": [ 0.0, 0.6, 2.8 ],
									"rotationY": -45.0,
									"faces": {
										"north": { "texture": "#null", "uv": [ 0.0, 0.0, 2.0, 1.0 ], "autoUv": false, "enabled": false },
										"east": { "texture": "#null", "uv": [ 0.0, 0.0, 1.0, 1.0 ], "autoUv": false, "enabled": false },
										"south": { "texture": "#handle", "uv": [ 2.0, 6.0, 4.0, 7.0 ], "autoUv": false, "windMode": [-1,-1,-1,-1] },
										"west": { "texture": "#null", "uv": [ 0.0, 0.0, 1.0, 1.0 ], "autoUv": false, "enabled": false },
										"up": { "texture": "#handle", "uv": [ 2.0, 7.0, 4.0, 8.0 ], "autoUv": false },
										"down": { "texture": "#handle", "uv": [ 3.0, 13.0, 5.0, 14.0 ], "autoUv": false }
									}
								}
							]
						},
						{
							"name": "pommel",
							"from": [ -0.8, 0.0, -0.4 ],
							"to": [ 0.0, 1.2, 1.6 ],
							"rotationOrigin": [ -0.4, 0.6, 0.6 ],
							"faces": {
								"north": { "texture": "#handle", "uv": [ 13.0, 4.0, 14.0, 5.5 ], "autoUv": false },
								"east": { "texture": "#handle", "uv": [ 10.0, 14.0, 12.5, 15.5 ], "autoUv": false },
								"south": { "texture": "#handle", "uv": [ 0.0, 4.5, 1.0, 6.0 ], "autoUv": false },
								"west": { "texture": "#handle", "uv": [ 12.0, 2.0, 14.5, 3.5 ], "autoUv": false },
								"up": { "texture": "#handle", "uv": [ 10.0, 3.0, 12.5, 4.0 ], "rotation": 90, "autoUv": false },
								"down": { "texture": "#handle", "uv": [ 7.0, 4.5, 9.5, 5.5 ], "rotation": 90, "autoUv": false }
							},
							"children": [
								{
									"name": "pommel-taper1",
									"from": [ 0.8, 0.08, 0.0 ],
									"to": [ 1.6, 1.12, 0.8 ],
									"rotationOrigin": [ 0.8, 0.56, 0.0 ],
									"rotationY": -45.0,
									"faces": {
										"north": { "texture": "#handle", "uv": [ 1.5, 8.5, 2.5, 9.5 ], "autoUv": false },
										"east": { "texture": "#null", "uv": [ 0.0, 0.0, 1.0, 1.0 ], "autoUv": false, "enabled": false },
										"south": { "texture": "#null", "uv": [ 0.0, 0.0, 1.0, 1.0 ], "autoUv": false, "enabled": false },
										"west": { "texture": "#null", "uv": [ 0.0, 0.0, 1.0, 1.0 ], "autoUv": false, "enabled": false },
										"up": { "texture": "#handle", "uv": [ 5.5, 10.5, 6.5, 11.5 ], "autoUv": false },
										"down": { "texture": "#handle", "uv": [ 11.5, 5.5, 12.5, 6.5 ], "autoUv": false }
									}
								},
								{
									"name": "pommel-taper2",
									"from": [ 0.0, 0.08, 2.0 ],
									"to": [ 0.8, 1.12, 2.8 ],
									"rotationOrigin": [ 0.8, 0.56, 2.0 ],
									"rotationY": -135.0,
									"faces": {
										"north": { "texture": "#handle", "uv": [ 4.0, 8.5, 5.0, 9.5 ], "autoUv": false },
										"east": { "texture": "#null", "uv": [ 0.0, 0.0, 1.0, 1.0 ], "autoUv": false, "enabled": false },
										"south": { "texture": "#null", "uv": [ 0.0, 0.0, 1.0, 1.0 ], "autoUv": false, "enabled": false },
										"west": { "texture": "#null", "uv": [ 0.0, 0.0, 1.0, 1.0 ], "autoUv": false, "enabled": false },
										"up": { "texture": "#handle", "uv": [ 14.0, 0.5, 15.0, 1.5 ], "autoUv": false },
										"down": { "texture": "#handle", "uv": [ 2.0, 1.5, 3.0, 2.5 ], "autoUv": false }
									}
								},
								{
									"name": "pommeltip",
									"from": [ -0.72, 0.08, 0.28 ],
									"to": [ 0.72, 1.12, 1.72 ],
									"rotationOrigin": [ 0.0, 0.6, 1.0 ],
									"rotationY": -45.0,
									"faces": {
										"north": { "texture": "#null", "uv": [ 0.0, 0.0, 1.5, 1.0 ], "autoUv": false, "enabled": false },
										"east": { "texture": "#null", "uv": [ 0.0, 0.0, 1.5, 1.0 ], "autoUv": false, "enabled": false },
										"south": { "texture": "#handle", "uv": [ 5.5, 6.5, 7.0, 7.5 ], "autoUv": false },
										"west": { "texture": "#handle", "uv": [ 4.5, 0.0, 6.0, 1.0 ], "autoUv": false },
										"up": { "texture": "#handle", "uv": [ 2.0, 1.5, 3.5, 3.0 ], "autoUv": false },
										"down": { "texture": "#handle", "uv": [ 7.0, 3.0, 8.5, 4.5 ], "autoUv": false }
									}
								}
							]
						}
					]
				}
			]
		}
	]}