{
	"editor": {
		"backDropShape": "entity/animal/mammal/hooved/deer/elk/female",
		"collapsedPaths": "Root/origin/handle,Root/origin/blademiddle3,Root/origin/handle1/handle2",
		"allAngles": false,
		"entityTextureMode": false
	},
	"textureWidth": 16,
	"textureHeight": 16,
	"textureSizes": {
		"blackbronze": [16,16],
		"metal": [16,16],
		"wood": [16,16],
		"handle": [16,16]
	},
	"textures": {
		"plain": "game:block/leather/plain",
		"blackbronze": "game:block/metal/ingot/tinbronze",
		"handle": "game:block/wood/debarked/acacia"
	},
	"elements": [
		{
			"name": "Attachment Strap",
			"from": [ 1.2, 21.39, 12.82 ],
			"to": [ 4.2, 22.39, 12.92 ],
			"rotationOrigin": [ 1.2002, 21.3937, 12.8136 ],
			"rotationX": 1.2,
			"rotationY": -10.3,
			"rotationZ": -13.0,
			"faces": {
				"north": { "texture": "#plain", "uv": [ 0.0, 0.0, 3.0, 1.0 ] },
				"east": { "texture": "#plain", "uv": [ 0.0, 0.0, 0.5, 1.0 ] },
				"south": { "texture": "#plain", "uv": [ 0.0, 0.0, 3.0, 1.0 ] },
				"west": { "texture": "#plain", "uv": [ 0.0, 0.0, 0.5, 1.0 ] },
				"up": { "texture": "#plain", "uv": [ 0.0, 0.0, 3.0, 0.5 ] },
				"down": { "texture": "#plain", "uv": [ 0.0, 0.0, 3.0, 0.5 ] }
			}
		},
		{
			"name": "origin",
			"stepParentName": "LeftFrontStorage",
			"from": [ 3.74, 7.44, 1.68 ],
			"to": [ 3.74, 7.44, 1.68 ],
			"rotationOrigin": [ 3.74, 7.436, 1.684 ],
			"rotationX": -90.0,
			"rotationY": 67.5,
			"rotationZ": 4.0,
			"faces": {
				"north": { "texture": "#null", "uv": [ 0.0, 0.0, 0.25, 0.25 ], "autoUv": false, "enabled": false },
				"east": { "texture": "#null", "uv": [ 0.0, 0.0, 0.25, 0.25 ], "autoUv": false, "enabled": false },
				"south": { "texture": "#null", "uv": [ 0.0, 0.0, 0.25, 0.25 ], "autoUv": false, "enabled": false },
				"west": { "texture": "#null", "uv": [ 0.0, 0.0, 0.25, 0.25 ], "autoUv": false, "enabled": false },
				"up": { "texture": "#null", "uv": [ 0.0, 0.0, 0.25, 0.25 ], "autoUv": false, "enabled": false },
				"down": { "texture": "#null", "uv": [ 0.0, 0.0, 0.25, 0.25 ], "autoUv": false, "enabled": false }
			},
			"children": [
				{
					"name": "blademiddle1",
					"from": [ 0.4828, -0.1344, -0.2214 ],
					"to": [ 7.8748, 0.2016, 0.7866 ],
					"rotationOrigin": [ 0.4828, 0.0336, 0.1146 ],
					"rotationY": 2.0,
					"faces": {
										"north": { "texture": "#blackbronze", "uv": [ 0.0, 6.5, 11.0, 7.0 ], "glow": 188 },
										"east": { "texture": "#blackbronze", "uv": [ 8.5, 0.5, 10.0, 1.0 ], "glow": 188, "windMode": [-1,-1,-1,-1] },
										"south": { "texture": "#blackbronze", "uv": [ 0.0, 8.5, 11.0, 9.0 ], "glow": 188, "windMode": [-1,-1,-1,-1] },
										"up": { "texture": "#blackbronze", "uv": [ 0.0, 4.5, 11.0, 6.0 ], "glow": 188, "windMode": [-1,-1,-1,-1] },
										"down": { "texture": "#blackbronze", "uv": [ 0.0, 8.0, 11.0, 9.5 ], "glow": 188, "windMode": [-1,-1,-1,-1] }
									},
					"children": [
						{
							"name": "blademiddle2",
							"from": [ 7.392, 0.0067, 0.0 ],
							"to": [ 13.44, 0.3427, 1.008 ],
							"rotationOrigin": [ 7.392, 0.168, 0.0 ],
							"rotationY": -4.0,
							"faces": {
												"north": { "texture": "#blackbronze", "uv": [ 0.0, 3.5, 9.0, 4.0 ], "glow": 188 },
												"east": { "texture": "#blackbronze", "uv": [ 13.0, 3.0, 14.5, 3.5 ], "glow": 188, "windMode": [-1,-1,-1,-1] },
												"south": { "texture": "#blackbronze", "uv": [ 0.0, 5.5, 9.0, 6.0 ], "glow": 188, "windMode": [-1,-1,-1,-1] },
												"up": { "texture": "#blackbronze", "uv": [ 0.0, 7.5, 9.0, 9.0 ], "glow": 188, "windMode": [-1,-1,-1,-1] },
												"down": { "texture": "#blackbronze", "uv": [ 0.0, 14.0, 9.0, 15.5 ], "glow": 188, "windMode": [-1,-1,-1,-1] }
											},
							"children": [
								{
									"name": "blademiddle3",
									"from": [ 6.048, -0.0067, 0.0 ],
									"to": [ 11.424, 0.3293, 1.008 ],
									"rotationOrigin": [ 6.048, 0.0, 0.0 ],
									"rotationY": -6.0,
									"faces": {
														"north": { "texture": "#blackbronze", "uv": [ 1.0, 5.5, 9.0, 6.0 ], "glow": 188 },
														"east": { "texture": "#blackbronze", "uv": [ 5.5, 8.0, 7.0, 8.5 ], "glow": 188, "windMode": [-1,-1,-1,-1] },
														"south": { "texture": "#blackbronze", "uv": [ 3.5, 6.5, 11.5, 7.0 ], "glow": 188, "windMode": [-1,-1,-1,-1] },
														"up": { "texture": "#blackbronze", "uv": [ 0.5, 11.5, 8.5, 13.0 ], "glow": 188, "windMode": [-1,-1,-1,-1] },
														"down": { "texture": "#blackbronze", "uv": [ 6.0, 9.0, 14.0, 10.5 ], "glow": 188, "windMode": [-1,-1,-1,-1] }
													},
									"children": [
										{
											"name": "blademiddle4",
											"from": [ 5.3088, 0.0067, 0.1344 ],
											"to": [ 7.3248, 0.3427, 1.008 ],
											"rotationOrigin": [ 5.3088, 0.168, 0.1344 ],
											"rotationY": -5.0,
											"faces": {
																"north": { "texture": "#blackbronze", "uv": [ 4.0, 7.5, 7.0, 8.0 ], "glow": 188 },
																"east": { "texture": "#blackbronze", "uv": [ 9.5, 12.5, 10.5, 13.0 ], "glow": 188, "windMode": [-1,-1,-1,-1] },
																"west": { "texture": "#blackbronze", "uv": [ 5.5, 7.5, 6.5, 8.0 ], "glow": 188, "windMode": [-1,-1,-1,-1] },
																"up": { "texture": "#blackbronze", "uv": [ 11.5, 3.5, 14.5, 4.5 ], "glow": 188, "windMode": [-1,-1,-1,-1] },
																"down": { "texture": "#blackbronze", "uv": [ 6.0, 14.5, 9.0, 15.5 ], "glow": 188, "windMode": [-1,-1,-1,-1] }
															}
										}
									]
								}
							]
						},
						{
							"name": "blade1",
							"from": [ 0.0, 0.1008, -0.672 ],
							"to": [ 4.032, 0.2352, 0.0 ],
							"rotationOrigin": [ 0.0, 0.168, -0.672 ],
							"rotationY": -1.0,
							"faces": {
												"north": { "texture": "#blackbronze", "uv": [ 2.5, 8.5, 8.5, 9.0 ], "glow": 188, "windMode": [-1,-1,-1,-1] },
												"west": { "texture": "#blackbronze", "uv": [ 7.5, 9.0, 8.5, 9.5 ], "glow": 188, "windMode": [-1,-1,-1,-1] },
												"up": { "texture": "#blackbronze", "uv": [ 1.0, 5.0, 7.0, 6.0 ], "glow": 188, "windMode": [-1,-1,-1,-1] },
												"down": { "texture": "#blackbronze", "uv": [ 1.0, 11.0, 7.0, 12.0 ], "glow": 188, "windMode": [-1,-1,-1,-1] }
											},
							"children": [
								{
									"name": "blade2",
									"from": [ 4.032, 0.0067, 0.0 ],
									"to": [ 9.408, 0.1411, 0.672 ],
									"rotationOrigin": [ 4.032, 0.0672, 0.0 ],
									"rotationY": -2.5,
									"faces": {
														"north": { "texture": "#blackbronze", "uv": [ 2.5, 2.5, 10.5, 3.0 ], "glow": 188 },
														"east": { "texture": "#blackbronze", "uv": [ 3.5, 1.0, 4.5, 1.5 ], "glow": 188, "windMode": [-1,-1,-1,-1] },
														"up": { "texture": "#blackbronze", "uv": [ 2.5, 12.5, 10.5, 13.5 ], "glow": 188, "windMode": [-1,-1,-1,-1] },
														"down": { "texture": "#blackbronze", "uv": [ 0.5, 13.5, 8.5, 14.5 ], "glow": 188, "windMode": [-1,-1,-1,-1] }
													},
									"children": [
										{
											"name": "blade3",
											"from": [ 5.376, -0.0067, 0.0 ],
											"to": [ 8.736, 0.1277, 0.672 ],
											"rotationOrigin": [ 5.376, 0.0672, 0.0 ],
											"rotationY": -1.5,
											"faces": {
																"north": { "texture": "#blackbronze", "uv": [ 0.5, 5.0, 5.5, 5.5 ], "glow": 188, "windMode": [-1,-1,-1,-1] },
																"east": { "texture": "#blackbronze", "uv": [ 2.5, 5.0, 3.5, 5.5 ], "glow": 188, "windMode": [-1,-1,-1,-1] },
																"up": { "texture": "#blackbronze", "uv": [ 3.5, 7.5, 8.5, 8.5 ], "glow": 188, "windMode": [-1,-1,-1,-1] },
																"down": { "texture": "#blackbronze", "uv": [ 2.5, 11.0, 7.5, 12.0 ], "glow": 188, "windMode": [-1,-1,-1,-1] }
															},
											"children": [
												{
													"name": "blade4",
													"from": [ 3.36, 0.0067, 0.0 ],
													"to": [ 7.392, 0.1411, 0.672 ],
													"rotationOrigin": [ 3.36, 0.0672, 0.0 ],
													"rotationY": -4.0,
													"faces": {
																		"north": { "texture": "#blackbronze", "uv": [ 5.0, 11.0, 11.0, 11.5 ], "glow": 188 },
																		"east": { "texture": "#blackbronze", "uv": [ 2.0, 14.0, 3.0, 14.5 ], "glow": 188, "windMode": [-1,-1,-1,-1] },
																		"up": { "texture": "#blackbronze", "uv": [ 8.5, 14.5, 14.5, 15.5 ], "glow": 188, "windMode": [-1,-1,-1,-1] },
																		"down": { "texture": "#blackbronze", "uv": [ 3.5, 6.5, 9.5, 7.5 ], "glow": 188, "windMode": [-1,-1,-1,-1] }
																	},
													"children": [
														{
															"name": "blade5",
															"from": [ 4.032, -0.0067, 0.0 ],
															"to": [ 6.048, 0.1277, 0.672 ],
															"rotationOrigin": [ 4.032, 0.0, 0.0 ],
															"rotationY": -4.0,
															"faces": {
																				"north": { "texture": "#blackbronze", "uv": [ 1.0, 3.5, 4.0, 4.0 ], "glow": 188 },
																				"east": { "texture": "#blackbronze", "uv": [ 2.0, 10.0, 3.0, 10.5 ], "glow": 188, "windMode": [-1,-1,-1,-1] },
																				"up": { "texture": "#blackbronze", "uv": [ 4.5, 1.5, 7.5, 2.5 ], "glow": 188, "windMode": [-1,-1,-1,-1] },
																				"down": { "texture": "#blackbronze", "uv": [ 6.5, 10.5, 9.5, 11.5 ], "glow": 188, "windMode": [-1,-1,-1,-1] }
																			},
															"children": [
																{
																	"name": "blade6",
																	"from": [ 2.016, 0.0067, 0.0 ],
																	"to": [ 4.032, 0.1411, 0.672 ],
																	"rotationOrigin": [ 2.016, 0.0, 0.0 ],
																	"rotationY": -5.0,
																	"faces": {
																						"north": { "texture": "#blackbronze", "uv": [ 12.0, 8.5, 15.0, 9.0 ], "glow": 188 },
																						"east": { "texture": "#blackbronze", "uv": [ 1.0, 11.5, 2.0, 12.0 ], "glow": 188, "windMode": [-1,-1,-1,-1] },
																						"up": { "texture": "#blackbronze", "uv": [ 1.5, 13.5, 4.5, 14.5 ], "glow": 188, "windMode": [-1,-1,-1,-1] },
																						"down": { "texture": "#blackbronze", "uv": [ 5.5, 4.0, 8.5, 5.0 ], "glow": 188, "windMode": [-1,-1,-1,-1] }
																					},
																	"children": [
																		{
																			"name": "blade7",
																			"from": [ 2.016, -0.0067, 0.0 ],
																			"to": [ 3.36, 0.1277, 1.2096 ],
																			"rotationOrigin": [ 2.016, 0.0672, 0.0 ],
																			"rotationY": -15.0,
																			"faces": {
																								"north": { "texture": "#blackbronze", "uv": [ 3.5, 1.5, 5.5, 2.0 ], "glow": 188 },
																								"east": { "texture": "#blackbronze", "uv": [ 7.0, 1.0, 8.5, 1.5 ], "glow": 188, "windMode": [-1,-1,-1,-1] },
																								"south": { "texture": "#blackbronze", "uv": [ 2.5, 14.5, 4.5, 15.0 ], "glow": 188, "windMode": [-1,-1,-1,-1] },
																								"up": { "texture": "#blackbronze", "uv": [ 11.5, 4.5, 13.5, 6.0 ], "glow": 188, "windMode": [-1,-1,-1,-1] },
																								"down": { "texture": "#blackbronze", "uv": [ 2.0, 11.0, 4.0, 12.5 ], "glow": 188, "windMode": [-1,-1,-1,-1] }
																							},
																			"children": [
																				{
																					"name": "blade8",
																					"from": [ 1.344, 0.0067, 0.0 ],
																					"to": [ 2.352, 0.1411, 1.0752 ],
																					"rotationOrigin": [ 1.344, 0.0, 0.0 ],
																					"rotationY": -30.0,
																					"faces": {
																										"north": { "texture": "#blackbronze", "uv": [ 7.0, 13.0, 8.5, 13.5 ], "glow": 188 },
																										"east": { "texture": "#blackbronze", "uv": [ 1.5, 4.5, 3.0, 5.0 ], "glow": 188, "windMode": [-1,-1,-1,-1] },
																										"south": { "texture": "#blackbronze", "uv": [ 9.0, 6.0, 10.5, 6.5 ], "glow": 188, "windMode": [-1,-1,-1,-1] },
																										"up": { "texture": "#blackbronze", "uv": [ 5.0, 4.0, 6.5, 5.5 ], "glow": 188, "windMode": [-1,-1,-1,-1] },
																										"down": { "texture": "#blackbronze", "uv": [ 4.0, 7.0, 5.5, 8.5 ], "glow": 188, "windMode": [-1,-1,-1,-1] }
																									},
																					"children": [
																						{
																							"name": "bladetip",
																							"from": [ 0.672, -0.0067, 0.1344 ],
																							"to": [ 1.4784, 0.0605, 0.9408 ],
																							"rotationOrigin": [ 1.008, 0.0672, 0.4704 ],
																							"rotationY": -45.0,
																							"faces": {
																												"north": { "texture": "#blackbronze", "uv": [ 9.0, 14.0, 10.0, 14.5 ], "glow": 188 },
																												"east": { "texture": "#blackbronze", "uv": [ 2.0, 10.0, 3.0, 10.5 ], "glow": 188, "windMode": [-1,-1,-1,-1] },
																												"south": { "texture": "#blackbronze", "uv": [ 14.5, 11.0, 15.5, 11.5 ], "glow": 188, "windMode": [-1,-1,-1,-1] },
																												"west": { "texture": "#blackbronze", "uv": [ 6.5, 11.0, 7.5, 11.5 ], "glow": 188, "windMode": [-1,-1,-1,-1] },
																												"up": { "texture": "#blackbronze", "uv": [ 6.5, 1.0, 7.5, 2.0 ], "glow": 188, "windMode": [-1,-1,-1,-1] },
																												"down": { "texture": "#blackbronze", "uv": [ 14.5, 3.5, 15.5, 4.5 ], "glow": 188, "windMode": [-1,-1,-1,-1] }
																											}
																						}
																					]
																				}
																			]
																		}
																	]
																}
															]
														}
													]
												}
											]
										}
									]
								}
							]
						}
					]
				},
				{
					"name": "handle1",
					"from": [ -2.688, -0.4704, -0.504 ],
					"to": [ 0.0, 0.5376, 0.504 ],
					"faces": {
						"north": { "texture": "#handle", "uv": [ 6.5, 6.0, 10.5, 7.5 ], "autoUv": false },
						"east": { "texture": "#handle", "uv": [ 5.0, 10.0, 6.5, 11.5 ], "autoUv": false, "enabled": false },
						"south": { "texture": "#handle", "uv": [ 2.0, 14.0, 6.0, 15.5 ], "autoUv": false },
						"west": { "texture": "#handle", "uv": [ 10.5, 3.5, 12.0, 5.0 ], "autoUv": false, "windMode": [-1,-1,-1,-1] },
						"up": { "texture": "#handle", "uv": [ 3.5, 6.5, 7.5, 8.0 ], "autoUv": false },
						"down": { "texture": "#handle", "uv": [ 10.5, 9.5, 14.5, 11.0 ], "autoUv": false }
					},
					"children": [
						{
							"name": "handle2",
							"from": [ -2.5536, 0.0067, 0.0 ],
							"to": [ 0.1344, 1.0147, 1.008 ],
							"rotationOrigin": [ 0.1344, 0.504, 0.504 ],
							"rotationY": -15.0,
							"faces": {
								"north": { "texture": "#handle", "uv": [ 0.0, 13.0, 4.0, 14.5 ], "autoUv": false },
								"east": { "texture": "#handle", "uv": [ 0.5, 7.5, 2.0, 9.0 ], "autoUv": false, "enabled": false },
								"south": { "texture": "#handle", "uv": [ 7.5, 7.0, 11.5, 8.5 ], "autoUv": false },
								"west": { "texture": "#handle", "uv": [ 11.5, 6.0, 13.0, 7.5 ], "autoUv": false },
								"up": { "texture": "#handle", "uv": [ 8.0, 8.5, 12.0, 10.0 ], "autoUv": false },
								"down": { "texture": "#handle", "uv": [ 3.0, 9.5, 7.0, 11.0 ], "autoUv": false }
							},
							"children": [
								{
									"name": "pommel",
									"from": [ -1.2096, -0.1344, -0.1344 ],
									"to": [ 0.1344, 1.1424, 1.1424 ],
									"rotationOrigin": [ 0.1344, 0.504, 0.504 ],
									"rotationY": -10.0,
									"faces": {
										"north": { "texture": "#blackbronze", "uv": [ 2.5, 2.0, 4.5, 3.5 ], "glow": 188 },
										"east": { "texture": "#blackbronze", "uv": [ 14.0, 0.5, 15.5, 2.0 ], "glow": 188, "windMode": [-1,-1,-1,-1] },
										"south": { "texture": "#blackbronze", "uv": [ 13.5, 1.0, 15.5, 2.5 ], "glow": 188, "windMode": [-1,-1,-1,-1] },
										"west": { "texture": "#blackbronze", "uv": [ 9.5, 11.5, 11.0, 13.0 ], "glow": 188, "windMode": [-1,-1,-1,-1] },
										"up": { "texture": "#blackbronze", "uv": [ 1.5, 2.0, 3.5, 3.5 ], "glow": 188, "windMode": [-1,-1,-1,-1] },
										"down": { "texture": "#blackbronze", "uv": [ 7.5, 9.0, 9.5, 10.5 ], "glow": 188, "windMode": [-1,-1,-1,-1] }
									},
									"children": [
										{
											"name": "pommelcap",
											"from": [ -0.336, 0.336, 0.336 ],
											"to": [ 0.0, 1.008, 1.008 ],
											"rotationOrigin": [ 0.0, 0.672, 0.672 ],
											"rotationX": -45.0,
											"faces": {
												"north": { "texture": "#blackbronze", "uv": [ 11.0, 9.0, 11.5, 10.0 ], "glow": 188 },
												"south": { "texture": "#blackbronze", "uv": [ 7.5, 5.5, 8.0, 6.5 ], "glow": 188, "windMode": [-1,-1,-1,-1] },
												"west": { "texture": "#blackbronze", "uv": [ 0.0, 13.5, 1.0, 14.5 ], "glow": 188, "windMode": [-1,-1,-1,-1] },
												"up": { "texture": "#blackbronze", "uv": [ 13.5, 10.0, 14.0, 11.0 ], "glow": 188, "windMode": [-1,-1,-1,-1] },
												"down": { "texture": "#blackbronze", "uv": [ 4.5, 13.5, 5.0, 14.5 ], "glow": 188, "windMode": [-1,-1,-1,-1] }
											}
										}
									]
								}
							]
						},
						{
							"name": "hilt1",
							"from": [ 2.5536, -0.1344, -1.008 ],
							"to": [ 3.2256, 1.1424, 2.016 ],
							"rotationOrigin": [ 2.5536, 0.504, 0.504 ],
							"rotationY": 5.0,
							"faces": {
								"north": { "texture": "#blackbronze", "uv": [ 7.5, 9.0, 8.5, 10.5 ], "glow": 188 },
								"east": { "texture": "#blackbronze", "uv": [ 3.0, 10.5, 7.5, 12.0 ], "glow": 188, "windMode": [-1,-1,-1,-1] },
								"south": { "texture": "#blackbronze", "uv": [ 11.0, 1.0, 12.0, 2.5 ], "glow": 188, "windMode": [-1,-1,-1,-1] },
								"west": { "texture": "#blackbronze", "uv": [ 9.0, 0.5, 13.5, 2.0 ], "glow": 188, "windMode": [-1,-1,-1,-1] },
								"up": { "texture": "#blackbronze", "uv": [ 3.0, 9.0, 4.0, 13.5 ], "glow": 188, "windMode": [-1,-1,-1,-1] },
								"down": { "texture": "#blackbronze", "uv": [ 11.5, 2.5, 12.5, 7.0 ], "glow": 188, "windMode": [-1,-1,-1,-1] }
							},
							"children": [
								{
									"name": "hilt2N",
									"from": [ 0.0, 0.1344, -1.344 ],
									"to": [ 0.672, 1.1424, 0.0 ],
									"rotationOrigin": [ 0.672, 0.672, 0.0 ],
									"rotationY": 30.0,
									"faces": {
										"north": { "texture": "#blackbronze", "uv": [ 9.0, 9.5, 10.0, 11.0 ], "glow": 188 },
										"east": { "texture": "#blackbronze", "uv": [ 9.5, 3.0, 11.5, 4.5 ], "glow": 188, "windMode": [-1,-1,-1,-1] },
										"west": { "texture": "#blackbronze", "uv": [ 13.0, 13.0, 15.0, 14.5 ], "glow": 188, "windMode": [-1,-1,-1,-1] },
										"up": { "texture": "#blackbronze", "uv": [ 8.0, 10.0, 9.0, 12.0 ], "glow": 188, "windMode": [-1,-1,-1,-1] },
										"down": { "texture": "#blackbronze", "uv": [ 3.0, 0.5, 4.0, 2.5 ], "glow": 188, "windMode": [-1,-1,-1,-1] }
									},
									"children": [
										{
											"name": "hilt3N",
											"from": [ 0.0, 0.0067, -1.344 ],
											"to": [ 0.672, 1.0147, 0.0 ],
											"rotationOrigin": [ 0.672, 0.504, 0.0 ],
											"rotationY": 22.5,
											"faces": {
												"north": { "texture": "#blackbronze", "uv": [ 0.5, 9.0, 1.5, 10.5 ], "glow": 188 },
												"east": { "texture": "#blackbronze", "uv": [ 3.0, 11.0, 5.0, 12.5 ], "glow": 188, "windMode": [-1,-1,-1,-1] },
												"west": { "texture": "#blackbronze", "uv": [ 3.5, 1.0, 5.5, 2.5 ], "glow": 188, "windMode": [-1,-1,-1,-1] },
												"up": { "texture": "#blackbronze", "uv": [ 6.5, 1.0, 7.5, 3.0 ], "glow": 188, "windMode": [-1,-1,-1,-1] },
												"down": { "texture": "#blackbronze", "uv": [ 4.0, 4.5, 5.0, 6.5 ], "glow": 188, "windMode": [-1,-1,-1,-1] }
											},
											"children": [
												{
													"name": "hilt4N",
													"from": [ 0.0, -0.0067, -1.344 ],
													"to": [ 0.672, 1.0013, 0.0 ],
													"rotationOrigin": [ 0.672, 0.504, 0.0 ],
													"rotationY": 30.0,
													"faces": {
														"north": { "texture": "#blackbronze", "uv": [ 14.5, 0.5, 15.5, 2.0 ], "glow": 188 },
														"east": { "texture": "#blackbronze", "uv": [ 1.0, 2.0, 3.0, 3.5 ], "glow": 188, "windMode": [-1,-1,-1,-1] },
														"west": { "texture": "#blackbronze", "uv": [ 8.5, 1.5, 10.5, 3.0 ], "glow": 188, "windMode": [-1,-1,-1,-1] },
														"up": { "texture": "#blackbronze", "uv": [ 3.0, 12.0, 4.0, 14.0 ], "glow": 188, "windMode": [-1,-1,-1,-1] },
														"down": { "texture": "#blackbronze", "uv": [ 10.0, 12.5, 11.0, 14.5 ], "glow": 188, "windMode": [-1,-1,-1,-1] }
													}
												}
											]
										}
									]
								},
								{
									"name": "hilt2S",
									"from": [ 0.0, 0.1411, 3.024 ],
									"to": [ 0.672, 1.1491, 4.032 ],
									"rotationOrigin": [ 0.0, 0.6384, 3.024 ],
									"rotationY": 30.0,
									"faces": {
										"east": { "texture": "#blackbronze", "uv": [ 4.5, 12.0, 6.0, 13.5 ], "glow": 188 },
										"south": { "texture": "#blackbronze", "uv": [ 11.5, 7.5, 12.5, 9.0 ], "glow": 188, "windMode": [-1,-1,-1,-1] },
										"west": { "texture": "#blackbronze", "uv": [ 12.0, 1.0, 13.5, 2.5 ], "glow": 188, "windMode": [-1,-1,-1,-1] },
										"up": { "texture": "#blackbronze", "uv": [ 0.5, 1.5, 1.5, 3.0 ], "glow": 188, "windMode": [-1,-1,-1,-1] },
										"down": { "texture": "#blackbronze", "uv": [ 10.0, 12.0, 11.0, 13.5 ], "glow": 188, "windMode": [-1,-1,-1,-1] }
									},
									"children": [
										{
											"name": "hilt3S",
											"from": [ 0.0, -0.0067, 1.008 ],
											"to": [ 0.672, 1.0013, 2.352 ],
											"rotationOrigin": [ 0.0, 0.5376, 1.008 ],
											"rotationY": 30.0,
											"faces": {
												"east": { "texture": "#blackbronze", "uv": [ 8.5, 4.5, 10.5, 6.0 ], "glow": 188 },
												"south": { "texture": "#blackbronze", "uv": [ 3.5, 2.5, 4.5, 4.0 ], "glow": 188, "windMode": [-1,-1,-1,-1] },
												"west": { "texture": "#blackbronze", "uv": [ 5.5, 8.5, 7.5, 10.0 ], "glow": 188, "windMode": [-1,-1,-1,-1] },
												"up": { "texture": "#blackbronze", "uv": [ 7.0, 10.0, 8.0, 12.0 ], "glow": 188, "windMode": [-1,-1,-1,-1] },
												"down": { "texture": "#blackbronze", "uv": [ 13.0, 9.0, 14.0, 11.0 ], "glow": 188, "windMode": [-1,-1,-1,-1] }
											},
											"children": [
												{
													"name": "hill4S",
													"from": [ 0.0, 0.0067, 1.344 ],
													"to": [ 0.672, 1.0147, 2.352 ],
													"rotationOrigin": [ 0.0, 0.4704, 1.344 ],
													"rotationY": 22.5,
													"faces": {
														"east": { "texture": "#blackbronze", "uv": [ 0.0, 13.5, 1.5, 15.0 ], "glow": 188 },
														"south": { "texture": "#blackbronze", "uv": [ 9.5, 2.0, 10.5, 3.5 ], "glow": 188, "windMode": [-1,-1,-1,-1] },
														"west": { "texture": "#blackbronze", "uv": [ 4.0, 4.5, 5.5, 6.0 ], "glow": 188, "windMode": [-1,-1,-1,-1] },
														"up": { "texture": "#blackbronze", "uv": [ 8.5, 12.5, 9.5, 14.0 ], "glow": 188, "windMode": [-1,-1,-1,-1] },
														"down": { "texture": "#blackbronze", "uv": [ 14.0, 11.0, 15.0, 12.5 ], "glow": 188, "windMode": [-1,-1,-1,-1] }
													}
												}
											]
										}
									]
								}
							]
						}
					]
				},
				{
					"name": "blademiddle5",
					"from": [ 0.5712, -0.168, -0.2218 ],
					"to": [ 8.0304, 0.2352, 0.8534 ],
					"rotationOrigin": [ 0.4828, 0.0336, 0.1146 ],
					"rotationY": 2.0,
					"faces": {
						"north": { "texture": "#plain", "uv": [ 0.0, 6.5, 11.0, 7.0 ], "autoUv": false },
						"east": { "texture": "#plain", "uv": [ 8.5, 0.5, 10.0, 1.0 ], "autoUv": false },
						"south": { "texture": "#plain", "uv": [ 0.0, 8.5, 11.0, 9.0 ], "autoUv": false },
						"west": { "texture": "#plain", "uv": [ 2.0, 2.5, 3.5, 3.0 ], "autoUv": false, "enabled": false },
						"up": { "texture": "#plain", "uv": [ 0.0, 4.5, 11.0, 6.0 ], "autoUv": false },
						"down": { "texture": "#plain", "uv": [ 0.0, 8.0, 11.0, 9.5 ], "autoUv": false }
					},
					"children": [
						{
							"name": "blademiddle6",
							"from": [ 7.392, 0.0067, 0.0 ],
							"to": [ 13.5072, 0.4099, 1.0752 ],
							"rotationOrigin": [ 7.392, 0.168, 0.0 ],
							"rotationY": -4.0,
							"faces": {
								"north": { "texture": "#plain", "uv": [ 0.0, 3.5, 9.0, 4.0 ], "autoUv": false },
								"east": { "texture": "#plain", "uv": [ 13.0, 3.0, 14.5, 3.5 ], "autoUv": false },
								"south": { "texture": "#plain", "uv": [ 0.0, 5.5, 9.0, 6.0 ], "autoUv": false },
								"west": { "texture": "#plain", "uv": [ 7.0, 7.0, 8.5, 7.5 ], "autoUv": false, "enabled": false },
								"up": { "texture": "#plain", "uv": [ 0.0, 7.5, 9.0, 9.0 ], "autoUv": false },
								"down": { "texture": "#plain", "uv": [ 0.0, 14.0, 9.0, 15.5 ], "autoUv": false }
							},
							"children": [
								{
									"name": "blademiddle7",
									"from": [ 6.048, -0.0067, 0.0 ],
									"to": [ 11.4912, 0.3965, 1.0752 ],
									"rotationOrigin": [ 6.048, 0.0, 0.0 ],
									"rotationY": -6.0,
									"faces": {
										"north": { "texture": "#plain", "uv": [ 1.0, 5.5, 9.0, 6.0 ], "autoUv": false },
										"east": { "texture": "#plain", "uv": [ 5.5, 8.0, 7.0, 8.5 ], "autoUv": false },
										"south": { "texture": "#plain", "uv": [ 3.5, 6.5, 11.5, 7.0 ], "autoUv": false },
										"west": { "texture": "#plain", "uv": [ 2.0, 7.0, 3.5, 7.5 ], "autoUv": false, "enabled": false },
										"up": { "texture": "#plain", "uv": [ 0.5, 11.5, 8.5, 13.0 ], "autoUv": false },
										"down": { "texture": "#plain", "uv": [ 6.0, 9.0, 14.0, 10.5 ], "autoUv": false }
									},
									"children": [
										{
											"name": "blademiddle8",
											"from": [ 5.3088, 0.0067, 0.1344 ],
											"to": [ 7.392, 0.4099, 1.0752 ],
											"rotationOrigin": [ 5.3088, 0.168, 0.1344 ],
											"rotationY": -5.0,
											"faces": {
												"north": { "texture": "#plain", "uv": [ 4.0, 7.5, 7.0, 8.0 ], "autoUv": false },
												"east": { "texture": "#plain", "uv": [ 9.5, 12.5, 10.5, 13.0 ], "autoUv": false, "windMode": [-1,-1,-1,-1] },
												"south": { "texture": "#plain", "uv": [ 5.5, 13.5, 8.5, 14.0 ], "autoUv": false, "windMode": [-1,-1,-1,-1] },
												"west": { "texture": "#plain", "uv": [ 5.5, 7.5, 6.5, 8.0 ], "autoUv": false },
												"up": { "texture": "#plain", "uv": [ 11.5, 3.5, 14.5, 4.5 ], "autoUv": false },
												"down": { "texture": "#plain", "uv": [ 6.0, 14.5, 9.0, 15.5 ], "autoUv": false }
											}
										}
									]
								}
							]
						},
						{
							"name": "blade9",
							"from": [ 0.0, 0.1008, -0.672 ],
							"to": [ 4.0992, 0.3024, 0.0672 ],
							"rotationOrigin": [ 0.0, 0.168, -0.672 ],
							"rotationY": -1.0,
							"faces": {
								"north": { "texture": "#plain", "uv": [ 2.5, 8.5, 8.5, 9.0 ], "autoUv": false },
								"east": { "texture": "#plain", "uv": [ 6.5, 1.0, 7.5, 1.5 ], "autoUv": false, "enabled": false },
								"south": { "texture": "#plain", "uv": [ 0.5, 5.0, 6.5, 5.5 ], "autoUv": false, "enabled": false },
								"west": { "texture": "#plain", "uv": [ 7.5, 9.0, 8.5, 9.5 ], "autoUv": false },
								"up": { "texture": "#plain", "uv": [ 1.0, 5.0, 7.0, 6.0 ], "autoUv": false },
								"down": { "texture": "#plain", "uv": [ 1.0, 11.0, 7.0, 12.0 ], "autoUv": false }
							},
							"children": [
								{
									"name": "blade10",
									"from": [ 4.032, 0.0067, 0.0 ],
									"to": [ 9.4752, 0.2083, 0.7392 ],
									"rotationOrigin": [ 4.032, 0.0672, 0.0 ],
									"rotationY": -2.5,
									"faces": {
										"north": { "texture": "#plain", "uv": [ 2.5, 2.5, 10.5, 3.0 ], "autoUv": false },
										"east": { "texture": "#plain", "uv": [ 3.5, 1.0, 4.5, 1.5 ], "autoUv": false },
										"south": { "texture": "#plain", "uv": [ 4.0, 12.0, 12.0, 12.5 ], "autoUv": false, "enabled": false },
										"west": { "texture": "#plain", "uv": [ 8.0, 14.5, 9.0, 15.0 ], "autoUv": false, "enabled": false },
										"up": { "texture": "#plain", "uv": [ 2.5, 12.5, 10.5, 13.5 ], "autoUv": false },
										"down": { "texture": "#plain", "uv": [ 0.5, 13.5, 8.5, 14.5 ], "autoUv": false }
									},
									"children": [
										{
											"name": "blade11",
											"from": [ 5.376, -0.0067, 0.0 ],
											"to": [ 8.8032, 0.1949, 0.7392 ],
											"rotationOrigin": [ 5.376, 0.0672, 0.0 ],
											"rotationY": -1.5,
											"faces": {
												"north": { "texture": "#plain", "uv": [ 0.5, 5.0, 5.5, 5.5 ], "autoUv": false },
												"east": { "texture": "#plain", "uv": [ 2.5, 5.0, 3.5, 5.5 ], "autoUv": false },
												"south": { "texture": "#plain", "uv": [ 6.5, 0.0, 11.5, 0.5 ], "autoUv": false, "enabled": false },
												"west": { "texture": "#plain", "uv": [ 8.5, 12.0, 9.5, 12.5 ], "autoUv": false, "enabled": false },
												"up": { "texture": "#plain", "uv": [ 3.5, 7.5, 8.5, 8.5 ], "autoUv": false },
												"down": { "texture": "#plain", "uv": [ 2.5, 11.0, 7.5, 12.0 ], "autoUv": false }
											},
											"children": [
												{
													"name": "blade12",
													"from": [ 3.36, 0.0067, 0.0 ],
													"to": [ 7.4592, 0.2083, 0.7392 ],
													"rotationOrigin": [ 3.36, 0.0672, 0.0 ],
													"rotationY": -4.0,
													"faces": {
														"north": { "texture": "#plain", "uv": [ 5.0, 11.0, 11.0, 11.5 ], "autoUv": false },
														"east": { "texture": "#plain", "uv": [ 2.0, 14.0, 3.0, 14.5 ], "autoUv": false },
														"south": { "texture": "#plain", "uv": [ 2.0, 10.0, 8.0, 10.5 ], "autoUv": false, "enabled": false },
														"west": { "texture": "#plain", "uv": [ 11.5, 12.0, 12.5, 12.5 ], "autoUv": false, "enabled": false },
														"up": { "texture": "#plain", "uv": [ 8.5, 14.5, 14.5, 15.5 ], "autoUv": false },
														"down": { "texture": "#plain", "uv": [ 3.5, 6.5, 9.5, 7.5 ], "autoUv": false }
													},
													"children": [
														{
															"name": "blade13",
															"from": [ 4.032, -0.0067, 0.0 ],
															"to": [ 6.1152, 0.1949, 0.7392 ],
															"rotationOrigin": [ 4.032, 0.0, 0.0 ],
															"rotationY": -4.0,
															"faces": {
																"north": { "texture": "#plain", "uv": [ 1.0, 3.5, 4.0, 4.0 ], "autoUv": false },
																"east": { "texture": "#plain", "uv": [ 2.0, 10.0, 3.0, 10.5 ], "autoUv": false },
																"south": { "texture": "#plain", "uv": [ 4.0, 8.5, 7.0, 9.0 ], "autoUv": false, "enabled": false },
																"west": { "texture": "#plain", "uv": [ 7.0, 6.5, 8.0, 7.0 ], "autoUv": false, "enabled": false },
																"up": { "texture": "#plain", "uv": [ 4.5, 1.5, 7.5, 2.5 ], "autoUv": false },
																"down": { "texture": "#plain", "uv": [ 6.5, 10.5, 9.5, 11.5 ], "autoUv": false }
															},
															"children": [
																{
																	"name": "blade14",
																	"from": [ 2.016, 0.0067, 0.0 ],
																	"to": [ 4.0992, 0.2083, 0.7392 ],
																	"rotationOrigin": [ 2.016, 0.0, 0.0 ],
																	"rotationY": -5.0,
																	"faces": {
																		"north": { "texture": "#plain", "uv": [ 12.0, 8.5, 15.0, 9.0 ], "autoUv": false },
																		"east": { "texture": "#plain", "uv": [ 1.0, 11.5, 2.0, 12.0 ], "autoUv": false },
																		"south": { "texture": "#plain", "uv": [ 10.5, 12.0, 13.5, 12.5 ], "autoUv": false, "enabled": false },
																		"west": { "texture": "#plain", "uv": [ 2.0, 0.0, 3.0, 0.5 ], "autoUv": false, "enabled": false },
																		"up": { "texture": "#plain", "uv": [ 1.5, 13.5, 4.5, 14.5 ], "autoUv": false },
																		"down": { "texture": "#plain", "uv": [ 5.5, 4.0, 8.5, 5.0 ], "autoUv": false }
																	},
																	"children": [
																		{
																			"name": "blade15",
																			"from": [ 2.016, -0.0067, 0.0 ],
																			"to": [ 3.4272, 0.1949, 1.2768 ],
																			"rotationOrigin": [ 2.016, 0.0672, 0.0 ],
																			"rotationY": -15.0,
																			"faces": {
																				"north": { "texture": "#plain", "uv": [ 3.5, 1.5, 5.5, 2.0 ], "autoUv": false },
																				"east": { "texture": "#plain", "uv": [ 7.0, 1.0, 8.5, 1.5 ], "autoUv": false },
																				"south": { "texture": "#plain", "uv": [ 2.5, 14.5, 4.5, 15.0 ], "autoUv": false },
																				"west": { "texture": "#plain", "uv": [ 13.0, 1.0, 14.5, 1.5 ], "autoUv": false, "enabled": false },
																				"up": { "texture": "#plain", "uv": [ 11.5, 4.5, 13.5, 6.0 ], "autoUv": false },
																				"down": { "texture": "#plain", "uv": [ 2.0, 11.0, 4.0, 12.5 ], "autoUv": false }
																			},
																			"children": [
																				{
																					"name": "blade16",
																					"from": [ 1.344, 0.0067, 0.0 ],
																					"to": [ 2.4192, 0.2083, 1.2096 ],
																					"rotationOrigin": [ 1.344, 0.0, 0.0 ],
																					"rotationY": -30.0,
																					"faces": {
																						"north": { "texture": "#plain", "uv": [ 7.0, 13.0, 8.5, 13.5 ], "autoUv": false },
																						"east": { "texture": "#plain", "uv": [ 1.5, 4.5, 3.0, 5.0 ], "autoUv": false },
																						"south": { "texture": "#plain", "uv": [ 9.0, 6.0, 10.5, 6.5 ], "autoUv": false },
																						"west": { "texture": "#plain", "uv": [ 1.0, 1.0, 2.5, 1.5 ], "autoUv": false, "enabled": false },
																						"up": { "texture": "#plain", "uv": [ 5.0, 4.0, 6.5, 5.5 ], "autoUv": false },
																						"down": { "texture": "#plain", "uv": [ 4.0, 7.0, 5.5, 8.5 ], "autoUv": false }
																					},
																					"children": [
																						{
																							"name": "bladetip2",
																							"from": [ 0.672, -0.0067, 0.1344 ],
																							"to": [ 1.5456, 0.1277, 1.0752 ],
																							"rotationOrigin": [ 1.008, 0.0672, 0.4704 ],
																							"rotationY": -45.0,
																							"faces": {
																								"north": { "texture": "#plain", "uv": [ 9.0, 14.0, 10.0, 14.5 ], "autoUv": false },
																								"east": { "texture": "#plain", "uv": [ 2.0, 10.0, 3.0, 10.5 ], "autoUv": false },
																								"south": { "texture": "#plain", "uv": [ 14.5, 11.0, 15.5, 11.5 ], "autoUv": false },
																								"west": { "texture": "#plain", "uv": [ 6.5, 11.0, 7.5, 11.5 ], "autoUv": false },
																								"up": { "texture": "#plain", "uv": [ 6.5, 1.0, 7.5, 2.0 ], "autoUv": false },
																								"down": { "texture": "#plain", "uv": [ 14.5, 3.5, 15.5, 4.5 ], "autoUv": false }
																							}
																						}
																					]
																				}
																			]
																		}
																	]
																}
															]
														}
													]
												}
											]
										}
									]
								}
							]
						}
					]
				}
			]
		}
	]}