{
	"editor": {
		"backDropShape": "entity/animal/mammal/hooved/deer/elk/female",
		"collapsedPaths": "",
		"allAngles": false,
		"entityTextureMode": false
	},
	"textureWidth": 16,
	"textureHeight": 16,
	"textureSizes": {
		"blackbronze": [16,16],
		"metal": [16,16],
		"wood": [16,16],
		"handle": [16,16]
	},
	"textures": {
		"cloth": "game:block/cloth/linen/black",
		"plain": "game:block/leather/plain",
		"handguard": "game:block/metal/sheet/gold1",
		"rubble": "game:block/stone/gem/malachite"
	},
	"elements": [
		{
			"name": "origin",
			"stepParentName": "LeftFrontStorage",
			"from": [ 2.8, 7.1, 1.52 ],
			"to": [ 2.8, 7.1, 1.52 ],
			"rotationOrigin": [ 2.8975, 7.125, 1.5155 ],
			"rotationX": -90.0,
			"rotationY": 73.0,
			"rotationZ": 4.0,
			"faces": {
				"north": { "texture": "#null", "uv": [ 7.0, 3.0, 4.5, 3.5 ], "autoUv": false, "enabled": false },
				"east": { "texture": "#null", "uv": [ 1.0, 14.5, 1.5, 15.0 ], "autoUv": false, "enabled": false },
				"south": { "texture": "#null", "uv": [ 2.0, 10.0, 2.5, 10.5 ], "autoUv": false, "enabled": false },
				"west": { "texture": "#null", "uv": [ 14.0, 13.5, 14.5, 14.0 ], "autoUv": false, "enabled": false },
				"up": { "texture": "#null", "uv": [ 1.0, 13.5, 1.5, 14.0 ], "autoUv": false, "enabled": false },
				"down": { "texture": "#null", "uv": [ 14.0, 0.0, 14.5, 0.5 ], "autoUv": false, "enabled": false }
			},
			"children": [
				{
					"name": "Attachment Strap",
					"from": [ 1.6245, 0.24, -2.38 ],
					"to": [ 2.3085, 0.639, 1.04 ],
					"rotationOrigin": [ 1.6245, 0.2301, -2.375 ],
					"faces": {
						"north": { "texture": "#plain", "uv": [ 0.0, 0.0, 0.5, 0.5 ], "autoUv": false },
						"east": { "texture": "#plain", "uv": [ 0.0, 0.0, 4.0, 0.5 ], "autoUv": false },
						"south": { "texture": "#plain", "uv": [ 0.0, 0.0, 0.5, 0.5 ], "autoUv": false },
						"west": { "texture": "#plain", "uv": [ 0.0, 0.0, 4.0, 0.5 ], "autoUv": false },
						"up": { "texture": "#plain", "uv": [ 0.0, 0.0, 0.5, 4.0 ], "autoUv": false },
						"down": { "texture": "#plain", "uv": [ 0.0, 0.0, 0.5, 4.0 ], "autoUv": false }
					}
				},
				{
					"name": "origin",
					"from": [ 0.0207, 8.5269, 6.5436 ],
					"to": [ 0.0207, 8.5269, 6.5436 ],
					"rotationOrigin": [ 2.1907, 4.2769, 3.2636 ],
					"rotationX": -180.0,
					"rotationY": 0.0,
					"rotationZ": 0.0,
					"faces": {
						"north": { "texture": "#null", "uv": [ 0.0, 0.0, 0.5, 0.5 ], "autoUv": false, "enabled": false },
						"east": { "texture": "#null", "uv": [ 0.0, 0.0, 0.5, 0.5 ], "autoUv": false, "enabled": false },
						"south": { "texture": "#null", "uv": [ 0.0, 0.0, 0.5, 0.5 ], "autoUv": false, "enabled": false },
						"west": { "texture": "#null", "uv": [ 0.0, 0.0, 0.5, 0.5 ], "autoUv": false, "enabled": false },
						"up": { "texture": "#null", "uv": [ 0.0, 0.0, 0.5, 0.5 ], "autoUv": false, "enabled": false },
						"down": { "texture": "#null", "uv": [ 0.0, 0.0, 0.5, 0.5 ], "autoUv": false, "enabled": false }
					},
					"children": [
						{
							"name": "handle",
							"from": [ -5.12, -0.32, -0.48 ],
							"to": [ -0.64, 0.32, 0.48 ],
							"rotationOrigin": [ -0.64, 0.0, 0.0 ],
							"faces": {
								"north": { "texture": "#cloth", "uv": [ 3.5, 10.0, 10.5, 11.0 ], "autoUv": false },
								"east": { "texture": "#null", "uv": [ 0.0, 0.0, 1.5, 1.0 ], "autoUv": false, "enabled": false },
								"south": { "texture": "#cloth", "uv": [ 5.0, 5.0, 12.0, 6.0 ], "autoUv": false, "windMode": [-1,-1,-1,-1] },
								"west": { "texture": "#null", "uv": [ 0.0, 0.0, 1.5, 1.0 ], "autoUv": false, "enabled": false },
								"up": { "texture": "#cloth", "uv": [ 6.5, 2.0, 13.5, 3.5 ], "autoUv": false, "windMode": [-1,-1,-1,-1] },
								"down": { "texture": "#cloth", "uv": [ 5.0, 7.5, 12.0, 9.0 ], "autoUv": false, "windMode": [-1,-1,-1,-1] }
							},
							"children": [
								{
									"name": "hilt",
									"from": [ 4.48, -0.128, -0.8 ],
									"to": [ 5.12, 0.768, 1.76 ],
									"rotationOrigin": [ 5.12, 0.32, 0.48 ],
									"faces": {
										"north": { "texture": "#handguard", "uv": [ 1.0, 1.0, 2.0, 2.0 ], "autoUv": false },
										"east": { "texture": "#handguard", "uv": [ 10.5, 9.0, 14.5, 10.0 ], "autoUv": false, "windMode": [-1,-1,-1,-1] },
										"south": { "texture": "#handguard", "uv": [ 9.5, 14.5, 10.5, 15.5 ], "autoUv": false, "windMode": [-1,-1,-1,-1] },
										"west": { "texture": "#handguard", "uv": [ 10.5, 11.5, 14.5, 12.5 ], "autoUv": false, "windMode": [-1,-1,-1,-1] },
										"up": { "texture": "#handguard", "uv": [ 10.5, 5.5, 14.5, 6.5 ], "rotation": 90, "autoUv": false, "windMode": [-1,-1,-1,-1] },
										"down": { "texture": "#handguard", "uv": [ 6.5, 10.5, 10.5, 11.5 ], "rotation": 90, "autoUv": false, "windMode": [-1,-1,-1,-1] }
									},
									"children": [
										{
											"name": "hilt2",
											"from": [ 0.0, 0.064, 0.768 ],
											"to": [ 1.024, 0.832, 1.792 ],
											"rotationOrigin": [ 0.512, 0.448, 1.28 ],
											"rotationY": -45.0,
											"faces": {
												"north": { "texture": "#handguard", "uv": [ 4.5, 2.0, 6.0, 3.0 ], "autoUv": false },
												"east": { "texture": "#handguard", "uv": [ 11.5, 7.5, 13.0, 8.5 ], "autoUv": false, "windMode": [-1,-1,-1,-1] },
												"south": { "texture": "#handguard", "uv": [ 9.5, 9.0, 11.0, 10.0 ], "autoUv": false, "windMode": [-1,-1,-1,-1] },
												"west": { "texture": "#handguard", "uv": [ 1.0, 14.0, 2.5, 15.0 ], "autoUv": false, "windMode": [-1,-1,-1,-1] },
												"up": { "texture": "#handguard", "uv": [ 9.0, 2.5, 10.5, 4.0 ], "autoUv": false, "windMode": [-1,-1,-1,-1] },
												"down": { "texture": "#handguard", "uv": [ 10.5, 11.0, 12.0, 12.5 ], "autoUv": false, "windMode": [-1,-1,-1,-1] }
											}
										},
										{
											"name": "quillon1N",
											"from": [ 0.0, 0.128, -1.28 ],
											"to": [ 0.64, 0.768, 0.0 ],
											"rotationOrigin": [ 0.0, 0.448, 0.0 ],
											"rotationY": -30.0,
											"faces": {
												"north": { "texture": "#handguard", "uv": [ 5.0, 14.0, 6.0, 15.0 ], "autoUv": false },
												"east": { "texture": "#handguard", "uv": [ 9.5, 6.5, 11.5, 7.5 ], "autoUv": false, "windMode": [-1,-1,-1,-1] },
												"south": { "texture": "#null", "uv": [ 0.0, 0.0, 1.0, 1.0 ], "autoUv": false, "enabled": false },
												"west": { "texture": "#handguard", "uv": [ 8.5, 10.5, 10.5, 11.5 ], "autoUv": false, "windMode": [-1,-1,-1,-1] },
												"up": { "texture": "#handguard", "uv": [ 10.0, 5.0, 11.0, 7.0 ], "autoUv": false, "windMode": [-1,-1,-1,-1] },
												"down": { "texture": "#handguard", "uv": [ 10.0, 5.5, 11.0, 7.5 ], "autoUv": false, "windMode": [-1,-1,-1,-1] }
											},
											"children": [
												{
													"name": "quillon2N",
													"from": [ 0.0, 0.0064, -1.28 ],
													"to": [ 0.64, 0.6464, 0.0 ],
													"rotationOrigin": [ 0.0, 0.32, 0.0 ],
													"rotationY": -22.5,
													"faces": {
														"north": { "texture": "#handguard", "uv": [ 13.0, 12.5, 14.0, 13.5 ], "autoUv": false },
														"east": { "texture": "#handguard", "uv": [ 8.0, 1.5, 10.0, 2.5 ], "autoUv": false, "windMode": [-1,-1,-1,-1] },
														"south": { "texture": "#null", "uv": [ 0.0, 0.0, 1.0, 1.0 ], "autoUv": false, "enabled": false },
														"west": { "texture": "#handguard", "uv": [ 9.0, 5.5, 11.0, 6.5 ], "autoUv": false, "windMode": [-1,-1,-1,-1] },
														"up": { "texture": "#handguard", "uv": [ 2.0, 7.5, 3.0, 9.5 ], "autoUv": false, "windMode": [-1,-1,-1,-1] },
														"down": { "texture": "#handguard", "uv": [ 3.5, 4.0, 4.5, 6.0 ], "autoUv": false, "windMode": [-1,-1,-1,-1] }
													}
												}
											]
										},
										{
											"name": "quillon1S",
											"from": [ 0.0, 0.128, 2.56 ],
											"to": [ 0.64, 0.768, 3.84 ],
											"rotationOrigin": [ 0.0, 0.448, 2.56 ],
											"rotationY": 30.0,
											"faces": {
												"north": { "texture": "#null", "uv": [ 0.0, 0.0, 1.0, 1.0 ], "autoUv": false, "enabled": false },
												"east": { "texture": "#handguard", "uv": [ 1.0, 6.5, 3.0, 7.5 ], "autoUv": false, "windMode": [-1,-1,-1,-1] },
												"south": { "texture": "#handguard", "uv": [ 9.5, 11.5, 10.5, 12.5 ], "autoUv": false, "windMode": [-1,-1,-1,-1] },
												"west": { "texture": "#handguard", "uv": [ 0.5, 7.5, 2.5, 8.5 ], "autoUv": false, "windMode": [-1,-1,-1,-1] },
												"up": { "texture": "#handguard", "uv": [ 1.0, 1.5, 2.0, 3.5 ], "autoUv": false, "windMode": [-1,-1,-1,-1] },
												"down": { "texture": "#handguard", "uv": [ 10.0, 9.0, 11.0, 11.0 ], "autoUv": false, "windMode": [-1,-1,-1,-1] }
											},
											"children": [
												{
													"name": "quillon2S",
													"from": [ 0.0, 0.0064, 1.28 ],
													"to": [ 0.64, 0.6464, 2.56 ],
													"rotationOrigin": [ 0.0, 0.32, 1.28 ],
													"rotationY": 22.5,
													"faces": {
														"north": { "texture": "#handguard", "uv": [ 11.5, 3.0, 12.5, 4.0 ], "autoUv": false },
														"east": { "texture": "#handguard", "uv": [ 3.5, 12.0, 5.5, 13.0 ], "autoUv": false, "windMode": [-1,-1,-1,-1] },
														"south": { "texture": "#handguard", "uv": [ 3.0, 9.5, 4.0, 10.5 ], "autoUv": false, "windMode": [-1,-1,-1,-1] },
														"west": { "texture": "#handguard", "uv": [ 4.5, 3.0, 6.5, 4.0 ], "autoUv": false, "windMode": [-1,-1,-1,-1] },
														"up": { "texture": "#handguard", "uv": [ 3.0, 11.5, 4.0, 13.5 ], "autoUv": false, "windMode": [-1,-1,-1,-1] },
														"down": { "texture": "#handguard", "uv": [ 4.5, 13.5, 5.5, 15.5 ], "autoUv": false, "windMode": [-1,-1,-1,-1] }
													}
												}
											]
										},
										{
											"name": "stone2",
											"from": [ 0.192, -0.064, 0.992 ],
											"to": [ 0.832, 0.96, 1.632 ],
											"rotationOrigin": [ 0.512, 0.0, 1.312 ],
											"rotationY": -45.0,
											"faces": {
												"north": { "texture": "#rubble", "uv": [ 4.0, 1.0, 5.0, 2.5 ], "autoUv": false },
												"east": { "texture": "#rubble", "uv": [ 14.0, 8.5, 15.0, 10.0 ], "autoUv": false },
												"south": { "texture": "#rubble", "uv": [ 3.5, 7.5, 4.5, 9.0 ], "autoUv": false },
												"west": { "texture": "#rubble", "uv": [ 12.5, 2.0, 13.5, 3.5 ], "autoUv": false },
												"up": { "texture": "#rubble", "uv": [ 7.5, 0.0, 8.5, 1.0 ], "autoUv": false },
												"down": { "texture": "#rubble", "uv": [ 0.0, 13.5, 1.0, 14.5 ], "autoUv": false }
											}
										}
									]
								},
								{
									"name": "pommel1",
									"from": [ -1.28, -0.16, -0.16 ],
									"to": [ 0.0, 0.736, 1.12 ],
									"rotationOrigin": [ -0.64, 0.448, 0.448 ],
									"faces": {
										"north": { "texture": "#handguard", "uv": [ 2.5, 8.0, 4.5, 9.0 ], "autoUv": false },
										"east": { "texture": "#handguard", "uv": [ 0.0, 7.5, 2.0, 8.5 ], "autoUv": false, "windMode": [-1,-1,-1,-1] },
										"south": { "texture": "#handguard", "uv": [ 2.0, 1.0, 4.0, 2.0 ], "autoUv": false, "windMode": [-1,-1,-1,-1] },
										"west": { "texture": "#handguard", "uv": [ 10.0, 11.0, 12.0, 12.0 ], "autoUv": false, "windMode": [-1,-1,-1,-1] },
										"up": { "texture": "#handguard", "uv": [ 10.5, 12.0, 12.5, 14.0 ], "autoUv": false, "windMode": [-1,-1,-1,-1] },
										"down": { "texture": "#handguard", "uv": [ 11.0, 7.5, 13.0, 9.5 ], "autoUv": false, "windMode": [-1,-1,-1,-1] }
									},
									"children": [
										{
											"name": "pommel2",
											"from": [ 0.0, 0.064, 0.0 ],
											"to": [ 1.28, 0.832, 1.28 ],
											"rotationOrigin": [ 0.64, 0.64, 0.64 ],
											"rotationY": -45.0,
											"faces": {
												"north": { "texture": "#handguard", "uv": [ 0.5, 14.5, 2.5, 15.5 ], "autoUv": false, "windMode": [-1,-1,-1,-1] },
												"east": { "texture": "#handguard", "uv": [ 5.5, 11.5, 7.5, 12.5 ], "autoUv": false, "windMode": [-1,-1,-1,-1] },
												"south": { "texture": "#handguard", "uv": [ 10.5, 10.5, 12.5, 11.5 ], "autoUv": false, "windMode": [-1,-1,-1,-1] },
												"west": { "texture": "#handguard", "uv": [ 12.0, 10.0, 14.0, 11.0 ], "autoUv": false, "windMode": [-1,-1,-1,-1] },
												"up": { "texture": "#handguard", "uv": [ 9.5, 6.0, 11.5, 8.0 ], "autoUv": false, "windMode": [-1,-1,-1,-1] },
												"down": { "texture": "#handguard", "uv": [ 6.0, 10.0, 8.0, 12.0 ], "autoUv": false, "windMode": [-1,-1,-1,-1] }
											}
										},
										{
											"name": "stone1",
											"from": [ 0.32, -0.064, 0.32 ],
											"to": [ 0.96, 0.96, 0.96 ],
											"rotationOrigin": [ 0.64, 0.512, 0.64 ],
											"faces": {
												"north": { "texture": "#rubble", "uv": [ 7.0, 1.5, 8.0, 3.0 ], "autoUv": false },
												"east": { "texture": "#rubble", "uv": [ 6.0, 7.5, 7.0, 9.0 ], "autoUv": false },
												"south": { "texture": "#rubble", "uv": [ 3.5, 6.0, 4.5, 7.5 ], "autoUv": false },
												"west": { "texture": "#rubble", "uv": [ 11.0, 13.5, 12.0, 15.0 ], "autoUv": false },
												"up": { "texture": "#rubble", "uv": [ 3.0, 11.5, 4.0, 12.5 ], "autoUv": false },
												"down": { "texture": "#rubble", "uv": [ 1.5, 13.5, 2.5, 14.5 ], "autoUv": false }
											}
										}
									]
								}
							]
						}
					]
				},
				{
					"name": "blade1",
					"from": [ 0.0, -0.1615, -1.0773 ],
					"to": [ 10.0548, 0.2385, 1.0773 ],
					"rotationOrigin": [ 0.0, -0.1196, -0.03 ],
					"rotationX": 0.0,
					"rotationY": 0.0,
					"rotationZ": 0.0,
					"faces": {
						"north": { "texture": "#plain", "uv": [ 1.0, 7.5, 15.0, 8.0 ], "autoUv": false },
						"east": { "texture": "#plain", "uv": [ 2.0, 6.5, 5.0, 7.0 ], "autoUv": false },
						"south": { "texture": "#plain", "uv": [ 0.0, 4.0, 14.0, 4.5 ], "autoUv": false },
						"west": { "texture": "#plain", "uv": [ 1.0, 14.5, 4.0, 15.0 ], "autoUv": false, "windMode": [-1,-1,-1,-1] },
						"up": { "texture": "#plain", "uv": [ 0.5, 3.5, 14.5, 6.5 ], "autoUv": false },
						"down": { "texture": "#plain", "uv": [ 0.0, 4.5, 14.0, 7.5 ], "autoUv": false }
					},
					"children": [
						{
							"name": "blade2N",
							"from": [ 10.0548, 0.006, 0.0 ],
							"to": [ 19.3914, 0.406, 0.7182 ],
							"rotationOrigin": [ 10.0548, 0.0718, 0.0 ],
							"rotationY": -3.0,
							"faces": {
								"north": { "texture": "#plain", "uv": [ 2.0, 1.0, 15.0, 1.5 ], "autoUv": false },
								"east": { "texture": "#plain", "uv": [ 0.0, 10.5, 1.0, 11.0 ], "autoUv": false },
								"south": { "texture": "#plain", "uv": [ 0.0, 5.5, 13.0, 6.0 ], "autoUv": false, "enabled": false },
								"west": { "texture": "#plain", "uv": [ 3.0, 8.5, 4.0, 9.0 ], "autoUv": false, "enabled": false },
								"up": { "texture": "#plain", "uv": [ 2.0, 5.5, 15.0, 6.5 ], "autoUv": false },
								"down": { "texture": "#plain", "uv": [ 2.0, 2.5, 15.0, 3.5 ], "autoUv": false }
							},
							"children": [
								{
									"name": "blade3N",
									"from": [ 9.3366, 0.0, 0.0 ],
									"to": [ 12.2094, 0.4, 0.3591 ],
									"rotationOrigin": [ 9.3366, 0.0718, 0.0 ],
									"rotationY": -5.0,
									"faces": {
										"north": { "texture": "#plain", "uv": [ 2.0, 6.0, 6.0, 6.5 ], "autoUv": false },
										"east": { "texture": "#plain", "uv": [ 8.0, 13.0, 8.5, 13.5 ], "autoUv": false },
										"south": { "texture": "#plain", "uv": [ 7.5, 13.5, 11.5, 14.0 ], "autoUv": false },
										"west": { "texture": "#plain", "uv": [ 11.0, 8.0, 11.5, 8.5 ], "autoUv": false },
										"up": { "texture": "#plain", "uv": [ 6.5, 6.5, 10.5, 7.0 ], "autoUv": false },
										"down": { "texture": "#plain", "uv": [ 4.0, 14.0, 8.0, 14.5 ], "autoUv": false }
									}
								}
							]
						},
						{
							"name": "blade2S",
							"from": [ 10.0548, 0.0, 1.4364 ],
							"to": [ 19.3914, 0.4, 2.1546 ],
							"rotationOrigin": [ 10.0548, 0.0718, 2.1546 ],
							"rotationY": 3.0,
							"faces": {
								"north": { "texture": "#plain", "uv": [ 1.5, 0.0, 14.5, 0.5 ], "autoUv": false, "windMode": [-1,-1,-1,-1], "enabled": false },
								"east": { "texture": "#plain", "uv": [ 9.5, 0.0, 10.5, 0.5 ], "autoUv": false },
								"south": { "texture": "#plain", "uv": [ 1.5, 15.0, 14.5, 15.5 ], "autoUv": false, "windMode": [-1,-1,-1,-1] },
								"west": { "texture": "#plain", "uv": [ 5.5, 7.0, 6.5, 7.5 ], "autoUv": false, "enabled": false },
								"up": { "texture": "#plain", "uv": [ 2.5, 5.5, 15.5, 6.5 ], "autoUv": false },
								"down": { "texture": "#plain", "uv": [ 0.0, 11.5, 13.0, 12.5 ], "autoUv": false }
							},
							"children": [
								{
									"name": "blade3S",
									"from": [ 9.3366, 0.0, 0.3591 ],
									"to": [ 12.2094, 0.4, 0.7182 ],
									"rotationOrigin": [ 9.3366, 0.0718, 0.7182 ],
									"rotationY": 5.0,
									"faces": {
										"north": { "texture": "#plain", "uv": [ 3.0, 14.5, 7.0, 15.0 ], "autoUv": false },
										"east": { "texture": "#plain", "uv": [ 5.5, 5.5, 6.0, 6.0 ], "autoUv": false },
										"south": { "texture": "#plain", "uv": [ 4.5, 7.0, 8.5, 7.5 ], "autoUv": false },
										"west": { "texture": "#plain", "uv": [ 4.0, 12.5, 4.5, 13.0 ], "autoUv": false },
										"up": { "texture": "#plain", "uv": [ 0.0, 8.0, 4.0, 8.5 ], "autoUv": false },
										"down": { "texture": "#plain", "uv": [ 0.0, 0.0, 4.0, 0.5 ], "autoUv": false }
									}
								}
							]
						},
						{
							"name": "blademiddle1",
							"from": [ 0.0, 0.0419, 0.7781 ],
							"to": [ 9.576, 0.3411, 1.3766 ],
							"rotationOrigin": [ 0.0, 0.1616, 1.0773 ],
							"faces": {
								"north": { "texture": "#plain", "uv": [ 0.0, 7.0, 16.0, 7.5 ], "autoUv": false },
								"east": { "texture": "#plain", "uv": [ 4.5, 1.0, 5.5, 1.5 ], "autoUv": false },
								"south": { "texture": "#plain", "uv": [ 0.0, 12.0, 16.0, 12.5 ], "autoUv": false },
								"west": { "texture": "#plain", "uv": [ 1.0, 6.0, 2.0, 6.5 ], "autoUv": false, "enabled": false },
								"up": { "texture": "#plain", "uv": [ 0.0, 4.5, 16.0, 5.5 ], "autoUv": false },
								"down": { "texture": "#plain", "uv": [ 0.0, 11.0, 16.0, 12.0 ], "autoUv": false }
							},
							"children": [
								{
									"name": "blademiddle2",
									"from": [ 9.576, -0.0383, -0.0598 ],
									"to": [ 21.0073, 0.3517, 0.6583 ],
									"rotationOrigin": [ 9.576, -0.0598, 0.2394 ],
									"faces": {
										"north": { "texture": "#plain", "uv": [ 3.0, 12.5, 12.5, 13.0 ], "autoUv": false },
										"east": { "texture": "#plain", "uv": [ 3.5, 14.5, 4.5, 15.0 ], "autoUv": false },
										"south": { "texture": "#plain", "uv": [ 4.5, 11.0, 14.0, 11.5 ], "autoUv": false },
										"west": { "texture": "#plain", "uv": [ 9.0, 10.5, 10.0, 11.0 ], "autoUv": false, "enabled": false },
										"up": { "texture": "#plain", "uv": [ 4.5, 8.5, 14.0, 9.5 ], "autoUv": false },
										"down": { "texture": "#plain", "uv": [ 3.0, 0.0, 13.5, 1.0 ], "autoUv": false }
									}
								},
								{
									"name": "blademiddle3",
									"from": [ 16.1595, 0.0, 0.1197 ],
									"to": [ 17.6557, 0.2992, 0.4788 ],
									"rotationOrigin": [ 16.1595, 0.0, 0.2992 ],
									"faces": {
										"north": { "texture": "#plain", "uv": [ 5.0, 2.0, 7.5, 2.5 ], "autoUv": false },
										"east": { "texture": "#plain", "uv": [ 14.5, 4.5, 15.0, 5.0 ], "autoUv": false },
										"south": { "texture": "#plain", "uv": [ 8.5, 10.0, 11.0, 10.5 ], "autoUv": false },
										"west": { "texture": "#plain", "uv": [ 6.5, 7.0, 7.0, 7.5 ], "autoUv": false, "enabled": false },
										"up": { "texture": "#plain", "uv": [ 8.0, 8.5, 10.5, 9.0 ], "autoUv": false },
										"down": { "texture": "#plain", "uv": [ 1.0, 5.0, 3.5, 5.5 ], "autoUv": false }
									},
									"children": [
										{
											"name": "tip",
											"from": [ 2.2144, 0.0598, 0.1795 ],
											"to": [ 2.4538, 0.1795, 0.4189 ],
											"rotationOrigin": [ 2.2144, 0.1197, 0.1795 ],
											"rotationY": 45.0,
											"faces": {
												"north": { "texture": "#plain", "uv": [ 10.5, 3.0, 11.0, 3.5 ], "autoUv": false },
												"east": { "texture": "#plain", "uv": [ 11.0, 2.5, 11.5, 3.0 ], "autoUv": false },
												"south": { "texture": "#plain", "uv": [ 14.5, 13.0, 15.0, 13.5 ], "autoUv": false },
												"west": { "texture": "#plain", "uv": [ 1.0, 1.5, 1.5, 2.0 ], "autoUv": false },
												"up": { "texture": "#plain", "uv": [ 3.5, 0.0, 4.0, 0.5 ], "autoUv": false },
												"down": { "texture": "#plain", "uv": [ 12.5, 2.5, 13.0, 3.0 ], "autoUv": false }
											}
										}
									]
								}
							]
						}
					]
				}
			]
		}
	]}