{
	"editor": {
		"backDropShape": "entity/animal/mammal/hooved/deer/elk/female",
		"collapsedPaths": ",Root/origin/handle/fuller2,Root/origin/handle/guard/fuller,Root/origin/handle/guard/guard1,Root/origin/handle/guard,Root/origin/handle/pommel1",
		"allAngles": false,
		"entityTextureMode": false
	},
	"textureWidth": 16,
	"textureHeight": 16,
	"textureSizes": {
	},
	"textures": {
		"plain": "game:block/leather/plain",
		"meteoriciron": "game:block/metal/ingot/meteoriciron",
		"handle": "game:block/wood/debarked/acacia"
	},
	"elements": [
		{
			"name": "origin",
			"stepParentName": "RightFrontStorage",
			"from": [ 3.8, 6.6, -0.4 ],
			"to": [ 3.8, 6.6, -0.4 ],
			"rotationOrigin": [ 3.8, 6.6, -0.4 ],
			"rotationX": -3.0,
			"rotationZ": -118.5,
			"faces": {
				"north": { "texture": "#null", "uv": [ 0.0, 0.0, 0.5, 0.5 ], "autoUv": false, "enabled": false },
				"east": { "texture": "#null", "uv": [ 0.0, 0.0, 0.5, 0.5 ], "autoUv": false, "enabled": false },
				"south": { "texture": "#null", "uv": [ 0.0, 0.0, 0.5, 0.5 ], "autoUv": false, "enabled": false },
				"west": { "texture": "#null", "uv": [ 0.0, 0.0, 0.5, 0.5 ], "autoUv": false, "enabled": false },
				"up": { "texture": "#null", "uv": [ 0.0, 0.0, 0.5, 0.5 ], "autoUv": false, "enabled": false },
				"down": { "texture": "#null", "uv": [ 0.0, 0.0, 0.5, 0.5 ], "autoUv": false, "enabled": false }
			},
			"children": [
				{
					"name": "handle",
					"from": [ -3.2, -0.4, -0.4 ],
					"to": [ -0.8, 0.4, 0.4 ],
					"faces": {
						"north": { "texture": "#handle", "uv": [ 4.5, 1.5, 7.5, 2.5 ], "autoUv": false },
						"east": { "texture": "#null", "uv": [ 0.0, 0.0, 1.0, 1.0 ], "autoUv": false, "enabled": false },
						"south": { "texture": "#handle", "uv": [ 7.0, 13.5, 10.0, 14.5 ], "autoUv": false },
						"west": { "texture": "#null", "uv": [ 0.0, 0.0, 1.0, 1.0 ], "autoUv": false, "enabled": false },
						"up": { "texture": "#handle", "uv": [ 4.0, 13.0, 7.0, 14.0 ], "autoUv": false },
						"down": { "texture": "#handle", "uv": [ 0.5, 0.5, 3.5, 1.5 ], "autoUv": false }
					},
					"children": [
						{
							"name": "pommel1",
							"from": [ -1.6, -0.4, -0.08 ],
							"to": [ -0.8, 1.2, 0.88 ],
							"rotationOrigin": [ -0.8, 0.4, 0.4 ],
							"faces": {
								"north": { "texture": "#meteoriciron", "uv": [ 14.0, 13.0, 15.0, 15.0 ], "glow": 188, "autoUv": false, "windMode": [-1,-1,-1,-1] },
								"east": { "texture": "#meteoriciron", "uv": [ 2.0, 2.5, 3.0, 4.5 ], "glow": 188, "autoUv": false, "windMode": [-1,-1,-1,-1] },
								"south": { "texture": "#meteoriciron", "uv": [ 12.0, 2.0, 13.0, 4.0 ], "glow": 188, "autoUv": false, "windMode": [-1,-1,-1,-1] },
								"west": { "texture": "#meteoriciron", "uv": [ 9.0, 3.5, 10.0, 5.5 ], "glow": 188, "autoUv": false, "windMode": [-1,-1,-1,-1] },
								"up": { "texture": "#meteoriciron", "uv": [ 6.0, 6.5, 7.0, 7.5 ], "glow": 188, "autoUv": false, "windMode": [-1,-1,-1,-1] },
								"down": { "texture": "#meteoriciron", "uv": [ 7.5, 0.0, 8.5, 1.0 ], "glow": 188, "autoUv": false, "windMode": [-1,-1,-1,-1] }
							},
							"children": [
								{
									"name": "pommel2",
									"from": [ 0.8, 0.8, 0.08 ],
									"to": [ 1.6, 1.6, 0.88 ],
									"rotationOrigin": [ 0.8, 1.6, 0.48 ],
									"rotationX": -1.0,
									"rotationZ": -30.0,
									"faces": {
										"north": { "texture": "#meteoriciron", "uv": [ 0.5, 9.0, 1.5, 10.0 ], "glow": 188, "autoUv": false },
										"east": { "texture": "#null", "uv": [ 0.0, 0.0, 1.0, 1.0 ], "autoUv": false, "enabled": false },
										"south": { "texture": "#meteoriciron", "uv": [ 10.0, 1.5, 11.0, 2.5 ], "glow": 188, "autoUv": false, "windMode": [-1,-1,-1,-1] },
										"west": { "texture": "#null", "uv": [ 0.0, 0.0, 1.0, 1.0 ], "autoUv": false, "enabled": false },
										"up": { "texture": "#meteoriciron", "uv": [ 6.0, 5.0, 7.0, 6.0 ], "glow": 188, "autoUv": false, "windMode": [-1,-1,-1,-1] },
										"down": { "texture": "#null", "uv": [ 0.0, 0.0, 1.0, 1.0 ], "autoUv": false, "enabled": false }
									}
								},
								{
									"name": "pommel3",
									"from": [ 0.8, 0.0, 0.08 ],
									"to": [ 1.6, 0.8, 0.88 ],
									"rotationOrigin": [ 0.8, 0.0, 0.48 ],
									"rotationX": 1.0,
									"rotationZ": 30.0,
									"faces": {
										"north": { "texture": "#meteoriciron", "uv": [ 2.5, 6.0, 3.5, 7.0 ], "glow": 188, "autoUv": false },
										"east": { "texture": "#null", "uv": [ 0.0, 0.0, 1.0, 1.0 ], "autoUv": false, "enabled": false },
										"south": { "texture": "#meteoriciron", "uv": [ 2.5, 1.5, 3.5, 2.5 ], "glow": 188, "autoUv": false, "windMode": [-1,-1,-1,-1] },
										"west": { "texture": "#null", "uv": [ 0.0, 0.0, 1.0, 1.0 ], "autoUv": false, "enabled": false },
										"up": { "texture": "#null", "uv": [ 0.0, 0.0, 1.0, 1.0 ], "autoUv": false, "enabled": false },
										"down": { "texture": "#meteoriciron", "uv": [ 6.0, 5.5, 7.0, 6.5 ], "glow": 188, "autoUv": false, "windMode": [-1,-1,-1,-1] }
									}
								},
								{
									"name": "pommel4",
									"from": [ 0.8, 0.32, 0.0 ],
									"to": [ 1.6, 1.28, 0.96 ],
									"rotationOrigin": [ 1.6, 0.8, 0.56 ],
									"faces": {
										"north": { "texture": "#meteoriciron", "uv": [ 12.5, 1.5, 13.5, 2.5 ], "glow": 188, "autoUv": false },
										"east": { "texture": "#meteoriciron", "uv": [ 8.0, 12.5, 9.0, 13.5 ], "glow": 188, "autoUv": false, "windMode": [-1,-1,-1,-1] },
										"south": { "texture": "#meteoriciron", "uv": [ 7.5, 5.0, 8.5, 6.0 ], "glow": 188, "autoUv": false, "windMode": [-1,-1,-1,-1] },
										"west": { "texture": "#null", "uv": [ 0.0, 0.0, 1.0, 1.0 ], "autoUv": false, "enabled": false },
										"up": { "texture": "#meteoriciron", "uv": [ 11.5, 12.0, 12.5, 13.0 ], "glow": 188, "autoUv": false, "windMode": [-1,-1,-1,-1] },
										"down": { "texture": "#meteoriciron", "uv": [ 0.5, 7.0, 1.5, 8.0 ], "glow": 188, "autoUv": false, "windMode": [-1,-1,-1,-1] }
									}
								}
							]
						},
						{
							"name": "guard",
							"from": [ 3.2, -0.8, -0.08 ],
							"to": [ 3.6, 1.6, 0.88 ],
							"rotationOrigin": [ 3.2, 0.4, 0.4 ],
							"faces": {
								"north": { "texture": "#meteoriciron", "uv": [ 9.5, 4.5, 10.0, 7.5 ], "glow": 188, "autoUv": false },
								"east": { "texture": "#meteoriciron", "uv": [ 3.5, 9.5, 4.5, 12.5 ], "glow": 188, "autoUv": false, "windMode": [-1,-1,-1,-1] },
								"south": { "texture": "#meteoriciron", "uv": [ 9.0, 12.0, 9.5, 15.0 ], "glow": 188, "autoUv": false, "windMode": [-1,-1,-1,-1] },
								"west": { "texture": "#meteoriciron", "uv": [ 14.0, 3.0, 15.0, 6.0 ], "glow": 188, "autoUv": false, "windMode": [-1,-1,-1,-1] },
								"up": { "texture": "#meteoriciron", "uv": [ 5.0, 7.5, 5.5, 8.5 ], "glow": 188, "autoUv": false, "windMode": [-1,-1,-1,-1] },
								"down": { "texture": "#meteoriciron", "uv": [ 5.0, 14.5, 5.5, 15.5 ], "glow": 188, "autoUv": false, "windMode": [-1,-1,-1,-1] }
							},
							"children": [
								{
									"name": "hilt1",
									"from": [ -0.8, 0.72, 0.0 ],
									"to": [ 0.0, 1.68, 0.96 ],
									"rotationOrigin": [ -0.8, 1.2, 0.48 ],
									"faces": {
										"north": { "texture": "#meteoriciron", "uv": [ 7.0, 14.5, 8.0, 15.5 ], "glow": 188, "autoUv": false },
										"east": { "texture": "#null", "uv": [ 0.0, 0.0, 1.0, 1.0 ], "autoUv": false, "enabled": false },
										"south": { "texture": "#meteoriciron", "uv": [ 11.5, 2.0, 12.5, 3.0 ], "glow": 188, "autoUv": false, "windMode": [-1,-1,-1,-1] },
										"west": { "texture": "#meteoriciron", "uv": [ 3.0, 13.0, 4.0, 14.0 ], "glow": 188, "autoUv": false, "windMode": [-1,-1,-1,-1] },
										"up": { "texture": "#meteoriciron", "uv": [ 3.5, 3.0, 4.5, 4.0 ], "glow": 188, "autoUv": false, "windMode": [-1,-1,-1,-1] },
										"down": { "texture": "#meteoriciron", "uv": [ 8.0, 0.0, 9.0, 1.0 ], "glow": 188, "autoUv": false, "windMode": [-1,-1,-1,-1] }
									}
								},
								{
									"name": "hilt2",
									"from": [ -0.96, 1.6, 0.08 ],
									"to": [ 0.0, 2.24, 0.88 ],
									"rotationOrigin": [ 0.0, 2.24, 0.48 ],
									"rotationZ": 35.0,
									"faces": {
										"north": { "texture": "#meteoriciron", "uv": [ 12.5, 13.5, 13.5, 14.0 ], "glow": 188, "autoUv": false },
										"east": { "texture": "#null", "uv": [ 0.0, 0.0, 1.0, 0.5 ], "autoUv": false, "enabled": false },
										"south": { "texture": "#meteoriciron", "uv": [ 1.0, 2.0, 2.0, 2.5 ], "glow": 188, "autoUv": false, "windMode": [-1,-1,-1,-1] },
										"west": { "texture": "#null", "uv": [ 0.0, 0.0, 1.0, 0.5 ], "autoUv": false, "enabled": false },
										"up": { "texture": "#meteoriciron", "uv": [ 3.0, 9.0, 4.0, 10.0 ], "glow": 188, "autoUv": false, "windMode": [-1,-1,-1,-1] },
										"down": { "texture": "#null", "uv": [ 0.0, 0.0, 1.0, 1.0 ], "autoUv": false, "enabled": false }
									}
								},
								{
									"name": "hilt3",
									"from": [ -0.96, 0.16, 0.08 ],
									"to": [ 0.0, 0.8, 0.88 ],
									"rotationOrigin": [ 0.0, 0.16, 0.48 ],
									"rotationZ": -35.0,
									"faces": {
										"north": { "texture": "#meteoriciron", "uv": [ 7.5, 11.5, 8.5, 12.0 ], "glow": 188, "autoUv": false, "windMode": [-1,-1,-1,-1] },
										"east": { "texture": "#null", "uv": [ 0.0, 0.0, 1.0, 0.5 ], "autoUv": false, "enabled": false },
										"south": { "texture": "#meteoriciron", "uv": [ 7.5, 11.0, 8.5, 11.5 ], "glow": 188, "autoUv": false, "windMode": [-1,-1,-1,-1] },
										"west": { "texture": "#null", "uv": [ 0.0, 0.0, 1.0, 0.5 ], "autoUv": false, "enabled": false },
										"up": { "texture": "#null", "uv": [ 0.0, 0.0, 1.0, 1.0 ], "autoUv": false, "enabled": false },
										"down": { "texture": "#meteoriciron", "uv": [ 7.5, 10.0, 8.5, 11.0 ], "glow": 188, "autoUv": false, "windMode": [-1,-1,-1,-1] }
									}
								},
								{
									"name": "guard1",
									"from": [ 0.4, 0.4, 0.0 ],
									"to": [ 0.8, 2.0, 0.96 ],
									"rotationOrigin": [ 0.4, 1.2, 0.48 ],
									"faces": {
										"north": { "texture": "#meteoriciron", "uv": [ 13.0, 10.5, 13.5, 12.5 ], "glow": 188, "autoUv": false },
										"east": { "texture": "#meteoriciron", "uv": [ 9.0, 13.0, 10.0, 15.0 ], "glow": 188, "autoUv": false, "windMode": [-1,-1,-1,-1] },
										"south": { "texture": "#meteoriciron", "uv": [ 5.0, 2.0, 5.5, 4.0 ], "glow": 188, "autoUv": false, "windMode": [-1,-1,-1,-1] },
										"west": { "texture": "#null", "uv": [ 0.0, 0.0, 1.0, 2.0 ], "autoUv": false, "enabled": false },
										"up": { "texture": "#meteoriciron", "uv": [ 0.0, 6.5, 0.5, 7.5 ], "glow": 188, "autoUv": false, "windMode": [-1,-1,-1,-1] },
										"down": { "texture": "#meteoriciron", "uv": [ 4.0, 14.5, 4.5, 15.5 ], "glow": 188, "autoUv": false, "windMode": [-1,-1,-1,-1] }
									},
									"children": [
										{
											"name": "guard2",
											"from": [ 0.0, 1.6, 0.08 ],
											"to": [ 0.56, 2.0, 0.88 ],
											"rotationOrigin": [ 0.0, 2.0, 0.48 ],
											"rotationZ": -45.0,
											"faces": {
												"north": { "texture": "#meteoriciron", "uv": [ 5.5, 7.5, 6.0, 8.0 ], "glow": 188, "autoUv": false },
												"east": { "texture": "#null", "uv": [ 0.0, 0.0, 1.0, 0.5 ], "autoUv": false, "enabled": false },
												"south": { "texture": "#meteoriciron", "uv": [ 7.0, 7.0, 7.5, 7.5 ], "glow": 188, "autoUv": false, "windMode": [-1,-1,-1,-1] },
												"west": { "texture": "#null", "uv": [ 0.0, 0.0, 1.0, 0.5 ], "autoUv": false, "enabled": false },
												"up": { "texture": "#meteoriciron", "uv": [ 12.5, 9.0, 13.0, 10.0 ], "glow": 188, "autoUv": false, "windMode": [-1,-1,-1,-1] },
												"down": { "texture": "#null", "uv": [ 0.0, 0.0, 0.5, 1.0 ], "autoUv": false, "enabled": false }
											}
										},
										{
											"name": "guard3",
											"from": [ 0.0, -0.4, 0.08 ],
											"to": [ 0.56, 0.0, 0.88 ],
											"rotationOrigin": [ 0.0, -0.4, 0.48 ],
											"rotationZ": 45.0,
											"faces": {
												"north": { "texture": "#meteoriciron", "uv": [ 3.5, 11.0, 4.0, 11.5 ], "glow": 188, "autoUv": false },
												"east": { "texture": "#null", "uv": [ 0.0, 0.0, 1.0, 0.5 ], "autoUv": false, "enabled": false },
												"south": { "texture": "#meteoriciron", "uv": [ 14.5, 1.5, 15.0, 2.0 ], "glow": 188, "autoUv": false, "windMode": [-1,-1,-1,-1] },
												"west": { "texture": "#null", "uv": [ 0.0, 0.0, 1.0, 0.5 ], "autoUv": false, "enabled": false },
												"up": { "texture": "#null", "uv": [ 0.0, 0.0, 0.5, 1.0 ], "autoUv": false, "enabled": false },
												"down": { "texture": "#meteoriciron", "uv": [ 1.0, 14.5, 1.5, 15.5 ], "glow": 188, "autoUv": false, "windMode": [-1,-1,-1,-1] }
											}
										},
										{
											"name": "bladeU1",
											"from": [ 0.4, 1.12, 0.36 ],
											"to": [ 5.2, 1.6, 0.52 ],
											"rotationOrigin": [ 0.4, 1.6, 0.44 ],
											"rotationZ": -3.0,
											"faces": {
												"north": { "texture": "#meteoriciron", "uv": [ 3.5, 13.0, 9.5, 13.5 ], "glow": 188, "autoUv": false },
												"east": { "texture": "#meteoriciron", "uv": [ 11.0, 12.5, 11.5, 13.0 ], "glow": 188, "autoUv": false, "windMode": [-1,-1,-1,-1] },
												"south": { "texture": "#meteoriciron", "uv": [ 4.0, 0.0, 10.0, 0.5 ], "glow": 188, "autoUv": false, "windMode": [-1,-1,-1,-1] },
												"west": { "texture": "#null", "uv": [ 0.0, 0.0, 0.5, 0.5 ], "autoUv": false, "enabled": false },
												"up": { "texture": "#meteoriciron", "uv": [ 6.5, 4.5, 12.5, 5.0 ], "glow": 188, "autoUv": false, "windMode": [-1,-1,-1,-1] },
												"down": { "texture": "#null", "uv": [ 0.0, 0.0, 6.0, 0.5 ], "autoUv": false, "enabled": false }
											},
											"children": [
												{
													"name": "blade2U",
													"from": [ 4.8, 0.0, 0.0 ],
													"to": [ 7.2, 0.48, 0.16 ],
													"rotationOrigin": [ 4.8, 0.48, 0.08 ],
													"rotationX": 1.0,
													"rotationZ": -4.0,
													"faces": {
														"north": { "texture": "#meteoriciron", "uv": [ 7.0, 4.5, 10.0, 5.0 ], "glow": 188, "autoUv": false },
														"east": { "texture": "#meteoriciron", "uv": [ 8.0, 11.0, 8.5, 11.5 ], "glow": 188, "autoUv": false, "windMode": [-1,-1,-1,-1] },
														"south": { "texture": "#meteoriciron", "uv": [ 10.0, 10.5, 13.0, 11.0 ], "glow": 188, "autoUv": false, "windMode": [-1,-1,-1,-1] },
														"west": { "texture": "#null", "uv": [ 0.0, 0.0, 0.5, 0.5 ], "autoUv": false, "enabled": false },
														"up": { "texture": "#meteoriciron", "uv": [ 1.0, 12.0, 4.0, 12.5 ], "glow": 188, "autoUv": false, "windMode": [-1,-1,-1,-1] },
														"down": { "texture": "#null", "uv": [ 0.0, 0.0, 3.0, 0.5 ], "autoUv": false, "enabled": false }
													}
												}
											]
										},
										{
											"name": "blade1D",
											"from": [ 0.4, 0.0, 0.36 ],
											"to": [ 5.2, 0.48, 0.52 ],
											"rotationOrigin": [ 0.4, 0.0, 0.44 ],
											"rotationZ": 3.0,
											"faces": {
												"north": { "texture": "#meteoriciron", "uv": [ 5.5, 5.5, 11.5, 6.0 ], "glow": 188, "autoUv": false },
												"east": { "texture": "#meteoriciron", "uv": [ 15.0, 12.0, 15.5, 12.5 ], "glow": 188, "autoUv": false, "windMode": [-1,-1,-1,-1] },
												"south": { "texture": "#meteoriciron", "uv": [ 6.0, 1.0, 12.0, 1.5 ], "glow": 188, "autoUv": false, "windMode": [-1,-1,-1,-1] },
												"west": { "texture": "#null", "uv": [ 0.0, 0.0, 0.5, 0.5 ], "autoUv": false, "enabled": false },
												"up": { "texture": "#null", "uv": [ 0.0, 0.0, 6.0, 0.5 ], "autoUv": false, "enabled": false },
												"down": { "texture": "#meteoriciron", "uv": [ 4.0, 10.0, 10.0, 10.5 ], "glow": 188, "autoUv": false, "windMode": [-1,-1,-1,-1] }
											},
											"children": [
												{
													"name": "blade2D",
													"from": [ 4.8, 0.0, 0.0 ],
													"to": [ 7.2, 0.48, 0.16 ],
													"rotationOrigin": [ 4.8, 0.0, 0.08 ],
													"rotationX": -1.0,
													"rotationZ": 4.0,
													"faces": {
														"north": { "texture": "#meteoriciron", "uv": [ 5.5, 3.5, 8.5, 4.0 ], "glow": 188, "autoUv": false },
														"east": { "texture": "#meteoriciron", "uv": [ 14.5, 6.5, 15.0, 7.0 ], "glow": 188, "autoUv": false, "windMode": [-1,-1,-1,-1] },
														"south": { "texture": "#meteoriciron", "uv": [ 2.5, 12.5, 5.5, 13.0 ], "glow": 188, "autoUv": false, "windMode": [-1,-1,-1,-1] },
														"west": { "texture": "#null", "uv": [ 0.0, 0.0, 0.5, 0.5 ], "autoUv": false, "enabled": false },
														"up": { "texture": "#null", "uv": [ 0.0, 0.0, 3.0, 0.5 ], "autoUv": false, "enabled": false },
														"down": { "texture": "#meteoriciron", "uv": [ 8.0, 14.0, 11.0, 14.5 ], "glow": 188, "autoUv": false, "windMode": [-1,-1,-1,-1] }
													}
												}
											]
										}
									]
								},
								{
									"name": "fuller",
									"from": [ 0.8, 1.04, 0.24 ],
									"to": [ 7.6, 1.36, 0.64 ],
									"rotationOrigin": [ 0.8, 1.2, 0.48 ],
									"faces": {
										"north": { "texture": "#meteoriciron", "uv": [ 3.5, 2.0, 12.0, 2.5 ], "glow": 188, "autoUv": false },
										"east": { "texture": "#meteoriciron", "uv": [ 3.5, 14.0, 4.0, 14.5 ], "glow": 188, "autoUv": false, "windMode": [-1,-1,-1,-1] },
										"south": { "texture": "#meteoriciron", "uv": [ 1.5, 14.5, 10.0, 15.0 ], "glow": 188, "autoUv": false, "windMode": [-1,-1,-1,-1] },
										"west": { "texture": "#null", "uv": [ 0.0, 0.0, 0.5, 0.5 ], "autoUv": false, "enabled": false },
										"up": { "texture": "#meteoriciron", "uv": [ 3.0, 8.5, 11.5, 9.0 ], "glow": 188, "autoUv": false, "windMode": [-1,-1,-1,-1] },
										"down": { "texture": "#meteoriciron", "uv": [ 3.0, 14.5, 11.5, 15.0 ], "glow": 188, "autoUv": false, "windMode": [-1,-1,-1,-1] }
									},
									"children": [
										{
											"name": "bladetip",
											"from": [ 6.92, 0.2, 0.12 ],
											"to": [ 7.28, 0.56, 0.28 ],
											"rotationOrigin": [ 6.88, 0.16, 0.2 ],
											"rotationZ": -45.0,
											"faces": {
												"north": { "texture": "#meteoriciron", "uv": [ 2.0, 7.5, 2.5, 8.0 ], "glow": 188, "autoUv": false },
												"east": { "texture": "#meteoriciron", "uv": [ 4.5, 8.0, 5.0, 8.5 ], "glow": 188, "autoUv": false, "windMode": [-1,-1,-1,-1] },
												"south": { "texture": "#meteoriciron", "uv": [ 13.0, 4.5, 13.5, 5.0 ], "glow": 188, "autoUv": false, "windMode": [-1,-1,-1,-1] },
												"west": { "texture": "#meteoriciron", "uv": [ 4.5, 3.5, 5.0, 4.0 ], "glow": 188, "autoUv": false, "windMode": [-1,-1,-1,-1] },
												"up": { "texture": "#meteoriciron", "uv": [ 7.5, 10.0, 8.0, 10.5 ], "glow": 188, "autoUv": false, "windMode": [-1,-1,-1,-1] },
												"down": { "texture": "#meteoriciron", "uv": [ 2.0, 5.5, 2.5, 6.0 ], "glow": 188, "autoUv": false, "windMode": [-1,-1,-1,-1] }
											}
										},
										{
											"name": "blademid1",
											"from": [ 0.0, 0.32, 0.0 ],
											"to": [ 3.2, 0.56, 0.4 ],
											"rotationOrigin": [ 0.0, 0.32, 0.2 ],
											"faces": {
												"north": { "texture": "#meteoriciron", "uv": [ 9.5, 7.5, 13.5, 8.0 ], "glow": 188, "autoUv": false },
												"east": { "texture": "#meteoriciron", "uv": [ 6.5, 7.5, 7.0, 8.0 ], "glow": 188, "autoUv": false, "windMode": [-1,-1,-1,-1] },
												"south": { "texture": "#meteoriciron", "uv": [ 8.0, 13.5, 12.0, 14.0 ], "glow": 188, "autoUv": false, "windMode": [-1,-1,-1,-1] },
												"west": { "texture": "#null", "uv": [ 0.0, 0.0, 0.5, 0.5 ], "autoUv": false, "enabled": false },
												"up": { "texture": "#meteoriciron", "uv": [ 5.5, 5.0, 9.5, 5.5 ], "glow": 188, "autoUv": false, "windMode": [-1,-1,-1,-1] },
												"down": { "texture": "#null", "uv": [ 0.0, 0.0, 4.0, 0.5 ], "autoUv": false, "enabled": false }
											}
										},
										{
											"name": "blademid2",
											"from": [ 0.0, -0.24, 0.0 ],
											"to": [ 3.2, 0.0, 0.4 ],
											"rotationOrigin": [ 0.0, 0.0, 0.2 ],
											"faces": {
												"north": { "texture": "#meteoriciron", "uv": [ 7.0, 0.0, 11.0, 0.5 ], "glow": 188, "autoUv": false },
												"east": { "texture": "#meteoriciron", "uv": [ 6.0, 7.5, 6.5, 8.0 ], "glow": 188, "autoUv": false, "windMode": [-1,-1,-1,-1] },
												"south": { "texture": "#meteoriciron", "uv": [ 5.5, 6.5, 9.5, 7.0 ], "glow": 188, "autoUv": false, "windMode": [-1,-1,-1,-1] },
												"west": { "texture": "#null", "uv": [ 0.0, 0.0, 0.5, 0.5 ], "autoUv": false, "enabled": false },
												"up": { "texture": "#null", "uv": [ 0.0, 0.0, 4.0, 0.5 ], "autoUv": false, "enabled": false },
												"down": { "texture": "#meteoriciron", "uv": [ 1.5, 9.5, 5.5, 10.0 ], "glow": 188, "autoUv": false, "windMode": [-1,-1,-1,-1] }
											}
										}
									]
								}
							]
						}
					]
				},
				{
					"name": "sheath",
					"from": [ 0.9, -0.16, -0.44 ],
					"to": [ 7.7, 0.16, 0.36 ],
					"rotationOrigin": [ 0.9, 0.0, -0.2 ],
					"rotationX": 0.0,
					"rotationY": 1.0E-4,
					"rotationZ": 0.0,
					"faces": {
						"north": { "texture": "#plain", "uv": [ 3.5, 2.0, 12.0, 2.5 ], "autoUv": false },
						"east": { "texture": "#plain", "uv": [ 3.5, 14.0, 4.0, 14.5 ], "autoUv": false },
						"south": { "texture": "#plain", "uv": [ 1.5, 14.5, 10.0, 15.0 ], "autoUv": false },
						"west": { "texture": "#plain", "uv": [ 4.5, 2.0, 5.0, 2.5 ], "autoUv": false, "enabled": false },
						"up": { "texture": "#plain", "uv": [ 3.0, 8.5, 11.5, 9.0 ], "autoUv": false },
						"down": { "texture": "#plain", "uv": [ 3.0, 14.5, 11.5, 15.0 ], "autoUv": false }
					},
					"children": [
						{
							"name": "bladetip2",
							"from": [ 6.92, 0.2, 0.12 ],
							"to": [ 7.28, 0.56, 0.68 ],
							"rotationOrigin": [ 6.88, 0.16, 0.2 ],
							"rotationZ": -45.0,
							"faces": {
								"north": { "texture": "#plain", "uv": [ 2.0, 7.5, 2.5, 8.0 ], "autoUv": false },
								"east": { "texture": "#plain", "uv": [ 4.5, 8.0, 5.0, 8.5 ], "autoUv": false },
								"south": { "texture": "#plain", "uv": [ 13.0, 4.5, 13.5, 5.0 ], "autoUv": false },
								"west": { "texture": "#plain", "uv": [ 4.5, 3.5, 5.0, 4.0 ], "autoUv": false },
								"up": { "texture": "#plain", "uv": [ 7.5, 10.0, 8.0, 10.5 ], "autoUv": false },
								"down": { "texture": "#plain", "uv": [ 2.0, 5.5, 2.5, 6.0 ], "autoUv": false }
							}
						},
						{
							"name": "blademid3",
							"from": [ 0.0, 0.32, 0.0 ],
							"to": [ 3.2, 0.56, 0.8 ],
							"rotationOrigin": [ 0.0, 0.32, 0.2 ],
							"faces": {
								"north": { "texture": "#plain", "uv": [ 9.5, 7.5, 13.5, 8.0 ], "autoUv": false },
								"east": { "texture": "#plain", "uv": [ 6.5, 7.5, 7.0, 8.0 ], "autoUv": false },
								"south": { "texture": "#plain", "uv": [ 8.0, 13.5, 12.0, 14.0 ], "autoUv": false },
								"west": { "texture": "#plain", "uv": [ 4.5, 3.0, 5.0, 3.5 ], "autoUv": false, "enabled": false },
								"up": { "texture": "#plain", "uv": [ 5.5, 5.0, 9.5, 5.5 ], "autoUv": false },
								"down": { "texture": "#plain", "uv": [ 4.5, 3.5, 8.5, 4.0 ], "autoUv": false, "enabled": false }
							}
						},
						{
							"name": "blademid4",
							"from": [ 0.0, -0.24, 0.0 ],
							"to": [ 3.2, 0.0, 0.8 ],
							"rotationOrigin": [ 0.0, 0.0, 0.2 ],
							"faces": {
								"north": { "texture": "#plain", "uv": [ 7.0, 0.0, 11.0, 0.5 ], "autoUv": false },
								"east": { "texture": "#plain", "uv": [ 6.0, 7.5, 6.5, 8.0 ], "autoUv": false },
								"south": { "texture": "#plain", "uv": [ 5.5, 6.5, 9.5, 7.0 ], "autoUv": false },
								"west": { "texture": "#plain", "uv": [ 7.0, 11.5, 7.5, 12.0 ], "autoUv": false, "enabled": false },
								"up": { "texture": "#plain", "uv": [ 11.5, 14.5, 15.5, 15.0 ], "autoUv": false, "enabled": false },
								"down": { "texture": "#plain", "uv": [ 1.5, 9.5, 5.5, 10.0 ], "autoUv": false }
							}
						},
						{
							"name": "bladeU2",
							"from": [ 0.0, 0.48, 0.12 ],
							"to": [ 4.8, 0.96, 0.68 ],
							"rotationOrigin": [ 0.0, 0.96, 0.2 ],
							"rotationZ": -3.0,
							"faces": {
								"north": { "texture": "#plain", "uv": [ 3.5, 13.0, 9.5, 13.5 ], "autoUv": false },
								"east": { "texture": "#plain", "uv": [ 11.0, 12.5, 11.5, 13.0 ], "autoUv": false },
								"south": { "texture": "#plain", "uv": [ 4.0, 0.0, 10.0, 0.5 ], "autoUv": false },
								"west": { "texture": "#plain", "uv": [ 14.0, 1.5, 14.5, 2.0 ], "autoUv": false, "enabled": false },
								"up": { "texture": "#plain", "uv": [ 6.5, 4.5, 12.5, 5.0 ], "autoUv": false },
								"down": { "texture": "#plain", "uv": [ 2.0, 9.5, 8.0, 10.0 ], "autoUv": false, "enabled": false }
							},
							"children": [
								{
									"name": "blade2U2",
									"from": [ 4.8, 0.0, 0.0 ],
									"to": [ 7.2, 0.48, 0.56 ],
									"rotationOrigin": [ 4.8, 0.48, 0.08 ],
									"rotationX": 1.0,
									"rotationZ": -4.0,
									"faces": {
										"north": { "texture": "#plain", "uv": [ 7.0, 4.5, 10.0, 5.0 ], "autoUv": false },
										"east": { "texture": "#plain", "uv": [ 8.0, 11.0, 8.5, 11.5 ], "autoUv": false },
										"south": { "texture": "#plain", "uv": [ 10.0, 10.5, 13.0, 11.0 ], "autoUv": false },
										"west": { "texture": "#plain", "uv": [ 14.0, 6.0, 14.5, 6.5 ], "autoUv": false, "enabled": false },
										"up": { "texture": "#plain", "uv": [ 1.0, 12.0, 4.0, 12.5 ], "autoUv": false },
										"down": { "texture": "#plain", "uv": [ 1.5, 1.5, 4.5, 2.0 ], "autoUv": false, "enabled": false }
									}
								}
							]
						},
						{
							"name": "blade1D2",
							"from": [ 0.0, -0.64, 0.12 ],
							"to": [ 4.8, -0.16, 0.68 ],
							"rotationOrigin": [ 0.0, -0.64, 0.2 ],
							"rotationZ": 3.0,
							"faces": {
								"north": { "texture": "#plain", "uv": [ 5.5, 5.5, 11.5, 6.0 ], "autoUv": false },
								"east": { "texture": "#plain", "uv": [ 15.0, 12.0, 15.5, 12.5 ], "autoUv": false },
								"south": { "texture": "#plain", "uv": [ 6.0, 1.0, 12.0, 1.5 ], "autoUv": false },
								"west": { "texture": "#plain", "uv": [ 1.5, 2.5, 2.0, 3.0 ], "autoUv": false, "enabled": false },
								"up": { "texture": "#plain", "uv": [ 3.5, 15.0, 9.5, 15.5 ], "autoUv": false, "enabled": false },
								"down": { "texture": "#plain", "uv": [ 4.0, 10.0, 10.0, 10.5 ], "autoUv": false }
							},
							"children": [
								{
									"name": "blade2D2",
									"from": [ 4.8, 0.0, 0.0 ],
									"to": [ 7.2, 0.48, 0.56 ],
									"rotationOrigin": [ 4.8, 0.0, 0.08 ],
									"rotationX": -1.0,
									"rotationZ": 4.0,
									"faces": {
										"north": { "texture": "#plain", "uv": [ 5.5, 3.5, 8.5, 4.0 ], "autoUv": false },
										"east": { "texture": "#plain", "uv": [ 14.5, 6.5, 15.0, 7.0 ], "autoUv": false },
										"south": { "texture": "#plain", "uv": [ 2.5, 12.5, 5.5, 13.0 ], "autoUv": false },
										"west": { "texture": "#plain", "uv": [ 6.0, 6.5, 6.5, 7.0 ], "autoUv": false, "enabled": false },
										"up": { "texture": "#plain", "uv": [ 8.0, 5.0, 11.0, 5.5 ], "autoUv": false, "enabled": false },
										"down": { "texture": "#plain", "uv": [ 8.0, 14.0, 11.0, 14.5 ], "autoUv": false }
									}
								}
							]
						},
						{
							"name": "strap",
							"from": [ 0.7, -2.0, 1.1 ],
							"to": [ 1.3, 0.0, 1.2 ],
							"rotationOrigin": [ 0.7, -2.0, 1.1 ],
							"rotationX": -14.0,
							"rotationZ": 12.0,
							"faces": {
								"north": { "texture": "#plain", "uv": [ 0.0, 0.0, 0.5, 2.0 ] },
								"east": { "texture": "#plain", "uv": [ 0.0, 0.0, 0.5, 2.0 ] },
								"south": { "texture": "#plain", "uv": [ 0.0, 0.0, 0.5, 2.0 ] },
								"west": { "texture": "#plain", "uv": [ 0.0, 0.0, 0.5, 2.0 ] },
								"up": { "texture": "#plain", "uv": [ 0.0, 0.0, 0.5, 0.5 ] },
								"down": { "texture": "#plain", "uv": [ 0.0, 0.0, 0.5, 0.5 ] }
							}
						}
					]
				}
			]
		}
	]}