{
	"editor": {
		"backDropShape": "entity/animal/mammal/hooved/deer/elk/female",
		"collapsedPaths": "Root/ORIGINbridle,Root/Cube2,Root/SaddleBackN,Root/SaddleFrontN",
		"allAngles": false,
		"entityTextureMode": false
	},
	"textureWidth": 16,
	"textureHeight": 16,
	"textureSizes": {
		"green": [16,16],
		"plain": [16,16],
		"birch": [16,16],
		"bismuthbronze": [16,16],
		"debarked/oak": [16,16],
		"metal": [16,16],
		"wood": [16,16]
	},
	"textures": {
		"plain": "game:block/leather/plain",
		"iron": "game:block/metal/ingot/iron",
		"debarked/oak": "game:block/wood/debarked/pine"
	},
	"elements": [
		{
			"name": "Attachment Strap",
			"stepParentName": "LeftFrontStorage",
			"from": [ 3.5, 3.0, 1.58 ],
			"to": [ 4.75, 6.5, 2.07 ],
			"rotationOrigin": [ 3.5, 3.0, 1.45 ],
			"rotationX": 1.0,
			"rotationY": 180.0,
			"faces": {
				"north": { "texture": "#plain", "uv": [ 0.0, 0.0, 0.5, 1.0 ], "autoUv": false },
				"east": { "texture": "#plain", "uv": [ 0.0, 0.0, 0.5, 1.0 ], "autoUv": false },
				"south": { "texture": "#plain", "uv": [ 0.0, 0.0, 0.5, 1.0 ], "autoUv": false },
				"west": { "texture": "#plain", "uv": [ 0.0, 0.0, 0.5, 1.0 ], "autoUv": false },
				"up": { "texture": "#plain", "uv": [ 0.0, 0.0, 0.5, 0.5 ], "autoUv": false },
				"down": { "texture": "#plain", "uv": [ 0.0, 0.0, 0.5, 0.5 ], "autoUv": false }
			},
			"children": [
				{
					"name": "Eyelet",
					"from": [ -0.375, 0.0085, -0.1298 ],
					"to": [ 1.625, 0.5085, 0.4952 ],
					"rotationOrigin": [ -0.25, 0.0085, -0.1298 ],
					"rotationX": -4.0,
					"faces": {
						"north": { "texture": "#plain", "uv": [ 0.0, 0.0, 0.5, 0.5 ], "autoUv": false },
						"east": { "texture": "#plain", "uv": [ 0.0, 0.0, 0.5, 0.5 ], "autoUv": false },
						"south": { "texture": "#plain", "uv": [ 0.0, 0.0, 0.5, 0.5 ], "autoUv": false },
						"west": { "texture": "#plain", "uv": [ 0.0, 0.0, 0.5, 0.5 ], "autoUv": false },
						"up": { "texture": "#plain", "uv": [ 0.0, 0.0, 0.5, 0.5 ], "autoUv": false },
						"down": { "texture": "#plain", "uv": [ 0.0, 0.0, 0.5, 0.5 ], "autoUv": false }
					},
					"children": [
						{
							"name": "Eyelet 2",
							"from": [ 0.0, 0.0, -1.42 ],
							"to": [ 2.0, 0.5, -1.295 ],
							"rotationOrigin": [ 0.0, 0.0, -1.3 ],
							"faces": {
								"north": { "texture": "#plain", "uv": [ 0.0, 0.0, 0.5, 0.5 ], "autoUv": false },
								"east": { "texture": "#plain", "uv": [ 0.0, 0.0, 0.5, 0.5 ], "autoUv": false },
								"south": { "texture": "#plain", "uv": [ 0.0, 0.0, 0.5, 0.5 ], "autoUv": false },
								"west": { "texture": "#plain", "uv": [ 0.0, 0.0, 0.5, 0.5 ], "autoUv": false },
								"up": { "texture": "#plain", "uv": [ 0.0, 0.0, 0.5, 0.5 ], "autoUv": false },
								"down": { "texture": "#plain", "uv": [ 0.0, 0.0, 0.5, 0.5 ], "autoUv": false }
							}
						},
						{
							"name": "Eyelet 3",
							"from": [ 1.75, 0.5, -1.4 ],
							"to": [ 2.0, 1.9, -0.875 ],
							"rotationOrigin": [ 1.75, 0.5, -1.4 ],
							"rotationX": 90.0,
							"faces": {
								"north": { "texture": "#plain", "uv": [ 0.0, 0.0, 0.5, 0.5 ], "autoUv": false },
								"east": { "texture": "#plain", "uv": [ 0.0, 0.0, 0.5, 0.5 ], "autoUv": false },
								"south": { "texture": "#plain", "uv": [ 0.0, 0.0, 0.5, 0.5 ], "autoUv": false },
								"west": { "texture": "#plain", "uv": [ 0.0, 0.0, 0.5, 0.5 ], "autoUv": false },
								"up": { "texture": "#plain", "uv": [ 0.0, 0.0, 0.5, 0.5 ], "autoUv": false },
								"down": { "texture": "#plain", "uv": [ 0.0, 0.0, 0.5, 0.5 ], "autoUv": false }
							}
						},
						{
							"name": "Eyelet 4",
							"from": [ 0.0, 0.5, -1.4 ],
							"to": [ 0.25, 1.9, -0.875 ],
							"rotationOrigin": [ 0.05, 0.5, -1.4 ],
							"rotationX": 90.0,
							"faces": {
								"north": { "texture": "#plain", "uv": [ 0.0, 0.0, 0.5, 0.5 ], "autoUv": false },
								"east": { "texture": "#plain", "uv": [ 0.0, 0.0, 0.5, 0.5 ], "autoUv": false },
								"south": { "texture": "#plain", "uv": [ 0.0, 0.0, 0.5, 0.5 ], "autoUv": false },
								"west": { "texture": "#plain", "uv": [ 0.0, 0.0, 0.5, 0.5 ], "autoUv": false },
								"up": { "texture": "#plain", "uv": [ 0.0, 0.0, 0.5, 0.5 ], "autoUv": false },
								"down": { "texture": "#plain", "uv": [ 0.0, 0.0, 0.5, 0.5 ], "autoUv": false }
							}
						}
					]
				}
			]
		},
		{
			"name": "origin",
			"stepParentName": "LeftFrontStorage",
			"from": [ 2.9, 0.0, 1.2 ],
			"to": [ 2.9, 0.0, 1.2 ],
			"rotationOrigin": [ 2.9, 0.0, 1.2 ],
			"rotationX": 90.0,
			"rotationY": 90.0,
			"rotationZ": 4.0,
			"faces": {
				"north": { "texture": "#null", "uv": [ 0.0, 0.0, 0.5, 0.5 ], "autoUv": false, "enabled": false },
				"east": { "texture": "#null", "uv": [ 0.0, 0.0, 0.5, 0.5 ], "autoUv": false, "enabled": false },
				"south": { "texture": "#null", "uv": [ 0.0, 0.0, 0.5, 0.5 ], "autoUv": false, "enabled": false },
				"west": { "texture": "#null", "uv": [ 0.0, 0.0, 0.5, 0.5 ], "autoUv": false, "enabled": false },
				"up": { "texture": "#null", "uv": [ 0.0, 0.0, 0.5, 0.5 ], "autoUv": false, "enabled": false },
				"down": { "texture": "#null", "uv": [ 0.0, 0.0, 0.5, 0.5 ], "autoUv": false, "enabled": false }
			},
			"children": [
				{
					"name": "Handle1",
					"from": [ -6.4, 0.0, -0.6 ],
					"to": [ 6.4, 1.2, 0.6 ],
					"rotationOrigin": [ -1.6, 0.0, 0.0 ],
					"rotationY": -180.0,
					"faces": {
						"north": { "texture": "#debarked/oak", "uv": [ 0.0, 1.5, 16.0, 3.0 ], "autoUv": false },
						"east": { "texture": "#debarked/oak", "uv": [ 9.0, 10.5, 10.5, 12.0 ], "autoUv": false },
						"south": { "texture": "#debarked/oak", "uv": [ 0.0, 9.5, 16.0, 11.0 ], "autoUv": false },
						"west": { "texture": "#null", "uv": [ 0.0, 0.0, 1.5, 1.5 ], "autoUv": false, "enabled": false },
						"up": { "texture": "#debarked/oak", "uv": [ 0.0, 1.5, 16.0, 3.0 ], "autoUv": false },
						"down": { "texture": "#debarked/oak", "uv": [ 0.0, 8.0, 16.0, 9.5 ], "autoUv": false }
					},
					"children": [
						{
							"name": "Handle2",
							"from": [ -3.2, 0.0, 0.0 ],
							"to": [ 0.0, 1.2, 1.2 ],
							"rotationOrigin": [ -3.2, 0.0, 0.0 ],
							"faces": {
								"north": { "texture": "#debarked/oak", "uv": [ 2.5, 11.0, 6.5, 12.5 ], "autoUv": false },
								"east": { "texture": "#null", "uv": [ 0.0, 0.0, 1.5, 1.5 ], "autoUv": false, "enabled": false },
								"south": { "texture": "#debarked/oak", "uv": [ 7.5, 1.0, 11.5, 2.5 ], "autoUv": false },
								"west": { "texture": "#debarked/oak", "uv": [ 10.5, 6.5, 12.0, 8.0 ], "autoUv": false },
								"up": { "texture": "#debarked/oak", "uv": [ 0.0, 13.5, 4.0, 15.0 ], "autoUv": false },
								"down": { "texture": "#debarked/oak", "uv": [ 11.5, 12.5, 15.5, 14.0 ], "autoUv": false }
							}
						},
						{
							"name": "socket",
							"from": [ -2.8, -0.16, -0.16 ],
							"to": [ -0.4, 1.36, 1.36 ],
							"rotationOrigin": [ -2.8, 0.64, 0.64 ],
							"faces": {
								"north": { "texture": "#iron", "uv": [ 12.0, 14.0, 15.0, 15.5 ], "glow": 188, "autoUv": false },
								"east": { "texture": "#iron", "uv": [ 11.5, 10.0, 13.0, 11.5 ], "glow": 188, "autoUv": false, "windMode": [-1,-1,-1,-1] },
								"south": { "texture": "#iron", "uv": [ 12.5, 11.0, 15.5, 12.5 ], "glow": 188, "autoUv": false, "windMode": [-1,-1,-1,-1] },
								"west": { "texture": "#iron", "uv": [ 7.5, 9.5, 9.0, 11.0 ], "glow": 188, "autoUv": false, "windMode": [-1,-1,-1,-1] },
								"up": { "texture": "#iron", "uv": [ 7.0, 13.5, 10.0, 15.0 ], "glow": 188, "autoUv": false, "windMode": [-1,-1,-1,-1] },
								"down": { "texture": "#iron", "uv": [ 11.0, 8.5, 14.0, 10.0 ], "glow": 188, "autoUv": false, "windMode": [-1,-1,-1,-1] }
							},
							"children": [
								{
									"name": "bladeneck",
									"from": [ 0.16, 0.56, 1.52 ],
									"to": [ 2.16, 0.96, 2.72 ],
									"rotationOrigin": [ 0.16, 0.8, 1.52 ],
									"faces": {
										"north": { "texture": "#null", "uv": [ 0.0, 0.0, 2.5, 0.5 ], "autoUv": false, "enabled": false },
										"east": { "texture": "#iron", "uv": [ 10.0, 5.5, 11.5, 6.0 ], "glow": 188, "autoUv": false, "windMode": [-1,-1,-1,-1] },
										"south": { "texture": "#iron", "uv": [ 0.5, 4.0, 3.0, 4.5 ], "glow": 188, "autoUv": false, "windMode": [-1,-1,-1,-1] },
										"west": { "texture": "#iron", "uv": [ 13.0, 1.0, 14.5, 1.5 ], "glow": 188, "autoUv": false, "windMode": [-1,-1,-1,-1] },
										"up": { "texture": "#iron", "uv": [ 5.0, 2.0, 7.5, 3.5 ], "glow": 188, "autoUv": false, "windMode": [-1,-1,-1,-1] },
										"down": { "texture": "#iron", "uv": [ 2.0, 13.0, 4.5, 14.5 ], "glow": 188, "autoUv": false, "windMode": [-1,-1,-1,-1] }
									},
									"children": [
										{
											"name": "blademid",
											"from": [ -0.4, 0.16, 1.2 ],
											"to": [ 2.8, 0.32, 2.8 ],
											"rotationOrigin": [ 0.0, 0.24, 1.2 ],
											"faces": {
												"north": { "texture": "#iron", "uv": [ 11.5, 5.0, 15.5, 5.5 ], "glow": 188, "autoUv": false },
												"east": { "texture": "#iron", "uv": [ 2.5, 14.5, 4.5, 15.0 ], "glow": 188, "autoUv": false, "windMode": [-1,-1,-1,-1] },
												"south": { "texture": "#iron", "uv": [ 4.0, 5.5, 8.0, 6.0 ], "glow": 188, "autoUv": false, "windMode": [-1,-1,-1,-1] },
												"west": { "texture": "#iron", "uv": [ 13.5, 1.5, 15.5, 2.0 ], "glow": 188, "autoUv": false, "windMode": [-1,-1,-1,-1] },
												"up": { "texture": "#iron", "uv": [ 11.0, 6.0, 15.0, 8.0 ], "glow": 188, "autoUv": false, "windMode": [-1,-1,-1,-1] },
												"down": { "texture": "#iron", "uv": [ 9.0, 11.0, 13.0, 13.0 ], "glow": 188, "autoUv": false, "windMode": [-1,-1,-1,-1] }
											},
											"children": [
												{
													"name": "bladehorn1",
													"from": [ -0.4, 0.0, 0.0 ],
													"to": [ 0.0, 0.16, 1.6 ],
													"rotationOrigin": [ 0.0, 0.08, 1.6 ],
													"rotationY": -14.0,
													"rotationZ": 1.0,
													"faces": {
														"north": { "texture": "#iron", "uv": [ 14.0, 1.5, 14.5, 2.0 ], "glow": 188, "autoUv": false },
														"east": { "texture": "#null", "uv": [ 0.0, 0.0, 2.0, 0.5 ], "autoUv": false, "enabled": false },
														"south": { "texture": "#iron", "uv": [ 0.5, 0.5, 1.0, 1.0 ], "glow": 188, "autoUv": false, "windMode": [-1,-1,-1,-1] },
														"west": { "texture": "#iron", "uv": [ 9.0, 4.5, 11.0, 5.0 ], "glow": 188, "autoUv": false, "windMode": [-1,-1,-1,-1] },
														"up": { "texture": "#iron", "uv": [ 14.5, 7.5, 15.0, 9.5 ], "glow": 188, "autoUv": false, "windMode": [-1,-1,-1,-1] },
														"down": { "texture": "#iron", "uv": [ 0.5, 13.0, 1.0, 15.0 ], "glow": 188, "autoUv": false, "windMode": [-1,-1,-1,-1] }
													},
													"children": [
														{
															"name": "bladehorn2",
															"from": [ -0.4, 0.0, 0.8 ],
															"to": [ 0.0, 0.16, 1.6 ],
															"rotationOrigin": [ 0.0, 0.08, 1.6 ],
															"rotationY": -27.0,
															"rotationZ": 1.0,
															"faces": {
																"north": { "texture": "#null", "uv": [ 0.0, 0.0, 0.5, 0.5 ], "autoUv": false, "enabled": false },
																"east": { "texture": "#null", "uv": [ 0.0, 0.0, 1.0, 0.5 ], "autoUv": false, "enabled": false },
																"south": { "texture": "#iron", "uv": [ 7.0, 2.0, 7.5, 2.5 ], "glow": 188, "autoUv": false, "windMode": [-1,-1,-1,-1] },
																"west": { "texture": "#iron", "uv": [ 3.0, 12.0, 4.0, 12.5 ], "glow": 188, "autoUv": false, "windMode": [-1,-1,-1,-1] },
																"up": { "texture": "#iron", "uv": [ 11.0, 8.5, 11.5, 9.5 ], "glow": 188, "autoUv": false, "windMode": [-1,-1,-1,-1] },
																"down": { "texture": "#iron", "uv": [ 14.5, 9.0, 15.0, 10.0 ], "glow": 188, "autoUv": false, "windMode": [-1,-1,-1,-1] }
															}
														}
													]
												},
												{
													"name": "bladebeard1",
													"from": [ 3.2, 0.0, 0.0 ],
													"to": [ 4.4, 0.16, 1.6 ],
													"rotationOrigin": [ 3.2, 0.08, 1.6 ],
													"rotationY": 10.0,
													"rotationZ": 1.0,
													"faces": {
														"north": { "texture": "#iron", "uv": [ 8.0, 3.5, 9.5, 4.0 ], "glow": 188, "autoUv": false },
														"east": { "texture": "#iron", "uv": [ 4.5, 7.5, 6.5, 8.0 ], "glow": 188, "autoUv": false, "windMode": [-1,-1,-1,-1] },
														"south": { "texture": "#iron", "uv": [ 10.0, 4.0, 11.5, 4.5 ], "glow": 188, "autoUv": false, "windMode": [-1,-1,-1,-1] },
														"west": { "texture": "#null", "uv": [ 0.0, 0.0, 2.0, 0.5 ], "autoUv": false, "enabled": false },
														"up": { "texture": "#iron", "uv": [ 6.0, 7.0, 7.5, 9.0 ], "glow": 188, "autoUv": false, "windMode": [-1,-1,-1,-1] },
														"down": { "texture": "#iron", "uv": [ 5.5, 12.0, 7.0, 14.0 ], "glow": 188, "autoUv": false, "windMode": [-1,-1,-1,-1] }
													},
													"children": [
														{
															"name": "bladebeard2",
															"from": [ 1.2, 0.0, 0.4 ],
															"to": [ 2.4, 0.16, 1.6 ],
															"rotationOrigin": [ 1.2, 0.08, 1.6 ],
															"rotationY": 10.0,
															"rotationZ": -1.0,
															"faces": {
																"north": { "texture": "#iron", "uv": [ 5.5, 0.0, 7.0, 0.5 ], "glow": 188, "autoUv": false },
																"east": { "texture": "#iron", "uv": [ 5.5, 1.5, 7.0, 2.0 ], "glow": 188, "autoUv": false, "windMode": [-1,-1,-1,-1] },
																"south": { "texture": "#iron", "uv": [ 7.5, 11.5, 9.0, 12.0 ], "glow": 188, "autoUv": false, "windMode": [-1,-1,-1,-1] },
																"west": { "texture": "#null", "uv": [ 0.0, 0.0, 1.5, 0.5 ], "autoUv": false, "enabled": false },
																"up": { "texture": "#iron", "uv": [ 1.0, 7.0, 2.5, 8.5 ], "glow": 188, "autoUv": false, "windMode": [-1,-1,-1,-1] },
																"down": { "texture": "#iron", "uv": [ 12.5, 12.5, 14.0, 14.0 ], "glow": 188, "autoUv": false, "windMode": [-1,-1,-1,-1] }
															},
															"children": [
																{
																	"name": "bladebeard3",
																	"from": [ 1.2, 0.0, 0.4 ],
																	"to": [ 2.4, 0.16, 1.2 ],
																	"rotationOrigin": [ 1.2, 0.08, 1.2 ],
																	"faces": {
																		"north": { "texture": "#iron", "uv": [ 5.5, 4.5, 7.0, 5.0 ], "glow": 188, "autoUv": false },
																		"east": { "texture": "#iron", "uv": [ 5.0, 1.0, 6.0, 1.5 ], "glow": 188, "autoUv": false, "windMode": [-1,-1,-1,-1] },
																		"south": { "texture": "#iron", "uv": [ 7.0, 10.5, 8.5, 11.0 ], "glow": 188, "autoUv": false, "windMode": [-1,-1,-1,-1] },
																		"west": { "texture": "#null", "uv": [ 0.0, 0.0, 1.0, 0.5 ], "autoUv": false, "enabled": false },
																		"up": { "texture": "#iron", "uv": [ 9.0, 2.5, 10.5, 3.5 ], "glow": 188, "autoUv": false, "windMode": [-1,-1,-1,-1] },
																		"down": { "texture": "#iron", "uv": [ 6.0, 8.0, 7.5, 9.0 ], "glow": 188, "autoUv": false, "windMode": [-1,-1,-1,-1] }
																	}
																}
															]
														}
													]
												}
											]
										}
									]
								}
							]
						}
					]
				}
			]
		}
	]}