{
	"editor": {
		"backDropShape": "entity/animal/mammal/hooved/deer/elk/female",
		"collapsedPaths": "Root/ORIGINbridle,Root/origin/origin,Root/Cube2,Root/SaddleBackN,Root/SaddleFrontN",
		"allAngles": false,
		"entityTextureMode": false
	},
	"textureWidth": 16,
	"textureHeight": 16,
	"textureSizes": {
		"green": [16,16],
		"plain": [16,16],
		"birch": [16,16],
		"bismuthbronze": [16,16],
		"debarked/oak": [16,16],
		"metal": [16,16],
		"wood": [16,16],
		"blackbronze": [16,16],
		"iron": [16,16],
		"handle": [16,16]
	},
	"textures": {
		"plain": "game:block/leather/plain",
		"blackbronze": "game:block/metal/ingot/iron",
		"handle": "game:block/wood/debarked/oak"
	},
	"elements": [
		{
			"name": "origin",
			"stepParentName": "LeftFrontStorage",
			"from": [ 2.7, 4.8, 1.4 ],
			"to": [ 2.7, 4.8, 1.4 ],
			"rotationOrigin": [ 2.7, 4.8, 1.4 ],
			"rotationX": -2.0,
			"faces": {
				"north": { "texture": "#plain", "uv": [ 0.0, 0.0, 0.5, 0.5 ] },
				"east": { "texture": "#plain", "uv": [ 0.0, 0.0, 0.5, 0.5 ] },
				"south": { "texture": "#plain", "uv": [ 0.0, 0.0, 0.5, 0.5 ] },
				"west": { "texture": "#plain", "uv": [ 0.0, 0.0, 0.5, 0.5 ] },
				"up": { "texture": "#plain", "uv": [ 0.0, 0.0, 0.5, 0.5 ] },
				"down": { "texture": "#plain", "uv": [ 0.0, 0.0, 0.5, 0.5 ] }
			},
			"children": [
				{
					"name": "Attachment Strap",
					"from": [ 0.0, 0.0, 0.0 ],
					"to": [ 1.125, 1.9, 0.2 ],
					"rotationOrigin": [ 0.0, 0.0, 0.0 ],
					"rotationX": -22.0,
					"faces": {
						"north": { "texture": "#plain", "uv": [ 0.0, 0.0, 0.5, 1.0 ], "autoUv": false },
						"east": { "texture": "#plain", "uv": [ 0.0, 0.0, 0.5, 1.0 ], "autoUv": false },
						"south": { "texture": "#plain", "uv": [ 0.0, 0.0, 0.5, 1.0 ], "autoUv": false },
						"west": { "texture": "#plain", "uv": [ 0.0, 0.0, 0.5, 1.0 ], "autoUv": false },
						"up": { "texture": "#plain", "uv": [ 0.0, 0.0, 0.5, 0.5 ], "autoUv": false },
						"down": { "texture": "#plain", "uv": [ 0.0, 0.0, 0.5, 0.5 ], "autoUv": false }
					}
				},
				{
					"name": "Eyelet",
					"from": [ 1.4, 0.0, 0.1 ],
					"to": [ 3.2, 0.45, 0.2625 ],
					"rotationOrigin": [ 1.4, 0.0, 0.1 ],
					"rotationX": 6.0,
					"rotationY": -180.0,
					"faces": {
						"north": { "texture": "#plain", "uv": [ 0.0, 0.0, 0.5, 0.5 ], "autoUv": false },
						"east": { "texture": "#plain", "uv": [ 0.0, 0.0, 0.5, 0.5 ], "autoUv": false },
						"south": { "texture": "#plain", "uv": [ 0.0, 0.0, 0.5, 0.5 ], "autoUv": false },
						"west": { "texture": "#plain", "uv": [ 0.0, 0.0, 0.5, 0.5 ], "autoUv": false },
						"up": { "texture": "#plain", "uv": [ 0.0, 0.0, 0.5, 0.5 ], "autoUv": false },
						"down": { "texture": "#plain", "uv": [ 0.0, 0.0, 0.5, 0.5 ], "autoUv": false }
					},
					"children": [
						{
							"name": "Eyelet 2",
							"from": [ 0.0, 0.0, -1.67 ],
							"to": [ 1.8, 0.46, -1.5575 ],
							"rotationOrigin": [ 0.0, 0.0, -1.57 ],
							"faces": {
								"north": { "texture": "#plain", "uv": [ 0.0, 0.0, 0.5, 0.5 ], "autoUv": false },
								"east": { "texture": "#plain", "uv": [ 0.0, 0.0, 0.5, 0.5 ], "autoUv": false },
								"south": { "texture": "#plain", "uv": [ 0.0, 0.0, 0.5, 0.5 ], "autoUv": false },
								"west": { "texture": "#plain", "uv": [ 0.0, 0.0, 0.5, 0.5 ], "autoUv": false },
								"up": { "texture": "#plain", "uv": [ 0.0, 0.0, 0.5, 0.5 ], "autoUv": false },
								"down": { "texture": "#plain", "uv": [ 0.0, 0.0, 0.5, 0.5 ], "autoUv": false }
							}
						},
						{
							"name": "Eyelet 3",
							"from": [ 1.575, 0.45, -1.66 ],
							"to": [ 1.8, 2.21, -1.1875 ],
							"rotationOrigin": [ 1.575, 0.45, -1.66 ],
							"rotationX": 90.0,
							"faces": {
								"north": { "texture": "#plain", "uv": [ 0.0, 0.0, 0.5, 0.5 ], "autoUv": false },
								"east": { "texture": "#plain", "uv": [ 0.0, 0.0, 0.5, 0.5 ], "autoUv": false },
								"south": { "texture": "#plain", "uv": [ 0.0, 0.0, 0.5, 0.5 ], "autoUv": false },
								"west": { "texture": "#plain", "uv": [ 0.0, 0.0, 0.5, 0.5 ], "autoUv": false },
								"up": { "texture": "#plain", "uv": [ 0.0, 0.0, 0.5, 0.5 ], "autoUv": false },
								"down": { "texture": "#plain", "uv": [ 0.0, 0.0, 0.5, 0.5 ], "autoUv": false }
							}
						},
						{
							"name": "Eyelet 4",
							"from": [ 0.0, 0.45, -1.66 ],
							"to": [ 0.225, 2.21, -1.2 ],
							"rotationOrigin": [ 0.045, 0.45, -1.66 ],
							"rotationX": 90.0,
							"faces": {
								"north": { "texture": "#plain", "uv": [ 0.0, 0.0, 0.5, 0.5 ], "autoUv": false },
								"east": { "texture": "#plain", "uv": [ 0.0, 0.0, 0.5, 0.5 ], "autoUv": false },
								"south": { "texture": "#plain", "uv": [ 0.0, 0.0, 0.5, 0.5 ], "autoUv": false },
								"west": { "texture": "#plain", "uv": [ 0.0, 0.0, 0.5, 0.5 ], "autoUv": false },
								"up": { "texture": "#plain", "uv": [ 0.0, 0.0, 0.5, 0.5 ], "autoUv": false },
								"down": { "texture": "#plain", "uv": [ 0.0, 0.0, 0.5, 0.5 ], "autoUv": false }
							}
						}
					]
				},
				{
					"name": "origin",
					"from": [ 0.5, -5.4, 0.3 ],
					"to": [ 0.5, -5.4, 0.3 ],
					"rotationOrigin": [ 0.5, -5.4, 0.3 ],
					"rotationX": 96.0,
					"rotationY": 90.0,
					"faces": {
						"north": { "texture": "#null", "uv": [ 7.0, 10.0, 7.5, 10.5 ], "autoUv": false, "enabled": false },
						"east": { "texture": "#null", "uv": [ 15.0, 6.5, 15.5, 7.0 ], "autoUv": false, "enabled": false },
						"south": { "texture": "#null", "uv": [ 5.5, 2.5, 6.0, 3.0 ], "autoUv": false, "enabled": false },
						"west": { "texture": "#null", "uv": [ 4.5, 10.5, 5.0, 11.0 ], "autoUv": false, "enabled": false },
						"up": { "texture": "#null", "uv": [ 14.0, 0.0, 14.5, 0.5 ], "autoUv": false, "enabled": false },
						"down": { "texture": "#null", "uv": [ 7.5, 0.0, 8.0, 0.5 ], "autoUv": false, "enabled": false }
					},
					"children": [
						{
							"name": "handle",
							"from": [ -6.4, -0.6, -0.6 ],
							"to": [ 6.4, 0.6, 0.6 ],
							"faces": {
								"north": { "texture": "#handle", "uv": [ 0.0, 10.0, 16.0, 11.5 ], "autoUv": false },
								"east": { "texture": "#handle", "uv": [ 10.5, 9.0, 12.0, 10.5 ], "autoUv": false, "enabled": false },
								"south": { "texture": "#handle", "uv": [ 0.0, 2.5, 16.0, 4.0 ], "autoUv": false },
								"west": { "texture": "#handle", "uv": [ 8.0, 5.5, 9.5, 7.0 ], "autoUv": false },
								"up": { "texture": "#handle", "uv": [ 0.0, 9.5, 16.0, 11.0 ], "autoUv": false },
								"down": { "texture": "#handle", "uv": [ 0.0, 10.5, 16.0, 12.0 ], "autoUv": false }
							},
							"children": [
								{
									"name": "socket",
									"from": [ 12.8, -0.16, -0.16 ],
									"to": [ 13.6, 1.36, 1.36 ],
									"rotationOrigin": [ 12.8, 0.6, 0.6 ],
									"faces": {
										"north": { "texture": "#blackbronze", "uv": [ 9.5, 11.0, 10.5, 12.5 ], "autoUv": false },
										"east": { "texture": "#blackbronze", "uv": [ 11.5, 7.5, 13.0, 9.0 ], "autoUv": false, "enabled": false },
										"south": { "texture": "#blackbronze", "uv": [ 3.0, 5.5, 4.0, 7.0 ], "autoUv": false },
										"west": { "texture": "#blackbronze", "uv": [ 9.0, 5.5, 10.5, 7.0 ], "autoUv": false },
										"up": { "texture": "#blackbronze", "uv": [ 13.0, 0.5, 14.0, 2.0 ], "autoUv": false },
										"down": { "texture": "#blackbronze", "uv": [ 12.5, 13.0, 13.5, 14.5 ], "autoUv": false }
									},
									"children": [
										{
											"name": "head",
											"from": [ 0.8, -0.4, -0.4 ],
											"to": [ 3.2, 2.0, 2.0 ],
											"rotationOrigin": [ 1.6, 0.72, 0.72 ],
											"faces": {
												"north": { "texture": "#blackbronze", "uv": [ 12.0, 11.0, 15.0, 14.0 ], "autoUv": false },
												"east": { "texture": "#blackbronze", "uv": [ 9.5, 0.5, 12.5, 3.5 ], "autoUv": false },
												"south": { "texture": "#blackbronze", "uv": [ 2.0, 10.5, 5.0, 13.5 ], "autoUv": false },
												"west": { "texture": "#blackbronze", "uv": [ 2.0, 5.5, 5.0, 8.5 ], "autoUv": false },
												"up": { "texture": "#blackbronze", "uv": [ 5.0, 6.5, 8.0, 9.5 ], "autoUv": false },
												"down": { "texture": "#blackbronze", "uv": [ 10.5, 9.0, 13.5, 12.0 ], "autoUv": false }
											},
											"children": [
												{
													"name": "flange",
													"from": [ 0.08, 0.0, 0.0 ],
													"to": [ 2.32, 2.4, 2.4 ],
													"rotationOrigin": [ 0.08, 1.28, 1.28 ],
													"rotationX": -45.0,
													"faces": {
														"north": { "texture": "#blackbronze", "uv": [ 9.0, 12.0, 11.5, 15.0 ], "autoUv": false },
														"east": { "texture": "#blackbronze", "uv": [ 6.0, 10.0, 9.0, 13.0 ], "autoUv": false },
														"south": { "texture": "#blackbronze", "uv": [ 7.5, 8.5, 10.0, 11.5 ], "autoUv": false },
														"west": { "texture": "#blackbronze", "uv": [ 6.5, 9.0, 9.5, 12.0 ], "autoUv": false },
														"up": { "texture": "#blackbronze", "uv": [ 13.0, 7.5, 15.5, 10.5 ], "autoUv": false },
														"down": { "texture": "#blackbronze", "uv": [ 10.5, 10.0, 13.0, 13.0 ], "autoUv": false }
													}
												},
												{
													"name": "flange1",
													"from": [ 0.16, 0.0, 0.0 ],
													"to": [ 2.24, 2.4, 2.4 ],
													"rotationOrigin": [ 0.16, 1.28, 1.28 ],
													"rotationX": -22.5,
													"faces": {
														"north": { "texture": "#blackbronze", "uv": [ 9.0, 4.0, 11.5, 7.0 ], "autoUv": false },
														"east": { "texture": "#blackbronze", "uv": [ 0.5, 11.0, 3.5, 14.0 ], "autoUv": false },
														"south": { "texture": "#blackbronze", "uv": [ 3.5, 3.0, 6.0, 6.0 ], "autoUv": false },
														"west": { "texture": "#blackbronze", "uv": [ 6.0, 10.5, 9.0, 13.5 ], "autoUv": false },
														"up": { "texture": "#blackbronze", "uv": [ 13.0, 5.0, 15.5, 8.0 ], "autoUv": false },
														"down": { "texture": "#blackbronze", "uv": [ 2.5, 10.0, 5.0, 13.0 ], "autoUv": false }
													}
												},
												{
													"name": "flange2",
													"from": [ 0.16, 0.0, 0.0 ],
													"to": [ 2.24, 2.4, 2.4 ],
													"rotationOrigin": [ 0.16, 1.28, 1.28 ],
													"rotationX": 22.5,
													"faces": {
														"north": { "texture": "#blackbronze", "uv": [ 9.0, 11.5, 11.5, 14.5 ], "autoUv": false },
														"east": { "texture": "#blackbronze", "uv": [ 5.5, 1.5, 8.5, 4.5 ], "autoUv": false },
														"south": { "texture": "#blackbronze", "uv": [ 9.0, 10.5, 11.5, 13.5 ], "autoUv": false },
														"west": { "texture": "#blackbronze", "uv": [ 10.5, 9.5, 13.5, 12.5 ], "autoUv": false },
														"up": { "texture": "#blackbronze", "uv": [ 8.5, 9.0, 11.0, 12.0 ], "autoUv": false },
														"down": { "texture": "#blackbronze", "uv": [ 1.5, 9.5, 4.0, 12.5 ], "autoUv": false }
													}
												},
												{
													"name": "rotator",
													"from": [ 1.84, 1.2, 1.2 ],
													"to": [ 1.84, 1.2, 1.2 ],
													"rotationOrigin": [ 1.84, 1.2, 1.2 ],
													"rotationX": -45.0,
													"faces": {
														"north": { "texture": "#blackbronze", "uv": [ 15.0, 2.0, 15.5, 2.5 ], "autoUv": false, "enabled": false },
														"east": { "texture": "#blackbronze", "uv": [ 0.0, 0.0, 0.5, 0.5 ], "autoUv": false, "enabled": false },
														"south": { "texture": "#blackbronze", "uv": [ 14.5, 14.5, 15.0, 15.0 ], "autoUv": false, "enabled": false },
														"west": { "texture": "#blackbronze", "uv": [ 3.5, 6.0, 4.0, 6.5 ], "autoUv": false, "enabled": false },
														"up": { "texture": "#blackbronze", "uv": [ 7.0, 3.0, 7.5, 3.5 ], "autoUv": false, "enabled": false },
														"down": { "texture": "#blackbronze", "uv": [ 4.0, 12.0, 4.5, 12.5 ], "autoUv": false, "enabled": false }
													},
													"children": [
														{
															"name": "flange3",
															"from": [ 0.0, -0.8, -0.56 ],
															"to": [ 1.12, 0.8, 0.56 ],
															"rotationOrigin": [ 0.56, 0.0, -0.08 ],
															"rotationY": -45.0,
															"faces": {
																"north": { "texture": "#blackbronze", "uv": [ 9.5, 1.5, 10.5, 3.5 ], "autoUv": false },
																"east": { "texture": "#blackbronze", "uv": [ 13.5, 3.5, 14.5, 5.5 ], "autoUv": false },
																"south": { "texture": "#blackbronze", "uv": [ 0.5, 11.5, 1.5, 13.5 ], "autoUv": false, "enabled": false },
																"west": { "texture": "#blackbronze", "uv": [ 1.0, 2.5, 2.0, 4.5 ], "autoUv": false, "enabled": false },
																"up": { "texture": "#blackbronze", "uv": [ 1.0, 3.5, 2.0, 4.5 ], "autoUv": false },
																"down": { "texture": "#blackbronze", "uv": [ 2.5, 5.0, 3.5, 6.0 ], "autoUv": false }
															}
														},
														{
															"name": "flange4",
															"from": [ 0.0, -0.56, -0.8 ],
															"to": [ 1.12, 0.56, 0.8 ],
															"rotationOrigin": [ 0.56, 0.0, -0.08 ],
															"rotationZ": -45.0,
															"faces": {
																"north": { "texture": "#blackbronze", "uv": [ 12.0, 8.5, 13.0, 9.5 ], "autoUv": false },
																"east": { "texture": "#blackbronze", "uv": [ 8.5, 3.0, 10.5, 4.0 ], "autoUv": false },
																"south": { "texture": "#blackbronze", "uv": [ 4.5, 14.5, 5.5, 15.5 ], "autoUv": false },
																"west": { "texture": "#blackbronze", "uv": [ 2.5, 1.5, 4.5, 2.5 ], "autoUv": false, "enabled": false },
																"up": { "texture": "#blackbronze", "uv": [ 10.0, 11.0, 11.0, 13.0 ], "autoUv": false },
																"down": { "texture": "#blackbronze", "uv": [ 10.0, 13.5, 11.0, 15.5 ], "autoUv": false, "enabled": false }
															}
														}
													]
												},
												{
													"name": "flange5",
													"from": [ 0.0, 0.08, 0.0 ],
													"to": [ 2.4, 2.32, 2.4 ],
													"rotationOrigin": [ 1.2, 1.2, 1.2 ],
													"rotationY": -45.0,
													"faces": {
														"north": { "texture": "#blackbronze", "uv": [ 2.0, 11.5, 5.0, 14.0 ], "autoUv": false },
														"east": { "texture": "#blackbronze", "uv": [ 11.0, 9.0, 14.0, 11.5 ], "autoUv": false },
														"south": { "texture": "#blackbronze", "uv": [ 2.0, 6.0, 5.0, 8.5 ], "autoUv": false },
														"west": { "texture": "#blackbronze", "uv": [ 12.5, 4.0, 15.5, 6.5 ], "autoUv": false },
														"up": { "texture": "#blackbronze", "uv": [ 11.5, 10.0, 14.5, 13.0 ], "autoUv": false },
														"down": { "texture": "#blackbronze", "uv": [ 2.5, 2.5, 5.5, 5.5 ], "autoUv": false }
													}
												},
												{
													"name": "flange6",
													"from": [ 0.0, 0.0, 0.08 ],
													"to": [ 2.4, 2.4, 2.32 ],
													"rotationOrigin": [ 1.2, 1.2, 1.2 ],
													"rotationZ": -45.0,
													"faces": {
														"north": { "texture": "#blackbronze", "uv": [ 0.0, 4.5, 3.0, 7.5 ], "autoUv": false },
														"east": { "texture": "#blackbronze", "uv": [ 0.0, 4.0, 2.5, 7.0 ], "autoUv": false },
														"south": { "texture": "#blackbronze", "uv": [ 8.0, 1.5, 11.0, 4.5 ], "autoUv": false },
														"west": { "texture": "#blackbronze", "uv": [ 8.0, 1.5, 10.5, 4.5 ], "autoUv": false },
														"up": { "texture": "#blackbronze", "uv": [ 8.5, 6.5, 11.5, 9.0 ], "autoUv": false },
														"down": { "texture": "#blackbronze", "uv": [ 0.0, 13.0, 3.0, 15.5 ], "autoUv": false }
													}
												}
											]
										}
									]
								},
								{
									"name": "counterweight",
									"from": [ -0.8, -0.16, -0.12 ],
									"to": [ 0.8, 1.36, 1.4 ],
									"rotationOrigin": [ -0.8, 0.6, 0.6 ],
									"faces": {
										"north": { "texture": "#blackbronze", "uv": [ 3.5, 0.0, 5.5, 1.5 ], "autoUv": false },
										"east": { "texture": "#blackbronze", "uv": [ 2.5, 2.5, 4.0, 4.0 ], "autoUv": false },
										"south": { "texture": "#blackbronze", "uv": [ 8.0, 4.5, 10.0, 6.0 ], "autoUv": false },
										"west": { "texture": "#blackbronze", "uv": [ 12.0, 6.0, 13.5, 7.5 ], "autoUv": false },
										"up": { "texture": "#blackbronze", "uv": [ 3.5, 13.5, 5.5, 15.0 ], "autoUv": false },
										"down": { "texture": "#blackbronze", "uv": [ 10.5, 8.0, 12.5, 9.5 ], "autoUv": false }
									}
								}
							]
						}
					]
				}
			]
		}
	]}