{
	"editor": {
		"backDropShape": "entity/animal/mammal/hooved/deer/elk/female",
		"collapsedPaths": "Root/ORIGINbridle,Root/Cube2,Root/SaddleBackN,Root/SaddleFrontN",
		"allAngles": false,
		"entityTextureMode": false
	},
	"textureWidth": 16,
	"textureHeight": 16,
	"textureSizes": {
		"green": [16,16],
		"plain": [16,16],
		"birch": [16,16],
		"bismuthbronze": [16,16],
		"debarked/oak": [16,16],
		"metal": [16,16],
		"wood": [16,16],
		"blackbronze": [16,16]
	},
	"textures": {
		"cloth": "game:block/cloth/linen/black",
		"plain": "game:block/leather/plain",
		"iron": "game:block/metal/ingot/iron",
		"handguard": "game:block/metal/sheet/gold1",
		"debarked/oak": "game:block/wood/debarked/pine"
	},
	"elements": [
		{
			"name": "Attachment Strap",
			"stepParentName": "RightFrontStorage",
			"from": [ 2.8, 3.0, -0.25 ],
			"to": [ 4.05, 6.5, 0.24 ],
			"rotationOrigin": [ 2.8, 3.0, -0.35 ],
			"rotationX": 1.0,
			"faces": {
				"north": { "texture": "#plain", "uv": [ 0.0, 0.0, 0.5, 1.0 ], "autoUv": false },
				"east": { "texture": "#plain", "uv": [ 0.0, 0.0, 0.5, 1.0 ], "autoUv": false },
				"south": { "texture": "#plain", "uv": [ 0.0, 0.0, 0.5, 1.0 ], "autoUv": false },
				"west": { "texture": "#plain", "uv": [ 0.0, 0.0, 0.5, 1.0 ], "autoUv": false },
				"up": { "texture": "#plain", "uv": [ 0.0, 0.0, 0.5, 0.5 ], "autoUv": false },
				"down": { "texture": "#plain", "uv": [ 0.0, 0.0, 0.5, 0.5 ], "autoUv": false }
			},
			"children": [
				{
					"name": "Eyelet",
					"from": [ -0.375, 0.0085, -0.1298 ],
					"to": [ 1.625, 0.5085, 0.4952 ],
					"rotationOrigin": [ -0.25, 0.0085, -0.1298 ],
					"rotationX": -4.0,
					"faces": {
						"north": { "texture": "#plain", "uv": [ 0.0, 0.0, 0.5, 0.5 ], "autoUv": false },
						"east": { "texture": "#plain", "uv": [ 0.0, 0.0, 0.5, 0.5 ], "autoUv": false },
						"south": { "texture": "#plain", "uv": [ 0.0, 0.0, 0.5, 0.5 ], "autoUv": false },
						"west": { "texture": "#plain", "uv": [ 0.0, 0.0, 0.5, 0.5 ], "autoUv": false },
						"up": { "texture": "#plain", "uv": [ 0.0, 0.0, 0.5, 0.5 ], "autoUv": false },
						"down": { "texture": "#plain", "uv": [ 0.0, 0.0, 0.5, 0.5 ], "autoUv": false }
					},
					"children": [
						{
							"name": "Eyelet 2",
							"from": [ 0.0, 0.0, -1.42 ],
							"to": [ 2.0, 0.5, -1.295 ],
							"rotationOrigin": [ 0.0, 0.0, -1.3 ],
							"faces": {
								"north": { "texture": "#plain", "uv": [ 0.0, 0.0, 0.5, 0.5 ], "autoUv": false },
								"east": { "texture": "#plain", "uv": [ 0.0, 0.0, 0.5, 0.5 ], "autoUv": false },
								"south": { "texture": "#plain", "uv": [ 0.0, 0.0, 0.5, 0.5 ], "autoUv": false },
								"west": { "texture": "#plain", "uv": [ 0.0, 0.0, 0.5, 0.5 ], "autoUv": false },
								"up": { "texture": "#plain", "uv": [ 0.0, 0.0, 0.5, 0.5 ], "autoUv": false },
								"down": { "texture": "#plain", "uv": [ 0.0, 0.0, 0.5, 0.5 ], "autoUv": false }
							}
						},
						{
							"name": "Eyelet 3",
							"from": [ 1.75, 0.5, -1.4 ],
							"to": [ 2.0, 1.9, -0.875 ],
							"rotationOrigin": [ 1.75, 0.5, -1.4 ],
							"rotationX": 90.0,
							"faces": {
								"north": { "texture": "#plain", "uv": [ 0.0, 0.0, 0.5, 0.5 ], "autoUv": false },
								"east": { "texture": "#plain", "uv": [ 0.0, 0.0, 0.5, 0.5 ], "autoUv": false },
								"south": { "texture": "#plain", "uv": [ 0.0, 0.0, 0.5, 0.5 ], "autoUv": false },
								"west": { "texture": "#plain", "uv": [ 0.0, 0.0, 0.5, 0.5 ], "autoUv": false },
								"up": { "texture": "#plain", "uv": [ 0.0, 0.0, 0.5, 0.5 ], "autoUv": false },
								"down": { "texture": "#plain", "uv": [ 0.0, 0.0, 0.5, 0.5 ], "autoUv": false }
							}
						},
						{
							"name": "Eyelet 4",
							"from": [ 0.0, 0.5, -1.4 ],
							"to": [ 0.25, 1.9, -0.875 ],
							"rotationOrigin": [ 0.05, 0.5, -1.4 ],
							"rotationX": 90.0,
							"faces": {
								"north": { "texture": "#plain", "uv": [ 0.0, 0.0, 0.5, 0.5 ], "autoUv": false },
								"east": { "texture": "#plain", "uv": [ 0.0, 0.0, 0.5, 0.5 ], "autoUv": false },
								"south": { "texture": "#plain", "uv": [ 0.0, 0.0, 0.5, 0.5 ], "autoUv": false },
								"west": { "texture": "#plain", "uv": [ 0.0, 0.0, 0.5, 0.5 ], "autoUv": false },
								"up": { "texture": "#plain", "uv": [ 0.0, 0.0, 0.5, 0.5 ], "autoUv": false },
								"down": { "texture": "#plain", "uv": [ 0.0, 0.0, 0.5, 0.5 ], "autoUv": false }
							}
						}
					]
				}
			]
		},
		{
			"name": "origin",
			"stepParentName": "RightFrontStorage",
			"from": [ 3.2, 0.0, -1.3 ],
			"to": [ 3.2, 0.0, -1.3 ],
			"rotationOrigin": [ 3.2448, -0.028, -1.4088 ],
			"rotationX": 90.0,
			"rotationY": 90.0,
			"rotationZ": -4.0,
			"faces": {
				"north": { "texture": "#cloth", "uv": [ 0.0, 0.0, 0.5, 0.5 ], "autoUv": false, "enabled": false },
				"east": { "texture": "#null", "uv": [ 0.0, 0.0, 0.5, 0.5 ], "autoUv": false, "enabled": false },
				"south": { "texture": "#null", "uv": [ 0.0, 0.0, 0.5, 0.5 ], "autoUv": false, "enabled": false },
				"west": { "texture": "#null", "uv": [ 0.0, 0.0, 0.5, 0.5 ], "autoUv": false, "enabled": false },
				"up": { "texture": "#null", "uv": [ 0.0, 0.0, 0.5, 0.5 ], "autoUv": false, "enabled": false },
				"down": { "texture": "#null", "uv": [ 0.0, 0.0, 0.5, 0.5 ], "autoUv": false, "enabled": false }
			},
			"children": [
				{
					"name": "Handle1",
					"from": [ -6.336, 0.0, -0.594 ],
					"to": [ 6.336, 1.188, 0.594 ],
					"rotationOrigin": [ -1.584, 0.0, 0.0 ],
					"rotationY": -180.0,
					"faces": {
						"north": { "texture": "#debarked/oak", "uv": [ 0.0, 1.5, 16.0, 3.0 ], "autoUv": false },
						"east": { "texture": "#debarked/oak", "uv": [ 9.0, 10.5, 10.5, 12.0 ], "autoUv": false },
						"south": { "texture": "#debarked/oak", "uv": [ 0.0, 9.5, 16.0, 11.0 ], "autoUv": false },
						"west": { "texture": "#null", "uv": [ 0.0, 0.0, 1.5, 1.5 ], "autoUv": false, "enabled": false },
						"up": { "texture": "#debarked/oak", "uv": [ 0.0, 1.5, 16.0, 3.0 ], "autoUv": false },
						"down": { "texture": "#debarked/oak", "uv": [ 0.0, 8.0, 16.0, 9.5 ], "autoUv": false }
					},
					"children": [
						{
							"name": "Handle2",
							"from": [ -3.168, 0.0, 0.0 ],
							"to": [ 0.0, 1.188, 1.188 ],
							"rotationOrigin": [ -3.168, 0.0, 0.0 ],
							"faces": {
								"north": { "texture": "#debarked/oak", "uv": [ 2.5, 11.0, 6.5, 12.5 ], "autoUv": false },
								"east": { "texture": "#null", "uv": [ 0.0, 0.0, 1.5, 1.5 ], "autoUv": false, "enabled": false },
								"south": { "texture": "#debarked/oak", "uv": [ 7.5, 1.0, 11.5, 2.5 ], "autoUv": false },
								"west": { "texture": "#debarked/oak", "uv": [ 10.5, 6.5, 12.0, 8.0 ], "autoUv": false },
								"up": { "texture": "#debarked/oak", "uv": [ 0.0, 13.5, 4.0, 15.0 ], "autoUv": false },
								"down": { "texture": "#debarked/oak", "uv": [ 11.5, 12.5, 15.5, 14.0 ], "autoUv": false }
							}
						},
						{
							"name": "socket",
							"from": [ -2.772, -0.1584, -0.1584 ],
							"to": [ -0.396, 1.3464, 1.3464 ],
							"rotationOrigin": [ -2.772, 0.6336, 0.6336 ],
							"faces": {
								"north": { "texture": "#iron", "uv": [ 12.0, 14.0, 15.0, 15.5 ], "autoUv": false },
								"east": { "texture": "#iron", "uv": [ 11.5, 10.0, 13.0, 11.5 ], "autoUv": false },
								"south": { "texture": "#iron", "uv": [ 12.5, 11.0, 15.5, 12.5 ], "autoUv": false },
								"west": { "texture": "#iron", "uv": [ 7.5, 9.5, 9.0, 11.0 ], "autoUv": false },
								"up": { "texture": "#iron", "uv": [ 7.0, 13.5, 10.0, 15.0 ], "autoUv": false },
								"down": { "texture": "#iron", "uv": [ 11.0, 8.5, 14.0, 10.0 ], "autoUv": false }
							},
							"children": [
								{
									"name": "bladeneck",
									"from": [ 0.1584, 0.5544, 1.5048 ],
									"to": [ 2.1384, 0.9504, 2.6928 ],
									"rotationOrigin": [ 0.1584, 0.792, 1.5048 ],
									"faces": {
										"north": { "texture": "#null", "uv": [ 0.0, 0.0, 2.5, 0.5 ], "autoUv": false, "enabled": false },
										"east": { "texture": "#iron", "uv": [ 10.0, 5.5, 11.5, 6.0 ], "autoUv": false },
										"south": { "texture": "#iron", "uv": [ 0.5, 4.0, 3.0, 4.5 ], "autoUv": false },
										"west": { "texture": "#iron", "uv": [ 13.0, 1.0, 14.5, 1.5 ], "autoUv": false },
										"up": { "texture": "#iron", "uv": [ 5.0, 2.0, 7.5, 3.5 ], "autoUv": false },
										"down": { "texture": "#iron", "uv": [ 2.0, 13.0, 4.5, 14.5 ], "autoUv": false }
									},
									"children": [
										{
											"name": "blademid",
											"from": [ -0.396, 0.1584, 1.188 ],
											"to": [ 2.772, 0.3168, 2.772 ],
											"rotationOrigin": [ 0.0, 0.2376, 1.188 ],
											"faces": {
												"north": { "texture": "#iron", "uv": [ 11.5, 5.0, 15.5, 5.5 ], "autoUv": false },
												"east": { "texture": "#iron", "uv": [ 2.5, 14.5, 4.5, 15.0 ], "autoUv": false },
												"south": { "texture": "#iron", "uv": [ 4.0, 5.5, 8.0, 6.0 ], "autoUv": false },
												"west": { "texture": "#iron", "uv": [ 13.5, 1.5, 15.5, 2.0 ], "autoUv": false },
												"up": { "texture": "#iron", "uv": [ 11.0, 6.0, 15.0, 8.0 ], "autoUv": false },
												"down": { "texture": "#iron", "uv": [ 9.0, 11.0, 13.0, 13.0 ], "autoUv": false }
											},
											"children": [
												{
													"name": "bladehorn1",
													"from": [ -0.396, 0.0, 0.0 ],
													"to": [ 0.0, 0.1584, 1.584 ],
													"rotationOrigin": [ 0.0, 0.0792, 1.584 ],
													"rotationY": -14.0,
													"rotationZ": 1.0,
													"faces": {
														"north": { "texture": "#iron", "uv": [ 14.0, 1.5, 14.5, 2.0 ], "autoUv": false },
														"east": { "texture": "#null", "uv": [ 0.0, 0.0, 2.0, 0.5 ], "autoUv": false, "enabled": false },
														"south": { "texture": "#iron", "uv": [ 0.5, 0.5, 1.0, 1.0 ], "autoUv": false },
														"west": { "texture": "#iron", "uv": [ 9.0, 4.5, 11.0, 5.0 ], "autoUv": false },
														"up": { "texture": "#iron", "uv": [ 14.5, 7.5, 15.0, 9.5 ], "autoUv": false },
														"down": { "texture": "#iron", "uv": [ 0.5, 13.0, 1.0, 15.0 ], "autoUv": false }
													},
													"children": [
														{
															"name": "bladehorn2",
															"from": [ -0.396, 0.0, 0.792 ],
															"to": [ 0.0, 0.1584, 1.584 ],
															"rotationOrigin": [ 0.0, 0.0792, 1.584 ],
															"rotationY": -27.0,
															"rotationZ": 1.0,
															"faces": {
																"north": { "texture": "#null", "uv": [ 0.0, 0.0, 0.5, 0.5 ], "autoUv": false, "enabled": false },
																"east": { "texture": "#null", "uv": [ 0.0, 0.0, 1.0, 0.5 ], "autoUv": false, "enabled": false },
																"south": { "texture": "#iron", "uv": [ 7.0, 2.0, 7.5, 2.5 ], "autoUv": false },
																"west": { "texture": "#iron", "uv": [ 3.0, 12.0, 4.0, 12.5 ], "autoUv": false },
																"up": { "texture": "#iron", "uv": [ 11.0, 8.5, 11.5, 9.5 ], "autoUv": false },
																"down": { "texture": "#iron", "uv": [ 14.5, 9.0, 15.0, 10.0 ], "autoUv": false }
															}
														}
													]
												},
												{
													"name": "bladebeard1",
													"from": [ 3.168, 0.0, 0.0 ],
													"to": [ 4.356, 0.1584, 1.584 ],
													"rotationOrigin": [ 3.168, 0.0792, 1.584 ],
													"rotationY": 10.0,
													"rotationZ": 1.0,
													"faces": {
														"north": { "texture": "#iron", "uv": [ 8.0, 3.5, 9.5, 4.0 ], "autoUv": false },
														"east": { "texture": "#iron", "uv": [ 4.5, 7.5, 6.5, 8.0 ], "autoUv": false },
														"south": { "texture": "#iron", "uv": [ 10.0, 4.0, 11.5, 4.5 ], "autoUv": false },
														"west": { "texture": "#null", "uv": [ 0.0, 0.0, 2.0, 0.5 ], "autoUv": false, "enabled": false },
														"up": { "texture": "#iron", "uv": [ 6.0, 7.0, 7.5, 9.0 ], "autoUv": false },
														"down": { "texture": "#iron", "uv": [ 5.5, 12.0, 7.0, 14.0 ], "autoUv": false }
													},
													"children": [
														{
															"name": "bladebeard2",
															"from": [ 1.188, 0.0, 0.396 ],
															"to": [ 2.376, 0.1584, 1.584 ],
															"rotationOrigin": [ 1.188, 0.0792, 1.584 ],
															"rotationY": 10.0,
															"rotationZ": -1.0,
															"faces": {
																"north": { "texture": "#iron", "uv": [ 5.5, 0.0, 7.0, 0.5 ], "autoUv": false },
																"east": { "texture": "#iron", "uv": [ 5.5, 1.5, 7.0, 2.0 ], "autoUv": false },
																"south": { "texture": "#iron", "uv": [ 7.5, 11.5, 9.0, 12.0 ], "autoUv": false },
																"west": { "texture": "#null", "uv": [ 0.0, 0.0, 1.5, 0.5 ], "autoUv": false, "enabled": false },
																"up": { "texture": "#iron", "uv": [ 1.0, 7.0, 2.5, 8.5 ], "autoUv": false },
																"down": { "texture": "#iron", "uv": [ 12.5, 12.5, 14.0, 14.0 ], "autoUv": false }
															},
															"children": [
																{
																	"name": "bladebeard3",
																	"from": [ 1.188, 0.0, 0.396 ],
																	"to": [ 2.376, 0.1584, 1.188 ],
																	"rotationOrigin": [ 1.188, 0.0792, 1.188 ],
																	"faces": {
																		"north": { "texture": "#iron", "uv": [ 5.5, 4.5, 7.0, 5.0 ], "autoUv": false },
																		"east": { "texture": "#iron", "uv": [ 5.0, 1.0, 6.0, 1.5 ], "autoUv": false },
																		"south": { "texture": "#iron", "uv": [ 7.0, 10.5, 8.5, 11.0 ], "autoUv": false },
																		"west": { "texture": "#null", "uv": [ 0.0, 0.0, 1.0, 0.5 ], "autoUv": false, "enabled": false },
																		"up": { "texture": "#iron", "uv": [ 9.0, 2.5, 10.5, 3.5 ], "autoUv": false },
																		"down": { "texture": "#iron", "uv": [ 6.0, 8.0, 7.5, 9.0 ], "autoUv": false }
																	}
																}
															]
														}
													]
												}
											]
										}
									]
								}
							]
						}
					]
				},
				{
					"name": "cloth",
					"from": [ -2.4552, -0.0792, -0.6732 ],
					"to": [ 3.0888, 1.2672, 0.6732 ],
					"rotationOrigin": [ -2.4552, -0.0792, -0.0792 ],
					"faces": {
						"north": { "texture": "#cloth", "uv": [ 3.0, 4.5, 10.0, 6.0 ], "autoUv": false },
						"east": { "texture": "#cloth", "uv": [ 2.5, 2.5, 4.0, 4.0 ], "autoUv": false },
						"south": { "texture": "#cloth", "uv": [ 3.0, 3.0, 10.0, 4.5 ], "autoUv": false },
						"west": { "texture": "#cloth", "uv": [ 3.0, 3.5, 4.5, 5.0 ], "autoUv": false },
						"up": { "texture": "#cloth", "uv": [ 9.0, 5.5, 16.0, 7.0 ], "autoUv": false },
						"down": { "texture": "#cloth", "uv": [ 5.5, 4.5, 12.5, 6.0 ], "autoUv": false }
					},
					"children": [
						{
							"name": "rivet 52",
							"from": [ 0.5544, -0.0792, 0.5148 ],
							"to": [ 0.8712, 1.4256, 0.8316 ],
							"rotationOrigin": [ 0.5544, 0.0, 1.0692 ],
							"faces": {
								"north": { "texture": "#handguard", "uv": [ 0.0, 12.5, 0.5, 14.0 ], "autoUv": false },
								"east": { "texture": "#handguard", "uv": [ 0.0, 8.5, 0.5, 10.0 ], "autoUv": false },
								"south": { "texture": "#handguard", "uv": [ 0.0, 2.5, 0.5, 4.0 ], "autoUv": false },
								"west": { "texture": "#handguard", "uv": [ 0.0, 8.5, 0.5, 10.0 ], "autoUv": false },
								"up": { "texture": "#handguard", "uv": [ 1.0, 14.0, 1.5, 14.5 ], "autoUv": false },
								"down": { "texture": "#handguard", "uv": [ 5.5, 1.0, 6.0, 1.5 ], "autoUv": false }
							}
						},
						{
							"name": "handguard end",
							"from": [ -3.3264, -0.1188, -0.1188 ],
							"to": [ -2.5344, 1.4652, 1.4652 ],
							"rotationOrigin": [ -3.0096, 0.8712, 2.0988 ],
							"faces": {
								"north": { "texture": "#handguard", "uv": [ 0.0, 0.0, 1.0, 2.0 ], "autoUv": false },
								"east": { "texture": "#handguard", "uv": [ 0.0, 0.0, 2.0, 2.0 ], "autoUv": false },
								"south": { "texture": "#handguard", "uv": [ 0.0, 0.0, 1.0, 2.0 ], "autoUv": false },
								"west": { "texture": "#handguard", "uv": [ 4.5, 8.5, 6.5, 10.5 ], "autoUv": false },
								"up": { "texture": "#handguard", "uv": [ 0.0, 5.5, 1.0, 7.5 ], "autoUv": false },
								"down": { "texture": "#handguard", "uv": [ 0.0, 0.0, 1.0, 2.0 ], "autoUv": false }
							}
						},
						{
							"name": "rivet 53",
							"from": [ 1.3464, -0.0792, 0.5148 ],
							"to": [ 1.6632, 1.4256, 0.8316 ],
							"rotationOrigin": [ 1.3464, 0.0, 1.0692 ],
							"faces": {
								"north": { "texture": "#handguard", "uv": [ 0.0, 12.5, 0.5, 14.0 ], "autoUv": false },
								"east": { "texture": "#handguard", "uv": [ 0.0, 8.5, 0.5, 10.0 ], "autoUv": false },
								"south": { "texture": "#handguard", "uv": [ 0.0, 2.5, 0.5, 4.0 ], "autoUv": false },
								"west": { "texture": "#handguard", "uv": [ 0.0, 8.5, 0.5, 10.0 ], "autoUv": false },
								"up": { "texture": "#handguard", "uv": [ 1.0, 14.0, 1.5, 14.5 ], "autoUv": false },
								"down": { "texture": "#handguard", "uv": [ 5.5, 1.0, 6.0, 1.5 ], "autoUv": false }
							}
						},
						{
							"name": "rivet 54",
							"from": [ 2.1384, -0.0792, 0.5148 ],
							"to": [ 2.4552, 1.4256, 0.8316 ],
							"rotationOrigin": [ 2.1384, 0.0, 1.0692 ],
							"faces": {
								"north": { "texture": "#handguard", "uv": [ 0.0, 12.5, 0.5, 14.0 ], "autoUv": false },
								"east": { "texture": "#handguard", "uv": [ 0.0, 8.5, 0.5, 10.0 ], "autoUv": false },
								"south": { "texture": "#handguard", "uv": [ 0.0, 2.5, 0.5, 4.0 ], "autoUv": false },
								"west": { "texture": "#handguard", "uv": [ 0.0, 8.5, 0.5, 10.0 ], "autoUv": false },
								"up": { "texture": "#handguard", "uv": [ 1.0, 14.0, 1.5, 14.5 ], "autoUv": false },
								"down": { "texture": "#handguard", "uv": [ 5.5, 1.0, 6.0, 1.5 ], "autoUv": false }
							}
						},
						{
							"name": "rivet 55",
							"from": [ 2.9304, -0.0792, 0.5148 ],
							"to": [ 3.2472, 1.4256, 0.8316 ],
							"rotationOrigin": [ 2.9304, 0.0, 1.0692 ],
							"faces": {
								"north": { "texture": "#handguard", "uv": [ 0.0, 12.5, 0.5, 14.0 ], "autoUv": false },
								"east": { "texture": "#handguard", "uv": [ 0.0, 8.5, 0.5, 10.0 ], "autoUv": false },
								"south": { "texture": "#handguard", "uv": [ 0.0, 2.5, 0.5, 4.0 ], "autoUv": false },
								"west": { "texture": "#handguard", "uv": [ 0.0, 8.5, 0.5, 10.0 ], "autoUv": false },
								"up": { "texture": "#handguard", "uv": [ 1.0, 14.0, 1.5, 14.5 ], "autoUv": false },
								"down": { "texture": "#handguard", "uv": [ 5.5, 1.0, 6.0, 1.5 ], "autoUv": false }
							}
						},
						{
							"name": "rivet 56",
							"from": [ 3.7224, -0.0792, 0.5148 ],
							"to": [ 4.0392, 1.4256, 0.8316 ],
							"rotationOrigin": [ 3.7224, 0.0, 1.0692 ],
							"faces": {
								"north": { "texture": "#handguard", "uv": [ 0.0, 12.5, 0.5, 14.0 ], "autoUv": false },
								"east": { "texture": "#handguard", "uv": [ 0.0, 8.5, 0.5, 10.0 ], "autoUv": false },
								"south": { "texture": "#handguard", "uv": [ 0.0, 2.5, 0.5, 4.0 ], "autoUv": false },
								"west": { "texture": "#handguard", "uv": [ 0.0, 8.5, 0.5, 10.0 ], "autoUv": false },
								"up": { "texture": "#handguard", "uv": [ 1.0, 14.0, 1.5, 14.5 ], "autoUv": false },
								"down": { "texture": "#handguard", "uv": [ 5.5, 1.0, 6.0, 1.5 ], "autoUv": false }
							}
						},
						{
							"name": "rivet 57",
							"from": [ 4.5144, -0.0792, 0.5148 ],
							"to": [ 4.8312, 1.4256, 0.8316 ],
							"rotationOrigin": [ 4.5144, 0.0, 1.0692 ],
							"faces": {
								"north": { "texture": "#handguard", "uv": [ 0.0, 12.5, 0.5, 14.0 ], "autoUv": false },
								"east": { "texture": "#handguard", "uv": [ 0.0, 8.5, 0.5, 10.0 ], "autoUv": false },
								"south": { "texture": "#handguard", "uv": [ 0.0, 2.5, 0.5, 4.0 ], "autoUv": false },
								"west": { "texture": "#handguard", "uv": [ 0.0, 8.5, 0.5, 10.0 ], "autoUv": false },
								"up": { "texture": "#handguard", "uv": [ 1.0, 14.0, 1.5, 14.5 ], "autoUv": false },
								"down": { "texture": "#handguard", "uv": [ 5.5, 1.0, 6.0, 1.5 ], "autoUv": false }
							}
						},
						{
							"name": "handguard end2",
							"from": [ 7.7616, -0.1188, -0.1188 ],
							"to": [ 8.5536, 1.4652, 1.4652 ],
							"rotationOrigin": [ 8.0784, 0.8712, 2.0988 ],
							"faces": {
								"north": { "texture": "#handguard", "uv": [ 0.0, 0.0, 1.0, 2.0 ], "autoUv": false },
								"east": { "texture": "#handguard", "uv": [ 0.0, 0.0, 2.0, 2.0 ], "autoUv": false },
								"south": { "texture": "#handguard", "uv": [ 0.0, 0.0, 1.0, 2.0 ], "autoUv": false },
								"west": { "texture": "#handguard", "uv": [ 4.5, 8.5, 6.5, 10.5 ], "autoUv": false },
								"up": { "texture": "#handguard", "uv": [ 0.0, 5.5, 1.0, 7.5 ], "autoUv": false },
								"down": { "texture": "#handguard", "uv": [ 0.0, 0.0, 1.0, 2.0 ], "autoUv": false }
							}
						},
						{
							"name": "handguard end3",
							"from": [ -7.2864, -0.1188, -0.1188 ],
							"to": [ -6.4944, 1.4652, 1.4652 ],
							"rotationOrigin": [ -6.9696, 0.8712, 2.0988 ],
							"faces": {
								"north": { "texture": "#handguard", "uv": [ 0.0, 0.0, 1.0, 2.0 ], "autoUv": false },
								"east": { "texture": "#handguard", "uv": [ 0.0, 0.0, 2.0, 2.0 ], "autoUv": false },
								"south": { "texture": "#handguard", "uv": [ 0.0, 0.0, 1.0, 2.0 ], "autoUv": false },
								"west": { "texture": "#handguard", "uv": [ 4.5, 8.5, 6.5, 10.5 ], "autoUv": false },
								"up": { "texture": "#handguard", "uv": [ 0.0, 5.5, 1.0, 7.5 ], "autoUv": false },
								"down": { "texture": "#handguard", "uv": [ 0.0, 0.0, 1.0, 2.0 ], "autoUv": false }
							}
						}
					]
				}
			]
		}
	]}