{
	"editor": {
		"backDropShape": "entity/animal/mammal/hooved/deer/elk/female",
		"collapsedPaths": "Root/ORIGINbridle,Root/Cube2,Root/SaddleBackN,Root/SaddleFrontN",
		"allAngles": false,
		"entityTextureMode": false
	},
	"textureWidth": 16,
	"textureHeight": 16,
	"textureSizes": {
		"green": [16,16],
		"plain": [16,16],
		"birch": [16,16],
		"bismuthbronze": [16,16],
		"debarked/oak": [16,16],
		"metal": [16,16],
		"wood": [16,16]
	},
	"textures": {
		"plain": "game:block/leather/plain",
		"blackbronze2": "game:block/metal/ingot/blackbronze",
		"debarked/oak": "game:block/wood/debarked/maple"
	},
	"elements": [
		{
			"name": "Attachment Strap",
			"stepParentName": "LeftFrontStorage",
			"from": [ 3.5, 3.0, 1.58 ],
			"to": [ 4.75, 6.5, 2.07 ],
			"rotationOrigin": [ 3.5, 3.0, 1.45 ],
			"rotationX": 1.0,
			"rotationY": 180.0,
			"faces": {
				"north": { "texture": "#plain", "uv": [ 0.0, 0.0, 0.5, 1.0 ], "autoUv": false },
				"east": { "texture": "#plain", "uv": [ 0.0, 0.0, 0.5, 1.0 ], "autoUv": false },
				"south": { "texture": "#plain", "uv": [ 0.0, 0.0, 0.5, 1.0 ], "autoUv": false },
				"west": { "texture": "#plain", "uv": [ 0.0, 0.0, 0.5, 1.0 ], "autoUv": false },
				"up": { "texture": "#plain", "uv": [ 0.0, 0.0, 0.5, 0.5 ], "autoUv": false },
				"down": { "texture": "#plain", "uv": [ 0.0, 0.0, 0.5, 0.5 ], "autoUv": false }
			},
			"children": [
				{
					"name": "Eyelet",
					"from": [ -0.375, 0.0085, -0.1298 ],
					"to": [ 1.625, 0.5085, 0.4952 ],
					"rotationOrigin": [ -0.25, 0.0085, -0.1298 ],
					"rotationX": -4.0,
					"faces": {
						"north": { "texture": "#plain", "uv": [ 0.0, 0.0, 0.5, 0.5 ], "autoUv": false },
						"east": { "texture": "#plain", "uv": [ 0.0, 0.0, 0.5, 0.5 ], "autoUv": false },
						"south": { "texture": "#plain", "uv": [ 0.0, 0.0, 0.5, 0.5 ], "autoUv": false },
						"west": { "texture": "#plain", "uv": [ 0.0, 0.0, 0.5, 0.5 ], "autoUv": false },
						"up": { "texture": "#plain", "uv": [ 0.0, 0.0, 0.5, 0.5 ], "autoUv": false },
						"down": { "texture": "#plain", "uv": [ 0.0, 0.0, 0.5, 0.5 ], "autoUv": false }
					},
					"children": [
						{
							"name": "Eyelet 2",
							"from": [ 0.0, 0.0, -1.42 ],
							"to": [ 2.0, 0.5, -1.295 ],
							"rotationOrigin": [ 0.0, 0.0, -1.3 ],
							"faces": {
								"north": { "texture": "#plain", "uv": [ 0.0, 0.0, 0.5, 0.5 ], "autoUv": false },
								"east": { "texture": "#plain", "uv": [ 0.0, 0.0, 0.5, 0.5 ], "autoUv": false },
								"south": { "texture": "#plain", "uv": [ 0.0, 0.0, 0.5, 0.5 ], "autoUv": false },
								"west": { "texture": "#plain", "uv": [ 0.0, 0.0, 0.5, 0.5 ], "autoUv": false },
								"up": { "texture": "#plain", "uv": [ 0.0, 0.0, 0.5, 0.5 ], "autoUv": false },
								"down": { "texture": "#plain", "uv": [ 0.0, 0.0, 0.5, 0.5 ], "autoUv": false }
							}
						},
						{
							"name": "Eyelet 3",
							"from": [ 1.75, 0.5, -1.4 ],
							"to": [ 2.0, 1.9, -0.875 ],
							"rotationOrigin": [ 1.75, 0.5, -1.4 ],
							"rotationX": 90.0,
							"faces": {
								"north": { "texture": "#plain", "uv": [ 0.0, 0.0, 0.5, 0.5 ], "autoUv": false },
								"east": { "texture": "#plain", "uv": [ 0.0, 0.0, 0.5, 0.5 ], "autoUv": false },
								"south": { "texture": "#plain", "uv": [ 0.0, 0.0, 0.5, 0.5 ], "autoUv": false },
								"west": { "texture": "#plain", "uv": [ 0.0, 0.0, 0.5, 0.5 ], "autoUv": false },
								"up": { "texture": "#plain", "uv": [ 0.0, 0.0, 0.5, 0.5 ], "autoUv": false },
								"down": { "texture": "#plain", "uv": [ 0.0, 0.0, 0.5, 0.5 ], "autoUv": false }
							}
						},
						{
							"name": "Eyelet 4",
							"from": [ 0.0, 0.5, -1.4 ],
							"to": [ 0.25, 1.9, -0.875 ],
							"rotationOrigin": [ 0.05, 0.5, -1.4 ],
							"rotationX": 90.0,
							"faces": {
								"north": { "texture": "#plain", "uv": [ 0.0, 0.0, 0.5, 0.5 ], "autoUv": false },
								"east": { "texture": "#plain", "uv": [ 0.0, 0.0, 0.5, 0.5 ], "autoUv": false },
								"south": { "texture": "#plain", "uv": [ 0.0, 0.0, 0.5, 0.5 ], "autoUv": false },
								"west": { "texture": "#plain", "uv": [ 0.0, 0.0, 0.5, 0.5 ], "autoUv": false },
								"up": { "texture": "#plain", "uv": [ 0.0, 0.0, 0.5, 0.5 ], "autoUv": false },
								"down": { "texture": "#plain", "uv": [ 0.0, 0.0, 0.5, 0.5 ], "autoUv": false }
							}
						}
					]
				},
				{
					"name": "Eyelet2",
					"from": [ -0.3244, 2.9139, -0.279 ],
					"to": [ 1.6756, 3.4139, 0.446 ],
					"rotationOrigin": [ -0.1994, 2.9111, -0.2791 ],
					"rotationX": -4.0001,
					"rotationY": 0.0,
					"rotationZ": 0.0,
					"faces": {
						"north": { "texture": "#plain", "uv": [ 0.0, 0.0, 0.5, 0.5 ], "autoUv": false },
						"east": { "texture": "#plain", "uv": [ 0.0, 0.0, 0.5, 0.5 ], "autoUv": false },
						"south": { "texture": "#plain", "uv": [ 0.0, 0.0, 0.5, 0.5 ], "autoUv": false },
						"west": { "texture": "#plain", "uv": [ 0.0, 0.0, 0.5, 0.5 ], "autoUv": false },
						"up": { "texture": "#plain", "uv": [ 0.0, 0.0, 0.5, 0.5 ], "autoUv": false },
						"down": { "texture": "#plain", "uv": [ 0.0, 0.0, 0.5, 0.5 ], "autoUv": false }
					},
					"children": [
						{
							"name": "Eyelet 5",
							"from": [ 0.0, 0.0, -1.42 ],
							"to": [ 2.0, 0.5, -1.295 ],
							"rotationOrigin": [ 0.0, 0.0, -1.3 ],
							"faces": {
								"north": { "texture": "#plain", "uv": [ 0.0, 0.0, 0.5, 0.5 ], "autoUv": false },
								"east": { "texture": "#plain", "uv": [ 0.0, 0.0, 0.5, 0.5 ], "autoUv": false },
								"south": { "texture": "#plain", "uv": [ 0.0, 0.0, 0.5, 0.5 ], "autoUv": false },
								"west": { "texture": "#plain", "uv": [ 0.0, 0.0, 0.5, 0.5 ], "autoUv": false },
								"up": { "texture": "#plain", "uv": [ 0.0, 0.0, 0.5, 0.5 ], "autoUv": false },
								"down": { "texture": "#plain", "uv": [ 0.0, 0.0, 0.5, 0.5 ], "autoUv": false }
							}
						},
						{
							"name": "Eyelet 5",
							"from": [ 1.75, 0.5, -1.4 ],
							"to": [ 2.0, 1.9, -0.875 ],
							"rotationOrigin": [ 1.75, 0.5, -1.4 ],
							"rotationX": 90.0,
							"faces": {
								"north": { "texture": "#plain", "uv": [ 0.0, 0.0, 0.5, 0.5 ], "autoUv": false },
								"east": { "texture": "#plain", "uv": [ 0.0, 0.0, 0.5, 0.5 ], "autoUv": false },
								"south": { "texture": "#plain", "uv": [ 0.0, 0.0, 0.5, 0.5 ], "autoUv": false },
								"west": { "texture": "#plain", "uv": [ 0.0, 0.0, 0.5, 0.5 ], "autoUv": false },
								"up": { "texture": "#plain", "uv": [ 0.0, 0.0, 0.5, 0.5 ], "autoUv": false },
								"down": { "texture": "#plain", "uv": [ 0.0, 0.0, 0.5, 0.5 ], "autoUv": false }
							}
						},
						{
							"name": "Eyelet 5",
							"from": [ 0.0, 0.5, -1.4 ],
							"to": [ 0.25, 1.9, -0.875 ],
							"rotationOrigin": [ 0.05, 0.5, -1.4 ],
							"rotationX": 90.0,
							"faces": {
								"north": { "texture": "#plain", "uv": [ 0.0, 0.0, 0.5, 0.5 ], "autoUv": false },
								"east": { "texture": "#plain", "uv": [ 0.0, 0.0, 0.5, 0.5 ], "autoUv": false },
								"south": { "texture": "#plain", "uv": [ 0.0, 0.0, 0.5, 0.5 ], "autoUv": false },
								"west": { "texture": "#plain", "uv": [ 0.0, 0.0, 0.5, 0.5 ], "autoUv": false },
								"up": { "texture": "#plain", "uv": [ 0.0, 0.0, 0.5, 0.5 ], "autoUv": false },
								"down": { "texture": "#plain", "uv": [ 0.0, 0.0, 0.5, 0.5 ], "autoUv": false }
							}
						},
						{
							"name": "Clasp",
							"from": [ -0.1, 0.1, 0.4 ],
							"to": [ 0.15, 0.35, 0.65 ],
							"rotationOrigin": [ -0.1, 0.1, 0.4 ],
							"rotationZ": 4.0,
							"faces": {
								"north": { "texture": "#blackbronze2", "uv": [ 2.5, 5.0, 3.0, 5.5 ] },
								"east": { "texture": "#blackbronze2", "uv": [ 0.0, 0.0, 0.5, 0.5 ] },
								"south": { "texture": "#blackbronze2", "uv": [ 0.0, 0.0, 0.5, 0.5 ] },
								"west": { "texture": "#blackbronze2", "uv": [ 3.5, 9.0, 5.5, 9.5 ], "autoUv": false },
								"up": { "texture": "#blackbronze2", "uv": [ 0.0, 0.0, 0.5, 0.5 ] },
								"down": { "texture": "#blackbronze2", "uv": [ 0.0, 0.0, 0.5, 0.5 ] }
							}
						},
						{
							"name": "Clasp2",
							"from": [ -0.1, -2.8, 0.2 ],
							"to": [ 0.15, -2.55, 0.45 ],
							"rotationOrigin": [ -0.1, -2.8, 0.2 ],
							"rotationZ": 4.0,
							"faces": {
								"north": { "texture": "#blackbronze2", "uv": [ 0.0, 0.0, 0.5, 0.5 ] },
								"east": { "texture": "#blackbronze2", "uv": [ 0.0, 0.0, 0.5, 0.5 ] },
								"south": { "texture": "#blackbronze2", "uv": [ 0.0, 0.0, 0.5, 0.5 ] },
								"west": { "texture": "#blackbronze2", "uv": [ 1.5, 6.5, 7.0, 7.0 ], "autoUv": false },
								"up": { "texture": "#blackbronze2", "uv": [ 0.0, 0.0, 0.5, 0.5 ] },
								"down": { "texture": "#blackbronze2", "uv": [ 0.0, 0.0, 0.5, 0.5 ] }
							}
						}
					]
				}
			]
		},
		{
			"name": "origin",
			"stepParentName": "LeftFrontStorage",
			"from": [ 2.8, 2.52, 1.5 ],
			"to": [ 2.8, 2.52, 1.5 ],
			"rotationOrigin": [ 2.8, 2.5, 1.5 ],
			"rotationX": 90.0,
			"rotationY": 90.0,
			"rotationZ": 4.0,
			"faces": {
				"north": { "texture": "#null", "uv": [ 1.5, 3.0, 1.75, 3.25 ], "autoUv": false, "enabled": false },
				"east": { "texture": "#null", "uv": [ 10.0, 15.5, 10.25, 15.75 ], "autoUv": false, "enabled": false },
				"south": { "texture": "#null", "uv": [ 4.0, 5.0, 4.25, 5.25 ], "autoUv": false, "enabled": false },
				"west": { "texture": "#null", "uv": [ 13.0, 6.5, 13.25, 6.75 ], "autoUv": false, "enabled": false },
				"up": { "texture": "#null", "uv": [ 1.5, 14.5, 1.75, 14.75 ], "autoUv": false, "enabled": false },
				"down": { "texture": "#null", "uv": [ 15.0, 12.5, 15.25, 12.75 ], "autoUv": false, "enabled": false }
			},
			"children": [
				{
					"name": "handle1",
					"from": [ -6.0, 0.0, -0.56 ],
					"to": [ 6.8, 1.2, 0.64 ],
					"faces": {
						"north": { "texture": "#debarked/oak", "uv": [ 0.0, 11.5, 16.0, 13.0 ], "autoUv": false },
						"east": { "texture": "#debarked/oak", "uv": [ 7.0, 2.0, 8.5, 3.5 ], "autoUv": false },
						"south": { "texture": "#debarked/oak", "uv": [ 0.0, 13.5, 16.0, 15.0 ], "autoUv": false },
						"west": { "texture": "#debarked/oak", "uv": [ 3.0, 4.0, 4.5, 5.5 ], "autoUv": false, "enabled": false },
						"up": { "texture": "#debarked/oak", "uv": [ 0.0, 10.0, 16.0, 11.5 ], "autoUv": false },
						"down": { "texture": "#debarked/oak", "uv": [ 0.0, 7.5, 16.0, 9.0 ], "autoUv": false }
					},
					"children": [
						{
							"name": "handle2",
							"from": [ -10.4, 0.0, 0.0 ],
							"to": [ 0.0, 1.2, 1.2 ],
							"rotationOrigin": [ -1.6, 0.0, 0.0 ],
							"faces": {
								"north": { "texture": "#debarked/oak", "uv": [ 3.5, 2.0, 16.5, 3.5 ], "autoUv": false },
								"east": { "texture": "#debarked/oak", "uv": [ 4.5, 8.0, 6.0, 9.5 ], "autoUv": false, "enabled": false },
								"south": { "texture": "#debarked/oak", "uv": [ 0.0, 2.0, 13.0, 3.5 ], "autoUv": false },
								"west": { "texture": "#debarked/oak", "uv": [ 10.0, 5.0, 11.5, 6.5 ], "autoUv": false },
								"up": { "texture": "#debarked/oak", "uv": [ 1.5, 0.0, 14.5, 1.5 ], "autoUv": false },
								"down": { "texture": "#debarked/oak", "uv": [ 1.5, 13.5, 14.5, 15.0 ], "autoUv": false }
							}
						},
						{
							"name": "socket1",
							"from": [ 10.0, -0.16, -0.16 ],
							"to": [ 12.4, 1.36, 1.36 ],
							"rotationOrigin": [ 10.0, 0.6, 0.6 ],
							"faces": {
								"north": { "texture": "#blackbronze2", "uv": [ 5.0, 5.0, 8.0, 6.5 ], "autoUv": false },
								"east": { "texture": "#blackbronze2", "uv": [ 3.5, 4.5, 5.0, 6.0 ], "autoUv": false },
								"south": { "texture": "#blackbronze2", "uv": [ 9.5, 9.5, 12.5, 11.0 ], "autoUv": false },
								"west": { "texture": "#blackbronze2", "uv": [ 0.0, 5.0, 1.5, 6.5 ], "autoUv": false },
								"up": { "texture": "#blackbronze2", "uv": [ 9.5, 6.0, 12.5, 7.5 ], "autoUv": false },
								"down": { "texture": "#blackbronze2", "uv": [ 0.0, 14.0, 3.0, 15.5 ], "autoUv": false }
							},
							"children": [
								{
									"name": "bladeneck1",
									"from": [ 0.0, 0.52, -2.4 ],
									"to": [ 2.4, 0.92, 0.0 ],
									"rotationOrigin": [ 0.0, 0.72, 0.0 ],
									"faces": {
										"north": { "texture": "#blackbronze2", "uv": [ 2.0, 6.5, 5.0, 7.0 ], "autoUv": false },
										"east": { "texture": "#blackbronze2", "uv": [ 0.5, 11.5, 3.5, 12.0 ], "autoUv": false },
										"south": { "texture": "#blackbronze2", "uv": [ 7.0, 12.0, 10.0, 12.5 ], "autoUv": false, "enabled": false },
										"west": { "texture": "#blackbronze2", "uv": [ 6.0, 9.5, 9.0, 10.0 ], "autoUv": false },
										"up": { "texture": "#blackbronze2", "uv": [ 7.0, 6.5, 10.0, 9.5 ], "autoUv": false },
										"down": { "texture": "#blackbronze2", "uv": [ 7.5, 6.0, 10.5, 9.0 ], "autoUv": false }
									},
									"children": [
										{
											"name": "blademiddle",
											"from": [ -0.4, 0.08, -1.6 ],
											"to": [ 2.8, 0.24, 0.4 ],
											"rotationOrigin": [ 0.0, 0.16, 0.0 ],
											"faces": {
												"north": { "texture": "#blackbronze2", "uv": [ 8.5, 6.0, 12.5, 6.5 ], "autoUv": false },
												"east": { "texture": "#blackbronze2", "uv": [ 9.0, 8.5, 11.5, 9.0 ], "autoUv": false },
												"south": { "texture": "#blackbronze2", "uv": [ 8.0, 13.5, 12.0, 14.0 ], "autoUv": false },
												"west": { "texture": "#blackbronze2", "uv": [ 4.0, 15.0, 6.5, 15.5 ], "autoUv": false },
												"up": { "texture": "#blackbronze2", "uv": [ 5.5, 6.5, 9.5, 9.0 ], "autoUv": false },
												"down": { "texture": "#blackbronze2", "uv": [ 7.5, 5.5, 11.5, 8.0 ], "autoUv": false }
											},
											"children": [
												{
													"name": "bladebeard1",
													"from": [ -3.2, 0.0, 0.0 ],
													"to": [ 0.0, 0.16, 2.0 ],
													"rotationOrigin": [ 0.0, 0.08, 0.0 ],
													"rotationY": 10.0,
													"rotationZ": 1.0,
													"faces": {
														"north": { "texture": "#blackbronze2", "uv": [ 7.5, 14.0, 11.5, 14.5 ], "autoUv": false },
														"east": { "texture": "#blackbronze2", "uv": [ 8.0, 11.0, 10.5, 11.5 ], "autoUv": false },
														"south": { "texture": "#blackbronze2", "uv": [ 8.5, 3.0, 12.5, 3.5 ], "autoUv": false },
														"west": { "texture": "#blackbronze2", "uv": [ 9.0, 4.0, 11.5, 4.5 ], "autoUv": false },
														"up": { "texture": "#blackbronze2", "uv": [ 7.5, 11.5, 11.5, 14.0 ], "autoUv": false },
														"down": { "texture": "#blackbronze2", "uv": [ 11.5, 9.5, 15.5, 12.0 ], "autoUv": false }
													},
													"children": [
														{
															"name": "bladebeard2",
															"from": [ -3.2, 0.0, 0.0 ],
															"to": [ 0.0, 0.16, 1.92 ],
															"rotationOrigin": [ 0.0, 0.0, 0.0 ],
															"rotationY": 15.0,
															"rotationZ": -1.0,
															"faces": {
																"north": { "texture": "#blackbronze2", "uv": [ 8.5, 11.5, 12.5, 12.0 ], "autoUv": false },
																"east": { "texture": "#blackbronze2", "uv": [ 2.0, 2.0, 4.0, 2.5 ], "autoUv": false, "enabled": false },
																"south": { "texture": "#blackbronze2", "uv": [ 1.0, 13.5, 5.0, 14.0 ], "autoUv": false },
																"west": { "texture": "#blackbronze2", "uv": [ 7.5, 4.0, 9.5, 4.5 ], "autoUv": false },
																"up": { "texture": "#blackbronze2", "uv": [ 5.0, 0.5, 9.0, 2.5 ], "autoUv": false },
																"down": { "texture": "#blackbronze2", "uv": [ 4.0, 11.5, 8.0, 13.5 ], "autoUv": false }
															},
															"children": [
																{
																	"name": "bladebeard3",
																	"from": [ -2.4, 0.0, 0.0 ],
																	"to": [ 0.0, 0.16, 1.2 ],
																	"rotationOrigin": [ 0.0, 0.08, 0.0 ],
																	"rotationY": 22.5,
																	"rotationZ": 1.0,
																	"faces": {
																		"north": { "texture": "#blackbronze2", "uv": [ 11.5, 4.5, 14.5, 5.0 ], "autoUv": false },
																		"east": { "texture": "#blackbronze2", "uv": [ 11.0, 1.0, 12.5, 1.5 ], "autoUv": false },
																		"south": { "texture": "#blackbronze2", "uv": [ 0.0, 2.5, 3.0, 3.0 ], "autoUv": false },
																		"west": { "texture": "#blackbronze2", "uv": [ 3.0, 2.5, 4.5, 3.0 ], "autoUv": false },
																		"up": { "texture": "#blackbronze2", "uv": [ 7.5, 12.0, 10.5, 13.5 ], "autoUv": false },
																		"down": { "texture": "#blackbronze2", "uv": [ 10.5, 1.5, 13.5, 3.0 ], "autoUv": false }
																	}
																}
															]
														}
													]
												},
												{
													"name": "bladehorn1",
													"from": [ 3.2, 0.0, 0.0 ],
													"to": [ 5.6, 0.16, 1.6 ],
													"rotationOrigin": [ 3.2, 0.08, 0.0 ],
													"rotationY": -15.0,
													"rotationZ": 1.0,
													"faces": {
														"north": { "texture": "#blackbronze2", "uv": [ 10.5, 10.0, 13.5, 10.5 ], "autoUv": false },
														"east": { "texture": "#blackbronze2", "uv": [ 6.5, 9.5, 8.5, 10.0 ], "autoUv": false },
														"south": { "texture": "#blackbronze2", "uv": [ 10.5, 2.0, 13.5, 2.5 ], "autoUv": false },
														"west": { "texture": "#blackbronze2", "uv": [ 0.5, 11.0, 2.5, 11.5 ], "autoUv": false, "enabled": false },
														"up": { "texture": "#blackbronze2", "uv": [ 0.5, 4.0, 3.5, 6.0 ], "autoUv": false },
														"down": { "texture": "#blackbronze2", "uv": [ 2.0, 1.0, 5.0, 3.0 ], "autoUv": false }
													},
													"children": [
														{
															"name": "bladehorn2",
															"from": [ 2.4, 0.0, 0.0 ],
															"to": [ 4.0, 0.16, 1.2 ],
															"rotationOrigin": [ 2.4, 0.08, 0.0 ],
															"rotationY": -15.0,
															"rotationZ": -1.0,
															"faces": {
																"north": { "texture": "#blackbronze2", "uv": [ 12.5, 11.5, 14.5, 12.0 ], "autoUv": false },
																"east": { "texture": "#blackbronze2", "uv": [ 4.0, 12.5, 5.5, 13.0 ], "autoUv": false },
																"south": { "texture": "#blackbronze2", "uv": [ 2.5, 7.5, 4.5, 8.0 ], "autoUv": false },
																"west": { "texture": "#blackbronze2", "uv": [ 2.5, 9.5, 4.0, 10.0 ], "autoUv": false, "enabled": false },
																"up": { "texture": "#blackbronze2", "uv": [ 11.5, 7.0, 13.5, 8.5 ], "autoUv": false },
																"down": { "texture": "#blackbronze2", "uv": [ 11.0, 3.5, 13.0, 5.0 ], "autoUv": false }
															},
															"children": [
																{
																	"name": "bladehorn3",
																	"from": [ 1.6, 0.0, 0.0 ],
																	"to": [ 3.2, 0.16, 0.8 ],
																	"rotationOrigin": [ 1.6, 0.08, 0.0 ],
																	"rotationY": -15.0,
																	"rotationZ": 1.0,
																	"faces": {
																		"north": { "texture": "#blackbronze2", "uv": [ 9.5, 4.0, 11.5, 4.5 ], "autoUv": false },
																		"east": { "texture": "#blackbronze2", "uv": [ 6.0, 6.0, 7.0, 6.5 ], "autoUv": false },
																		"south": { "texture": "#blackbronze2", "uv": [ 8.0, 1.5, 10.0, 2.0 ], "autoUv": false },
																		"west": { "texture": "#blackbronze2", "uv": [ 11.5, 10.0, 12.5, 10.5 ], "autoUv": false, "enabled": false },
																		"up": { "texture": "#blackbronze2", "uv": [ 3.5, 3.5, 5.5, 4.5 ], "autoUv": false },
																		"down": { "texture": "#blackbronze2", "uv": [ 0.5, 0.5, 2.5, 1.5 ], "autoUv": false }
																	}
																}
															]
														}
													]
												}
											]
										}
									]
								}
							]
						},
						{
							"name": "socket2",
							"from": [ 2.4, -0.16, -0.16 ],
							"to": [ 4.8, 1.36, 1.36 ],
							"rotationOrigin": [ 3.2, 0.0, 0.0 ],
							"faces": {
								"north": { "texture": "#blackbronze2", "uv": [ 10.5, 2.0, 13.5, 3.5 ], "autoUv": false },
								"east": { "texture": "#blackbronze2", "uv": [ 9.5, 7.5, 11.0, 9.0 ], "autoUv": false },
								"south": { "texture": "#blackbronze2", "uv": [ 7.0, 3.5, 10.0, 5.0 ], "autoUv": false },
								"west": { "texture": "#blackbronze2", "uv": [ 3.0, 9.5, 4.5, 11.0 ], "autoUv": false },
								"up": { "texture": "#blackbronze2", "uv": [ 4.5, 3.5, 7.5, 5.0 ], "autoUv": false },
								"down": { "texture": "#blackbronze2", "uv": [ 5.0, 1.5, 8.0, 3.0 ], "autoUv": false }
							},
							"children": [
								{
									"name": "bladeneck2",
									"from": [ 0.8, 0.52, -1.6 ],
									"to": [ 2.4, 0.92, 0.0 ],
									"rotationOrigin": [ 0.8, 0.72, 0.0 ],
									"faces": {
										"north": { "texture": "#blackbronze2", "uv": [ 3.5, 9.5, 5.5, 10.0 ], "autoUv": false },
										"east": { "texture": "#blackbronze2", "uv": [ 12.5, 7.0, 14.5, 7.5 ], "autoUv": false },
										"south": { "texture": "#blackbronze2", "uv": [ 11.5, 12.0, 13.5, 12.5 ], "autoUv": false, "enabled": false },
										"west": { "texture": "#blackbronze2", "uv": [ 0.5, 0.5, 2.5, 1.0 ], "autoUv": false },
										"up": { "texture": "#blackbronze2", "uv": [ 2.0, 12.5, 4.0, 14.5 ], "autoUv": false },
										"down": { "texture": "#blackbronze2", "uv": [ 2.5, 6.5, 4.5, 8.5 ], "autoUv": false }
									}
								}
							]
						}
					]
				}
			]
		}
	]}