{
	"code": "canmailbox",
	"class": "CANBlockGenericTypedContainer",
	"entityclass": "BEMailBox",
	"attributes": {
		"humanoidTraversalCost": 100,
		"reinforcable": true,
		"partialAttachable": true,
		"inventoryClassName": "canmailbox",
		"defaultType": "owl",
		"types": [ "owl", "wallmounted", "wallmounted-typed" ],
		"collisionSelectionBoxes": {
			"owl": [
				{
					"x1": 0.125,
					"y1": 0,
					"z1": 0.125,
					"x2": 0.875,
					"y2": 0.5625,
					"z2": 0.875
				}
			],
			"wallmounted": [
				{
					"x1": 0,
					"y1": 0,
					"z1": 0,
					"x2": 1,
					"y2": 1.0,
					"z2": 1
				}
			],
			"golden": [
				{
					"x1": 0.125,
					"y1": 0,
					"z1": 0.1875,
					"x2": 0.875,
					"y2": 0.4875,
					"z2": 0.75
				}
			],
			"golden-aged": [
				{
					"x1": 0.125,
					"y1": 0,
					"z1": 0.1875,
					"x2": 0.875,
					"y2": 0.4875,
					"z2": 0.75
				}
			]
		},
		"rotatatableInterval": {
			"normal-generic": "22.5degnot45deg",
			"golden": "22.5deg",
			"owl": "22.5deg",
			"normal-aged": "22.5degnot45deg",
			"golden-aged": "22.5deg",
			"owl-aged": "22.5deg",
			"collapsed1": "22.5degnot45deg",
			"collapsed2": "22.5degnot45deg",
			"collapsed3": "22.5degnot45deg"
		},
		"drop": {
			"normal-generic": true,
			"golden": true,
			"owl": true,
			"wallmounted": true,
			"wallmounted-typed": true,
			"normal-aged": true,
			"golden-aged": true,
			"owl-aged": true,
			"collapsed1": false,
			"collapsed2": false,
			"collapsed3": false
		},
		"quantitySlots": {
			"owl": 16,
			"wallmounted": 16
		},
		"dialogTitleLangCode": {
			"owl": "chestcontents",
			"wallmounted": "chestcontents"
		},
		"storageType": {
			"owl": 72,
			"wallmounted": 72
		},
		"retrieveOnly": {
			"owl": false,
			"wallmounted": false
		},
		"shape": {
			"owl": "canmailbox:mudbox",
			"wallmounted": "canmailbox:postbox",
			"wallmounted-typed": "canmailbox:postbox"
		},
		"typedOpenSound": {
			"normal-generic": "sounds/block/largechestopen",
			"normal-aged": "sounds/block/largechestopen",
			"collapsed1": "sounds/block/largechestopen",
			"collapsed2": "sounds/block/largechestopen",
			"collapsed3": "sounds/block/largechestopen"
		},
		"typedCloseSound": {
			"normal-generic": "sounds/block/largechestclose",
			"normal-aged": "sounds/block/largechestclose",
			"collapsed1": "sounds/block/largechestclose",
			"collapsed2": "sounds/block/largechestclose",
			"collapsed3": "sounds/block/largechestclose"
		},
		"variantByGroup": "side",
		"variantByGroupInventory": null
	},
	"behaviors": [
		{ "name": "Container" },
		{ "name": "BoatableGenericTypedContainer" }
	],
	"entityBehaviors": [ { "name": "Animatable" } ],
	"variantgroups": [
		{
			"code": "side",
			"loadFromProperties": "abstract/horizontalorientation"
		}
	],
	"creativeinventory": {},
	"creativeinventoryStacksByType": {
		"*-east": [
			{
				"tabs": [ "general", "decorative" ],
				"stacks": [
					{
						"type": "block",
						"code": "canmailbox-east",
						"attributes": { "type": "owl" }
					},
					{
						"type": "block",
						"code": "canmailbox-east",
						"attributes": { "type": "wallmounted" }
					},
					{
						"type": "block",
						"code": "canmailbox-east",
						"attributes": {
							"type": "wallmounted-typed",
							"wood": "oak"
						}
					},
					{
						"type": "block",
						"code": "canmailbox-east",
						"attributes": {
							"type": "wallmounted-typed",
							"wood": "acacia"
						}
					},
					{
						"type": "block",
						"code": "canmailbox-east",
						"attributes": {
							"type": "wallmounted-typed",
							"wood": "pine"
						}
					}
				]
			}
		]
	},
	"heldTpIdleAnimation": "holdunderarm",
	"shapeInventory": {
		"base": "game:block/wood/chest/normal",
		"rotateY": 270
	},
	"shapeByType": {
		"*-north": {
			"base": "game:block/wood/chest/normal",
			"rotateY": 0
		},
		"*-east": {
			"base": "game:block/wood/chest/normal",
			"rotateY": 270
		},
		"*-west": {
			"base": "game:block/wood/chest/normal",
			"rotateY": 90
		},
		"*-south": {
			"base": "game:block/wood/chest/normal",
			"rotateY": 180
		}
	},
	"_comment": "Must declare textures so they get added to the block texture atlas",
	"textures": {
		"owl-aged": {
			"base": "game:block/wood/debarked/aged"
		},
		"owl-copper": {
			"base": "game:block/metal/plate/copper"
		},
		"owl-iron": {
			"base": "game:block/metal/plate/iron"
		},
		"wallmounted": {
			"base": "game:block/metal/plate/iron"
		},
		"wallmounted-black": {
			"base": "game:block/black"
		},
		"wallmounted-red": {
			"base": "game:block/clay/hardened/red"
		},
		"wallmounted-iron": {
			"base": "game:block/metal/plate/iron"
		},
		"wallmounted-nickel": {
			"base": "game:block/metal/plate/nickel"
		},
		"wallmounted-iron5": {
			"base": "game:block/metal/sheet/iron5"
		},
		"wallmounted-molybdochalkos1": {
			"base": "game:block/metal/sheet/molybdochalkos1"
		},
		"wallmounted-inside": {
			"base": "game:block/wood/barrel/inside"
		},
		"wallmounted-inner side": {
			"base": "game:block/wood/bucket/inner side"
		},

		"normal-generic-sides2": { "base": "block/wood/trunk/sides" },
		"normal-generic-lid": { "base": "block/wood/trunk/lid" },
		"normal-generic-accessories": { "base": "block/wood/trunk/accessories" },

		"normal-aged-sides2": { "base": "block/wood/trunk/aged-sides" },
		"normal-aged-lid": { "base": "block/wood/trunk/aged-lid" },
		"normal-aged-accessories": { "base": "block/wood/trunk/aged-accessories" },

		"golden-top": { "base": "block/wood/chest/golden/top" },
		"golden-sides2": { "base": "block/wood/chest/golden/sides2" },
		"golden-sides1": { "base": "block/wood/chest/golden/sides1" },
		"golden-inside": { "base": "block/wood/chest/golden/inside" },

		"owl-top": { "base": "game:block/wood/chest/owl/top" },
		"owl-sides2": { "base": "game:block/wood/chest/owl/sides2" },
		"owl-sides1": { "base": "game:block/wood/chest/owl/sides1" },
		"owl-inside": { "base": "game:block/wood/chest/owl/inside" },

		"golden-aged-top": { "base": "block/wood/chest/golden-aged/top" },
		"golden-aged-sides2": { "base": "block/wood/chest/golden-aged/sides2" },
		"golden-aged-sides1": { "base": "block/wood/chest/golden-aged/sides1" },
		"golden-aged-inside": { "base": "block/wood/chest/golden-aged/inside" },

		"owl-aged-top": { "base": "block/wood/chest/owl-aged/top" },
		"owl-aged-sides2": { "base": "block/wood/chest/owl-aged/sides2" },
		"owl-aged-sides1": { "base": "block/wood/chest/owl-aged/sides1" },
		"owl-aged-inside": { "base": "block/wood/chest/owl-aged/inside" },


		"wallmounted-typed": {
			"base": "game:block/metal/plate/iron"
		},
		"wallmounted-typed-black": {
			"base": "game:block/black"
		},
		"wallmounted-typed-red": {
			"base": "game:block/clay/hardened/red"
		},
		"wallmounted-typed-iron": {
			"base": "game:block/metal/plate/iron"
		},
		"wallmounted-typed-nickel": {
			"base": "game:block/metal/plate/nickel"
		},
		"wallmounted-typed-iron5": {
			"base": "game:block/metal/sheet/iron5"
		},
		"wallmounted-typed-molybdochalkos1": {
			"base": "game:block/metal/sheet/molybdochalkos1"
		},
		"wallmounted-typed-inside": {
			"base": "game:block/wood/barrel/inside"
		},
		"wallmounted-typed-inner side": {
			"base": "game:block/wood/bucket/inner side"
		}
	},
	"blockmaterial": "Wood",
	"replaceable": 900,
	"resistance": 3,
	"lightAbsorption": 0,
	"sideAo": { "all": false },
	"sidesolid": {
		"all": false
	},
	"sideopaque": {
		"all": false
	},
	"collisionbox": {
		"x1": 0.0625,
		"y1": 0,
		"z1": 0.0625,
		"x2": 0.9375,
		"y2": 0.8125,
		"z2": 0.9375
	},
	"selectionbox": {
		"x1": 0.0625,
		"y1": 0,
		"z1": 0.0625,
		"x2": 0.9375,
		"y2": 0.8125,
		"z2": 0.9375
	},
	"combustibleProps": {
		"burnTemperature": 600,
		"burnDuration": 35
	},
	"sounds": {
		"place": "game:block/planks",
		"hit": "game:block/planks",
		"break": "game:block/planks",
		"walk": "game:walk/wood"
	},
	"materialDensity": 600,
	"tpHandTransform": {
		"translation": {
			"x": -0.9,
			"y": -0.5,
			"z": -0.3
		},
		"rotation": {
			"x": 0,
			"y": 90,
			"z": -102
		},
		"scale": 0.56
	},
	"guiTransform": {
		"rotation": {
			"x": -22.6,
			"y": -147,
			"z": 0
		},
		"origin": {
			"x": 0.41,
			"y": 0.5,
			"z": 0.5
		},
		"scale": 1.16
	}
}