{
	"code": "rawdecoratedplanter",
	"classByType": {
		"*": "Block"
	},
	"heldTpIdleAnimation": "holdunderarm",
	"behaviorsByType": {
		"*": [
			{ "name": "GroundStorable" },
			{
				"name": "Unplaceable",
				"__comment": "The ground storable obsoletes this being a block. Should be an item, but is kept a block for backwards compatibility"
			},
			{ "name": "RightClickPickup" }
		]
	},
	"attributes": {
		"tempGlowMode": 1,
		"sitHeight": 0.75,
		"filledShape": { "base": "block/clay/planter/full" },
		"fillHeight": 0.5
	},
	"variantgroups": [
		{
			"code": "type",
			"states": [ "amber", "ashforest", "copper", "cthonic", "earthern", "loam", "ochre", "rime", "seasalt", "tenmoku", "undergrowth" ]
		}
	],
	"creativeinventory": {
		"general": [ "*" ],
		"decorative": [ "*" ]
	},
	"shapeByType": {
		"*": { "base": "theworkingclasses:block/clay/planter/empty" }
	},
	"blockmaterial": "Ceramic",
	"replaceable": 900,
	"resistance": 1.5,
	"lightAbsorption": 1,
	"maxStackSize": 8,
	"texturesByType": {
		"*": {
			"sides": { "base": "theworkingclasses:block/clay/planter/{type}" },
			"soil": { "base": "game:block/clay/planter/soil" }
		}
	},
	"sidesolid": {
		"all": false
	},
	"sideopaque": {
		"all": false
	},
	"emitsideao": {
		"all": false
	},
	"sounds": {
		"walk": "game:walk/stone",
		"break": "game:block/ceramicplace",
		"hit": "game:block/ceramichit",
		"place": "game:block/ceramicplace"
	},
	"combustiblePropsByType": {
		"rawdecoratedplanter-*": {
			"meltingPoint": 600,
			"meltingDuration": 30,
			"smeltedRatio": 1,
			"smeltingType": "fire",
			"smeltedStack": {
				"type": "block",
				"code": "game:clayplanter-{type}"
			},
			"requiresContainer": false
		}
	},
	"collisionbox": {
		"x1": 0.125,
		"y1": 0,
		"z1": 0.125,
		"x2": 0.875,
		"y2": 0.5625,
		"z2": 0.875
	},
	"selectionbox": {
		"x1": 0.125,
		"y1": 0,
		"z1": 0.125,
		"x2": 0.875,
		"y2": 0.5625,
		"z2": 0.875
	},
	"guiTransform": {
		"origin": {
			"x": 0.5,
			"y": 0.4,
			"z": 0.5
		},
		"scale": 1.42
	},
	"tpHandTransform": {
		"translation": {
			"x": -1.1,
			"y": -0.5,
			"z": -1
		},
		"rotation": {
			"x": 0,
			"y": -86,
			"z": -84
		},
		"scale": 0.47
	}
}