[
  {
    "op": "remove",
    "path": "/attributes/attachableToEntity/attachedShapeBySlotCodeByType/*/*",
    "file": "game:itemtypes/wearable/animal/hooved.json",
    "side": "Server"
  },
  {
    "op": "addmerge",
    "path": "/attributes/attachableToEntity/attachedShapeBySlotCodeByType/*/*-megalocerosgiganteus",
    "value": {
      "base": "cervinae:item/wearable/megalocerosgiganteus/{type}-megalocerosgiganteus"
    },
    "file": "game:itemtypes/wearable/animal/hooved.json",
    "side": "Server"
  },
  {
    "op": "addmerge",
    "path": "/attributes/attachableToEntity/attachedShapeBySlotCodeByType/*/*",
    "value": {
      "base": "game:item/wearable/hooved/{type}-elk"
    },
    "file": "game:itemtypes/wearable/animal/hooved.json",
    "side": "Server"
  },
  {
    "op": "remove",
    "path": "/attributes/attachableToEntity/attachedShapeBySlotCodeByType/*-face*/*",
    "file": "game:itemtypes/wearable/animal/hooved.json",
    "side": "Server"
  },
  {
    "op": "addmerge",
    "path": "/attributes/attachableToEntity/attachedShapeBySlotCodeByType/*-face*/*-megalocerosgiganteus",
    "value": {
      "base": "cervinae:item/wearable/megalocerosgiganteus/face/{type}-megalocerosgiganteus"
    },
    "file": "game:itemtypes/wearable/animal/hooved.json",
    "side": "Server"
  },
  {
    "op": "addmerge",
    "path": "/attributes/attachableToEntity/attachedShapeBySlotCodeByType/*-face*/*",
    "value": {
      "base": "game:item/wearable/hooved/face/{type}-elk"
    },
    "file": "game:itemtypes/wearable/animal/hooved.json",
    "side": "Server"
  }
]