[
  {
    "op": "addmerge",
    "path": "/attributes/onAntlerMountTransformByType/antler-megalocerosgiganteus-*",
    "value": {
      "translation": {"x": -0.2,"y": 0.2,"z": -0.325},
      "rotation": {"x": 180,"y": 1,"z": -73},
      "origin": {"x": 0.52,"y": 0.5,"z": 0.5}
    },
    "file": "game:itemtypes/resource/antler.json",
    "side": "Server"
  },
  {
    "op": "addmerge",
    "path": "/groundTransformByType/antler-megalocerosgiganteus-01",
    "value": {
      "translation": {"x": 0,"y": -0.06,"z": 0},
      "rotation": {"x": 0,"y": 0,"z": -51},
      "origin": {"x": 0.5,"y": 0.6,"z": 0.5},
      "scale": 5
    },
    "file": "game:itemtypes/resource/antler.json",
    "side": "Server"
  },
  {
    "op": "addmerge",
    "path": "/groundTransformByType/antler-megalocerosgiganteus-02",
    "value": {
      "translation": {"x": 0,"y": 0.05,"z": 0},
      "rotation": {"x": 0,"y": 0,"z": -36},
      "origin": {"x": 0.5,"y": 0.6,"z": 0.5},
      "scale": 5
    },
    "file": "game:itemtypes/resource/antler.json",
    "side": "Server"
  },
  {
    "op": "addmerge",
    "path": "/groundTransformByType/antler-megalocerosgiganteus-03",
    "value": {
      "translation": {"x": 0,"y": -0.03,"z": 0},
      "rotation": {"x": 0,"y": 0,"z": -46},
      "origin": {"x": 0.5,"y": 0.6,"z": 0.5},
      "scale": 5
    },
    "file": "game:itemtypes/resource/antler.json",
    "side": "Server"
  },
  {
    "op": "addmerge",
    "path": "/groundTransformByType/antler-megalocerosgiganteus-04",
    "value": {
      "translation": {"x": 0,"y": 0.02,"z": 0},
      "rotation": {"x": 0,"y": 0,"z": -41},
      "origin": {"x": 0.5,"y": 0.6,"z": 0.5},
      "scale": 5
    },
    "file": "game:itemtypes/resource/antler.json",
    "side": "Server"
  },
  {
    "op": "addmerge",
    "path": "/groundTransformByType/antler-megalocerosgiganteus-05",
    "value": {
      "translation": {"x": 0,"y": 0.01,"z": 0},
      "rotation": {"x": 0,"y": 0,"z": -44},
      "origin": {"x": 0.5,"y": 0.6,"z": 0.5},
      "scale": 5
    },
    "file": "game:itemtypes/resource/antler.json",
    "side": "Server"
  },
  {
    "op": "addmerge",
    "path": "/groundTransformByType/antler-megalocerosgiganteus-06",
    "value": {
      "translation": {"x": 0,"y": 0.02,"z": 0},
      "rotation": {"x": 0,"y": 0,"z": -41},
      "origin": {"x": 0.5,"y": 0.6,"z": 0.5},
      "scale": 5
    },
    "file": "game:itemtypes/resource/antler.json",
    "side": "Server"
  },
  {
    "op": "addmerge",
    "path": "/groundTransformByType/antler-megalocerosgiganteus-07",
    "value": {
      "translation": {"x": 0,"y": 0.02,"z": 0},
      "rotation": {"x": 0,"y": 0,"z": -40},
      "origin": {"x": 0.5,"y": 0.6,"z": 0.5},
      "scale": 5
    },
    "file": "game:itemtypes/resource/antler.json",
    "side": "Server"
  },
  {
    "op": "addmerge",
    "path": "/groundTransformByType/antler-megalocerosgiganteus-08",
    "value": {
      "translation": {"x": 0,"y": 0.03,"z": 0},
      "rotation": {"x": 0,"y": 0,"z": -42},
      "origin": {"x": 0.5,"y": 0.6,"z": 0.5},
      "scale": 5
    },
    "file": "game:itemtypes/resource/antler.json",
    "side": "Server"
  },
  {
    "op": "addmerge",
    "path": "/groundTransformByType/antler-megalocerosgiganteus-09",
    "value": {
      "translation": {"x": 0,"y": 0.04,"z": 0},
      "rotation": {"x": 0,"y": 0,"z": -41},
      "origin": {"x": 0.5,"y": 0.6,"z": 0.5},
      "scale": 5
    },
    "file": "game:itemtypes/resource/antler.json",
    "side": "Server"
  },
  {
    "op": "addmerge",
    "path": "/guiTransformByType/antler-megalocerosgiganteus-*",
    "value": {
      "translation": {"x": 0,"y": 0,"z": 0},
      "rotation": {"x": 164,"y": -29,"z": 21},
      "origin": {"x": 0.4,"y": 0.7,"z": 0.5},
      "scale": 1.34
    },
    "file": "game:itemtypes/resource/antler.json",
    "side": "Server"
  },
  {
    "op": "addmerge",
    "path": "/shapeByType/antler-megalocerosgiganteus-*",
    "value": {
      "base": "cervinae:entity/cervini/megalocerosgiganteus/antlers{size}"
    },
    "file": "game:itemtypes/resource/antler.json",
    "side": "Server"
  },
  {
    "op": "addmerge",
    "path": "/tpHandTransformByType/antler-megalocerosgiganteus-*",
    "value": {
      "translation": {"x": -0.1,"y": -0.4,"z": -0.5},
      "rotation": {"x": -74,"y": -36,"z": -48},
      "origin": {"x": 0.12,"y": 0.33,"z": 0.28},
      "scale": 0.71
    },
    "file": "game:itemtypes/resource/antler.json",
    "side": "Server"
  },
  {
    "op": "addmerge",
    "path": "/variantgroups/0/states/-",
    "value": "megalocerosgiganteus",
    "file": "game:itemtypes/resource/antler.json",
    "side": "Server"
  },
  {
    "op": "remove",
    "path": "/attributes/onAntlerMountTransformByType/*",
    "file": "game:itemtypes/resource/antler.json",
    "side": "Server"
  },
  {
    "op": "remove",
    "path": "/groundTransformByType/*",
    "file": "game:itemtypes/resource/antler.json",
    "side": "Server"
  },
  {
    "op": "remove",
    "path": "/shapeByType/*",
    "file": "game:itemtypes/resource/antler.json",
    "side": "Server"
  },
  {
    "op": "remove",
    "path": "/tpHandTransformByType/*",
    "file": "game:itemtypes/resource/antler.json",
    "side": "Server"
  },{
    "op": "addmerge",
    "path": "/attributes/onAntlerMountTransformByType/*",
    "value": {
      "translation": {"x": -0.1,"y": 0.133,"z": 0.42},
      "rotation": {"x": -180,"y": 0,"z": -63},
      "origin": {"x": 0.2,"y": 0.2,"z": 0.2}
    },
    "file": "game:itemtypes/resource/antler.json",
    "side": "Server"
  },
  {
    "op": "addmerge",
    "path": "/groundTransformByType/*",
    "value": {
      "translation": {"x": 0,"y": 0.04,"z": 0},
      "rotation": {"x": 0,"y": 0,"z": 0},
      "origin": {"x": 0.5,"y": 0.6,"z": 0.5},
      "scale": 5
    },
    "file": "game:itemtypes/resource/antler.json",
    "side": "Server"
  },
  {
    "op": "addmerge",
    "path": "/shapeByType/*",
    "value": {
      "base": "entity/animal/mammal/hooved/deer/{type}/antlers{size}"
    },
    "file": "game:itemtypes/resource/antler.json",
    "side": "Server"
  },
  {
    "op": "addmerge",
    "path": "/tpHandTransformByType/*",
    "value": {
      "translation": {"x": -0.15,"y": -0.9,"z": -0.26},
      "rotation": {"x": 0,"y": -94,"z": -144},
      "origin": {"x": 0.53,"y": 0.42,"z": 0.52},
      "scale": 1.0
    },
    "file": "game:itemtypes/resource/antler.json",
    "side": "Server"
  }
]