[
{
	"enabled": true,
	"op": "addmerge",
	"path": "/variantgroups/1/states",
	"value": [
		"whitecatmint", "pinkcatmint", "persianbluecatmint", "bluecatmint",
		"scarletheather", "blueheather", "orangeheather", "yellowheather", 
		"pinkcornflower", "burgundycornflower", "redcornflower", "whitecornflower",
		"redmallow", "yellowmallow", "bluemallow", "pinkmallow",
		"bluepoppy", "redpoppy", "pinkpoppy", "yellowpoppy",
		"redbroom", "orangebroom", "pinkbroom", "burgundybroom",
		"pinklilyofthevalley", "purplelilyofthevalley",
		"pinkforgetmenot", "blueforgetmenot"
	],
	"file": "wildfarmingrevival:itemtypes/wildseeds.json",
	"side": "server",
	"dependsOn": [{ "modid": "wildfarmingrevival"}, { "modid": "materialneeds"}]
}
]