{
	"editor": {
		"allAngles": false,
		"entityTextureMode": false
	},
	"textureWidth": 16,
	"textureHeight": 16,
	"textureSizes": {
	},
	"textures": {
	},
	"elements": [
		{
			"name": "origin",
			"from": [ 4.0, -1.0, 6.0 ], 
			"to": [ 4.0, -1.0, 6.0 ], 
			"rotationOrigin": [ 8.0, 0.0, 8.0 ],
			"faces": {
				"north": { "texture": "#null", "uv": [ 0.0, 0.0, 0.5, 0.5 ], "enabled": false },
				"east": { "texture": "#null", "uv": [ 0.0, 0.0, 0.5, 0.5 ], "enabled": false },
				"south": { "texture": "#null", "uv": [ 0.0, 0.0, 0.5, 0.5 ], "enabled": false },
				"west": { "texture": "#null", "uv": [ 0.0, 0.0, 0.5, 0.5 ], "enabled": false },
				"up": { "texture": "#null", "uv": [ 0.0, 0.0, 0.5, 0.5 ], "enabled": false },
				"down": { "texture": "#null", "uv": [ 0.0, 0.0, 0.5, 0.5 ], "enabled": false }
			},
			"children": [
				{
					"name": "plate",
					"from": [ -12.0, 0.0, 1.0 ], 
					"to": [ 1.0, 8.0, 1.5 ], 
					"rotationOrigin": [ 0.0, 0.0, 0.0 ],
					"rotationX": -90.0,
					"rotationZ": -90.0,
					"faces": {
						"north": { "texture": "#material", "uv": [ 1.5, 2.0, 14.5, 10.0 ], "windMode": [-1,-1,-1,-1] },
						"east": { "texture": "#material", "uv": [ 15.0, 4.0, 15.5, 12.0 ], "enabled": false },
						"south": { "texture": "#material", "uv": [ 1.5, 2.0, 14.5, 10.0 ], "windMode": [-1,-1,-1,-1] },
						"west": { "texture": "#material", "uv": [ 0.0, 6.0, 0.5, 14.0 ], "enabled": false },
						"up": { "texture": "#material", "uv": [ 3.0, 0.0, 16.0, 0.5 ], "enabled": false },
						"down": { "texture": "#material", "uv": [ 1.0, 15.0, 14.0, 15.5 ], "rotation": 180, "enabled": false }
					},
					"children": [
						{
							"name": "screw3",
							"from": [ 0.0, 1.5, 0.6 ], 
							"to": [ 13.0, 4.5, 1.0 ], 
							"rotationOrigin": [ 4.0, 2.0, 0.5 ],
							"rotationX": -170.0,
							"faces": {
								"north": { "texture": "#material", "uv": [ 0.0, 0.0, 13.0, 3.0 ], "enabled": false },
								"east": { "texture": "#material", "uv": [ 7.5, 5.5, 8.0, 8.5 ] },
								"south": { "texture": "#material", "uv": [ 1.5, 5.0, 14.5, 8.0 ] },
								"west": { "texture": "#material", "uv": [ 6.5, 5.5, 7.0, 8.5 ] },
								"up": { "texture": "#material", "uv": [ 1.5, 11.5, 14.5, 12.0 ] },
								"down": { "texture": "#material", "uv": [ 1.0, 1.0, 14.0, 1.5 ] }
							}
						},
						{
							"name": "border-top",
							"from": [ -0.5, 8.0, 0.0 ], 
							"to": [ 13.5, 8.5, 1.0 ], 
							"rotationOrigin": [ 6.5, 8.0, 0.4 ],
							"faces": {
								"north": { "texture": "#material", "uv": [ 0.0, 0.0, 14.0, 0.5 ] },
								"east": { "texture": "#material", "uv": [ 0.0, 0.0, 1.0, 0.5 ] },
								"south": { "texture": "#material", "uv": [ 0.0, 0.0, 14.0, 0.5 ] },
								"west": { "texture": "#material", "uv": [ 0.0, 0.0, 1.0, 0.5 ] },
								"up": { "texture": "#material", "uv": [ 1.0, 15.0, 15.0, 16.0 ] },
								"down": { "texture": "#material", "uv": [ 1.0, 0.0, 15.0, 1.0 ] }
							}
						},
						{
							"name": "plateW",
							"from": [ -1.0, 1.0, 0.0 ], 
							"to": [ 0.0, 7.0, 0.5 ], 
							"rotationOrigin": [ -1.0, 1.0, 0.0 ],
							"faces": {
								"north": { "texture": "#material", "uv": [ 11.5, 6.0, 12.5, 12.0 ] },
								"east": { "texture": "#material", "uv": [ 0.0, 0.0, 0.5, 6.0 ], "enabled": false },
								"south": { "texture": "#material", "uv": [ 1.5, 6.0, 2.5, 12.0 ] },
								"west": { "texture": "#material", "uv": [ 0.0, 0.0, 0.5, 6.0 ], "enabled": false },
								"up": { "texture": "#material", "uv": [ 0.0, 0.0, 1.0, 0.5 ], "enabled": false },
								"down": { "texture": "#material", "uv": [ 0.0, 0.0, 1.0, 0.5 ], "enabled": false }
							}
						},
						{
							"name": "plateE",
							"from": [ 13.0, 1.0, 0.0 ], 
							"to": [ 14.0, 7.0, 0.5 ], 
							"rotationOrigin": [ 13.0, 1.0, 0.0 ],
							"faces": {
								"north": { "texture": "#material", "uv": [ 13.0, 5.5, 14.0, 11.5 ] },
								"east": { "texture": "#material", "uv": [ 0.0, 0.0, 0.5, 6.0 ], "enabled": false },
								"south": { "texture": "#material", "uv": [ 13.5, 7.0, 14.5, 13.0 ], "windMode": [-1,-1,-1,-1] },
								"west": { "texture": "#material", "uv": [ 0.0, 0.0, 0.5, 6.0 ], "enabled": false },
								"up": { "texture": "#material", "uv": [ 0.0, 0.0, 1.0, 0.5 ], "enabled": false },
								"down": { "texture": "#material", "uv": [ 0.0, 0.0, 1.0, 0.5 ], "enabled": false }
							}
						},
						{
							"name": "border-bottom",
							"from": [ -0.5, -0.5, 0.0 ], 
							"to": [ 13.5, 0.0, 1.0 ], 
							"rotationOrigin": [ 6.5, 0.0, 0.4 ],
							"faces": {
								"north": { "texture": "#material", "uv": [ 0.0, 0.0, 14.0, 0.5 ] },
								"east": { "texture": "#material", "uv": [ 0.0, 0.0, 1.0, 0.5 ] },
								"south": { "texture": "#material", "uv": [ 0.0, 0.0, 14.0, 0.5 ] },
								"west": { "texture": "#material", "uv": [ 0.0, 0.0, 1.0, 0.5 ] },
								"up": { "texture": "#material", "uv": [ 1.0, 15.0, 15.0, 16.0 ] },
								"down": { "texture": "#material", "uv": [ 1.0, 0.0, 15.0, 1.0 ] }
							}
						},
						{
							"name": "border-W",
							"from": [ -1.5, 0.5, 0.0 ], 
							"to": [ -1.0, 7.5, 1.0 ], 
							"rotationOrigin": [ -1.5, 3.5, 0.0 ],
							"faces": {
								"north": { "texture": "#material", "uv": [ 15.5, 8.0, 16.0, 15.0 ] },
								"east": { "texture": "#material", "uv": [ 0.0, 2.0, 1.0, 9.0 ] },
								"south": { "texture": "#material", "uv": [ 0.0, 8.0, 0.5, 15.0 ] },
								"west": { "texture": "#material", "uv": [ 15.0, 5.0, 16.0, 12.0 ] },
								"up": { "texture": "#material", "uv": [ 15.5, 13.0, 16.0, 14.0 ] },
								"down": { "texture": "#material", "uv": [ 0.0, 6.0, 0.5, 7.0 ] }
							}
						},
						{
							"name": "border-E",
							"from": [ 14.0, 0.5, 0.0 ], 
							"to": [ 14.5, 7.5, 1.0 ], 
							"rotationOrigin": [ 14.0, 3.5, 0.0 ],
							"faces": {
								"north": { "texture": "#material", "uv": [ 15.5, 8.0, 16.0, 15.0 ] },
								"east": { "texture": "#material", "uv": [ 0.0, 2.0, 1.0, 9.0 ] },
								"south": { "texture": "#material", "uv": [ 0.0, 8.0, 0.5, 15.0 ] },
								"west": { "texture": "#material", "uv": [ 15.0, 5.0, 16.0, 12.0 ] },
								"up": { "texture": "#material", "uv": [ 15.5, 13.0, 16.0, 14.0 ] },
								"down": { "texture": "#material", "uv": [ 0.0, 6.0, 0.5, 7.0 ] }
							}
						},
						{
							"name": "corner-1A",
							"from": [ -1.0, 7.0, 0.0 ], 
							"to": [ 0.0, 7.5, 1.0 ], 
							"rotationOrigin": [ -1.0, 7.0, 0.0 ],
							"faces": {
								"north": { "texture": "#material", "uv": [ 0.0, 0.0, 1.0, 0.5 ] },
								"east": { "texture": "#material", "uv": [ 12.0, 0.0, 13.0, 0.5 ] },
								"south": { "texture": "#material", "uv": [ 9.0, 0.0, 10.0, 0.5 ] },
								"west": { "texture": "#material", "uv": [ 0.0, 0.0, 1.0, 0.5 ], "enabled": false },
								"up": { "texture": "#material", "uv": [ 0.0, 11.0, 1.0, 12.0 ] },
								"down": { "texture": "#material", "uv": [ 15.0, 15.0, 16.0, 16.0 ] }
							},
							"children": [
								{
									"name": "corner-1B",
									"from": [ 0.5, 0.5, 0.0 ], 
									"to": [ 1.0, 1.0, 1.0 ], 
									"rotationOrigin": [ 0.5, 0.5, 0.5 ],
									"faces": {
										"north": { "texture": "#material", "uv": [ 0.0, 15.0, 0.5, 15.5 ] },
										"east": { "texture": "#material", "uv": [ 5.0, 0.0, 6.0, 0.5 ] },
										"south": { "texture": "#material", "uv": [ 8.0, 15.5, 8.5, 16.0 ] },
										"west": { "texture": "#material", "uv": [ 12.0, 0.0, 13.0, 0.5 ] },
										"up": { "texture": "#material", "uv": [ 0.0, 0.0, 0.5, 1.0 ], "enabled": false },
										"down": { "texture": "#material", "uv": [ 0.0, 0.0, 0.5, 1.0 ], "enabled": false }
									}
								}
							]
						},
						{
							"name": "corner-2A",
							"from": [ -1.0, 0.5, 0.0 ], 
							"to": [ 0.0, 1.0, 1.0 ], 
							"rotationOrigin": [ -1.0, 0.5, 0.0 ],
							"faces": {
								"north": { "texture": "#material", "uv": [ 11.0, 0.0, 12.0, 0.5 ] },
								"east": { "texture": "#material", "uv": [ 12.0, 15.5, 13.0, 16.0 ] },
								"south": { "texture": "#material", "uv": [ 0.0, 11.0, 0.5, 12.0 ], "rotation": 90 },
								"west": { "texture": "#material", "uv": [ 0.0, 0.0, 1.0, 0.5 ], "enabled": false },
								"up": { "texture": "#material", "uv": [ 0.0, 15.0, 1.0, 16.0 ] },
								"down": { "texture": "#material", "uv": [ 15.0, 9.0, 16.0, 10.0 ] }
							},
							"children": [
								{
									"name": "corner-2B",
									"from": [ 0.5, -0.5, 0.0 ], 
									"to": [ 1.0, 0.0, 1.0 ], 
									"rotationOrigin": [ 0.5, -0.5, 0.5 ],
									"faces": {
										"north": { "texture": "#material", "uv": [ 6.0, 15.5, 6.5, 16.0 ] },
										"east": { "texture": "#material", "uv": [ 15.5, 7.0, 16.0, 8.0 ], "rotation": 90 },
										"south": { "texture": "#material", "uv": [ 14.0, 15.5, 14.5, 16.0 ] },
										"west": { "texture": "#material", "uv": [ 12.0, 15.5, 13.0, 16.0 ] },
										"up": { "texture": "#material", "uv": [ 0.0, 0.0, 0.5, 1.0 ], "enabled": false },
										"down": { "texture": "#material", "uv": [ 0.0, 0.0, 0.5, 1.0 ], "enabled": false }
									}
								}
							]
						},
						{
							"name": "corner-3A",
							"from": [ 13.0, 0.5, 0.0 ], 
							"to": [ 14.0, 1.0, 1.0 ], 
							"rotationOrigin": [ 13.0, 0.5, 0.0 ],
							"faces": {
								"north": { "texture": "#material", "uv": [ 4.0, 0.0, 5.0, 0.5 ] },
								"east": { "texture": "#material", "uv": [ 12.0, 15.5, 13.0, 16.0 ], "enabled": false, "windMode": [-1,-1,-1,-1] },
								"south": { "texture": "#material", "uv": [ 0.0, 15.0, 0.5, 16.0 ], "rotation": 90 },
								"west": { "texture": "#material", "uv": [ 8.0, 0.0, 9.0, 0.5 ], "windMode": [-1,-1,-1,-1] },
								"up": { "texture": "#material", "uv": [ 5.0, 15.0, 6.0, 16.0 ] },
								"down": { "texture": "#material", "uv": [ 15.0, 4.0, 16.0, 5.0 ] }
							},
							"children": [
								{
									"name": "corner-3B",
									"from": [ 0.0, -0.5, 0.0 ], 
									"to": [ 0.5, 0.0, 1.0 ], 
									"rotationOrigin": [ 0.0, -0.5, 0.5 ],
									"faces": {
										"north": { "texture": "#material", "uv": [ 2.0, 15.5, 2.5, 16.0 ] },
										"east": { "texture": "#material", "uv": [ 15.5, 9.0, 16.0, 10.0 ], "rotation": 90 },
										"south": { "texture": "#material", "uv": [ 9.0, 15.5, 9.5, 16.0 ] },
										"west": { "texture": "#material", "uv": [ 4.0, 15.5, 5.0, 16.0 ] },
										"up": { "texture": "#material", "uv": [ 0.0, 0.0, 0.5, 1.0 ], "enabled": false },
										"down": { "texture": "#material", "uv": [ 0.0, 0.0, 0.5, 1.0 ], "enabled": false }
									}
								}
							]
						},
						{
							"name": "corner-4A",
							"from": [ 13.0, 7.0, 0.0 ], 
							"to": [ 14.0, 7.5, 1.0 ], 
							"rotationOrigin": [ 13.0, 7.0, 0.0 ],
							"faces": {
								"north": { "texture": "#material", "uv": [ 13.0, 0.0, 14.0, 0.5 ] },
								"east": { "texture": "#material", "uv": [ 12.0, 15.5, 13.0, 16.0 ], "enabled": false },
								"south": { "texture": "#material", "uv": [ 14.0, 15.5, 15.0, 16.0 ] },
								"west": { "texture": "#material", "uv": [ 11.0, 15.5, 12.0, 16.0 ] },
								"up": { "texture": "#material", "uv": [ 5.0, 0.0, 6.0, 1.0 ] },
								"down": { "texture": "#material", "uv": [ 15.0, 2.0, 16.0, 3.0 ] }
							},
							"children": [
								{
									"name": "corner-4B",
									"from": [ 0.0, 0.5, 0.0 ], 
									"to": [ 0.5, 1.0, 1.0 ], 
									"rotationOrigin": [ 0.0, 0.5, 0.5 ],
									"faces": {
										"north": { "texture": "#material", "uv": [ 12.0, 15.5, 12.5, 16.0 ] },
										"east": { "texture": "#material", "uv": [ 15.5, 15.0, 16.0, 16.0 ], "rotation": 90 },
										"south": { "texture": "#material", "uv": [ 15.0, 15.5, 15.5, 16.0 ] },
										"west": { "texture": "#material", "uv": [ 9.0, 15.5, 10.0, 16.0 ] },
										"up": { "texture": "#material", "uv": [ 0.0, 0.0, 0.5, 1.0 ], "enabled": false },
										"down": { "texture": "#material", "uv": [ 0.0, 0.0, 0.5, 1.0 ], "enabled": false }
									}
								}
							]
						}
					]
				}
			]
		}
	]}