{
	"ingredient": { "type": "item", "code": "game:clay-*", "name": "color", "allowedVariants": ["blue", "fire", "red"] },
	"pattern": [[
		"##############",
		"##############",
		"##############",
		"##############",
		"##############",
		"##############",
		"##############",
		"##############",
		"##############",
		"##############",
		"##############",
		"##############",
		"##############",
		"##############"
	],
	[
		"##############",
		"###________###",
		"##__######__##",
		"#__########__#",
		"#_##########_#",
		"#_##########_#",
		"#_##########_#",
		"#_##########_#",
		"#_##########_#",
		"#_##########_#",
		"#__########__#",
		"##__######__##",
		"###________###",
		"##############"
	]
],
	"name": "Hoop Mold",
	"output": { "type": "block", "code": "toolmold-{color}-raw-hoop"  }
}