{
	"code": "strips",
	"attributes": {
		"handbook": { "groupBy": [ "strips-*" ] }
	},
	"variantgroups": [
		{ "code": "material", "states": [ "papyrus" ] },
		{ "code": "type", "states": [ "dry", "wet" ] }
	],
	"shape": { "base": "bookbinders:item/resource/papyrus_strips" },
	"texturesByType": {
		"strips-papyrus-dry": {
			"mat": { "base": "game:block/reed/beehive/beeswax" },
			"tie": { "base": "game:block/cloth/linen/normal1" }
		},
		"strips-papyrus-wet": {
			"mat": { "base": "game:block/cloth/linen/yellow" },
			"tie": { "base": "game:block/cloth/linen/mordant" }
		}
	},
	"creativeinventory": { "general": ["*"], "items": ["*"], "library": [ "*" ] },
	"materialDensity": 100,
	"maxstacksize": 64,
	"combustiblePropsByType": {
		"strips-papyrus-dry": {
			"burnTemperature": 600,
			"burnDuration": 4
		}
	},
	"transitionablePropsByType": {
		"strips-papyrus-wet": [ {
			"type": "Dry",
			"freshHours": { "avg": 12 },
			"transitionHours": { "avg": 24 },
			"transitionedStack": { "type": "item", "code": "bookbinders:strips-papyrus-dry" },
			"transitionRatio": 1
		} ]
	},
	"guiTransform": {
		"translation": { "x": 3, "y": -7, "z": 0 },
		"rotation": { "x": 108, "y": -60, "z": -17 },
		"origin": { "x": 0.49, "y": 0.34, "z": 0.47 },
		"scale": 1.27
	},
	"tpHandTransform": {
		"translation": { "x": -0.7, "y": -1.2, "z": -0.7 },
		"rotation": { "x": 180, "y": 3, "z": 3 },
		"scale": 0.68
	},
	"groundTransform": {
		"translation": { "x": 0, "y": -0.24, "z": 0 },
		"rotation": { "x": -180, "y": 2, "z": 4 },
		"scale": 2.9
	}
}
