{
	"code": "signature",
	"behaviors": [
		{ "name": "GroundStorable", "properties": { "layout": "Quadrants", "collisionBox": { "x1": 0, "y1": 0, "z1": 0, "x2": 1, "y2": 0.05, "z2": 1 } } }
	],
	"attributes": {
		"handbook": {
			"extraSections": [ { "title": "game:handbook-item-usage", "text": "bookbinders:handbook-item-signature" } ]
		},
		"displaycaseable": true,
		"shelvable": true,
		"groundStorageTransformByType": {
			"signature-normal": {
				"translation": { "x": 0, "y": -0.02, "z": 0 },
				"rotation": { "x": 0, "y": -22, "z": 0 },
				"origin": { "x": 0.5, "y": 0.15, "z": 0.5 },
				"scale": 0.9
			},
			"signature-large": {
				"translation": { "x": 0, "y": -0.02, "z": 0 },
				"rotation": { "x": 0, "y": -22, "z": 0 },
				"origin": { "x": 0.5, "y": 0.15, "z": 0.5 },
				"scale": 0.85
			}
		}
	},
	"variantgroups": [
		{ "code": "size", "states": [ "normal", "large" ] }
	],
	"shape": { "base": "bookbinders:item/resource/signature_{size}" },
	"textures": {
		"all": { "base": "bookbinders:item/parchment/signature" }
	},
	"creativeinventory": { "general": ["*"], "items": ["*"], "library": ["*"] },
	"maxstacksize": 16,
	"materialDensity": 250,
	"combustibleProps": {
		"burnTemperature": 200,
		"burnDuration": 4
	},
	"tpHandTransform": {
		"translation": { "x": 1.5, "y": 1.5, "z": 0.25 },
		"rotation": { "x": 90, "y": 90, "z": -8 },
		"origin": { "x": -0.5, "y": -0.5, "z": -0.5 },
		"scale": 0.8
	},
	"groundTransform": {
		"translation": { "x": 0, "y": 0.38, "z": 0 },
		"rotation": { "x": 0, "y": 0, "z": 2 },
		"origin": { "x": 0.5, "y": 0.5, "z": 0 },
		"scale": 3.6
	},
	"guiTransform": {
		"translation": { "x": 2, "y": 0, "z": 0 },
		"rotation": { "x": -68, "y": 130, "z": 9 },
		"origin": { "x": 0.5, "y": 0, "z": 0.5 },
		"scale": 2.4
	}
}
