{
	"editor": {
		"backDropShape": "D:/Hry/Vintagestory121/assets/game/shapes/entity/humanoid/seraph-hairless",
		"collapsedPaths": ",Root/ArmorHelmet/FrontFace1,Root/ArmorHelmet/ArmorHelmetTop,Root/ArmorHelmet/ArmorHelmetTop/WingBaseR2,Root/ArmorHelmet/Back1,Root/ArmorHelmet/Nose1,Root/ArmorHelmet/ArmorHelmetTop/WingBaseR/WingR2/WingR14,Root/ArmorHelmet/ArmorHelmetTop/WingBaseR/WingR2/WingR3/WingR4,Root/ArmorHelmet/WingBaseR2,Root/ArmorHelmet/ArmorHelmetTop/WingBaseR/WingR2/WingR3/WingR4/WingR5,Root/ArmorHelmet/WingBaseR,Root/ArmorHelmet/ArmorHelmetTop/WingBaseR/WingR2/WingR3,Root/ArmorHelmet/ArmorHelmetTop/WingBaseR",
		"allAngles": true,
		"entityTextureMode": true
	},
	"textureWidth": 64,
	"textureHeight": 64,
	"textureSizes": {
	},
	"textures": {
			"templarhead": "armor/entity/templar_helmets_steel",
			"plume": "block/plume/plumered"
	},
	"elements": [
		{
			"name": "ArmorHelmet",
			"stepParentName": "Head",
			"from": [ -0.2, -0.37, -0.65 ],
			"to": [ 6.0, 5.43, 5.65 ],
			"unwrapMode": 4,
			"uv": [ 27.0, 15.0 ],
			"rotationOrigin": [ -0.2, -0.4, -0.6 ],
			"faces": {
				"north": { "texture": "#templarhead", "uv": [ 27.0, 21.0, 33.0, 26.5 ] },
				"east": { "texture": "#templarhead", "uv": [ 45.0, 21.0, 51.0, 26.5 ] },
				"south": { "texture": "#templarhead", "uv": [ 39.0, 21.0, 45.0, 26.5 ] },
				"west": { "texture": "#templarhead", "uv": [ 33.0, 21.0, 39.0, 26.5 ] },
				"up": { "texture": "#templarhead", "uv": [ 33.0, 15.0, 39.0, 21.0 ], "rotation": 90 },
				"down": { "texture": "#templarhead", "uv": [ 33.0, 26.5, 39.0, 32.5 ], "rotation": 90 }
			},
			"children": [
				{
					"name": "ArmorHelmetTop",
					"from": [ 0.5, 5.6, 0.8 ],
					"to": [ 5.6, 7.0, 5.5 ],
					"autoUnwrap": false,
					"uv": [ 41.0, 28.5 ],
					"rotationOrigin": [ 0.5, 5.6, 0.8 ],
					"faces": {
						"north": { "texture": "#templarhead", "uv": [ 45.5, 21.0, 50.5, 22.0 ] },
						"east": { "texture": "#templarhead", "uv": [ 46.5, 21.5, 51.0, 22.5 ] },
						"south": { "texture": "#templarhead", "uv": [ 45.5, 25.5, 50.5, 26.5 ] },
						"west": { "texture": "#templarhead", "uv": [ 33.5, 15.0, 38.0, 16.0 ] },
						"up": { "texture": "#templarhead", "uv": [ 45.2, 21.0, 50.5, 25.5 ], "autoUv": false }
					},
					"children": [
						{
							"name": "Plume",
							"from": [ 0.0, 0.0, 0.0 ],
							"to": [ 0.0, 0.0, 0.0 ],
							"uv": [ 35.5, 18.5 ],
							"faces": {
								"north": { "texture": "#templarhead", "uv": [ 35.5, 19.0, 36.0, 19.5 ] },
								"east": { "texture": "#templarhead", "uv": [ 36.0, 19.0, 36.5, 19.5 ] },
								"south": { "texture": "#templarhead", "uv": [ 36.5, 19.0, 37.0, 19.5 ] },
								"west": { "texture": "#templarhead", "uv": [ 37.0, 19.0, 37.5, 19.5 ] },
								"up": { "texture": "#templarhead", "uv": [ 35.5, 18.5, 36.0, 19.0 ] },
								"down": { "texture": "#templarhead", "uv": [ 36.0, 18.5, 36.5, 19.0 ] }
							}
						},
						{
							"name": "FrontTopHeadL",
							"from": [ -0.5, -0.1, 2.35 ],
							"to": [ 0.2, 1.8, 4.8 ],
							"autoUnwrap": false,
							"uv": [ 22.5, 28.0 ],
							"rotationOrigin": [ -0.5, -0.1, 4.75 ],
							"rotationY": 12.0,
							"rotationZ": -18.0,
							"faces": {
								"north": { "texture": "#templarhead", "uv": [ 22.5, 30.0, 23.0, 31.5 ] },
								"east": { "texture": "#templarhead", "uv": [ 23.0, 30.0, 25.0, 31.5 ] },
								"south": { "texture": "#templarhead", "uv": [ 25.0, 30.0, 25.5, 31.5 ] },
								"west": { "texture": "#templarhead", "uv": [ 26.0, 30.0, 28.1, 31.8 ], "autoUv": false },
								"up": { "texture": "#templarhead", "uv": [ 22.5, 28.0, 23.0, 30.0 ] }
							}
						},
						{
							"name": "FrontTopHeadR",
							"from": [ -0.5, -0.1, -0.1 ],
							"to": [ 0.2, 1.8, 2.35 ],
							"autoUnwrap": false,
							"uv": [ 21.5, 28.0 ],
							"rotationOrigin": [ -0.5, -0.1, -0.1 ],
							"rotationY": -12.0,
							"rotationZ": -18.0,
							"faces": {
								"north": { "texture": "#templarhead", "uv": [ 21.5, 30.0, 22.0, 31.5 ] },
								"east": { "texture": "#templarhead", "uv": [ 22.0, 30.0, 24.0, 31.5 ] },
								"south": { "texture": "#templarhead", "uv": [ 24.0, 30.0, 24.5, 31.5 ] },
								"west": { "texture": "#templarhead", "uv": [ 23.0, 30.0, 25.5, 31.8 ], "autoUv": false },
								"up": { "texture": "#templarhead", "uv": [ 21.5, 28.0, 22.0, 30.0 ], "autoUv": false }
							}
						},
						{
							"name": "Back1",
							"from": [ 4.4, -5.4, -0.1 ],
							"to": [ 5.5, 0.1, 2.9 ],
							"uv": [ 8.0, 21.5 ],
							"rotationOrigin": [ 4.4, -5.4, -0.1 ],
							"rotationY": 20.0,
							"faces": {
								"north": { "texture": "#templarhead", "uv": [ 8.0, 24.5, 9.0, 30.0 ] },
								"east": { "texture": "#templarhead", "uv": [ 9.0, 24.5, 12.0, 30.0 ] },
								"south": { "texture": "#templarhead", "uv": [ 12.0, 24.5, 13.0, 30.0 ] },
								"west": { "texture": "#templarhead", "uv": [ 13.0, 24.5, 16.0, 30.0 ] },
								"up": { "texture": "#templarhead", "uv": [ 8.0, 21.5, 9.0, 24.5 ] },
								"down": { "texture": "#templarhead", "uv": [ 9.0, 21.5, 10.0, 24.5 ] }
							},
							"children": [
								{
									"name": "Back4",
									"from": [ 0.5, 5.2, 0.3 ],
									"to": [ 1.2, 7.0, 2.5 ],
									"autoUnwrap": false,
									"uv": [ 40.0, 36.0 ],
									"rotationOrigin": [ 0.4985, 5.2, 0.3 ],
									"rotationZ": 22.0,
									"faces": {
										"north": { "texture": "#templarhead", "uv": [ 40.0, 38.0, 40.5, 39.5 ] },
										"east": { "texture": "#templarhead", "uv": [ 48.5, 25.0, 50.5, 26.5 ] },
										"south": { "texture": "#templarhead", "uv": [ 42.5, 38.0, 43.0, 39.5 ] },
										"west": { "texture": "#templarhead", "uv": [ 43.0, 38.0, 45.0, 39.5 ] },
										"up": { "texture": "#templarhead", "uv": [ 40.0, 36.0, 40.5, 38.0 ] },
										"down": { "texture": "#templarhead", "uv": [ 40.5, 36.0, 41.0, 38.0 ] }
									}
								}
							]
						},
						{
							"name": "Back2",
							"from": [ 4.4, -5.4, 1.8 ],
							"to": [ 5.5, 0.1, 4.8 ],
							"autoUnwrap": false,
							"uv": [ 4.2, 21.3 ],
							"rotationOrigin": [ 4.4, -5.4, 4.8 ],
							"rotationY": -20.0,
							"faces": {
								"north": { "texture": "#templarhead", "uv": [ 6.0, 24.5, 7.0, 30.0 ] },
								"east": { "texture": "#templarhead", "uv": [ 5.5, 24.5, 8.5, 30.0 ] },
								"south": { "texture": "#templarhead", "uv": [ 8.5, 24.5, 9.5, 30.0 ] },
								"west": { "texture": "#templarhead", "uv": [ 9.5, 24.5, 12.5, 30.0 ] },
								"up": { "texture": "#templarhead", "uv": [ 5.5, 21.5, 6.5, 24.5 ] },
								"down": { "texture": "#templarhead", "uv": [ 5.5, 21.5, 6.5, 24.5 ] }
							},
							"children": [
								{
									"name": "Back3",
									"from": [ 0.5, 5.2, 0.5 ],
									"to": [ 1.2, 6.9, 2.7 ],
									"autoUnwrap": false,
									"uv": [ 50.0, 36.0 ],
									"rotationOrigin": [ 0.4583, 5.2, 3.0 ],
									"rotationZ": 22.0,
									"faces": {
										"north": { "texture": "#templarhead", "uv": [ 50.0, 38.0, 50.5, 39.5 ] },
										"east": { "texture": "#templarhead", "uv": [ 48.0, 25.0, 50.0, 26.5 ] },
										"south": { "texture": "#templarhead", "uv": [ 52.5, 38.0, 53.0, 39.5 ] },
										"west": { "texture": "#templarhead", "uv": [ 53.0, 38.0, 55.0, 39.5 ] },
										"up": { "texture": "#templarhead", "uv": [ 50.0, 36.0, 50.5, 38.0 ] },
										"down": { "texture": "#templarhead", "uv": [ 50.5, 36.0, 51.0, 38.0 ] }
									}
								}
							]
						},
						{
							"name": "Cube2",
							"from": [ 5.8, -0.1, 1.9 ],
							"to": [ 6.5, 1.6, 2.8 ],
							"uv": [ 34.0, 30.0 ],
							"rotationOrigin": [ 5.8, -0.1, 1.9 ],
							"rotationZ": 24.0,
							"faces": {
								"north": { "texture": "#templarhead", "uv": [ 34.0, 30.5, 34.5, 32.0 ] },
								"east": { "texture": "#templarhead", "uv": [ 34.5, 30.5, 35.0, 32.0 ] },
								"south": { "texture": "#templarhead", "uv": [ 35.0, 30.5, 35.5, 32.0 ] },
								"west": { "texture": "#templarhead", "uv": [ 35.5, 30.5, 36.0, 32.0 ] },
								"up": { "texture": "#templarhead", "uv": [ 34.0, 30.0, 34.5, 30.5 ] },
								"down": { "texture": "#templarhead", "uv": [ 34.5, 30.0, 35.0, 30.5 ] }
							}
						}
					]
				},
				{
					"name": "Nose1",
					"from": [ -0.83, 6.0, 2.7 ],
					"to": [ -0.33, 7.6, 3.6 ],
					"autoUnwrap": false,
					"uv": [ 12.5, 20.0 ],
					"rotationOrigin": [ -0.8, 6.0, 2.7 ],
					"rotationZ": -51.0,
					"faces": {
						"north": { "texture": "#templarhead", "uv": [ 12.5, 20.5, 13.0, 22.0 ] },
						"east": { "texture": "#templarhead", "uv": [ 13.0, 20.5, 13.5, 22.0 ] },
						"south": { "texture": "#templarhead", "uv": [ 13.5, 20.5, 14.0, 22.0 ] },
						"west": { "texture": "#templarhead", "uv": [ 14.0, 20.5, 15.5, 22.4 ], "autoUv": false },
						"up": { "texture": "#templarhead", "uv": [ 12.5, 20.0, 13.0, 20.5 ] },
						"down": { "texture": "#templarhead", "uv": [ 13.0, 20.0, 13.5, 20.5 ] }
					},
					"children": [
						{
							"name": "Nose2",
							"from": [ 0.4465, -1.6936, 0.0 ],
							"to": [ 0.9465, 0.1364, 0.9 ],
							"autoUnwrap": false,
							"uv": [ 12.5, 20.0 ],
							"rotationOrigin": [ 0.4462, -1.6921, 0.0 ],
							"rotationZ": 13.9,
							"faces": {
								"north": { "texture": "#templarhead", "uv": [ 12.5, 20.5, 13.0, 22.0 ] },
								"east": { "texture": "#templarhead", "uv": [ 13.0, 20.5, 13.5, 22.0 ] },
								"south": { "texture": "#templarhead", "uv": [ 13.5, 20.5, 14.0, 22.0 ] },
								"west": { "texture": "#templarhead", "uv": [ 14.0, 20.5, 15.4, 23.1 ], "autoUv": false },
								"up": { "texture": "#templarhead", "uv": [ 12.5, 20.0, 13.0, 20.5 ] },
								"down": { "texture": "#templarhead", "uv": [ 13.0, 20.0, 13.5, 20.5 ] }
							},
							"children": [
								{
									"name": "Nose3",
									"from": [ 3.1085, -4.26, 0.0 ],
									"to": [ 3.4085, 1.09, 0.9 ],
									"autoUnwrap": false,
									"uv": [ 11.5, 19.0 ],
									"rotationOrigin": [ 3.113, -4.252, 0.0 ],
									"rotationZ": 36.0,
									"faces": {
										"north": { "texture": "#templarhead", "uv": [ 11.5, 19.5, 12.0, 24.5 ] },
										"east": { "texture": "#templarhead", "uv": [ 12.0, 19.5, 12.5, 24.5 ] },
										"south": { "texture": "#templarhead", "uv": [ 12.5, 19.5, 13.0, 24.5 ] },
										"west": { "texture": "#templarhead", "uv": [ 14.5, 17.0, 16.0, 24.5 ], "autoUv": false },
										"up": { "texture": "#templarhead", "uv": [ 11.5, 19.0, 12.0, 19.5 ] },
										"down": { "texture": "#templarhead", "uv": [ 12.0, 19.0, 12.5, 19.5 ] }
									}
								}
							]
						},
						{
							"name": "FrontFaceL",
							"from": [ 4.9446, -3.47, 0.09 ],
							"to": [ 5.8446, 1.13, 3.44 ],
							"unwrapMode": 2,
							"autoUnwrap": false,
							"uv": [ 32.9, 33.3 ],
							"rotationOrigin": [ 4.9446, -3.4651, 2.7 ],
							"rotationX": -26.7794,
							"rotationY": 20.0447,
							"rotationZ": 55.8179,
							"faces": {
								"north": { "texture": "#templarhead", "uv": [ 29.5, 34.0, 30.0, 38.5 ] },
								"south": { "texture": "#templarhead", "uv": [ 29.5, 34.0, 30.0, 38.5 ] },
								"west": { "texture": "#templarhead", "uv": [ 25.0, 33.1, 29.5, 39.5 ], "autoUv": false },
								"up": { "texture": "#templarhead", "uv": [ 27.0, 35.5, 30.0, 36.0 ], "rotation": 270 },
								"down": { "texture": "#templarhead", "uv": [ 27.0, 39.0, 30.0, 39.5 ], "rotation": 270 }
							},
							"children": [
								{
									"name": "BottomFaceL",
									"from": [ 0.0294, -0.2, 0.1383 ],
									"to": [ 0.9294, 0.8, 3.3883 ],
									"unwrapMode": 2,
									"uv": [ 22.4, 26.8 ],
									"rotationOrigin": [ 0.0293, -0.2, 2.7483 ],
									"rotationX": -11.7073,
									"rotationY": 0.7774,
									"rotationZ": -1.572,
									"faces": {
										"north": { "texture": "#templarhead", "uv": [ 23.0, 27.5, 23.5, 28.5 ] },
										"south": { "texture": "#templarhead", "uv": [ 22.5, 27.5, 23.0, 28.5 ] },
										"west": { "texture": "#templarhead", "uv": [ 23.5, 27.5, 26.5, 28.5 ] },
										"up": { "texture": "#templarhead", "uv": [ 23.0, 27.0, 26.0, 27.5 ], "rotation": 270 },
										"down": { "texture": "#templarhead", "uv": [ 23.0, 28.5, 26.0, 29.0 ], "rotation": 270 }
									}
								},
								{
									"name": "TopFaceL",
									"from": [ 0.0044, 4.55, 0.3706 ],
									"to": [ 0.9044, 6.55, 3.2706 ],
									"unwrapMode": 4,
									"autoUnwrap": false,
									"uv": [ 26.0, 31.0 ],
									"rotationOrigin": [ 0.0044, 4.5, 2.9705 ],
									"rotationZ": -35.0,
									"faces": {
										"north": { "texture": "#templarhead", "uv": [ 26.0, 31.5, 26.5, 33.5 ] },
										"south": { "texture": "#templarhead", "uv": [ 29.0, 31.5, 29.5, 33.5 ] },
										"west": { "texture": "#templarhead", "uv": [ 25.2, 31.5, 30.0, 33.0 ], "autoUv": false },
										"up": { "texture": "#templarhead", "uv": [ 26.5, 31.0, 29.0, 31.5 ], "rotation": 90 },
										"down": { "texture": "#templarhead", "uv": [ 26.5, 33.5, 29.0, 34.0 ], "rotation": 90 }
									}
								}
							]
						},
						{
							"name": "FrontFaceR",
							"from": [ 5.1963, -3.1542, -2.4 ],
							"to": [ 6.0963, 1.4458, 0.95 ],
							"unwrapMode": 2,
							"autoUnwrap": false,
							"uv": [ 16.5, 32.4 ],
							"rotationOrigin": [ 5.1963, -3.1542, -2.4 ],
							"rotationX": 26.7794,
							"rotationY": -20.0447,
							"rotationZ": 55.8179,
							"faces": {
								"north": { "texture": "#templarhead", "uv": [ 21.0, 33.5, 21.5, 38.0 ] },
								"south": { "texture": "#templarhead", "uv": [ 21.0, 33.5, 21.5, 38.0 ] },
								"west": { "texture": "#templarhead", "uv": [ 21.5, 33.1, 25.9, 39.5 ], "autoUv": false },
								"up": { "texture": "#templarhead", "uv": [ 21.0, 35.5, 24.0, 36.0 ], "rotation": 270 },
								"down": { "texture": "#templarhead", "uv": [ 22.0, 39.0, 25.0, 39.5 ], "rotation": 270 }
							},
							"children": [
								{
									"name": "BottomFaceR",
									"from": [ 0.0, 0.0, 0.0 ],
									"to": [ 0.9, 1.0, 3.25 ],
									"unwrapMode": 2,
									"uv": [ 22.5, 26.9 ],
									"rotationOrigin": [ 0.0, 0.0, 0.0 ],
									"rotationX": 11.7073,
									"rotationY": 0.22,
									"rotationZ": -1.572,
									"faces": {
										"north": { "texture": "#templarhead", "uv": [ 23.0, 27.5, 23.5, 28.5 ] },
										"south": { "texture": "#templarhead", "uv": [ 22.5, 27.5, 23.0, 28.5 ] },
										"west": { "texture": "#templarhead", "uv": [ 23.5, 27.5, 26.5, 28.5 ] },
										"up": { "texture": "#templarhead", "uv": [ 23.0, 27.0, 26.0, 27.5 ], "rotation": 270 },
										"down": { "texture": "#templarhead", "uv": [ 23.0, 28.5, 26.0, 29.0 ], "rotation": 270 }
									}
								},
								{
									"name": "TopFaceR",
									"from": [ -0.0237, 4.55, 0.0488 ],
									"to": [ 0.8763, 6.55, 2.9488 ],
									"unwrapMode": 4,
									"autoUnwrap": false,
									"uv": [ 21.5, 31.0 ],
									"rotationOrigin": [ -0.0337, 4.5, 0.4989 ],
									"rotationZ": -35.0,
									"faces": {
										"north": { "texture": "#templarhead", "uv": [ 21.5, 31.5, 22.0, 33.5 ] },
										"south": { "texture": "#templarhead", "uv": [ 24.5, 31.5, 25.0, 33.5 ] },
										"west": { "texture": "#templarhead", "uv": [ 21.1, 31.5, 25.4, 33.0 ], "autoUv": false },
										"up": { "texture": "#templarhead", "uv": [ 22.0, 31.0, 24.5, 31.5 ], "rotation": 90 },
										"down": { "texture": "#templarhead", "uv": [ 22.0, 33.5, 24.5, 34.0 ], "rotation": 90 }
									}
								}
							]
						},
						{
							"name": "Nose4",
							"from": [ -0.05, 0.71, -0.2 ],
							"to": [ 0.45, 1.31, 1.1 ],
							"uv": [ 12.0, 21.5 ],
							"rotationOrigin": [ -0.0538, 0.7079, -0.2 ],
							"rotationZ": 13.9,
							"faces": {
								"north": { "texture": "#templarhead", "uv": [ 12.0, 22.5, 12.5, 23.0 ] },
								"east": { "texture": "#templarhead", "uv": [ 12.5, 22.5, 13.5, 23.0 ] },
								"south": { "texture": "#templarhead", "uv": [ 13.5, 22.5, 14.0, 23.0 ] },
								"west": { "texture": "#templarhead", "uv": [ 14.0, 22.5, 15.0, 23.0 ] },
								"up": { "texture": "#templarhead", "uv": [ 12.0, 21.5, 12.5, 22.5 ] },
								"down": { "texture": "#templarhead", "uv": [ 12.5, 21.5, 13.0, 22.5 ] }
							}
						}
					]
				},
				{
					"name": "ArmorHelmetTop2",
					"from": [ 0.8, 5.5, 0.1 ],
					"to": [ 5.6, 7.2, 0.6 ],
					"autoUnwrap": false,
					"uv": [ 41.0, 28.5 ],
					"rotationOrigin": [ 0.8, 5.5, 0.6 ],
					"rotationX": 24.0,
					"faces": {
						"north": { "texture": "#templarhead", "uv": [ 39.5, 26.5, 44.0, 28.0 ], "autoUv": false },
						"east": { "texture": "#templarhead", "uv": [ 46.5, 21.5, 47.0, 23.0 ] },
						"south": { "texture": "#templarhead", "uv": [ 45.5, 25.0, 50.0, 26.5 ] },
						"west": { "texture": "#templarhead", "uv": [ 33.5, 15.0, 34.0, 16.5 ] },
						"up": { "texture": "#templarhead", "uv": [ 45.5, 21.0, 50.0, 21.5 ] }
					}
				},
				{
					"name": "ArmorHelmetTop3",
					"from": [ 0.8, 5.5, 5.7 ],
					"to": [ 5.6, 7.2, 6.2 ],
					"autoUnwrap": false,
					"uv": [ 41.0, 28.5 ],
					"rotationOrigin": [ 0.8, 5.5, 5.7 ],
					"rotationX": -24.0,
					"faces": {
						"north": { "texture": "#templarhead", "uv": [ 45.5, 21.0, 50.0, 22.5 ] },
						"east": { "texture": "#templarhead", "uv": [ 46.5, 21.5, 47.0, 23.0 ] },
						"south": { "texture": "#templarhead", "uv": [ 45.5, 25.0, 50.0, 26.5 ] },
						"west": { "texture": "#templarhead", "uv": [ 33.5, 15.0, 34.0, 16.5 ] },
						"up": { "texture": "#templarhead", "uv": [ 45.5, 21.0, 50.0, 21.5 ] }
					}
				},
				{
					"name": "Nose6",
					"from": [ -2.04, -0.3639, 2.4 ],
					"to": [ -1.04, 0.2361, 3.9 ],
					"uv": [ 12.4, 21.0 ],
					"rotationOrigin": [ -2.0371, -0.3639, 2.4 ],
					"rotationZ": -0.6,
					"faces": {
						"north": { "texture": "#templarhead", "uv": [ 12.5, 22.5, 13.5, 23.0 ] },
						"east": { "texture": "#templarhead", "uv": [ 13.5, 22.5, 15.0, 23.0 ] },
						"south": { "texture": "#templarhead", "uv": [ 15.0, 22.5, 16.0, 23.0 ] },
						"west": { "texture": "#templarhead", "uv": [ 16.0, 22.5, 17.5, 23.0 ] },
						"up": { "texture": "#templarhead", "uv": [ 12.5, 21.0, 13.5, 22.5 ] },
						"down": { "texture": "#templarhead", "uv": [ 13.5, 21.0, 14.5, 22.5 ] }
					}
				},
				{
					"name": "FrontFace5",
					"from": [ -0.5038, 3.3, 2.99 ],
					"to": [ 0.3962, 4.2, 6.24 ],
					"unwrapMode": 2,
					"autoUnwrap": false,
					"uv": [ 32.9, 33.3 ],
					"rotationOrigin": [ -0.4, -0.6, 5.4 ],
					"rotationY": 33.0,
					"faces": {
						"north": { "texture": "#templarhead", "uv": [ 29.5, 34.0, 30.0, 34.5 ] },
						"south": { "texture": "#templarhead", "uv": [ 29.5, 34.0, 30.0, 34.5 ] },
						"west": { "texture": "#templarhead", "uv": [ 25.3, 33.7, 30.5, 34.8 ], "autoUv": false },
						"up": { "texture": "#templarhead", "uv": [ 27.0, 33.5, 29.0, 34.0 ], "rotation": 270, "autoUv": false },
						"down": { "texture": "#templarhead", "uv": [ 27.0, 39.0, 30.0, 39.5 ], "rotation": 270 }
					}
				},
				{
					"name": "FrontFace6",
					"from": [ -0.1015, 3.3, 0.3 ],
					"to": [ 0.7985, 4.2, 3.45 ],
					"unwrapMode": 2,
					"autoUnwrap": false,
					"uv": [ 16.5, 32.4 ],
					"rotationOrigin": [ 0.0, -0.6, 0.3 ],
					"rotationY": -33.0,
					"faces": {
						"north": { "texture": "#templarhead", "uv": [ 21.0, 33.5, 21.5, 34.0 ] },
						"south": { "texture": "#templarhead", "uv": [ 21.0, 33.5, 21.5, 34.0 ] },
						"west": { "texture": "#templarhead", "uv": [ 20.5, 33.7, 25.7, 34.8 ], "autoUv": false },
						"up": { "texture": "#templarhead", "uv": [ 21.8, 33.6, 25.1, 34.4 ], "rotation": 270, "autoUv": false },
						"down": { "texture": "#templarhead", "uv": [ 22.0, 39.0, 25.0, 39.5 ], "rotation": 270 }
					}
				},
				{
					"name": "FrontFace7",
					"from": [ -0.7, 3.0, 5.49 ],
					"to": [ 0.2, 4.3, 6.09 ],
					"unwrapMode": 2,
					"uv": [ 46.6, 33.3 ],
					"rotationOrigin": [ -0.4, -0.8, 5.4 ],
					"rotationY": 33.0,
					"faces": {
						"north": { "texture": "#templarhead", "uv": [ 47.5, 34.0, 48.0, 35.0 ] },
						"south": { "texture": "#templarhead", "uv": [ 46.5, 34.0, 47.0, 35.0 ] },
						"west": { "texture": "#templarhead", "uv": [ 48.0, 34.0, 48.5, 35.0 ] },
						"up": { "texture": "#templarhead", "uv": [ 47.5, 33.5, 48.0, 34.0 ], "rotation": 270 },
						"down": { "texture": "#templarhead", "uv": [ 47.5, 35.0, 48.0, 35.5 ], "rotation": 270 }
					}
				},
				{
					"name": "FrontFace8",
					"from": [ -0.2, 3.0, 0.4 ],
					"to": [ 0.7, 4.3, 1.0 ],
					"unwrapMode": 2,
					"uv": [ 46.7, 33.4 ],
					"rotationOrigin": [ 0.0, -0.8, 0.3 ],
					"rotationY": -33.0,
					"faces": {
						"north": { "texture": "#templarhead", "uv": [ 47.5, 34.0, 48.0, 35.0 ] },
						"south": { "texture": "#templarhead", "uv": [ 46.5, 34.0, 47.0, 35.0 ] },
						"west": { "texture": "#templarhead", "uv": [ 48.0, 34.0, 48.5, 35.0 ] },
						"up": { "texture": "#templarhead", "uv": [ 47.5, 33.5, 48.0, 34.0 ], "rotation": 270 },
						"down": { "texture": "#templarhead", "uv": [ 47.5, 35.0, 48.0, 35.5 ], "rotation": 270 }
					}
				},
				{
					"name": "WingBaseR2",
					"from": [ 3.6, 3.67, 6.85 ],
					"to": [ 4.6, 5.17, 7.55 ],
					"uv": [ 12.5, 20.9 ],
					"rotationOrigin": [ 3.6, 3.67, 6.85 ],
					"rotationX": 170.0,
					"rotationY": 0.0,
					"rotationZ": -180.0,
					"faces": {
						"north": { "texture": "#plume", "uv": [ 12.5, 21.5, 13.5, 23.0 ] },
						"east": { "texture": "#plume", "uv": [ 13.5, 21.5, 14.0, 23.0 ] },
						"south": { "texture": "#plume", "uv": [ 14.0, 21.5, 15.0, 23.0 ] },
						"west": { "texture": "#plume", "uv": [ 15.0, 21.5, 15.5, 23.0 ] },
						"up": { "texture": "#plume", "uv": [ 12.5, 21.0, 13.5, 21.5 ] },
						"down": { "texture": "#plume", "uv": [ 13.5, 21.0, 14.5, 21.5 ] }
					},
					"children": [
						{
							"name": "WingR20",
							"from": [ 0.2, 0.7, -1.2 ],
							"to": [ 0.8, 1.7, 0.6 ],
							"uv": [ 21.5, 25.5 ],
							"rotationOrigin": [ 0.2, 0.7, -1.2 ],
							"rotationX": 19.0,
							"faces": {
								"north": { "texture": "#templarhead", "uv": [ 21.5, 27.0, 22.0, 28.0 ] },
								"east": { "texture": "#templarhead", "uv": [ 22.0, 27.0, 23.5, 28.0 ] },
								"south": { "texture": "#templarhead", "uv": [ 23.5, 27.0, 24.0, 28.0 ] },
								"west": { "texture": "#templarhead", "uv": [ 24.0, 27.0, 25.5, 28.0 ] },
								"up": { "texture": "#templarhead", "uv": [ 21.5, 25.5, 22.0, 27.0 ] },
								"down": { "texture": "#templarhead", "uv": [ 22.0, 25.5, 22.5, 27.0 ] }
							},
							"children": [
								{
									"name": "WingR21",
									"from": [ 0.01, 0.88, -1.0515 ],
									"to": [ 0.59, 1.88, 0.4485 ],
									"uv": [ 21.0, 26.0 ],
									"rotationOrigin": [ 0.0, 0.9044, -1.1315 ],
									"rotationX": 35.0,
									"faces": {
										"north": { "texture": "#templarhead", "uv": [ 21.0, 27.5, 21.5, 28.5 ] },
										"east": { "texture": "#templarhead", "uv": [ 21.5, 27.5, 23.0, 28.5 ] },
										"south": { "texture": "#templarhead", "uv": [ 23.0, 27.5, 23.5, 28.5 ] },
										"west": { "texture": "#templarhead", "uv": [ 23.5, 27.5, 25.0, 28.5 ] },
										"up": { "texture": "#templarhead", "uv": [ 21.0, 26.0, 21.5, 27.5 ] },
										"down": { "texture": "#templarhead", "uv": [ 21.5, 26.0, 22.0, 27.5 ] }
									},
									"children": [
										{
											"name": "WingR22",
											"from": [ -0.01, 0.9215, -1.7863 ],
											"to": [ 0.59, 1.9215, 0.2137 ],
											"uv": [ 20.5, 25.0 ],
											"rotationOrigin": [ -0.01, 0.9415, -1.8663 ],
											"rotationX": 27.0,
											"faces": {
												"north": { "texture": "#templarhead", "uv": [ 20.5, 27.0, 21.0, 28.0 ] },
												"east": { "texture": "#templarhead", "uv": [ 21.0, 27.0, 23.0, 28.0 ] },
												"south": { "texture": "#templarhead", "uv": [ 23.0, 27.0, 23.5, 28.0 ] },
												"west": { "texture": "#templarhead", "uv": [ 23.5, 27.0, 25.5, 28.0 ] },
												"up": { "texture": "#templarhead", "uv": [ 20.5, 25.0, 21.0, 27.0 ] },
												"down": { "texture": "#templarhead", "uv": [ 21.0, 25.0, 21.5, 27.0 ] }
											},
											"children": [
												{
													"name": "WingR23",
													"from": [ 0.01, 0.8948, -1.8164 ],
													"to": [ 0.59, 1.8948, 0.1836 ],
													"uv": [ 19.5, 24.5 ],
													"rotationOrigin": [ 0.0, 0.9148, -1.8964 ],
													"rotationX": 24.0,
													"faces": {
														"north": { "texture": "#templarhead", "uv": [ 19.5, 26.5, 20.0, 27.5 ] },
														"east": { "texture": "#templarhead", "uv": [ 20.0, 26.5, 22.0, 27.5 ] },
														"south": { "texture": "#templarhead", "uv": [ 22.0, 26.5, 22.5, 27.5 ] },
														"west": { "texture": "#templarhead", "uv": [ 22.5, 26.5, 24.5, 27.5 ] },
														"up": { "texture": "#templarhead", "uv": [ 19.5, 24.5, 20.0, 26.5 ] },
														"down": { "texture": "#templarhead", "uv": [ 20.0, 24.5, 20.5, 26.5 ] }
													},
													"children": [
														{
															"name": "WingR24",
															"from": [ -0.01, 1.04, -1.71 ],
															"to": [ 0.59, 2.04, 0.29 ],
															"uv": [ 18.0, 25.0 ],
															"rotationOrigin": [ -0.01, 1.0595, -1.7872 ],
															"rotationX": 30.0,
															"faces": {
																"north": { "texture": "#templarhead", "uv": [ 18.0, 27.0, 18.5, 28.0 ] },
																"east": { "texture": "#templarhead", "uv": [ 18.5, 27.0, 20.5, 28.0 ] },
																"south": { "texture": "#templarhead", "uv": [ 20.5, 27.0, 21.0, 28.0 ] },
																"west": { "texture": "#templarhead", "uv": [ 21.0, 27.0, 23.0, 28.0 ] },
																"up": { "texture": "#templarhead", "uv": [ 18.0, 25.0, 18.5, 27.0 ] },
																"down": { "texture": "#templarhead", "uv": [ 18.5, 25.0, 19.0, 27.0 ] }
															}
														}
													]
												}
											]
										}
									]
								},
								{
									"name": "WingR25",
									"from": [ -0.1, 1.6833, -2.1567 ],
									"to": [ 0.7, 3.6833, -1.1567 ],
									"uv": [ 6.5, 21.0 ],
									"rotationOrigin": [ -0.1, 3.6833, -2.1567 ],
									"rotationX": 80.0,
									"faces": {
										"north": { "texture": "#plume", "uv": [ 6.5, 22.0, 7.0, 24.0 ] },
										"east": { "texture": "#plume", "uv": [ 7.0, 22.0, 8.0, 24.0 ] },
										"south": { "texture": "#plume", "uv": [ 8.0, 22.0, 8.5, 24.0 ] },
										"west": { "texture": "#plume", "uv": [ 8.5, 22.0, 9.5, 24.0 ] },
										"up": { "texture": "#plume", "uv": [ 6.5, 21.0, 7.0, 22.0 ] },
										"down": { "texture": "#plume", "uv": [ 7.0, 21.0, 7.5, 22.0 ] }
									},
									"children": [
										{
											"name": "WingR26",
											"from": [ 0.0, 1.2363, -1.9612 ],
											"to": [ 0.8, 3.2363, -0.9612 ],
											"uv": [ 9.5, 22.5 ],
											"rotationOrigin": [ 0.0, 3.2363, -1.9612 ],
											"rotationX": 40.0,
											"faces": {
												"north": { "texture": "#plume", "uv": [ 9.5, 23.5, 10.0, 25.5 ] },
												"east": { "texture": "#plume", "uv": [ 10.0, 23.5, 11.0, 25.5 ] },
												"south": { "texture": "#plume", "uv": [ 11.0, 23.5, 11.5, 25.5 ] },
												"west": { "texture": "#plume", "uv": [ 11.5, 23.5, 12.5, 25.5 ] },
												"up": { "texture": "#plume", "uv": [ 9.5, 22.5, 10.0, 23.5 ] },
												"down": { "texture": "#plume", "uv": [ 10.0, 22.5, 10.5, 23.5 ] }
											}
										},
										{
											"name": "WingR27",
											"from": [ 0.0, 0.4436, -1.1192 ],
											"to": [ 0.8, 2.4436, -0.1192 ],
											"uv": [ 3.5, 21.0 ],
											"rotationOrigin": [ 0.0, 2.4436, -1.1192 ],
											"rotationX": 20.0,
											"faces": {
												"north": { "texture": "#plume", "uv": [ 3.5, 22.0, 4.0, 24.0 ] },
												"east": { "texture": "#plume", "uv": [ 4.0, 22.0, 5.0, 24.0 ] },
												"south": { "texture": "#plume", "uv": [ 5.0, 22.0, 5.5, 24.0 ] },
												"west": { "texture": "#plume", "uv": [ 5.5, 22.0, 6.5, 24.0 ] },
												"up": { "texture": "#plume", "uv": [ 3.5, 21.0, 4.0, 22.0 ] },
												"down": { "texture": "#plume", "uv": [ 4.0, 21.0, 4.5, 22.0 ] }
											}
										},
										{
											"name": "WingR28",
											"from": [ 0.0, 0.4472, 2.3974 ],
											"to": [ 0.8, 2.4472, 3.3974 ],
											"uv": [ 0.0, 21.0 ],
											"rotationOrigin": [ 0.0, 2.4472, 2.3974 ],
											"rotationX": -40.0,
											"faces": {
												"north": { "texture": "#plume", "uv": [ 0.0, 22.0, 0.5, 24.0 ] },
												"east": { "texture": "#plume", "uv": [ 0.5, 22.0, 1.5, 24.0 ] },
												"south": { "texture": "#plume", "uv": [ 1.5, 22.0, 2.0, 24.0 ] },
												"west": { "texture": "#plume", "uv": [ 2.0, 22.0, 3.0, 24.0 ] },
												"up": { "texture": "#plume", "uv": [ 0.0, 21.0, 0.5, 22.0 ] },
												"down": { "texture": "#plume", "uv": [ 0.5, 21.0, 1.0, 22.0 ] }
											}
										},
										{
											"name": "WingR29",
											"from": [ 0.0, 1.1947, 3.3411 ],
											"to": [ 0.8, 3.1947, 4.3411 ],
											"uv": [ 0.0, 21.0 ],
											"rotationOrigin": [ 0.0, 3.1947, 3.3411 ],
											"rotationX": -60.0,
											"faces": {
												"north": { "texture": "#plume", "uv": [ 0.0, 22.0, 0.5, 24.0 ] },
												"east": { "texture": "#plume", "uv": [ 0.5, 22.0, 1.5, 24.0 ] },
												"south": { "texture": "#plume", "uv": [ 1.5, 22.0, 2.0, 24.0 ] },
												"west": { "texture": "#plume", "uv": [ 2.0, 22.0, 3.0, 24.0 ] },
												"up": { "texture": "#plume", "uv": [ 0.0, 21.0, 0.5, 22.0 ] },
												"down": { "texture": "#plume", "uv": [ 0.5, 21.0, 1.0, 22.0 ] }
											}
										},
										{
											"name": "WingR30",
											"from": [ 0.0, -0.0219, 1.1678 ],
											"to": [ 0.8, 1.9781, 2.1678 ],
											"uv": [ 1.0, 21.0 ],
											"rotationOrigin": [ 0.0, 1.9781, 1.1678 ],
											"rotationX": -20.0,
											"faces": {
												"north": { "texture": "#plume", "uv": [ 0.0, 22.0, 0.5, 24.0 ] },
												"east": { "texture": "#plume", "uv": [ 0.5, 22.0, 1.5, 24.0 ] },
												"south": { "texture": "#plume", "uv": [ 1.5, 22.0, 2.0, 24.0 ] },
												"west": { "texture": "#plume", "uv": [ 2.0, 22.0, 3.0, 24.0 ] },
												"up": { "texture": "#plume", "uv": [ 0.0, 21.0, 0.5, 22.0 ] },
												"down": { "texture": "#plume", "uv": [ 0.5, 21.0, 1.0, 22.0 ] }
											}
										}
									]
								},
								{
									"name": "WingR31",
									"from": [ 0.1, -0.9996, -0.8 ],
									"to": [ 0.5, 1.0004, 0.1 ],
									"uv": [ 18.0, 30.5 ],
									"rotationOrigin": [ 0.1, 1.0004, -0.8 ],
									"rotationX": 30.0,
									"faces": {
										"north": { "texture": "#plume", "uv": [ 18.0, 31.0, 18.5, 33.0 ] },
										"east": { "texture": "#plume", "uv": [ 18.5, 31.0, 19.0, 33.0 ] },
										"south": { "texture": "#plume", "uv": [ 19.0, 31.0, 19.5, 33.0 ] },
										"west": { "texture": "#plume", "uv": [ 19.5, 31.0, 20.0, 33.0 ] },
										"up": { "texture": "#plume", "uv": [ 18.0, 30.5, 18.5, 31.0 ] },
										"down": { "texture": "#plume", "uv": [ 18.5, 30.5, 19.0, 31.0 ] }
									},
									"children": [
										{
											"name": "WingR32",
											"from": [ 0.0, 0.0983, 1.9062 ],
											"to": [ 0.4, 2.0983, 2.8062 ],
											"uv": [ 18.0, 27.0 ],
											"rotationOrigin": [ 0.0, 0.0983, 1.9062 ],
											"rotationX": -20.0,
											"faces": {
												"north": { "texture": "#plume", "uv": [ 18.0, 27.5, 18.5, 29.5 ] },
												"east": { "texture": "#plume", "uv": [ 18.5, 27.5, 19.0, 29.5 ] },
												"south": { "texture": "#plume", "uv": [ 19.0, 27.5, 19.5, 29.5 ] },
												"west": { "texture": "#plume", "uv": [ 19.5, 27.5, 20.0, 29.5 ] },
												"up": { "texture": "#plume", "uv": [ 18.0, 27.0, 18.5, 27.5 ] },
												"down": { "texture": "#plume", "uv": [ 18.5, 27.0, 19.0, 27.5 ] }
											}
										},
										{
											"name": "WingR33",
											"from": [ 0.0, 0.5178, -1.8691 ],
											"to": [ 0.4, 2.5178, -0.9691 ],
											"uv": [ 18.0, 27.0 ],
											"rotationOrigin": [ 0.0, 0.5178, -1.8691 ],
											"rotationX": 20.0,
											"faces": {
												"north": { "texture": "#plume", "uv": [ 18.0, 27.5, 18.5, 29.5 ] },
												"east": { "texture": "#plume", "uv": [ 18.5, 27.5, 19.0, 29.5 ] },
												"south": { "texture": "#plume", "uv": [ 19.0, 27.5, 19.5, 29.5 ] },
												"west": { "texture": "#plume", "uv": [ 19.5, 27.5, 20.0, 29.5 ] },
												"up": { "texture": "#plume", "uv": [ 18.0, 27.0, 18.5, 27.5 ] },
												"down": { "texture": "#plume", "uv": [ 18.5, 27.0, 19.0, 27.5 ] }
											}
										},
										{
											"name": "WingR34",
											"from": [ 0.0, 1.1998, -2.107 ],
											"to": [ 0.4, 3.1998, -1.207 ],
											"uv": [ 18.0, 28.5 ],
											"rotationOrigin": [ 0.0, 3.1998, -2.107 ],
											"rotationX": 40.0,
											"faces": {
												"north": { "texture": "#plume", "uv": [ 18.0, 29.0, 18.5, 31.0 ] },
												"east": { "texture": "#plume", "uv": [ 18.5, 29.0, 19.0, 31.0 ] },
												"south": { "texture": "#plume", "uv": [ 19.0, 29.0, 19.5, 31.0 ] },
												"west": { "texture": "#plume", "uv": [ 19.5, 29.0, 20.0, 31.0 ] },
												"up": { "texture": "#plume", "uv": [ 18.0, 28.5, 18.5, 29.0 ] },
												"down": { "texture": "#plume", "uv": [ 18.5, 28.5, 19.0, 29.0 ] }
											}
										},
										{
											"name": "WingR35",
											"from": [ 0.0, 2.1915, -2.6628 ],
											"to": [ 0.4, 4.1915, -1.7628 ],
											"uv": [ 18.0, 32.0 ],
											"rotationOrigin": [ 0.0, 4.1915, -2.6628 ],
											"rotationX": 60.0,
											"faces": {
												"north": { "texture": "#plume", "uv": [ 18.0, 32.5, 18.5, 34.5 ] },
												"east": { "texture": "#plume", "uv": [ 18.5, 32.5, 19.0, 34.5 ] },
												"south": { "texture": "#plume", "uv": [ 19.0, 32.5, 19.5, 34.5 ] },
												"west": { "texture": "#plume", "uv": [ 19.5, 32.5, 20.0, 34.5 ] },
												"up": { "texture": "#plume", "uv": [ 18.0, 32.0, 18.5, 32.5 ] },
												"down": { "texture": "#plume", "uv": [ 18.5, 32.0, 19.0, 32.5 ] }
											}
										},
										{
											"name": "WingR36",
											"from": [ 0.0, 4.9078, -4.7947 ],
											"to": [ 0.4, 6.9078, -3.8947 ],
											"uv": [ 18.0, 30.5 ],
											"rotationOrigin": [ 0.0, 4.9078, -4.7947 ],
											"rotationX": 80.0,
											"faces": {
												"north": { "texture": "#plume", "uv": [ 18.0, 31.0, 18.5, 33.0 ] },
												"east": { "texture": "#plume", "uv": [ 18.5, 31.0, 19.0, 33.0 ] },
												"south": { "texture": "#plume", "uv": [ 19.0, 31.0, 19.5, 33.0 ] },
												"west": { "texture": "#plume", "uv": [ 19.5, 31.0, 20.0, 33.0 ] },
												"up": { "texture": "#plume", "uv": [ 18.0, 30.5, 18.5, 31.0 ] },
												"down": { "texture": "#plume", "uv": [ 18.5, 30.5, 19.0, 31.0 ] }
											}
										},
										{
											"name": "WingR37",
											"from": [ 0.0, 4.4548, -2.5908 ],
											"to": [ 0.4, 6.4548, -1.6908 ],
											"uv": [ 18.0, 32.0 ],
											"rotationOrigin": [ 0.0, 6.4548, -2.5908 ],
											"rotationX": 100.0,
											"faces": {
												"north": { "texture": "#plume", "uv": [ 18.0, 32.5, 18.5, 34.5 ] },
												"east": { "texture": "#plume", "uv": [ 18.5, 32.5, 19.0, 34.5 ] },
												"south": { "texture": "#plume", "uv": [ 19.0, 32.5, 19.5, 34.5 ] },
												"west": { "texture": "#plume", "uv": [ 19.5, 32.5, 20.0, 34.5 ] },
												"up": { "texture": "#plume", "uv": [ 18.0, 32.0, 18.5, 32.5 ] },
												"down": { "texture": "#plume", "uv": [ 18.5, 32.0, 19.0, 32.5 ] }
											}
										}
									]
								}
							]
						}
					]
				},
				{
					"name": "WingBaseR",
					"from": [ 2.6, 3.67, -0.45 ],
					"to": [ 3.6, 5.17, 0.25 ],
					"uv": [ 12.5, 20.9 ],
					"rotationOrigin": [ 2.6, 3.67, -0.45 ],
					"rotationX": 10.0,
					"faces": {
						"north": { "texture": "#plume", "uv": [ 12.5, 21.5, 13.5, 23.0 ] },
						"east": { "texture": "#plume", "uv": [ 13.5, 21.5, 14.0, 23.0 ] },
						"south": { "texture": "#plume", "uv": [ 14.0, 21.5, 15.0, 23.0 ] },
						"west": { "texture": "#plume", "uv": [ 15.0, 21.5, 15.5, 23.0 ] },
						"up": { "texture": "#plume", "uv": [ 12.5, 21.0, 13.5, 21.5 ] },
						"down": { "texture": "#plume", "uv": [ 13.5, 21.0, 14.5, 21.5 ] }
					},
					"children": [
						{
							"name": "WingR2",
							"from": [ 0.2, 0.7, -1.2 ],
							"to": [ 0.8, 1.7, 0.6 ],
							"uv": [ 21.5, 25.5 ],
							"rotationOrigin": [ 0.2, 0.7, -1.2 ],
							"rotationX": 19.0,
							"faces": {
								"north": { "texture": "#templarhead", "uv": [ 21.5, 27.0, 22.0, 28.0 ] },
								"east": { "texture": "#templarhead", "uv": [ 22.0, 27.0, 23.5, 28.0 ] },
								"south": { "texture": "#templarhead", "uv": [ 23.5, 27.0, 24.0, 28.0 ] },
								"west": { "texture": "#templarhead", "uv": [ 24.0, 27.0, 25.5, 28.0 ] },
								"up": { "texture": "#templarhead", "uv": [ 21.5, 25.5, 22.0, 27.0 ] },
								"down": { "texture": "#templarhead", "uv": [ 22.0, 25.5, 22.5, 27.0 ] }
							},
							"children": [
								{
									"name": "WingR3",
									"from": [ 0.01, 0.88, -1.0515 ],
									"to": [ 0.59, 1.88, 0.4485 ],
									"uv": [ 21.0, 26.0 ],
									"rotationOrigin": [ 0.0, 0.9044, -1.1315 ],
									"rotationX": 35.0,
									"faces": {
										"north": { "texture": "#templarhead", "uv": [ 21.0, 27.5, 21.5, 28.5 ] },
										"east": { "texture": "#templarhead", "uv": [ 21.5, 27.5, 23.0, 28.5 ] },
										"south": { "texture": "#templarhead", "uv": [ 23.0, 27.5, 23.5, 28.5 ] },
										"west": { "texture": "#templarhead", "uv": [ 23.5, 27.5, 25.0, 28.5 ] },
										"up": { "texture": "#templarhead", "uv": [ 21.0, 26.0, 21.5, 27.5 ] },
										"down": { "texture": "#templarhead", "uv": [ 21.5, 26.0, 22.0, 27.5 ] }
									},
									"children": [
										{
											"name": "WingR4",
											"from": [ -0.01, 0.9215, -1.7863 ],
											"to": [ 0.59, 1.9215, 0.2137 ],
											"uv": [ 20.5, 25.0 ],
											"rotationOrigin": [ -0.01, 0.9415, -1.8663 ],
											"rotationX": 27.0,
											"faces": {
												"north": { "texture": "#templarhead", "uv": [ 20.5, 27.0, 21.0, 28.0 ] },
												"east": { "texture": "#templarhead", "uv": [ 21.0, 27.0, 23.0, 28.0 ] },
												"south": { "texture": "#templarhead", "uv": [ 23.0, 27.0, 23.5, 28.0 ] },
												"west": { "texture": "#templarhead", "uv": [ 23.5, 27.0, 25.5, 28.0 ] },
												"up": { "texture": "#templarhead", "uv": [ 20.5, 25.0, 21.0, 27.0 ] },
												"down": { "texture": "#templarhead", "uv": [ 21.0, 25.0, 21.5, 27.0 ] }
											},
											"children": [
												{
													"name": "WingR5",
													"from": [ 0.01, 0.8948, -1.8164 ],
													"to": [ 0.59, 1.8948, 0.1836 ],
													"uv": [ 19.5, 24.5 ],
													"rotationOrigin": [ 0.0, 0.9148, -1.8964 ],
													"rotationX": 24.0,
													"faces": {
														"north": { "texture": "#templarhead", "uv": [ 19.5, 26.5, 20.0, 27.5 ] },
														"east": { "texture": "#templarhead", "uv": [ 20.0, 26.5, 22.0, 27.5 ] },
														"south": { "texture": "#templarhead", "uv": [ 22.0, 26.5, 22.5, 27.5 ] },
														"west": { "texture": "#templarhead", "uv": [ 22.5, 26.5, 24.5, 27.5 ] },
														"up": { "texture": "#templarhead", "uv": [ 19.5, 24.5, 20.0, 26.5 ] },
														"down": { "texture": "#templarhead", "uv": [ 20.0, 24.5, 20.5, 26.5 ] }
													},
													"children": [
														{
															"name": "WingR6",
															"from": [ -0.01, 1.04, -1.71 ],
															"to": [ 0.59, 2.04, 0.29 ],
															"uv": [ 18.0, 25.0 ],
															"rotationOrigin": [ -0.01, 1.0595, -1.7872 ],
															"rotationX": 30.0,
															"faces": {
																"north": { "texture": "#templarhead", "uv": [ 18.0, 27.0, 18.5, 28.0 ] },
																"east": { "texture": "#templarhead", "uv": [ 18.5, 27.0, 20.5, 28.0 ] },
																"south": { "texture": "#templarhead", "uv": [ 20.5, 27.0, 21.0, 28.0 ] },
																"west": { "texture": "#templarhead", "uv": [ 21.0, 27.0, 23.0, 28.0 ] },
																"up": { "texture": "#templarhead", "uv": [ 18.0, 25.0, 18.5, 27.0 ] },
																"down": { "texture": "#templarhead", "uv": [ 18.5, 25.0, 19.0, 27.0 ] }
															}
														}
													]
												}
											]
										}
									]
								},
								{
									"name": "WingR14",
									"from": [ -0.1, 1.6833, -2.1567 ],
									"to": [ 0.7, 3.6833, -1.1567 ],
									"uv": [ 6.5, 21.0 ],
									"rotationOrigin": [ -0.1, 3.6833, -2.1567 ],
									"rotationX": 80.0,
									"faces": {
										"north": { "texture": "#plume", "uv": [ 6.5, 22.0, 7.0, 24.0 ] },
										"east": { "texture": "#plume", "uv": [ 7.0, 22.0, 8.0, 24.0 ] },
										"south": { "texture": "#plume", "uv": [ 8.0, 22.0, 8.5, 24.0 ] },
										"west": { "texture": "#plume", "uv": [ 8.5, 22.0, 9.5, 24.0 ] },
										"up": { "texture": "#plume", "uv": [ 6.5, 21.0, 7.0, 22.0 ] },
										"down": { "texture": "#plume", "uv": [ 7.0, 21.0, 7.5, 22.0 ] }
									},
									"children": [
										{
											"name": "WingR18",
											"from": [ 0.0, 1.2363, -1.9612 ],
											"to": [ 0.8, 3.2363, -0.9612 ],
											"uv": [ 9.5, 22.5 ],
											"rotationOrigin": [ 0.0, 3.2363, -1.9612 ],
											"rotationX": 40.0,
											"faces": {
												"north": { "texture": "#plume", "uv": [ 9.5, 23.5, 10.0, 25.5 ] },
												"east": { "texture": "#plume", "uv": [ 10.0, 23.5, 11.0, 25.5 ] },
												"south": { "texture": "#plume", "uv": [ 11.0, 23.5, 11.5, 25.5 ] },
												"west": { "texture": "#plume", "uv": [ 11.5, 23.5, 12.5, 25.5 ] },
												"up": { "texture": "#plume", "uv": [ 9.5, 22.5, 10.0, 23.5 ] },
												"down": { "texture": "#plume", "uv": [ 10.0, 22.5, 10.5, 23.5 ] }
											}
										},
										{
											"name": "WingR16",
											"from": [ 0.0, 0.4436, -1.1192 ],
											"to": [ 0.8, 2.4436, -0.1192 ],
											"uv": [ 3.5, 21.0 ],
											"rotationOrigin": [ 0.0, 2.4436, -1.1192 ],
											"rotationX": 20.0,
											"faces": {
												"north": { "texture": "#plume", "uv": [ 3.5, 22.0, 4.0, 24.0 ] },
												"east": { "texture": "#plume", "uv": [ 4.0, 22.0, 5.0, 24.0 ] },
												"south": { "texture": "#plume", "uv": [ 5.0, 22.0, 5.5, 24.0 ] },
												"west": { "texture": "#plume", "uv": [ 5.5, 22.0, 6.5, 24.0 ] },
												"up": { "texture": "#plume", "uv": [ 3.5, 21.0, 4.0, 22.0 ] },
												"down": { "texture": "#plume", "uv": [ 4.0, 21.0, 4.5, 22.0 ] }
											}
										},
										{
											"name": "WingR10",
											"from": [ 0.0, 0.4472, 2.3974 ],
											"to": [ 0.8, 2.4472, 3.3974 ],
											"uv": [ 0.0, 21.0 ],
											"rotationOrigin": [ 0.0, 2.4472, 2.3974 ],
											"rotationX": -40.0,
											"faces": {
												"north": { "texture": "#plume", "uv": [ 0.0, 22.0, 0.5, 24.0 ] },
												"east": { "texture": "#plume", "uv": [ 0.5, 22.0, 1.5, 24.0 ] },
												"south": { "texture": "#plume", "uv": [ 1.5, 22.0, 2.0, 24.0 ] },
												"west": { "texture": "#plume", "uv": [ 2.0, 22.0, 3.0, 24.0 ] },
												"up": { "texture": "#plume", "uv": [ 0.0, 21.0, 0.5, 22.0 ] },
												"down": { "texture": "#plume", "uv": [ 0.5, 21.0, 1.0, 22.0 ] }
											}
										},
										{
											"name": "WingR8",
											"from": [ 0.0, 1.1947, 3.3411 ],
											"to": [ 0.8, 3.1947, 4.3411 ],
											"uv": [ 0.0, 21.0 ],
											"rotationOrigin": [ 0.0, 3.1947, 3.3411 ],
											"rotationX": -60.0,
											"faces": {
												"north": { "texture": "#plume", "uv": [ 0.0, 22.0, 0.5, 24.0 ] },
												"east": { "texture": "#plume", "uv": [ 0.5, 22.0, 1.5, 24.0 ] },
												"south": { "texture": "#plume", "uv": [ 1.5, 22.0, 2.0, 24.0 ] },
												"west": { "texture": "#plume", "uv": [ 2.0, 22.0, 3.0, 24.0 ] },
												"up": { "texture": "#plume", "uv": [ 0.0, 21.0, 0.5, 22.0 ] },
												"down": { "texture": "#plume", "uv": [ 0.5, 21.0, 1.0, 22.0 ] }
											}
										},
										{
											"name": "WingR12",
											"from": [ 0.0, -0.0219, 1.1678 ],
											"to": [ 0.8, 1.9781, 2.1678 ],
											"uv": [ 0.0, 21.0 ],
											"rotationOrigin": [ 0.0, 1.9781, 1.1678 ],
											"rotationX": -20.0,
											"faces": {
												"north": { "texture": "#plume", "uv": [ 0.0, 22.0, 0.5, 24.0 ] },
												"east": { "texture": "#plume", "uv": [ 0.5, 22.0, 1.5, 24.0 ] },
												"south": { "texture": "#plume", "uv": [ 1.5, 22.0, 2.0, 24.0 ] },
												"west": { "texture": "#plume", "uv": [ 2.0, 22.0, 3.0, 24.0 ] },
												"up": { "texture": "#plume", "uv": [ 0.0, 21.0, 0.5, 22.0 ] },
												"down": { "texture": "#plume", "uv": [ 0.5, 21.0, 1.0, 22.0 ] }
											}
										}
									]
								},
								{
									"name": "WingR9",
									"from": [ 0.1, -0.9996, -0.8 ],
									"to": [ 0.5, 1.0004, 0.1 ],
									"uv": [ 22.0, 29.5 ],
									"rotationOrigin": [ 0.1, 1.0004, -0.8 ],
									"rotationX": 30.0,
									"faces": {
										"north": { "texture": "#plume", "uv": [ 22.0, 30.0, 22.5, 32.0 ] },
										"east": { "texture": "#plume", "uv": [ 22.5, 30.0, 23.0, 32.0 ] },
										"south": { "texture": "#plume", "uv": [ 23.0, 30.0, 23.5, 32.0 ] },
										"west": { "texture": "#plume", "uv": [ 23.5, 30.0, 24.0, 32.0 ] },
										"up": { "texture": "#plume", "uv": [ 22.0, 29.5, 22.5, 30.0 ] },
										"down": { "texture": "#plume", "uv": [ 22.5, 29.5, 23.0, 30.0 ] }
									},
									"children": [
										{
											"name": "WingR7",
											"from": [ 0.0, 0.0983, 1.9062 ],
											"to": [ 0.4, 2.0983, 2.8062 ],
											"uv": [ 23.0, 29.0 ],
											"rotationOrigin": [ 0.0, 0.0983, 1.9062 ],
											"rotationX": -20.0,
											"faces": {
												"north": { "texture": "#plume", "uv": [ 23.0, 29.5, 23.5, 31.5 ] },
												"east": { "texture": "#plume", "uv": [ 23.5, 29.5, 24.0, 31.5 ] },
												"south": { "texture": "#plume", "uv": [ 24.0, 29.5, 24.5, 31.5 ] },
												"west": { "texture": "#plume", "uv": [ 24.5, 29.5, 25.0, 31.5 ] },
												"up": { "texture": "#plume", "uv": [ 23.0, 29.0, 23.5, 29.5 ] },
												"down": { "texture": "#plume", "uv": [ 23.5, 29.0, 24.0, 29.5 ] }
											}
										},
										{
											"name": "WingR11",
											"from": [ 0.0, 0.5178, -1.8691 ],
											"to": [ 0.4, 2.5178, -0.9691 ],
											"uv": [ 25.0, 29.0 ],
											"rotationOrigin": [ 0.0, 0.5178, -1.8691 ],
											"rotationX": 20.0,
											"faces": {
												"north": { "texture": "#plume", "uv": [ 25.0, 29.5, 25.5, 31.5 ] },
												"east": { "texture": "#plume", "uv": [ 25.5, 29.5, 26.0, 31.5 ] },
												"south": { "texture": "#plume", "uv": [ 26.0, 29.5, 26.5, 31.5 ] },
												"west": { "texture": "#plume", "uv": [ 26.5, 29.5, 27.0, 31.5 ] },
												"up": { "texture": "#plume", "uv": [ 25.0, 29.0, 25.5, 29.5 ] },
												"down": { "texture": "#plume", "uv": [ 25.5, 29.0, 26.0, 29.5 ] }
											}
										},
										{
											"name": "WingR13",
											"from": [ 0.0, 1.1998, -2.107 ],
											"to": [ 0.4, 3.1998, -1.207 ],
											"uv": [ 18.0, 28.5 ],
											"rotationOrigin": [ 0.0, 3.1998, -2.107 ],
											"rotationX": 40.0,
											"faces": {
												"north": { "texture": "#plume", "uv": [ 18.0, 29.0, 18.5, 31.0 ] },
												"east": { "texture": "#plume", "uv": [ 18.5, 29.0, 19.0, 31.0 ] },
												"south": { "texture": "#plume", "uv": [ 19.0, 29.0, 19.5, 31.0 ] },
												"west": { "texture": "#plume", "uv": [ 19.5, 29.0, 20.0, 31.0 ] },
												"up": { "texture": "#plume", "uv": [ 18.0, 28.5, 18.5, 29.0 ] },
												"down": { "texture": "#plume", "uv": [ 18.5, 28.5, 19.0, 29.0 ] }
											}
										},
										{
											"name": "WingR15",
											"from": [ 0.0, 2.1915, -2.6628 ],
											"to": [ 0.4, 4.1915, -1.7628 ],
											"uv": [ 18.0, 32.0 ],
											"rotationOrigin": [ 0.0, 4.1915, -2.6628 ],
											"rotationX": 60.0,
											"faces": {
												"north": { "texture": "#plume", "uv": [ 18.0, 32.5, 18.5, 34.5 ] },
												"east": { "texture": "#plume", "uv": [ 18.5, 32.5, 19.0, 34.5 ] },
												"south": { "texture": "#plume", "uv": [ 19.0, 32.5, 19.5, 34.5 ] },
												"west": { "texture": "#plume", "uv": [ 19.5, 32.5, 20.0, 34.5 ] },
												"up": { "texture": "#plume", "uv": [ 18.0, 32.0, 18.5, 32.5 ] },
												"down": { "texture": "#plume", "uv": [ 18.5, 32.0, 19.0, 32.5 ] }
											}
										},
										{
											"name": "WingR17",
											"from": [ 0.0, 4.9078, -4.7947 ],
											"to": [ 0.4, 6.9078, -3.8947 ],
											"uv": [ 20.0, 30.5 ],
											"rotationOrigin": [ 0.0, 4.9078, -4.7947 ],
											"rotationX": 80.0,
											"faces": {
												"north": { "texture": "#plume", "uv": [ 20.0, 31.0, 20.5, 33.0 ] },
												"east": { "texture": "#plume", "uv": [ 20.5, 31.0, 21.0, 33.0 ] },
												"south": { "texture": "#plume", "uv": [ 21.0, 31.0, 21.5, 33.0 ] },
												"west": { "texture": "#plume", "uv": [ 21.5, 31.0, 22.0, 33.0 ] },
												"up": { "texture": "#plume", "uv": [ 20.0, 30.5, 20.5, 31.0 ] },
												"down": { "texture": "#plume", "uv": [ 20.5, 30.5, 21.0, 31.0 ] }
											}
										},
										{
											"name": "WingR19",
											"from": [ 0.0, 4.4548, -2.5908 ],
											"to": [ 0.4, 6.4548, -1.6908 ],
											"uv": [ 18.0, 32.0 ],
											"rotationOrigin": [ 0.0, 6.4548, -2.5908 ],
											"rotationX": 100.0,
											"faces": {
												"north": { "texture": "#plume", "uv": [ 18.0, 32.5, 18.5, 34.5 ] },
												"east": { "texture": "#plume", "uv": [ 18.5, 32.5, 19.0, 34.5 ] },
												"south": { "texture": "#plume", "uv": [ 19.0, 32.5, 19.5, 34.5 ] },
												"west": { "texture": "#plume", "uv": [ 19.5, 32.5, 20.0, 34.5 ] },
												"up": { "texture": "#plume", "uv": [ 18.0, 32.0, 18.5, 32.5 ] },
												"down": { "texture": "#plume", "uv": [ 18.5, 32.0, 19.0, 32.5 ] }
											}
										}
									]
								}
							]
						}
					]
				}
			]
		},
		{
			"name": "ArmorNeck",
			"stepParentName": "Neck",
			"from": [ -0.3, 0.6, -0.3 ],
			"to": [ 3.3, 2.4, 3.3 ],
			"unwrapMode": 4,
			"uv": [ 12.0, 5.5 ],
			"rotationOrigin": [ -0.3, 2.6, -0.3 ],
			"faces": {
				"north": { "texture": "#templarhead", "uv": [ 12.0, 5.5, 15.5, 7.0 ] },
				"east": { "texture": "#templarhead", "uv": [ 22.5, 5.5, 26.0, 7.0 ] },
				"south": { "texture": "#templarhead", "uv": [ 19.0, 5.5, 22.5, 7.0 ] },
				"west": { "texture": "#templarhead", "uv": [ 15.5, 5.5, 19.0, 7.0 ] }
			}
		}
	]}