{
	"editor": {
		"backDropShape": "D:/Hry/Vintagestory121/assets/game/shapes/entity/humanoid/seraph-hairless",
		"collapsedPaths": "Root/ArmorUpperArmR/ArmorPauldronR(F)2,Root/ArmorUpperArmL/PauldronRimL14,Root/ArmorUpperArmR/ArmorPauldronRRef2,Root/ArmorUpperTorsoRef/Emblem,Root/ArmorUpperArmL/PauldronRimL27,Root/ArmorUpperArmL/ArmorPauldronL(F)/ArmorPauldronLB,Root/ArmorUpperArmR/ArmorPauldronR(F)/ArmorPauldronTopR,Root/PaintUpperTorso,Root/ArmorUpperArmR/ArmorPauldronRRef/ArmorPauldronRB,Root/ArmorUpperArmL/ArmorPauldronR(F)2,Root/ArmorLowerArmL/ArmorHandL6,Root/ArmorUpperTorsoRef/Emblem/Emblem2,Root/ArmorUpperArmR2,Root/ArmorUpperArmR/ArmorPauldronR(F),Root/ArmorUpperTorsoRef/ArmorUpperTorso2,Root/origin/sheet/scroll-bigger/seal-main,Root/ArmorUpperTorsoRef/ArmorUpperTorso1,Root/ArmorUpperTorsoRef/ArmorUpperTorso4,Root/ArmorUpperArmR,Root/ArmorUpperArmL/ArmorPauldronL(F)/ArmorPauldronTopL,Root/ArmorUpperTorsoRef/ArmorUpperTorso3,Root/ArmorUpperArmL,Root/PaintLowerTorso,Root/ArmorUpperArmL/ArmorPauldronL(F)/ArmorPauldronLL",
		"allAngles": true,
		"entityTextureMode": true
	},
	"textureWidth": 64,
	"textureHeight": 64,
	"textureSizes": {
	},
	"textures": {
		"templarbody": "armor/entity/templar_heavy_steel",
		"textile": "block/textiles/textilered"
	},
	"elements": [
		{
			"name": "ArmorUpperArmR",
			"stepParentName": "UpperArmR",
			"from": [ -0.2, -0.2, -0.1 ],
			"to": [ 3.1, 7.2, 2.3 ],
			"uv": [ 43.5, 0.0 ],
			"rotationOrigin": [ -0.2, -0.2, -0.1 ],
			"faces": {
				"north": { "texture": "#templarbody", "uv": [ 43.5, 2.0, 46.5, 9.0 ] },
				"east": { "texture": "#templarbody", "uv": [ 46.5, 2.0, 48.5, 9.0 ] },
				"south": { "texture": "#templarbody", "uv": [ 48.5, 2.0, 51.5, 9.0 ] },
				"west": { "texture": "#templarbody", "uv": [ 51.5, 2.0, 53.5, 9.0 ] },
				"up": { "texture": "#templarbody", "uv": [ 43.5, 0.0, 46.5, 2.0 ] },
				"down": { "texture": "#templarbody", "uv": [ 46.5, 0.0, 49.5, 2.0 ] }
			},
			"children": [
				{
					"name": "PauldronRimL27",
					"from": [ 4.0, 5.5, 1.6 ],
					"to": [ 8.75, 8.2, 4.7 ],
					"uv": [ 46.5, 26.5 ],
					"rotationOrigin": [ 4.0, 5.5, 1.6 ],
					"rotationX": -17.0,
					"rotationY": 180.0,
					"rotationZ": 3.0,
					"faces": {
						"north": { "texture": "#templarbody", "uv": [ 46.5, 31.0, 51.0, 33.5 ] },
						"east": { "texture": "#templarbody", "uv": [ 51.0, 31.0, 54.0, 33.5 ] },
						"south": { "texture": "#templarbody", "uv": [ 54.0, 31.0, 58.5, 33.5 ] },
						"west": { "texture": "#templarbody", "uv": [ 58.5, 31.0, 61.5, 33.5 ] },
						"up": { "texture": "#templarbody", "uv": [ 46.5, 26.5, 49.5, 31.0 ], "rotation": 270 },
						"down": { "texture": "#templarbody", "uv": [ 49.5, 26.5, 52.5, 31.0 ], "rotation": 270 }
					},
					"children": [
						{
							"name": "PauldronRimL28",
							"from": [ -0.02, 0.2, 0.4 ],
							"to": [ 4.78, 2.9, 2.5 ],
							"uv": [ 47.5, 26.5 ],
							"rotationOrigin": [ 0.0, 0.2, 0.4 ],
							"rotationX": 25.0,
							"faces": {
								"north": { "texture": "#templarbody", "uv": [ 47.5, 31.0, 52.0, 33.5 ] },
								"east": { "texture": "#templarbody", "uv": [ 52.0, 31.0, 54.0, 33.5 ] },
								"south": { "texture": "#templarbody", "uv": [ 54.0, 31.0, 58.5, 33.5 ] },
								"west": { "texture": "#templarbody", "uv": [ 58.5, 31.0, 60.5, 33.5 ] },
								"up": { "texture": "#templarbody", "uv": [ 47.5, 26.5, 49.5, 31.0 ], "rotation": 270 },
								"down": { "texture": "#templarbody", "uv": [ 49.5, 26.5, 51.5, 31.0 ], "rotation": 270 }
							},
							"children": [
								{
									"name": "PauldronRimL29",
									"from": [ 0.6, 0.1207, 0.4954 ],
									"to": [ 4.22, 3.0207, 1.7954 ],
									"unwrapMode": 5,
									"autoUnwrap": false,
									"uv": [ 13.5, -1.0 ],
									"rotationOrigin": [ 0.61, 0.1207, 0.4954 ],
									"faces": {
										"north": { "texture": "#templarbody", "uv": [ 27.5, 1.0, 31.0, 3.5 ], "rotation": 180 },
										"east": { "texture": "#templarbody", "uv": [ 27.0, 3.0, 29.5, 4.0 ], "rotation": 90 },
										"south": { "texture": "#templarbody", "uv": [ 26.5, 1.5, 30.0, 4.1 ], "autoUv": false },
										"west": { "texture": "#templarbody", "uv": [ 27.0, 3.5, 29.5, 4.5 ], "rotation": 270 },
										"up": { "texture": "#templarbody", "uv": [ 25.5, 5.0, 31.9, 7.9 ], "autoUv": false },
										"down": { "texture": "#templarbody", "uv": [ 27.5, 3.5, 31.0, 4.5 ] }
									}
								}
							]
						},
						{
							"name": "PauldronRimL30",
							"from": [ -0.01, 0.3, 0.7 ],
							"to": [ 4.76, 3.0, 2.8 ],
							"uv": [ 48.0, 26.5 ],
							"rotationOrigin": [ 0.0, 0.3, 0.7 ],
							"rotationX": 50.0,
							"faces": {
								"north": { "texture": "#templarbody", "uv": [ 48.0, 31.0, 52.5, 33.5 ] },
								"east": { "texture": "#templarbody", "uv": [ 52.5, 31.0, 54.5, 33.5 ] },
								"south": { "texture": "#templarbody", "uv": [ 54.5, 31.0, 59.0, 33.5 ] },
								"west": { "texture": "#templarbody", "uv": [ 59.0, 31.0, 61.0, 33.5 ] },
								"up": { "texture": "#templarbody", "uv": [ 48.0, 26.5, 50.0, 31.0 ], "rotation": 270 },
								"down": { "texture": "#templarbody", "uv": [ 50.0, 26.5, 52.0, 31.0 ], "rotation": 270 }
							},
							"children": [
								{
									"name": "PauldronRimL31",
									"from": [ 0.7, 0.1259, 0.6278 ],
									"to": [ 4.1, 3.0259, 1.9278 ],
									"unwrapMode": 1,
									"autoUnwrap": false,
									"uv": [ 12.0, 0.5 ],
									"rotationOrigin": [ 0.7, 0.1259, 0.6278 ],
									"faces": {
										"north": { "texture": "#templarbody", "uv": [ 25.5, 1.5, 28.5, 4.0 ] },
										"east": { "texture": "#templarbody", "uv": [ 29.0, 1.5, 30.0, 4.0 ] },
										"south": { "texture": "#templarbody", "uv": [ 25.5, 1.5, 28.5, 4.0 ] },
										"west": { "texture": "#templarbody", "uv": [ 27.5, 1.5, 28.5, 4.0 ] },
										"up": { "texture": "#templarbody", "uv": [ 24.0, 8.0, 30.0, 5.5 ], "rotation": 180, "autoUv": false },
										"down": { "texture": "#templarbody", "uv": [ 25.5, 4.0, 28.5, 5.0 ] }
									}
								}
							]
						},
						{
							"name": "PauldronRimL32",
							"from": [ 0.02, 0.3, 0.9 ],
							"to": [ 4.74, 3.0, 3.0 ],
							"uv": [ 48.5, 26.5 ],
							"rotationOrigin": [ 0.0, 0.3, 0.9 ],
							"rotationX": 75.0,
							"faces": {
								"north": { "texture": "#templarbody", "uv": [ 48.5, 31.0, 53.0, 33.5 ] },
								"east": { "texture": "#templarbody", "uv": [ 53.0, 31.0, 55.0, 33.5 ] },
								"south": { "texture": "#templarbody", "uv": [ 55.0, 31.0, 59.5, 33.5 ] },
								"west": { "texture": "#templarbody", "uv": [ 59.5, 31.0, 61.5, 33.5 ] },
								"up": { "texture": "#templarbody", "uv": [ 48.5, 26.5, 50.5, 31.0 ], "rotation": 270 },
								"down": { "texture": "#templarbody", "uv": [ 50.5, 26.5, 52.5, 31.0 ], "rotation": 270 }
							},
							"children": [
								{
									"name": "PauldronRimL33",
									"from": [ 0.8, 0.4243, 0.7348 ],
									"to": [ 4.02, 3.1243, 1.9348 ],
									"unwrapMode": 3,
									"autoUnwrap": false,
									"uv": [ 25.0, 12.9 ],
									"rotationOrigin": [ 0.81, 0.4243, 0.7348 ],
									"rotationX": -1.0,
									"faces": {
										"north": { "texture": "#templarbody", "uv": [ 26.5, 1.0, 29.5, 3.5 ] },
										"east": { "texture": "#templarbody", "uv": [ 28.5, 1.0, 29.5, 3.5 ] },
										"south": { "texture": "#templarbody", "uv": [ 27.5, 0.5, 30.5, 3.0 ] },
										"west": { "texture": "#templarbody", "uv": [ 29.0, 1.0, 30.0, 3.5 ] },
										"up": { "texture": "#templarbody", "uv": [ 24.1, 5.5, 32.0, 9.0 ], "rotation": 180, "autoUv": false },
										"down": { "texture": "#templarbody", "uv": [ 26.0, 2.5, 29.0, 3.5 ], "rotation": 180 }
									}
								}
							]
						},
						{
							"name": "PauldronRimL34",
							"from": [ -0.3, -0.2, 0.1 ],
							"to": [ 5.1, 3.1, 0.6 ],
							"uv": [ 39.5, 31.5 ],
							"rotationOrigin": [ -0.3, -0.2, 0.1 ],
							"faces": {
								"north": { "texture": "#templarbody", "uv": [ 39.5, 36.5, 44.5, 39.5 ] },
								"east": { "texture": "#templarbody", "uv": [ 44.5, 36.5, 45.0, 39.5 ] },
								"south": { "texture": "#templarbody", "uv": [ 45.0, 36.5, 50.0, 39.5 ] },
								"west": { "texture": "#templarbody", "uv": [ 50.0, 36.5, 50.5, 39.5 ] },
								"up": { "texture": "#templarbody", "uv": [ 39.5, 31.5, 40.0, 36.5 ], "rotation": 270 },
								"down": { "texture": "#templarbody", "uv": [ 40.0, 31.5, 40.5, 36.5 ], "rotation": 270 }
							},
							"children": [
								{
									"name": "PauldronRimL35",
									"from": [ 0.5, 3.1, -0.27 ],
									"to": [ 4.9, 5.1, 0.43 ],
									"unwrapMode": 5,
									"uv": [ 26.0, 11.5 ],
									"rotationOrigin": [ 0.5, 3.1, -0.3 ],
									"rotationX": 12.0,
									"faces": {
										"north": { "texture": "#templarbody", "uv": [ 28.0, 11.5, 32.0, 13.5 ], "rotation": 180 },
										"east": { "texture": "#templarbody", "uv": [ 32.0, 13.5, 34.0, 14.0 ], "rotation": 90 },
										"south": { "texture": "#templarbody", "uv": [ 28.0, 14.0, 32.0, 16.0 ] },
										"west": { "texture": "#templarbody", "uv": [ 26.0, 13.5, 28.0, 14.0 ], "rotation": 270 },
										"up": { "texture": "#templarbody", "uv": [ 28.0, 13.5, 32.0, 14.0 ] },
										"down": { "texture": "#templarbody", "uv": [ 34.0, 13.5, 38.0, 14.0 ] }
									}
								}
							]
						},
						{
							"name": "PauldronRimL36",
							"from": [ -0.31, -2.5, 1.2 ],
							"to": [ 5.09, 0.6, 1.9 ],
							"uv": [ 39.5, 31.5 ],
							"rotationOrigin": [ -0.3, -2.5, 1.2 ],
							"rotationX": 90.0,
							"faces": {
								"north": { "texture": "#templarbody", "uv": [ 39.5, 36.5, 44.5, 39.5 ] },
								"east": { "texture": "#templarbody", "uv": [ 44.5, 36.5, 45.0, 39.5 ] },
								"south": { "texture": "#templarbody", "uv": [ 45.0, 36.5, 50.0, 39.5 ] },
								"west": { "texture": "#templarbody", "uv": [ 50.0, 36.5, 50.5, 39.5 ] },
								"up": { "texture": "#templarbody", "uv": [ 39.5, 31.5, 40.0, 36.5 ], "rotation": 270 },
								"down": { "texture": "#templarbody", "uv": [ 40.0, 31.5, 40.5, 36.5 ], "rotation": 270 }
							}
						},
						{
							"name": "PauldronRimL37",
							"from": [ -0.03, -0.4, 1.2 ],
							"to": [ 4.77, 2.1, 3.3 ],
							"autoUnwrap": false,
							"uv": [ 47.5, 26.5 ],
							"rotationOrigin": [ 0.0, -0.4, 1.2 ],
							"rotationX": 90.0,
							"faces": {
								"north": { "texture": "#templarbody", "uv": [ 47.5, 31.0, 52.0, 33.5 ] },
								"east": { "texture": "#templarbody", "uv": [ 52.0, 31.0, 54.0, 33.5 ] },
								"south": { "texture": "#templarbody", "uv": [ 54.0, 31.0, 58.5, 33.5 ] },
								"west": { "texture": "#templarbody", "uv": [ 59.0, 31.0, 61.0, 33.5 ] },
								"up": { "texture": "#templarbody", "uv": [ 47.5, 26.5, 49.5, 31.0 ], "rotation": 270 },
								"down": { "texture": "#templarbody", "uv": [ 49.5, 26.5, 51.5, 31.0 ], "rotation": 270 }
							},
							"children": [
								{
									"name": "PauldronRimL38",
									"from": [ 0.99, 2.5, 0.4 ],
									"to": [ 3.81, 3.0, 2.1 ],
									"unwrapMode": 1,
									"autoUnwrap": false,
									"uv": [ 16.5, 4.5 ],
									"rotationOrigin": [ 1.0, 2.5, 0.4 ],
									"faces": {
										"north": { "texture": "#templarbody", "uv": [ 25.5, 2.0, 28.0, 2.5 ] },
										"east": { "texture": "#templarbody", "uv": [ 27.0, 1.5, 28.5, 2.0 ] },
										"south": { "texture": "#templarbody", "uv": [ 26.5, 1.0, 29.0, 1.5 ] },
										"west": { "texture": "#templarbody", "uv": [ 25.5, 3.0, 27.0, 3.5 ] },
										"up": { "texture": "#templarbody", "uv": [ 24.0, 6.1, 29.5, 9.0 ], "rotation": 180, "autoUv": false },
										"down": { "texture": "#templarbody", "uv": [ 29.0, 0.5, 31.5, 2.0 ] }
									}
								}
							]
						},
						{
							"name": "PauldronRimL39",
							"from": [ 0.5, 2.7, 0.2 ],
							"to": [ 4.3, 3.0, 1.8 ],
							"unwrapMode": 5,
							"autoUnwrap": false,
							"uv": [ 24.5, 6.0 ],
							"rotationOrigin": [ 0.5, 2.7, 0.2 ],
							"faces": {
								"north": { "texture": "#templarbody", "uv": [ 25.0, 6.0, 28.5, 6.5 ], "rotation": 180 },
								"east": { "texture": "#templarbody", "uv": [ 28.5, 6.5, 29.0, 8.0 ], "rotation": 90 },
								"south": { "texture": "#templarbody", "uv": [ 25.0, 8.0, 28.5, 8.5 ] },
								"west": { "texture": "#templarbody", "uv": [ 24.5, 6.5, 25.0, 8.0 ], "rotation": 270 },
								"up": { "texture": "#templarbody", "uv": [ 25.0, 6.5, 32.0, 9.0 ], "autoUv": false },
								"down": { "texture": "#templarbody", "uv": [ 29.0, 6.5, 32.5, 8.0 ] }
							}
						},
						{
							"name": "PauldronRimTop5",
							"from": [ -0.35, 2.4, 2.2 ],
							"to": [ 2.5, 3.1, 3.7 ],
							"unwrapMode": 6,
							"uv": [ 39.5, 11.0 ],
							"rotationOrigin": [ -0.35, 2.4, 2.2 ],
							"rotationX": -56.0,
							"rotationY": -8.0,
							"faces": {
								"north": { "texture": "#templarbody", "uv": [ 40.0, 11.0, 42.5, 11.5 ] },
								"east": { "texture": "#templarbody", "uv": [ 39.5, 11.5, 40.0, 13.0 ], "rotation": 90 },
								"south": { "texture": "#templarbody", "uv": [ 40.0, 13.0, 42.5, 13.5 ], "rotation": 180 },
								"west": { "texture": "#templarbody", "uv": [ 42.5, 11.5, 43.0, 13.0 ], "rotation": 270 },
								"up": { "texture": "#templarbody", "uv": [ 43.0, 11.5, 45.5, 13.0 ] },
								"down": { "texture": "#templarbody", "uv": [ 40.0, 11.5, 42.5, 13.0 ] }
							},
							"children": [
								{
									"name": "PauldronRimTop6",
									"from": [ 2.2122, 0.03, -0.5187 ],
									"to": [ 5.0622, 0.71, 1.0313 ],
									"unwrapMode": 6,
									"uv": [ 39.0, 11.0 ],
									"rotationOrigin": [ 3.9622, 0.0366, -0.5687 ],
									"rotationY": 20.0,
									"faces": {
										"north": { "texture": "#templarbody", "uv": [ 39.5, 11.0, 42.0, 11.5 ] },
										"east": { "texture": "#templarbody", "uv": [ 39.0, 11.5, 39.5, 13.0 ], "rotation": 90 },
										"south": { "texture": "#templarbody", "uv": [ 39.5, 13.0, 42.0, 13.5 ], "rotation": 180 },
										"west": { "texture": "#templarbody", "uv": [ 42.0, 11.5, 42.5, 13.0 ], "rotation": 270 },
										"up": { "texture": "#templarbody", "uv": [ 42.5, 11.5, 45.0, 13.0 ] },
										"down": { "texture": "#templarbody", "uv": [ 39.5, 11.5, 42.0, 13.0 ] }
									}
								},
								{
									"name": "PauldronRimTop7",
									"from": [ -0.92, 1.41, -1.0 ],
									"to": [ 0.28, 2.11, 1.5 ],
									"unwrapMode": 6,
									"unwrapRotation": 1,
									"uv": [ 39.5, 11.0 ],
									"rotationOrigin": [ -0.9192, 1.4062, -0.9984 ],
									"rotationX": 31.3033,
									"rotationY": 18.6091,
									"rotationZ": -35.2565,
									"faces": {
										"north": { "texture": "#templarbody", "uv": [ 39.5, 11.5, 40.0, 12.5 ], "rotation": 90 },
										"east": { "texture": "#templarbody", "uv": [ 40.0, 12.5, 42.5, 13.0 ], "rotation": 180 },
										"south": { "texture": "#templarbody", "uv": [ 42.5, 11.5, 43.0, 12.5 ], "rotation": 270 },
										"west": { "texture": "#templarbody", "uv": [ 40.0, 11.0, 42.5, 11.5 ] },
										"up": { "texture": "#templarbody", "uv": [ 43.0, 11.5, 45.5, 12.5 ], "rotation": 270 },
										"down": { "texture": "#templarbody", "uv": [ 40.0, 11.5, 42.5, 12.5 ], "rotation": 90 }
									}
								},
								{
									"name": "PauldronRimTop8",
									"from": [ 4.676, 1.4062, -2.0965 ],
									"to": [ 5.876, 2.1062, 0.4035 ],
									"unwrapMode": 6,
									"unwrapRotation": 1,
									"uv": [ 40.0, 11.0 ],
									"rotationOrigin": [ 5.876, 1.4062, -2.0965 ],
									"rotationX": 29.5072,
									"rotationY": -1.3128,
									"rotationZ": 25.0178,
									"faces": {
										"north": { "texture": "#templarbody", "uv": [ 40.0, 11.5, 40.5, 12.5 ], "rotation": 90 },
										"east": { "texture": "#templarbody", "uv": [ 40.5, 12.5, 43.0, 13.0 ], "rotation": 180, "windMode": [-1,-1,-1,-1], "windData": [1,1,1,1] },
										"south": { "texture": "#templarbody", "uv": [ 43.0, 11.5, 43.5, 12.5 ], "rotation": 270 },
										"west": { "texture": "#templarbody", "uv": [ 40.5, 11.0, 43.0, 11.5 ] },
										"up": { "texture": "#templarbody", "uv": [ 43.5, 11.5, 46.0, 12.5 ], "rotation": 270 },
										"down": { "texture": "#templarbody", "uv": [ 40.5, 11.5, 43.0, 12.5 ], "rotation": 90 }
									}
								}
							]
						}
					]
				}
			]
		},
		{
			"name": "ArmorLowerArmR",
			"stepParentName": "LowerArmR",
			"from": [ -0.21, -0.2, -0.45 ],
			"to": [ 2.71, 8.2, 2.35 ],
			"autoUnwrap": false,
			"uv": [ 53.5, 16.0 ],
			"rotationOrigin": [ -0.2, -0.2, -0.6 ],
			"faces": {
				"north": { "texture": "#templarbody", "uv": [ 59.0, 11.5, 61.5, 19.5 ] },
				"east": { "texture": "#templarbody", "uv": [ 61.5, 11.5, 64.0, 19.5 ] },
				"south": { "texture": "#templarbody", "uv": [ 54.0, 11.5, 56.5, 19.5 ] },
				"west": { "texture": "#templarbody", "uv": [ 56.5, 11.5, 59.0, 19.5 ] },
				"up": { "texture": "#templarbody", "uv": [ 56.5, 9.0, 59.0, 11.5 ] },
				"down": { "texture": "#templarbody", "uv": [ 54.0, 9.0, 56.5, 11.5 ] }
			},
			"children": [
				{
					"name": "ArmorElbowSideR",
					"from": [ 0.01, 7.0, 0.0 ],
					"to": [ 3.01, 8.0, 1.0 ],
					"unwrapMode": 1,
					"uv": [ 53.0, 3.5 ],
					"rotationOrigin": [ 0.1, 7.0, 0.0 ],
					"rotationX": -45.0,
					"faces": {
						"north": { "texture": "#templarbody", "uv": [ 54.0, 4.5, 57.0, 5.5 ] },
						"east": { "texture": "#templarbody", "uv": [ 53.0, 4.5, 54.0, 5.5 ] },
						"south": { "texture": "#templarbody", "uv": [ 58.0, 4.5, 61.0, 5.5 ] },
						"west": { "texture": "#templarbody", "uv": [ 57.0, 4.5, 58.0, 5.5 ] },
						"up": { "texture": "#templarbody", "uv": [ 54.0, 3.5, 57.0, 4.5 ], "rotation": 180 },
						"down": { "texture": "#templarbody", "uv": [ 54.0, 5.5, 57.0, 6.5 ] }
					}
				},
				{
					"name": "ArmorElbowR",
					"from": [ 2.6, 6.3, 0.3 ],
					"to": [ 3.6, 8.3, 2.3 ],
					"unwrapMode": 1,
					"uv": [ 39.5, 47.0 ],
					"rotationOrigin": [ 3.6, 7.3, 1.3 ],
					"faces": {
						"north": { "texture": "#templarbody", "uv": [ 41.5, 49.0, 42.5, 51.0 ] },
						"east": { "texture": "#templarbody", "uv": [ 39.5, 49.0, 41.5, 51.0 ] },
						"south": { "texture": "#templarbody", "uv": [ 44.5, 49.0, 45.5, 51.0 ] },
						"west": { "texture": "#templarbody", "uv": [ 42.5, 49.0, 44.5, 51.0 ] },
						"up": { "texture": "#templarbody", "uv": [ 41.5, 47.0, 42.5, 49.0 ], "rotation": 180 },
						"down": { "texture": "#templarbody", "uv": [ 41.5, 51.0, 42.5, 53.0 ] }
					}
				},
				{
					"name": "ArmorHandR",
					"from": [ 2.95, 0.0449, 1.8 ],
					"to": [ 5.75, 3.4449, 3.4 ],
					"unwrapMode": 3,
					"uv": [ 32.5, 40.5 ],
					"rotationOrigin": [ 2.9, 0.0449, 1.8031 ],
					"rotationY": 180.0,
					"faces": {
						"north": { "texture": "#templarbody", "uv": [ 38.0, 42.0, 40.5, 45.0 ] },
						"east": { "texture": "#templarbody", "uv": [ 36.5, 42.0, 38.0, 45.0 ] },
						"south": { "texture": "#templarbody", "uv": [ 34.0, 42.0, 36.5, 45.0 ] },
						"west": { "texture": "#templarbody", "uv": [ 32.5, 42.0, 34.0, 45.0 ] },
						"up": { "texture": "#templarbody", "uv": [ 34.0, 40.5, 36.5, 42.0 ] },
						"down": { "texture": "#templarbody", "uv": [ 34.0, 45.0, 36.5, 46.5 ], "rotation": 180 }
					},
					"children": [
						{
							"name": "ArmorHandR2",
							"from": [ -0.3, 1.8, 0.5 ],
							"to": [ 3.2, 3.2, 2.5 ],
							"unwrapMode": 3,
							"uv": [ 32.0, 39.9 ],
							"rotationOrigin": [ -0.3, 1.8, 0.5 ],
							"rotationX": -12.0,
							"faces": {
								"north": { "texture": "#templarbody", "uv": [ 39.5, 42.0, 43.0, 43.0 ] },
								"east": { "texture": "#templarbody", "uv": [ 37.5, 42.0, 39.5, 43.0 ] },
								"south": { "texture": "#templarbody", "uv": [ 34.0, 42.0, 37.5, 43.0 ] },
								"west": { "texture": "#templarbody", "uv": [ 32.0, 42.0, 34.0, 43.0 ] },
								"up": { "texture": "#templarbody", "uv": [ 34.0, 40.0, 37.5, 42.0 ] },
								"down": { "texture": "#templarbody", "uv": [ 34.0, 43.0, 37.5, 45.0 ], "rotation": 180 }
							},
							"children": [
								{
									"name": "Handnut4",
									"from": [ 0.3, 0.6, 1.7 ],
									"to": [ 0.8, 1.1, 2.2 ],
									"uv": [ 0.0, 0.0 ],
									"rotationOrigin": [ 0.3, 0.6, 1.7 ],
									"faces": {
										"north": { "texture": "#templarbody", "uv": [ 0.0, 0.5, 0.5, 1.0 ] },
										"east": { "texture": "#templarbody", "uv": [ 0.5, 0.5, 1.0, 1.0 ] },
										"south": { "texture": "#templarbody", "uv": [ 1.0, 0.5, 1.5, 1.0 ] },
										"west": { "texture": "#templarbody", "uv": [ 1.5, 0.5, 2.0, 1.0 ] },
										"up": { "texture": "#templarbody", "uv": [ 0.0, 0.0, 0.5, 0.5 ] },
										"down": { "texture": "#templarbody", "uv": [ 0.5, 0.0, 1.0, 0.5 ] }
									}
								},
								{
									"name": "Handnut5",
									"from": [ 2.7, 0.6, 1.7 ],
									"to": [ 3.2, 1.1, 2.2 ],
									"uv": [ 0.0, 0.0 ],
									"rotationOrigin": [ 2.7, 0.6, 1.7 ],
									"faces": {
										"north": { "texture": "#templarbody", "uv": [ 0.0, 0.5, 0.5, 1.0 ] },
										"east": { "texture": "#templarbody", "uv": [ 0.5, 0.5, 1.0, 1.0 ] },
										"south": { "texture": "#templarbody", "uv": [ 1.0, 0.5, 1.5, 1.0 ] },
										"west": { "texture": "#templarbody", "uv": [ 1.5, 0.5, 2.0, 1.0 ] },
										"up": { "texture": "#templarbody", "uv": [ 0.0, 0.0, 0.5, 0.5 ] },
										"down": { "texture": "#templarbody", "uv": [ 0.5, 0.0, 1.0, 0.5 ] }
									}
								},
								{
									"name": "Handnut6",
									"from": [ 1.5, 0.6, 1.7 ],
									"to": [ 2.0, 1.1, 2.2 ],
									"uv": [ 0.0, 0.0 ],
									"rotationOrigin": [ 1.5, 0.6, 1.7 ],
									"faces": {
										"north": { "texture": "#templarbody", "uv": [ 0.0, 0.5, 0.5, 1.0 ] },
										"east": { "texture": "#templarbody", "uv": [ 0.5, 0.5, 1.0, 1.0 ] },
										"south": { "texture": "#templarbody", "uv": [ 1.0, 0.5, 1.5, 1.0 ] },
										"west": { "texture": "#templarbody", "uv": [ 1.5, 0.5, 2.0, 1.0 ] },
										"up": { "texture": "#templarbody", "uv": [ 0.0, 0.0, 0.5, 0.5 ] },
										"down": { "texture": "#templarbody", "uv": [ 0.5, 0.0, 1.0, 0.5 ] }
									}
								},
								{
									"name": "ArmorHandR3",
									"from": [ 0.05, -0.6639, -0.2434 ],
									"to": [ 3.45, 0.7361, 1.7566 ],
									"unwrapMode": 3,
									"uv": [ 32.0, 40.0 ],
									"rotationOrigin": [ 0.05, -0.6639, -0.2434 ],
									"rotationX": 5.0,
									"faces": {
										"north": { "texture": "#templarbody", "uv": [ 39.0, 42.0, 42.0, 43.0 ] },
										"east": { "texture": "#templarbody", "uv": [ 37.0, 42.0, 39.0, 43.0 ] },
										"south": { "texture": "#templarbody", "uv": [ 34.0, 42.0, 37.0, 43.0 ] },
										"west": { "texture": "#templarbody", "uv": [ 32.0, 42.0, 34.0, 43.0 ] },
										"up": { "texture": "#templarbody", "uv": [ 34.0, 40.0, 37.0, 42.0 ] },
										"down": { "texture": "#templarbody", "uv": [ 34.0, 43.0, 37.0, 45.0 ], "rotation": 180 }
									}
								},
								{
									"name": "ArmorHandR4",
									"from": [ 0.1, -1.2092, -0.5637 ],
									"to": [ 3.4, 0.1908, 1.4363 ],
									"unwrapMode": 3,
									"uv": [ 32.3, 40.0 ],
									"rotationOrigin": [ 0.1, -1.2092, -0.5637 ],
									"rotationX": 14.0,
									"faces": {
										"north": { "texture": "#templarbody", "uv": [ 39.5, 42.0, 42.5, 43.0 ] },
										"east": { "texture": "#templarbody", "uv": [ 37.5, 42.0, 39.5, 43.0 ] },
										"south": { "texture": "#templarbody", "uv": [ 34.5, 42.0, 37.5, 43.0 ] },
										"west": { "texture": "#templarbody", "uv": [ 32.5, 42.0, 34.5, 43.0 ] },
										"up": { "texture": "#templarbody", "uv": [ 34.5, 40.0, 37.5, 42.0 ] },
										"down": { "texture": "#templarbody", "uv": [ 34.5, 43.0, 37.5, 45.0 ], "rotation": 180 }
									}
								},
								{
									"name": "ArmorHandR5",
									"from": [ 0.15, -1.8108, -1.1005 ],
									"to": [ 3.35, -0.4108, 0.8995 ],
									"unwrapMode": 3,
									"uv": [ 32.0, 40.0 ],
									"rotationOrigin": [ 0.15, -1.8108, -1.1005 ],
									"rotationX": 28.0,
									"faces": {
										"north": { "texture": "#templarbody", "uv": [ 39.0, 42.0, 42.0, 43.0 ] },
										"east": { "texture": "#templarbody", "uv": [ 37.0, 42.0, 39.0, 43.0 ] },
										"south": { "texture": "#templarbody", "uv": [ 34.0, 42.0, 37.0, 43.0 ] },
										"west": { "texture": "#templarbody", "uv": [ 32.0, 42.0, 34.0, 43.0 ] },
										"up": { "texture": "#templarbody", "uv": [ 34.0, 40.0, 37.0, 42.0 ] },
										"down": { "texture": "#templarbody", "uv": [ 34.0, 43.0, 37.0, 45.0 ], "rotation": 180 }
									}
								}
							]
						}
					]
				}
			]
		},
		{
			"name": "ArmorLowerArmL",
			"stepParentName": "LowerArmL",
			"from": [ -0.21, -0.2, -0.35 ],
			"to": [ 2.71, 8.2, 2.45 ],
			"uv": [ 54.0, 9.0 ],
			"rotationOrigin": [ -0.2, -0.2, -0.4 ],
			"faces": {
				"north": { "texture": "#templarbody", "uv": [ 54.0, 11.5, 56.5, 19.5 ] },
				"east": { "texture": "#templarbody", "uv": [ 56.5, 11.5, 59.0, 19.5 ] },
				"south": { "texture": "#templarbody", "uv": [ 59.0, 11.5, 61.5, 19.5 ] },
				"west": { "texture": "#templarbody", "uv": [ 61.5, 11.5, 64.0, 19.5 ] },
				"up": { "texture": "#templarbody", "uv": [ 54.0, 9.0, 56.5, 11.5 ] },
				"down": { "texture": "#templarbody", "uv": [ 56.5, 9.0, 59.0, 11.5 ] }
			},
			"children": [
				{
					"name": "ArmorElbowSideL",
					"from": [ 0.01, 7.0, 2.8 ],
					"to": [ 3.01, 8.0, 3.8 ],
					"unwrapMode": 3,
					"uv": [ 53.0, 3.5 ],
					"rotationOrigin": [ -0.1, 7.0, 2.8 ],
					"rotationX": -45.0,
					"faces": {
						"north": { "texture": "#templarbody", "uv": [ 58.0, 4.5, 61.0, 5.5 ] },
						"east": { "texture": "#templarbody", "uv": [ 57.0, 4.5, 58.0, 5.5 ] },
						"south": { "texture": "#templarbody", "uv": [ 54.0, 4.5, 57.0, 5.5 ] },
						"west": { "texture": "#templarbody", "uv": [ 53.0, 4.5, 54.0, 5.5 ] },
						"up": { "texture": "#templarbody", "uv": [ 54.0, 3.5, 57.0, 4.5 ] },
						"down": { "texture": "#templarbody", "uv": [ 54.0, 5.5, 57.0, 6.5 ], "rotation": 180 }
					}
				},
				{
					"name": "ArmorElbowL",
					"from": [ 2.5, 6.4, 0.6 ],
					"to": [ 3.5, 8.4, 2.6 ],
					"unwrapMode": 3,
					"uv": [ 32.0, 47.0 ],
					"rotationOrigin": [ 3.5, 7.4, 1.6 ],
					"faces": {
						"north": { "texture": "#templarbody", "uv": [ 37.0, 49.0, 38.0, 51.0 ] },
						"east": { "texture": "#templarbody", "uv": [ 35.0, 49.0, 37.0, 51.0 ] },
						"south": { "texture": "#templarbody", "uv": [ 34.0, 49.0, 35.0, 51.0 ] },
						"west": { "texture": "#templarbody", "uv": [ 32.0, 49.0, 34.0, 51.0 ] },
						"up": { "texture": "#templarbody", "uv": [ 34.0, 47.0, 35.0, 49.0 ] },
						"down": { "texture": "#templarbody", "uv": [ 34.0, 51.0, 35.0, 53.0 ], "rotation": 180 }
					}
				},
				{
					"name": "ArmorHandL",
					"from": [ 0.05, -0.3, 1.0 ],
					"to": [ 2.85, 3.1, 2.6 ],
					"unwrapMode": 3,
					"uv": [ 32.5, 40.5 ],
					"rotationOrigin": [ 0.0, -0.3, 1.0 ],
					"rotationZ": 1.0E-4,
					"faces": {
						"north": { "texture": "#templarbody", "uv": [ 38.0, 42.0, 40.5, 45.0 ] },
						"east": { "texture": "#templarbody", "uv": [ 36.5, 42.0, 38.0, 45.0 ] },
						"south": { "texture": "#templarbody", "uv": [ 34.0, 42.0, 36.5, 45.0 ] },
						"west": { "texture": "#templarbody", "uv": [ 32.5, 42.0, 34.0, 45.0 ] },
						"up": { "texture": "#templarbody", "uv": [ 34.0, 40.5, 36.5, 42.0 ] },
						"down": { "texture": "#templarbody", "uv": [ 34.0, 45.0, 36.5, 46.5 ], "rotation": 180 }
					},
					"children": [
						{
							"name": "ArmorHandL2",
							"from": [ -0.3, 2.0, 0.5 ],
							"to": [ 3.2, 3.4, 2.5 ],
							"unwrapMode": 3,
							"uv": [ 32.0, 40.0 ],
							"rotationOrigin": [ -0.3, 2.0, 0.5 ],
							"rotationX": -12.0,
							"faces": {
								"north": { "texture": "#templarbody", "uv": [ 39.5, 42.0, 43.0, 43.0 ] },
								"east": { "texture": "#templarbody", "uv": [ 37.5, 42.0, 39.5, 43.0 ] },
								"south": { "texture": "#templarbody", "uv": [ 34.0, 42.0, 37.5, 43.0 ] },
								"west": { "texture": "#templarbody", "uv": [ 32.0, 42.0, 34.0, 43.0 ] },
								"up": { "texture": "#templarbody", "uv": [ 34.0, 40.0, 37.5, 42.0 ] },
								"down": { "texture": "#templarbody", "uv": [ 34.0, 43.0, 37.5, 45.0 ], "rotation": 180 }
							},
							"children": [
								{
									"name": "Handnut1",
									"from": [ 0.3, 0.6, 1.7 ],
									"to": [ 0.8, 1.1, 2.2 ],
									"uv": [ 0.0, 0.0 ],
									"rotationOrigin": [ 0.3, 0.6, 1.7 ],
									"faces": {
										"north": { "texture": "#templarbody", "uv": [ 0.0, 0.5, 0.5, 1.0 ] },
										"east": { "texture": "#templarbody", "uv": [ 0.5, 0.5, 1.0, 1.0 ] },
										"south": { "texture": "#templarbody", "uv": [ 1.0, 0.5, 1.5, 1.0 ] },
										"west": { "texture": "#templarbody", "uv": [ 1.5, 0.5, 2.0, 1.0 ] },
										"up": { "texture": "#templarbody", "uv": [ 0.0, 0.0, 0.5, 0.5 ] },
										"down": { "texture": "#templarbody", "uv": [ 0.5, 0.0, 1.0, 0.5 ] }
									}
								},
								{
									"name": "Handnut2",
									"from": [ 2.7, 0.6, 1.7 ],
									"to": [ 3.2, 1.1, 2.2 ],
									"uv": [ 0.0, 0.0 ],
									"rotationOrigin": [ 2.7, 0.6, 1.7 ],
									"faces": {
										"north": { "texture": "#templarbody", "uv": [ 0.0, 0.5, 0.5, 1.0 ] },
										"east": { "texture": "#templarbody", "uv": [ 0.5, 0.5, 1.0, 1.0 ] },
										"south": { "texture": "#templarbody", "uv": [ 1.0, 0.5, 1.5, 1.0 ] },
										"west": { "texture": "#templarbody", "uv": [ 1.5, 0.5, 2.0, 1.0 ] },
										"up": { "texture": "#templarbody", "uv": [ 0.0, 0.0, 0.5, 0.5 ] },
										"down": { "texture": "#templarbody", "uv": [ 0.5, 0.0, 1.0, 0.5 ] }
									}
								},
								{
									"name": "Handnut3",
									"from": [ 1.5, 0.6, 1.7 ],
									"to": [ 2.0, 1.1, 2.2 ],
									"uv": [ 0.0, 0.0 ],
									"rotationOrigin": [ 1.5, 0.6, 1.7 ],
									"faces": {
										"north": { "texture": "#templarbody", "uv": [ 0.0, 0.5, 0.5, 1.0 ] },
										"east": { "texture": "#templarbody", "uv": [ 0.5, 0.5, 1.0, 1.0 ] },
										"south": { "texture": "#templarbody", "uv": [ 1.0, 0.5, 1.5, 1.0 ] },
										"west": { "texture": "#templarbody", "uv": [ 1.5, 0.5, 2.0, 1.0 ] },
										"up": { "texture": "#templarbody", "uv": [ 0.0, 0.0, 0.5, 0.5 ] },
										"down": { "texture": "#templarbody", "uv": [ 0.5, 0.0, 1.0, 0.5 ] }
									}
								},
								{
									"name": "ArmorHandL3",
									"from": [ 0.05, -0.6639, -0.2434 ],
									"to": [ 3.45, 0.7361, 1.7566 ],
									"unwrapMode": 3,
									"uv": [ 32.4, 40.0 ],
									"rotationOrigin": [ 0.05, -0.6639, -0.2434 ],
									"rotationX": 5.0,
									"faces": {
										"north": { "texture": "#templarbody", "uv": [ 39.5, 42.0, 42.5, 43.0 ] },
										"east": { "texture": "#templarbody", "uv": [ 37.5, 42.0, 39.5, 43.0 ] },
										"south": { "texture": "#templarbody", "uv": [ 34.5, 42.0, 37.5, 43.0 ] },
										"west": { "texture": "#templarbody", "uv": [ 32.5, 42.0, 34.5, 43.0 ] },
										"up": { "texture": "#templarbody", "uv": [ 34.5, 40.0, 37.5, 42.0 ] },
										"down": { "texture": "#templarbody", "uv": [ 34.5, 43.0, 37.5, 45.0 ], "rotation": 180 }
									}
								},
								{
									"name": "ArmorHandL4",
									"from": [ 0.1, -1.2092, -0.5637 ],
									"to": [ 3.4, 0.1908, 1.4363 ],
									"unwrapMode": 3,
									"uv": [ 32.0, 40.0 ],
									"rotationOrigin": [ 0.1, -1.2092, -0.5637 ],
									"rotationX": 14.0,
									"faces": {
										"north": { "texture": "#templarbody", "uv": [ 39.0, 42.0, 42.0, 43.0 ] },
										"east": { "texture": "#templarbody", "uv": [ 37.0, 42.0, 39.0, 43.0 ] },
										"south": { "texture": "#templarbody", "uv": [ 34.0, 42.0, 37.0, 43.0 ] },
										"west": { "texture": "#templarbody", "uv": [ 32.0, 42.0, 34.0, 43.0 ] },
										"up": { "texture": "#templarbody", "uv": [ 34.0, 40.0, 37.0, 42.0 ] },
										"down": { "texture": "#templarbody", "uv": [ 34.0, 43.0, 37.0, 45.0 ], "rotation": 180 }
									}
								},
								{
									"name": "ArmorHandL5",
									"from": [ 0.15, -1.8108, -1.1005 ],
									"to": [ 3.35, -0.4108, 0.8995 ],
									"unwrapMode": 3,
									"uv": [ 32.4, 40.0 ],
									"rotationOrigin": [ 0.15, -1.8108, -1.1005 ],
									"rotationX": 28.0,
									"faces": {
										"north": { "texture": "#templarbody", "uv": [ 39.5, 42.0, 42.5, 43.0 ] },
										"east": { "texture": "#templarbody", "uv": [ 37.5, 42.0, 39.5, 43.0 ] },
										"south": { "texture": "#templarbody", "uv": [ 34.5, 42.0, 37.5, 43.0 ] },
										"west": { "texture": "#templarbody", "uv": [ 32.5, 42.0, 34.5, 43.0 ] },
										"up": { "texture": "#templarbody", "uv": [ 34.5, 40.0, 37.5, 42.0 ] },
										"down": { "texture": "#templarbody", "uv": [ 34.5, 43.0, 37.5, 45.0 ], "rotation": 180 }
									}
								}
							]
						}
					]
				}
			]
		},
		{
			"name": "ArmorUpperArmL",
			"stepParentName": "UpperArmL",
			"from": [ 3.1, -0.1, 2.1 ],
			"to": [ 6.4, 7.3, 4.5 ],
			"uv": [ 43.5, 0.0 ],
			"rotationOrigin": [ 3.1, -0.1, 2.1 ],
			"rotationY": 180.0,
			"faces": {
				"north": { "texture": "#templarbody", "uv": [ 43.5, 2.0, 46.5, 9.0 ] },
				"east": { "texture": "#templarbody", "uv": [ 46.5, 2.0, 48.5, 9.0 ] },
				"south": { "texture": "#templarbody", "uv": [ 48.5, 2.0, 51.5, 9.0 ] },
				"west": { "texture": "#templarbody", "uv": [ 51.5, 2.0, 53.5, 9.0 ] },
				"up": { "texture": "#templarbody", "uv": [ 43.5, 0.0, 46.5, 2.0 ] },
				"down": { "texture": "#templarbody", "uv": [ 46.5, 0.0, 49.5, 2.0 ] }
			},
			"children": [
				{
					"name": "seal-main",
					"from": [ 4.5, 5.34, 0.9 ],
					"to": [ 6.0, 5.84, 2.4 ],
					"unwrapMode": 5,
					"unwrapRotation": 1,
					"uv": [ 33.5, 8.0 ],
					"rotationOrigin": [ 4.2, 5.34, 0.9 ],
					"rotationX": 88.0,
					"rotationY": 9.0,
					"rotationZ": 268.0,
					"faces": {
						"north": { "texture": "#templarbody", "uv": [ 33.5, 8.5, 34.0, 10.0 ], "rotation": 270, "glow": 5 },
						"east": { "texture": "#templarbody", "uv": [ 34.0, 8.0, 35.5, 8.5 ], "rotation": 180, "glow": 5 },
						"south": { "texture": "#templarbody", "uv": [ 35.5, 8.5, 36.0, 10.0 ], "rotation": 90, "glow": 5 },
						"west": { "texture": "#templarbody", "uv": [ 34.0, 10.0, 35.5, 10.5 ], "glow": 5, "windMode": [-1,-1,-1,-1], "windData": [1,1,1,1] },
						"up": { "texture": "#templarbody", "uv": [ 34.0, 8.5, 35.5, 10.0 ], "rotation": 90, "glow": 5 }
					},
					"children": [
						{
							"name": "seal2",
							"from": [ -0.3, -0.1, 0.1 ],
							"to": [ 1.2, 0.4, 1.6 ],
							"unwrapMode": 5,
							"uv": [ 33.5, 7.5 ],
							"rotationOrigin": [ 0.7, -0.1, 1.1 ],
							"rotationY": -45.0,
							"faces": {
								"north": { "texture": "#templarbody", "uv": [ 34.0, 7.5, 35.5, 8.0 ], "rotation": 180, "glow": 5 },
								"east": { "texture": "#templarbody", "uv": [ 35.5, 8.0, 36.0, 9.5 ], "rotation": 90, "glow": 5 },
								"south": { "texture": "#templarbody", "uv": [ 34.0, 9.5, 35.5, 10.0 ], "glow": 5 },
								"west": { "texture": "#templarbody", "uv": [ 33.5, 8.0, 34.0, 9.5 ], "rotation": 270, "glow": 5 },
								"up": { "texture": "#templarbody", "uv": [ 34.0, 8.0, 35.5, 9.5 ], "glow": 5 }
							}
						},
						{
							"name": "seal-string1",
							"from": [ 0.2, 0.0, 1.5 ],
							"to": [ 0.6, 0.4, 3.0 ],
							"unwrapMode": 4,
							"unwrapRotation": 1,
							"uv": [ 35.8, 11.0 ],
							"rotationOrigin": [ 0.4, 0.2, 1.5 ],
							"rotationY": -5.0,
							"rotationZ": -45.0,
							"faces": {
								"north": { "texture": "#templarbody", "uv": [ 36.5, 13.0, 37.0, 13.5 ], "rotation": 90, "windMode": [-1,-1,-1,-1], "windData": [1,1,1,1] },
								"east": { "texture": "#templarbody", "uv": [ 37.5, 11.5, 38.0, 13.0 ], "rotation": 270, "windMode": [-1,-1,-1,-1], "windData": [1,1,1,1] },
								"south": { "texture": "#templarbody", "uv": [ 36.5, 11.0, 37.0, 11.5 ], "rotation": 90, "windMode": [-1,-1,-1,-1], "windData": [1,1,1,1] },
								"west": { "texture": "#templarbody", "uv": [ 36.5, 11.5, 37.0, 13.0 ], "rotation": 90, "windMode": [-1,-1,-1,-1], "windData": [1,1,1,1] },
								"up": { "texture": "#templarbody", "uv": [ 36.0, 11.5, 36.5, 13.0 ], "rotation": 180, "windMode": [-1,-1,-1,-1], "windData": [1,1,1,1] },
								"down": { "texture": "#templarbody", "uv": [ 37.0, 11.5, 37.5, 13.0 ], "rotation": 180, "windMode": [-1,-1,-1,-1], "windData": [1,1,1,1] }
							},
							"children": [
								{
									"name": "seal-stringtie1",
									"from": [ -0.1, -0.1, 1.4 ],
									"to": [ 0.5, 0.5, 2.1 ],
									"autoUnwrap": false,
									"uv": [ 39.6, 8.5 ],
									"rotationOrigin": [ 0.2, 0.1, 1.4 ],
									"rotationX": 9.0,
									"rotationY": 9.0,
									"faces": {
										"north": { "texture": "#templarbody", "uv": [ 38.5, 9.0, 39.0, 9.5 ] },
										"south": { "texture": "#templarbody", "uv": [ 38.5, 9.0, 39.0, 9.5 ] },
										"west": { "texture": "#templarbody", "uv": [ 38.5, 9.0, 39.0, 9.5 ] },
										"up": { "texture": "#templarbody", "uv": [ 38.5, 8.5, 39.0, 9.0 ] },
										"down": { "texture": "#templarbody", "uv": [ 38.5, 8.5, 39.0, 9.0 ] }
									}
								}
							]
						},
						{
							"name": "seal-string2",
							"from": [ 1.0, -0.2, 1.5 ],
							"to": [ 1.4, 0.2, 4.3 ],
							"unwrapMode": 5,
							"uv": [ 34.5, 10.5 ],
							"rotationOrigin": [ 1.2, 0.0, 1.5 ],
							"rotationY": 5.0,
							"rotationZ": -45.0,
							"faces": {
								"north": { "texture": "#templarbody", "uv": [ 35.0, 10.5, 35.5, 11.0 ], "rotation": 180, "windMode": [-1,-1,-1,-1], "windData": [1,1,1,1] },
								"east": { "texture": "#templarbody", "uv": [ 35.5, 11.0, 36.0, 13.5 ], "rotation": 90, "windMode": [-1,-1,-1,-1], "windData": [1,1,1,1] },
								"south": { "texture": "#templarbody", "uv": [ 35.0, 13.5, 35.5, 14.0 ], "windMode": [-1,-1,-1,-1], "windData": [1,1,1,1] },
								"west": { "texture": "#templarbody", "uv": [ 34.5, 11.0, 35.0, 13.5 ], "rotation": 270, "windMode": [-1,-1,-1,-1], "windData": [1,1,1,1] },
								"up": { "texture": "#templarbody", "uv": [ 35.0, 11.0, 35.5, 13.5 ], "windMode": [-1,-1,-1,-1], "windData": [1,1,1,1] },
								"down": { "texture": "#templarbody", "uv": [ 36.0, 11.0, 36.5, 13.5 ], "windMode": [-1,-1,-1,-1], "windData": [1,1,1,1] }
							},
							"children": [
								{
									"name": "seal-stringtie2",
									"from": [ -0.1, -0.1, 2.7 ],
									"to": [ 0.5, 0.5, 3.7 ],
									"unwrapMode": 6,
									"autoUnwrap": false,
									"uv": [ 37.0, 8.5 ],
									"rotationOrigin": [ 0.2, 0.2, 2.7 ],
									"rotationX": 12.0,
									"rotationY": 6.0,
									"faces": {
										"north": { "texture": "#templarbody", "uv": [ 37.5, 8.5, 38.0, 9.0 ], "windMode": [-1,-1,-1,-1], "windData": [1,1,1,1] },
										"east": { "texture": "#templarbody", "uv": [ 38.0, 9.0, 38.5, 10.0 ], "rotation": 90, "windMode": [-1,-1,-1,-1], "windData": [1,1,1,1] },
										"south": { "texture": "#templarbody", "uv": [ 37.5, 10.0, 38.0, 10.5 ], "rotation": 180, "windMode": [-1,-1,-1,-1], "windData": [1,1,1,1] },
										"west": { "texture": "#templarbody", "uv": [ 38.0, 9.0, 38.5, 10.0 ], "rotation": 270, "windMode": [-1,-1,-1,-1], "windData": [1,1,1,1] },
										"up": { "texture": "#templarbody", "uv": [ 38.5, 9.0, 39.0, 10.0 ], "windMode": [-1,-1,-1,-1], "windData": [1,1,1,1] },
										"down": { "texture": "#templarbody", "uv": [ 37.5, 9.0, 38.0, 10.0 ], "windMode": [-1,-1,-1,-1], "windData": [1,1,1,1] }
									}
								}
							]
						},
						{
							"name": "seal-detail1",
							"from": [ 0.2, 0.5, 0.2 ],
							"to": [ 1.2, 0.6, 0.4 ],
							"uv": [ 34.5, 9.0 ],
							"rotationOrigin": [ 0.7, 0.5, 0.2 ],
							"faces": {
								"north": { "texture": "#templarbody", "uv": [ 34.5, 9.5, 35.5, 10.0 ] },
								"east": { "texture": "#templarbody", "uv": [ 35.5, 9.5, 36.0, 10.0 ] },
								"south": { "texture": "#templarbody", "uv": [ 36.0, 9.5, 37.0, 10.0 ] },
								"west": { "texture": "#templarbody", "uv": [ 37.0, 9.5, 37.5, 10.0 ] },
								"up": { "texture": "#templarbody", "uv": [ 34.5, 9.0, 35.5, 9.5 ] }
							},
							"children": [
								{
									"name": "seal-detail2",
									"from": [ 0.0, 0.0, 0.8 ],
									"to": [ 1.0, 0.1, 1.0 ],
									"uv": [ 33.5, 8.5 ],
									"rotationOrigin": [ 0.5, 0.0, 1.0 ],
									"faces": {
										"north": { "texture": "#templarbody", "uv": [ 33.5, 9.0, 34.5, 9.5 ] },
										"east": { "texture": "#templarbody", "uv": [ 34.5, 9.0, 35.0, 9.5 ] },
										"south": { "texture": "#templarbody", "uv": [ 35.0, 9.0, 36.0, 9.5 ] },
										"west": { "texture": "#templarbody", "uv": [ 36.0, 9.0, 36.5, 9.5 ] },
										"up": { "texture": "#templarbody", "uv": [ 33.5, 8.5, 34.5, 9.0 ] }
									}
								},
								{
									"name": "seal-detail3",
									"from": [ 0.0, 0.0, 0.2 ],
									"to": [ 0.2, 0.1, 0.8 ],
									"uv": [ 35.0, 8.5 ],
									"rotationOrigin": [ 0.5, 0.0, 0.4 ],
									"faces": {
										"east": { "texture": "#templarbody", "uv": [ 35.0, 9.0, 35.5, 9.5 ] },
										"west": { "texture": "#templarbody", "uv": [ 35.5, 9.0, 36.0, 9.5 ] },
										"up": { "texture": "#templarbody", "uv": [ 35.0, 8.5, 35.5, 9.0 ] }
									}
								},
								{
									"name": "seal-detail4",
									"from": [ 0.8, 0.0, 0.2 ],
									"to": [ 1.0, 0.1, 0.8 ],
									"uv": [ 34.5, 9.0 ],
									"rotationOrigin": [ 0.5, 0.0, 0.4 ],
									"faces": {
										"east": { "texture": "#templarbody", "uv": [ 34.5, 9.5, 35.0, 10.0 ] },
										"west": { "texture": "#templarbody", "uv": [ 35.0, 9.5, 35.5, 10.0 ] },
										"up": { "texture": "#templarbody", "uv": [ 34.5, 9.0, 35.0, 9.5 ] }
									}
								},
								{
									"name": "seal-detail5",
									"from": [ 0.4, 0.0, 0.4 ],
									"to": [ 0.6, 0.1, 0.6 ],
									"uv": [ 34.5, 9.0 ],
									"rotationOrigin": [ 0.5, 0.0, 0.5 ],
									"rotationY": -45.0,
									"faces": {
										"north": { "texture": "#templarbody", "uv": [ 34.5, 9.5, 35.0, 10.0 ] },
										"east": { "texture": "#templarbody", "uv": [ 35.0, 9.5, 35.5, 10.0 ] },
										"south": { "texture": "#templarbody", "uv": [ 35.5, 9.5, 36.0, 10.0 ] },
										"west": { "texture": "#templarbody", "uv": [ 36.0, 9.5, 36.5, 10.0 ] },
										"up": { "texture": "#templarbody", "uv": [ 34.5, 9.0, 35.0, 9.5 ] }
									}
								}
							]
						}
					]
				},
				{
					"name": "PauldronRimL",
					"from": [ 4.1, 5.5, 1.6 ],
					"to": [ 8.9, 8.2, 3.7 ],
					"uv": [ 47.0, 19.5 ],
					"rotationOrigin": [ 4.1, 5.5, 1.6041 ],
					"rotationX": -17.0,
					"rotationY": 180.0,
					"rotationZ": -3.0,
					"faces": {
						"north": { "texture": "#templarbody", "uv": [ 47.0, 24.0, 51.5, 26.5 ] },
						"east": { "texture": "#templarbody", "uv": [ 51.5, 24.0, 53.5, 26.5 ] },
						"south": { "texture": "#templarbody", "uv": [ 53.5, 24.0, 58.0, 26.5 ] },
						"west": { "texture": "#templarbody", "uv": [ 58.0, 24.0, 60.0, 26.5 ] },
						"up": { "texture": "#templarbody", "uv": [ 47.0, 19.5, 49.0, 24.0 ], "rotation": 270 },
						"down": { "texture": "#templarbody", "uv": [ 49.0, 19.5, 51.0, 24.0 ], "rotation": 270 }
					},
					"children": [
						{
							"name": "PauldronRimL2",
							"from": [ -0.02, 0.2, 0.4 ],
							"to": [ 4.82, 2.9, 2.5 ],
							"uv": [ 47.5, 19.5 ],
							"rotationOrigin": [ 0.0, 0.2, 0.4 ],
							"rotationX": 25.0,
							"faces": {
								"north": { "texture": "#templarbody", "uv": [ 47.5, 24.0, 52.0, 26.5 ] },
								"east": { "texture": "#templarbody", "uv": [ 52.0, 24.0, 54.0, 26.5 ] },
								"south": { "texture": "#templarbody", "uv": [ 54.0, 24.0, 58.5, 26.5 ] },
								"west": { "texture": "#templarbody", "uv": [ 58.5, 24.0, 60.5, 26.5 ] },
								"up": { "texture": "#templarbody", "uv": [ 47.5, 19.5, 49.5, 24.0 ], "rotation": 270 },
								"down": { "texture": "#templarbody", "uv": [ 49.5, 19.5, 51.5, 24.0 ], "rotation": 270 }
							},
							"children": [
								{
									"name": "PauldronRimL7",
									"from": [ 0.6, 0.1207, 0.4954 ],
									"to": [ 4.22, 3.0207, 1.7954 ],
									"unwrapMode": 5,
									"autoUnwrap": false,
									"uv": [ 26.5, 22.0 ],
									"rotationOrigin": [ 0.61, 0.1207, 0.4954 ],
									"faces": {
										"north": { "texture": "#templarbody", "uv": [ 27.0, 1.0, 30.5, 3.5 ], "rotation": 180 },
										"east": { "texture": "#templarbody", "uv": [ 28.5, 3.0, 31.0, 4.0 ], "rotation": 90 },
										"south": { "texture": "#templarbody", "uv": [ 28.5, 1.0, 32.0, 3.5 ] },
										"west": { "texture": "#templarbody", "uv": [ 28.5, 2.0, 31.0, 3.0 ], "rotation": 270 },
										"up": { "texture": "#templarbody", "uv": [ 26.5, 5.7, 31.9, 8.5 ], "autoUv": false },
										"down": { "texture": "#templarbody", "uv": [ 28.0, 2.0, 31.5, 3.0 ] }
									}
								}
							]
						},
						{
							"name": "PauldronRimL3",
							"from": [ 0.0, 0.3, 0.7 ],
							"to": [ 4.8, 3.0, 2.8 ],
							"uv": [ 46.5, 19.5 ],
							"rotationOrigin": [ 0.0, 0.3, 0.7 ],
							"rotationX": 50.0,
							"faces": {
								"north": { "texture": "#templarbody", "uv": [ 46.5, 24.0, 51.0, 26.5 ] },
								"east": { "texture": "#templarbody", "uv": [ 51.0, 24.0, 53.0, 26.5 ] },
								"south": { "texture": "#templarbody", "uv": [ 53.0, 24.0, 57.5, 26.5 ] },
								"west": { "texture": "#templarbody", "uv": [ 57.5, 24.0, 59.5, 26.5 ] },
								"up": { "texture": "#templarbody", "uv": [ 46.5, 19.5, 48.5, 24.0 ], "rotation": 270 },
								"down": { "texture": "#templarbody", "uv": [ 48.5, 19.5, 50.5, 24.0 ], "rotation": 270 }
							},
							"children": [
								{
									"name": "PauldronRimL8",
									"from": [ 0.7, 0.1259, 0.6278 ],
									"to": [ 4.1, 3.0259, 1.9278 ],
									"unwrapMode": 1,
									"autoUnwrap": false,
									"uv": [ 28.5, 28.5 ],
									"rotationOrigin": [ 0.7, 0.1259, 0.6278 ],
									"faces": {
										"north": { "texture": "#templarbody", "uv": [ 28.0, 0.0, 31.0, 2.5 ] },
										"east": { "texture": "#templarbody", "uv": [ 28.5, 0.5, 29.5, 3.0 ] },
										"south": { "texture": "#templarbody", "uv": [ 27.0, 0.5, 30.0, 3.0 ] },
										"west": { "texture": "#templarbody", "uv": [ 29.5, 2.0, 30.5, 4.5 ] },
										"up": { "texture": "#templarbody", "uv": [ 24.0, 6.5, 30.6, 9.0 ], "rotation": 180, "autoUv": false },
										"down": { "texture": "#templarbody", "uv": [ 27.0, 2.0, 30.0, 3.0 ] }
									}
								}
							]
						},
						{
							"name": "PauldronRimL4",
							"from": [ 0.01, 0.3, 0.9 ],
							"to": [ 4.79, 3.0, 3.0 ],
							"uv": [ 47.7, 19.4 ],
							"rotationOrigin": [ 0.0, 0.3, 0.9 ],
							"rotationX": 75.0,
							"faces": {
								"north": { "texture": "#templarbody", "uv": [ 47.5, 24.0, 52.0, 26.5 ] },
								"east": { "texture": "#templarbody", "uv": [ 52.5, 24.0, 54.5, 26.5 ] },
								"south": { "texture": "#templarbody", "uv": [ 54.5, 24.0, 59.0, 26.5 ] },
								"west": { "texture": "#templarbody", "uv": [ 59.0, 24.0, 61.0, 26.5 ] },
								"up": { "texture": "#templarbody", "uv": [ 47.5, 19.5, 49.5, 24.0 ], "rotation": 270 },
								"down": { "texture": "#templarbody", "uv": [ 50.0, 19.5, 52.0, 24.0 ], "rotation": 270 }
							},
							"children": [
								{
									"name": "PauldronRimL9",
									"from": [ 0.8, 0.4243, 0.7348 ],
									"to": [ 4.02, 3.1243, 1.9348 ],
									"unwrapMode": 1,
									"autoUnwrap": false,
									"uv": [ 28.0, 23.0 ],
									"rotationOrigin": [ 0.81, 0.4243, 0.7348 ],
									"rotationX": -1.0,
									"faces": {
										"north": { "texture": "#templarbody", "uv": [ 26.0, 2.0, 29.0, 4.5 ] },
										"east": { "texture": "#templarbody", "uv": [ 27.5, 0.0, 28.5, 2.5 ] },
										"south": { "texture": "#templarbody", "uv": [ 27.5, 0.5, 30.5, 3.0 ] },
										"west": { "texture": "#templarbody", "uv": [ 27.5, 0.5, 28.5, 2.0 ], "autoUv": false },
										"up": { "texture": "#templarbody", "uv": [ 24.0, 5.3, 31.8, 9.0 ], "rotation": 180, "autoUv": false },
										"down": { "texture": "#templarbody", "uv": [ 27.5, 2.5, 30.5, 3.5 ] }
									}
								}
							]
						},
						{
							"name": "PauldronRimL5",
							"from": [ -0.3, -0.2, 0.1 ],
							"to": [ 5.1, 3.1, 0.6 ],
							"uv": [ 39.5, 31.5 ],
							"rotationOrigin": [ -0.3, -0.2, 0.1 ],
							"faces": {
								"north": { "texture": "#templarbody", "uv": [ 39.5, 36.5, 44.5, 39.5 ] },
								"east": { "texture": "#templarbody", "uv": [ 44.5, 36.5, 45.0, 39.5 ] },
								"south": { "texture": "#templarbody", "uv": [ 45.0, 36.5, 50.0, 39.5 ] },
								"west": { "texture": "#templarbody", "uv": [ 50.0, 36.5, 50.5, 39.5 ] },
								"up": { "texture": "#templarbody", "uv": [ 39.5, 31.5, 40.0, 36.5 ], "rotation": 270 },
								"down": { "texture": "#templarbody", "uv": [ 40.0, 31.5, 40.5, 36.5 ], "rotation": 270 }
							},
							"children": [
								{
									"name": "PauldronRimL10",
									"from": [ 0.5, 3.1, -0.27 ],
									"to": [ 4.9, 5.1, 0.43 ],
									"unwrapMode": 5,
									"uv": [ 26.0, 16.0 ],
									"rotationOrigin": [ 0.5, 3.1, -0.3 ],
									"rotationX": 11.0,
									"faces": {
										"north": { "texture": "#templarbody", "uv": [ 28.0, 16.0, 32.0, 18.0 ], "rotation": 180 },
										"east": { "texture": "#templarbody", "uv": [ 32.0, 18.0, 34.0, 18.5 ], "rotation": 90 },
										"south": { "texture": "#templarbody", "uv": [ 28.0, 18.5, 32.0, 20.5 ] },
										"west": { "texture": "#templarbody", "uv": [ 26.0, 18.0, 28.0, 18.5 ], "rotation": 270 },
										"up": { "texture": "#templarbody", "uv": [ 28.0, 18.0, 32.0, 18.5 ] },
										"down": { "texture": "#templarbody", "uv": [ 34.0, 18.0, 38.0, 18.5 ] }
									}
								}
							]
						},
						{
							"name": "PauldronRimL11",
							"from": [ -0.31, -2.5, 1.2 ],
							"to": [ 5.09, 0.6, 1.9 ],
							"uv": [ 39.5, 31.5 ],
							"rotationOrigin": [ -0.3, -2.5, 1.2 ],
							"rotationX": 90.0,
							"faces": {
								"north": { "texture": "#templarbody", "uv": [ 39.5, 36.5, 44.5, 39.5 ] },
								"east": { "texture": "#templarbody", "uv": [ 44.5, 36.5, 45.0, 39.5 ] },
								"south": { "texture": "#templarbody", "uv": [ 45.0, 36.5, 50.0, 39.5 ] },
								"west": { "texture": "#templarbody", "uv": [ 50.0, 36.5, 50.5, 39.5 ] },
								"up": { "texture": "#templarbody", "uv": [ 39.5, 31.5, 40.0, 36.5 ], "rotation": 270 },
								"down": { "texture": "#templarbody", "uv": [ 40.0, 31.5, 40.5, 36.5 ], "rotation": 270 }
							}
						},
						{
							"name": "PauldronRimL12",
							"from": [ -0.01, -0.4, 1.2 ],
							"to": [ 4.81, 2.1, 3.3 ],
							"uv": [ 46.4, 19.5 ],
							"rotationOrigin": [ 0.0, -0.4, 1.2 ],
							"rotationX": 90.0,
							"faces": {
								"north": { "texture": "#templarbody", "uv": [ 46.5, 24.0, 51.0, 26.5 ] },
								"east": { "texture": "#templarbody", "uv": [ 51.0, 24.0, 53.0, 26.5 ] },
								"south": { "texture": "#templarbody", "uv": [ 53.0, 24.0, 57.5, 26.5 ] },
								"west": { "texture": "#templarbody", "uv": [ 57.5, 24.0, 59.5, 26.5 ] },
								"up": { "texture": "#templarbody", "uv": [ 46.5, 19.5, 48.5, 24.0 ], "rotation": 270 },
								"down": { "texture": "#templarbody", "uv": [ 48.5, 19.5, 50.5, 24.0 ], "rotation": 270 }
							},
							"children": [
								{
									"name": "PauldronRimL13",
									"from": [ 0.99, 2.5, 0.4 ],
									"to": [ 3.81, 3.0, 2.1 ],
									"unwrapMode": 1,
									"autoUnwrap": false,
									"uv": [ 30.5, 28.5 ],
									"rotationOrigin": [ 1.0, 2.5, 0.4 ],
									"faces": {
										"north": { "texture": "#templarbody", "uv": [ 29.0, 1.5, 31.5, 2.0 ] },
										"east": { "texture": "#templarbody", "uv": [ 27.0, 1.5, 28.5, 2.0 ] },
										"south": { "texture": "#templarbody", "uv": [ 28.0, 2.5, 30.5, 3.0 ] },
										"west": { "texture": "#templarbody", "uv": [ 27.0, 1.5, 28.5, 2.0 ] },
										"up": { "texture": "#templarbody", "uv": [ 25.0, 6.0, 31.1, 9.0 ], "rotation": 180, "autoUv": false },
										"down": { "texture": "#templarbody", "uv": [ 28.0, 2.0, 30.5, 3.5 ] }
									}
								}
							]
						},
						{
							"name": "PauldronRimL6",
							"from": [ 0.5, 2.7, 0.2 ],
							"to": [ 4.3, 3.0, 1.8 ],
							"unwrapMode": 5,
							"autoUnwrap": false,
							"uv": [ 34.0, 19.5 ],
							"rotationOrigin": [ 0.5, 2.7, 0.2 ],
							"faces": {
								"north": { "texture": "#templarbody", "uv": [ 26.5, 4.0, 30.0, 4.5 ], "rotation": 180 },
								"east": { "texture": "#templarbody", "uv": [ 28.0, 2.0, 28.5, 3.5 ], "rotation": 90 },
								"south": { "texture": "#templarbody", "uv": [ 28.5, 2.5, 32.0, 3.0 ] },
								"west": { "texture": "#templarbody", "uv": [ 29.5, 1.5, 30.0, 3.0 ], "rotation": 270 },
								"up": { "texture": "#templarbody", "uv": [ 26.5, 6.5, 31.9, 9.1 ], "autoUv": false },
								"down": { "texture": "#templarbody", "uv": [ 25.5, 1.5, 29.0, 3.0 ] }
							}
						},
						{
							"name": "PauldronRimTop1",
							"from": [ -0.35, 2.4, 2.2 ],
							"to": [ 2.5, 3.1, 3.7 ],
							"unwrapMode": 6,
							"uv": [ 39.0, 11.0 ],
							"rotationOrigin": [ -0.35, 2.4, 2.2 ],
							"rotationX": -56.0,
							"rotationY": -8.0,
							"faces": {
								"north": { "texture": "#templarbody", "uv": [ 39.5, 11.0, 42.0, 11.5 ] },
								"east": { "texture": "#templarbody", "uv": [ 39.0, 11.5, 39.5, 13.0 ], "rotation": 90 },
								"south": { "texture": "#templarbody", "uv": [ 39.5, 13.0, 42.0, 13.5 ], "rotation": 180 },
								"west": { "texture": "#templarbody", "uv": [ 42.0, 11.5, 42.5, 13.0 ], "rotation": 270 },
								"up": { "texture": "#templarbody", "uv": [ 42.5, 11.5, 45.0, 13.0 ] },
								"down": { "texture": "#templarbody", "uv": [ 39.5, 11.5, 42.0, 13.0 ] }
							},
							"children": [
								{
									"name": "PauldronRimTop2",
									"from": [ 2.2122, 0.03, -0.5187 ],
									"to": [ 5.0622, 0.71, 1.0313 ],
									"unwrapMode": 6,
									"uv": [ 39.5, 11.0 ],
									"rotationOrigin": [ 3.9622, 0.0366, -0.5687 ],
									"rotationY": 20.0,
									"faces": {
										"north": { "texture": "#templarbody", "uv": [ 40.0, 11.0, 42.5, 11.5 ] },
										"east": { "texture": "#templarbody", "uv": [ 39.5, 11.5, 40.0, 13.0 ], "rotation": 90 },
										"south": { "texture": "#templarbody", "uv": [ 40.0, 13.0, 42.5, 13.5 ], "rotation": 180 },
										"west": { "texture": "#templarbody", "uv": [ 42.5, 11.5, 43.0, 13.0 ], "rotation": 270 },
										"up": { "texture": "#templarbody", "uv": [ 43.0, 11.5, 45.5, 13.0 ] },
										"down": { "texture": "#templarbody", "uv": [ 40.0, 11.5, 42.5, 13.0 ] }
									}
								},
								{
									"name": "PauldronRimTop3",
									"from": [ -0.92, 1.41, -1.0 ],
									"to": [ 0.28, 2.11, 1.5 ],
									"unwrapMode": 6,
									"unwrapRotation": 1,
									"uv": [ 39.5, 11.0 ],
									"rotationOrigin": [ -0.9192, 1.4062, -0.9984 ],
									"rotationX": 31.3033,
									"rotationY": 18.6091,
									"rotationZ": -35.2565,
									"faces": {
										"north": { "texture": "#templarbody", "uv": [ 39.5, 11.5, 40.0, 12.5 ], "rotation": 90 },
										"east": { "texture": "#templarbody", "uv": [ 40.0, 12.5, 42.5, 13.0 ], "rotation": 180 },
										"south": { "texture": "#templarbody", "uv": [ 42.5, 11.5, 43.0, 12.5 ], "rotation": 270 },
										"west": { "texture": "#templarbody", "uv": [ 40.0, 11.0, 42.5, 11.5 ] },
										"up": { "texture": "#templarbody", "uv": [ 43.0, 11.5, 45.5, 12.5 ], "rotation": 270 },
										"down": { "texture": "#templarbody", "uv": [ 40.0, 11.5, 42.5, 12.5 ], "rotation": 90 }
									}
								},
								{
									"name": "PauldronRimTop4",
									"from": [ 4.676, 1.4062, -2.0965 ],
									"to": [ 5.876, 2.1062, 0.4035 ],
									"unwrapMode": 6,
									"unwrapRotation": 1,
									"uv": [ 39.5, 11.0 ],
									"rotationOrigin": [ 5.876, 1.4062, -2.0965 ],
									"rotationX": 29.5072,
									"rotationY": -1.3128,
									"rotationZ": 25.0178,
									"faces": {
										"north": { "texture": "#templarbody", "uv": [ 39.5, 11.5, 40.0, 12.5 ], "rotation": 90 },
										"east": { "texture": "#templarbody", "uv": [ 40.0, 12.5, 42.5, 13.0 ], "rotation": 180, "windMode": [-1,-1,-1,-1], "windData": [1,1,1,1] },
										"south": { "texture": "#templarbody", "uv": [ 42.5, 11.5, 43.0, 12.5 ], "rotation": 270 },
										"west": { "texture": "#templarbody", "uv": [ 40.0, 11.0, 42.5, 11.5 ] },
										"up": { "texture": "#templarbody", "uv": [ 43.0, 11.5, 45.5, 12.5 ], "rotation": 270 },
										"down": { "texture": "#templarbody", "uv": [ 40.0, 11.5, 42.5, 12.5 ], "rotation": 90 }
									}
								}
							]
						}
					]
				}
			]
		},
		{
			"name": "ArmorUpperTorso",
			"stepParentName": "UpperTorso",
			"from": [ -0.5, -0.2, -0.4 ],
			"to": [ 5.5, 5.1, 6.6 ],
			"uv": [ 0.0, 17.5 ],
			"rotationOrigin": [ -0.5, -0.2, -0.4 ],
			"faces": {
				"north": { "texture": "#templarbody", "uv": [ 0.0, 24.5, 6.0, 29.5 ] },
				"east": { "texture": "#templarbody", "uv": [ 6.0, 24.5, 13.0, 29.5 ] },
				"south": { "texture": "#templarbody", "uv": [ 13.0, 24.5, 19.0, 29.5 ] },
				"west": { "texture": "#templarbody", "uv": [ 19.0, 24.5, 26.0, 29.5 ] },
				"up": { "texture": "#templarbody", "uv": [ 0.0, 17.5, 6.0, 24.5 ] },
				"down": { "texture": "#templarbody", "uv": [ 6.0, 17.5, 12.0, 24.5 ] }
			},
			"children": [
				{
					"name": "ArmorUpperTorso2",
					"from": [ -0.5, 1.3, 0.01 ],
					"to": [ 0.1, 5.3, 6.99 ],
					"uv": [ 12.0, 14.0 ],
					"rotationOrigin": [ -0.5, 1.3, 0.0 ],
					"rotationZ": -7.0,
					"faces": {
						"north": { "texture": "#templarbody", "uv": [ 12.0, 20.5, 12.5, 24.5 ] },
						"east": { "texture": "#templarbody", "uv": [ 12.5, 20.5, 19.0, 24.5 ] },
						"south": { "texture": "#templarbody", "uv": [ 19.0, 20.5, 19.5, 24.5 ] },
						"west": { "texture": "#templarbody", "uv": [ 19.5, 20.5, 26.0, 24.5 ] },
						"up": { "texture": "#templarbody", "uv": [ 12.0, 14.0, 12.5, 20.5 ] },
						"down": { "texture": "#templarbody", "uv": [ 12.5, 14.0, 13.0, 20.5 ] }
					}
				},
				{
					"name": "ArmorUpperTorso3",
					"from": [ 5.8, 1.3, 0.01 ],
					"to": [ 6.5, 5.3, 6.99 ],
					"uv": [ 12.0, 14.0 ],
					"rotationOrigin": [ 6.4, 1.3, 0.0 ],
					"rotationZ": 7.0,
					"faces": {
						"north": { "texture": "#templarbody", "uv": [ 12.0, 20.5, 12.5, 24.5 ] },
						"east": { "texture": "#templarbody", "uv": [ 12.5, 20.5, 19.0, 24.5 ] },
						"south": { "texture": "#templarbody", "uv": [ 19.0, 20.5, 19.5, 24.5 ] },
						"west": { "texture": "#templarbody", "uv": [ 19.5, 20.5, 26.0, 24.5 ] },
						"up": { "texture": "#templarbody", "uv": [ 12.0, 14.0, 12.5, 20.5 ] },
						"down": { "texture": "#templarbody", "uv": [ 12.5, 14.0, 13.0, 20.5 ] }
					}
				},
				{
					"name": "PaintUpperTorso",
					"from": [ -0.02, -0.01, -0.01 ],
					"to": [ 6.01, 5.31, 7.01 ],
					"autoUnwrap": false,
					"uv": [ 35.5, 23.5 ],
					"faces": {
						"north": { "texture": "#textile", "uv": [ 43.6, 0.5, 49.5, 5.5 ], "autoUv": false, "windMode": [-1,-1,-1,-1], "windData": [1,1,1,1] },
						"east": { "texture": "#textile", "uv": [ 49.1, 17.1, 62.1, 25.1 ], "autoUv": false },
						"south": { "texture": "#textile", "uv": [ 42.0, 0.5, 48.0, 5.5 ], "windMode": [-1,-1,-1,-1], "windData": [1,1,1,1] },
						"west": { "texture": "#textile", "uv": [ 50.5, 3.2, 60.5, 11.0 ], "autoUv": false },
						"down": { "texture": "#textile", "uv": [ 50.5, 10.6, 60.5, 11.5 ], "rotation": 90, "autoUv": false }
					},
					"children": [
						{
							"name": "PaintUpperTorso2",
							"from": [ -0.49, 1.3, -0.01 ],
							"to": [ 0.11, 5.4, 7.03 ],
							"autoUnwrap": false,
							"uv": [ 35.5, 0.0 ],
							"rotationOrigin": [ -0.49, 1.31, 0.01 ],
							"rotationZ": -7.0,
							"faces": {
								"north": { "texture": "#textile", "uv": [ 49.5, 9.5, 50.0, 13.5 ], "windMode": [-1,-1,-1,-1], "windData": [1,1,1,1] },
								"south": { "texture": "#textile", "uv": [ 61.0, 10.0, 61.5, 14.0 ], "windMode": [-1,-1,-1,-1], "windData": [1,1,1,1] },
								"west": { "texture": "#textile", "uv": [ 50.5, 2.8, 60.5, 9.0 ], "autoUv": false },
								"up": { "texture": "#textile", "uv": [ 49.5, 0.5, 50.0, 7.5 ], "windMode": [-1,-1,-1,-1], "windData": [1,1,1,1] },
								"down": { "texture": "#textile", "uv": [ 50.5, 8.5, 60.5, 9.7 ], "rotation": 90, "autoUv": false }
							}
						},
						{
							"name": "PaintUpperTorso3",
							"from": [ 5.81, 1.3, -0.01 ],
							"to": [ 6.53, 5.4, 7.03 ],
							"autoUnwrap": false,
							"uv": [ 36.5, 4.5 ],
							"rotationOrigin": [ 6.41, 1.31, 0.01 ],
							"rotationZ": 7.0,
							"faces": {
								"north": { "texture": "#textile", "uv": [ 61.0, 2.0, 61.5, 6.0 ], "windMode": [-1,-1,-1,-1], "windData": [1,1,1,1] },
								"east": { "texture": "#textile", "uv": [ 49.0, 19.8, 62.0, 27.5 ], "autoUv": false },
								"south": { "texture": "#textile", "uv": [ 49.5, 2.5, 50.0, 6.5 ], "windMode": [-1,-1,-1,-1], "windData": [1,1,1,1] },
								"up": { "texture": "#textile", "uv": [ 49.5, 0.5, 50.0, 7.5 ], "windMode": [-1,-1,-1,-1], "windData": [1,1,1,1] },
								"down": { "texture": "#textile", "uv": [ 49.0, 29.6, 61.8, 26.3 ], "rotation": 90, "autoUv": false }
							}
						}
					]
				}
			]
		},
		{
			"name": "ArmorLowerTorso",
			"stepParentName": "LowerTorso",
			"from": [ -0.3, -0.5, -0.3 ],
			"to": [ 5.2, 5.1, 6.3 ],
			"uv": [ 0.0, 2.5 ],
			"rotationOrigin": [ -0.3, -0.5, -0.3 ],
			"faces": {
				"north": { "texture": "#templarbody", "uv": [ 0.0, 9.0, 5.5, 14.5 ] },
				"east": { "texture": "#templarbody", "uv": [ 5.5, 9.0, 12.0, 14.5 ] },
				"south": { "texture": "#templarbody", "uv": [ 12.0, 9.0, 17.5, 14.5 ] },
				"west": { "texture": "#templarbody", "uv": [ 17.5, 9.0, 24.0, 14.5 ] },
				"up": { "texture": "#templarbody", "uv": [ 0.0, 2.5, 5.5, 9.0 ] },
				"down": { "texture": "#templarbody", "uv": [ 5.5, 2.5, 11.0, 9.0 ] }
			},
			"children": [
				{
					"name": "PaintLowerTorso",
					"from": [ -0.01, -0.01, -0.01 ],
					"to": [ 5.51, 5.61, 6.61 ],
					"autoUnwrap": false,
					"uv": [ 36.0, 16.5 ],
					"rotationOrigin": [ -1.0, 0.0, 0.0 ],
					"faces": {
						"north": { "texture": "#textile", "uv": [ 42.5, 0.5, 48.0, 6.0 ], "windMode": [-1,-1,-1,-1], "windData": [0,1,1,0] },
						"east": { "texture": "#textile", "uv": [ 49.0, 21.9, 62.0, 33.1 ], "autoUv": false },
						"south": { "texture": "#textile", "uv": [ 43.5, 2.0, 49.0, 7.5 ], "windMode": [-1,-1,-1,-1], "windData": [0,0,1,1] },
						"west": { "texture": "#textile", "uv": [ 50.5, 10.5, 60.5, 17.9 ], "autoUv": false },
						"down": { "texture": "#textile", "uv": [ 43.0, 0.5, 48.5, 7.0 ], "windMode": [-1,-1,-1,-1] }
					}
				}
			]
		},
		{
			"name": "ArmorCoatR",
			"stepParentName": "UpperFootR",
			"from": [ -1.1, 5.4, -0.85 ],
			"to": [ 5.1, 7.4, 3.15 ],
			"uv": [ 26.0, 21.5 ],
			"rotationOrigin": [ -1.1, 5.4, -1.0 ],
			"faces": {
				"north": { "texture": "#templarbody", "uv": [ 26.0, 25.5, 32.0, 27.5 ] },
				"east": { "texture": "#templarbody", "uv": [ 32.0, 25.5, 36.0, 27.5 ] },
				"south": { "texture": "#templarbody", "uv": [ 36.0, 25.5, 42.0, 27.5 ] },
				"west": { "texture": "#templarbody", "uv": [ 42.0, 25.5, 46.0, 27.5 ] },
				"up": { "texture": "#templarbody", "uv": [ 26.0, 21.5, 32.0, 25.5 ], "rotation": 180 },
				"down": { "texture": "#templarbody", "uv": [ 32.0, 21.5, 38.0, 25.5 ], "rotation": 180 }
			},
			"children": [
				{
					"name": "ArmorCoatR2",
					"from": [ 0.02, -1.8, -0.6 ],
					"to": [ 6.22, 0.2, 0.4 ],
					"autoUnwrap": false,
					"uv": [ 25.0, 30.0 ],
					"rotationOrigin": [ 0.0, -1.8, -0.75 ],
					"rotationX": 10.0,
					"faces": {
						"north": { "texture": "#templarbody", "uv": [ 26.0, 25.5, 32.0, 27.5 ] },
						"east": { "texture": "#templarbody", "uv": [ 33.0, 25.5, 34.0, 27.5 ] },
						"south": { "texture": "#templarbody", "uv": [ 36.0, 25.5, 42.0, 27.5 ] },
						"west": { "texture": "#templarbody", "uv": [ 33.0, 25.5, 34.0, 27.5 ] },
						"up": { "texture": "#templarbody", "uv": [ 27.0, 24.0, 33.0, 25.0 ], "rotation": 180 },
						"down": { "texture": "#templarbody", "uv": [ 30.5, 24.5, 36.5, 25.5 ], "rotation": 180 }
					}
				},
				{
					"name": "ArmorCoatR3",
					"from": [ 0.5, -3.8, -0.6 ],
					"to": [ 5.7, -1.8, -0.1 ],
					"autoUnwrap": false,
					"uv": [ 24.0, 33.5 ],
					"rotationOrigin": [ 0.5, -3.8, -0.75 ],
					"faces": {
						"north": { "texture": "#templarbody", "uv": [ 26.5, 25.5, 31.5, 27.5 ] },
						"east": { "texture": "#templarbody", "uv": [ 34.0, 22.5, 34.5, 24.5 ] },
						"south": { "texture": "#templarbody", "uv": [ 36.5, 25.5, 41.5, 27.5 ] },
						"west": { "texture": "#templarbody", "uv": [ 34.5, 23.0, 35.0, 25.0 ] },
						"up": { "texture": "#templarbody", "uv": [ 32.5, 23.0, 37.5, 23.5 ], "rotation": 180 },
						"down": { "texture": "#templarbody", "uv": [ 32.0, 23.5, 37.0, 24.0 ], "rotation": 180 }
					}
				},
				{
					"name": "PaintCoatR",
					"from": [ -0.02, -0.01, -0.01 ],
					"to": [ 6.22, 2.01, 4.01 ],
					"uv": [ 36.5, 28.0 ],
					"rotationOrigin": [ -0.1, 0.0, -0.25 ],
					"faces": {
						"north": { "texture": "#textile", "uv": [ 36.5, 32.0, 42.5, 34.0 ] },
						"east": { "texture": "#textile", "uv": [ 42.5, 32.0, 46.5, 34.0 ] },
						"south": { "texture": "#textile", "uv": [ 46.5, 32.0, 52.5, 34.0 ] },
						"west": { "texture": "#textile", "uv": [ 52.5, 32.0, 56.5, 34.0 ] },
						"up": { "texture": "#textile", "uv": [ 36.5, 28.0, 42.5, 32.0 ], "rotation": 180 },
						"down": { "texture": "#textile", "uv": [ 42.5, 28.0, 48.5, 32.0 ], "rotation": 180 }
					},
					"children": [
						{
							"name": "PaintCoatR2",
							"from": [ 0.03, -1.8, -0.6 ],
							"to": [ 6.25, 0.23, 0.42 ],
							"autoUnwrap": false,
							"uv": [ 25.0, 30.0 ],
							"rotationOrigin": [ 0.0, -1.8, -0.75 ],
							"rotationX": 10.0,
							"faces": {
								"north": { "texture": "#textile", "uv": [ 46.5, 32.0, 52.5, 34.0 ] },
								"east": { "texture": "#textile", "uv": [ 53.0, 32.0, 54.0, 34.0 ] },
								"south": { "texture": "#textile", "uv": [ 36.5, 32.0, 42.5, 34.0 ] },
								"west": { "texture": "#textile", "uv": [ 55.0, 32.0, 56.0, 34.0 ] },
								"up": { "texture": "#textile", "uv": [ 36.5, 29.5, 42.5, 30.5 ], "rotation": 180 },
								"down": { "texture": "#textile", "uv": [ 36.5, 28.5, 42.5, 29.5 ], "rotation": 180 }
							}
						},
						{
							"name": "PaintCoatR3",
							"from": [ 0.51, -3.83, -0.6 ],
							"to": [ 5.73, -1.79, -0.08 ],
							"autoUnwrap": false,
							"uv": [ 24.0, 33.5 ],
							"rotationOrigin": [ 0.5, -3.8, -0.75 ],
							"faces": {
								"north": { "texture": "#textile", "uv": [ 47.0, 32.0, 52.0, 34.0 ] },
								"east": { "texture": "#textile", "uv": [ 40.0, 29.5, 40.5, 31.5 ] },
								"south": { "texture": "#textile", "uv": [ 37.0, 32.0, 42.0, 34.0 ] },
								"west": { "texture": "#textile", "uv": [ 39.0, 28.5, 39.5, 30.5 ] },
								"up": { "texture": "#textile", "uv": [ 36.5, 30.0, 41.5, 30.5 ], "rotation": 180 },
								"down": { "texture": "#textile", "uv": [ 36.5, 30.5, 41.5, 31.0 ], "rotation": 180 }
							}
						}
					]
				}
			]
		},
		{
			"name": "ArmorCoatL",
			"stepParentName": "UpperFootL",
			"from": [ -1.1, 5.4, 0.05 ],
			"to": [ 5.1, 7.4, 4.05 ],
			"uv": [ 26.0, 21.5 ],
			"rotationOrigin": [ -1.1, 5.4, -0.1 ],
			"faces": {
				"north": { "texture": "#templarbody", "uv": [ 26.0, 25.5, 32.0, 27.5 ] },
				"east": { "texture": "#templarbody", "uv": [ 32.0, 25.5, 36.0, 27.5 ] },
				"south": { "texture": "#templarbody", "uv": [ 36.0, 25.5, 42.0, 27.5 ] },
				"west": { "texture": "#templarbody", "uv": [ 42.0, 25.5, 46.0, 27.5 ] },
				"up": { "texture": "#templarbody", "uv": [ 26.0, 21.5, 32.0, 25.5 ] },
				"down": { "texture": "#templarbody", "uv": [ 32.0, 21.5, 38.0, 25.5 ] }
			},
			"children": [
				{
					"name": "ArmorCoatL2",
					"from": [ 0.02, -2.0, 3.6 ],
					"to": [ 6.22, 0.0, 4.6 ],
					"autoUnwrap": false,
					"uv": [ 24.5, 29.5 ],
					"rotationOrigin": [ 0.0, -2.0, 3.45 ],
					"rotationX": -10.0,
					"faces": {
						"north": { "texture": "#templarbody", "uv": [ 26.0, 25.5, 32.0, 27.5 ] },
						"east": { "texture": "#templarbody", "uv": [ 32.5, 25.5, 33.5, 27.5 ] },
						"south": { "texture": "#templarbody", "uv": [ 36.0, 25.5, 42.0, 27.5 ] },
						"west": { "texture": "#templarbody", "uv": [ 34.0, 25.5, 35.0, 27.5 ] },
						"up": { "texture": "#templarbody", "uv": [ 26.0, 23.0, 32.0, 24.0 ] },
						"down": { "texture": "#templarbody", "uv": [ 31.5, 24.0, 37.5, 25.0 ] }
					}
				},
				{
					"name": "ArmorCoatL3",
					"from": [ 0.5, -3.8, 4.1 ],
					"to": [ 5.7, -1.8, 4.6 ],
					"autoUnwrap": false,
					"uv": [ 26.5, 30.0 ],
					"rotationOrigin": [ 0.5, -3.8, 3.95 ],
					"faces": {
						"north": { "texture": "#templarbody", "uv": [ 26.5, 25.5, 31.5, 27.5 ] },
						"east": { "texture": "#templarbody", "uv": [ 36.0, 22.0, 36.5, 24.0 ] },
						"south": { "texture": "#templarbody", "uv": [ 36.5, 25.5, 41.5, 27.5 ] },
						"west": { "texture": "#templarbody", "uv": [ 37.0, 22.0, 37.5, 24.0 ] },
						"up": { "texture": "#templarbody", "uv": [ 32.0, 22.5, 37.0, 23.0 ] },
						"down": { "texture": "#templarbody", "uv": [ 32.5, 24.0, 37.5, 24.5 ] }
					}
				},
				{
					"name": "PaintCoatL",
					"from": [ -0.02, -0.01, -0.01 ],
					"to": [ 6.22, 2.01, 4.01 ],
					"uv": [ 36.5, 28.0 ],
					"rotationOrigin": [ 0.0, 0.0, -0.15 ],
					"faces": {
						"north": { "texture": "#textile", "uv": [ 36.5, 32.0, 42.5, 34.0 ] },
						"east": { "texture": "#textile", "uv": [ 42.5, 32.0, 46.5, 34.0 ] },
						"south": { "texture": "#textile", "uv": [ 46.5, 32.0, 52.5, 34.0 ] },
						"west": { "texture": "#textile", "uv": [ 52.5, 32.0, 56.5, 34.0 ] },
						"up": { "texture": "#textile", "uv": [ 36.5, 28.0, 42.5, 32.0 ] },
						"down": { "texture": "#textile", "uv": [ 42.5, 28.0, 48.5, 32.0 ] }
					},
					"children": [
						{
							"name": "PaintCoatL2",
							"from": [ 0.03, -2.01, 3.6 ],
							"to": [ 6.25, 0.02, 4.62 ],
							"autoUnwrap": false,
							"uv": [ 24.5, 29.5 ],
							"rotationOrigin": [ 0.0, -2.0, 3.45 ],
							"rotationX": -10.0,
							"faces": {
								"north": { "texture": "#textile", "uv": [ 46.5, 32.0, 52.5, 34.0 ] },
								"east": { "texture": "#textile", "uv": [ 55.0, 32.0, 56.0, 34.0 ] },
								"south": { "texture": "#textile", "uv": [ 36.5, 32.0, 42.5, 34.0 ] },
								"west": { "texture": "#textile", "uv": [ 53.0, 32.0, 54.0, 34.0 ] },
								"up": { "texture": "#textile", "uv": [ 43.5, 30.5, 49.5, 31.5 ] },
								"down": { "texture": "#textile", "uv": [ 42.5, 29.0, 48.5, 30.0 ] }
							}
						},
						{
							"name": "PaintCoatL3",
							"from": [ 0.51, -3.83, 4.1 ],
							"to": [ 5.73, -1.79, 4.62 ],
							"autoUnwrap": false,
							"uv": [ 26.5, 30.0 ],
							"rotationOrigin": [ 0.5, -3.8, 3.95 ],
							"faces": {
								"north": { "texture": "#textile", "uv": [ 47.0, 32.0, 52.0, 34.0 ] },
								"east": { "texture": "#textile", "uv": [ 46.5, 29.0, 47.0, 31.0 ] },
								"south": { "texture": "#textile", "uv": [ 37.0, 32.0, 42.0, 34.0 ] },
								"west": { "texture": "#textile", "uv": [ 44.5, 28.5, 45.0, 30.5 ] },
								"up": { "texture": "#textile", "uv": [ 42.0, 29.0, 47.0, 29.5 ] },
								"down": { "texture": "#textile", "uv": [ 42.5, 30.5, 47.5, 31.0 ] }
							}
						}
					]
				}
			]
		},
		{
			"name": "CollarBackR",
			"stepParentName": "Head",
			"from": [ 5.2, -1.0, -0.6 ],
			"to": [ 5.9, 1.4, 2.8 ],
			"unwrapMode": 4,
			"uv": [ 39.5, 31.0 ],
			"rotationOrigin": [ 5.2, -1.0, -0.6 ],
			"rotationX": 0.7476,
			"rotationY": 13.9804,
			"rotationZ": -23.0917,
			"faces": {
				"north": { "texture": "#templarbody", "uv": [ 39.5, 31.5, 40.0, 33.5 ] },
				"east": { "texture": "#templarbody", "uv": [ 43.5, 31.5, 46.5, 33.5 ] },
				"south": { "texture": "#templarbody", "uv": [ 43.0, 31.5, 43.5, 33.5 ] },
				"west": { "texture": "#templarbody", "uv": [ 40.0, 31.5, 43.0, 33.5 ] },
				"up": { "texture": "#templarbody", "uv": [ 40.0, 31.0, 43.0, 31.5 ], "rotation": 90 },
				"down": { "texture": "#templarbody", "uv": [ 40.0, 33.5, 43.0, 34.0 ], "rotation": 90 }
			},
			"children": [
				{
					"name": "CollarBackL",
					"from": [ -1.4549, -0.5295, 2.8099 ],
					"to": [ -0.7549, 1.8705, 6.2099 ],
					"unwrapMode": 2,
					"uv": [ 39.5, 31.2 ],
					"rotationOrigin": [ -0.8549, -0.5295, 6.2099 ],
					"rotationX": 10.3069,
					"rotationY": -26.1779,
					"rotationZ": 2.4025,
					"faces": {
						"north": { "texture": "#templarbody", "uv": [ 43.0, 32.0, 43.5, 34.0 ] },
						"east": { "texture": "#templarbody", "uv": [ 40.0, 32.0, 43.0, 34.0 ] },
						"south": { "texture": "#templarbody", "uv": [ 39.5, 32.0, 40.0, 34.0 ] },
						"west": { "texture": "#templarbody", "uv": [ 43.5, 32.0, 46.5, 34.0 ] },
						"up": { "texture": "#templarbody", "uv": [ 40.0, 31.0, 43.0, 31.5 ], "rotation": 270 },
						"down": { "texture": "#templarbody", "uv": [ 40.0, 34.0, 43.0, 34.5 ], "rotation": 270 }
					}
				}
			]
		}
	]}