[
	{
		"dependsOn": [
			{ "modid": "mngeology" }
		],
		"side": "Server",
		"file": "interestingoregen:worldgen/deposits/metalore/rhodochrosite.json",
		"op": "addeach",
		"path": "/0/attributes/inblock/allowedVariants/0",
		"value": [
			"arenite",
			"marl",
			"wacke"
		]
	},
	{
		"dependsOn": [
			{ "modid": "mngeology" }
		],
		"side": "Server",
		"file": "interestingoregen:worldgen/deposits/metalore/rhodochrosite.json",
		"op": "add",
		"path": "/0/attributes/placeblock/allowedVariantsByInBlock/rock-arenite",
		"value": [
			"poor",
			"medium",
			"rich"
		]
	},
	{
		"dependsOn": [
			{ "modid": "mngeology" }
		],
		"side": "Server",
		"file": "interestingoregen:worldgen/deposits/metalore/rhodochrosite.json",
		"op": "add",
		"path": "/0/attributes/placeblock/allowedVariantsByInBlock/rock-marl",
		"value": [
			"poor",
			"medium",
			"rich"
		]
	},
	{
		"dependsOn": [
			{ "modid": "mngeology" }
		],
		"side": "Server",
		"file": "interestingoregen:worldgen/deposits/metalore/rhodochrosite.json",
		"op": "add",
		"path": "/0/attributes/placeblock/allowedVariantsByInBlock/rock-wacke",
		"value": [
			"poor",
			"medium",
			"rich"
		]
	},
	{
		"dependsOn": [
			{ "modid": "mngeology" }
		],
		"side": "Server",
		"file": "interestingoregen:worldgen/deposits/metalore/rhodochrosite.json",
		"op": "add",
		"path": "/0/attributes/subdeposit/allowedVariantsByInBlock/rock-arenite",
		"value": [
			"poor",
			"medium"
		]
	},
	{
		"dependsOn": [
			{ "modid": "mngeology" }
		],
		"side": "Server",
		"file": "interestingoregen:worldgen/deposits/metalore/rhodochrosite.json",
		"op": "add",
		"path": "/0/attributes/subdeposit/allowedVariantsByInBlock/rock-marl",
		"value": [
			"poor",
			"medium",
			"rich"
		]
	},
	{
		"dependsOn": [
			{ "modid": "mngeology" }
		],
		"side": "Server",
		"file": "interestingoregen:worldgen/deposits/metalore/rhodochrosite.json",
		"op": "add",
		"path": "/0/attributes/subdeposit/allowedVariantsByInBlock/rock-wacke",
		"value": [
			"poor",
			"medium",
			"rich"
		]
	},
]