[
	{
	"code": "cloth-darkblue",
	"sealHours": 12,
	"ingredients": [
		{ "type": "item", "code": "game:dye-woad", "litres": 1, "consumeLitres": 1 },
		{ "type": "item", "code": "wool:cloth-wool-blue", "quantity": 1 }
	],
	"output": { "type": "item", "code": "wool:cloth-wool-darkblue", "stackSize": 1 }
	},

	{
	"code": "cloth-darkbrown",
	"sealHours": 12,
	"ingredients": [
		{ "type": "item", "code": "game:strongtanninportion", "litres": 1, "consumeLitres": 1 },
		{ "type": "item", "code": "wool:cloth-wool-brown", "quantity": 1 }
	],
	"output": { "type": "item", "code": "wool:cloth-wool-darkbrown", "stackSize": 1 }
	},

	{
	"code": "cloth-darkgreen",
	"sealHours": 8,
	"ingredients": [
		{ "type": "item", "code": "game:dye-black", "litres": 1, "consumeLitres": 1 },
		{ "type": "item", "code": "wool:cloth-wool-green", "quantity": 1 }
	],
	"output": { "type": "item", "code": "wool:cloth-wool-darkgreen", "stackSize": 1 }
	},

	{
	"code": "cloth-darkred",
	"sealHours": 12,
	"ingredients": [
		{ "type": "item", "code": "game:strongtanninportion", "litres": 1, "consumeLitres": 1 },
		{ "type": "item", "code": "wool:cloth-wool-red", "quantity": 1 }
	],
	"output": { "type": "item", "code": "wool:cloth-wool-darkred", "stackSize": 1 }
	}
]
