[
    {
        "op": "addeach",
        "path": "/0/attributes/inblock/allowedVariants/0",
        "value": [
            "diorite",
            "gabbro",
            "rhyolite"

        ],
        "file": "interestingoregen:worldgen/deposits/metalore/chromite.json"
    },
    {
        "op": "add",
        "path": "/0/attributes/placeblock/allowedVariantsByInBlock/rock-diorite",
        "value": ["poor", "medium" ],
        "file": "interestingoregen:worldgen/deposits/metalore/chromite.json"
    },
    {
        "op": "add",
        "path": "/0/attributes/placeblock/allowedVariantsByInBlock/rock-gabbro",
        "value": ["poor", "medium"],
        "file": "interestingoregen:worldgen/deposits/metalore/chromite.json"
    },
    {
        "op": "add",
        "path": "/0/attributes/placeblock/allowedVariantsByInBlock/rock-rhyolite",
        "value": ["poor", "medium"],
        "file": "interestingoregen:worldgen/deposits/metalore/chromite.json"
    },

    {
        "op": "add",
        "path": "/0/attributes/subdeposit/allowedVariantsByInBlock/rock-diorite",
        "value": ["poor", "medium" ],
        "file": "interestingoregen:worldgen/deposits/metalore/chromite.json"
    },
    {
        "op": "add",
        "path": "/0/attributes/subdeposit/allowedVariantsByInBlock/rock-gabbro",
        "value": ["poor", "medium"],
        "file": "interestingoregen:worldgen/deposits/metalore/chromite.json"
    },
    {
        "op": "add",
        "path": "/0/attributes/subdeposit/allowedVariantsByInBlock/rock-rhyolite",
        "value": ["poor", "medium"],
        "file": "interestingoregen:worldgen/deposits/metalore/chromite.json"
    }
]