[
    {
        "op": "addeach",
        "path": "/0/attributes/inblock/allowedVariants/0",
        "value": [
            "dolostone"
        ],
        "file": "interestingoregen:worldgen/deposits/metalore/malachite.json"
    },
    {
        "op": "add",
        "path": "/0/attributes/placeblock/allowedVariantsByInBlock/rock-dolostone",
        "value": ["poor", "medium", "rich", "bountiful" ],
        "file": "interestingoregen:worldgen/deposits/metalore/malachite.json"
    }
]