[
    {
        "op": "addeach",
        "path": "/0/attributes/inblock/allowedVariants/0",
        "value": [
            "dolostone",
            "siltstone"
        ],
        "file": "interestingoregen:worldgen/deposits/metalore/sphalerite.json"
    },
    {
        "op": "add",
        "path": "/0/attributes/placeblock/allowedVariantsByInBlock/rock-dolostone",
        "value": ["poor", "medium", "rich"],
        "file": "interestingoregen:worldgen/deposits/metalore/sphalerite.json"
    },
    {
        "op": "add",
        "path": "/0/attributes/placeblock/allowedVariantsByInBlock/rock-siltstone",
        "value": ["poor", "medium"],
        "file": "interestingoregen:worldgen/deposits/metalore/sphalerite.json"
    },

    {
        "op": "add",
        "path": "/0/attributes/subdeposit/allowedVariantsByInBlock/rock-dolostone",
        "value": ["poor", "medium"],
        "file": "interestingoregen:worldgen/deposits/metalore/sphalerite.json"
    },
    {
        "op": "add",
        "path": "/0/attributes/subdeposit/allowedVariantsByInBlock/rock-siltstone",
        "value": ["poor", "medium", "rich"],
        "file": "interestingoregen:worldgen/deposits/metalore/sphalerite.json"
    },






    {
        "op": "addeach",
        "path": "/1/attributes/inblock/allowedVariants/0",
        "value": [
            "diorite",
            "gabbro",
            "rhyolite",
            "schist"
        ],
        "file": "interestingoregen:worldgen/deposits/metalore/sphalerite.json"
    },
        {
        "op": "add",
        "path": "/1/attributes/placeblock/allowedVariantsByInBlock/rock-diorite",
        "value": ["poor", "medium", "rich" ],
        "file": "interestingoregen:worldgen/deposits/metalore/sphalerite.json"
    },
    {
        "op": "add",
        "path": "/1/attributes/placeblock/allowedVariantsByInBlock/rock-gabbro",
        "value": ["poor", "medium" ],
        "file": "interestingoregen:worldgen/deposits/metalore/sphalerite.json"
    },
    {
        "op": "add",
        "path": "/1/attributes/placeblock/allowedVariantsByInBlock/rock-rhyolite",
        "value": ["poor", "medium"],
        "file": "interestingoregen:worldgen/deposits/metalore/sphalerite.json"
    },
    {
        "op": "add",
        "path": "/1/attributes/placeblock/allowedVariantsByInBlock/rock-schist",
        "value": ["poor", "medium","rich","bountiful"],
        "file": "interestingoregen:worldgen/deposits/metalore/sphalerite.json"
    },






    {
        "op": "addeach",
        "path": "/2/attributes/inblock/allowedVariants/0",
        "value": [
            "dolostone",
            "siltstone"
        ],
        "file": "interestingoregen:worldgen/deposits/metalore/sphalerite.json"
    },
    {
        "op": "add",
        "path": "/2/attributes/placeblock/allowedVariantsByInBlock/rock-dolostone",
        "value": ["poor", "medium", "rich"],
        "file": "interestingoregen:worldgen/deposits/metalore/sphalerite.json"
    },
    {
        "op": "add",
        "path": "/2/attributes/placeblock/allowedVariantsByInBlock/rock-siltstone",
        "value": ["poor", "medium"],
        "file": "interestingoregen:worldgen/deposits/metalore/sphalerite.json"
    },

    {
        "op": "add",
        "path": "/2/attributes/subdeposit/allowedVariantsByInBlock/rock-dolostone",
        "value": ["poor", "medium"],
        "file": "interestingoregen:worldgen/deposits/metalore/sphalerite.json"
    },
    {
        "op": "add",
        "path": "/2/attributes/subdeposit/allowedVariantsByInBlock/rock-siltstone",
        "value": ["poor", "medium", "rich"],
        "file": "interestingoregen:worldgen/deposits/metalore/sphalerite.json"
    },






    {
        "op": "addeach",
        "path": "/3/attributes/inblock/allowedVariants/0",
        "value": [
            "diorite",
            "gabbro",
            "rhyolite",
            "schist"
        ],
        "file": "interestingoregen:worldgen/deposits/metalore/sphalerite.json"
    },
        {
        "op": "add",
        "path": "/3/attributes/placeblock/allowedVariantsByInBlock/rock-diorite",
        "value": ["poor", "medium", "rich" ],
        "file": "interestingoregen:worldgen/deposits/metalore/sphalerite.json"
    },
    {
        "op": "add",
        "path": "/3/attributes/placeblock/allowedVariantsByInBlock/rock-gabbro",
        "value": ["poor", "medium" ],
        "file": "interestingoregen:worldgen/deposits/metalore/sphalerite.json"
    },
    {
        "op": "add",
        "path": "/3/attributes/placeblock/allowedVariantsByInBlock/rock-rhyolite",
        "value": ["poor", "medium"],
        "file": "interestingoregen:worldgen/deposits/metalore/sphalerite.json"
    },
    {
        "op": "add",
        "path": "/3/attributes/placeblock/allowedVariantsByInBlock/rock-schist",
        "value": ["poor", "medium","rich","bountiful"],
        "file": "interestingoregen:worldgen/deposits/metalore/sphalerite.json"
    }
]