{
	"code": "clothes",
	"class": "ItemWearable",
	"variantgroups": [
		{ "code": "category", "states": ["face"] },
		{ "code": "face", "states": ["fcigar", "fcigarette", "fcigarillo"] }
	],
	"shapeByType": {
		"*-fcigar": { "base": "item/cigar" },
		"*-fcigarette": { "base": "item/cigarette" },
		"*-fcigarillo": { "base": "item/cigarillo" }
	},
	"storageFlags": 128,
	"attributes": {
		"clothescategory": "face",
		"wearableAttachment": true,
		"warmth": 0
	},
	"texturesByType": {
		"*": {
			"seraph": { "base": "game:block/transparent" },
		}
	},
	"creativeinventory": {
		"americanfrontiersmanwesternwear": ["*"]
	},
	"renderAlphaTest": 0.25,
	"fpHandTransformByType": {
		"*": {
			"translation": { "x": -0.25, "y": -0.1, "z": 0.5 },
			"rotation": { "x": 180, "y": 159, "z": 150 },
			"scale": 2
		}
	},
	"tpHandTransformByType": {
		"*": {
			"translation": { "x": 0.1, "y": -0.83, "z": -1.47 },
			"rotation": { "x": -100, "y": -165, "z": 180 },
			"origin": {"x": 0, "y": 0, "z": 0},
			"scale": 1
		}
	},
	"guiTransformByType": {
		"*": {
			"translation": { "x": 1, "y": 0, "z": 100 },
			"rotation": { "x": 0, "y": 0, "z": 0 },
			"origin": {"x": 0.3, "y": 1.6, "z": 0 },
			"scaleXyz": { x: -6, y: 6, z: 6 }
		}
	}
}