[




  {
    "ingredientPattern": "HCZ,BFS,BBB",
    "requiresTrait": "tinkerer",
    "recipeGroup": 333,
    "ingredients": {
      "B": {
        "type": "Item",
        "code": "game:plank-oak",
        "quantity": 2
      },
      "F": {
        "type": "Item",
        "code": "game:fat",
        "quantity": 2
      },
      "S": {
        "type": "Item",
        "code": "game:stick",
        "quantity": 6
      },
      "H": {
        "type": "Item",
        "code": "game:hammer-*",
        "isTool": true,
        "toolDurabilityCost": 5
      },
      "Z": {
        "type": "Item",
        "code": "game:saw-*",
        "isTool": true
      },
      "C": {
        "type": "Item",
        "code": "game:chisel-*",
        "isTool": true
      }
    },
    "width": 3,
    "height": 3,
    "output": {
      "type": "Item",
      "code": "game:largegearsection-wood",
      "quantity": 2
    }

  },












  {
    "ingredientPattern": "_H,PC",
    "requiresTrait": "tinkerer",
    "recipeGroup": 333,
    "ingredients": {
      "H": {
        "type": "Item",
        "code": "game:hammer-*",
        "isTool": true,
        "toolDurabilityCost": 5
      },
      "C": {
        "type": "Item",
        "code": "game:chutesection-copper"
      },
      "P": {
        "type": "Item",
        "code": "game:metalplate-copper"
      }
    },
    "width": 2,
    "height": 2,
    "output": {
      "type": "Block",
      "code": "game:hopper"
    }

  },














    {
		ingredientPattern: "HX_,PCP,RSF",
        "recipeGroup": 333,
		ingredients: {
			"X": { type: "item", code: "game:saw-*", isTool: true, toolDurabilityCost: 10 },
			"H": { type: "item", code: "game:hammer-*", isTool: true, toolDurabilityCost: 10 },
			"C": { type: "item", code: "game:chisel-*", isTool: true, toolDurabilityCost: 10 },
			"S": { type: "block", code: "game:log-placed-*-ud" , quantity: 2 },
			"R": { type: "item", code: "game:resin" },
			"P": { type: "item", code: "game:stick" , quantity: 2 },
			"F": { type: "item", code: "game:fat" }
		},
		width: 3,
		height: 3,
		output: { type: "block", code: "game:angledgears-s", quantity: 2 }
	},
	{
		ingredientPattern: "HX_,PCP,RSF",
        "recipeGroup": 333,
		ingredients: {
			"X": { type: "item", code: "game:saw-*", isTool: true, toolDurabilityCost: 10 },
			"H": { type: "item", code: "game:hammer-*", isTool: true, toolDurabilityCost: 10 },
			"C": { type: "item", code: "game:chisel-*", isTool: true, toolDurabilityCost: 10 },
			"S": { type: "block", code: "game:logsection-placed-*-ud" , quantity: 2 },
			"R": { type: "item", code: "game:resin" },
			"P": { type: "item", code: "game:stick" , quantity: 2 },
			"F": { type: "item", code: "game:fat" }
		},
		width: 3,
		height: 3,
		output: { type: "block", code: "game:angledgears-s", quantity: 2 }
	}
]