{
	"code": "clothes",
	"class": "ItemWearable",
	"variantgroups": [
		{ "code": "category", "states": ["arm"] },
		{ "code": "arm", "onVariant": "category", "states": ["chapsbasic"] },
		{ "code": "color", "states": ["black", "blue", "brown", "gray", "green", "orange", "pink", "purple", "red", "white", "yellow", "plain"]}
	],
	"shapeByType": {
		"*": { "base": "item/chapsbasic" }
	},
	"storageFlags": 128,
	"attributes": {
		"clothescategory": "arm",
		"wearableAttachment": true,
		"cooling": 0.4
	},
	"attributesByType": {
		"*": { "warmth": 1.5 }
	},
	"texturesByType": {
		"*": {
			"seraph": { "base": "game:block/transparent" },
			"basicchaps": { "base": "item/chaps/basic/{color}"}
		}
	},
	"creativeinventory": {
		"americanfrontiersmanwesternwear": ["*"]
	},
	"renderAlphaTest": 0.25,
	"fpHandTransform": {
		"translation": { "x": -0.25, "y": -0.1, "z": 0.5 },
		"rotation": { "x": 180, "y": 159, "z": 150 },
		"scale": 2
	},
	"tpHandTransform": {
		"translation": { "x": 0.8, "y": -0.6, "z": 0.5 },
		"rotation": { "x": -75, "y": 180, "z": 90 },
		"origin": { "x": 0, "y": 0, "z": 0 },
		"scale": 0.55
	},
	"guiTransform": {
		"translation": { "x": 0, "y": 0, "z": 0 },
		"rotation": { "x": 180, "y": -79, "z": 38 },
		"origin": { "x": 0.5, "y": 0.63, "z": 0.6 },
		"scale": 1.4
	}
}