{
	code: "ranseurhead",
	variantgroups: [
		{ code: "material", states: ["copper", "tinbronze", "bismuthbronze", "blackbronze", "iron", "meteoriciron", "steel", ] },
	],
	heldTpUseAnimation: "interactstatic", maxstacksize: 4,
	shapeByType: {
				
		"ranseurhead-*": { base: "vanillaarmory:shapes/item/tool/spear/ranseurhead" }
	},
	texturesByType: {
		"*": {
			"metal": { base: "game:block/metal/ingot/{material}" },
		}
	},
	attributes: {
		onTongTransform: {
			translation: { x: -0.85, y: -1.36, z: -0.42 },
			rotation: { x: -67, y: -6, z: -174 }
		}
	},
	creativeinventory: { "general": ["*"], "items": ["*"] },
	guiTransformByType: {
		"*": {
			translation: { x: 0, y: 0, z: 0 },
			rotation: { x: 43, y: 28, z: -59 },
			origin: { x: 0.45, y: 0.02, z: 0.5 },
			scale: 3.51
		},
	},
	fpHandTransformByType: {
		"*": {
			translation: { x: 0, y: 0, z: 0 },
			rotation: { x: -23, y: 127, z: 81 },
			origin: { x: 0.5, y: 0.06, z: 0.51 },
			scale: 2.5
		}, 
	},
	tpHandTransformByType: {
		"*": {
			translation: { x: -0.8, y: -0.1, z: -0.6 },
			rotation: { x: -19, y: -22, z: -22 },
			origin: { x: 0.5, y: 0, z: 0.5 },
			scale: 0.82
		},
		
	},
	groundTransformByType: {
		"*": {
			translation: { x: 0, y: 0, z: 0 },
			rotation: { x: 90, y: -5, z: 0 },
			origin: { x: 0.5, y: 0.05, z: 0.52 },
			scale: 4.63
		},
		
	}
}