{
	code: "warhammerhead",
	variantgroups: [
		{ code: "material", states: ["copper", "tinbronze", "bismuthbronze", "blackbronze", "iron", "meteoriciron", "steel" ] },
	],
	heldTpUseAnimation: "interactstatic", maxstacksize: 4,
	shapeByType: {
		"*": { "base": "vanillaarmory:shapes/item/tool/club/warhammerhead" },
		
	},
	texturesByType: {
		"*": { "blackbronze": { base: "game:block/metal/ingot/{material}" } }
	},
	attributes: {
		onTongTransformByType: {
			"*": {
				translation: { x: -0.4, y: -0.8, z: -0.53 },
				rotation: { x: 37, y: 0, z: -2 }
			}
		}
	},
	creativeinventory: { "general": ["*"], "items": ["*"] },
	fpHandTransform: {
		translation: { x: -0.5, y: -0.4, z: 0 },
		rotation: { x: 25, y: 0, z: 86 },
		scale: 2.5
	},
	guiTransformByType: {
		"*": {
			translation: { x: -13, y: 20, z: 0 },
			rotation: { x: -57, y: -119, z: -172 },
			origin: { x: 0.97, y: -0.07, z: 0.5 },
			scale: 2.8
		},
	},
	groundTransform: {
		translation: { x: 0, y: 0.3, z: 0 },
		rotation: { x: 0, y: 0, z: 0 },
		origin: { x: 0.81, y: 0.45, z: 0.42 },
		scale: 3.5
	},
	tpHandTransform: {
		translation: { x: -0.1, y: -0.76, z: -0.04 },
		rotation: { x: 90, y: -29, z: 0 },
		scale: 1
	}
}