{
	"code": "clothes",
	"class": "ItemWearable",
	"variantgroups": [
		{ code: "category",  states: ["upperbody"] },
		{ code: "upperbody", "onVariant": "category", "states": ["testtunic"] }
	],
	"shape": { "base": "entity/humanoid/seraph/clothing/upperbody/testtunic" },
	"storageFlags": 128,
	"attributesByType": {
		"*": {
			clothescategory: "UpperBody",
			"wearableAttachment": true
		}
	},
	"textures": {	
		"seraph": { "base": "game:block/transparent" },
		"testtunic": { "base" : "entity/humanoid/seraphclothes/upperbody/testtunic" }
	},
	"creativeinventory": { "general": ["*"], "items": ["*"], "clothing": ["*"] },
	"renderAlphaTest": 0.25,
	"fpHandTransform": {
		translation: { x: 0.05, y: -0.6, z: 0.3 },
		rotation: { x: 180, y: 150, z: 180 },
		scale: 2
	},
	"tpHandTransform": {
		translation: { x: -0.3, y: -0.9, z: -0.7 },
		rotation: { x: -71, y: 180, z: 83 },
		scale: 0.55
	},
	"guiTransformByType": {
		"*": {
			rotate: false,
			translation: { x: 0, y: 0, z: 0 },
			rotation: { x: -178, y: -65, z: 10 },
			origin: { x: 0.9, y: 1.1, z: 0.75 },
			scale: 1.8
		}
	},
	"guiTransform": {
		rotate: false,
		translation: { x: 0, y: 0, z: 0 },
		rotation: { x: -178, y: -65, z: 10 },
		origin: { x: 0.9, y: 1.1, z: 0.75 },
		scale: 1.8
	},
	"groundTransform": {
		translation: { x: 0.05, y: 0.05, z: 0 },
		rotation: { x: 0, y: 0, z: -87 },
		origin: { x: 0.5, y: 0.5, z: 0.5299 },
		scale: 2.19
	}
}