{
	code: "spear",
	class: "ItemSpear",
	damagedby: ["attacking"],
	tool: "spear",
	behaviors: [
		{ name: "GroundStorable", properties: { layout: 'WallHalves', wallOffY: 2, ctrlKey: true, selectionBox: { x1: 0, y1: 0, z1: 0, x2: 1, y2: 0.1, z2: 1 }, collisionBox: { x1: 0, y1: 0, z1: 0, x2: 0, y2: 0, z2: 0 } } },
		{ name: "AnimationAuthoritative" }
	],
	variantgroups: [
		{ code: "type", states: ["voulge", ] },
		{ code: "material", states: ["relic0", "relic1", "relic2", "relic3", "relic4", "relic5" ] },
	],
	skipVariants: [
		"spear-voulge-ornategold",
		"spear-voulge-ornatesilver"
	],
	allowedVariants: [
		"spear-voulge-*",
	],
	shapeByType: {
		"*": { base: "vanillaarmory:item/tool/spear/voulgerelic" }
	},
	heldTpIdleAnimation: "spearidle",
	heldRightReadyAnimation: "spearidle",
	heldTpHitAnimation: "spearhit",
	texturesByType: {
		
		"spear-voulge-*": { "blackbronze": { base: "vanillaarmory:{material}" }, 
				"handle": { base: "game:block/wood/debarked/veryaged"} 
		},
	
	},
	attackRange: 3.5,


	tooltierbytype:{
		"spear-voulge-relic0": 2,
		"spear-voulge-relic1": 2,

		"spear-voulge-relic2": 3,

		"spear-voulge-relic3": 4,
		
		"spear-voulge-relic4": 5,
		"spear-voulge-relic5": 6,
	},

	attackpowerbytype: {
		
		"spear-voulge-relic0": 2.4,
		"spear-voulge-relic1": 3.6,
		
		"spear-voulge-relic2": 5.18,

		"spear-voulge-relic3": 5.61,
		
		"spear-voulge-relic4": 6.19,
		"spear-voulge-relic5": 7.43,

	},
	attributes: {
		heldItemPitchFollow: 1,
		groundStorageTransformByType: {

			"spear-voulge-*": {
				translation: { x: -0.25, y: 0.65, z: 0.11 },
				rotation: { x: 16, y: 0, z: 90 },
				scale: 0.85
			},
			
		},
		
		"__comment": "Thrown damage",
		damageByType: {
			
			"*-relic0": 2.08,
			"*-relic1": 3.12,

			"*-relic2": 4.38,

			"*-relic3": 4.5,
			
			"*-relic4": 5.58,
			"*-relic5": 6.7,
		},
		damageTierByType: {
			
			"*-relic0": 2,
			"*-relic1": 2,

			"*-relic2": 3,
			
			"*-relic3": 4,
	
			"*-relic4": 5,
			"*-relic5": 6,
		},
		spearEntityCodeByType: {

			"*": "vanillaarmory:spear-{type}-{material}",

		},
		handbook: {
			groupBy: ["spear-*"]
		},
		toolrackTransformByType: {
			
			"spear-voulge-*": {
				translation: { x: -0.35, y: 0.05, z: 0.5 },
				rotation: { x: 89, y: 1, z: -1 }
			},
			
		}
	},
	durabilitybytype: {
		
		"spear-voulge-relic0": 135,
		"spear-voulge-relic1": 203,

		"spear-voulge-relic2": 421,

		"spear-voulge-relic3": 452,
		
		"spear-voulge-relic4": 593,
		"spear-voulge-relic5": 711,
		
	},
	creativeinventory: { "general": ["*"],  "vanillaarmory": ["*"], "items": ["*"], "tools": ["*"] },
	guiTransformByType: {
		
		"*": {
			translation: { x: 0, y: 0, z: 0 },
			rotation: { x: 33, y: 0, z: -127 },
			origin: { x: 1.29, y: 0.05, z: 0.52 },
			scale: 2.26
		}
	},
	fpHandTransformByType: {
		
		"*": {
			translation: { x: 0.1, y: 0.4, z: 0.16 },
			rotation: { x: -82, y: 180, z: 96 },
			origin: { x: 0.5, y: 0, z: 0.5 },
			scale: 2.45
		}
	},
	groundTransformByType: {
		
		"spear-voulge-*": {
			translation: { x: 0, y: 0.05, z: 0 },
			rotation: { x: -90, y: 0, z: 0 },
			origin: { x: 0.5, y: 0, z: 0.5 },
			scale: 3.4
		},
	},
	tpHandTransformByType: {
		
		"*": {
			translation: { x: -1.24, y: 0.03, z: -0.61 },
			rotation: { x: -0, y: 0, z: 0 },
			origin: { x: 0.5, y: 0, z: 0.5 },
			scale: 0.8
		},
		
	}
}