{
	code: "spear",
	class: "ItemSpear",
	damagedby: ["attacking"],
	tool: "spear",
	behaviors: [
		{ name: "GroundStorable", properties: { layout: 'WallHalves', wallOffY: 2, ctrlKey: true, selectionBox: { x1: 0, y1: 0, z1: 0, x2: 1, y2: 0.1, z2: 1 }, collisionBox: { x1: 0, y1: 0, z1: 0, x2: 0, y2: 0, z2: 0 } } },
		{ name: "AnimationAuthoritative" }
	],
	variantgroups: [
		{ code: "type", states: ["ranseur", ] },
		{ code: "material", states: ["relic0", "relic1", "relic2", "relic3", "relic4", "relic5" ] },
	],
	skipVariants: [
		"spear-ranseur-ornategold",
		"spear-ranseur-ornatesilver"
	],
	allowedVariants: [
		"spear-ranseur-*",
	],
	shapeByType: {
		"*": { base: "vanillaarmory:shapes/item/tool/spear/ranseurrelic" }
	},
	heldTpIdleAnimation: "spearidle",
	heldRightReadyAnimation: "spearidle",
	heldTpHitAnimation: "spearhit",
	texturesByType: {
		
		"spear-ranseur-*": { "metal": { base: "vanillaarmory:{material}" }, 
				"wood": { base: "game:block/wood/debarked/veryaged"} },
		
	},
	attackRange: 3.5,


	tooltierbytype:{
		"spear-ranseur-relic0": 3,
		"spear-ranseur-relic1": 3,
		"spear-ranseur-relic2": 4,
		"spear-ranseur-relic3": 5,
		"spear-ranseur-relic4": 6,
		"spear-ranseur-relic5": 7,
		
	},

	attackpowerbytype: {
		
		"spear-ranseur-relic0": 1.8,
		"spear-ranseur-relic1": 2.7,

		"spear-ranseur-relic2": 3.89,

		"spear-ranseur-relic3": 4.21,
		
		"spear-ranseur-relic4": 4.64,
		"spear-ranseur-relic5": 5.57,
		
	},
	attributes: {
		heldItemPitchFollow: 1,
		groundStorageTransformByType: {

			"spear-ranseur-*": {
				translation: { x: -0.25, y: 0.65, z: 0.11 },
				rotation: { x: 16, y: 0, z: 90 },
				scale: 0.85
			},
			
		},
		
		"__comment": "Thrown damage",
		damageByType: {
			
			"*-relic0": 3.74,
			"*-relic1": 5.61,

			"*-relic2": 7.88,

			"*-relic3": 8.1,
			
			"*-relic4": 10.04,
			"*-relic5": 12.05,
		},
		damageTierByType: {
			
			"*-relic0": 3,
			"*-relic1": 3,

			"*-relic2": 4,
			
			"*-relic3": 5,

			"*-relic4": 6,
			"*-relic5": 7,
		},
		spearEntityCodeByType: {

			"*": "vanillaarmory:spear-{type}-{material}",

		},
		handbook: {
			groupBy: ["spear-*"]
		},
		toolrackTransformByType: {
			
			"spear-ranseur-*": {
				translation: { x: -0.35, y: 0.05, z: 0.5 },
				rotation: { x: 89, y: 1, z: -1 }
			},
			
		}
	},
	durabilitybytype: {
		
		"spear-ranseur-relic0": 94,
		"spear-ranseur-relic1": 140,

		"spear-ranseur-relic2": 292,

		"spear-ranseur-relic3": 313,
		
		"spear-ranseur-relic4": 410,
		"spear-ranseur-relic5": 492,

	},
	creativeinventory: { "general": ["*"],  "vanillaarmory": ["*"], "items": ["*"], "tools": ["*"] },
	guiTransformByType: {
		
		"*": {
			translation: { x: 0, y: 0, z: 0 },
			rotation: { x: 33, y: 0, z: -127 },
			origin: { x: 1.29, y: 0.05, z: 0.52 },
			scale: 2.26
		}
	},
	fpHandTransformByType: {
		
		"*": {
			translation: { x: 0.1, y: 0.4, z: 0.16 },
			rotation: { x: -82, y: 180, z: 96 },
			origin: { x: 0.5, y: 0, z: 0.5 },
			scale: 2.45
		}
	},
	groundTransformByType: {
		
		"spear-ranseur-*": {
			translation: { x: 0, y: 0.05, z: 0 },
			rotation: { x: -90, y: 0, z: 0 },
			origin: { x: 0.5, y: 0, z: 0.5 },
			scale: 3.4
		},
	},
	tpHandTransformByType: {
		
		"*": {
			translation: { x: -1.24, y: 0.03, z: -0.61 },
			rotation: { x: -90, y: 0, z: 0 },
			origin: { x: 0.5, y: 0, z: 0.5 },
			scale: 0.8
		},
		
	}
}