[
  {
    "file": "faviking:itemtypes/wearable/viking/fa-viking-legs",
    "op": "addmerge",
    "path": "/behaviors",
    "dependsOn": [{ "modId": "combatoverhaul" }],
    "value": [
      {
        "name": "CombatOverhaul:Armor",
        "propertiesByType": {
          "fa-viking-legs-steel-heavy-*bear*": {
            "Layers": ["Outer"],
            "Zones": ["Legs", "Feet"],
            "Resists": {
              "PiercingAttack": 8,
              "SlashingAttack": 6,
              "BluntAttack": 10
            },
            "FlatReduction": {},
            "PlayerStats": {
              "walkspeed": -0.12,
              "manipulationSpeed": 0,
              "steadyAim": 0,
              "healingeffectivness": -0.04,
              "hungerrate": 0.06
            }
          },
          "fa-viking-legs-steel-heavy*": {
            "Layers": ["Outer"],
            "Zones": ["Legs", "Feet"],
            "Resists": {
              "PiercingAttack": 8,
              "SlashingAttack": 6,
              "BluntAttack": 10
            },
            "FlatReduction": {},
            "PlayerStats": {
              "walkspeed": -0.1,
              "manipulationSpeed": 0,
              "steadyAim": 0,
              "healingeffectivness": -0.06,
              "hungerrate": 0.08
            }
          },
          "fa-viking-legs-*iron-heavy-*bear*": {
            "Layers": ["Outer"],
            "Zones": ["Legs", "Feet"],
            "Resists": {
              "PiercingAttack": 7,
              "SlashingAttack": 5,
              "BluntAttack": 8
            },
            "FlatReduction": {},
            "PlayerStats": {
              "walkspeed": -0.12,
              "manipulationSpeed": 0,
              "steadyAim": 0,
              "healingeffectivness": -0.06,
              "hungerrate": 0.08
            }
          },
          "fa-viking-legs-*iron-heavy*": {
            "Layers": ["Outer"],
            "Zones": ["Legs", "Feet"],
            "Resists": {
              "PiercingAttack": 7,
              "SlashingAttack": 5,
              "BluntAttack": 8
            },
            "FlatReduction": {},
            "PlayerStats": {
              "walkspeed": -0.1,
              "manipulationSpeed": 0,
              "steadyAim": 0,
              "healingeffectivness": -0.06,
              "hungerrate": 0.08
            }
          },
          "fa-viking-legs-steel-light-*bear*": {
            "Layers": ["Outer","Middle"],
            "Zones": ["Legs", "Feet"],
            "Resists": {
              "PiercingAttack": 7,
              "SlashingAttack": 8,
              "BluntAttack": 8
            },
            "FlatReduction": {},
            "PlayerStats": {
              "walkspeed": -0.10,
              "manipulationSpeed": 0,
              "steadyAim": 0,
              "healingeffectivness": -0.1,
              "hungerrate": 0.08
            }
          },
          "fa-viking-legs-steel-light*": {
            "Layers": ["Outer","Middle"],
            "Zones": ["Legs", "Feet"],
            "Resists": {
              "PiercingAttack": 7,
              "SlashingAttack": 8,
              "BluntAttack": 8
            },
            "FlatReduction": {},
            "PlayerStats": {
              "walkspeed": -0.08,
              "manipulationSpeed": 0,
              "steadyAim": 0,
              "healingeffectivness": -0.1,
              "hungerrate": 0.08
            }
          },
          "fa-viking-legs-*iron-light-*bear*": {
            "Layers": ["Outer","Middle"],
            "Zones": ["Legs", "Feet"],
            "Resists": {
              "PiercingAttack": 6,
              "SlashingAttack": 7,
              "BluntAttack": 7
            },
            "FlatReduction": {},
            "PlayerStats": {
              "walkspeed": -0.1,
              "manipulationSpeed": 0,
              "steadyAim": 0,
              "healingeffectivness": -0.1,
              "hungerrate": 0.08
            }
          },
          "fa-viking-legs-*iron-light*": {
            "Layers": ["Outer","Middle"],
            "Zones": ["Legs", "Feet"],
            "Resists": {
              "PiercingAttack": 6,
              "SlashingAttack": 7,
              "BluntAttack": 7
            },
            "FlatReduction": {},
            "PlayerStats": {
              "walkspeed": -0.08,
              "manipulationSpeed": 0,
              "steadyAim": 0,
              "healingeffectivness": -0.1,
              "hungerrate": 0.08
            }
          }
        }
      }
    ]
  },
  {
    "file": "faviking:itemtypes/wearable/viking/fa-viking-legs",
    "op": "replace",
    "path": "/durabilityByType",
    "dependsOn": [{ "modId": "combatoverhaul" }],
    "value": {
        "*steel*heavy*": 25000,
        "*meteoric*heavy*": 11200,
        "*iron*heavy*": 9000,
        "*steel*light*": 19000,
        "*meteoric*light*": 9600,
        "*iron*light*": 6700
    }
  },
  {
    "file": "faviking:itemtypes/wearable/viking/fa-viking-legs",
    "dependsOn": [{ "modId": "combatoverhaul" }],
    "op": "replace",
    "path": "/attributes/protectionModifiersByType",
    "value": { "*": null }
  },
  {
    "file": "faviking:itemtypes/wearable/viking/fa-viking-legs",
    "dependsOn": [{ "modId": "combatoverhaul" }],
    "op": "replace",
    "path": "/attributes/statModifiersByType",
    "value": { "*": null }
  },
  {
    "file": "faviking:itemtypes/wearable/viking/fa-viking-legs",
    "dependsOn": [{ "modId": "combatoverhaul" }],
    "op": "replace",
    "path": "/class",
    "value": "CombatOverhaul:WearableArmor"
  },
  {
    "file": "faviking:itemtypes/wearable/viking/fa-viking-legs",
    "dependsOn": [{ "modId": "combatoverhaul" }],
    "op": "add",
    "path": "/attributes/materialCountByType",
    "value": { "*-legs-*": 8 }
  },  

]
