[
  {
    "op": "addmerge",
    "comment": "in case it is not there yet",
    "path": "/behaviorConfigs",
    "enabled": true,
    "value": {},
    "file": "game:entities/animal/mammal/hooved/deer-baby.json",
    "side": "Server"
  },

  {
    "op": "addmerge",
    "comment": "in case it is not there yet",
    "path": "/behaviorConfigs/harvestable",
    "enabled": true,
    "value": {},
    "file": "game:entities/animal/mammal/hooved/deer-baby.json",
    "side": "Server"
  },

  {
    "op": "addmerge",
    "comment": "in case it is not there yet",
    "path": "/behaviorConfigs/harvestable/drops",
    "enabled": true,
    "value": [],
    "file": "game:entities/animal/mammal/hooved/deer-baby.json",
    "side": "Server"
  },

  {
    "op": "addeach",
    "path": "/behaviorConfigs/harvestable/drops/-",
    "enabled": true,
    "value": [
	{ "type": "item", "code": "wool:fleece-generic-lightbrown",
		"quantityByType": {
			"deer-guemal-baby-*": { "avg": 1, "var": 0.75 },
			"deer-whitetail-baby-*": { "avg": 1, "var": 0.75 },
			"deer-pudu-baby-*": { "avg": 1, "var": 0.75 },
			"deer-taruca-baby-*": { "avg": 1, "var": 0.75 },
			"deer-pampas-baby-*": { "avg": 1, "var": 0.75 },
			"deer-water-baby-*": { "avg": 1, "var": 0.75 },
			"*": { "avg": 0 }
		}
	},
	{ "type": "item", "code": "wool:fleece-generic-redbrown",
		"quantityByType": {
			"deer-allow-baby-*": { "avg": 1, "var": 0.75 },
			"deer-marsh-baby-*": { "avg": 1, "var": 0.75 },
			"deer-redbrocket-baby-*": { "avg": 1, "var": 0.75 },
			"deer-chital-baby-*": { "avg": 1, "var": 0.75 },
			"deer-elk-baby-*": { "avg": 2, "var": 1 },
			"*": { "avg": 0 }
		}
	}
    ],
    "file": "game:entities/animal/mammal/hooved/deer-baby.json",
    "side": "Server"
  }
]
