[
  {
    "op": "add",
    "path": "/client/behaviors/-",
    "value": {
	"code": "shearable",
	"enabledByType": {
		"gazelle-male": true,
		"gazelle-female": true,
		"*": false
	},
	"hoursPerUnit" : 45,
	"hoursPerUnitGenerationalReduction" : 0.5,
	"hoursPerUnitMaxReduction" : 8.0,
	"maxGenBonus" : 4,
	"generationalMaxGrowthBonus" : 1,
	"generationalScratchChanceReduction" : 0.04,
	"minQuantity": 5,
	"maxQuantity": 9,
	"minGen": 1,
	"shearsBonus": 2,
	"scratchChance": 0.45,
	"drop": "wool:fleece-generic-yellow",
	"dropSecond": "wool:fleece-generic-plain",
	"dropSecondPercentage": 0.15,
	"shearSound": "game:sounds/player/scrape.ogg"
    },
    "file": "game:entities/animal/mammal/hooved/gazelle-adult.json",
    "side": "Server"
  },

  {
    "op": "add",
    "path": "/server/behaviors/-",
    "value": {
	"code": "shearable",
	"enabledByType": {
		"gazelle-male": true,
		"gazelle-female": true,
		"*": false
	},
	"hoursPerUnit" : 45,
	"hoursPerUnitGenerationalReduction" : 0.5,
	"hoursPerUnitMaxReduction" : 8.0,
	"maxGenBonus" : 4,
	"generationalMaxGrowthBonus" : 1,
	"generationalScratchChanceReduction" : 0.04,
	"minQuantity": 5,
	"maxQuantity": 9,
	"minGen": 1,
	"shearsBonus": 2,
	"scratchChance": 0.45,
	"drop": "wool:fleece-generic-yellow",
	"dropSecond": "wool:fleece-generic-plain",
	"dropSecondPercentage": 0.15,
	"shearSound": "game:sounds/player/scrape.ogg"
    },
    "file": "game:entities/animal/mammal/hooved/gazelle-adult.json",
    "side": "Server"
  }
]
