[
  {
    "op": "addeach",
    "path": "/selling/list/-",
    "value": [
	{ "code": "wool:twine-wool-plain", "type": "item", "stacksize": 4, "stock": { "avg": 4, "var": 1 }, "price": { "avg": 3, "var": 0.75 } },
	{ "code": "wool:twine-wool-brown", "type": "item", "stacksize": 6, "stock": { "avg": 4, "var": 1 }, "price": { "avg": 9, "var": 0.75 } },
	{ "code": "wool:twine-wool-black", "type": "item", "stacksize": 6, "stock": { "avg": 4, "var": 1 }, "price": { "avg": 8, "var": 0.75 } },
	{ "code": "wool:twine-wool-gray", "type": "item", "stacksize": 4, "stock": { "avg": 4, "var": 1 }, "price": { "avg": 3, "var": 0.75 } },
	{ "code": "wool:twine-wool-blue", "type": "item", "stacksize": 4, "stock": { "avg": 2, "var": 1 }, "price": { "avg": 4, "var": 1 } },
	{ "code": "wool:fleece-muskox-brown", "type": "item", "stacksize": 8, "stock": { "avg": 3, "var": 1 }, "price": { "avg": 8, "var": 0.75 } },
	{ "code": "wool:fleece-angora-white", "type": "item", "stacksize": 8, "stock": { "avg": 2, "var": 1 }, "price": { "avg": 10, "var": 0.75 } },
	{ "code": "wool:fleece-generic-yellow", "type": "item", "stacksize": 10, "stock": { "avg": 4, "var": 1 }, "price": { "avg": 4, "var": 0.75 } },
	{ "code": "wool:fleece-generic-lightbrown", "type": "item", "stacksize": 8, "stock": { "avg": 4, "var": 1 }, "price": { "avg": 6, "var": 0.75 } },
	{ "code": "wool:fleece-generic-redbrown", "type": "item", "stacksize": 6, "stock": { "avg": 4, "var": 1 }, "price": { "avg": 5, "var": 0.75 } },
	{ "code": "wool:clothes-upperbodyover-sweater-wool-plain-gray", "type": "item", "stacksize": 1, "stock": { "avg": 1.5, "var": 0.75 }, "price": { "avg": 8, "var": 1 } },
	{ "code": "wool:clothes-upperbodyover-sweater-wool-plain-white", "type": "item", "stacksize": 1, "stock": { "avg": 1.5, "var": 0.75 }, "price": { "avg": 9, "var": 1 } },
	{ "code": "wool:clothes-upperbodyover-sweater-wool-plain-pinkgray", "type": "item", "stacksize": 1, "stock": { "avg": 1.5, "var": 0.75 }, "price": { "avg": 10, "var": 1 } },
	{ "code": "wool:clothes-upperbodyover-sweater-wool-plain-brown", "type": "item", "stacksize": 1, "stock": { "avg": 1, "var": 0 }, "price": { "avg": 13, "var": 1 } },
	{ "code": "wool:clothes-upperbodyover-sweater-wool-fishbone-brown", "type": "item", "stacksize": 1, "stock": { "avg": 1, "var": 0 }, "price": { "avg": 17, "var": 1.75 } },
	{ "code": "wool:clothes-upperbodyover-sweater-mohair-plain-white", "type": "item", "stacksize": 1, "stock": { "avg": 1, "var": 0 }, "price": { "avg": 19, "var": 1.75 } },
	{ "code": "wool:clothes-upperbodyover-sweater-qivuit-plain-brown", "type": "item", "stacksize": 1, "stock": { "avg": 1, "var": 0 }, "price": { "avg": 20, "var": 2 } }
    ],
    "file": "game:config/tradelists/trader-artisan.json",
    "side": "Server"
  }
]
