[
	{
	"op": "addeach",
	"path": "/dropsByType/*-main1/-",
	"value": [
		{ "type": "item", "code": "wool:twine-wool-plain", "quantity": { "avg": 1.7, "var": 1.5 } },
		{ "type": "item", "code": "wool:twine-wool-darkgreen", "quantity": { "avg": 2.2, "var": 1.5 } },
		{ "type": "item", "code": "wool:twine-wool-darkblue", "quantity": { "avg": 2.2, "var": 1.5 } }
	],
	"file": "game:blocktypes/locustnest/stalagmite.json",
	"side": "Server"
	},
	{
	"op": "addeach",
	"path": "/dropsByType/*/-",
	"value": [
		{ "type": "item", "code": "wool:twine-wool-plain", "quantity": { "avg": 1.5, "var": 1.0 } },
		{ "type": "item", "code": "wool:twine-wool-darkgreen", "quantity": { "avg": 1.5, "var": 1.2 } },
		{ "type": "item", "code": "wool:twine-wool-darkbrown", "quantity": { "avg": 0.8 } }
	],
	"file": "game:blocktypes/locustnest/stalagmite.json",
	"side": "Server"
	},

	{
	"op": "addeach",
	"path": "/drops/-",
	"value": [
		{ "type": "item", "code": "wool:twine-wool-darkbrown", "quantity": { "avg": 2.5, "var": 2 } }
	],
	"file": "game:blocktypes/locustnest/cage.json",
	"side": "Server"
	}
]
