[
	{
	"op": "addmerge",
	"comment": "in case it is not there yet",
	"path": "/behaviorConfigs",
	"enabled": true,
	"value": {},
	"file": "game:entities/animal/mammal/hooved/sheep-adult.json",
	"side": "Server"
	},

	{
	"op": "addmerge",
	"comment": "in case it is not there yet",
	"path": "/behaviorConfigs/harvestable",
	"enabled": true,
	"value": {},
	"file": "game:entities/animal/mammal/hooved/sheep-adult.json",
	"side": "Server"
	},

	{
	"op": "addmerge",
	"comment": "in case it is not there yet",
	"path": "/behaviorConfigs/harvestable/drops",
	"enabled": true,
	"value": [],
	"file": "game:entities/animal/mammal/hooved/sheep-adult.json",
	"side": "Server"
	},

	{
	"op": "add",
	"path": "/behaviorConfigs/harvestable/drops/-",
	"enabled": true,
	"value": { "type": "item", "code": "wool:fleece-generic-plain", "quantityByType": { "sheep-bighorn-adult-female": { "avg": 5, "var": 2 } }, "*": { "avg": 0 } },
	"file": "game:entities/animal/mammal/hooved/sheep-adult.json",
	"side": "Server"
	},

	{
	"op": "add",
	"path": "/behaviorConfigs/harvestable/drops/-",
	"enabled": true,
	"value": { "type": "item", "code": "wool:fleece-generic-gray", "quantityByType": { "sheep-bighorn-adult-male": { "avg": 7, "var": 2.5 } }, "*": { "avg": 0 } },
	"file": "game:entities/animal/mammal/hooved/sheep-adult.json",
	"side": "Server"
	},

	{
	"op": "addmerge",
	"comment": "in case it is not there yet",
	"path": "/behaviorConfigs",
	"enabled": true,
	"value": {},
	"file": "game:entities/animal/mammal/hooved/sheep-baby.json",
	"side": "Server"
	},

	{
	"op": "addmerge",
	"comment": "in case it is not there yet",
	"path": "/behaviorConfigs/harvestable",
	"enabled": true,
	"value": {},
	"file": "game:entities/animal/mammal/hooved/sheep-baby.json",
	"side": "Server"
	},

	{
	"op": "addmerge",
	"comment": "in case it is not there yet",
	"path": "/behaviorConfigs/harvestable/drops",
	"enabled": true,
	"value": [],
	"file": "game:entities/animal/mammal/hooved/sheep-baby.json",
	"side": "Server"
	},

	{
	"op": "add",
	"path": "/behaviorConfigs/harvestable/drops/-",
	"enabled": true,
	"value": { "type": "item", "code": "wool:fleece-generic-plain", "quantityByType": { "sheep-bighorn-baby-*": { "avg": 2, "var": 1 }, "*": { "avg": 0 } } },
	"file": "game:entities/animal/mammal/hooved/sheep-baby.json",
	"side": "Server"
	}
]
