{
	"editor": {
		"backDropShape": "seraph-hairless",
		"collapsedPaths": "Root/LowerTorsoOrigin",
		"allAngles": true,
		"entityTextureMode": true
	},
	"textureWidth": 64,
	"textureHeight": 64,
	"textureSizes": {
		"coatpuffedsleevespink": [64,64]
	},
	"textures": {
	},
	"elements": [
		{
			"name": "Cube2",
			"stepParentName": "UpperTorso",
			"from": [ 7.275, 12.94, 10.9005 ],
			"to": [ 7.275, 12.94, 10.9005 ],
			"uv": [ 30.5, 22.0 ],
			"rotationOrigin": [ 7.275, 12.94, 10.9005 ],
			"faces": {
				"north": { "texture": "#coatpuffedsleevespink", "uv": [ 30.5, 22.5, 31.0, 23.0 ] },
				"east": { "texture": "#coatpuffedsleevespink", "uv": [ 31.0, 22.5, 31.5, 23.0 ] },
				"south": { "texture": "#coatpuffedsleevespink", "uv": [ 31.5, 22.5, 32.0, 23.0 ] },
				"west": { "texture": "#coatpuffedsleevespink", "uv": [ 32.0, 22.5, 32.5, 23.0 ] },
				"up": { "texture": "#coatpuffedsleevespink", "uv": [ 30.5, 22.0, 31.0, 22.5 ] },
				"down": { "texture": "#coatpuffedsleevespink", "uv": [ 31.0, 22.0, 31.5, 22.5 ] }
			},
			"children": [
				{
					"name": "Cube3",
					"stepParentName": "LowerArmL",
					"from": [ -0.2, 3.2, -0.4 ],
					"to": [ -0.2, 3.2, -0.4 ],
					"uv": [ 30.5, 23.0 ],
					"rotationOrigin": [ -0.2, 2.6, -0.4 ],
					"faces": {
						"north": { "texture": "#coatpuffedsleevespink", "uv": [ 30.5, 23.5, 31.0, 24.0 ] },
						"east": { "texture": "#coatpuffedsleevespink", "uv": [ 31.0, 23.5, 31.5, 24.0 ] },
						"south": { "texture": "#coatpuffedsleevespink", "uv": [ 31.5, 23.5, 32.0, 24.0 ] },
						"west": { "texture": "#coatpuffedsleevespink", "uv": [ 32.0, 23.5, 32.5, 24.0 ] },
						"up": { "texture": "#coatpuffedsleevespink", "uv": [ 30.5, 23.0, 31.0, 23.5 ] },
						"down": { "texture": "#coatpuffedsleevespink", "uv": [ 31.0, 23.0, 31.5, 23.5 ] }
					},
					"children": [
						{
							"name": "cube",
							"from": [ 0.0, 0.0, 0.0 ],
							"to": [ 3.05, 1.0, 2.875 ],
							"uv": [ 18.5, 19.0 ],
							"rotationOrigin": [ 1.9, 0.0, 1.025 ],
							"faces": {
								"north": { "texture": "#coatpuffedsleevespink", "uv": [ 18.5, 21.5, 21.5, 22.5 ] },
								"east": { "texture": "#coatpuffedsleevespink", "uv": [ 21.5, 21.5, 24.0, 22.5 ] },
								"south": { "texture": "#coatpuffedsleevespink", "uv": [ 24.0, 21.5, 27.0, 22.5 ] },
								"west": { "texture": "#coatpuffedsleevespink", "uv": [ 27.0, 21.5, 29.5, 22.5 ] },
								"up": { "texture": "#coatpuffedsleevespink", "uv": [ 18.5, 19.0, 21.5, 21.5 ] },
								"down": { "texture": "#coatpuffedsleevespink", "uv": [ 21.5, 19.0, 24.5, 21.5 ] }
							}
						},
						{
							"name": "cube",
							"from": [ 0.25, 1.0261, 1.9977 ],
							"to": [ 2.8, 4.0261, 2.8727 ],
							"uv": [ 26.0, 4.0 ],
							"rotationOrigin": [ 2.225, 1.0261, 3.0227 ],
							"rotationX": -10.0,
							"faces": {
								"north": { "texture": "#coatpuffedsleevespink", "uv": [ 26.0, 4.5, 28.5, 7.5 ] },
								"east": { "texture": "#coatpuffedsleevespink", "uv": [ 28.5, 4.5, 29.0, 7.5 ] },
								"south": { "texture": "#coatpuffedsleevespink", "uv": [ 29.0, 4.5, 31.5, 7.5 ] },
								"west": { "texture": "#coatpuffedsleevespink", "uv": [ 31.5, 4.5, 32.0, 7.5 ] },
								"up": { "texture": "#coatpuffedsleevespink", "uv": [ 26.0, 4.0, 28.5, 4.5 ] },
								"down": { "texture": "#coatpuffedsleevespink", "uv": [ 28.5, 4.0, 31.0, 4.5 ] }
							}
						},
						{
							"name": "cube",
							"from": [ 1.5781, 0.9215, 0.925 ],
							"to": [ 3.0531, 4.8715, 2.875 ],
							"uv": [ 25.0, 8.0 ],
							"rotationOrigin": [ 2.0531, 0.9215, 2.875 ],
							"rotationX": -8.2249,
							"rotationY": -0.5451,
							"rotationZ": 4.4536,
							"faces": {
								"north": { "texture": "#coatpuffedsleevespink", "uv": [ 25.0, 9.5, 26.0, 13.0 ] },
								"east": { "texture": "#coatpuffedsleevespink", "uv": [ 26.0, 9.5, 27.5, 13.0 ] },
								"south": { "texture": "#coatpuffedsleevespink", "uv": [ 27.5, 9.5, 28.5, 13.0 ] },
								"west": { "texture": "#coatpuffedsleevespink", "uv": [ 28.5, 9.5, 30.0, 13.0 ] },
								"up": { "texture": "#coatpuffedsleevespink", "uv": [ 25.0, 8.0, 26.0, 9.5 ] },
								"down": { "texture": "#coatpuffedsleevespink", "uv": [ 26.0, 8.0, 27.0, 9.5 ] }
							}
						},
						{
							"name": "cube",
							"from": [ 0.0266, 1.0396, 0.9142 ],
							"to": [ 1.7266, 4.9896, 2.8642 ],
							"uv": [ 18.5, 8.0 ],
							"rotationOrigin": [ -0.8234, 1.0396, 2.8642 ],
							"rotationX": -8.1084,
							"rotationY": 0.9504,
							"rotationZ": -4.454,
							"faces": {
								"north": { "texture": "#coatpuffedsleevespink", "uv": [ 18.5, 9.5, 20.0, 13.0 ] },
								"east": { "texture": "#coatpuffedsleevespink", "uv": [ 20.0, 9.5, 21.5, 13.0 ] },
								"south": { "texture": "#coatpuffedsleevespink", "uv": [ 21.5, 9.5, 23.0, 13.0 ] },
								"west": { "texture": "#coatpuffedsleevespink", "uv": [ 23.0, 9.5, 24.5, 13.0 ] },
								"up": { "texture": "#coatpuffedsleevespink", "uv": [ 18.5, 8.0, 20.0, 9.5 ] },
								"down": { "texture": "#coatpuffedsleevespink", "uv": [ 20.0, 8.0, 21.5, 9.5 ] }
							}
						},
						{
							"name": "cube",
							"from": [ 0.5817, 0.8893, 0.0023 ],
							"to": [ 3.0567, 4.8393, 1.5273 ],
							"uv": [ 18.5, 2.5 ],
							"rotationOrigin": [ 2.0567, 0.8893, 0.2273 ],
							"rotationX": 8.089,
							"rotationY": 0.8996,
							"rotationZ": 4.4537,
							"faces": {
								"north": { "texture": "#coatpuffedsleevespink", "uv": [ 18.5, 4.0, 20.5, 7.5 ] },
								"east": { "texture": "#coatpuffedsleevespink", "uv": [ 20.5, 4.0, 22.0, 7.5 ] },
								"south": { "texture": "#coatpuffedsleevespink", "uv": [ 22.0, 4.0, 24.0, 7.5 ] },
								"west": { "texture": "#coatpuffedsleevespink", "uv": [ 24.0, 4.0, 25.5, 7.5 ] },
								"up": { "texture": "#coatpuffedsleevespink", "uv": [ 18.5, 2.5, 20.5, 4.0 ] },
								"down": { "texture": "#coatpuffedsleevespink", "uv": [ 20.5, 2.5, 22.5, 4.0 ] }
							}
						},
						{
							"name": "cube",
							"from": [ -0.0017, 1.0093, -0.0041 ],
							"to": [ 2.1733, 4.9593, 1.5209 ],
							"uv": [ 18.5, 13.5 ],
							"rotationOrigin": [ -0.8267, 1.0093, 0.2208 ],
							"rotationX": 8.2249,
							"rotationY": -0.8451,
							"rotationZ": -4.4536,
							"faces": {
								"north": { "texture": "#coatpuffedsleevespink", "uv": [ 18.5, 15.0, 20.5, 18.5 ] },
								"east": { "texture": "#coatpuffedsleevespink", "uv": [ 20.5, 15.0, 22.0, 18.5 ] },
								"south": { "texture": "#coatpuffedsleevespink", "uv": [ 22.0, 15.0, 24.0, 18.5 ] },
								"west": { "texture": "#coatpuffedsleevespink", "uv": [ 24.0, 15.0, 25.5, 18.5 ] },
								"up": { "texture": "#coatpuffedsleevespink", "uv": [ 18.5, 13.5, 20.5, 15.0 ] },
								"down": { "texture": "#coatpuffedsleevespink", "uv": [ 20.5, 13.5, 22.5, 15.0 ] }
							}
						},
						{
							"name": "cube",
							"from": [ 0.225, 0.822, -0.0156 ],
							"to": [ 2.775, 3.822, 0.8594 ],
							"uv": [ 26.0, 15.0 ],
							"rotationOrigin": [ 2.225, 0.822, 1.0094 ],
							"rotationX": 10.0,
							"faces": {
								"north": { "texture": "#coatpuffedsleevespink", "uv": [ 26.0, 15.5, 28.5, 18.5 ] },
								"east": { "texture": "#coatpuffedsleevespink", "uv": [ 28.5, 15.5, 29.0, 18.5 ] },
								"south": { "texture": "#coatpuffedsleevespink", "uv": [ 29.0, 15.5, 31.5, 18.5 ] },
								"west": { "texture": "#coatpuffedsleevespink", "uv": [ 31.5, 15.5, 32.0, 18.5 ] },
								"up": { "texture": "#coatpuffedsleevespink", "uv": [ 26.0, 15.0, 28.5, 15.5 ] },
								"down": { "texture": "#coatpuffedsleevespink", "uv": [ 28.5, 15.0, 31.0, 15.5 ] }
							}
						},
						{
							"name": "cube",
							"from": [ 2.7175, 0.8003, 0.4 ],
							"to": [ 3.0675, 2.5753, 2.55 ],
							"uv": [ 23.5, 0.0 ],
							"rotationOrigin": [ 1.9175, 0.8003, 1.525 ],
							"rotationZ": 10.0,
							"faces": {
								"north": { "texture": "#coatpuffedsleevespink", "uv": [ 23.5, 2.0, 24.0, 3.5 ] },
								"east": { "texture": "#coatpuffedsleevespink", "uv": [ 24.0, 2.0, 26.0, 3.5 ] },
								"south": { "texture": "#coatpuffedsleevespink", "uv": [ 26.0, 2.0, 26.5, 3.5 ] },
								"west": { "texture": "#coatpuffedsleevespink", "uv": [ 26.5, 2.0, 28.5, 3.5 ] },
								"up": { "texture": "#coatpuffedsleevespink", "uv": [ 23.5, 0.0, 24.0, 2.0 ] },
								"down": { "texture": "#coatpuffedsleevespink", "uv": [ 24.0, 0.0, 24.5, 2.0 ] }
							}
						},
						{
							"name": "cube2",
							"from": [ 0.08, -1.0, 0.27 ],
							"to": [ 2.81, 0.0, 2.53 ],
							"uv": [ 18.5, 23.0 ],
							"rotationOrigin": [ 2.0, -1.0, 1.325 ],
							"faces": {
								"north": { "texture": "#coatpuffedsleevespink", "uv": [ 18.5, 25.0, 21.0, 26.0 ] },
								"east": { "texture": "#coatpuffedsleevespink", "uv": [ 21.0, 25.0, 23.0, 26.0 ] },
								"south": { "texture": "#coatpuffedsleevespink", "uv": [ 23.0, 25.0, 25.5, 26.0 ] },
								"west": { "texture": "#coatpuffedsleevespink", "uv": [ 25.5, 25.0, 27.5, 26.0 ] },
								"up": { "texture": "#coatpuffedsleevespink", "uv": [ 18.5, 23.0, 21.0, 25.0 ] },
								"down": { "texture": "#coatpuffedsleevespink", "uv": [ 21.0, 23.0, 23.5, 25.0 ] }
							}
						},
						{
							"name": "Cube10",
							"from": [ 1.7, -0.18, 2.7 ],
							"to": [ 1.7, -0.18, 2.7 ],
							"uv": [ 30.0, 19.0 ],
							"rotationOrigin": [ 2.5, -0.2, 2.7 ],
							"rotationZ": 15.0,
							"faces": {
								"north": { "texture": "#coatpuffedsleevespink", "uv": [ 30.0, 19.5, 30.5, 20.0 ] },
								"east": { "texture": "#coatpuffedsleevespink", "uv": [ 30.5, 19.5, 31.0, 20.0 ] },
								"south": { "texture": "#coatpuffedsleevespink", "uv": [ 31.0, 19.5, 31.5, 20.0 ] },
								"west": { "texture": "#coatpuffedsleevespink", "uv": [ 31.5, 19.5, 32.0, 20.0 ] },
								"up": { "texture": "#coatpuffedsleevespink", "uv": [ 30.0, 19.0, 30.5, 19.5 ] },
								"down": { "texture": "#coatpuffedsleevespink", "uv": [ 30.5, 19.0, 31.0, 19.5 ] }
							},
							"children": [
								{
									"name": "Cube11",
									"from": [ 0.0, 0.0, -0.3 ],
									"to": [ 0.3, 0.3, -0.1 ],
									"uv": [ 21.0, 19.0 ],
									"rotationOrigin": [ 0.0, 0.0, -0.3 ],
									"faces": {
										"north": { "texture": "#coatpuffedsleevespink", "uv": [ 21.0, 19.5, 21.5, 20.0 ] },
										"east": { "texture": "#coatpuffedsleevespink", "uv": [ 21.5, 19.5, 22.0, 20.0 ] },
										"south": { "texture": "#coatpuffedsleevespink", "uv": [ 22.0, 19.5, 22.5, 20.0 ] },
										"west": { "texture": "#coatpuffedsleevespink", "uv": [ 22.5, 19.5, 23.0, 20.0 ] },
										"up": { "texture": "#coatpuffedsleevespink", "uv": [ 21.0, 19.0, 21.5, 19.5 ] },
										"down": { "texture": "#coatpuffedsleevespink", "uv": [ 21.5, 19.0, 22.0, 19.5 ] }
									}
								},
								{
									"name": "Cube12",
									"from": [ 0.3, -0.3, -0.4 ],
									"to": [ 0.6, 0.0, -0.1 ],
									"uv": [ 22.0, 21.0 ],
									"rotationOrigin": [ 0.3, -0.3, -0.4 ],
									"faces": {
										"north": { "texture": "#coatpuffedsleevespink", "uv": [ 22.0, 21.5, 22.5, 22.0 ] },
										"east": { "texture": "#coatpuffedsleevespink", "uv": [ 22.5, 21.5, 23.0, 22.0 ] },
										"south": { "texture": "#coatpuffedsleevespink", "uv": [ 23.0, 21.5, 23.5, 22.0 ] },
										"west": { "texture": "#coatpuffedsleevespink", "uv": [ 23.5, 21.5, 24.0, 22.0 ] },
										"up": { "texture": "#coatpuffedsleevespink", "uv": [ 22.0, 21.0, 22.5, 21.5 ] },
										"down": { "texture": "#coatpuffedsleevespink", "uv": [ 22.5, 21.0, 23.0, 21.5 ] }
									}
								},
								{
									"name": "Cube13",
									"from": [ 0.0, -0.3, -0.4 ],
									"to": [ 0.3, 0.0, -0.1 ],
									"uv": [ 35.5, 29.0 ],
									"rotationOrigin": [ 0.0, -0.3, -0.4 ],
									"faces": {
										"north": { "texture": "#coatpuffedsleevespink", "uv": [ 35.5, 29.5, 36.0, 30.0 ] },
										"east": { "texture": "#coatpuffedsleevespink", "uv": [ 36.0, 29.5, 36.5, 30.0 ] },
										"south": { "texture": "#coatpuffedsleevespink", "uv": [ 36.5, 29.5, 37.0, 30.0 ] },
										"west": { "texture": "#coatpuffedsleevespink", "uv": [ 37.0, 29.5, 37.5, 30.0 ] },
										"up": { "texture": "#coatpuffedsleevespink", "uv": [ 35.5, 29.0, 36.0, 29.5 ] },
										"down": { "texture": "#coatpuffedsleevespink", "uv": [ 36.0, 29.0, 36.5, 29.5 ] }
									}
								},
								{
									"name": "Cube14",
									"from": [ -0.3, -0.3, -0.4 ],
									"to": [ 0.0, 0.0, -0.1 ],
									"uv": [ 18.5, 20.0 ],
									"rotationOrigin": [ -0.3, -0.3, -0.4 ],
									"faces": {
										"north": { "texture": "#coatpuffedsleevespink", "uv": [ 18.5, 20.5, 19.0, 21.0 ] },
										"east": { "texture": "#coatpuffedsleevespink", "uv": [ 19.0, 20.5, 19.5, 21.0 ] },
										"south": { "texture": "#coatpuffedsleevespink", "uv": [ 19.5, 20.5, 20.0, 21.0 ] },
										"west": { "texture": "#coatpuffedsleevespink", "uv": [ 20.0, 20.5, 20.5, 21.0 ] },
										"up": { "texture": "#coatpuffedsleevespink", "uv": [ 18.5, 20.0, 19.0, 20.5 ] },
										"down": { "texture": "#coatpuffedsleevespink", "uv": [ 19.0, 20.0, 19.5, 20.5 ] }
									}
								},
								{
									"name": "Cube15",
									"from": [ 0.0, -0.6, -0.4 ],
									"to": [ 0.3, -0.3, -0.1 ],
									"uv": [ 18.5, 19.0 ],
									"rotationOrigin": [ 0.0, -0.6, -0.4 ],
									"faces": {
										"north": { "texture": "#coatpuffedsleevespink", "uv": [ 18.5, 19.5, 19.0, 20.0 ] },
										"east": { "texture": "#coatpuffedsleevespink", "uv": [ 19.0, 19.5, 19.5, 20.0 ] },
										"south": { "texture": "#coatpuffedsleevespink", "uv": [ 19.5, 19.5, 20.0, 20.0 ] },
										"west": { "texture": "#coatpuffedsleevespink", "uv": [ 20.0, 19.5, 20.5, 20.0 ] },
										"up": { "texture": "#coatpuffedsleevespink", "uv": [ 18.5, 19.0, 19.0, 19.5 ] },
										"down": { "texture": "#coatpuffedsleevespink", "uv": [ 19.0, 19.0, 19.5, 19.5 ] }
									}
								}
							]
						}
					]
				},
				{
					"name": "Cube4",
					"stepParentName": "LowerArmR",
					"from": [ -0.2, 3.2, 8.2 ],
					"to": [ -0.2, 3.2, 8.2 ],
					"uv": [ 30.5, 21.0 ],
					"rotationOrigin": [ -0.2, 2.7, 8.2 ],
					"faces": {
						"north": { "texture": "#coatpuffedsleevespink", "uv": [ 30.5, 21.5, 31.0, 22.0 ] },
						"east": { "texture": "#coatpuffedsleevespink", "uv": [ 31.0, 21.5, 31.5, 22.0 ] },
						"south": { "texture": "#coatpuffedsleevespink", "uv": [ 31.5, 21.5, 32.0, 22.0 ] },
						"west": { "texture": "#coatpuffedsleevespink", "uv": [ 32.0, 21.5, 32.5, 22.0 ] },
						"up": { "texture": "#coatpuffedsleevespink", "uv": [ 30.5, 21.0, 31.0, 21.5 ] },
						"down": { "texture": "#coatpuffedsleevespink", "uv": [ 31.0, 21.0, 31.5, 21.5 ] }
					},
					"children": [
						{
							"name": "cube",
							"from": [ 0.225, 0.822, -6.6594 ],
							"to": [ 2.775, 3.822, -5.7844 ],
							"uv": [ 9.0, 4.0 ],
							"rotationOrigin": [ 2.225, 0.822, -6.8094 ],
							"rotationX": -10.0,
							"faces": {
								"north": { "texture": "#coatpuffedsleevespink", "uv": [ 9.0, 4.5, 11.5, 7.5 ] },
								"east": { "texture": "#coatpuffedsleevespink", "uv": [ 11.5, 4.5, 12.0, 7.5 ] },
								"south": { "texture": "#coatpuffedsleevespink", "uv": [ 12.0, 4.5, 14.5, 7.5 ] },
								"west": { "texture": "#coatpuffedsleevespink", "uv": [ 14.5, 4.5, 15.0, 7.5 ] },
								"up": { "texture": "#coatpuffedsleevespink", "uv": [ 9.0, 4.0, 11.5, 4.5 ] },
								"down": { "texture": "#coatpuffedsleevespink", "uv": [ 11.5, 4.0, 14.0, 4.5 ] }
							}
						},
						{
							"name": "cube",
							"from": [ -0.35, 0.0, -8.675 ],
							"to": [ 3.05, 1.0, -5.8 ],
							"uv": [ 0.5, 19.0 ],
							"rotationOrigin": [ 1.9, 0.0, -6.825 ],
							"faces": {
								"north": { "texture": "#coatpuffedsleevespink", "uv": [ 0.5, 21.5, 3.5, 22.5 ] },
								"east": { "texture": "#coatpuffedsleevespink", "uv": [ 3.5, 21.5, 6.0, 22.5 ] },
								"south": { "texture": "#coatpuffedsleevespink", "uv": [ 6.0, 21.5, 9.0, 22.5 ] },
								"west": { "texture": "#coatpuffedsleevespink", "uv": [ 9.0, 21.5, 11.5, 22.5 ] },
								"up": { "texture": "#coatpuffedsleevespink", "uv": [ 0.5, 19.0, 3.5, 21.5 ] },
								"down": { "texture": "#coatpuffedsleevespink", "uv": [ 3.5, 19.0, 6.5, 21.5 ] }
							}
						},
						{
							"name": "cube",
							"from": [ 2.7175, 0.8003, -8.35 ],
							"to": [ 3.0675, 2.5753, -6.2 ],
							"uv": [ 6.5, 0.0 ],
							"rotationOrigin": [ 1.9175, 0.8003, -7.325 ],
							"rotationZ": 10.0,
							"faces": {
								"north": { "texture": "#coatpuffedsleevespink", "uv": [ 6.5, 2.0, 7.0, 3.5 ] },
								"east": { "texture": "#coatpuffedsleevespink", "uv": [ 7.0, 2.0, 9.0, 3.5 ] },
								"south": { "texture": "#coatpuffedsleevespink", "uv": [ 9.0, 2.0, 9.5, 3.5 ] },
								"west": { "texture": "#coatpuffedsleevespink", "uv": [ 9.5, 2.0, 11.5, 3.5 ] },
								"up": { "texture": "#coatpuffedsleevespink", "uv": [ 6.5, 0.0, 7.0, 2.0 ] },
								"down": { "texture": "#coatpuffedsleevespink", "uv": [ 7.0, 0.0, 7.5, 2.0 ] }
							}
						},
						{
							"name": "cube",
							"from": [ -0.318, 1.0834, -8.678 ],
							"to": [ 1.707, 5.0334, -6.728 ],
							"uv": [ 0.5, 8.0 ],
							"rotationOrigin": [ -0.843, 1.0834, -8.678 ],
							"rotationX": 7.9852,
							"rotationY": -1.6902,
							"rotationZ": -9.4568,
							"faces": {
								"north": { "texture": "#coatpuffedsleevespink", "uv": [ 0.5, 9.5, 2.5, 13.0 ] },
								"east": { "texture": "#coatpuffedsleevespink", "uv": [ 2.5, 9.5, 4.0, 13.0 ] },
								"south": { "texture": "#coatpuffedsleevespink", "uv": [ 4.0, 9.5, 6.0, 13.0 ] },
								"west": { "texture": "#coatpuffedsleevespink", "uv": [ 6.0, 9.5, 7.5, 13.0 ] },
								"up": { "texture": "#coatpuffedsleevespink", "uv": [ 0.5, 8.0, 2.5, 9.5 ] },
								"down": { "texture": "#coatpuffedsleevespink", "uv": [ 2.5, 8.0, 4.5, 9.5 ] }
							}
						},
						{
							"name": "cube",
							"from": [ 1.5781, 0.9215, -8.675 ],
							"to": [ 3.0531, 4.8715, -6.725 ],
							"uv": [ 8.0, 8.0 ],
							"rotationOrigin": [ 2.0531, 0.9215, -8.675 ],
							"rotationX": 8.2249,
							"rotationY": 0.5451,
							"rotationZ": 4.4536,
							"faces": {
								"north": { "texture": "#coatpuffedsleevespink", "uv": [ 8.0, 9.5, 9.0, 13.0 ] },
								"east": { "texture": "#coatpuffedsleevespink", "uv": [ 9.0, 9.5, 10.5, 13.0 ] },
								"south": { "texture": "#coatpuffedsleevespink", "uv": [ 10.5, 9.5, 11.5, 13.0 ] },
								"west": { "texture": "#coatpuffedsleevespink", "uv": [ 11.5, 9.5, 13.0, 13.0 ] },
								"up": { "texture": "#coatpuffedsleevespink", "uv": [ 8.0, 8.0, 9.0, 9.5 ] },
								"down": { "texture": "#coatpuffedsleevespink", "uv": [ 9.0, 8.0, 10.0, 9.5 ] }
							}
						},
						{
							"name": "cube",
							"from": [ 0.5817, 0.8893, -7.3273 ],
							"to": [ 3.0567, 4.8393, -5.8023 ],
							"uv": [ 0.5, 13.5 ],
							"rotationOrigin": [ 2.0567, 0.8893, -6.0273 ],
							"rotationX": -8.089,
							"rotationY": -0.8996,
							"rotationZ": 4.4537,
							"faces": {
								"north": { "texture": "#coatpuffedsleevespink", "uv": [ 0.5, 15.0, 2.5, 18.5 ] },
								"east": { "texture": "#coatpuffedsleevespink", "uv": [ 2.5, 15.0, 4.0, 18.5 ] },
								"south": { "texture": "#coatpuffedsleevespink", "uv": [ 4.0, 15.0, 6.0, 18.5 ] },
								"west": { "texture": "#coatpuffedsleevespink", "uv": [ 6.0, 15.0, 7.5, 18.5 ] },
								"up": { "texture": "#coatpuffedsleevespink", "uv": [ 0.5, 13.5, 2.5, 15.0 ] },
								"down": { "texture": "#coatpuffedsleevespink", "uv": [ 2.5, 13.5, 4.5, 15.0 ] }
							}
						},
						{
							"name": "cube",
							"from": [ -0.3468, 1.046, -7.327 ],
							"to": [ 2.1782, 4.996, -5.817 ],
							"uv": [ 0.5, 2.5 ],
							"rotationOrigin": [ -0.8218, 1.046, -6.027 ],
							"rotationX": -8.2249,
							"rotationY": 0.8451,
							"rotationZ": -9.4536,
							"faces": {
								"north": { "texture": "#coatpuffedsleevespink", "uv": [ 0.5, 4.0, 3.0, 7.5 ] },
								"east": { "texture": "#coatpuffedsleevespink", "uv": [ 3.0, 4.0, 4.5, 7.5 ] },
								"south": { "texture": "#coatpuffedsleevespink", "uv": [ 4.5, 4.0, 7.0, 7.5 ] },
								"west": { "texture": "#coatpuffedsleevespink", "uv": [ 7.0, 4.0, 8.5, 7.5 ] },
								"up": { "texture": "#coatpuffedsleevespink", "uv": [ 0.5, 2.5, 3.0, 4.0 ] },
								"down": { "texture": "#coatpuffedsleevespink", "uv": [ 3.0, 2.5, 5.5, 4.0 ] }
							}
						},
						{
							"name": "cube3",
							"from": [ 0.08, -1.0, -8.31 ],
							"to": [ 2.82, 0.0, -6.15 ],
							"uv": [ 0.5, 23.0 ],
							"rotationOrigin": [ 1.9, 0.0, -6.425 ],
							"faces": {
								"north": { "texture": "#coatpuffedsleevespink", "uv": [ 0.5, 25.0, 3.0, 26.0 ] },
								"east": { "texture": "#coatpuffedsleevespink", "uv": [ 3.0, 25.0, 5.0, 26.0 ] },
								"south": { "texture": "#coatpuffedsleevespink", "uv": [ 5.0, 25.0, 7.5, 26.0 ] },
								"west": { "texture": "#coatpuffedsleevespink", "uv": [ 7.5, 25.0, 9.5, 26.0 ] },
								"up": { "texture": "#coatpuffedsleevespink", "uv": [ 0.5, 23.0, 3.0, 25.0 ] },
								"down": { "texture": "#coatpuffedsleevespink", "uv": [ 3.0, 23.0, 5.5, 25.0 ] }
							}
						},
						{
							"name": "Cube16",
							"from": [ 1.7, -0.12, -8.0 ],
							"to": [ 1.7, -0.12, -8.0 ],
							"uv": [ 30.0, 20.0 ],
							"rotationOrigin": [ 2.5036, -0.1409, -7.9973 ],
							"rotationX": -4.0874,
							"rotationY": 2.0079,
							"rotationZ": 15.0717,
							"faces": {
								"north": { "texture": "#coatpuffedsleevespink", "uv": [ 30.0, 20.5, 30.5, 21.0 ] },
								"east": { "texture": "#coatpuffedsleevespink", "uv": [ 30.5, 20.5, 31.0, 21.0 ] },
								"south": { "texture": "#coatpuffedsleevespink", "uv": [ 31.0, 20.5, 31.5, 21.0 ] },
								"west": { "texture": "#coatpuffedsleevespink", "uv": [ 31.5, 20.5, 32.0, 21.0 ] },
								"up": { "texture": "#coatpuffedsleevespink", "uv": [ 30.0, 20.0, 30.5, 20.5 ] },
								"down": { "texture": "#coatpuffedsleevespink", "uv": [ 30.5, 20.0, 31.0, 20.5 ] }
							},
							"children": [
								{
									"name": "Cube17",
									"from": [ 0.0, 0.0, -0.4 ],
									"to": [ 0.3, 0.3, -0.2 ],
									"uv": [ 0.5, 19.0 ],
									"rotationOrigin": [ 0.0, 0.0, -0.4 ],
									"faces": {
										"north": { "texture": "#coatpuffedsleevespink", "uv": [ 0.5, 19.5, 1.0, 20.0 ] },
										"east": { "texture": "#coatpuffedsleevespink", "uv": [ 1.0, 19.5, 1.5, 20.0 ] },
										"south": { "texture": "#coatpuffedsleevespink", "uv": [ 1.5, 19.5, 2.0, 20.0 ] },
										"west": { "texture": "#coatpuffedsleevespink", "uv": [ 2.0, 19.5, 2.5, 20.0 ] },
										"up": { "texture": "#coatpuffedsleevespink", "uv": [ 0.5, 19.0, 1.0, 19.5 ] },
										"down": { "texture": "#coatpuffedsleevespink", "uv": [ 1.0, 19.0, 1.5, 19.5 ] }
									}
								},
								{
									"name": "Cube18",
									"from": [ 0.3, -0.3, -0.4 ],
									"to": [ 0.6, 0.0, -0.1 ],
									"uv": [ 2.5, 19.0 ],
									"rotationOrigin": [ 0.3, -0.3, -0.4 ],
									"faces": {
										"north": { "texture": "#coatpuffedsleevespink", "uv": [ 2.5, 19.5, 3.0, 20.0 ] },
										"east": { "texture": "#coatpuffedsleevespink", "uv": [ 3.0, 19.5, 3.5, 20.0 ] },
										"south": { "texture": "#coatpuffedsleevespink", "uv": [ 3.5, 19.5, 4.0, 20.0 ] },
										"west": { "texture": "#coatpuffedsleevespink", "uv": [ 4.0, 19.5, 4.5, 20.0 ] },
										"up": { "texture": "#coatpuffedsleevespink", "uv": [ 2.5, 19.0, 3.0, 19.5 ] },
										"down": { "texture": "#coatpuffedsleevespink", "uv": [ 3.0, 19.0, 3.5, 19.5 ] }
									}
								},
								{
									"name": "Cube19",
									"from": [ 0.0, -0.3, -0.4 ],
									"to": [ 0.3, 0.0, -0.1 ],
									"uv": [ 37.5, 29.0 ],
									"rotationOrigin": [ 0.0, -0.3, -0.4 ],
									"faces": {
										"north": { "texture": "#coatpuffedsleevespink", "uv": [ 37.5, 29.5, 38.0, 30.0 ] },
										"east": { "texture": "#coatpuffedsleevespink", "uv": [ 38.0, 29.5, 38.5, 30.0 ] },
										"south": { "texture": "#coatpuffedsleevespink", "uv": [ 38.5, 29.5, 39.0, 30.0 ] },
										"west": { "texture": "#coatpuffedsleevespink", "uv": [ 39.0, 29.5, 39.5, 30.0 ] },
										"up": { "texture": "#coatpuffedsleevespink", "uv": [ 37.5, 29.0, 38.0, 29.5 ] },
										"down": { "texture": "#coatpuffedsleevespink", "uv": [ 38.0, 29.0, 38.5, 29.5 ] }
									}
								},
								{
									"name": "Cube20",
									"from": [ -0.3, -0.3, -0.4 ],
									"to": [ 0.0, 0.0, -0.1 ],
									"uv": [ 0.5, 20.0 ],
									"rotationOrigin": [ -0.3, -0.3, -0.4 ],
									"faces": {
										"north": { "texture": "#coatpuffedsleevespink", "uv": [ 0.5, 20.5, 1.0, 21.0 ] },
										"east": { "texture": "#coatpuffedsleevespink", "uv": [ 1.0, 20.5, 1.5, 21.0 ] },
										"south": { "texture": "#coatpuffedsleevespink", "uv": [ 1.5, 20.5, 2.0, 21.0 ] },
										"west": { "texture": "#coatpuffedsleevespink", "uv": [ 2.0, 20.5, 2.5, 21.0 ] },
										"up": { "texture": "#coatpuffedsleevespink", "uv": [ 0.5, 20.0, 1.0, 20.5 ] },
										"down": { "texture": "#coatpuffedsleevespink", "uv": [ 1.0, 20.0, 1.5, 20.5 ] }
									}
								},
								{
									"name": "Cube21",
									"from": [ 0.0, -0.6, -0.4 ],
									"to": [ 0.3, -0.3, -0.1 ],
									"uv": [ 0.5, 21.0 ],
									"rotationOrigin": [ 0.0, -0.6, -0.4 ],
									"faces": {
										"north": { "texture": "#coatpuffedsleevespink", "uv": [ 0.5, 21.5, 1.0, 22.0 ] },
										"east": { "texture": "#coatpuffedsleevespink", "uv": [ 1.0, 21.5, 1.5, 22.0 ] },
										"south": { "texture": "#coatpuffedsleevespink", "uv": [ 1.5, 21.5, 2.0, 22.0 ] },
										"west": { "texture": "#coatpuffedsleevespink", "uv": [ 2.0, 21.5, 2.5, 22.0 ] },
										"up": { "texture": "#coatpuffedsleevespink", "uv": [ 0.5, 21.0, 1.0, 21.5 ] },
										"down": { "texture": "#coatpuffedsleevespink", "uv": [ 1.0, 21.0, 1.5, 21.5 ] }
									}
								}
							]
						}
					]
				}
			]
		},
		{
			"name": "UpperTorsoOrigin",
			"stepParentName": "UpperTorso",
			"from": [ -0.03, -0.03, -0.03 ],
			"to": [ 5.03, 5.03, 6.23 ],
			"unwrapMode": 4,
			"autoUnwrap": false,
			"uv": [ 10.0, 0.0 ],
			"rotationOrigin": [ 2.0, 2.0, 3.25 ],
			"faces": {
				"north": { "texture": "#coatpuffedsleevespink", "uv": [ 35.5, 7.5, 40.5, 12.5 ], "windMode": [-1,-1,-1,-1], "windData": [1,1,1,1] },
				"east": { "texture": "#coatpuffedsleevespink", "uv": [ 51.5, 7.5, 57.5, 12.5 ], "windMode": [-1,-1,-1,-1] },
				"south": { "texture": "#coatpuffedsleevespink", "uv": [ 46.5, 7.5, 51.5, 12.5 ] },
				"west": { "texture": "#coatpuffedsleevespink", "uv": [ 40.5, 7.5, 46.5, 12.5 ] },
				"up": { "texture": "#coatpuffedsleevespink", "uv": [ 40.5, 2.5, 46.5, 7.5 ], "rotation": 90 },
				"down": { "texture": "#coatpuffedsleevespink", "uv": [ 53.5, 33.5, 59.5, 38.5 ], "rotation": 90, "windMode": [-1,-1,-1,-1] }
			},
			"children": [
				{
					"name": "Blackout",
					"from": [ 0.1, 0.8, 0.6 ],
					"to": [ 4.9, 4.8, 5.6 ],
					"autoUnwrap": false,
					"uv": [ 23.0, 9.0 ],
					"rotationOrigin": [ 0.1, 0.8, 0.6 ],
					"faces": {
						"north": { "texture": "#coatpuffedsleevespink", "uv": [ 34.5, 2.5, 39.0, 6.5 ] },
						"east": { "texture": "#coatpuffedsleevespink", "uv": [ 34.5, 2.0, 38.5, 7.0 ], "rotation": 90, "windMode": [-1,-1,-1,-1], "windData": [1,1,1,1] },
						"south": { "texture": "#coatpuffedsleevespink", "uv": [ 35.0, 2.0, 39.5, 6.0 ], "windMode": [-1,-1,-1,-1], "windData": [1,1,1,1] },
						"west": { "texture": "#coatpuffedsleevespink", "uv": [ 35.5, 2.0, 39.5, 7.0 ], "rotation": 90, "windMode": [-1,-1,-1,-1], "windData": [1,1,1,1] },
						"up": { "texture": "#coatpuffedsleevespink", "uv": [ 35.0, 2.0, 39.5, 7.0 ] },
						"down": { "texture": "#coatpuffedsleevespink", "uv": [ 34.5, 2.0, 39.0, 7.0 ] }
					}
				},
				{
					"name": "Cube2",
					"from": [ -0.2, 3.6, 4.0 ],
					"to": [ -0.2, 3.6, 4.0 ],
					"uv": [ 30.0, 29.0 ],
					"rotationOrigin": [ -0.2, 3.6, 4.0 ],
					"rotationX": 30.0,
					"faces": {
						"north": { "texture": "#coatpuffedsleevespink", "uv": [ 30.0, 29.5, 30.5, 30.0 ] },
						"east": { "texture": "#coatpuffedsleevespink", "uv": [ 30.5, 29.5, 31.0, 30.0 ] },
						"south": { "texture": "#coatpuffedsleevespink", "uv": [ 31.0, 29.5, 31.5, 30.0 ] },
						"west": { "texture": "#coatpuffedsleevespink", "uv": [ 31.5, 29.5, 32.0, 30.0 ] },
						"up": { "texture": "#coatpuffedsleevespink", "uv": [ 30.0, 29.0, 30.5, 29.5 ] },
						"down": { "texture": "#coatpuffedsleevespink", "uv": [ 30.5, 29.0, 31.0, 29.5 ] }
					},
					"children": [
						{
							"name": "Cube3",
							"from": [ 0.0, 0.0, -0.3 ],
							"to": [ 0.3, 0.3, 0.0 ],
							"uv": [ 41.5, 30.0 ],
							"rotationOrigin": [ 0.0, 0.0, -0.3 ],
							"faces": {
								"north": { "texture": "#coatpuffedsleevespink", "uv": [ 41.5, 30.5, 42.0, 31.0 ] },
								"east": { "texture": "#coatpuffedsleevespink", "uv": [ 42.0, 30.5, 42.5, 31.0 ] },
								"south": { "texture": "#coatpuffedsleevespink", "uv": [ 42.5, 30.5, 43.0, 31.0 ] },
								"west": { "texture": "#coatpuffedsleevespink", "uv": [ 43.0, 30.5, 43.5, 31.0 ] },
								"up": { "texture": "#coatpuffedsleevespink", "uv": [ 41.5, 30.0, 42.0, 30.5 ] },
								"down": { "texture": "#coatpuffedsleevespink", "uv": [ 42.0, 30.0, 42.5, 30.5 ] }
							}
						},
						{
							"name": "Cube4",
							"from": [ 0.0, 0.0, 0.3 ],
							"to": [ 0.3, 0.3, 0.6 ],
							"uv": [ 39.5, 30.0 ],
							"rotationOrigin": [ 0.0, 0.0, 0.3 ],
							"faces": {
								"north": { "texture": "#coatpuffedsleevespink", "uv": [ 39.5, 30.5, 40.0, 31.0 ] },
								"east": { "texture": "#coatpuffedsleevespink", "uv": [ 40.0, 30.5, 40.5, 31.0 ] },
								"south": { "texture": "#coatpuffedsleevespink", "uv": [ 40.5, 30.5, 41.0, 31.0 ] },
								"west": { "texture": "#coatpuffedsleevespink", "uv": [ 41.0, 30.5, 41.5, 31.0 ] },
								"up": { "texture": "#coatpuffedsleevespink", "uv": [ 39.5, 30.0, 40.0, 30.5 ] },
								"down": { "texture": "#coatpuffedsleevespink", "uv": [ 40.0, 30.0, 40.5, 30.5 ] }
							}
						},
						{
							"name": "Cube5",
							"from": [ 0.0, -0.3, 0.0 ],
							"to": [ 0.3, 0.0, 0.3 ],
							"uv": [ 35.5, 30.0 ],
							"rotationOrigin": [ 0.0, -0.3, 0.0 ],
							"faces": {
								"north": { "texture": "#coatpuffedsleevespink", "uv": [ 35.5, 30.5, 36.0, 31.0 ] },
								"east": { "texture": "#coatpuffedsleevespink", "uv": [ 36.0, 30.5, 36.5, 31.0 ] },
								"south": { "texture": "#coatpuffedsleevespink", "uv": [ 36.5, 30.5, 37.0, 31.0 ] },
								"west": { "texture": "#coatpuffedsleevespink", "uv": [ 37.0, 30.5, 37.5, 31.0 ] },
								"up": { "texture": "#coatpuffedsleevespink", "uv": [ 35.5, 30.0, 36.0, 30.5 ] },
								"down": { "texture": "#coatpuffedsleevespink", "uv": [ 36.0, 30.0, 36.5, 30.5 ] }
							}
						},
						{
							"name": "Cube6",
							"from": [ 0.0, 0.3, 0.0 ],
							"to": [ 0.3, 0.6, 0.3 ],
							"uv": [ 37.5, 30.0 ],
							"rotationOrigin": [ 0.0, 0.3, 0.0 ],
							"faces": {
								"north": { "texture": "#coatpuffedsleevespink", "uv": [ 37.5, 30.5, 38.0, 31.0 ] },
								"east": { "texture": "#coatpuffedsleevespink", "uv": [ 38.0, 30.5, 38.5, 31.0 ] },
								"south": { "texture": "#coatpuffedsleevespink", "uv": [ 38.5, 30.5, 39.0, 31.0 ] },
								"west": { "texture": "#coatpuffedsleevespink", "uv": [ 39.0, 30.5, 39.5, 31.0 ] },
								"up": { "texture": "#coatpuffedsleevespink", "uv": [ 37.5, 30.0, 38.0, 30.5 ] },
								"down": { "texture": "#coatpuffedsleevespink", "uv": [ 38.0, 30.0, 38.5, 30.5 ] }
							}
						},
						{
							"name": "Cube7",
							"from": [ 0.0, 0.0, 0.0 ],
							"to": [ 0.3, 0.3, 0.3 ],
							"autoUnwrap": false,
							"uv": [ 60.5, 11.5 ],
							"faces": {
								"north": { "texture": "#coatpuffedsleevespink", "uv": [ 55.0, 16.0, 55.5, 16.5 ] },
								"east": { "texture": "#coatpuffedsleevespink", "uv": [ 55.0, 16.0, 55.5, 16.5 ] },
								"south": { "texture": "#coatpuffedsleevespink", "uv": [ 55.0, 16.0, 55.5, 16.5 ] },
								"west": { "texture": "#coatpuffedsleevespink", "uv": [ 55.0, 16.0, 55.5, 16.5 ] },
								"up": { "texture": "#coatpuffedsleevespink", "uv": [ 55.0, 16.0, 55.5, 16.5 ] },
								"down": { "texture": "#coatpuffedsleevespink", "uv": [ 55.0, 16.0, 55.5, 16.5 ] }
							}
						}
					]
				},
				{
					"name": "Cube8",
					"from": [ -0.2, 3.5, 2.0 ],
					"to": [ -0.2, 3.5, 2.0 ],
					"uv": [ 30.0, 30.0 ],
					"rotationOrigin": [ -0.2, 3.5, 2.0 ],
					"rotationX": -30.0,
					"faces": {
						"north": { "texture": "#coatpuffedsleevespink", "uv": [ 30.0, 30.5, 30.5, 31.0 ] },
						"east": { "texture": "#coatpuffedsleevespink", "uv": [ 30.5, 30.5, 31.0, 31.0 ] },
						"south": { "texture": "#coatpuffedsleevespink", "uv": [ 31.0, 30.5, 31.5, 31.0 ] },
						"west": { "texture": "#coatpuffedsleevespink", "uv": [ 31.5, 30.5, 32.0, 31.0 ] },
						"up": { "texture": "#coatpuffedsleevespink", "uv": [ 30.0, 30.0, 30.5, 30.5 ] },
						"down": { "texture": "#coatpuffedsleevespink", "uv": [ 30.5, 30.0, 31.0, 30.5 ] }
					},
					"children": [
						{
							"name": "Cube9",
							"from": [ 0.0, 0.0, -0.3 ],
							"to": [ 0.3, 0.3, 0.0 ],
							"uv": [ 51.5, 30.0 ],
							"rotationOrigin": [ 0.0, 0.0, -0.3 ],
							"faces": {
								"north": { "texture": "#coatpuffedsleevespink", "uv": [ 51.5, 30.5, 52.0, 31.0 ] },
								"east": { "texture": "#coatpuffedsleevespink", "uv": [ 52.0, 30.5, 52.5, 31.0 ] },
								"south": { "texture": "#coatpuffedsleevespink", "uv": [ 52.5, 30.5, 53.0, 31.0 ] },
								"west": { "texture": "#coatpuffedsleevespink", "uv": [ 53.0, 30.5, 53.5, 31.0 ] },
								"up": { "texture": "#coatpuffedsleevespink", "uv": [ 51.5, 30.0, 52.0, 30.5 ] },
								"down": { "texture": "#coatpuffedsleevespink", "uv": [ 52.0, 30.0, 52.5, 30.5 ] }
							}
						},
						{
							"name": "Cube10",
							"from": [ 0.0, 0.0, 0.3 ],
							"to": [ 0.3, 0.3, 0.6 ],
							"uv": [ 53.5, 30.0 ],
							"rotationOrigin": [ 0.0, 0.0, 0.3 ],
							"faces": {
								"north": { "texture": "#coatpuffedsleevespink", "uv": [ 53.5, 30.5, 54.0, 31.0 ] },
								"east": { "texture": "#coatpuffedsleevespink", "uv": [ 54.0, 30.5, 54.5, 31.0 ] },
								"south": { "texture": "#coatpuffedsleevespink", "uv": [ 54.5, 30.5, 55.0, 31.0 ] },
								"west": { "texture": "#coatpuffedsleevespink", "uv": [ 55.0, 30.5, 55.5, 31.0 ] },
								"up": { "texture": "#coatpuffedsleevespink", "uv": [ 53.5, 30.0, 54.0, 30.5 ] },
								"down": { "texture": "#coatpuffedsleevespink", "uv": [ 54.0, 30.0, 54.5, 30.5 ] }
							}
						},
						{
							"name": "Cube11",
							"from": [ 0.0, -0.3, 0.0 ],
							"to": [ 0.3, 0.0, 0.3 ],
							"uv": [ 55.5, 30.0 ],
							"rotationOrigin": [ 0.0, -0.3, 0.0 ],
							"faces": {
								"north": { "texture": "#coatpuffedsleevespink", "uv": [ 55.5, 30.5, 56.0, 31.0 ] },
								"east": { "texture": "#coatpuffedsleevespink", "uv": [ 56.0, 30.5, 56.5, 31.0 ] },
								"south": { "texture": "#coatpuffedsleevespink", "uv": [ 56.5, 30.5, 57.0, 31.0 ] },
								"west": { "texture": "#coatpuffedsleevespink", "uv": [ 57.0, 30.5, 57.5, 31.0 ] },
								"up": { "texture": "#coatpuffedsleevespink", "uv": [ 55.5, 30.0, 56.0, 30.5 ] },
								"down": { "texture": "#coatpuffedsleevespink", "uv": [ 56.0, 30.0, 56.5, 30.5 ] }
							}
						},
						{
							"name": "Cube12",
							"from": [ 0.0, 0.3, 0.0 ],
							"to": [ 0.3, 0.6, 0.3 ],
							"uv": [ 49.5, 30.0 ],
							"rotationOrigin": [ 0.0, 0.3, 0.0 ],
							"faces": {
								"north": { "texture": "#coatpuffedsleevespink", "uv": [ 49.5, 30.5, 50.0, 31.0 ] },
								"east": { "texture": "#coatpuffedsleevespink", "uv": [ 50.0, 30.5, 50.5, 31.0 ] },
								"south": { "texture": "#coatpuffedsleevespink", "uv": [ 50.5, 30.5, 51.0, 31.0 ] },
								"west": { "texture": "#coatpuffedsleevespink", "uv": [ 51.0, 30.5, 51.5, 31.0 ] },
								"up": { "texture": "#coatpuffedsleevespink", "uv": [ 49.5, 30.0, 50.0, 30.5 ] },
								"down": { "texture": "#coatpuffedsleevespink", "uv": [ 50.0, 30.0, 50.5, 30.5 ] }
							}
						},
						{
							"name": "Cube13",
							"from": [ 0.0, 0.0, 0.0 ],
							"to": [ 0.3, 0.3, 0.3 ],
							"autoUnwrap": false,
							"uv": [ 60.0, 16.0 ],
							"faces": {
								"north": { "texture": "#coatpuffedsleevespink", "uv": [ 52.0, 14.0, 52.5, 14.5 ] },
								"east": { "texture": "#coatpuffedsleevespink", "uv": [ 52.0, 14.0, 52.5, 14.5 ] },
								"south": { "texture": "#coatpuffedsleevespink", "uv": [ 52.0, 14.0, 52.5, 14.5 ] },
								"west": { "texture": "#coatpuffedsleevespink", "uv": [ 52.0, 14.0, 52.5, 14.5 ], "windMode": [-1,-1,-1,-1], "windData": [1,1,1,1] },
								"up": { "texture": "#coatpuffedsleevespink", "uv": [ 52.0, 14.0, 52.5, 14.5 ] },
								"down": { "texture": "#coatpuffedsleevespink", "uv": [ 52.0, 14.0, 52.5, 14.5 ] }
							}
						}
					]
				},
				{
					"name": "Cube14",
					"from": [ -0.1, 3.3, 3.5 ],
					"to": [ 0.1, 3.5, 4.4 ],
					"uv": [ 40.5, 29.0 ],
					"rotationOrigin": [ -0.1, 3.3, 3.5 ],
					"rotationX": -15.0,
					"faces": {
						"north": { "texture": "#coatpuffedsleevespink", "uv": [ 40.5, 29.5, 41.0, 30.0 ] },
						"east": { "texture": "#coatpuffedsleevespink", "uv": [ 41.0, 29.5, 41.5, 30.0 ] },
						"south": { "texture": "#coatpuffedsleevespink", "uv": [ 41.5, 29.5, 42.0, 30.0 ] },
						"west": { "texture": "#coatpuffedsleevespink", "uv": [ 42.0, 29.5, 42.5, 30.0 ] },
						"up": { "texture": "#coatpuffedsleevespink", "uv": [ 40.5, 29.0, 41.0, 29.5 ] },
						"down": { "texture": "#coatpuffedsleevespink", "uv": [ 41.0, 29.0, 41.5, 29.5 ] }
					}
				},
				{
					"name": "Cube15",
					"from": [ -0.1, 3.5, 1.9 ],
					"to": [ 0.1, 3.7, 2.8 ],
					"uv": [ 38.5, 29.0 ],
					"rotationOrigin": [ -0.1, 3.5, 1.9 ],
					"rotationX": 15.0,
					"faces": {
						"north": { "texture": "#coatpuffedsleevespink", "uv": [ 38.5, 29.5, 39.0, 30.0 ] },
						"east": { "texture": "#coatpuffedsleevespink", "uv": [ 39.0, 29.5, 39.5, 30.0 ] },
						"south": { "texture": "#coatpuffedsleevespink", "uv": [ 39.5, 29.5, 40.0, 30.0 ] },
						"west": { "texture": "#coatpuffedsleevespink", "uv": [ 40.0, 29.5, 40.5, 30.0 ] },
						"up": { "texture": "#coatpuffedsleevespink", "uv": [ 38.5, 29.0, 39.0, 29.5 ] },
						"down": { "texture": "#coatpuffedsleevespink", "uv": [ 39.0, 29.0, 39.5, 29.5 ] }
					}
				},
				{
					"name": "Cube16",
					"from": [ -0.1, 3.3, 2.7 ],
					"to": [ 0.1, 3.5, 3.6 ],
					"uv": [ 36.5, 29.0 ],
					"rotationOrigin": [ -0.1, 3.3, 2.7 ],
					"faces": {
						"north": { "texture": "#coatpuffedsleevespink", "uv": [ 36.5, 29.5, 37.0, 30.0 ] },
						"east": { "texture": "#coatpuffedsleevespink", "uv": [ 37.0, 29.5, 37.5, 30.0 ] },
						"south": { "texture": "#coatpuffedsleevespink", "uv": [ 37.5, 29.5, 38.0, 30.0 ] },
						"west": { "texture": "#coatpuffedsleevespink", "uv": [ 38.0, 29.5, 38.5, 30.0 ] },
						"up": { "texture": "#coatpuffedsleevespink", "uv": [ 36.5, 29.0, 37.0, 29.5 ] },
						"down": { "texture": "#coatpuffedsleevespink", "uv": [ 37.0, 29.0, 37.5, 29.5 ] }
					}
				}
			]
		},
		{
			"name": "LowerTorsoOrigin",
			"stepParentName": "LowerTorso",
			"from": [ -0.03, -0.03, -0.03 ],
			"to": [ 5.03, 5.03, 6.03 ],
			"unwrapMode": 4,
			"autoUnwrap": false,
			"uv": [ 9.0, 10.0 ],
			"rotationOrigin": [ 3.0, 3.0, 3.0 ],
			"faces": {
				"north": { "texture": "#coatpuffedsleevespink", "uv": [ 35.5, 12.5, 40.5, 17.5 ] },
				"east": { "texture": "#coatpuffedsleevespink", "uv": [ 51.5, 12.5, 57.5, 17.56 ], "autoUv": false, "windMode": [-1,-1,-1,-1], "windData": [0,1,1,0] },
				"south": { "texture": "#coatpuffedsleevespink", "uv": [ 46.5, 12.5, 51.5, 17.5 ] },
				"west": { "texture": "#coatpuffedsleevespink", "uv": [ 40.5, 12.5, 46.5, 17.5 ] },
				"up": { "texture": "#coatpuffedsleevespink", "uv": [ 53.5, 33.5, 59.5, 38.56 ], "rotation": 270, "autoUv": false, "windMode": [-1,-1,-1,-1], "windData": [1,1,1,1] },
				"down": { "texture": "#coatpuffedsleevespink", "uv": [ 34.5, 33.5, 40.5, 38.5 ], "rotation": 90, "windMode": [-1,-1,-1,-1] }
			},
			"children": [
				{
					"name": "coatFrontTile",
					"from": [ 0.0, -6.03, 0.0 ],
					"to": [ 1.06, 0.03, 6.06 ],
					"autoUnwrap": false,
					"uv": [ 4.5, 38.85 ],
					"rotationOrigin": [ 0.0, 0.0, 3.0 ],
					"rotationZ": -3.5,
					"faces": {
						"north": { "texture": "#coatpuffedsleevespink", "uv": [ 39.5, 17.5, 40.5, 23.5 ], "windMode": [-1,-1,-1,-1] },
						"east": { "texture": "#null", "uv": [ 0.0, 0.0, 6.0, 6.0 ], "enabled": false },
						"south": { "texture": "#coatpuffedsleevespink", "uv": [ 46.5, 17.5, 47.5, 23.5 ], "windMode": [-1,-1,-1,-1] },
						"west": { "texture": "#coatpuffedsleevespink", "uv": [ 40.5, 17.5, 46.5, 23.5 ], "windMode": [-1,-1,-1,-1] },
						"up": { "texture": "#null", "uv": [ 0.0, 0.0, 1.0, 6.0 ], "enabled": false },
						"down": { "texture": "#null", "uv": [ 0.0, 0.0, 1.0, 6.0 ], "enabled": false }
					}
				},
				{
					"name": "coatBackTile",
					"from": [ 4.0, -6.0, 0.0 ],
					"to": [ 5.06, 0.0, 6.06 ],
					"unwrapMode": 2,
					"autoUnwrap": false,
					"uv": [ 24.0, 14.0 ],
					"rotationOrigin": [ 5.06, 0.0, 3.0 ],
					"rotationZ": -5.0,
					"faces": {
						"north": { "texture": "#coatpuffedsleevespink", "uv": [ 35.5, 17.5, 36.5, 23.5 ], "windMode": [-1,-1,-1,-1] },
						"east": { "texture": "#coatpuffedsleevespink", "uv": [ 51.5, 17.5, 57.5, 23.5 ], "windMode": [-1,-1,-1,-1] },
						"south": { "texture": "#coatpuffedsleevespink", "uv": [ 50.5, 17.5, 51.5, 23.5 ], "windMode": [-1,-1,-1,-1] },
						"west": { "texture": "#null", "uv": [ 0.0, 0.0, 6.0, 6.0 ], "enabled": false },
						"up": { "texture": "#null", "uv": [ 0.0, 0.0, 1.0, 6.0 ], "enabled": false },
						"down": { "texture": "#null", "uv": [ 0.0, 0.0, 1.0, 6.0 ], "enabled": false }
					}
				}
			]
		},
		{
			"name": "UpperFootLorigin",
			"stepParentName": "UpperFootL",
			"from": [ -0.03, -0.03, -0.03 ],
			"to": [ 4.23, 9.03, 3.23 ],
			"unwrapMode": 3,
			"autoUnwrap": false,
			"uv": [ 15.0, 19.62 ],
			"rotationOrigin": [ 2.0, 9.0, 3.2 ],
			"faces": {
				"north": { "texture": "#null", "uv": [ 0.0, 0.0, 4.0, 9.0 ], "enabled": false },
				"east": { "texture": "#coatpuffedsleevespink", "uv": [ 54.5, 24.0, 57.5, 33.0 ], "windMode": [-1,-1,-1,-1] },
				"south": { "texture": "#coatpuffedsleevespink", "uv": [ 50.5, 24.0, 54.5, 33.0 ], "windMode": [-1,-1,-1,-1] },
				"west": { "texture": "#coatpuffedsleevespink", "uv": [ 47.5, 24.0, 50.5, 33.0 ], "windMode": [-1,-1,-1,-1], "windData": [0,0,1,1] },
				"up": { "texture": "#coatpuffedsleevespink", "uv": [ 47.0, 13.5, 51.0, 16.5 ], "windMode": [-1,-1,-1,-1], "windData": [1,1,1,1] },
				"down": { "texture": "#null", "uv": [ 0.0, 0.0, 4.0, 3.0 ], "enabled": false }
			}
		},
		{
			"name": "UpperFootRorigin",
			"stepParentName": "UpperFootR",
			"from": [ -0.03, -0.03, -0.03 ],
			"to": [ 4.23, 9.03, 3.23 ],
			"unwrapMode": 1,
			"autoUnwrap": false,
			"uv": [ 1.0, 19.62 ],
			"rotationOrigin": [ 2.0, 9.0, 0.0 ],
			"faces": {
				"north": { "texture": "#coatpuffedsleevespink", "uv": [ 38.5, 24.0, 42.5, 33.0 ], "windMode": [-1,-1,-1,-1], "windData": [0,1,1,0] },
				"east": { "texture": "#coatpuffedsleevespink", "uv": [ 35.5, 24.0, 38.5, 33.0 ], "windMode": [-1,-1,-1,-1], "windData": [0,1,1,0] },
				"south": { "texture": "#null", "uv": [ 0.0, 0.0, 4.0, 9.0 ], "enabled": false },
				"west": { "texture": "#coatpuffedsleevespink", "uv": [ 42.5, 24.0, 45.5, 33.0 ], "windMode": [-1,-1,-1,-1] },
				"up": { "texture": "#coatpuffedsleevespink", "uv": [ 36.0, 13.5, 40.0, 16.5 ], "rotation": 180, "windMode": [-1,-1,-1,-1], "windData": [1,1,1,1] },
				"down": { "texture": "#null", "uv": [ 0.0, 0.0, 4.0, 3.0 ], "enabled": false }
			}
		},
		{
			"name": "UpperArmROrigin",
			"stepParentName": "UpperArmR",
			"from": [ -0.03, -0.03, -0.03 ],
			"to": [ 3.03, 7.03, 2.03 ],
			"unwrapMode": 1,
			"autoUnwrap": false,
			"uv": [ 8.0, 21.0 ],
			"rotationOrigin": [ 1.5, 7.0, 1.0 ],
			"faces": {
				"north": { "texture": "#coatpuffedsleevespink", "uv": [ 38.5, 39.0, 41.5, 46.0 ] },
				"east": { "texture": "#coatpuffedsleevespink", "uv": [ 36.5, 39.0, 38.5, 46.0 ] },
				"south": { "texture": "#coatpuffedsleevespink", "uv": [ 43.5, 39.0, 46.5, 46.0 ] },
				"west": { "texture": "#coatpuffedsleevespink", "uv": [ 41.5, 39.0, 43.5, 46.0 ] },
				"up": { "texture": "#coatpuffedsleevespink", "uv": [ 41.5, 36.0, 43.5, 39.0 ], "rotation": 90, "windMode": [-1,-1,-1,-1] },
				"down": { "texture": "#coatpuffedsleevespink", "uv": [ 44.5, 35.5, 46.5, 38.5 ], "rotation": 90, "windMode": [-1,-1,-1,-1] }
			}
		},
		{
			"name": "UpperArmLorigin",
			"stepParentName": "UpperArmL",
			"from": [ -0.03, -0.03, -0.03 ],
			"to": [ 3.03, 7.03, 2.03 ],
			"unwrapMode": 3,
			"autoUnwrap": false,
			"uv": [ 0.0, 13.0 ],
			"rotationOrigin": [ 1.5, 6.9, 1.0 ],
			"faces": {
				"north": { "texture": "#coatpuffedsleevespink", "uv": [ 47.5, 39.0, 50.5, 46.0 ] },
				"east": { "texture": "#coatpuffedsleevespink", "uv": [ 55.5, 39.0, 57.5, 46.0 ], "windMode": [-1,-1,-1,-1] },
				"south": { "texture": "#coatpuffedsleevespink", "uv": [ 52.5, 39.0, 55.5, 46.0 ], "windMode": [-1,-1,-1,-1] },
				"west": { "texture": "#coatpuffedsleevespink", "uv": [ 50.5, 39.0, 52.5, 46.0 ] },
				"up": { "texture": "#coatpuffedsleevespink", "uv": [ 50.5, 36.0, 52.5, 39.0 ], "rotation": 90, "windMode": [-1,-1,-1,-1] },
				"down": { "texture": "#coatpuffedsleevespink", "uv": [ 47.5, 35.5, 49.5, 38.5 ], "rotation": 90, "windMode": [-1,-1,-1,-1] }
			}
		},
		{
			"name": "LowerArmROrigin",
			"stepParentName": "LowerArmR",
			"from": [ -0.03, -0.03, -0.03 ],
			"to": [ 2.53, 8.03, 2.03 ],
			"unwrapMode": 1,
			"autoUnwrap": false,
			"uv": [ 0.0, 0.0 ],
			"rotationOrigin": [ 1.3, 7.8, 1.0 ],
			"faces": {
				"north": { "texture": "#coatpuffedsleevespink", "uv": [ 39.0, 46.0, 41.5, 54.0 ] },
				"east": { "texture": "#coatpuffedsleevespink", "uv": [ 36.5, 46.0, 38.5, 54.0 ] },
				"south": { "texture": "#coatpuffedsleevespink", "uv": [ 43.5, 46.0, 46.0, 54.0 ] },
				"west": { "texture": "#coatpuffedsleevespink", "uv": [ 41.5, 46.0, 43.5, 54.0 ] },
				"up": { "texture": "#coatpuffedsleevespink", "uv": [ 44.5, 36.0, 46.5, 38.5 ], "rotation": 90, "windMode": [-1,-1,-1,-1] },
				"down": { "texture": "#coatpuffedsleevespink", "uv": [ 41.5, 54.0, 43.5, 56.5 ], "rotation": 90, "windMode": [-1,-1,-1,-1] }
			}
		},
		{
			"name": "LowerArmLorigin",
			"stepParentName": "LowerArmL",
			"from": [ -0.03, -0.03, -0.03 ],
			"to": [ 2.53, 8.03, 2.03 ],
			"unwrapMode": 3,
			"autoUnwrap": false,
			"uv": [ 0.0, 8.0 ],
			"rotationOrigin": [ 1.3, 7.8, 1.0 ],
			"faces": {
				"north": { "texture": "#coatpuffedsleevespink", "uv": [ 48.0, 46.0, 50.5, 54.0 ] },
				"east": { "texture": "#coatpuffedsleevespink", "uv": [ 55.5, 46.0, 57.5, 54.0 ], "windMode": [-1,-1,-1,-1] },
				"south": { "texture": "#coatpuffedsleevespink", "uv": [ 52.5, 46.0, 55.0, 54.0 ] },
				"west": { "texture": "#coatpuffedsleevespink", "uv": [ 50.5, 46.0, 52.5, 54.0 ] },
				"up": { "texture": "#coatpuffedsleevespink", "uv": [ 47.5, 36.0, 49.5, 38.5 ], "rotation": 90, "windMode": [-1,-1,-1,-1] },
				"down": { "texture": "#coatpuffedsleevespink", "uv": [ 50.5, 54.0, 52.5, 56.5 ], "rotation": 90, "windMode": [-1,-1,-1,-1] }
			}
		},
		{
			"name": "hidecollar",
			"stepParentName": "Neck",
			"from": [ -0.03, 0.5, -0.03 ],
			"to": [ 3.03, 2.5, 3.03 ],
			"unwrapMode": 4,
			"uv": [ 47.5, 4.5 ],
			"rotationOrigin": [ 0.0, 0.5, 0.0 ],
			"faces": {
				"north": { "texture": "#coatpuffedsleevespink", "uv": [ 47.5, 4.5, 50.5, 6.5 ] },
				"east": { "texture": "#coatpuffedsleevespink", "uv": [ 56.5, 4.5, 59.5, 6.5 ] },
				"south": { "texture": "#coatpuffedsleevespink", "uv": [ 53.5, 4.5, 56.5, 6.5 ] },
				"west": { "texture": "#coatpuffedsleevespink", "uv": [ 50.5, 4.5, 53.5, 6.5 ] },
				"up": { "texture": "#null", "uv": [ 0.0, 0.0, 3.0, 3.0 ], "enabled": false },
				"down": { "texture": "#null", "uv": [ 0.0, 0.0, 3.0, 3.0 ], "enabled": false }
			}
		}
	],
	"animations": [
		{
			"name": "SneakWalk",
			"code": "sneakwalk",
			"quantityframes": 40,
			"onActivityStopped": "Rewind",
			"onAnimationEnd": "Repeat",
			"keyframes": [
				{
					"frame": 0,
					"elements": {
						"coatBackTile": { "rotationX": 1.0, "rotationY": 0.0, "rotationZ": -32.0 },
						"coatFrontTile": { "rotationX": 0.0, "rotationY": 0.0, "rotationZ": -32.0 }
					}
				},
				{
					"frame": 20,
					"elements": {
						"coatBackTile": { "rotationX": 1.0, "rotationY": 0.0, "rotationZ": -27.0 },
						"coatFrontTile": { "rotationX": 0.0, "rotationY": 0.0, "rotationZ": -27.0 }
					}
				}
			]
		},

		{
			"name": "SneakIdle",
			"code": "sneakidle",
			"quantityframes": 35,
			"onActivityStopped": "Rewind",
			"onAnimationEnd": "Repeat",
			"keyframes": [
				{
					"frame": 0,
					"elements": {
						"coatBackTile": { "rotationX": 0.1, "rotationY": 0.0, "rotationZ": -24.0 },
						"coatFrontTile": { "rotationX": 0.1, "rotationY": 0.0, "rotationZ": -24.0 }
					}
				}
			]
		}
	]
}