{
	"editor": {
		"allAngles": false,
		"entityTextureMode": false
	},
	"textureWidth": 16,
	"textureHeight": 16,
	"textureSizes": {
	},
	"textures": {
		"purplelilyofthevalley1": "block/plant/flower/petal/purplelilyofthevalley1",
		"purplelilyofthevalley2": "block/plant/flower/petal/purplelilyofthevalley2",
		"purplelilyofthevalley3": "block/plant/flower/petal/purplelilyofthevalley3",
		"flower1": "block/plant/flower/stem/purplelilyofthevalley1",
		"flower2": "block/plant/flower/stem/purplelilyofthevalley2",
		"flower3": "block/plant/flower/stem/purplelilyofthevalley3",
		"leaves1": "block/plant/flower/stem/purplelilyofthevalleyleaves"
	},
	"elements": [
		{
			"name": "plant1",
			"from": [ 0.0, 0.0, 0.0 ],
			"to": [ 0.0, 0.0, 0.0 ],
			"rotationOrigin": [ 8.0, 0.0, 8.0 ],
			"faces": {
			},
			"children": [
				{
					"name": "stem1",
					"from": [ 0.0, 0.0, 8.0 ],
					"to": [ 16.0, 16.0, 8.0 ],
					"shade": false,
					"climateColorMap": "climatePlantTint",
					"seasonColorMap": "seasonalFoliage",
					"renderPass": 2,
					"rotationOrigin": [ 8.0, 0.0, 8.0 ],
					"rotationY": -75.0,
					"faces": {
						"north": { "texture": "#flower1", "uv": [ 0.0, 0.0, 16.0, 16.0 ], "windMode": [0,4,4,0], "windData": [0,1,1,0] }
					}
				},
				{
					"name": "stem2",
					"from": [ 0.0, 0.0, 8.0 ],
					"to": [ 16.0, 16.0, 8.0 ],
					"shade": false,
					"climateColorMap": "climatePlantTint",
					"seasonColorMap": "seasonalFoliage",
					"renderPass": 2,
					"rotationOrigin": [ 8.0, 0.0, 8.0 ],
					"rotationY": -22.0,
					"faces": {
						"north": { "texture": "#flower2", "uv": [ 0.0, 0.0, 16.0, 16.0 ], "autoUv": false, "windMode": [0,4,4,0], "windData": [0,1,1,0] }
					}
				},
				{
					"name": "leaves1",
					"from": [ 0.0, 0.0, 8.0 ],
					"to": [ 16.0, 16.0, 8.0 ],
					"shade": false,
					"climateColorMap": "climatePlantTint",
					"seasonColorMap": "seasonalFoliage",
					"renderPass": 2,
					"rotationOrigin": [ 8.0, 0.0, 8.0 ],
					"rotationX": -67.5,
					"rotationY": -135.0,
					"rotationZ": -45.0,
					"faces": {
						"north": { "texture": "#leaves1", "uv": [ 0.0, 0.0, 16.0, 16.0 ], "autoUv": false, "windMode": [0,1,1,0] }
					}
				},
				{
					"name": "leaves2",
					"from": [ 0.0, 0.0, 8.0 ],
					"to": [ 16.0, 16.0, 8.0 ],
					"shade": false,
					"climateColorMap": "climatePlantTint",
					"seasonColorMap": "seasonalFoliage",
					"renderPass": 2,
					"rotationOrigin": [ 8.0, 0.0, 8.0 ],
					"rotationX": -135.0,
					"rotationY": -22.5,
					"rotationZ": -157.5,
					"faces": {
						"north": { "texture": "#leaves1", "uv": [ 0.0, 0.0, 16.0, 16.0 ], "autoUv": false, "windMode": [0,1,1,0] }
					}
				},
				{
					"name": "leaves3",
					"from": [ 0.0, 0.0, 8.0 ],
					"to": [ 16.0, 16.0, 8.0 ],
					"shade": false,
					"climateColorMap": "climatePlantTint",
					"seasonColorMap": "seasonalFoliage",
					"renderPass": 2,
					"rotationOrigin": [ 8.0, 0.0, 8.0 ],
					"rotationX": -45.0,
					"rotationY": -22.5,
					"rotationZ": -22.5,
					"faces": {
						"north": { "texture": "#leaves1", "uv": [ 0.0, 0.0, 16.0, 16.0 ], "autoUv": false, "windMode": [0,1,1,0] }
					}
				},
				{
					"name": "leaves4",
					"from": [ 0.0, 0.0, 8.0 ],
					"to": [ 16.0, 16.0, 8.0 ],
					"shade": false,
					"climateColorMap": "climatePlantTint",
					"seasonColorMap": "seasonalFoliage",
					"renderPass": 2,
					"rotationOrigin": [ 8.0, 0.0, 8.0 ],
					"rotationX": 45.0,
					"rotationY": -22.5,
					"rotationZ": 22.5,
					"faces": {
						"north": { "texture": "#leaves1", "uv": [ 0.0, 0.0, 16.0, 16.0 ], "autoUv": false, "windMode": [0,1,1,0] }
					}
				},
				{
					"name": "stem3",
					"from": [ 0.0, 0.0, 8.0 ],
					"to": [ 16.0, 16.0, 8.0 ],
					"shade": false,
					"climateColorMap": "climatePlantTint",
					"seasonColorMap": "seasonalFoliage",
					"renderPass": 2,
					"rotationOrigin": [ 8.0, 0.0, 8.0 ],
					"rotationY": -135.0,
					"faces": {
						"north": { "texture": "#flower3", "uv": [ 0.0, 0.0, 16.0, 16.0 ], "autoUv": false, "windMode": [0,4,4,0], "windData": [0,1,1,0] }
					}
				},
				{
					"name": "flower1",
					"from": [ 0.0, 0.0, 8.0 ],
					"to": [ 16.0, 16.0, 8.0 ],
					"shade": false,
					"renderPass": 2,
					"rotationOrigin": [ 8.0, 0.0, 8.0 ],
					"rotationY": -75.0,
					"faces": {
						"north": { "texture": "#purplelilyofthevalley1", "uv": [ 0.0, 0.0, 16.0, 16.0 ], "windMode": [0,1,1,0], "windData": [0,1,1,0] }
					}
				},
				{
					"name": "flower2",
					"from": [ 0.0, 0.0, 8.0 ],
					"to": [ 16.0, 16.0, 8.0 ],
					"shade": false,
					"renderPass": 2,
					"rotationOrigin": [ 8.0, 0.0, 8.0 ],
					"rotationY": -22.0,
					"faces": {
						"north": { "texture": "#purplelilyofthevalley2", "uv": [ 0.0, 0.0, 16.0, 16.0 ], "autoUv": false, "windMode": [0,1,1,0], "windData": [0,1,1,0] }
					}
				},
				{
					"name": "flower3",
					"from": [ 0.0, 0.0, 8.0 ],
					"to": [ 16.0, 16.0, 8.0 ],
					"shade": false,
					"renderPass": 2,
					"rotationOrigin": [ 8.0, 0.0, 8.0 ],
					"rotationY": -135.0,
					"faces": {
						"north": { "texture": "#purplelilyofthevalley3", "uv": [ 0.0, 0.0, 16.0, 16.0 ], "autoUv": false, "windMode": [0,1,1,0], "windData": [0,1,1,0] }
					}
				}
			]
		}
	]}