{
	"editor": {
		"backDropShape": "F:/Games/Vintagestory/assets/game/shapes/entity/humanoid/seraph-faceless",
		"allAngles": false,
		"entityTextureMode": true
	},
	"textureWidth": 28,
	"textureHeight": 44,
	"textureSizes": {
		"shirt": [28,44],
		"homespun-shirt": [28,44],
		"cotton shirt wip": [28,44],
		"cottonshirt": [28,44],
		"plain": [28,44]
	},
	"textures": {
		"cottonshirt": "F:/Games/Vintagestory/Mods/AmericanFrontiersmanWesternWear_1.8.2/assets/americanfrontiersman/textures/item/upperbody/shirtcotton/cottonshirt"
	},
	"elements": [
		{
			"name": "UpperTorsoOrigin",
			"stepParentName": "UpperTorso",
			"from": [ -0.02, -0.02, -0.02 ],
			"to": [ 5.02, 5.02, 6.22 ],
			"unwrapMode": 4,
			"autoUnwrap": false,
			"uv": [ 10.0, 0.0 ],
			"rotationOrigin": [ 2.0, 2.0, 3.25 ],
			"faces": {
				"north": { "texture": "#cottonshirt", "uv": [ 1.0, 5.5, 6.0, 10.5 ], "windMode": [-1,-1,-1,-1], "windData": [1,1,1,1] },
				"east": { "texture": "#cottonshirt", "uv": [ 17.0, 5.5, 23.0, 10.5 ], "windMode": [-1,-1,-1,-1] },
				"south": { "texture": "#cottonshirt", "uv": [ 12.0, 5.5, 17.0, 10.5 ] },
				"west": { "texture": "#cottonshirt", "uv": [ 6.0, 5.5, 12.0, 10.5 ] },
				"up": { "texture": "#cottonshirt", "uv": [ 6.0, 0.5, 12.0, 5.5 ], "rotation": 90 },
				"down": { "texture": "#cottonshirt", "uv": [ 17.0, 8.0, 23.0, 13.0 ], "rotation": 90, "windMode": [-1,-1,-1,-1] }
			},
			"children": [
				{
					"name": "Blackout",
					"from": [ 0.1, 0.8, 0.6 ],
					"to": [ 4.9, 4.8, 5.6 ],
					"autoUnwrap": false,
					"uv": [ 23.0, 9.0 ],
					"rotationOrigin": [ 0.1, 0.8, 0.6 ],
					"faces": {
						"north": { "texture": "#cottonshirt", "uv": [ 0.0, 0.0, 4.5, 4.0 ] },
						"east": { "texture": "#cottonshirt", "uv": [ 1.0, 0.0, 5.0, 5.0 ], "rotation": 90, "windMode": [-1,-1,-1,-1], "windData": [1,1,1,1] },
						"south": { "texture": "#cottonshirt", "uv": [ 0.0, 1.0, 4.5, 5.0 ], "windMode": [-1,-1,-1,-1], "windData": [1,1,1,1] },
						"west": { "texture": "#cottonshirt", "uv": [ 0.5, 0.0, 4.5, 5.0 ], "rotation": 90, "windMode": [-1,-1,-1,-1], "windData": [1,1,1,1] },
						"up": { "texture": "#cottonshirt", "uv": [ 0.0, 0.0, 4.5, 5.0 ] },
						"down": { "texture": "#cottonshirt", "uv": [ 0.5, 0.0, 5.0, 5.0 ] }
					}
				},
				{
					"name": "buttons1",
					"from": [ -0.005, -0.005, 2.86 ],
					"to": [ 0.995, 5.035, 3.36 ],
					"unwrapMode": 4,
					"uv": [ 27.0, 5.5 ],
					"rotationOrigin": [ 0.0, 0.0, 2.86 ],
					"faces": {
						"west": { "texture": "#cottonshirt", "uv": [ 27.0, 5.5, 27.5, 10.5 ] },
						"down": { "texture": "#cottonshirt", "uv": [ 27.0, 10.5, 27.5, 11.5 ], "rotation": 90, "windMode": [-1,-1,-1,-1], "windData": [1,1,1,1] }
					}
				}
			]
		},
		{
			"name": "LowerTorsoOrigin",
			"stepParentName": "LowerTorso",
			"from": [ -0.02, -0.02, -0.02 ],
			"to": [ 5.02, 5.02, 6.02 ],
			"unwrapMode": 4,
			"autoUnwrap": false,
			"uv": [ 9.0, 10.0 ],
			"rotationOrigin": [ 3.0, 3.0, 3.0 ],
			"faces": {
				"north": { "texture": "#cottonshirt", "uv": [ 1.0, 10.5, 6.0, 15.5 ] },
				"east": { "texture": "#cottonshirt", "uv": [ 17.0, 10.5, 23.0, 15.5 ] },
				"south": { "texture": "#cottonshirt", "uv": [ 12.0, 10.5, 17.0, 15.5 ] },
				"west": { "texture": "#cottonshirt", "uv": [ 6.0, 10.5, 12.0, 15.5 ] },
				"up": { "texture": "#cottonshirt", "uv": [ 17.0, 8.0, 23.0, 13.0 ], "rotation": 270, "windMode": [-1,-1,-1,-1], "windData": [1,1,1,1] },
				"down": { "texture": "#cottonshirt", "uv": [ 1.0, 7.5, 7.0, 12.5 ], "rotation": 90, "windMode": [-1,-1,-1,-1] }
			},
			"children": [
				{
					"name": "buttons2",
					"from": [ -0.005, 0.0, 2.76 ],
					"to": [ 0.995, 5.04, 3.26 ],
					"unwrapMode": 4,
					"uv": [ 27.0, 10.0 ],
					"rotationOrigin": [ 0.0, 0.0, 2.76 ],
					"faces": {
						"west": { "texture": "#cottonshirt", "uv": [ 27.0, 10.0, 27.5, 15.0 ] }
					}
				}
			]
		},
		{
			"name": "UpperFootLorigin",
			"stepParentName": "UpperFootL",
			"from": [ -0.02, -0.02, -0.02 ],
			"to": [ 4.22, 9.02, 3.22 ],
			"unwrapMode": 3,
			"autoUnwrap": false,
			"uv": [ 15.0, 19.62 ],
			"rotationOrigin": [ 2.0, 9.0, 3.2 ],
			"faces": {
				"east": { "texture": "#cottonshirt", "uv": [ 20.0, 16.0, 23.0, 25.0 ], "windMode": [-1,-1,-1,-1] },
				"south": { "texture": "#cottonshirt", "uv": [ 16.0, 16.0, 20.0, 25.0 ], "windMode": [-1,-1,-1,-1] },
				"west": { "texture": "#cottonshirt", "uv": [ 13.0, 16.0, 16.0, 25.0 ] },
				"up": { "texture": "#cottonshirt", "uv": [ 12.5, 11.5, 16.5, 14.5 ], "windMode": [-1,-1,-1,-1], "windData": [1,1,1,1] }
			}
		},
		{
			"name": "UpperFootRorigin",
			"stepParentName": "UpperFootR",
			"from": [ -0.02, -0.02, -0.02 ],
			"to": [ 4.22, 9.02, 3.22 ],
			"unwrapMode": 1,
			"autoUnwrap": false,
			"uv": [ 1.0, 19.62 ],
			"rotationOrigin": [ 2.0, 9.0, 0.0 ],
			"faces": {
				"north": { "texture": "#cottonshirt", "uv": [ 4.0, 16.0, 8.0, 25.0 ], "windMode": [-1,-1,-1,-1], "windData": [0,1,1,0] },
				"east": { "texture": "#cottonshirt", "uv": [ 1.0, 16.0, 4.0, 25.0 ], "windMode": [-1,-1,-1,-1] },
				"west": { "texture": "#cottonshirt", "uv": [ 8.0, 16.0, 11.0, 25.0 ], "windMode": [-1,-1,-1,-1] },
				"up": { "texture": "#cottonshirt", "uv": [ 1.5, 11.5, 5.5, 14.5 ], "rotation": 180, "windMode": [-1,-1,-1,-1], "windData": [1,1,1,1] }
			}
		},
		{
			"name": "UpperArmROrigin",
			"stepParentName": "UpperArmR",
			"from": [ -0.02, -0.02, -0.02 ],
			"to": [ 3.02, 7.02, 2.02 ],
			"unwrapMode": 1,
			"uv": [ 2.0, 35.0 ],
			"rotationOrigin": [ 1.5, 7.0, 1.0 ],
			"faces": {
				"north": { "texture": "#cottonshirt", "uv": [ 4.0, 37.0, 7.0, 44.0 ] },
				"east": { "texture": "#cottonshirt", "uv": [ 2.0, 37.0, 4.0, 44.0 ] },
				"south": { "texture": "#cottonshirt", "uv": [ 9.0, 37.0, 12.0, 44.0 ] },
				"west": { "texture": "#cottonshirt", "uv": [ 7.0, 37.0, 9.0, 44.0 ] },
				"up": { "texture": "#cottonshirt", "uv": [ 4.0, 35.0, 7.0, 37.0 ], "rotation": 180, "windMode": [-1,-1,-1,-1] },
				"down": { "texture": "#cottonshirt", "uv": [ 4.0, 44.0, 7.0, 46.0 ], "windMode": [-1,-1,-1,-1] }
			},
			"children": [
				{
					"name": "UpperArmR Blackout",
					"from": [ 0.03, 1.6, 0.03 ],
					"to": [ 3.01, 2.6, 2.01 ],
					"autoUnwrap": false,
					"uv": [ 13.5, -0.5 ],
					"rotationOrigin": [ 0.2437, 2.7702, 8.4267 ],
					"faces": {
						"north": { "texture": "#cottonshirt", "uv": [ 0.0, 4.0, 2.5, 5.0 ] },
						"east": { "texture": "#cottonshirt", "uv": [ 0.0, 0.0, 1.5, 1.0 ] },
						"south": { "texture": "#cottonshirt", "uv": [ 1.5, 0.0, 4.0, 1.0 ] },
						"west": { "texture": "#cottonshirt", "uv": [ 3.5, 0.0, 5.0, 1.0 ] },
						"up": { "texture": "#cottonshirt", "uv": [ 0.0, 2.5, 2.5, 4.0 ] },
						"down": { "texture": "#cottonshirt", "uv": [ 0.0, 1.0, 2.5, 2.5 ] }
					}
				}
			]
		},
		{
			"name": "UpperArmLorigin",
			"stepParentName": "UpperArmL",
			"from": [ -0.02, -0.02, -0.02 ],
			"to": [ 3.02, 7.02, 2.02 ],
			"unwrapMode": 3,
			"uv": [ 13.0, 35.0 ],
			"rotationOrigin": [ 1.5, 6.9, 1.0 ],
			"faces": {
				"north": { "texture": "#cottonshirt", "uv": [ 20.0, 37.0, 23.0, 44.0 ] },
				"east": { "texture": "#cottonshirt", "uv": [ 18.0, 37.0, 20.0, 44.0 ], "windMode": [-1,-1,-1,-1] },
				"south": { "texture": "#cottonshirt", "uv": [ 15.0, 37.0, 18.0, 44.0 ], "windMode": [-1,-1,-1,-1] },
				"west": { "texture": "#cottonshirt", "uv": [ 13.0, 37.0, 15.0, 44.0 ] },
				"up": { "texture": "#cottonshirt", "uv": [ 15.0, 35.0, 18.0, 37.0 ], "windMode": [-1,-1,-1,-1] },
				"down": { "texture": "#cottonshirt", "uv": [ 15.0, 44.0, 18.0, 46.0 ], "rotation": 180, "windMode": [-1,-1,-1,-1] }
			},
			"children": [
				{
					"name": "UpperArmL Blackout",
					"from": [ 0.03, 1.6, 0.03 ],
					"to": [ 3.01, 2.6, 2.01 ],
					"autoUnwrap": false,
					"uv": [ 13.5, -0.5 ],
					"rotationOrigin": [ 0.1, 1.6, 0.1 ],
					"faces": {
						"north": { "texture": "#cottonshirt", "uv": [ 0.0, 4.0, 2.5, 5.0 ] },
						"east": { "texture": "#cottonshirt", "uv": [ 0.0, 0.0, 1.5, 1.0 ] },
						"south": { "texture": "#cottonshirt", "uv": [ 1.5, 0.0, 4.0, 1.0 ] },
						"west": { "texture": "#cottonshirt", "uv": [ 3.5, 0.0, 5.0, 1.0 ] },
						"up": { "texture": "#cottonshirt", "uv": [ 0.0, 2.5, 2.5, 4.0 ] },
						"down": { "texture": "#cottonshirt", "uv": [ 0.0, 1.0, 2.5, 2.5 ] }
					}
				}
			]
		},
		{
			"name": "hidecollar",
			"stepParentName": "Neck",
			"from": [ -0.02, 0.5, -0.02 ],
			"to": [ 3.02, 2.5, 3.02 ],
			"unwrapMode": 4,
			"uv": [ 13.0, 2.5 ],
			"rotationOrigin": [ 0.0, 0.5, 0.0 ],
			"faces": {
				"north": { "texture": "#cottonshirt", "uv": [ 13.0, 2.5, 16.0, 4.5 ] },
				"east": { "texture": "#cottonshirt", "uv": [ 22.0, 2.5, 25.0, 4.5 ] },
				"south": { "texture": "#cottonshirt", "uv": [ 19.0, 2.5, 22.0, 4.5 ] },
				"west": { "texture": "#cottonshirt", "uv": [ 16.0, 2.5, 19.0, 4.5 ] }
			}
		}
	]}