{
	"editor": {
		"backDropShape": "entity/humanoid/seraph-faceless",
		"collapsedPaths": ",Root/Right Glove/RG Trim,Root/Right Glove",
		"allAngles": false,
		"entityTextureMode": true
	},
	"textureWidth": 8,
	"textureHeight": 12,
	"textureSizes": {
		"plain": [16,16],
		"Fringe Gloves Base": [16,24],
		"fringegloves": [16,24]
	},
	"textures": {
		"fringegloves": "item/fringegloves"
	},
	"elements": [
		{
			"name": "Right Glove",
			"stepParentName": "LowerArmR",
			"from": [ -0.05, -0.05, -0.05 ],
			"to": [ 2.55, 2.45, 2.05 ],
			"unwrapMode": 4,
			"uv": [ 0.0, 0.0 ],
			"rotationOrigin": [ -0.1, -0.1, -3.1 ],
			"faces": {
				"north": { "texture": "#fringegloves", "uv": [ 0.0, 2.5, 2.5, 5.0 ] },
				"east": { "texture": "#fringegloves", "uv": [ 7.0, 2.5, 9.0, 5.0 ] },
				"south": { "texture": "#fringegloves", "uv": [ 4.5, 2.5, 7.0, 5.0 ] },
				"west": { "texture": "#fringegloves", "uv": [ 2.5, 2.5, 4.5, 5.0 ] },
				"up": { "texture": "#fringegloves", "uv": [ 2.5, 0.0, 4.5, 2.5 ], "rotation": 90 },
				"down": { "texture": "#fringegloves", "uv": [ 2.5, 5.0, 4.5, 7.5 ], "rotation": 90 }
			},
			"children": [
				{
					"name": "RG Flare N",
					"from": [ 0.0, 2.4, 0.0 ],
					"to": [ 2.6, 2.9, 0.1 ],
					"unwrapMode": 1,
					"uv": [ 5.0, 0.5 ],
					"rotationOrigin": [ 0.0, 2.4, 0.0 ],
					"rotationX": -10.0,
					"faces": {
						"north": { "texture": "#fringegloves", "uv": [ 5.5, 1.0, 8.0, 1.5 ] },
						"east": { "texture": "#fringegloves", "uv": [ 5.0, 1.0, 5.5, 1.5 ] },
						"south": { "texture": "#fringegloves", "uv": [ 8.5, 1.0, 11.0, 1.5 ] },
						"west": { "texture": "#fringegloves", "uv": [ 8.0, 1.0, 8.5, 1.5 ] },
						"up": { "texture": "#fringegloves", "uv": [ 5.5, 0.5, 8.0, 1.0 ], "rotation": 180 },
						"down": { "texture": "#fringegloves", "uv": [ 5.5, 1.5, 8.0, 2.0 ] }
					}
				},
				{
					"name": "RG Flare S",
					"from": [ 0.0, 2.42, 2.0 ],
					"to": [ 2.6, 2.92, 2.1 ],
					"unwrapMode": 3,
					"uv": [ 5.0, 5.5 ],
					"rotationOrigin": [ 0.0, 2.4, 2.0 ],
					"rotationX": 10.0,
					"faces": {
						"north": { "texture": "#fringegloves", "uv": [ 8.5, 6.0, 11.0, 6.5 ] },
						"east": { "texture": "#fringegloves", "uv": [ 8.0, 6.0, 8.5, 6.5 ] },
						"south": { "texture": "#fringegloves", "uv": [ 5.5, 6.0, 8.0, 6.5 ] },
						"west": { "texture": "#fringegloves", "uv": [ 5.0, 6.0, 5.5, 6.5 ] },
						"up": { "texture": "#fringegloves", "uv": [ 5.5, 5.5, 8.0, 6.0 ] },
						"down": { "texture": "#fringegloves", "uv": [ 5.5, 6.5, 8.0, 7.0 ], "rotation": 180 }
					}
				},
				{
					"name": "RG Flare W",
					"from": [ 0.0, 2.4, 0.0 ],
					"to": [ 0.1, 2.9, 2.1 ],
					"unwrapMode": 4,
					"uv": [ 9.5, 2.0 ],
					"rotationOrigin": [ 0.0, 2.4, 0.0 ],
					"rotationZ": 10.0,
					"faces": {
						"north": { "texture": "#fringegloves", "uv": [ 9.5, 2.5, 10.0, 3.0 ] },
						"east": { "texture": "#fringegloves", "uv": [ 12.5, 2.5, 14.5, 3.0 ] },
						"south": { "texture": "#fringegloves", "uv": [ 12.0, 2.5, 12.5, 3.0 ] },
						"west": { "texture": "#fringegloves", "uv": [ 10.0, 2.5, 12.0, 3.0 ] },
						"up": { "texture": "#fringegloves", "uv": [ 10.0, 2.0, 12.0, 2.5 ], "rotation": 90 },
						"down": { "texture": "#fringegloves", "uv": [ 10.0, 3.0, 12.0, 3.5 ], "rotation": 90 }
					}
				},
				{
					"name": "RG Flare E",
					"from": [ 2.5, 2.42, 0.0 ],
					"to": [ 2.6, 2.92, 2.1 ],
					"unwrapMode": 2,
					"uv": [ 9.5, 4.0 ],
					"rotationOrigin": [ 2.5, 2.4, 0.0 ],
					"rotationZ": -10.0,
					"faces": {
						"north": { "texture": "#fringegloves", "uv": [ 12.0, 4.5, 12.5, 5.0 ] },
						"east": { "texture": "#fringegloves", "uv": [ 10.0, 4.5, 12.0, 5.0 ] },
						"south": { "texture": "#fringegloves", "uv": [ 9.5, 4.5, 10.0, 5.0 ] },
						"west": { "texture": "#fringegloves", "uv": [ 12.5, 4.5, 14.5, 5.0 ] },
						"up": { "texture": "#fringegloves", "uv": [ 10.0, 4.0, 12.0, 4.5 ], "rotation": 270 },
						"down": { "texture": "#fringegloves", "uv": [ 10.0, 5.0, 12.0, 5.5 ], "rotation": 270 }
					}
				},
				{
					"name": "RG Trim",
					"from": [ -0.05, 2.25, -0.05 ],
					"to": [ 2.65, 2.55, 2.15 ],
					"uv": [ 0.0, 8.0 ],
					"rotationOrigin": [ -0.1, 2.2, -0.1 ],
					"faces": {
						"north": { "texture": "#fringegloves", "uv": [ 0.0, 10.0, 2.5, 10.5 ] },
						"east": { "texture": "#fringegloves", "uv": [ 2.5, 10.0, 4.5, 10.5 ] },
						"south": { "texture": "#fringegloves", "uv": [ 4.5, 10.0, 7.0, 10.5 ] },
						"west": { "texture": "#fringegloves", "uv": [ 7.0, 10.0, 9.0, 10.5 ] },
						"up": { "texture": "#fringegloves", "uv": [ 0.0, 8.0, 2.5, 10.0 ] },
						"down": { "texture": "#fringegloves", "uv": [ 2.5, 8.0, 5.0, 10.0 ] }
					},
					"children": [
						{
							"name": "R Fringe 1",
							"from": [ 2.65, -0.2, 0.05 ],
							"to": [ 3.1, -0.1, 0.06 ],
							"uv": [ 12.5, 5.5 ],
							"rotationOrigin": [ 2.6, -0.2, 0.1 ],
							"faces": {
								"north": { "texture": "#fringegloves", "uv": [ 12.5, 6.0, 13.0, 6.5 ] },
								"east": { "texture": "#fringegloves", "uv": [ 13.0, 6.0, 13.5, 6.5 ] },
								"south": { "texture": "#fringegloves", "uv": [ 13.5, 6.0, 14.0, 6.5 ] },
								"west": { "texture": "#fringegloves", "uv": [ 14.0, 6.0, 14.5, 6.5 ] },
								"up": { "texture": "#fringegloves", "uv": [ 12.5, 5.5, 13.0, 6.0 ] },
								"down": { "texture": "#fringegloves", "uv": [ 13.0, 5.5, 13.5, 6.0 ] }
							}
						},
						{
							"name": "R Fringe 2",
							"from": [ 2.65, -0.4, 0.05 ],
							"to": [ 3.1, -0.3, 0.06 ],
							"uv": [ 12.5, 7.0 ],
							"rotationOrigin": [ 2.6, -0.4, 0.1 ],
							"faces": {
								"north": { "texture": "#fringegloves", "uv": [ 12.5, 7.5, 13.0, 8.0 ] },
								"east": { "texture": "#fringegloves", "uv": [ 13.0, 7.5, 13.5, 8.0 ] },
								"south": { "texture": "#fringegloves", "uv": [ 13.5, 7.5, 14.0, 8.0 ] },
								"west": { "texture": "#fringegloves", "uv": [ 14.0, 7.5, 14.5, 8.0 ] },
								"up": { "texture": "#fringegloves", "uv": [ 12.5, 7.0, 13.0, 7.5 ] },
								"down": { "texture": "#fringegloves", "uv": [ 13.0, 7.0, 13.5, 7.5 ] }
							}
						},
						{
							"name": "R Fringe 3",
							"from": [ 2.65, -0.6, 0.05 ],
							"to": [ 3.1, -0.5, 0.06 ],
							"uv": [ 10.0, 7.0 ],
							"rotationOrigin": [ 2.6, -0.6, 0.1 ],
							"faces": {
								"north": { "texture": "#fringegloves", "uv": [ 10.0, 7.5, 10.5, 8.0 ] },
								"east": { "texture": "#fringegloves", "uv": [ 10.5, 7.5, 11.0, 8.0 ] },
								"south": { "texture": "#fringegloves", "uv": [ 11.0, 7.5, 11.5, 8.0 ] },
								"west": { "texture": "#fringegloves", "uv": [ 11.5, 7.5, 12.0, 8.0 ] },
								"up": { "texture": "#fringegloves", "uv": [ 10.0, 7.0, 10.5, 7.5 ] },
								"down": { "texture": "#fringegloves", "uv": [ 10.5, 7.0, 11.0, 7.5 ] }
							}
						},
						{
							"name": "R Fringe 4",
							"from": [ 2.65, -0.8, 0.05 ],
							"to": [ 3.05, -0.7, 0.06 ],
							"uv": [ 7.5, 7.5 ],
							"rotationOrigin": [ 2.6, -0.8, 0.1 ],
							"faces": {
								"north": { "texture": "#fringegloves", "uv": [ 7.5, 8.0, 8.0, 8.5 ] },
								"east": { "texture": "#fringegloves", "uv": [ 8.0, 8.0, 8.5, 8.5 ] },
								"south": { "texture": "#fringegloves", "uv": [ 8.5, 8.0, 9.0, 8.5 ] },
								"west": { "texture": "#fringegloves", "uv": [ 9.0, 8.0, 9.5, 8.5 ] },
								"up": { "texture": "#fringegloves", "uv": [ 7.5, 7.5, 8.0, 8.0 ] },
								"down": { "texture": "#fringegloves", "uv": [ 8.0, 7.5, 8.5, 8.0 ] }
							}
						},
						{
							"name": "R Fringe 5",
							"from": [ 2.65, -1.0, 0.05 ],
							"to": [ 3.05, -0.9, 0.06 ],
							"uv": [ 6.0, 8.5 ],
							"rotationOrigin": [ 2.6, -1.0, 0.1 ],
							"faces": {
								"north": { "texture": "#fringegloves", "uv": [ 6.0, 9.0, 6.5, 9.5 ] },
								"east": { "texture": "#fringegloves", "uv": [ 6.5, 9.0, 7.0, 9.5 ] },
								"south": { "texture": "#fringegloves", "uv": [ 7.0, 9.0, 7.5, 9.5 ] },
								"west": { "texture": "#fringegloves", "uv": [ 7.5, 9.0, 8.0, 9.5 ] },
								"up": { "texture": "#fringegloves", "uv": [ 6.0, 8.5, 6.5, 9.0 ] },
								"down": { "texture": "#fringegloves", "uv": [ 6.5, 8.5, 7.0, 9.0 ] }
							}
						},
						{
							"name": "R Fringe 6",
							"from": [ 2.65, -1.2, 0.05 ],
							"to": [ 3.05, -1.1, 0.06 ],
							"uv": [ 10.0, 8.5 ],
							"rotationOrigin": [ 2.6, -1.2, 0.1 ],
							"faces": {
								"north": { "texture": "#fringegloves", "uv": [ 10.0, 9.0, 10.5, 9.5 ] },
								"east": { "texture": "#fringegloves", "uv": [ 10.5, 9.0, 11.0, 9.5 ] },
								"south": { "texture": "#fringegloves", "uv": [ 11.0, 9.0, 11.5, 9.5 ] },
								"west": { "texture": "#fringegloves", "uv": [ 11.5, 9.0, 12.0, 9.5 ] },
								"up": { "texture": "#fringegloves", "uv": [ 10.0, 8.5, 10.5, 9.0 ] },
								"down": { "texture": "#fringegloves", "uv": [ 10.5, 8.5, 11.0, 9.0 ] }
							}
						},
						{
							"name": "R Fringe 7",
							"from": [ 2.65, -1.4, 0.05 ],
							"to": [ 3.0, -1.3, 0.06 ],
							"uv": [ 12.5, 8.5 ],
							"rotationOrigin": [ 2.6, -1.4, 0.1 ],
							"faces": {
								"north": { "texture": "#fringegloves", "uv": [ 12.5, 9.0, 13.0, 9.5 ] },
								"east": { "texture": "#fringegloves", "uv": [ 13.0, 9.0, 13.5, 9.5 ] },
								"south": { "texture": "#fringegloves", "uv": [ 13.5, 9.0, 14.0, 9.5 ] },
								"west": { "texture": "#fringegloves", "uv": [ 14.0, 9.0, 14.5, 9.5 ] },
								"up": { "texture": "#fringegloves", "uv": [ 12.5, 8.5, 13.0, 9.0 ] },
								"down": { "texture": "#fringegloves", "uv": [ 13.0, 8.5, 13.5, 9.0 ] }
							}
						},
						{
							"name": "R Fringe 8",
							"from": [ 2.65, -1.6, 0.05 ],
							"to": [ 3.0, -1.5, 0.06 ],
							"uv": [ 12.5, 1.0 ],
							"rotationOrigin": [ 2.6, -1.6, 0.1 ],
							"faces": {
								"north": { "texture": "#fringegloves", "uv": [ 12.5, 1.5, 13.0, 2.0 ] },
								"east": { "texture": "#fringegloves", "uv": [ 13.0, 1.5, 13.5, 2.0 ] },
								"south": { "texture": "#fringegloves", "uv": [ 13.5, 1.5, 14.0, 2.0 ] },
								"west": { "texture": "#fringegloves", "uv": [ 14.0, 1.5, 14.5, 2.0 ] },
								"up": { "texture": "#fringegloves", "uv": [ 12.5, 1.0, 13.0, 1.5 ] },
								"down": { "texture": "#fringegloves", "uv": [ 13.0, 1.0, 13.5, 1.5 ] }
							}
						}
					]
				}
			]
		},
		{
			"name": "Left Glove",
			"stepParentName": "LowerArmL",
			"from": [ -0.05, -0.05, -0.05 ],
			"to": [ 2.55, 2.45, 2.05 ],
			"unwrapMode": 4,
			"uv": [ 0.0, 14.0 ],
			"faces": {
				"north": { "texture": "#fringegloves", "uv": [ 0.0, 16.5, 2.5, 19.0 ] },
				"east": { "texture": "#fringegloves", "uv": [ 7.0, 16.5, 9.0, 19.0 ] },
				"south": { "texture": "#fringegloves", "uv": [ 4.5, 16.5, 7.0, 19.0 ] },
				"west": { "texture": "#fringegloves", "uv": [ 2.5, 16.5, 4.5, 19.0 ] },
				"up": { "texture": "#fringegloves", "uv": [ 2.5, 14.0, 4.5, 16.5 ], "rotation": 90 },
				"down": { "texture": "#fringegloves", "uv": [ 2.5, 19.0, 4.5, 21.5 ], "rotation": 90 }
			},
			"children": [
				{
					"name": "LG Flare W",
					"from": [ 0.0, 2.4, 0.0 ],
					"to": [ 0.1, 2.9, 2.1 ],
					"unwrapMode": 4,
					"uv": [ 9.5, 16.0 ],
					"rotationOrigin": [ 0.0, 2.4, 0.0 ],
					"rotationZ": 10.0,
					"faces": {
						"north": { "texture": "#fringegloves", "uv": [ 9.5, 16.5, 10.0, 17.0 ] },
						"east": { "texture": "#fringegloves", "uv": [ 12.5, 16.5, 14.5, 17.0 ] },
						"south": { "texture": "#fringegloves", "uv": [ 12.0, 16.5, 12.5, 17.0 ] },
						"west": { "texture": "#fringegloves", "uv": [ 10.0, 16.5, 12.0, 17.0 ] },
						"up": { "texture": "#fringegloves", "uv": [ 10.0, 16.0, 12.0, 16.5 ], "rotation": 90 },
						"down": { "texture": "#fringegloves", "uv": [ 10.0, 17.0, 12.0, 17.5 ], "rotation": 90 }
					}
				},
				{
					"name": "LG Flare E",
					"from": [ 2.5, 2.42, 0.0 ],
					"to": [ 2.6, 2.92, 2.1 ],
					"unwrapMode": 2,
					"uv": [ 9.5, 18.0 ],
					"rotationOrigin": [ 2.5, 2.4, 0.0 ],
					"rotationZ": -10.0,
					"faces": {
						"north": { "texture": "#fringegloves", "uv": [ 12.0, 18.5, 12.5, 19.0 ] },
						"east": { "texture": "#fringegloves", "uv": [ 10.0, 18.5, 12.0, 19.0 ] },
						"south": { "texture": "#fringegloves", "uv": [ 9.5, 18.5, 10.0, 19.0 ] },
						"west": { "texture": "#fringegloves", "uv": [ 12.5, 18.5, 14.5, 19.0 ] },
						"up": { "texture": "#fringegloves", "uv": [ 10.0, 18.0, 12.0, 18.5 ], "rotation": 270 },
						"down": { "texture": "#fringegloves", "uv": [ 10.0, 19.0, 12.0, 19.5 ], "rotation": 270 }
					}
				},
				{
					"name": "LG Flare S",
					"from": [ 0.0, 2.42, 2.0 ],
					"to": [ 2.6, 2.92, 2.1 ],
					"unwrapMode": 3,
					"uv": [ 5.0, 19.5 ],
					"rotationOrigin": [ 0.0, 2.4, 2.0 ],
					"rotationX": 10.0,
					"faces": {
						"north": { "texture": "#fringegloves", "uv": [ 8.5, 20.0, 11.0, 20.5 ] },
						"east": { "texture": "#fringegloves", "uv": [ 8.0, 20.0, 8.5, 20.5 ] },
						"south": { "texture": "#fringegloves", "uv": [ 5.5, 20.0, 8.0, 20.5 ] },
						"west": { "texture": "#fringegloves", "uv": [ 5.0, 20.0, 5.5, 20.5 ] },
						"up": { "texture": "#fringegloves", "uv": [ 5.5, 19.5, 8.0, 20.0 ] },
						"down": { "texture": "#fringegloves", "uv": [ 5.5, 20.5, 8.0, 21.0 ], "rotation": 180 }
					}
				},
				{
					"name": "LG Flare N",
					"from": [ 0.0, 2.4, 0.0 ],
					"to": [ 2.6, 2.9, 0.1 ],
					"unwrapMode": 1,
					"uv": [ 5.0, 14.5 ],
					"rotationOrigin": [ 0.0, 2.4, 0.0 ],
					"rotationX": -10.0,
					"faces": {
						"north": { "texture": "#fringegloves", "uv": [ 5.5, 15.0, 8.0, 15.5 ] },
						"east": { "texture": "#fringegloves", "uv": [ 5.0, 15.0, 5.5, 15.5 ] },
						"south": { "texture": "#fringegloves", "uv": [ 8.5, 15.0, 11.0, 15.5 ] },
						"west": { "texture": "#fringegloves", "uv": [ 8.0, 15.0, 8.5, 15.5 ] },
						"up": { "texture": "#fringegloves", "uv": [ 5.5, 14.5, 8.0, 15.0 ], "rotation": 180 },
						"down": { "texture": "#fringegloves", "uv": [ 5.5, 15.5, 8.0, 16.0 ] }
					}
				},
				{
					"name": "LG Trim",
					"from": [ -0.05, 2.25, -0.05 ],
					"to": [ 2.65, 2.55, 2.15 ],
					"uv": [ 0.0, 11.0 ],
					"faces": {
						"north": { "texture": "#fringegloves", "uv": [ 0.0, 13.0, 2.5, 13.5 ] },
						"east": { "texture": "#fringegloves", "uv": [ 2.5, 13.0, 4.5, 13.5 ] },
						"south": { "texture": "#fringegloves", "uv": [ 4.5, 13.0, 7.0, 13.5 ] },
						"west": { "texture": "#fringegloves", "uv": [ 7.0, 13.0, 9.0, 13.5 ] },
						"up": { "texture": "#fringegloves", "uv": [ 0.0, 11.0, 2.5, 13.0 ] },
						"down": { "texture": "#fringegloves", "uv": [ 2.5, 11.0, 5.0, 13.0 ] }
					},
					"children": [
						{
							"name": "L Fringe 2",
							"from": [ 2.65, -0.4, 2.14 ],
							"to": [ 3.1, -0.3, 2.15 ],
							"uv": [ 8.0, 11.5 ],
							"rotationOrigin": [ 2.6, -0.4, 2.09 ],
							"rotationX": 0.0,
							"rotationY": 0.0,
							"rotationZ": 0.0,
							"faces": {
								"north": { "texture": "#fringegloves", "uv": [ 8.0, 12.0, 8.5, 12.5 ] },
								"east": { "texture": "#fringegloves", "uv": [ 8.5, 12.0, 9.0, 12.5 ] },
								"south": { "texture": "#fringegloves", "uv": [ 9.0, 12.0, 9.5, 12.5 ] },
								"west": { "texture": "#fringegloves", "uv": [ 9.5, 12.0, 10.0, 12.5 ] },
								"up": { "texture": "#fringegloves", "uv": [ 8.0, 11.5, 8.5, 12.0 ] },
								"down": { "texture": "#fringegloves", "uv": [ 8.5, 11.5, 9.0, 12.0 ] }
							}
						},
						{
							"name": "L Fringe 4",
							"from": [ 2.65, -0.8, 2.14 ],
							"to": [ 3.05, -0.7, 2.15 ],
							"uv": [ 12.0, 10.0 ],
							"rotationOrigin": [ 2.6, -0.8, 2.09 ],
							"rotationX": 0.0,
							"rotationY": 0.0,
							"rotationZ": 0.0,
							"faces": {
								"north": { "texture": "#fringegloves", "uv": [ 12.0, 10.5, 12.5, 11.0 ] },
								"east": { "texture": "#fringegloves", "uv": [ 12.5, 10.5, 13.0, 11.0 ] },
								"south": { "texture": "#fringegloves", "uv": [ 13.0, 10.5, 13.5, 11.0 ] },
								"west": { "texture": "#fringegloves", "uv": [ 13.5, 10.5, 14.0, 11.0 ] },
								"up": { "texture": "#fringegloves", "uv": [ 12.0, 10.0, 12.5, 10.5 ] },
								"down": { "texture": "#fringegloves", "uv": [ 12.5, 10.0, 13.0, 10.5 ] }
							}
						},
						{
							"name": "L Fringe 3",
							"from": [ 2.65, -0.6, 2.14 ],
							"to": [ 3.1, -0.5, 2.15 ],
							"uv": [ 9.5, 10.5 ],
							"rotationOrigin": [ 2.6, -0.6, 2.09 ],
							"rotationX": 0.0,
							"rotationY": 0.0,
							"rotationZ": 0.0,
							"faces": {
								"north": { "texture": "#fringegloves", "uv": [ 9.5, 11.0, 10.0, 11.5 ] },
								"east": { "texture": "#fringegloves", "uv": [ 10.0, 11.0, 10.5, 11.5 ] },
								"south": { "texture": "#fringegloves", "uv": [ 10.5, 11.0, 11.0, 11.5 ] },
								"west": { "texture": "#fringegloves", "uv": [ 11.0, 11.0, 11.5, 11.5 ] },
								"up": { "texture": "#fringegloves", "uv": [ 9.5, 10.5, 10.0, 11.0 ] },
								"down": { "texture": "#fringegloves", "uv": [ 10.0, 10.5, 10.5, 11.0 ] }
							}
						},
						{
							"name": "L Fringe 5",
							"from": [ 2.65, -1.0, 2.14 ],
							"to": [ 3.05, -0.9, 2.15 ],
							"uv": [ 12.0, 11.5 ],
							"rotationOrigin": [ 2.6, -1.0, 2.09 ],
							"rotationX": 0.0,
							"rotationY": 0.0,
							"rotationZ": 0.0,
							"faces": {
								"north": { "texture": "#fringegloves", "uv": [ 12.0, 12.0, 12.5, 12.5 ] },
								"east": { "texture": "#fringegloves", "uv": [ 12.5, 12.0, 13.0, 12.5 ] },
								"south": { "texture": "#fringegloves", "uv": [ 13.0, 12.0, 13.5, 12.5 ] },
								"west": { "texture": "#fringegloves", "uv": [ 13.5, 12.0, 14.0, 12.5 ] },
								"up": { "texture": "#fringegloves", "uv": [ 12.0, 11.5, 12.5, 12.0 ] },
								"down": { "texture": "#fringegloves", "uv": [ 12.5, 11.5, 13.0, 12.0 ] }
							}
						},
						{
							"name": "L Fringe 6",
							"from": [ 2.65, -1.2, 2.14 ],
							"to": [ 3.05, -1.1, 2.15 ],
							"uv": [ 10.5, 12.5 ],
							"rotationOrigin": [ 2.6, -1.2, 2.09 ],
							"rotationX": 0.0,
							"rotationY": 0.0,
							"rotationZ": 0.0,
							"faces": {
								"north": { "texture": "#fringegloves", "uv": [ 10.5, 13.0, 11.0, 13.5 ] },
								"east": { "texture": "#fringegloves", "uv": [ 11.0, 13.0, 11.5, 13.5 ] },
								"south": { "texture": "#fringegloves", "uv": [ 11.5, 13.0, 12.0, 13.5 ] },
								"west": { "texture": "#fringegloves", "uv": [ 12.0, 13.0, 12.5, 13.5 ] },
								"up": { "texture": "#fringegloves", "uv": [ 10.5, 12.5, 11.0, 13.0 ] },
								"down": { "texture": "#fringegloves", "uv": [ 11.0, 12.5, 11.5, 13.0 ] }
							}
						},
						{
							"name": "L Fringe 7",
							"from": [ 2.65, -1.4, 2.14 ],
							"to": [ 3.0, -1.3, 2.15 ],
							"uv": [ 13.5, 13.0 ],
							"rotationOrigin": [ 2.6, -1.4, 2.09 ],
							"rotationX": 0.0,
							"rotationY": 0.0,
							"rotationZ": 0.0,
							"faces": {
								"north": { "texture": "#fringegloves", "uv": [ 13.5, 13.5, 14.0, 14.0 ] },
								"east": { "texture": "#fringegloves", "uv": [ 14.0, 13.5, 14.5, 14.0 ] },
								"south": { "texture": "#fringegloves", "uv": [ 14.5, 13.5, 15.0, 14.0 ] },
								"west": { "texture": "#fringegloves", "uv": [ 15.0, 13.5, 15.5, 14.0 ] },
								"up": { "texture": "#fringegloves", "uv": [ 13.5, 13.0, 14.0, 13.5 ] },
								"down": { "texture": "#fringegloves", "uv": [ 14.0, 13.0, 14.5, 13.5 ] }
							}
						},
						{
							"name": "L Fringe 8",
							"from": [ 2.65, -1.6, 2.14 ],
							"to": [ 3.0, -1.5, 2.15 ],
							"uv": [ 11.5, 14.0 ],
							"rotationOrigin": [ 2.6, -1.6, 2.09 ],
							"rotationX": 0.0,
							"rotationY": 0.0,
							"rotationZ": 0.0,
							"faces": {
								"north": { "texture": "#fringegloves", "uv": [ 11.5, 14.5, 12.0, 15.0 ] },
								"east": { "texture": "#fringegloves", "uv": [ 12.0, 14.5, 12.5, 15.0 ] },
								"south": { "texture": "#fringegloves", "uv": [ 12.5, 14.5, 13.0, 15.0 ] },
								"west": { "texture": "#fringegloves", "uv": [ 13.0, 14.5, 13.5, 15.0 ] },
								"up": { "texture": "#fringegloves", "uv": [ 11.5, 14.0, 12.0, 14.5 ] },
								"down": { "texture": "#fringegloves", "uv": [ 12.0, 14.0, 12.5, 14.5 ] }
							}
						},
						{
							"name": "L Fringe 1",
							"from": [ 2.65, -0.2, 2.14 ],
							"to": [ 3.1, -0.1, 2.15 ],
							"uv": [ 5.5, 11.5 ],
							"rotationOrigin": [ 2.6, -0.2, 2.1 ],
							"rotationX": 0.0,
							"rotationY": 0.0,
							"rotationZ": 0.0,
							"faces": {
								"north": { "texture": "#fringegloves", "uv": [ 5.5, 12.0, 6.0, 12.5 ] },
								"east": { "texture": "#fringegloves", "uv": [ 6.0, 12.0, 6.5, 12.5 ] },
								"south": { "texture": "#fringegloves", "uv": [ 6.5, 12.0, 7.0, 12.5 ] },
								"west": { "texture": "#fringegloves", "uv": [ 7.0, 12.0, 7.5, 12.5 ] },
								"up": { "texture": "#fringegloves", "uv": [ 5.5, 11.5, 6.0, 12.0 ] },
								"down": { "texture": "#fringegloves", "uv": [ 6.0, 11.5, 6.5, 12.0 ] }
							}
						}
					]
				}
			]
		}
	]}