{
	"editor": {
		"backDropShape": "F:/Games/Vintagestory/assets/game/shapes/entity/humanoid/seraph-faceless",
		"collapsedPaths": "Root/LowerArmLorigin/LArm Fringe 1,Root/UpperTorsoOrigin/Chest Seam/Fringe W1,Root/UpperTorsoOrigin/Chest Seam,Root/UpperTorsoOrigin/Fringe Ridge,Root/LowerArmROrigin/RArm Lower Fringe 1,Root/LowerTorsoOrigin,Root/UpperArmLorigin/LArm Upper Fringe 1,Root/LowerArmROrigin,Root/UpperTorsoOrigin,Root/LowerArmLorigin/LArm Lower Fringe 1,Root/UpperTorsoOrigin/Lace 1,Root/bandN/toothR1,Root/UpperArmROrigin/RArm Upper Fringe 1,Root/bandN/toothL1,Root/UpperTorsoOrigin/Fringe Ridge/Fringe W1,Root/LowerArmLorigin",
		"allAngles": false,
		"entityTextureMode": true
	},
	"textureWidth": 28,
	"textureHeight": 56,
	"textureSizes": {
		"coat": [28,56],
		"warm-robe": [28,56],
		"commoner-coat": [28,44],
		"hunter-coat": [28,44],
		"fur-coat": [28,72],
		"mountaineercoat": [28,56]
	},
	"textures": {
		"mountaineercoat": "F:/Games/Vintagestory/Mods/AmericanFrontiersmanWesternWear_1.7.2/assets/americanfrontiersman/textures/item/mountaineercoat"
	},
	"elements": [
		{
			"name": "UpperTorsoOrigin",
			"stepParentName": "UpperTorso",
			"from": [ -0.03, -0.03, -0.03 ],
			"to": [ 5.03, 5.03, 6.23 ],
			"unwrapMode": 4,
			"autoUnwrap": false,
			"uv": [ 10.0, 0.0 ],
			"rotationOrigin": [ 2.0, 2.0, 3.25 ],
			"faces": {
				"north": { "texture": "#mountaineercoat", "uv": [ 1.0, 5.5, 6.0, 10.5 ], "windMode": [-1,-1,-1,-1], "windData": [1,1,1,1] },
				"east": { "texture": "#mountaineercoat", "uv": [ 17.0, 5.5, 23.0, 10.5 ], "windMode": [-1,-1,-1,-1] },
				"south": { "texture": "#mountaineercoat", "uv": [ 12.0, 5.5, 17.0, 10.5 ] },
				"west": { "texture": "#mountaineercoat", "uv": [ 6.0, 5.5, 12.0, 10.5 ] },
				"up": { "texture": "#mountaineercoat", "uv": [ 6.0, 0.5, 12.0, 5.5 ], "rotation": 90 },
				"down": { "texture": "#mountaineercoat", "uv": [ 19.0, 31.5, 25.0, 36.5 ], "rotation": 90, "windMode": [-1,-1,-1,-1] }
			},
			"children": [
				{
					"name": "Blackout",
					"from": [ 0.1, 0.8, 0.6 ],
					"to": [ 4.9, 4.8, 5.6 ],
					"autoUnwrap": false,
					"uv": [ 23.0, 9.0 ],
					"rotationOrigin": [ 0.1, 0.8, 0.6 ],
					"faces": {
						"north": { "texture": "#mountaineercoat", "uv": [ 0.0, 0.0, 4.5, 4.0 ] },
						"east": { "texture": "#mountaineercoat", "uv": [ 0.5, 0.0, 4.5, 5.0 ], "rotation": 90, "windMode": [-1,-1,-1,-1], "windData": [1,1,1,1] },
						"south": { "texture": "#mountaineercoat", "uv": [ 0.0, 0.5, 4.5, 4.5 ], "windMode": [-1,-1,-1,-1], "windData": [1,1,1,1] },
						"west": { "texture": "#mountaineercoat", "uv": [ 0.5, 0.0, 4.5, 5.0 ], "rotation": 90, "windMode": [-1,-1,-1,-1], "windData": [1,1,1,1] },
						"up": { "texture": "#mountaineercoat", "uv": [ 0.0, 0.0, 4.5, 5.0 ] },
						"down": { "texture": "#mountaineercoat", "uv": [ 0.5, 0.0, 5.0, 5.0 ] }
					}
				},
				{
					"name": "Lace 1",
					"from": [ 0.0, 4.3, 2.0 ],
					"to": [ 0.01, 4.5, 4.3 ],
					"uv": [ 13.5, 0.5 ],
					"rotationOrigin": [ 0.1, 4.3, 2.0 ],
					"rotationX": 10.0,
					"faces": {
						"north": { "texture": "#mountaineercoat", "uv": [ 13.5, 2.5, 14.0, 3.0 ] },
						"east": { "texture": "#mountaineercoat", "uv": [ 14.0, 2.5, 16.0, 3.0 ] },
						"south": { "texture": "#mountaineercoat", "uv": [ 16.0, 2.5, 16.5, 3.0 ] },
						"west": { "texture": "#mountaineercoat", "uv": [ 16.5, 2.5, 18.5, 3.0 ] },
						"up": { "texture": "#mountaineercoat", "uv": [ 13.5, 0.5, 14.0, 2.5 ] },
						"down": { "texture": "#mountaineercoat", "uv": [ 14.0, 0.5, 14.5, 2.5 ] }
					},
					"children": [
						{
							"name": "Lace 2",
							"from": [ 0.0, -0.3939, 0.0695 ],
							"to": [ 0.01, -0.1939, 2.3695 ],
							"uv": [ 13.5, 1.0 ],
							"rotationOrigin": [ 0.09, -0.3939, 0.0695 ],
							"rotationX": -20.0,
							"faces": {
								"north": { "texture": "#mountaineercoat", "uv": [ 13.5, 3.0, 14.0, 3.5 ] },
								"east": { "texture": "#mountaineercoat", "uv": [ 14.0, 3.0, 16.0, 3.5 ] },
								"south": { "texture": "#mountaineercoat", "uv": [ 16.0, 3.0, 16.5, 3.5 ] },
								"west": { "texture": "#mountaineercoat", "uv": [ 16.5, 3.0, 18.5, 3.5 ] },
								"up": { "texture": "#mountaineercoat", "uv": [ 13.5, 1.0, 14.0, 3.0 ] },
								"down": { "texture": "#mountaineercoat", "uv": [ 14.0, 1.0, 14.5, 3.0 ] }
							}
						},
						{
							"name": "Lace 3",
							"from": [ 0.0, -0.3939, 0.0695 ],
							"to": [ 0.01, -0.1939, 2.3695 ],
							"uv": [ 13.5, 1.5 ],
							"rotationOrigin": [ 0.09, -0.3939, 0.0695 ],
							"faces": {
								"north": { "texture": "#mountaineercoat", "uv": [ 13.5, 3.5, 14.0, 4.0 ] },
								"east": { "texture": "#mountaineercoat", "uv": [ 14.0, 3.5, 16.0, 4.0 ] },
								"south": { "texture": "#mountaineercoat", "uv": [ 16.0, 3.5, 16.5, 4.0 ] },
								"west": { "texture": "#mountaineercoat", "uv": [ 16.5, 3.5, 18.5, 4.0 ] },
								"up": { "texture": "#mountaineercoat", "uv": [ 13.5, 1.5, 14.0, 3.5 ] },
								"down": { "texture": "#mountaineercoat", "uv": [ 14.0, 1.5, 14.5, 3.5 ] }
							}
						},
						{
							"name": "Lace 4",
							"from": [ 0.0, -0.7878, 0.1389 ],
							"to": [ 0.01, -0.5878, 2.4389 ],
							"uv": [ 13.5, 2.0 ],
							"rotationOrigin": [ 0.09, -0.7878, 0.1389 ],
							"rotationX": -20.0,
							"faces": {
								"north": { "texture": "#mountaineercoat", "uv": [ 13.5, 4.0, 14.0, 4.5 ] },
								"east": { "texture": "#mountaineercoat", "uv": [ 14.0, 4.0, 16.0, 4.5 ] },
								"south": { "texture": "#mountaineercoat", "uv": [ 16.0, 4.0, 16.5, 4.5 ] },
								"west": { "texture": "#mountaineercoat", "uv": [ 16.5, 4.0, 18.5, 4.5 ] },
								"up": { "texture": "#mountaineercoat", "uv": [ 13.5, 2.0, 14.0, 4.0 ] },
								"down": { "texture": "#mountaineercoat", "uv": [ 14.0, 2.0, 14.5, 4.0 ] }
							}
						},
						{
							"name": "Lace 5",
							"from": [ 0.0, -0.898, 0.6661 ],
							"to": [ 0.01, -0.698, 1.9661 ],
							"uv": [ 18.5, 3.0 ],
							"rotationOrigin": [ 0.09, -0.898, 0.6661 ],
							"rotationX": 5.0,
							"faces": {
								"north": { "texture": "#mountaineercoat", "uv": [ 18.5, 4.0, 19.0, 4.5 ] },
								"east": { "texture": "#mountaineercoat", "uv": [ 19.0, 4.0, 20.0, 4.5 ] },
								"south": { "texture": "#mountaineercoat", "uv": [ 20.0, 4.0, 20.5, 4.5 ] },
								"west": { "texture": "#mountaineercoat", "uv": [ 20.5, 4.0, 21.5, 4.5 ] },
								"up": { "texture": "#mountaineercoat", "uv": [ 18.5, 3.0, 19.0, 4.0 ] },
								"down": { "texture": "#mountaineercoat", "uv": [ 19.0, 3.0, 19.5, 4.0 ] }
							}
						},
						{
							"name": "Lace 6",
							"from": [ 0.0, -1.2419, 0.7355 ],
							"to": [ 0.01, -1.0419, 2.0355 ],
							"uv": [ 18.5, 2.5 ],
							"rotationOrigin": [ 0.09, -1.2919, 0.7355 ],
							"rotationX": -25.0,
							"faces": {
								"north": { "texture": "#mountaineercoat", "uv": [ 18.5, 3.5, 19.0, 4.0 ] },
								"east": { "texture": "#mountaineercoat", "uv": [ 19.0, 3.5, 20.0, 4.0 ] },
								"south": { "texture": "#mountaineercoat", "uv": [ 20.0, 3.5, 20.5, 4.0 ] },
								"west": { "texture": "#mountaineercoat", "uv": [ 20.5, 3.5, 21.5, 4.0 ] },
								"up": { "texture": "#mountaineercoat", "uv": [ 18.5, 2.5, 19.0, 3.5 ] },
								"down": { "texture": "#mountaineercoat", "uv": [ 19.0, 2.5, 19.5, 3.5 ] }
							}
						},
						{
							"name": "Lace 7",
							"from": [ 0.0, -1.2919, 0.7355 ],
							"to": [ 0.01, -1.0919, 2.0355 ],
							"uv": [ 18.5, 2.0 ],
							"rotationOrigin": [ 0.09, -1.2919, 0.7355 ],
							"rotationX": 5.0,
							"faces": {
								"north": { "texture": "#mountaineercoat", "uv": [ 18.5, 3.0, 19.0, 3.5 ] },
								"east": { "texture": "#mountaineercoat", "uv": [ 19.0, 3.0, 20.0, 3.5 ] },
								"south": { "texture": "#mountaineercoat", "uv": [ 20.0, 3.0, 20.5, 3.5 ] },
								"west": { "texture": "#mountaineercoat", "uv": [ 20.5, 3.0, 21.5, 3.5 ] },
								"up": { "texture": "#mountaineercoat", "uv": [ 18.5, 2.0, 19.0, 3.0 ] },
								"down": { "texture": "#mountaineercoat", "uv": [ 19.0, 2.0, 19.5, 3.0 ] }
							}
						},
						{
							"name": "Lace 8",
							"from": [ 0.0, -1.6358, 0.805 ],
							"to": [ 0.01, -1.4358, 2.105 ],
							"uv": [ 17.5, 1.0 ],
							"rotationOrigin": [ 0.09, -1.6858, 0.805 ],
							"rotationX": -25.0,
							"faces": {
								"north": { "texture": "#mountaineercoat", "uv": [ 17.5, 2.0, 18.0, 2.5 ] },
								"east": { "texture": "#mountaineercoat", "uv": [ 18.0, 2.0, 19.0, 2.5 ] },
								"south": { "texture": "#mountaineercoat", "uv": [ 19.0, 2.0, 19.5, 2.5 ] },
								"west": { "texture": "#mountaineercoat", "uv": [ 19.5, 2.0, 20.5, 2.5 ] },
								"up": { "texture": "#mountaineercoat", "uv": [ 17.5, 1.0, 18.0, 2.0 ] },
								"down": { "texture": "#mountaineercoat", "uv": [ 18.0, 1.0, 18.5, 2.0 ] }
							}
						}
					]
				},
				{
					"name": "Drawstring R",
					"from": [ -0.01, 2.2, 1.7 ],
					"to": [ 0.0, 4.4, 1.9 ],
					"uv": [ 14.5, 0.5 ],
					"rotationOrigin": [ -0.1, 2.2, 1.7 ],
					"faces": {
						"north": { "texture": "#mountaineercoat", "uv": [ 14.5, 1.0, 15.0, 3.0 ] },
						"east": { "texture": "#mountaineercoat", "uv": [ 15.0, 1.0, 15.5, 3.0 ] },
						"south": { "texture": "#mountaineercoat", "uv": [ 15.5, 1.0, 16.0, 3.0 ] },
						"west": { "texture": "#mountaineercoat", "uv": [ 16.0, 1.0, 16.5, 3.0 ] },
						"up": { "texture": "#mountaineercoat", "uv": [ 14.5, 0.5, 15.0, 1.0 ] },
						"down": { "texture": "#mountaineercoat", "uv": [ 15.0, 0.5, 15.5, 1.0 ] }
					}
				},
				{
					"name": "Drawstring L",
					"from": [ -0.01, 2.2, 4.35 ],
					"to": [ 0.0, 4.4, 4.55 ],
					"uv": [ 15.5, 0.5 ],
					"rotationOrigin": [ -0.1, 2.2, 4.3 ],
					"faces": {
						"north": { "texture": "#mountaineercoat", "uv": [ 15.5, 1.0, 16.0, 3.0 ] },
						"east": { "texture": "#mountaineercoat", "uv": [ 16.0, 1.0, 16.5, 3.0 ] },
						"south": { "texture": "#mountaineercoat", "uv": [ 16.5, 1.0, 17.0, 3.0 ] },
						"west": { "texture": "#mountaineercoat", "uv": [ 17.0, 1.0, 17.5, 3.0 ] },
						"up": { "texture": "#mountaineercoat", "uv": [ 15.5, 0.5, 16.0, 1.0 ] },
						"down": { "texture": "#mountaineercoat", "uv": [ 16.0, 0.5, 16.5, 1.0 ] }
					}
				},
				{
					"name": "Chest Seam",
					"from": [ -0.02, 1.5, 0.0 ],
					"to": [ 0.0, 1.8, 6.26 ],
					"autoUnwrap": false,
					"uv": [ 14.0, -2.0 ],
					"rotationOrigin": [ 0.0, 1.5, 0.0 ],
					"rotationZ": -4.0,
					"faces": {
						"north": { "texture": "#mountaineercoat", "uv": [ 14.0, 4.0, 14.5, 4.5 ] },
						"east": { "texture": "#mountaineercoat", "uv": [ 14.5, 4.0, 20.5, 4.5 ] },
						"south": { "texture": "#mountaineercoat", "uv": [ 20.5, 4.0, 21.0, 4.5 ] },
						"west": { "texture": "#mountaineercoat", "uv": [ 21.0, 4.0, 27.0, 4.5 ] },
						"up": { "texture": "#mountaineercoat", "uv": [ 21.0, 0.5, 27.0, 1.0 ], "rotation": 90 },
						"down": { "texture": "#mountaineercoat", "uv": [ 21.0, 1.0, 27.0, 1.5 ], "rotation": 90 }
					},
					"children": [
						{
							"name": "Fringe W1",
							"from": [ 0.0838, -1.1985, 0.2 ],
							"to": [ 0.0838, 0.0015, 0.4 ],
							"uv": [ 21.5, 2.0 ],
							"rotationOrigin": [ 0.0838, -1.1985, 0.2 ],
							"rotationZ": 4.0,
							"faces": {
								"north": { "texture": "#mountaineercoat", "uv": [ 21.5, 2.5, 22.0, 3.5 ] },
								"east": { "texture": "#mountaineercoat", "uv": [ 22.0, 2.5, 22.5, 3.5 ] },
								"south": { "texture": "#mountaineercoat", "uv": [ 22.5, 2.5, 23.0, 3.5 ] },
								"west": { "texture": "#mountaineercoat", "uv": [ 23.0, 2.5, 23.5, 3.5 ] },
								"up": { "texture": "#mountaineercoat", "uv": [ 21.5, 2.0, 22.0, 2.5 ] },
								"down": { "texture": "#mountaineercoat", "uv": [ 22.0, 2.0, 22.5, 2.5 ] }
							},
							"children": [
								{
									"name": "Fringe W2",
									"from": [ 0.0, 0.0, 0.4 ],
									"to": [ 0.0, 1.2, 0.6 ],
									"uv": [ 19.5, 1.5 ],
									"rotationOrigin": [ 0.0, 0.0, 0.4 ],
									"faces": {
										"north": { "texture": "#mountaineercoat", "uv": [ 19.5, 2.0, 20.0, 3.0 ] },
										"east": { "texture": "#mountaineercoat", "uv": [ 20.0, 2.0, 20.5, 3.0 ] },
										"south": { "texture": "#mountaineercoat", "uv": [ 20.5, 2.0, 21.0, 3.0 ] },
										"west": { "texture": "#mountaineercoat", "uv": [ 21.0, 2.0, 21.5, 3.0 ] },
										"up": { "texture": "#mountaineercoat", "uv": [ 19.5, 1.5, 20.0, 2.0 ] },
										"down": { "texture": "#mountaineercoat", "uv": [ 20.0, 1.5, 20.5, 2.0 ] }
									}
								},
								{
									"name": "Fringe W3",
									"from": [ 0.0, 0.0, 0.8 ],
									"to": [ 0.0, 1.2, 1.0 ],
									"uv": [ 16.5, 0.5 ],
									"rotationOrigin": [ 0.0, 0.0, 0.8 ],
									"faces": {
										"north": { "texture": "#mountaineercoat", "uv": [ 16.5, 1.0, 17.0, 2.0 ] },
										"east": { "texture": "#mountaineercoat", "uv": [ 17.0, 1.0, 17.5, 2.0 ] },
										"south": { "texture": "#mountaineercoat", "uv": [ 17.5, 1.0, 18.0, 2.0 ] },
										"west": { "texture": "#mountaineercoat", "uv": [ 18.0, 1.0, 18.5, 2.0 ] },
										"up": { "texture": "#mountaineercoat", "uv": [ 16.5, 0.5, 17.0, 1.0 ] },
										"down": { "texture": "#mountaineercoat", "uv": [ 17.0, 0.5, 17.5, 1.0 ] }
									}
								},
								{
									"name": "Fringe W4",
									"from": [ 0.0, 0.0, 1.2 ],
									"to": [ 0.0, 1.2, 1.4 ],
									"uv": [ 17.5, 0.5 ],
									"rotationOrigin": [ 0.0, 0.0, 1.2 ],
									"faces": {
										"north": { "texture": "#mountaineercoat", "uv": [ 17.5, 1.0, 18.0, 2.0 ] },
										"east": { "texture": "#mountaineercoat", "uv": [ 18.0, 1.0, 18.5, 2.0 ] },
										"south": { "texture": "#mountaineercoat", "uv": [ 18.5, 1.0, 19.0, 2.0 ] },
										"west": { "texture": "#mountaineercoat", "uv": [ 19.0, 1.0, 19.5, 2.0 ] },
										"up": { "texture": "#mountaineercoat", "uv": [ 17.5, 0.5, 18.0, 1.0 ] },
										"down": { "texture": "#mountaineercoat", "uv": [ 18.0, 0.5, 18.5, 1.0 ] }
									}
								},
								{
									"name": "Fringe W5",
									"from": [ 0.0, 0.0, 1.6 ],
									"to": [ 0.0, 1.2, 1.8 ],
									"uv": [ 18.5, 0.5 ],
									"rotationOrigin": [ 0.0, 0.0, 1.6 ],
									"faces": {
										"north": { "texture": "#mountaineercoat", "uv": [ 18.5, 1.0, 19.0, 2.0 ] },
										"east": { "texture": "#mountaineercoat", "uv": [ 19.0, 1.0, 19.5, 2.0 ] },
										"south": { "texture": "#mountaineercoat", "uv": [ 19.5, 1.0, 20.0, 2.0 ] },
										"west": { "texture": "#mountaineercoat", "uv": [ 20.0, 1.0, 20.5, 2.0 ] },
										"up": { "texture": "#mountaineercoat", "uv": [ 18.5, 0.5, 19.0, 1.0 ] },
										"down": { "texture": "#mountaineercoat", "uv": [ 19.0, 0.5, 19.5, 1.0 ] }
									}
								},
								{
									"name": "Fringe W6",
									"from": [ 0.0, 0.0, 2.0 ],
									"to": [ 0.0, 1.2, 2.2 ],
									"uv": [ 19.5, 0.5 ],
									"rotationOrigin": [ 0.0, 0.0, 2.0 ],
									"faces": {
										"north": { "texture": "#mountaineercoat", "uv": [ 19.5, 1.0, 20.0, 2.0 ] },
										"east": { "texture": "#mountaineercoat", "uv": [ 20.0, 1.0, 20.5, 2.0 ] },
										"south": { "texture": "#mountaineercoat", "uv": [ 20.5, 1.0, 21.0, 2.0 ] },
										"west": { "texture": "#mountaineercoat", "uv": [ 21.0, 1.0, 21.5, 2.0 ] },
										"up": { "texture": "#mountaineercoat", "uv": [ 19.5, 0.5, 20.0, 1.0 ] },
										"down": { "texture": "#mountaineercoat", "uv": [ 20.0, 0.5, 20.5, 1.0 ] }
									}
								},
								{
									"name": "Fringe W7",
									"from": [ 0.0, 0.0, 2.4 ],
									"to": [ 0.0, 1.2, 2.6 ],
									"uv": [ 20.5, 0.5 ],
									"rotationOrigin": [ 0.0, 0.0, 2.4 ],
									"faces": {
										"north": { "texture": "#mountaineercoat", "uv": [ 20.5, 1.0, 21.0, 2.0 ] },
										"east": { "texture": "#mountaineercoat", "uv": [ 21.0, 1.0, 21.5, 2.0 ] },
										"south": { "texture": "#mountaineercoat", "uv": [ 21.5, 1.0, 22.0, 2.0 ] },
										"west": { "texture": "#mountaineercoat", "uv": [ 22.0, 1.0, 22.5, 2.0 ] },
										"up": { "texture": "#mountaineercoat", "uv": [ 20.5, 0.5, 21.0, 1.0 ] },
										"down": { "texture": "#mountaineercoat", "uv": [ 21.0, 0.5, 21.5, 1.0 ] }
									}
								},
								{
									"name": "Fringe W8",
									"from": [ 0.0, 0.0, 2.8 ],
									"to": [ 0.0, 1.2, 3.0 ],
									"uv": [ 22.0, 0.5 ],
									"rotationOrigin": [ 0.0, 0.0, 2.8 ],
									"faces": {
										"north": { "texture": "#mountaineercoat", "uv": [ 22.0, 1.0, 22.5, 2.0 ] },
										"east": { "texture": "#mountaineercoat", "uv": [ 22.5, 1.0, 23.0, 2.0 ] },
										"south": { "texture": "#mountaineercoat", "uv": [ 23.0, 1.0, 23.5, 2.0 ] },
										"west": { "texture": "#mountaineercoat", "uv": [ 23.5, 1.0, 24.0, 2.0 ] },
										"up": { "texture": "#mountaineercoat", "uv": [ 22.0, 0.5, 22.5, 1.0 ] },
										"down": { "texture": "#mountaineercoat", "uv": [ 22.5, 0.5, 23.0, 1.0 ] }
									}
								},
								{
									"name": "Fringe W9",
									"from": [ 0.0, 0.0, 3.2 ],
									"to": [ 0.0, 1.2, 3.4 ],
									"uv": [ 22.0, 1.5 ],
									"rotationOrigin": [ 0.0, 0.0, 3.2 ],
									"faces": {
										"north": { "texture": "#mountaineercoat", "uv": [ 22.0, 2.0, 22.5, 3.0 ] },
										"east": { "texture": "#mountaineercoat", "uv": [ 22.5, 2.0, 23.0, 3.0 ] },
										"south": { "texture": "#mountaineercoat", "uv": [ 23.0, 2.0, 23.5, 3.0 ] },
										"west": { "texture": "#mountaineercoat", "uv": [ 23.5, 2.0, 24.0, 3.0 ] },
										"up": { "texture": "#mountaineercoat", "uv": [ 22.0, 1.5, 22.5, 2.0 ] },
										"down": { "texture": "#mountaineercoat", "uv": [ 22.5, 1.5, 23.0, 2.0 ] }
									}
								},
								{
									"name": "Fringe W10",
									"from": [ 0.0, 0.0, 3.6 ],
									"to": [ 0.0, 1.2, 3.8 ],
									"uv": [ 22.5, 2.5 ],
									"rotationOrigin": [ 0.0, 0.0, 3.6 ],
									"faces": {
										"north": { "texture": "#mountaineercoat", "uv": [ 22.5, 3.0, 23.0, 4.0 ] },
										"east": { "texture": "#mountaineercoat", "uv": [ 23.0, 3.0, 23.5, 4.0 ] },
										"south": { "texture": "#mountaineercoat", "uv": [ 23.5, 3.0, 24.0, 4.0 ] },
										"west": { "texture": "#mountaineercoat", "uv": [ 24.0, 3.0, 24.5, 4.0 ] },
										"up": { "texture": "#mountaineercoat", "uv": [ 22.5, 2.5, 23.0, 3.0 ] },
										"down": { "texture": "#mountaineercoat", "uv": [ 23.0, 2.5, 23.5, 3.0 ] }
									}
								},
								{
									"name": "Fringe W11",
									"from": [ 0.0, 0.0, 4.0 ],
									"to": [ 0.0, 1.2, 4.2 ],
									"uv": [ 24.0, 2.5 ],
									"rotationOrigin": [ 0.0, 0.0, 4.0 ],
									"faces": {
										"north": { "texture": "#mountaineercoat", "uv": [ 24.0, 3.0, 24.5, 4.0 ] },
										"east": { "texture": "#mountaineercoat", "uv": [ 24.5, 3.0, 25.0, 4.0 ] },
										"south": { "texture": "#mountaineercoat", "uv": [ 25.0, 3.0, 25.5, 4.0 ] },
										"west": { "texture": "#mountaineercoat", "uv": [ 25.5, 3.0, 26.0, 4.0 ] },
										"up": { "texture": "#mountaineercoat", "uv": [ 24.0, 2.5, 24.5, 3.0 ] },
										"down": { "texture": "#mountaineercoat", "uv": [ 24.5, 2.5, 25.0, 3.0 ] }
									}
								},
								{
									"name": "Fringe W12",
									"from": [ 0.0, 0.0, 4.4 ],
									"to": [ 0.0, 1.2, 4.6 ],
									"uv": [ 23.5, 1.5 ],
									"rotationOrigin": [ 0.0, 0.0, 4.4 ],
									"faces": {
										"north": { "texture": "#mountaineercoat", "uv": [ 23.5, 2.0, 24.0, 3.0 ] },
										"east": { "texture": "#mountaineercoat", "uv": [ 24.0, 2.0, 24.5, 3.0 ] },
										"south": { "texture": "#mountaineercoat", "uv": [ 24.5, 2.0, 25.0, 3.0 ] },
										"west": { "texture": "#mountaineercoat", "uv": [ 25.0, 2.0, 25.5, 3.0 ] },
										"up": { "texture": "#mountaineercoat", "uv": [ 23.5, 1.5, 24.0, 2.0 ] },
										"down": { "texture": "#mountaineercoat", "uv": [ 24.0, 1.5, 24.5, 2.0 ] }
									}
								},
								{
									"name": "Fringe W13",
									"from": [ 0.0, 0.0, 4.8 ],
									"to": [ 0.0, 1.2, 5.0 ],
									"uv": [ 23.5, 0.5 ],
									"rotationOrigin": [ 0.0, 0.0, 4.8 ],
									"faces": {
										"north": { "texture": "#mountaineercoat", "uv": [ 23.5, 1.0, 24.0, 2.0 ] },
										"east": { "texture": "#mountaineercoat", "uv": [ 24.0, 1.0, 24.5, 2.0 ] },
										"south": { "texture": "#mountaineercoat", "uv": [ 24.5, 1.0, 25.0, 2.0 ] },
										"west": { "texture": "#mountaineercoat", "uv": [ 25.0, 1.0, 25.5, 2.0 ] },
										"up": { "texture": "#mountaineercoat", "uv": [ 23.5, 0.5, 24.0, 1.0 ] },
										"down": { "texture": "#mountaineercoat", "uv": [ 24.0, 0.5, 24.5, 1.0 ] }
									}
								},
								{
									"name": "Fringe W14",
									"from": [ 0.0, 0.0, 5.2 ],
									"to": [ 0.0, 1.2, 5.4 ],
									"uv": [ 25.0, 2.5 ],
									"rotationOrigin": [ 0.0, 0.0, 5.2 ],
									"faces": {
										"north": { "texture": "#mountaineercoat", "uv": [ 25.0, 3.0, 25.5, 4.0 ] },
										"east": { "texture": "#mountaineercoat", "uv": [ 25.5, 3.0, 26.0, 4.0 ] },
										"south": { "texture": "#mountaineercoat", "uv": [ 26.0, 3.0, 26.5, 4.0 ] },
										"west": { "texture": "#mountaineercoat", "uv": [ 26.5, 3.0, 27.0, 4.0 ] },
										"up": { "texture": "#mountaineercoat", "uv": [ 25.0, 2.5, 25.5, 3.0 ] },
										"down": { "texture": "#mountaineercoat", "uv": [ 25.5, 2.5, 26.0, 3.0 ] }
									}
								},
								{
									"name": "Fringe W15",
									"from": [ 0.0, 0.0, 5.6 ],
									"to": [ 0.0, 1.2, 5.8 ],
									"uv": [ 25.0, 1.5 ],
									"rotationOrigin": [ 0.0, 0.0, 5.6 ],
									"faces": {
										"north": { "texture": "#mountaineercoat", "uv": [ 25.0, 2.0, 25.5, 3.0 ] },
										"east": { "texture": "#mountaineercoat", "uv": [ 25.5, 2.0, 26.0, 3.0 ] },
										"south": { "texture": "#mountaineercoat", "uv": [ 26.0, 2.0, 26.5, 3.0 ] },
										"west": { "texture": "#mountaineercoat", "uv": [ 26.5, 2.0, 27.0, 3.0 ] },
										"up": { "texture": "#mountaineercoat", "uv": [ 25.0, 1.5, 25.5, 2.0 ] },
										"down": { "texture": "#mountaineercoat", "uv": [ 25.5, 1.5, 26.0, 2.0 ] }
									}
								}
							]
						}
					]
				}
			]
		},
		{
			"name": "LowerTorsoOrigin",
			"stepParentName": "LowerTorso",
			"from": [ -0.03, -0.03, -0.03 ],
			"to": [ 5.03, 5.03, 6.03 ],
			"unwrapMode": 4,
			"autoUnwrap": false,
			"uv": [ 9.0, 10.0 ],
			"rotationOrigin": [ 3.0, 3.0, 3.0 ],
			"faces": {
				"north": { "texture": "#mountaineercoat", "uv": [ 1.0, 10.5, 6.0, 15.5556 ] },
				"east": { "texture": "#mountaineercoat", "uv": [ 17.0, 10.5, 23.0, 15.5556 ] },
				"south": { "texture": "#mountaineercoat", "uv": [ 12.0, 10.5, 17.0, 15.5556 ] },
				"west": { "texture": "#mountaineercoat", "uv": [ 6.0, 10.5, 12.0, 15.5556 ] },
				"up": { "texture": "#mountaineercoat", "uv": [ 19.0, 31.5, 25.0, 36.56 ], "rotation": 270, "autoUv": false, "windMode": [-1,-1,-1,-1], "windData": [1,1,1,1] },
				"down": { "texture": "#mountaineercoat", "uv": [ 0.0, 31.5, 6.0, 36.5 ], "rotation": 90, "windMode": [-1,-1,-1,-1] }
			},
			"children": [
				{
					"name": "coatFrontTile",
					"from": [ 0.0, -6.03, 0.0 ],
					"to": [ 1.06, 0.03, 6.06 ],
					"autoUnwrap": false,
					"uv": [ 4.5, 38.85 ],
					"rotationOrigin": [ 0.0, 0.0, 3.0 ],
					"rotationZ": -3.5,
					"faces": {
						"north": { "texture": "#mountaineercoat", "uv": [ 5.0, 15.5556, 6.0, 21.3889 ], "windMode": [-1,-1,-1,-1] },
						"south": { "texture": "#mountaineercoat", "uv": [ 12.0, 15.5556, 13.0, 21.3889 ], "windMode": [-1,-1,-1,-1] },
						"west": { "texture": "#mountaineercoat", "uv": [ 6.0, 15.5556, 12.0, 21.3889 ], "windMode": [-1,-1,-1,-1] }
					}
				},
				{
					"name": "coatBackTile",
					"from": [ 4.0, -6.0, 0.0 ],
					"to": [ 5.06, 0.0, 6.06 ],
					"unwrapMode": 2,
					"autoUnwrap": false,
					"uv": [ 24.0, 14.0 ],
					"rotationOrigin": [ 5.06, 0.0, 3.0 ],
					"rotationZ": -5.0,
					"faces": {
						"north": { "texture": "#mountaineercoat", "uv": [ 1.0, 15.5556, 2.0, 21.3889 ], "windMode": [-1,-1,-1,-1] },
						"east": { "texture": "#mountaineercoat", "uv": [ 17.0, 15.5556, 23.0, 21.3889 ], "windMode": [-1,-1,-1,-1] },
						"south": { "texture": "#mountaineercoat", "uv": [ 16.0, 15.5556, 17.0, 21.3889 ], "windMode": [-1,-1,-1,-1] }
					}
				}
			]
		},
		{
			"name": "UpperFootLorigin",
			"stepParentName": "UpperFootL",
			"from": [ -0.03, -0.03, -0.03 ],
			"to": [ 4.23, 9.03, 3.23 ],
			"unwrapMode": 3,
			"autoUnwrap": false,
			"uv": [ 15.0, 19.62 ],
			"rotationOrigin": [ 2.0, 9.0, 3.2 ],
			"faces": {
				"east": { "texture": "#mountaineercoat", "uv": [ 20.0, 22.0, 23.0, 31.0 ], "windMode": [-1,-1,-1,-1] },
				"south": { "texture": "#mountaineercoat", "uv": [ 16.0, 22.0, 20.0, 31.0 ], "windMode": [-1,-1,-1,-1] },
				"west": { "texture": "#mountaineercoat", "uv": [ 13.0, 22.0, 16.0, 31.0 ] },
				"up": { "texture": "#mountaineercoat", "uv": [ 12.5, 11.5, 16.5, 14.5 ], "windMode": [-1,-1,-1,-1], "windData": [1,1,1,1] }
			}
		},
		{
			"name": "UpperFootRorigin",
			"stepParentName": "UpperFootR",
			"from": [ -0.03, -0.03, -0.03 ],
			"to": [ 4.23, 9.03, 3.23 ],
			"unwrapMode": 1,
			"autoUnwrap": false,
			"uv": [ 1.0, 19.62 ],
			"rotationOrigin": [ 2.0, 9.0, 0.0 ],
			"faces": {
				"north": { "texture": "#mountaineercoat", "uv": [ 4.0, 22.0, 8.0, 31.0 ], "windMode": [-1,-1,-1,-1], "windData": [0,1,1,0] },
				"east": { "texture": "#mountaineercoat", "uv": [ 1.0, 22.0, 4.0, 31.0 ], "windMode": [-1,-1,-1,-1] },
				"west": { "texture": "#mountaineercoat", "uv": [ 8.0, 22.0, 11.0, 31.0 ], "windMode": [-1,-1,-1,-1] },
				"up": { "texture": "#mountaineercoat", "uv": [ 1.5, 11.5, 5.5, 14.5 ], "rotation": 180, "windMode": [-1,-1,-1,-1], "windData": [1,1,1,1] }
			}
		},
		{
			"name": "UpperArmROrigin",
			"stepParentName": "UpperArmR",
			"from": [ -0.03, -0.03, -0.03 ],
			"to": [ 3.03, 7.03, 2.03 ],
			"unwrapMode": 1,
			"autoUnwrap": false,
			"uv": [ 8.0, 21.0 ],
			"rotationOrigin": [ 1.5, 7.0, 1.0 ],
			"faces": {
				"north": { "texture": "#mountaineercoat", "uv": [ 4.0, 37.0, 7.0, 44.0 ] },
				"east": { "texture": "#mountaineercoat", "uv": [ 2.0, 37.0, 4.0, 44.0 ] },
				"south": { "texture": "#mountaineercoat", "uv": [ 9.0, 37.0, 12.0, 44.0 ] },
				"west": { "texture": "#mountaineercoat", "uv": [ 7.0, 37.0, 9.0, 44.0 ] },
				"up": { "texture": "#mountaineercoat", "uv": [ 7.0, 34.0, 9.0, 37.0 ], "rotation": 90, "windMode": [-1,-1,-1,-1] },
				"down": { "texture": "#mountaineercoat", "uv": [ 10.0, 33.5, 12.0, 36.5 ], "rotation": 90, "windMode": [-1,-1,-1,-1] }
			}
		},
		{
			"name": "UpperArmLorigin",
			"stepParentName": "UpperArmL",
			"from": [ -0.03, -0.03, -0.03 ],
			"to": [ 3.03, 7.03, 2.03 ],
			"unwrapMode": 3,
			"autoUnwrap": false,
			"uv": [ 0.0, 13.0 ],
			"rotationOrigin": [ 1.5, 6.9, 1.0 ],
			"faces": {
				"north": { "texture": "#mountaineercoat", "uv": [ 13.0, 37.0, 16.0, 44.0 ] },
				"east": { "texture": "#mountaineercoat", "uv": [ 21.0, 37.0, 23.0, 44.0 ], "windMode": [-1,-1,-1,-1] },
				"south": { "texture": "#mountaineercoat", "uv": [ 18.0, 37.0, 21.0, 44.0 ], "windMode": [-1,-1,-1,-1] },
				"west": { "texture": "#mountaineercoat", "uv": [ 16.0, 37.0, 18.0, 44.0 ] },
				"up": { "texture": "#mountaineercoat", "uv": [ 16.0, 34.0, 18.0, 37.0 ], "rotation": 90, "windMode": [-1,-1,-1,-1] },
				"down": { "texture": "#mountaineercoat", "uv": [ 13.0, 33.5, 15.0, 36.5 ], "rotation": 90, "windMode": [-1,-1,-1,-1] }
			}
		},
		{
			"name": "LowerArmROrigin",
			"stepParentName": "LowerArmR",
			"from": [ -0.03, -0.03, -0.03 ],
			"to": [ 2.53, 8.03, 2.03 ],
			"unwrapMode": 1,
			"autoUnwrap": false,
			"uv": [ 0.0, 0.0 ],
			"rotationOrigin": [ 1.3, 7.8, 1.0 ],
			"faces": {
				"north": { "texture": "#mountaineercoat", "uv": [ 4.5, 44.0, 7.0, 52.0 ] },
				"east": { "texture": "#mountaineercoat", "uv": [ 2.0, 44.0, 4.0, 52.0 ] },
				"south": { "texture": "#mountaineercoat", "uv": [ 9.0, 44.0, 11.5, 52.0 ] },
				"west": { "texture": "#mountaineercoat", "uv": [ 7.0, 44.0, 9.0, 52.0 ] },
				"up": { "texture": "#mountaineercoat", "uv": [ 10.0, 34.0, 12.0, 36.5 ], "rotation": 90, "windMode": [-1,-1,-1,-1] },
				"down": { "texture": "#mountaineercoat", "uv": [ 7.0, 52.0, 9.0, 54.5 ], "rotation": 90, "windMode": [-1,-1,-1,-1] }
			},
			"children": [
				{
					"name": "LowerArmR Blackout",
					"from": [ 0.04, 1.7, 0.04 ],
					"to": [ 2.52, 2.7, 2.02 ],
					"uv": [ 0.0, 0.0 ],
					"rotationOrigin": [ 0.04, 1.7, 0.04 ],
					"faces": {
						"north": { "texture": "#mountaineercoat", "uv": [ 0.0, 1.5, 2.0, 2.5 ] },
						"east": { "texture": "#mountaineercoat", "uv": [ 2.0, 1.5, 3.5, 2.5 ] },
						"south": { "texture": "#mountaineercoat", "uv": [ 3.5, 1.5, 5.5, 2.5 ] },
						"west": { "texture": "#mountaineercoat", "uv": [ 5.5, 1.5, 7.0, 2.5 ] },
						"up": { "texture": "#mountaineercoat", "uv": [ 0.0, 0.0, 2.0, 1.5 ] },
						"down": { "texture": "#mountaineercoat", "uv": [ 2.0, 0.0, 4.0, 1.5 ] }
					}
				}
			]
		},
		{
			"name": "LowerArmLorigin",
			"stepParentName": "LowerArmL",
			"from": [ -0.03, -0.03, -0.03 ],
			"to": [ 2.53, 8.03, 2.03 ],
			"unwrapMode": 3,
			"autoUnwrap": false,
			"uv": [ 0.0, 8.0 ],
			"rotationOrigin": [ 1.3, 7.8, 1.0 ],
			"faces": {
				"north": { "texture": "#mountaineercoat", "uv": [ 13.5, 44.0, 16.0, 52.0 ] },
				"east": { "texture": "#mountaineercoat", "uv": [ 21.0, 44.0, 23.0, 52.0 ], "windMode": [-1,-1,-1,-1] },
				"south": { "texture": "#mountaineercoat", "uv": [ 18.0, 44.0, 20.5, 52.0 ] },
				"west": { "texture": "#mountaineercoat", "uv": [ 16.0, 44.0, 18.0, 52.0 ] },
				"up": { "texture": "#mountaineercoat", "uv": [ 13.0, 34.0, 15.0, 36.5 ], "rotation": 90, "windMode": [-1,-1,-1,-1] },
				"down": { "texture": "#mountaineercoat", "uv": [ 16.0, 52.0, 18.0, 54.5 ], "rotation": 90, "windMode": [-1,-1,-1,-1] }
			},
			"children": [
				{
					"name": "LowerArmL Blackout",
					"from": [ 0.04, 1.7, 0.04 ],
					"to": [ 2.52, 2.7, 2.02 ],
					"uv": [ 0.0, 0.0 ],
					"rotationOrigin": [ 0.04, 1.7, 0.04 ],
					"faces": {
						"north": { "texture": "#mountaineercoat", "uv": [ 0.0, 1.5, 2.0, 2.5 ] },
						"east": { "texture": "#mountaineercoat", "uv": [ 2.0, 1.5, 3.5, 2.5 ] },
						"south": { "texture": "#mountaineercoat", "uv": [ 3.5, 1.5, 5.5, 2.5 ] },
						"west": { "texture": "#mountaineercoat", "uv": [ 5.5, 1.5, 7.0, 2.5 ] },
						"up": { "texture": "#mountaineercoat", "uv": [ 0.0, 0.0, 2.0, 1.5 ] },
						"down": { "texture": "#mountaineercoat", "uv": [ 2.0, 0.0, 4.0, 1.5 ] }
					}
				}
			]
		}
	],
	"animations": [
		{
			"name": "SneakWalk",
			"code": "sneakwalk",
			"quantityframes": 40,
			"onActivityStopped": "Rewind",
			"onAnimationEnd": "Repeat",
			"keyframes": [
				{
					"frame": 0,
					"elements": {
						"coatBackTile": { "rotationX": 1.0, "rotationY": 0.0, "rotationZ": -32.0 },
						"coatFrontTile": { "rotationX": 0.0, "rotationY": 0.0, "rotationZ": -32.0 }
					}
				},
				{
					"frame": 20,
					"elements": {
						"coatBackTile": { "rotationX": 1.0, "rotationY": 0.0, "rotationZ": -27.0 },
						"coatFrontTile": { "rotationX": 0.0, "rotationY": 0.0, "rotationZ": -27.0 }
					}
				}
			]
		},

		{
			"name": "SneakIdle",
			"code": "sneakidle",
			"quantityframes": 35,
			"onActivityStopped": "Rewind",
			"onAnimationEnd": "Repeat",
			"keyframes": [
				{
					"frame": 0,
					"elements": {
						"coatBackTile": { "rotationX": 0.1, "rotationY": 0.0, "rotationZ": -24.0 },
						"coatFrontTile": { "rotationX": 0.1, "rotationY": 0.0, "rotationZ": -24.0 }
					}
				}
			]
		}
	]
}