{
	"editor": {
		"backDropShape": "F:/Games/Vintagestory/assets/game/shapes/entity/humanoid/seraph-hairless",
		"collapsedPaths": "Root/Base/Buckle,Root,Root/Upper Crown,Root/Band 1,Root/Buckle,Root/bandN/toothR1,Root/hidehat/Brim,Root/bandN/toothL1,Root/Crown Base 1/Band 1/Buckle",
		"allAngles": true,
		"entityTextureMode": true
	},
	"textureWidth": 20,
	"textureHeight": 20,
	"textureSizes": {
		"Straw Boater hat": [20,20],
		"Straw BoaterHhat Band": [20,20],
		"strawboaterhat": [20,20],
		"strawboaterhatband": [20,20]
	},
	"textures": {
		"strawboaterhat": "item/strawboaterhat",
		"strawboaterhatband": "item/strawboaterhatband"
	},
	"elements": [
		{
			"name": "Brim Main",
			"stepParentName": "Head",
			"from": [ -1.4, 3.4, -1.86 ],
			"to": [ 7.2, 3.45, 6.74 ],
			"autoUnwrap": false,
			"uv": [ -6.5, 3.0 ],
			"rotationOrigin": [ -1.4, 3.4, -1.8 ],
			"faces": {
				"north": { "texture": "#strawboaterhat", "uv": [ 8.5, 5.0, 17.0, 5.5 ] },
				"east": { "texture": "#strawboaterhat", "uv": [ 8.5, 5.5, 17.0, 6.0 ] },
				"south": { "texture": "#strawboaterhat", "uv": [ 11.5, 5.0, 20.0, 5.5 ] },
				"west": { "texture": "#strawboaterhat", "uv": [ 11.5, 5.5, 20.0, 6.0 ] },
				"up": { "texture": "#strawboaterhat", "uv": [ 0.0, 0.0, 8.5, 8.5 ] },
				"down": { "texture": "#strawboaterhat", "uv": [ 0.0, 0.0, 8.5, 8.5 ] }
			},
			"children": [
				{
					"name": "Brim W",
					"from": [ -0.4, 0.0, 0.7 ],
					"to": [ 0.0, 0.05, 7.9 ],
					"uv": [ 0.0, 10.5 ],
					"rotationOrigin": [ -0.4, 0.0, 0.7 ],
					"faces": {
						"north": { "texture": "#strawboaterhat", "uv": [ 0.0, 11.0, 0.5, 11.5 ] },
						"east": { "texture": "#strawboaterhat", "uv": [ 0.5, 11.0, 7.5, 11.5 ] },
						"south": { "texture": "#strawboaterhat", "uv": [ 7.5, 11.0, 8.0, 11.5 ] },
						"west": { "texture": "#strawboaterhat", "uv": [ 8.0, 11.0, 15.0, 11.5 ], "windMode": [-1,-1,-1,-1], "windData": [1,1,1,1] },
						"up": { "texture": "#strawboaterhat", "uv": [ 0.0, 10.5, 7.0, 11.0 ], "rotation": 270 },
						"down": { "texture": "#strawboaterhat", "uv": [ 7.0, 10.5, 14.0, 11.0 ], "rotation": 270 }
					},
					"children": [
						{
							"name": "Brim W2",
							"from": [ -0.4, 0.0, 0.8 ],
							"to": [ 0.0, 0.05, 6.4 ],
							"uv": [ 8.0, 9.0 ],
							"rotationOrigin": [ -0.4, 0.0, 0.8 ],
							"faces": {
								"north": { "texture": "#strawboaterhat", "uv": [ 8.0, 9.5, 8.5, 10.0 ] },
								"east": { "texture": "#strawboaterhat", "uv": [ 8.5, 9.5, 14.0, 10.0 ] },
								"south": { "texture": "#strawboaterhat", "uv": [ 14.0, 9.5, 14.5, 10.0 ] },
								"west": { "texture": "#strawboaterhat", "uv": [ 14.5, 9.5, 20.0, 10.0 ] },
								"up": { "texture": "#strawboaterhat", "uv": [ 8.0, 9.0, 13.5, 9.5 ], "rotation": 90 },
								"down": { "texture": "#strawboaterhat", "uv": [ 13.5, 9.0, 19.0, 9.5 ], "rotation": 90 }
							}
						}
					]
				},
				{
					"name": "Brim N",
					"from": [ 0.69, 0.0, -0.4 ],
					"to": [ 7.89, 0.05, 0.0 ],
					"uv": [ 0.0, 9.5 ],
					"rotationOrigin": [ 0.6, 0.0, -0.4 ],
					"faces": {
						"north": { "texture": "#strawboaterhat", "uv": [ 0.0, 10.0, 7.0, 10.5 ] },
						"east": { "texture": "#strawboaterhat", "uv": [ 7.0, 10.0, 7.5, 10.5 ] },
						"south": { "texture": "#strawboaterhat", "uv": [ 7.5, 10.0, 14.5, 10.5 ] },
						"west": { "texture": "#strawboaterhat", "uv": [ 14.5, 10.0, 15.0, 10.5 ] },
						"up": { "texture": "#strawboaterhat", "uv": [ 0.0, 9.5, 7.0, 10.0 ] },
						"down": { "texture": "#strawboaterhat", "uv": [ 7.0, 9.5, 14.0, 10.0 ] }
					},
					"children": [
						{
							"name": "Brim N2",
							"from": [ 0.8, 0.0, -0.4 ],
							"to": [ 6.4, 0.05, 0.0 ],
							"uv": [ 8.0, 6.0 ],
							"rotationOrigin": [ 0.71, 0.0, -0.4 ],
							"faces": {
								"north": { "texture": "#strawboaterhat", "uv": [ 8.0, 6.5, 13.5, 7.0 ] },
								"east": { "texture": "#strawboaterhat", "uv": [ 13.5, 6.5, 14.0, 7.0 ] },
								"south": { "texture": "#strawboaterhat", "uv": [ 14.0, 6.5, 19.5, 7.0 ] },
								"west": { "texture": "#strawboaterhat", "uv": [ 19.5, 6.5, 20.0, 7.0 ] },
								"up": { "texture": "#strawboaterhat", "uv": [ 8.0, 6.0, 13.5, 6.5 ] },
								"down": { "texture": "#strawboaterhat", "uv": [ 13.5, 6.0, 19.0, 6.5 ] }
							}
						}
					]
				},
				{
					"name": "Brim E",
					"from": [ 8.6, 0.0, 0.7 ],
					"to": [ 9.0, 0.05, 7.9 ],
					"uv": [ 0.0, 11.5 ],
					"rotationOrigin": [ 8.6, 0.0, 0.7 ],
					"faces": {
						"north": { "texture": "#strawboaterhat", "uv": [ 0.0, 12.0, 0.5, 12.5 ] },
						"east": { "texture": "#strawboaterhat", "uv": [ 0.5, 12.0, 7.5, 12.5 ] },
						"south": { "texture": "#strawboaterhat", "uv": [ 7.5, 12.0, 8.0, 12.5 ] },
						"west": { "texture": "#strawboaterhat", "uv": [ 8.0, 12.0, 15.0, 12.5 ] },
						"up": { "texture": "#strawboaterhat", "uv": [ 0.0, 11.5, 7.0, 12.0 ], "rotation": 270 },
						"down": { "texture": "#strawboaterhat", "uv": [ 7.0, 11.5, 14.0, 12.0 ], "rotation": 270 }
					},
					"children": [
						{
							"name": "Brim E2",
							"from": [ 0.4, 0.0, 0.8 ],
							"to": [ 0.8, 0.05, 6.4 ],
							"uv": [ 8.0, 7.0 ],
							"rotationOrigin": [ 0.4, 0.0, 0.8 ],
							"faces": {
								"north": { "texture": "#strawboaterhat", "uv": [ 8.0, 7.5, 8.5, 8.0 ] },
								"east": { "texture": "#strawboaterhat", "uv": [ 8.5, 7.5, 14.0, 8.0 ] },
								"south": { "texture": "#strawboaterhat", "uv": [ 14.0, 7.5, 14.5, 8.0 ] },
								"west": { "texture": "#strawboaterhat", "uv": [ 14.5, 7.5, 20.0, 8.0 ] },
								"up": { "texture": "#strawboaterhat", "uv": [ 8.0, 7.0, 13.5, 7.5 ], "rotation": 270 },
								"down": { "texture": "#strawboaterhat", "uv": [ 13.5, 7.0, 19.0, 7.5 ], "rotation": 270 }
							}
						}
					]
				},
				{
					"name": "Brim S",
					"from": [ 0.69, 0.0, 8.6 ],
					"to": [ 7.89, 0.05, 9.0 ],
					"uv": [ 0.0, 8.5 ],
					"rotationOrigin": [ 0.6, 0.0, 8.6 ],
					"faces": {
						"north": { "texture": "#strawboaterhat", "uv": [ 0.0, 9.0, 7.0, 9.5 ] },
						"east": { "texture": "#strawboaterhat", "uv": [ 7.0, 9.0, 7.5, 9.5 ] },
						"south": { "texture": "#strawboaterhat", "uv": [ 7.5, 9.0, 14.5, 9.5 ] },
						"west": { "texture": "#strawboaterhat", "uv": [ 14.5, 9.0, 15.0, 9.5 ] },
						"up": { "texture": "#strawboaterhat", "uv": [ 0.0, 8.5, 7.0, 9.0 ] },
						"down": { "texture": "#strawboaterhat", "uv": [ 7.0, 8.5, 14.0, 9.0 ] }
					},
					"children": [
						{
							"name": "Brim S2",
							"from": [ 0.8, 0.0, 0.4 ],
							"to": [ 6.4, 0.05, 0.8 ],
							"uv": [ 8.0, 8.0 ],
							"rotationOrigin": [ 0.71, 0.0, 0.4 ],
							"faces": {
								"north": { "texture": "#strawboaterhat", "uv": [ 8.0, 8.5, 13.5, 9.0 ] },
								"east": { "texture": "#strawboaterhat", "uv": [ 13.5, 8.5, 14.0, 9.0 ] },
								"south": { "texture": "#strawboaterhat", "uv": [ 14.0, 8.5, 19.5, 9.0 ] },
								"west": { "texture": "#strawboaterhat", "uv": [ 19.5, 8.5, 20.0, 9.0 ] },
								"up": { "texture": "#strawboaterhat", "uv": [ 8.0, 8.0, 13.5, 8.5 ] },
								"down": { "texture": "#strawboaterhat", "uv": [ 13.5, 8.0, 19.0, 8.5 ] }
							}
						}
					]
				},
				{
					"name": "Crown Base 1",
					"from": [ 0.94, 0.02, 1.0 ],
					"to": [ 7.54, 2.42, 7.6 ],
					"unwrapMode": 4,
					"autoUnwrap": false,
					"uv": [ 0.0, 5.5 ],
					"rotationOrigin": [ 4.9364, 0.1002, 3.4 ],
					"faces": {
						"north": { "texture": "#strawboaterhat", "uv": [ 8.5, 0.0, 15.0, 2.5 ], "autoUv": false },
						"east": { "texture": "#strawboaterhat", "uv": [ 8.5, 2.5, 15.0, 5.0 ], "autoUv": false },
						"south": { "texture": "#strawboaterhat", "uv": [ 13.5, 0.0, 20.0, 2.5 ], "autoUv": false },
						"west": { "texture": "#strawboaterhat", "uv": [ 13.5, 2.5, 20.0, 5.0 ], "autoUv": false },
						"up": { "texture": "#strawboaterhat", "uv": [ 1.0, 1.0, 7.5, 7.5 ] }
					},
					"children": [
						{
							"name": "Hat Band",
							"from": [ -0.02, 0.0, -0.02 ],
							"to": [ 6.62, 1.25, 6.62 ],
							"autoUnwrap": false,
							"uv": [ 0.0, 0.0 ],
							"rotationOrigin": [ -0.1, 0.0, -0.1 ],
							"faces": {
								"north": { "texture": "#strawboaterhatband", "uv": [ 7.0, 1.5, 14.0, 3.0 ], "autoUv": false },
								"east": { "texture": "#strawboaterhatband", "uv": [ 0.0, 0.0, 7.0, 1.5 ], "autoUv": false },
								"south": { "texture": "#strawboaterhatband", "uv": [ 0.0, 1.5, 7.0, 3.0 ], "autoUv": false },
								"west": { "texture": "#strawboaterhatband", "uv": [ 7.0, 0.0, 14.0, 1.5 ], "autoUv": false },
								"up": { "texture": "#strawboaterhatband", "uv": [ 0.0, 3.0, 6.5, 9.5 ] },
								"down": { "texture": "#strawboaterhatband", "uv": [ 6.5, 3.0, 13.0, 9.5 ] }
							}
						},
						{
							"name": "Buckle",
							"from": [ 2.04, 0.0058, -0.1 ],
							"to": [ 4.54, 1.2558, 0.05 ],
							"autoUnwrap": false,
							"uv": [ 12.0, 5.0 ],
							"rotationOrigin": [ 1.8946, -0.1042, -1.0 ],
							"faces": {
								"north": { "texture": "#strawboaterhatband", "uv": [ 14.0, 0.0, 17.0, 1.5 ], "autoUv": false },
								"east": { "texture": "#strawboaterhatband", "uv": [ 17.0, 0.0, 18.0, 1.5 ], "autoUv": false },
								"south": { "texture": "#strawboaterhatband", "uv": [ 13.0, 4.0, 16.0, 5.5 ], "autoUv": false },
								"west": { "texture": "#strawboaterhatband", "uv": [ 18.0, 0.0, 19.0, 1.5 ], "autoUv": false },
								"up": { "texture": "#strawboaterhatband", "uv": [ 13.0, 3.0, 16.0, 4.0 ], "autoUv": false },
								"down": { "texture": "#strawboaterhatband", "uv": [ 13.0, 5.5, 16.0, 6.5 ], "autoUv": false }
							}
						}
					]
				}
			]
		}
	]}