{
	"editor": {
		"backDropShape": "F:/Games/Vintagestory/assets/game/shapes/entity/humanoid/seraph-faceless",
		"collapsedPaths": "Root/LowerArmROrigin,Root/bandN/toothR1,Root/bandN/toothL1,Root/LowerArmLorigin",
		"allAngles": false,
		"entityTextureMode": true
	},
	"textureWidth": 28,
	"textureHeight": 56,
	"textureSizes": {
		"shirt": [28,56],
		"woolsweater-plain": [28,56],
		"Wool Sweater Tucked- Plain": [28,56]
	},
	"textures": {
		"woolsweater-plain": "F:/Games/Vintagestory/Mods/AmericanFrontiersmanWesternWear_1.7.2/assets/americanfrontiersman/textures/item/woolsweater/plain"
	},
	"elements": [
		{
			"name": "UpperTorsoOrigin",
			"stepParentName": "UpperTorso",
			"from": [ -0.02, -0.02, -0.02 ],
			"to": [ 5.02, 5.02, 6.22 ],
			"unwrapMode": 4,
			"autoUnwrap": false,
			"uv": [ 10.0, 0.0 ],
			"rotationOrigin": [ 2.0, 2.0, 3.25 ],
			"faces": {
				"north": { "texture": "#woolsweater-plain", "uv": [ 1.0, 5.5, 6.0, 10.5 ], "windMode": [-1,-1,-1,-1], "windData": [1,1,1,1] },
				"east": { "texture": "#woolsweater-plain", "uv": [ 17.0, 5.5, 23.0, 10.5 ], "windMode": [-1,-1,-1,-1] },
				"south": { "texture": "#woolsweater-plain", "uv": [ 12.0, 5.5, 17.0, 10.5 ] },
				"west": { "texture": "#woolsweater-plain", "uv": [ 6.0, 5.5, 12.0, 10.5 ] },
				"up": { "texture": "#woolsweater-plain", "uv": [ 6.0, 0.5, 12.0, 5.5 ], "rotation": 90 },
				"down": { "texture": "#woolsweater-plain", "uv": [ 19.0, 31.5, 25.0, 36.5 ], "rotation": 90, "windMode": [-1,-1,-1,-1] }
			},
			"children": [
				{
					"name": "Blackout",
					"from": [ 0.1, 0.8, 0.6 ],
					"to": [ 4.9, 4.8, 5.6 ],
					"autoUnwrap": false,
					"uv": [ 23.0, 9.0 ],
					"rotationOrigin": [ 0.1, 0.8, 0.6 ],
					"faces": {
						"north": { "texture": "#woolsweater-plain", "uv": [ 0.0, 0.0, 4.5, 4.0 ] },
						"east": { "texture": "#woolsweater-plain", "uv": [ 1.0, 0.0, 5.0, 5.0 ], "rotation": 90, "windMode": [-1,-1,-1,-1], "windData": [1,1,1,1] },
						"south": { "texture": "#woolsweater-plain", "uv": [ 0.0, 1.0, 4.5, 5.0 ], "windMode": [-1,-1,-1,-1], "windData": [1,1,1,1] },
						"west": { "texture": "#woolsweater-plain", "uv": [ 0.5, 0.0, 4.5, 5.0 ], "rotation": 90, "windMode": [-1,-1,-1,-1], "windData": [1,1,1,1] },
						"up": { "texture": "#woolsweater-plain", "uv": [ 0.0, 0.0, 4.5, 5.0 ] },
						"down": { "texture": "#woolsweater-plain", "uv": [ 0.5, 0.0, 5.0, 5.0 ] }
					}
				}
			]
		},
		{
			"name": "LowerTorsoOrigin",
			"stepParentName": "LowerTorso",
			"from": [ -0.02, -0.02, -0.02 ],
			"to": [ 5.02, 5.02, 6.02 ],
			"unwrapMode": 4,
			"autoUnwrap": false,
			"uv": [ 9.0, 10.0 ],
			"rotationOrigin": [ 3.0, 3.0, 3.0 ],
			"faces": {
				"north": { "texture": "#woolsweater-plain", "uv": [ 1.0, 10.5, 6.0, 15.5 ] },
				"east": { "texture": "#woolsweater-plain", "uv": [ 17.0, 10.5, 23.0, 15.5 ] },
				"south": { "texture": "#woolsweater-plain", "uv": [ 12.0, 10.5, 17.0, 15.5 ] },
				"west": { "texture": "#woolsweater-plain", "uv": [ 6.0, 10.5, 12.0, 15.5 ] },
				"up": { "texture": "#woolsweater-plain", "uv": [ 19.0, 31.5, 25.0, 36.5 ], "rotation": 270, "windMode": [-1,-1,-1,-1], "windData": [1,1,1,1] },
				"down": { "texture": "#woolsweater-plain", "uv": [ 0.0, 31.5, 6.0, 36.5 ], "rotation": 90, "windMode": [-1,-1,-1,-1] }
			}
		},
		{
			"name": "UpperFootLorigin",
			"stepParentName": "UpperFootL",
			"from": [ -0.02, -0.02, -0.02 ],
			"to": [ 4.22, 9.02, 3.22 ],
			"unwrapMode": 3,
			"autoUnwrap": false,
			"uv": [ 15.0, 19.62 ],
			"rotationOrigin": [ 2.0, 9.0, 3.2 ],
			"faces": {
				"east": { "texture": "#woolsweater-plain", "uv": [ 20.0, 22.0, 23.0, 31.0 ], "windMode": [-1,-1,-1,-1] },
				"south": { "texture": "#woolsweater-plain", "uv": [ 16.0, 22.0, 20.0, 31.0 ], "windMode": [-1,-1,-1,-1] },
				"west": { "texture": "#woolsweater-plain", "uv": [ 13.0, 22.0, 16.0, 31.0 ] },
				"up": { "texture": "#woolsweater-plain", "uv": [ 1.0, 32.5, 5.0, 35.5 ], "windMode": [-1,-1,-1,-1], "windData": [1,1,1,1] }
			}
		},
		{
			"name": "UpperFootRorigin",
			"stepParentName": "UpperFootR",
			"from": [ -0.02, -0.02, -0.02 ],
			"to": [ 4.22, 9.02, 3.22 ],
			"unwrapMode": 1,
			"autoUnwrap": false,
			"uv": [ 1.0, 19.62 ],
			"rotationOrigin": [ 2.0, 9.0, 0.0 ],
			"faces": {
				"north": { "texture": "#woolsweater-plain", "uv": [ 4.0, 22.0, 8.0, 31.0 ], "windMode": [-1,-1,-1,-1], "windData": [0,1,1,0] },
				"east": { "texture": "#woolsweater-plain", "uv": [ 1.0, 22.0, 4.0, 31.0 ], "windMode": [-1,-1,-1,-1] },
				"west": { "texture": "#woolsweater-plain", "uv": [ 8.0, 22.0, 11.0, 31.0 ], "windMode": [-1,-1,-1,-1] },
				"up": { "texture": "#woolsweater-plain", "uv": [ 1.0, 32.5, 5.0, 35.5 ], "rotation": 180, "windMode": [-1,-1,-1,-1], "windData": [1,1,1,1] }
			}
		},
		{
			"name": "UpperArmROrigin",
			"stepParentName": "UpperArmR",
			"from": [ -0.02, -0.02, -0.02 ],
			"to": [ 3.02, 7.02, 2.02 ],
			"unwrapMode": 1,
			"autoUnwrap": false,
			"uv": [ 8.0, 21.0 ],
			"rotationOrigin": [ 1.5, 7.0, 1.0 ],
			"faces": {
				"north": { "texture": "#woolsweater-plain", "uv": [ 4.0, 37.0, 7.0, 44.0 ] },
				"east": { "texture": "#woolsweater-plain", "uv": [ 2.0, 37.0, 4.0, 44.0 ] },
				"south": { "texture": "#woolsweater-plain", "uv": [ 9.0, 37.0, 12.0, 44.0 ] },
				"west": { "texture": "#woolsweater-plain", "uv": [ 7.0, 37.0, 9.0, 44.0 ] },
				"up": { "texture": "#woolsweater-plain", "uv": [ 7.0, 34.0, 9.0, 37.0 ], "rotation": 90, "windMode": [-1,-1,-1,-1] },
				"down": { "texture": "#woolsweater-plain", "uv": [ 10.0, 33.5, 12.0, 36.5 ], "rotation": 90, "windMode": [-1,-1,-1,-1] }
			}
		},
		{
			"name": "UpperArmLorigin",
			"stepParentName": "UpperArmL",
			"from": [ -0.02, -0.02, -0.02 ],
			"to": [ 3.02, 7.02, 2.02 ],
			"unwrapMode": 3,
			"autoUnwrap": false,
			"uv": [ 0.0, 13.0 ],
			"rotationOrigin": [ 1.5, 6.9, 1.0 ],
			"faces": {
				"north": { "texture": "#woolsweater-plain", "uv": [ 13.0, 37.0, 16.0, 44.0 ] },
				"east": { "texture": "#woolsweater-plain", "uv": [ 21.0, 37.0, 23.0, 44.0 ], "windMode": [-1,-1,-1,-1] },
				"south": { "texture": "#woolsweater-plain", "uv": [ 18.0, 37.0, 21.0, 44.0 ], "windMode": [-1,-1,-1,-1] },
				"west": { "texture": "#woolsweater-plain", "uv": [ 16.0, 37.0, 18.0, 44.0 ] },
				"up": { "texture": "#woolsweater-plain", "uv": [ 16.0, 34.0, 18.0, 37.0 ], "rotation": 90, "windMode": [-1,-1,-1,-1] },
				"down": { "texture": "#woolsweater-plain", "uv": [ 13.0, 33.5, 15.0, 36.5 ], "rotation": 90, "windMode": [-1,-1,-1,-1] }
			}
		},
		{
			"name": "LowerArmROrigin",
			"stepParentName": "LowerArmR",
			"from": [ -0.02, -0.02, -0.02 ],
			"to": [ 2.52, 8.02, 2.02 ],
			"unwrapMode": 1,
			"autoUnwrap": false,
			"uv": [ 0.0, 0.0 ],
			"rotationOrigin": [ 1.3, 7.8, 1.0 ],
			"faces": {
				"north": { "texture": "#woolsweater-plain", "uv": [ 4.5, 44.0, 7.0, 52.0 ] },
				"east": { "texture": "#woolsweater-plain", "uv": [ 2.0, 44.0, 4.0, 52.0 ] },
				"south": { "texture": "#woolsweater-plain", "uv": [ 9.0, 44.0, 11.5, 52.0 ] },
				"west": { "texture": "#woolsweater-plain", "uv": [ 7.0, 44.0, 9.0, 52.0 ] },
				"up": { "texture": "#woolsweater-plain", "uv": [ 10.0, 33.5, 12.0, 36.0 ], "rotation": 90, "windMode": [-1,-1,-1,-1] },
				"down": { "texture": "#woolsweater-plain", "uv": [ 7.0, 52.0, 9.0, 54.5 ], "rotation": 90, "windMode": [-1,-1,-1,-1] }
			},
			"children": [
				{
					"name": "LowerArmR Blackout",
					"from": [ 0.03, 2.1, 0.03 ],
					"to": [ 2.51, 3.1, 2.01 ],
					"autoUnwrap": false,
					"uv": [ 13.5, -0.5 ],
					"rotationOrigin": [ 0.03, 2.1, 0.03 ],
					"faces": {
						"north": { "texture": "#woolsweater-plain", "uv": [ 3.0, 2.5, 5.0, 3.5 ] },
						"east": { "texture": "#woolsweater-plain", "uv": [ 0.0, 4.0, 1.5, 5.0 ] },
						"south": { "texture": "#woolsweater-plain", "uv": [ 1.0, 2.5, 3.0, 3.5 ] },
						"west": { "texture": "#woolsweater-plain", "uv": [ 0.0, 3.0, 1.5, 4.0 ] },
						"up": { "texture": "#woolsweater-plain", "uv": [ 3.0, 3.5, 5.0, 5.0 ] },
						"down": { "texture": "#woolsweater-plain", "uv": [ 1.0, 3.5, 3.0, 5.0 ] }
					}
				}
			]
		},
		{
			"name": "LowerArmLorigin",
			"stepParentName": "LowerArmL",
			"from": [ -0.02, -0.02, -0.02 ],
			"to": [ 2.52, 8.02, 2.02 ],
			"unwrapMode": 3,
			"autoUnwrap": false,
			"uv": [ 0.0, 8.0 ],
			"rotationOrigin": [ 1.3, 7.8, 1.0 ],
			"faces": {
				"north": { "texture": "#woolsweater-plain", "uv": [ 13.5, 44.0, 16.0, 52.0 ] },
				"east": { "texture": "#woolsweater-plain", "uv": [ 21.0, 44.0, 23.0, 52.0 ], "windMode": [-1,-1,-1,-1] },
				"south": { "texture": "#woolsweater-plain", "uv": [ 18.0, 44.0, 20.5, 52.0 ] },
				"west": { "texture": "#woolsweater-plain", "uv": [ 16.0, 44.0, 18.0, 52.0 ] },
				"up": { "texture": "#woolsweater-plain", "uv": [ 13.0, 33.5, 15.0, 36.0 ], "rotation": 90, "windMode": [-1,-1,-1,-1] },
				"down": { "texture": "#woolsweater-plain", "uv": [ 16.0, 52.0, 18.0, 54.5 ], "rotation": 90, "windMode": [-1,-1,-1,-1] }
			},
			"children": [
				{
					"name": "LowerArmR Blackout2",
					"from": [ 0.03, 2.1, 0.03 ],
					"to": [ 2.51, 3.1, 2.01 ],
					"autoUnwrap": false,
					"uv": [ 13.5, -0.5 ],
					"rotationOrigin": [ 0.03, 2.1, 0.03 ],
					"faces": {
						"north": { "texture": "#woolsweater-plain", "uv": [ 3.0, 2.5, 5.0, 3.5 ] },
						"east": { "texture": "#woolsweater-plain", "uv": [ 0.0, 4.0, 1.5, 5.0 ] },
						"south": { "texture": "#woolsweater-plain", "uv": [ 1.0, 2.5, 3.0, 3.5 ] },
						"west": { "texture": "#woolsweater-plain", "uv": [ 0.0, 3.0, 1.5, 4.0 ] },
						"up": { "texture": "#woolsweater-plain", "uv": [ 3.0, 3.5, 5.0, 5.0 ] },
						"down": { "texture": "#woolsweater-plain", "uv": [ 1.0, 3.5, 3.0, 5.0 ] }
					}
				}
			]
		},
		{
			"name": "hidecollar",
			"stepParentName": "Neck",
			"from": [ -0.02, 0.5, -0.02 ],
			"to": [ 3.02, 2.5, 3.02 ],
			"unwrapMode": 4,
			"uv": [ 13.0, 2.5 ],
			"rotationOrigin": [ 0.0, 0.5, 0.0 ],
			"faces": {
				"north": { "texture": "#woolsweater-plain", "uv": [ 13.0, 2.5, 16.0, 4.5 ] },
				"east": { "texture": "#woolsweater-plain", "uv": [ 22.0, 2.5, 25.0, 4.5 ] },
				"south": { "texture": "#woolsweater-plain", "uv": [ 19.0, 2.5, 22.0, 4.5 ] },
				"west": { "texture": "#woolsweater-plain", "uv": [ 16.0, 2.5, 19.0, 4.5 ] }
			}
		}
	],
	"animations": [
	]
}