[
  {
    "op": "addeach",
    "path": "/attributes/tradeProps/selling/list/-",
    "value": [
	{ "code": "bookbinders:folder-bone", "type": "item", "stacksize": 1, "stock": { "avg": 1, "var": 0.5 }, "price": { "avg": 1, "var": 0 } },
	{ "code": "bookbinders:folder-bamboo", "type": "item", "stacksize": 1, "stock": { "avg": 1, "var": 0.5 }, "price": { "avg": 1, "var": 0 } },
	{ "code": "bookbinders:inkandquill-olivine-plain-black", "type": "item", "stacksize": 1, "stock": { "avg": 1, "var": 0 }, "price": { "avg": 12, "var": 2 } },
	{ "code": "bookbinders:inkandquill-smoky-plain-black", "type": "item", "stacksize": 1, "stock": { "avg": 1, "var": 0 }, "price": { "avg": 10, "var": 1 } },
	{ "code": "bookbinders:strips-papyrus-dry", "type": "item", "stacksize": 16, "stock": { "avg": 3, "var": 1 }, "price": { "avg": 1, "var": 0 } },
	{ "code": "bookbinders:parchment-smooth", "type": "item", "stacksize": 4, "stock": { "avg": 3, "var": 0.75 }, "price": { "avg": 1, "var": 0.25 } },
	{ "code": "bookbinders:parchment-vellum", "type": "item", "stacksize": 4, "stock": { "avg": 3, "var": 0.75 }, "price": { "avg": 1, "var": 0.25 } },
	{ "code": "bookbinders:parchment-rough", "type": "item", "stacksize": 6, "stock": { "avg": 3, "var": 1 }, "price": { "avg": 1, "var": 0.25 } },
	{ "code": "game:beeswax", "type": "item", "stacksize": 2, "stock": { "avg": 4, "var": 1 }, "price": { "avg": 3, "var": 0.75 } }
    ],
    "file": "game:entities/humanoid/trader-book.json",
    "side": "Server"
  },

  {
    "op": "replace",
    "comment": "ink and quill amount",
    "path": "/attributes/tradeProps/selling/list/11/stacksize",
    "value": 1,
    "file": "game:entities/humanoid/trader-book.json",
    "side": "Server"
  }
]
