{
  "editor": {
    "allAngles": false,
    "entityTextureMode": true
  },
  "textureWidth": 12,
  "textureHeight": 12,
  "textureSizes": {
    "letter-envelope": [
      12,
      12
    ],
    "envelope-flap": [
      20,
      8
    ]
  },
  "textures": {
    "letter-envelope": "letter-envelope",
    "envelope-flap": "envelope-flap"
  },
  "elements": [
    {
      "name": "origin",
      "from": [
        8.0,
        0.0,
        8.0
      ],
      "to": [
        8.0,
        0.0,
        8.0
      ],
      "uv": [
        0.0,
        0.0
      ],
      "rotationOrigin": [
        8.0,
        0.0,
        8.0
      ],
      "children": [
        {
          "name": "flap",
          "from": [
            -5.0,
            0.6,
            -2.5
          ],
          "to": [
            5.0,
            0.7,
            0.5
          ],
          "rotationOrigin": [
            0.0,
            0.6,
            -2.5
          ],
          "rotationX": -20.0,
          "faces": {
            "up": {
              "texture": "#envelope-flap",
              "uv": [
                0.0,
                0.0,
                20.0,
                8.0
              ]
            }
          }
        },
        {
          "name": "envelope",
          "from": [
            -5.0,
            0.1,
            -2.5
          ],
          "to": [
            5.0,
            0.6,
            2.5
          ],
          "autoUnwrap": false,
          "uv": [
            0.0,
            1.0
          ],
          "rotationOrigin": [
            0.0,
            0.1,
            0.0
          ],
          "rotationZ": -1.0,
          "faces": {
            "north": {
              "texture": "#letter-envelope",
              "uv": [
                0.0,
                11.5,
                10.0,
                12.0
              ],
              "windMode": [
                -1,
                -1,
                -1,
                -1
              ]
            },
            "east": {
              "texture": "#letter-envelope",
              "uv": [
                5.0,
                5.0,
                10.0,
                5.5
              ],
              "windMode": [
                -1,
                -1,
                -1,
                -1
              ]
            },
            "south": {
              "texture": "#letter-envelope",
              "uv": [
                0.0,
                11.0,
                10.0,
                11.5
              ],
              "windMode": [
                -1,
                -1,
                -1,
                -1
              ]
            },
            "west": {
              "texture": "#letter-envelope",
              "uv": [
                0.0,
                5.0,
                5.0,
                5.5
              ],
              "windMode": [
                -1,
                -1,
                -1,
                -1
              ]
            },
            "up": {
              "texture": "#letter-envelope",
              "uv": [
                0.0,
                0.0,
                10.0,
                5.0
              ]
            },
            "down": {
              "texture": "#letter-envelope",
              "uv": [
                0.0,
                5.5,
                10.0,
                10.5
              ],
              "windMode": [
                -1,
                -1,
                -1,
                -1
              ]
            }
          }
        }
      ]
    }
  ]
}