[
  {
    "ingredientPattern": "ATK,LTL,SBH",
    "ingredients": {
      "K": {
        "type": "item",
        "code": "game:sewingkit",
        "quantity": 1
      },
      "S": {
        "type": "item",
        "code": "tailorsdelight:twine-silver",
        "quantity": 8
      },
      "B": {
        "type": "item",
        "code": "tailorsdelight:buttons-silver",
        "quantity": 2
      },
      "H": {
        "type": "item",
        "code": "tailorsdelight:twine-black",
        "quantity": 8
      },
      "T": {
        "type": "item",
        "code": "game:cloth-black",
        "quantity": 4
      },
      "L": {
        "type": "item",
        "code": "tailorsdelight:leatherbundle-black",
        "quantity": 2
      },
      "A": {
        "type": "item",
        "code": "tailorsdelight:awl-*",
        "isTool": true,
        "toolDurabilityCost": 6
      }
    },
    "width": 3,
    "height": 3,
    "output": {
      "type": "item",
      "code": "regalia:clothes-upperbodyover-blackgown"
    },
    "requiresTrait": "clothier"
  }
]
