[
  {
    "ingredientPattern": "T_T,CLC,KBA",
    "ingredients": {
      "K": {
        "type": "item",
        "code": "game:sewingkit",
        "quantity": 1
      },
      "T": {
        "type": "item",
        "code": "tailorsdelight:twine-brown",
        "quantity": 2
      },
      "B": {
        "type": "item",
        "code": "game:cloth-brown",
        "quantity": 3
      },
      "C": {
        "type": "item",
        "code": "game:cloth-plain",
        "quantity": 3
      },
      "L": {
        "type": "item",
        "code": "tailorsdelight:leatherstrips-plain",
        "quantity": 2
      },
      "A": {
        "type": "item",
        "code": "tailorsdelight:awl-*",
        "isTool": true,
        "toolDurabilityCost": 6
      }
    },
    "width": 3,
    "height": 3,
    "output": {
      "type": "item",
      "code": "regalia:clothes-shoulder-cardigan"
    },
    "requiresTrait": "clothier"
  }
]
