[
  {
    "ingredientPattern": "ARK,TRT,GPG",
    "ingredients": {
      "K": {
        "type": "item",
        "code": "game:sewingkit",
        "quantity": 1
      },
      "R": {
        "type": "item",
        "code": "game:cloth-{gowncolor}",
        "quantity": 2
      },
      "T": {
        "type": "item",
        "code": "tailorsdelight:twine-{gowncolor}",
        "quantity": 4
      },
      "G": {
        "type": "item",
        "code": "tailorsdelight:twine-{gownaccent}",
        "quantity": 2
      },
      "L": {
        "type": "item",
        "code": "game:cloth-black",
        "quantity": 4
      },
      "P": {
        "type": "item",
        "code": "game:cloth-plain",
        "quantity": 2
      },
      "A": {
        "type": "item",
        "code": "tailorsdelight:awl-*",
        "isTool": true,
        "toolDurabilityCost": 6
      }
    },
    "width": 3,
    "height": 3,
    "output": {
      "type": "item",
      "code": "regalia:clothes-upperbodyover-finegown-{gowncolor}-{gownaccent}"
    },
    "requiresTrait": "clothier"
  }
]
