[
  {
    "ingredientPattern": "_H_,KKK,KIK",
    "ingredients": {
      "K": {
        "type": "item",
        "code": "game:knifeblade-silver",
        "quantity": 1
      },
      "I": {
        "type": "item",
        "code": "game:ingot-silver",
        "quantity": 1
      },
      "H": {
        "type": "item",
        "code": "game:hammer-*",
        "isTool": true,
        "toolDurabilityCost": 6
      }
    },
    "width": 3,
    "height": 3,
    "output": {
      "type": "item",
      "code": "regalia:clothes-head-spikedcrown"
    },
    "requiresTrait": "tinkerer"
  }
]
