[
  {
    "ingredientPattern": "AGK,LBL,CGC",
    "ingredients": {
      "K": {
        "type": "item",
        "code": "game:sewingkit",
        "quantity": 1
      },
      "G": {
        "type": "item",
        "code": "tailorsdelight:twine-gold",
        "quantity": 4
      },
      "B": {
        "type": "item",
        "code": "tailorsdelight:buttons-gold",
        "quantity": 2
      },
      "C": {
        "type": "item",
        "code": "game:cloth-black",
        "quantity": 4
      },
      "L": {
        "type": "item",
        "code": "tailorsdelight:leatherbundle-black",
        "quantity": 4
      },
      "A": {
        "type": "item",
        "code": "tailorsdelight:awl-*",
        "isTool": true,
        "toolDurabilityCost": 6
      }
    },
    "width": 3,
    "height": 3,
    "output": {
      "type": "item",
      "code": "regalia:clothes-shoulder-tailcoat"
    },
    "requiresTrait": "clothier"
  }
]
