{
	"editor": {
		"allAngles": false,
		"entityTextureMode": false
	},
	"textureWidth": 64,
	"textureHeight": 64,
	"textureSizes": {
		"tracker": [64,64],
		"zealot": [64,64]
	},
	"textures": {
		"zealotbody": "zealot",
		"seraph": "transparent"
	},
	"elements": [
		{
			"name": "Abdomen",
			"stepParentName": "LowerTorso",
			"from": [ -0.2, -0.1, -0.25 ],
			"to": [ 5.1, 5.15, 6.25 ],
			"faces": {
				"north": { "texture": "#zealotbody", "uv": [ 0.0, 20.5, 5.0, 25.5 ] },
				"east": { "texture": "#zealotbody", "uv": [ 16.5, 20.5, 23.0, 25.5 ] },
				"south": { "texture": "#zealotbody", "uv": [ 11.5, 20.5, 16.5, 25.5 ] },
				"west": { "texture": "#zealotbody", "uv": [ 5.0, 20.5, 11.5, 25.5 ] },
				"up": { "texture": "#zealotbody", "uv": [ 5.0, 16.0, 11.5, 21.0 ], "rotation": 90 },
				"down": { "texture": "#zealotbody", "uv": [ 5.0, 25.0, 11.5, 30.0 ], "rotation": 90 }
			}
		},
		{
			"name": "Chest",
			"stepParentName": "UpperTorso",
			"from": [ -0.5, -0.1, -0.25 ],
			"to": [ 5.5, 5.15, 6.5 ],
			"rotationOrigin": [ -1.0, 0.0, 0.0 ],
			"faces": {
				"north": { "texture": "#zealotbody", "uv": [ 0.0, 5.0, 6.0, 10.0 ] },
				"east": { "texture": "#zealotbody", "uv": [ 16.5, 5.0, 23.0, 10.0 ] },
				"south": { "texture": "#zealotbody", "uv": [ 11.5, 5.0, 17.5, 10.0 ] },
				"west": { "texture": "#zealotbody", "uv": [ 5.0, 5.5, 11.5, 10.5 ] },
				"up": { "texture": "#zealotbody", "uv": [ 13.5, 11.0, 20.0, 17.0 ], "rotation": 90 },
				"down": { "texture": "#zealotbody", "uv": [ 5.0, 10.0, 11.5, 16.0 ], "rotation": 90 }
			},
			"children": [
				{
					"name": "Chest2",
					"from": [ 0.0, 1.25, 0.01 ],
					"to": [ 1.0, 5.25, 6.74 ],
					"rotationOrigin": [ 0.0, 5.25, 0.0 ],
					"rotationZ": -11.25,
					"faces": {
						"north": { "texture": "#zealotbody", "uv": [ 5.0, 5.0, 6.0, 9.0 ] },
						"south": { "texture": "#zealotbody", "uv": [ 4.5, 5.0, 5.5, 9.0 ] },
						"west": { "texture": "#zealotbody", "uv": [ 5.0, 5.0, 11.5, 9.0 ] }
					},
					"children": [
						{
							"name": "Chest3",
							"from": [ 0.0, -1.5, 0.01 ],
							"to": [ 1.0, 0.0, 6.72 ],
							"rotationOrigin": [ 0.0, 0.0, 0.0 ],
							"rotationZ": 43.0,
							"faces": {
								"north": { "texture": "#zealotbody", "uv": [ 4.5, 9.0, 5.5, 10.5 ] },
								"south": { "texture": "#zealotbody", "uv": [ 11.5, 8.5, 12.5, 10.0 ] },
								"west": { "texture": "#zealotbody", "uv": [ 5.0, 9.0, 11.5, 10.5 ] }
							}
						}
					]
				},
				{
					"name": "Cube2",
					"from": [ 5.5, 0.5, 0.5 ],
					"to": [ 6.0, 4.7, 6.25 ],
					"rotationOrigin": [ 6.0, 0.5, 0.0 ],
					"rotationZ": -6.75,
					"faces": {
						"north": { "texture": "#zealotbody", "uv": [ 22.5, 5.5, 23.0, 9.5 ] },
						"east": { "texture": "#zealotbody", "uv": [ 17.0, 5.5, 22.5, 9.5 ] },
						"south": { "texture": "#zealotbody", "uv": [ 16.5, 5.5, 17.0, 9.5 ] },
						"up": { "texture": "#zealotbody", "uv": [ 17.0, 5.0, 22.5, 5.5 ], "rotation": 90 },
						"down": { "texture": "#zealotbody", "uv": [ 17.0, 9.5, 22.5, 10.0 ], "rotation": 90 }
					}
				}
			]
		},
		{
			"name": "ShoulderR",
			"stepParentName": "UpperArmR",
			"from": [ -0.1, -0.1, -0.1 ],
			"to": [ 3.1, 7.1, 2.4 ],
			"faces": {
				"north": { "texture": "#zealotbody", "uv": [ 25.5, 18.5, 28.5, 25.5 ] },
				"east": { "texture": "#zealotbody", "uv": [ 23.5, 18.5, 26.0, 25.5 ] },
				"south": { "texture": "#zealotbody", "uv": [ 30.5, 18.5, 33.5, 25.5 ] },
				"west": { "texture": "#zealotbody", "uv": [ 28.0, 18.5, 30.5, 25.5 ] },
				"up": { "texture": "#zealotbody", "uv": [ 25.5, 16.5, 28.5, 19.0 ] },
				"down": { "texture": "#zealotbody", "uv": [ 25.5, 25.0, 28.5, 27.5 ] }
			},
			"children": [
				{
					"name": "ElbowR",
					"from": [ 2.45, -0.5, 0.25 ],
					"to": [ 3.95, 1.0, 2.25 ],
					"rotationOrigin": [ 3.2, 0.25, 0.25 ],
					"rotationZ": 45.0,
					"faces": {
						"north": { "texture": "#zealotbody", "uv": [ 60.0, 0.5, 61.5, 2.0 ] },
						"east": { "texture": "#zealotbody", "uv": [ 21.5, 28.0, 23.5, 29.5 ] },
						"south": { "texture": "#zealotbody", "uv": [ 60.0, 0.5, 61.5, 2.0 ] },
						"west": { "texture": "#zealotbody", "uv": [ 21.5, 29.0, 23.5, 30.5 ] },
						"down": { "texture": "#zealotbody", "uv": [ 21.0, 28.5, 23.0, 30.0 ], "rotation": 90 }
					}
				},
				{
					"name": "PauldronR1",
					"from": [ -0.4, 2.7, -0.5 ],
					"to": [ 3.6, 7.2, 1.0 ],
					"rotationOrigin": [ 0.0, 2.6, 0.0 ],
					"rotationX": -6.0,
					"faces": {
						"north": { "texture": "#zealotbody", "uv": [ 25.0, 5.0, 29.0, 9.5 ] },
						"east": { "texture": "#zealotbody", "uv": [ 23.5, 5.0, 25.0, 9.5 ] },
						"south": { "texture": "#zealotbody", "uv": [ 30.5, 5.0, 34.5, 9.5 ] },
						"west": { "texture": "#zealotbody", "uv": [ 29.0, 5.0, 30.5, 9.5 ] },
						"down": { "texture": "#zealotbody", "uv": [ 25.0, 10.0, 29.0, 11.5 ] }
					},
					"children": [
						{
							"name": "PauldronR2",
							"from": [ 0.0, 3.5, 0.02 ],
							"to": [ 2.165, 4.5, 1.52 ],
							"rotationOrigin": [ 0.0, 4.5, 0.0 ],
							"rotationZ": 22.5,
							"faces": {
								"north": { "texture": "#zealotbody", "uv": [ 27.0, 4.5, 29.0, 5.5 ] },
								"south": { "texture": "#zealotbody", "uv": [ 34.5, 5.0, 36.5, 6.0 ] },
								"up": { "texture": "#zealotbody", "uv": [ 27.0, 3.5, 29.0, 5.0 ], "rotation": 180 }
							}
						},
						{
							"name": "PauldronR3",
							"from": [ 1.835, 3.5, 0.01 ],
							"to": [ 4.0, 4.5, 1.51 ],
							"rotationOrigin": [ 4.0, 4.5, 0.0 ],
							"rotationZ": -22.5,
							"faces": {
								"north": { "texture": "#zealotbody", "uv": [ 25.0, 4.5, 27.0, 5.5 ] },
								"south": { "texture": "#zealotbody", "uv": [ 34.5, 5.0, 36.5, 6.0 ] },
								"up": { "texture": "#zealotbody", "uv": [ 25.0, 3.5, 27.0, 5.0 ], "rotation": 180 }
							}
						},
						{
							"name": "TrimR1",
							"from": [ -0.25, -0.5, 0.0 ],
							"to": [ 0.75, 0.0, 2.0 ],
							"faces": {
								"east": { "texture": "#zealotbody", "uv": [ 30.5, 2.5, 32.5, 3.0 ] },
								"south": { "texture": "#zealotbody", "uv": [ 32.5, 2.5, 33.5, 3.0 ] },
								"west": { "texture": "#zealotbody", "uv": [ 32.5, 2.5, 34.5, 3.0 ] },
								"up": { "texture": "#zealotbody", "uv": [ 35.0, 2.5, 36.0, 4.5 ] },
								"down": { "texture": "#zealotbody", "uv": [ 30.5, 2.5, 31.5, 4.5 ] }
							},
							"children": [
								{
									"name": "TrimR2",
									"from": [ 0.0, 0.0, -0.25 ],
									"to": [ 1.0, 0.5, 0.0 ],
									"faces": {
										"north": { "texture": "#zealotbody", "uv": [ 29.5, 3.5, 30.5, 4.0 ] },
										"east": { "texture": "#zealotbody", "uv": [ 33.5, 2.5, 34.0, 3.0 ] },
										"west": { "texture": "#zealotbody", "uv": [ 30.5, 4.0, 31.0, 4.5 ] },
										"up": { "texture": "#zealotbody", "uv": [ 30.0, 3.0, 31.0, 3.5 ] },
										"down": { "texture": "#zealotbody", "uv": [ 31.0, 3.5, 32.0, 4.0 ] }
									}
								},
								{
									"name": "TrimR3",
									"from": [ 0.0, 0.5, 1.5 ],
									"to": [ 0.5, 5.5, 2.0 ],
									"rotationOrigin": [ 0.5, 0.5, 1.5 ],
									"faces": {
										"north": { "texture": "#zealotbody", "uv": [ 31.5, 2.5, 36.5, 3.0 ], "rotation": 90 },
										"east": { "texture": "#zealotbody", "uv": [ 31.5, 4.0, 36.5, 4.5 ], "rotation": 90 },
										"south": { "texture": "#zealotbody", "uv": [ 31.5, 3.5, 36.5, 4.0 ], "rotation": 90 },
										"west": { "texture": "#zealotbody", "uv": [ 31.5, 3.0, 36.5, 3.5 ], "rotation": 90 }
									}
								},
								{
									"name": "TrimR4",
									"from": [ 0.0, 4.5, 1.49 ],
									"to": [ 2.43, 5.5, 1.99 ],
									"rotationOrigin": [ 0.0, 5.5, 2.0 ],
									"rotationZ": 22.5,
									"faces": {
										"north": { "texture": "#zealotbody", "uv": [ 30.0, 2.5, 32.0, 3.5 ] },
										"south": { "texture": "#zealotbody", "uv": [ 29.5, 3.5, 31.5, 4.5 ] },
										"up": { "texture": "#zealotbody", "uv": [ 29.5, 4.0, 31.5, 4.5 ] },
										"down": { "texture": "#zealotbody", "uv": [ 30.0, 4.0, 32.0, 4.5 ], "windMode": [-1,-1,-1,-1], "windData": [1,1,1,1] }
									}
								}
							]
						},
						{
							"name": "TrimR5",
							"from": [ 3.25, -0.5, 0.0 ],
							"to": [ 4.25, 0.0, 2.0 ],
							"rotationOrigin": [ 4.0, 0.0, 0.0 ],
							"faces": {
								"east": { "texture": "#zealotbody", "uv": [ 30.5, 2.5, 32.5, 3.0 ] },
								"south": { "texture": "#zealotbody", "uv": [ 32.5, 2.5, 33.5, 3.0 ] },
								"west": { "texture": "#zealotbody", "uv": [ 32.5, 2.5, 34.5, 3.0 ] },
								"up": { "texture": "#zealotbody", "uv": [ 35.0, 2.5, 36.0, 4.5 ] },
								"down": { "texture": "#zealotbody", "uv": [ 30.5, 2.5, 31.5, 4.5 ] }
							},
							"children": [
								{
									"name": "TrimR6",
									"from": [ 0.0, 0.0, -0.25 ],
									"to": [ 1.0, 0.5, 0.0 ],
									"faces": {
										"north": { "texture": "#zealotbody", "uv": [ 29.5, 3.0, 30.5, 3.5 ] },
										"east": { "texture": "#zealotbody", "uv": [ 33.0, 2.5, 33.5, 3.0 ] },
										"west": { "texture": "#zealotbody", "uv": [ 29.5, 4.0, 30.0, 4.5 ] },
										"up": { "texture": "#zealotbody", "uv": [ 30.0, 3.0, 31.0, 3.5 ] },
										"down": { "texture": "#zealotbody", "uv": [ 31.0, 3.5, 32.0, 4.0 ] }
									}
								},
								{
									"name": "TrimR7",
									"from": [ 0.5, 0.5, 1.5 ],
									"to": [ 1.0, 5.5, 2.0 ],
									"rotationOrigin": [ 0.5, 0.5, 1.5 ],
									"faces": {
										"north": { "texture": "#zealotbody", "uv": [ 31.5, 2.5, 36.5, 3.0 ], "rotation": 90 },
										"east": { "texture": "#zealotbody", "uv": [ 31.5, 4.0, 36.5, 4.5 ], "rotation": 90 },
										"south": { "texture": "#zealotbody", "uv": [ 31.5, 3.5, 36.5, 4.0 ], "rotation": 90 },
										"west": { "texture": "#zealotbody", "uv": [ 31.5, 3.0, 36.5, 3.5 ], "rotation": 90 }
									}
								},
								{
									"name": "TrimR8",
									"from": [ -1.43, 4.5, 1.48 ],
									"to": [ 1.0, 5.5, 1.98 ],
									"rotationOrigin": [ 1.0, 5.5, 2.0 ],
									"rotationZ": -22.5,
									"faces": {
										"north": { "texture": "#zealotbody", "uv": [ 32.5, 3.5, 34.5, 4.5 ] },
										"south": { "texture": "#zealotbody", "uv": [ 29.5, 3.5, 31.5, 4.5 ] },
										"up": { "texture": "#zealotbody", "uv": [ 29.5, 4.0, 31.5, 4.5 ] },
										"down": { "texture": "#zealotbody", "uv": [ 30.0, 4.0, 32.0, 4.5 ], "windMode": [-1,-1,-1,-1], "windData": [1,1,1,1] }
									}
								}
							]
						},
						{
							"name": "PauldronLowerR",
							"from": [ 0.25, -1.0, 0.25 ],
							"to": [ 3.75, 0.0, 1.75 ],
							"rotationOrigin": [ 4.0, 0.0, 1.5 ],
							"rotationX": 6.0,
							"faces": {
								"north": { "texture": "#zealotbody", "uv": [ 24.5, 12.0, 28.0, 13.0 ] },
								"east": { "texture": "#zealotbody", "uv": [ 23.0, 12.0, 24.5, 13.0 ] },
								"south": { "texture": "#zealotbody", "uv": [ 24.5, 14.5, 28.0, 15.5 ] },
								"west": { "texture": "#zealotbody", "uv": [ 28.0, 12.0, 29.5, 13.0 ] },
								"down": { "texture": "#zealotbody", "uv": [ 24.5, 13.0, 28.0, 14.5 ] }
							}
						},
						{
							"name": "PauldronTrim",
							"from": [ 0.35, -2.0, 0.35 ],
							"to": [ 3.65, 3.0, 2.35 ],
							"rotationOrigin": [ 4.0, 0.0, 1.5 ],
							"rotationX": 6.0,
							"faces": {
								"north": { "texture": "#zealotbody", "uv": [ 39.0, 2.5, 42.0, 7.5 ] },
								"east": { "texture": "#zealotbody", "uv": [ 37.0, 2.5, 39.0, 7.5 ] },
								"west": { "texture": "#zealotbody", "uv": [ 42.0, 2.5, 44.0, 7.5 ] }
							}
						}
					]
				}
			]
		},
		{
			"name": "GloveR",
			"stepParentName": "LowerArmR",
			"from": [ -0.1, -0.1, -0.1 ],
			"to": [ 2.9, 8.1, 2.4 ],
			"faces": {
				"north": { "texture": "#zealotbody", "uv": [ 45.0, 51.5, 48.0, 59.5 ] },
				"east": { "texture": "#zealotbody", "uv": [ 53.5, 51.5, 56.0, 59.5 ] },
				"south": { "texture": "#zealotbody", "uv": [ 50.5, 51.5, 53.5, 59.5 ] },
				"west": { "texture": "#zealotbody", "uv": [ 48.0, 51.5, 50.5, 59.5 ] },
				"up": { "texture": "#zealotbody", "uv": [ 50.5, 49.0, 53.5, 51.5 ] },
				"down": { "texture": "#zealotbody", "uv": [ 50.5, 59.5, 53.5, 62.0 ] }
			},
			"children": [
				{
					"name": "GauntletR2",
					"from": [ -0.25, 5.0, -0.25 ],
					"to": [ 3.25, 8.0, 1.25 ],
					"rotationOrigin": [ 0.0, 5.0, 0.0 ],
					"faces": {
						"north": { "texture": "#zealotbody", "uv": [ 58.0, 49.5, 61.5, 52.5 ] },
						"east": { "texture": "#zealotbody", "uv": [ 56.5, 49.5, 58.0, 52.5 ] },
						"south": { "texture": "#zealotbody", "uv": [ 58.0, 46.0, 61.5, 49.0 ] },
						"west": { "texture": "#zealotbody", "uv": [ 62.0, 49.5, 63.5, 52.5 ] },
						"up": { "texture": "#zealotbody", "uv": [ 58.0, 45.5, 61.5, 47.0 ] },
						"down": { "texture": "#zealotbody", "uv": [ 58.0, 48.0, 61.5, 49.5 ], "rotation": 180 }
					}
				}
			]
		},
		{
			"name": "ShoulderL",
			"stepParentName": "UpperArmL",
			"from": [ -0.1, -0.1, -0.25 ],
			"to": [ 3.1, 7.1, 2.25 ],
			"faces": {
				"north": { "texture": "#zealotbody", "uv": [ 34.0, 18.5, 37.0, 25.5 ] },
				"east": { "texture": "#zealotbody", "uv": [ 41.5, 18.5, 44.0, 25.5 ] },
				"south": { "texture": "#zealotbody", "uv": [ 39.0, 18.5, 42.0, 25.5 ] },
				"west": { "texture": "#zealotbody", "uv": [ 37.0, 18.5, 39.5, 25.5 ] },
				"up": { "texture": "#zealotbody", "uv": [ 39.0, 16.5, 42.0, 19.0 ] },
				"down": { "texture": "#zealotbody", "uv": [ 39.0, 25.0, 42.0, 27.5 ] }
			},
			"children": [
				{
					"name": "ElbowL",
					"from": [ 2.45, -0.5, 0.25 ],
					"to": [ 3.95, 1.0, 2.25 ],
					"rotationOrigin": [ 3.2, 0.25, 1.25 ],
					"rotationZ": 45.0,
					"faces": {
						"north": { "texture": "#zealotbody", "uv": [ 60.0, 0.5, 61.5, 2.0 ] },
						"east": { "texture": "#zealotbody", "uv": [ 21.0, 28.0, 23.0, 29.5 ] },
						"south": { "texture": "#zealotbody", "uv": [ 60.0, 0.5, 61.5, 2.0 ] },
						"west": { "texture": "#zealotbody", "uv": [ 21.0, 29.0, 23.0, 30.5 ] },
						"down": { "texture": "#zealotbody", "uv": [ 22.0, 28.5, 24.0, 30.0 ], "rotation": 90 }
					}
				},
				{
					"name": "PauldronR4",
					"from": [ 2.4, 2.6, 3.0 ],
					"to": [ 6.4, 7.1, 4.5 ],
					"rotationOrigin": [ 3.0, 3.0, 3.0 ],
					"rotationX": 6.0,
					"rotationY": 180.0,
					"faces": {
						"north": { "texture": "#zealotbody", "uv": [ 25.0, 5.0, 29.0, 9.5 ] },
						"east": { "texture": "#zealotbody", "uv": [ 23.5, 5.0, 25.0, 9.5 ] },
						"south": { "texture": "#zealotbody", "uv": [ 30.5, 5.0, 34.5, 9.5 ] },
						"west": { "texture": "#zealotbody", "uv": [ 29.0, 5.0, 30.5, 9.5 ] },
						"down": { "texture": "#zealotbody", "uv": [ 25.0, 10.0, 29.0, 11.5 ] }
					},
					"children": [
						{
							"name": "PauldronR5",
							"from": [ 0.0, 3.5, 0.02 ],
							"to": [ 2.165, 4.5, 1.52 ],
							"rotationOrigin": [ 0.0, 4.5, 0.0 ],
							"rotationZ": 22.5,
							"faces": {
								"north": { "texture": "#zealotbody", "uv": [ 27.0, 4.5, 29.0, 5.5 ] },
								"south": { "texture": "#zealotbody", "uv": [ 34.5, 5.0, 36.5, 6.0 ] },
								"up": { "texture": "#zealotbody", "uv": [ 27.0, 3.5, 29.0, 5.0 ], "rotation": 180 }
							}
						},
						{
							"name": "PauldronR6",
							"from": [ 1.835, 3.5, 0.01 ],
							"to": [ 4.0, 4.5, 1.51 ],
							"rotationOrigin": [ 4.0, 4.5, 0.0 ],
							"rotationZ": -22.5,
							"faces": {
								"north": { "texture": "#zealotbody", "uv": [ 25.0, 4.5, 27.0, 5.5 ] },
								"south": { "texture": "#zealotbody", "uv": [ 34.5, 5.0, 36.5, 6.0 ] },
								"up": { "texture": "#zealotbody", "uv": [ 25.0, 3.5, 27.0, 5.0 ], "rotation": 180 }
							}
						},
						{
							"name": "TrimR9",
							"from": [ -0.25, -0.5, 0.0 ],
							"to": [ 0.75, 0.0, 2.0 ],
							"faces": {
								"east": { "texture": "#zealotbody", "uv": [ 30.5, 2.5, 32.5, 3.0 ] },
								"south": { "texture": "#zealotbody", "uv": [ 32.5, 2.5, 33.5, 3.0 ] },
								"west": { "texture": "#zealotbody", "uv": [ 32.5, 2.5, 34.5, 3.0 ] },
								"up": { "texture": "#zealotbody", "uv": [ 35.0, 2.5, 36.0, 4.5 ] },
								"down": { "texture": "#zealotbody", "uv": [ 30.5, 2.5, 31.5, 4.5 ] }
							},
							"children": [
								{
									"name": "TrimR10",
									"from": [ 0.0, 0.0, -0.25 ],
									"to": [ 1.0, 0.5, 0.0 ],
									"faces": {
										"north": { "texture": "#zealotbody", "uv": [ 29.5, 3.5, 30.5, 4.0 ] },
										"east": { "texture": "#zealotbody", "uv": [ 33.5, 2.5, 34.0, 3.0 ] },
										"west": { "texture": "#zealotbody", "uv": [ 30.5, 4.0, 31.0, 4.5 ] },
										"up": { "texture": "#zealotbody", "uv": [ 30.0, 3.0, 31.0, 3.5 ] },
										"down": { "texture": "#zealotbody", "uv": [ 31.0, 3.5, 32.0, 4.0 ] }
									}
								},
								{
									"name": "TrimR11",
									"from": [ 0.0, 0.5, 1.5 ],
									"to": [ 0.5, 5.5, 2.0 ],
									"rotationOrigin": [ 0.5, 0.5, 1.5 ],
									"faces": {
										"north": { "texture": "#zealotbody", "uv": [ 31.5, 2.5, 36.5, 3.0 ], "rotation": 90 },
										"east": { "texture": "#zealotbody", "uv": [ 31.5, 4.0, 36.5, 4.5 ], "rotation": 90 },
										"south": { "texture": "#zealotbody", "uv": [ 31.5, 3.5, 36.5, 4.0 ], "rotation": 90 },
										"west": { "texture": "#zealotbody", "uv": [ 31.5, 3.0, 36.5, 3.5 ], "rotation": 90 }
									}
								},
								{
									"name": "TrimR12",
									"from": [ 0.0, 4.5, 1.49 ],
									"to": [ 2.43, 5.5, 1.99 ],
									"rotationOrigin": [ 0.0, 5.5, 2.0 ],
									"rotationZ": 22.5,
									"faces": {
										"north": { "texture": "#zealotbody", "uv": [ 30.0, 2.5, 32.0, 3.5 ] },
										"south": { "texture": "#zealotbody", "uv": [ 29.5, 3.5, 31.5, 4.5 ] },
										"up": { "texture": "#zealotbody", "uv": [ 29.5, 4.0, 31.5, 4.5 ] },
										"down": { "texture": "#zealotbody", "uv": [ 30.0, 4.0, 32.0, 4.5 ], "windMode": [-1,-1,-1,-1], "windData": [1,1,1,1] }
									}
								}
							]
						},
						{
							"name": "TrimR13",
							"from": [ 3.25, -0.5, 0.0 ],
							"to": [ 4.25, 0.0, 2.0 ],
							"rotationOrigin": [ 4.0, 0.0, 0.0 ],
							"faces": {
								"east": { "texture": "#zealotbody", "uv": [ 30.5, 2.5, 32.5, 3.0 ] },
								"south": { "texture": "#zealotbody", "uv": [ 32.5, 2.5, 33.5, 3.0 ] },
								"west": { "texture": "#zealotbody", "uv": [ 32.5, 2.5, 34.5, 3.0 ] },
								"up": { "texture": "#zealotbody", "uv": [ 35.0, 2.5, 36.0, 4.5 ] },
								"down": { "texture": "#zealotbody", "uv": [ 30.5, 2.5, 31.5, 4.5 ] }
							},
							"children": [
								{
									"name": "TrimR14",
									"from": [ 0.0, 0.0, -0.25 ],
									"to": [ 1.0, 0.5, 0.0 ],
									"faces": {
										"north": { "texture": "#zealotbody", "uv": [ 29.5, 3.0, 30.5, 3.5 ] },
										"east": { "texture": "#zealotbody", "uv": [ 33.0, 2.5, 33.5, 3.0 ] },
										"west": { "texture": "#zealotbody", "uv": [ 29.5, 4.0, 30.0, 4.5 ] },
										"up": { "texture": "#zealotbody", "uv": [ 30.0, 3.0, 31.0, 3.5 ] },
										"down": { "texture": "#zealotbody", "uv": [ 31.0, 3.5, 32.0, 4.0 ] }
									}
								},
								{
									"name": "TrimR15",
									"from": [ 0.5, 0.5, 1.5 ],
									"to": [ 1.0, 5.5, 2.0 ],
									"rotationOrigin": [ 0.5, 0.5, 1.5 ],
									"faces": {
										"north": { "texture": "#zealotbody", "uv": [ 31.5, 2.5, 36.5, 3.0 ], "rotation": 90 },
										"east": { "texture": "#zealotbody", "uv": [ 31.5, 4.0, 36.5, 4.5 ], "rotation": 90 },
										"south": { "texture": "#zealotbody", "uv": [ 31.5, 3.5, 36.5, 4.0 ], "rotation": 90 },
										"west": { "texture": "#zealotbody", "uv": [ 31.5, 3.0, 36.5, 3.5 ], "rotation": 90 }
									}
								},
								{
									"name": "TrimR16",
									"from": [ -1.43, 4.5, 1.48 ],
									"to": [ 1.0, 5.5, 1.98 ],
									"rotationOrigin": [ 1.0, 5.5, 2.0 ],
									"rotationZ": -22.5,
									"faces": {
										"north": { "texture": "#zealotbody", "uv": [ 32.5, 3.5, 34.5, 4.5 ] },
										"south": { "texture": "#zealotbody", "uv": [ 29.5, 3.5, 31.5, 4.5 ] },
										"up": { "texture": "#zealotbody", "uv": [ 29.5, 4.0, 31.5, 4.5 ] },
										"down": { "texture": "#zealotbody", "uv": [ 30.0, 4.0, 32.0, 4.5 ], "windMode": [-1,-1,-1,-1], "windData": [1,1,1,1] }
									}
								}
							]
						},
						{
							"name": "PauldronLowerR2",
							"from": [ 0.25, -1.0, 0.25 ],
							"to": [ 3.75, 0.0, 1.75 ],
							"rotationOrigin": [ 0.0, 0.0, 1.5 ],
							"rotationX": 6.0,
							"faces": {
								"north": { "texture": "#zealotbody", "uv": [ 24.5, 12.0, 28.0, 13.0 ] },
								"east": { "texture": "#zealotbody", "uv": [ 23.0, 12.0, 24.5, 13.0 ] },
								"south": { "texture": "#zealotbody", "uv": [ 24.5, 14.5, 28.0, 15.5 ] },
								"west": { "texture": "#zealotbody", "uv": [ 28.0, 12.0, 29.5, 13.0 ] },
								"down": { "texture": "#zealotbody", "uv": [ 24.5, 13.0, 28.0, 14.5 ] }
							}
						},
						{
							"name": "PauldronTrim2",
							"from": [ 0.35, -2.0, 0.35 ],
							"to": [ 3.65, 3.0, 2.35 ],
							"rotationOrigin": [ 0.0, 0.0, 1.5 ],
							"rotationX": 6.0,
							"faces": {
								"north": { "texture": "#zealotbody", "uv": [ 39.0, 8.0, 42.0, 13.0 ] },
								"east": { "texture": "#zealotbody", "uv": [ 37.0, 8.0, 39.0, 13.0 ] },
								"west": { "texture": "#zealotbody", "uv": [ 42.0, 8.0, 44.0, 13.0 ] }
							}
						}
					]
				}
			]
		},
		{
			"name": "GloveL",
			"stepParentName": "LowerArmL",
			"from": [ -0.1, -0.1, -0.1 ],
			"to": [ 2.9, 8.1, 2.4 ],
			"faces": {
				"north": { "texture": "#zealotbody", "uv": [ 47.5, 34.0, 50.5, 42.0 ] },
				"east": { "texture": "#zealotbody", "uv": [ 45.0, 34.0, 47.5, 42.0 ] },
				"south": { "texture": "#zealotbody", "uv": [ 53.0, 34.0, 56.0, 42.0 ] },
				"west": { "texture": "#zealotbody", "uv": [ 50.5, 34.0, 53.0, 42.0 ] },
				"up": { "texture": "#zealotbody", "uv": [ 47.5, 31.5, 50.5, 34.0 ] },
				"down": { "texture": "#zealotbody", "uv": [ 47.5, 42.0, 50.5, 44.5 ] }
			},
			"children": [
				{
					"name": "GauntletL2",
					"from": [ -0.25, 5.0, 1.25 ],
					"to": [ 3.25, 8.0, 2.75 ],
					"rotationOrigin": [ 0.0, 5.0, 1.0 ],
					"faces": {
						"north": { "texture": "#zealotbody", "uv": [ 58.0, 46.0, 61.5, 49.0 ] },
						"east": { "texture": "#zealotbody", "uv": [ 62.0, 49.5, 63.5, 52.5 ] },
						"south": { "texture": "#zealotbody", "uv": [ 58.0, 49.5, 61.5, 52.5 ], "rotation": 180 },
						"west": { "texture": "#zealotbody", "uv": [ 56.5, 49.5, 58.0, 52.5 ] },
						"up": { "texture": "#zealotbody", "uv": [ 58.0, 45.5, 61.5, 47.0 ], "rotation": 180 },
						"down": { "texture": "#zealotbody", "uv": [ 58.0, 48.0, 61.5, 49.5 ] }
					}
				}
			]
		},
		{
			"name": "Collar",
			"stepParentName": "Neck",
			"from": [ -0.25, 1.0, -0.25 ],
			"to": [ 3.25, 2.5, 3.25 ],
			"faces": {
				"north": { "texture": "#zealotbody", "uv": [ 12.0, 0.0, 15.5, 1.5 ] },
				"east": { "texture": "#zealotbody", "uv": [ 15.5, 0.0, 19.0, 1.5 ] },
				"south": { "texture": "#zealotbody", "uv": [ 19.0, 0.0, 22.5, 1.5 ] },
				"west": { "texture": "#zealotbody", "uv": [ 22.5, 0.0, 26.0, 1.5 ] }
			}
		},
		{
			"name": "SashL",
			"stepParentName": "UpperFootL",
			"from": [ -0.75, -5.11, 1.0 ],
			"to": [ 4.75, 6.89, 3.5 ],
			"rotationOrigin": [ -1.0253, -4.9973, 1.5954 ],
			"faces": {
				"east": { "texture": "#zealotbody", "uv": [ 9.0, 31.5, 11.5, 43.5 ] },
				"south": { "texture": "#zealotbody", "uv": [ 3.5, 31.5, 9.0, 43.5 ], "windMode": [-1,-1,-1,-1], "windData": [0,0,1,1] },
				"west": { "texture": "#zealotbody", "uv": [ 1.0, 31.5, 3.5, 43.5 ] },
				"up": { "texture": "#zealotbody", "uv": [ 3.5, 31.5, 9.0, 34.0 ], "windMode": [-1,-1,-1,-1], "windData": [1,1,1,1] }
			},
			"children": [
				{
					"name": "HipL",
					"from": [ -0.25, 10.5, 0.25 ],
					"to": [ 5.75, 12.5, 2.75 ],
					"rotationOrigin": [ 0.0, 10.0, 0.0 ],
					"faces": {
						"north": { "texture": "#zealotbody", "uv": [ 3.0, 50.0, 9.0, 52.0 ] },
						"east": { "texture": "#zealotbody", "uv": [ 9.0, 46.0, 11.5, 48.0 ] },
						"south": { "texture": "#zealotbody", "uv": [ 3.0, 46.0, 9.0, 48.0 ] },
						"west": { "texture": "#zealotbody", "uv": [ 0.5, 46.0, 3.0, 48.0 ] },
						"up": { "texture": "#zealotbody", "uv": [ 3.0, 43.5, 9.0, 46.0 ] },
						"down": { "texture": "#zealotbody", "uv": [ 3.0, 48.0, 9.0, 50.5 ], "rotation": 180 }
					}
				}
			]
		},
		{
			"name": "SashR",
			"stepParentName": "UpperFootR",
			"from": [ -0.75, -5.0, -0.25 ],
			"to": [ 4.75, 7.0, 2.25 ],
			"rotationOrigin": [ -2.2885, -10.068, -1.9 ],
			"faces": {
				"north": { "texture": "#zealotbody", "uv": [ 3.5, 31.5, 9.0, 43.5 ] },
				"east": { "texture": "#zealotbody", "uv": [ 1.0, 31.5, 3.5, 43.5 ] },
				"west": { "texture": "#zealotbody", "uv": [ 9.0, 31.5, 11.5, 43.5 ] },
				"up": { "texture": "#zealotbody", "uv": [ 3.5, 31.5, 9.0, 34.0 ], "rotation": 180, "windMode": [-1,-1,-1,-1], "windData": [1,1,1,1] }
			},
			"children": [
				{
					"name": "HipR",
					"from": [ -0.25, 10.5, -0.25 ],
					"to": [ 5.75, 12.5, 2.25 ],
					"rotationOrigin": [ 0.0, 10.0, 0.0 ],
					"faces": {
						"north": { "texture": "#zealotbody", "uv": [ 3.0, 46.0, 9.0, 48.0 ] },
						"east": { "texture": "#zealotbody", "uv": [ 0.5, 46.0, 3.0, 48.0 ] },
						"south": { "texture": "#zealotbody", "uv": [ 3.0, 50.0, 9.0, 52.0 ] },
						"west": { "texture": "#zealotbody", "uv": [ 9.0, 46.0, 11.5, 48.0 ] },
						"up": { "texture": "#zealotbody", "uv": [ 3.0, 43.5, 9.0, 46.0 ], "rotation": 180 },
						"down": { "texture": "#zealotbody", "uv": [ 3.0, 48.0, 9.0, 50.5 ] }
					}
				}
			]
		}
	]}
