[
  {
    "op": "add",
    "path": "/attributes/skinnableParts/5/variants/29",
    "value": {
      "code": "baldforehead"
    },
    "file": "game:entities/humanoid/player.json",
    "side": "Server"
  },
  {
    "op": "add",
    "path": "/attributes/skinnableParts/5/variants/30",
    "value": {
      "code": "mediummidparted"
    },
    "file": "game:entities/humanoid/player.json",
    "side": "Server"
  },
  {
    "op": "add",
    "path": "/attributes/skinnableParts/5/variants/31",
    "value": {
      "code": "mediumshy"
    },
    "file": "game:entities/humanoid/player.json",
    "side": "Server"
  },
  {
    "op": "add",
    "path": "/attributes/skinnableParts/5/variants/32",
    "value": {
      "code": "messysidepart"
    },
    "file": "game:entities/humanoid/player.json",
    "side": "Server"
  },
  {
    "op": "add",
    "path": "/attributes/skinnableParts/5/variants/33",
    "value": {
      "code": "shortfrizzy"
    },
    "file": "game:entities/humanoid/player.json",
    "side": "Server"
  },
  {
    "op": "add",
    "path": "/attributes/skinnableParts/5/variants/34",
    "value": {
      "code": "undercut"
    },
    "file": "game:entities/humanoid/player.json",
    "side": "Server"
  },
  {
    "op": "add",
    "path": "/attributes/skinnableParts/5/variants/35",
    "value": {
      "code": "page"
    },
    "file": "game:entities/humanoid/player.json",
    "side": "Server"
  },
  {
    "op": "add",
    "path": "/attributes/skinnableParts/6/variants/44",
    "value": {
      "code": "backbunbirdsnest"
    },
    "file": "game:entities/humanoid/player.json",
    "side": "Server"
  },
  {
    "op": "add",
    "path": "/attributes/skinnableParts/6/variants/45",
    "value": {
      "code": "curtain"
    },
    "file": "game:entities/humanoid/player.json",
    "side": "Server"
  },
  {
    "op": "add",
    "path": "/attributes/skinnableParts/6/variants/46",
    "value": {
      "code": "sideswept"
    },
    "file": "game:entities/humanoid/player.json",
    "side": "Server"
  },
  {
    "op": "add",
    "path": "/attributes/skinnableParts/6/variants/47",
    "value": {
      "code": "windsweptfringe"
    },
    "file": "game:entities/humanoid/player.json",
    "side": "Server"
  },
  {
    "op": "add",
    "path": "/attributes/skinnableParts/6/variants/48",
    "value": {
      "code": "ponytailvoluminous"
    },
    "file": "game:entities/humanoid/player.json",
    "side": "Server"
  },
  {
    "op": "add",
    "path": "/attributes/skinnableParts/6/variants/49",
    "value": {
      "code": "ronin"
    },
    "file": "game:entities/humanoid/player.json",
    "side": "Server"
  },
  {
    "op": "add",
    "path": "/attributes/skinnableParts/6/variants/50",
    "value": {
      "code": "tripletbraids"
    },
    "file": "game:entities/humanoid/player.json",
    "side": "Server"
  },
  {
    "op": "add",
    "path": "/attributes/skinnableParts/6/variants/51",
    "value": {
      "code": "elaboratesidebraids"
    },
    "file": "game:entities/humanoid/player.json",
    "side": "Server"
  },
  {
    "op": "add",
    "path": "/attributes/skinnableParts/6/variants/52",
    "value": {
      "code": "multibraid"
    },
    "file": "game:entities/humanoid/player.json",
    "side": "Server"
  },
  {
    "op": "add",
    "path": "/attributes/skinnableParts/6/variants/53",
    "value": {
      "code": "thicksidebraid"
    },
    "file": "game:entities/humanoid/player.json",
    "side": "Server"
  },
  {
    "op": "add",
    "path": "/attributes/skinnableParts/6/variants/54",
    "value": {
      "code": "cappedsidetails"
    },
    "file": "game:entities/humanoid/player.json",
    "side": "Server"
  },
  {
    "op": "add",
    "path": "/attributes/skinnableParts/6/variants/55",
    "value": {
      "code": "topbunvoluminous"
    },
    "file": "game:entities/humanoid/player.json",
    "side": "Server"
  },
  {
    "op": "add",
    "path": "/attributes/skinnableParts/6/variants/56",
    "value": {
      "code": "tiedvoluminous"
    },
    "file": "game:entities/humanoid/player.json",
    "side": "Server"
  },
  {
    "op": "add",
    "path": "/attributes/skinnableParts/6/variants/57",
    "value": {
      "code": "topknotspiky"
    },
    "file": "game:entities/humanoid/player.json",
    "side": "Server"
  },
  {
    "op": "add",
    "path": "/attributes/skinnableParts/6/variants/58",
    "value": {
      "code": "unkemptstrands"
    },
    "file": "game:entities/humanoid/player.json",
    "side": "Server"
  },
  {
    "op": "add",
    "path": "/attributes/skinnableParts/6/variants/59",
    "value": {
      "code": "warriorsmane"
    },
    "file": "game:entities/humanoid/player.json",
    "side": "Server"
  }
]