{
	code: "blade",
	damagedby: ["blockbreaking", "attacking"],
	tool: "sword",
	attributes: {




			"bloodshed-defense": {
				"blockSoundLight": "game:tool/slash",
				"blockSoundHeavy": "game:effect/anvilmergehit",
				"protectionChanceByType": {
					"*": {
					"passive": 0.075,
					"active": 0.75
					},
				},
				"damageAbsorptionByType": {
					"*-ruined": 2,
					"*-copper": 3,
					"*-tinbronze": 4,
					"*-bismuthbronze": 4.5,
					"*-blackbronze": 5,
					"*-iron": 5.5,
					"*-meteoriciron": 6,
					"*-steel": 6.5,
					"*-gold": 6.5,
					"*-silver": 6.5
				},
				"vertProtectionRange": 67.5,
				"horizProtectionRange": 67.5
			},







"sharpenable": true,
"onGrindstoneTransform": {
		translation: { x: -0.2, y: 0.3, z: 0.4 },
		rotation: { x: 50, y: 0, z: 0 },
		origin: { x: 0.5, y: 0.1, z: 0.5 },
		scale: 1
},

		heldItemPitchFollow: 0.9,
		handbook: {
			groupBy: ["blade-*"]
		},
		toolrackTransformByType: {
			"*":
				{
					translation: { x: 0.16, y: 0.7, z: 0 },
					rotation: { x: 0, y: 180, z: 1 },
					scale: 1.25
				},
			
		},
		groundStorageTransformByType: {
			"*": {
				translation: { x: 0.24, y: 0.195, z: -0.06 },
				rotation: { x: 24, y: 61, z: -87 },
				scale: 0.88
			}
		},
	},
	behaviors: [{ 
		name: "GroundStorable",
		properties: {
			layout: 'WallHalves',
			wallOffYByType: {

				"*": 1,
			},
			ctrlKey: true,
			selectionBox: { x1: 0, y1: 0, z1: 0, x2: 1, y2: 0.1, z2: 1 },
			collisionBox: { x1: 0, y1: 0, z1: 0, x2: 0, y2: 0, z2: 0 },
		},
	}, { name: "AnimationAuthoritative" }],
	variantgroups: [
		{ code: "type", states: ["sabre" ] },
		{ code: "metal", states: ["copper", "tinbronze", "bismuthbronze", "blackbronze", "gold", "silver", "iron", "meteoriciron", "steel",] }
	],
	skipVariants: [
		"blade-sabre-scrap",
	
	
	],
	allowedVariants: [
		"blade-sabre-*",
		
	],
	shapeByType: {

		"blade-sabre-gold": { base: "vanillaarmory:shapes/item/tool/blade/sabre-ornate" },
		"blade-sabre-silver": { base: "vanillaarmory:shapes/item/tool/blade/sabre-ornate" },

		"blade-sabre-*": { base: "game:item/tool/blade/sabre" },
		
	},
	heldTpHitAnimationByType: {

		"*": "falx"
	},
	texturesByType: {

		"blade-sabre-silver": { "blackbronze": { base: "game:block/metal/ingot/steel" }, 
					 "handguard": { base: "game:block/metal/ingot/silver" },
					 "cloth": { base: "game:block/cloth/linen/blue" },
		},
		"blade-sabre-gold": { "blackbronze": { base: "game:block/metal/ingot/steel" } },


		"blade-sabre-copper": { "blackbronze":  { base: "game:block/metal/ingot/copper"  } },
		"blade-sabre-tinbronze": { "blackbronze":  { base: "game:block/metal/ingot/tinbronze"  } },
		"blade-sabre-bismuthbronze": { "blackbronze":  { base: "game:block/metal/ingot/bismuthbronze"  } },
		"blade-sabre-blackbronze": { "blackbronze":  { base: "game:block/metal/ingot/blackbronze"  } },
		"blade-sabre-iron": { "blackbronze":  { base: "game:block/metal/ingot/iron"  } },
		"blade-sabre-meteoriciron": { "blackbronze":  { base: "game:block/metal/ingot/meteoriciron"  } },
		"blade-sabre-steel": { "blackbronze":  { base: "game:block/metal/ingot/steel"  } },
	},
	attackRangebytype: {
		
		"*": 3
	},
	attributesByType: {
		"blade-sabre-gold": {
			attachableToEntity: {
				categoryCode: "utilities",
				attachedShapeBySlotCode: {
					"frontrightside": { base: "item/wearable/hooved/elk/weaponr-sabre-ornate" },
					"frontleftside": { base: "item/wearable/hooved/elk/weaponl-sabre-ornate" }
				}
			}				
		},
		"blade-sabre-silver": {
			attachableToEntity: {
				categoryCode: "utilities",
				attachedShapeBySlotCode: {
					"frontrightside": { base: "item/wearable/hooved/elk/weaponr-sabre-ornate" },
					"frontleftside": { base: "item/wearable/hooved/elk/weaponl-sabre-ornate" }
				}
			}				
		},
		"blade-sabre-*": {
			attachableToEntity: {
				categoryCode: "utilities",
				attachedShapeBySlotCode: {
					"frontrightside": { base: "item/wearable/hooved/elk/weaponr-sabre" },
					"frontleftside": { base: "item/wearable/hooved/elk/weaponl-sabre" }
				}
			}				
		}
	},
	tooltierbytype: {

		"*-copper": 1,
		"*-gold": 4,
		"*-silver": 4,
		"*-bismuthbronze": 2,
		"*-tinbronze": 2,
		"*-blackbronze": 2,
		"*-iron": 3,
		"*-meteoriciron": 3,
		"*-steel": 4,

	},
	attackpowerbytype: {

		"blade-sabre-copper": 4.56,
		"blade-sabre-bismuthbronze": 5.16,
		"blade-sabre-tinbronze": 5.4,
		"blade-sabre-blackbronze": 5.76,
		"blade-sabre-iron": 6,
		"blade-sabre-meteoriciron": 6.36,
		"blade-sabre-steel": 6.36,
		"blade-sabre-gold": 6.36,
		"blade-sabre-silver": 6.36,

	},
	durabilitybytype: {

		"blade-sabre-copper": 450,
		"blade-sabre-tinbronze": 810,
		"blade-sabre-bismuthbronze": 945,
		"blade-sabre-blackbronze": 1080,
		"blade-sabre-iron": 1530,
		"blade-sabre-meteoriciron": 1980,
		"blade-sabre-steel": 3816,
		"blade-sabre-gold": 3816,
		"blade-sabre-silver": 3816,

	},
	creativeinventoryByType: {
		"*": { "general": ["*"],  "vanillaarmory": ["*"], "items": ["*"], "tools": ["*"], "clutterByType": { "*-ruined": ["*"] } }
	},
	guiTransformByType: {
				
		"blade-sabre-*": 
			{
				translation: { x: 0, y: 0, z: 0 },
				rotation: { x: -37, y: 124, z: -7 },
				origin: { x: 0.85, y: -0.1, z: 0.57 },
				scale: 2.06
			},
	},
	fpHandTransformByType: {
		"blade-sabre-*": {
				translation: { x: -0.2, y: -0.5, z: 0 },
				rotation: { x: -55, y: -4, z: 83 },
				scale: 1.93
		},
	},
	groundTransformByType: {
		"*":
			{
				translation: { x: 0, y: 0.04, z: 0 },
				rotation: { x: 0, y: 0, z: 0 },
				origin: { x: 0.5, y: 0, z: 0.5 },
				scale: 3.4
			},
		
	},
	tpHandTransformByType: {
		"*":
			{
				translation: { x: -0.98, y: 0.055, z: -0.78 },
				rotation: { x: 85, y: 0, z: 2 },
				origin: { x: 0.5, y: 0, z: 0.5 },
				scale: 0.63
			},
		}
}