{
	"editor": {
		"allAngles": false,
		"entityTextureMode": false
	},
	"textureWidth": 16,
	"textureHeight": 16,
	"textureSizes": {
		"flat": [16,16],
		"skin": [16,16]
	},
	"textures": {
		"skin": "game:block/creature/bone-yellow",
		"flat": "game:block/plant/lichen/oldmans/flat"
	},
	"elements": [
		{
			"name": "origin",
			"from": [ 8.0, 0.0, 8.0 ],
			"to": [ 8.0, 0.0, 8.0 ],
			"rotationOrigin": [ 8.0, 0.0, 8.0 ],
			"rotationY": -22.5,
			"faces": {
			},
			"children": [
				{
					"name": "Center Egg",
					"from": [ -1.0, 0.0, -1.0 ],
					"to": [ 0.75, 2.0, 1.0 ],
					"faces": {
						"north": { "texture": "#skin", "uv": [ 0.0, 1.5, 1.75, 3.5 ] },
						"east": { "texture": "#skin", "uv": [ 0.5, 3.5, 2.5, 5.5 ] },
						"south": { "texture": "#skin", "uv": [ 1.5, 0.5, 3.25, 2.5 ] },
						"west": { "texture": "#skin", "uv": [ 3.5, 0.0, 5.5, 2.0 ] },
						"up": { "texture": "#skin", "uv": [ 2.5, 1.5, 4.25, 3.5 ] },
						"down": { "texture": "#skin", "uv": [ 0.5, 2.5, 2.25, 4.5 ] }
					},
					"attachmentpoints": [
						{
							"code": "Center",
							"posX": "1.7","posY": "2.0","posZ": "2.0",
							"rotationX": "0.0","rotationY": "0.0","rotationZ": "0.0"
						}
					]
				},
				{
					"name": "Center Egg2",
					"from": [ -1.35, 0.15, -0.85 ],
					"to": [ 1.15, 1.85, 0.85 ],
					"rotationOrigin": [ -0.35, 0.15, 0.0 ],
					"faces": {
						"north": { "texture": "#skin", "uv": [ 1.5, 4.5, 4.0, 6.0 ] },
						"east": { "texture": "#skin", "uv": [ 3.5, 2.5, 5.0, 4.0 ] },
						"south": { "texture": "#skin", "uv": [ 2.5, 3.0, 5.0, 4.5 ] },
						"west": { "texture": "#skin", "uv": [ 3.5, 2.5, 5.0, 4.0 ] },
						"up": { "texture": "#skin", "uv": [ 2.0, 2.0, 4.5, 3.5 ] },
						"down": { "texture": "#skin", "uv": [ 1.0, 4.0, 3.5, 5.5 ] }
					},
					"children": [
						{
							"name": "Egg bottom",
							"from": [ -0.2, 0.1, 0.1 ],
							"to": [ 0.3, 1.6, 1.6 ],
							"rotationOrigin": [ -0.2, 0.1, 0.1 ],
							"faces": {
								"north": { "texture": "#skin", "uv": [ 0.0, 4.0, 0.5, 5.5 ] },
								"south": { "texture": "#skin", "uv": [ 3.5, 3.5, 4.0, 5.0 ] },
								"west": { "texture": "#skin", "uv": [ 4.0, 2.0, 5.5, 3.5 ], "windMode": [-1,-1,-1,-1] },
								"up": { "texture": "#skin", "uv": [ 0.0, 0.0, 0.5, 1.5 ] },
								"down": { "texture": "#skin", "uv": [ 5.0, 0.5, 5.5, 2.0 ] }
							}
						},
						{
							"name": "Egg top",
							"from": [ 2.25, 0.2, 0.2 ],
							"to": [ 2.75, 1.5, 1.5 ],
							"rotationOrigin": [ 2.25, 0.2, 0.2 ],
							"faces": {
								"north": { "texture": "#skin", "uv": [ 5.0, 0.5, 5.5, 1.5 ] },
								"east": { "texture": "#skin", "uv": [ 3.5, 4.5, 4.5, 5.5 ] },
								"south": { "texture": "#skin", "uv": [ 1.5, 2.0, 2.0, 3.0 ] },
								"up": { "texture": "#skin", "uv": [ 0.5, 0.5, 1.0, 1.5 ] },
								"down": { "texture": "#skin", "uv": [ 2.5, 1.5, 3.0, 2.5 ] }
							},
							"children": [
								{
									"name": "Egg tip",
									"from": [ 0.25, 0.15, 0.15 ],
									"to": [ 0.75, 1.15, 1.15 ],
									"rotationOrigin": [ 0.25, 0.15, 0.15 ],
									"faces": {
										"north": { "texture": "#skin", "uv": [ 0.0, 3.0, 0.5, 4.0 ] },
										"east": { "texture": "#skin", "uv": [ 0.5, 4.0, 1.5, 5.0 ] },
										"south": { "texture": "#skin", "uv": [ 4.5, 1.0, 5.0, 2.0 ] },
										"up": { "texture": "#skin", "uv": [ 1.0, 2.0, 1.5, 3.0 ] },
										"down": { "texture": "#skin", "uv": [ 6.0, 5.0, 6.5, 6.0 ] }
									}
								}
							]
						}
					]
				}
			]
		},
		{
			"name": "origin2",
			"from": [ 10.5, 0.0, 7.2 ],
			"to": [ 10.5, 0.0, 7.2 ],
			"rotationOrigin": [ 10.5, 0.0, 7.2 ],
			"rotationY": 112.5,
			"faces": {
			},
			"children": [
				{
					"name": "Center Egg3",
					"from": [ -1.0, 0.0, -1.0 ],
					"to": [ 0.75, 2.0, 1.0 ],
					"faces": {
						"north": { "texture": "#skin", "uv": [ 0.0, 1.5, 1.5, 3.5 ] },
						"east": { "texture": "#skin", "uv": [ 0.5, 3.5, 2.5, 5.5 ] },
						"south": { "texture": "#skin", "uv": [ 1.5, 0.5, 3.0, 2.5 ] },
						"west": { "texture": "#skin", "uv": [ 3.5, 0.0, 5.5, 2.0 ] },
						"up": { "texture": "#skin", "uv": [ 2.5, 1.5, 4.0, 3.5 ] },
						"down": { "texture": "#skin", "uv": [ 0.5, 2.5, 2.0, 4.5 ] }
					}
				},
				{
					"name": "Center Egg4",
					"from": [ -1.35, 0.15, -0.85 ],
					"to": [ 1.15, 1.85, 0.85 ],
					"rotationOrigin": [ -0.35, 0.15, 0.0 ],
					"faces": {
						"north": { "texture": "#skin", "uv": [ 1.5, 4.5, 4.0, 6.0 ] },
						"east": { "texture": "#skin", "uv": [ 3.5, 2.5, 5.0, 4.0 ] },
						"south": { "texture": "#skin", "uv": [ 2.5, 3.0, 5.0, 4.5 ] },
						"west": { "texture": "#skin", "uv": [ 3.5, 2.5, 5.0, 4.0 ] },
						"up": { "texture": "#skin", "uv": [ 2.0, 2.0, 4.5, 3.5 ] },
						"down": { "texture": "#skin", "uv": [ 1.0, 4.0, 3.5, 5.5 ] }
					},
					"children": [
						{
							"name": "Egg bottom2",
							"from": [ -0.2, 0.1, 0.1 ],
							"to": [ 0.3, 1.6, 1.6 ],
							"rotationOrigin": [ -0.2, 0.1, 0.1 ],
							"faces": {
								"north": { "texture": "#skin", "uv": [ 0.0, 4.0, 0.5, 5.5 ] },
								"south": { "texture": "#skin", "uv": [ 3.5, 3.5, 4.0, 5.0 ] },
								"west": { "texture": "#skin", "uv": [ 4.0, 2.0, 5.5, 3.5 ] },
								"up": { "texture": "#skin", "uv": [ 0.0, 0.0, 0.5, 1.5 ] },
								"down": { "texture": "#skin", "uv": [ 5.0, 0.5, 5.5, 2.0 ] }
							}
						},
						{
							"name": "Egg top2",
							"from": [ 2.25, 0.2, 0.2 ],
							"to": [ 2.75, 1.5, 1.5 ],
							"rotationOrigin": [ 2.25, 0.2, 0.2 ],
							"faces": {
								"north": { "texture": "#skin", "uv": [ 5.0, 0.5, 5.5, 1.5 ] },
								"east": { "texture": "#skin", "uv": [ 3.5, 4.5, 4.5, 5.5 ] },
								"south": { "texture": "#skin", "uv": [ 1.5, 2.0, 2.0, 3.0 ] },
								"up": { "texture": "#skin", "uv": [ 0.5, 0.5, 1.0, 1.5 ] },
								"down": { "texture": "#skin", "uv": [ 2.5, 1.5, 3.0, 2.5 ] }
							},
							"children": [
								{
									"name": "Egg tip2",
									"from": [ 0.25, 0.15, 0.15 ],
									"to": [ 0.75, 1.15, 1.15 ],
									"rotationOrigin": [ 0.25, 0.15, 0.15 ],
									"faces": {
										"north": { "texture": "#skin", "uv": [ 0.0, 3.0, 0.5, 4.0 ] },
										"east": { "texture": "#skin", "uv": [ 0.5, 4.0, 1.5, 5.0 ] },
										"south": { "texture": "#skin", "uv": [ 4.5, 1.0, 5.0, 2.0 ] },
										"up": { "texture": "#skin", "uv": [ 1.0, 2.0, 1.5, 3.0 ] },
										"down": { "texture": "#skin", "uv": [ 6.0, 5.0, 6.5, 6.0 ] }
									}
								}
							]
						}
					]
				}
			]
		},
		{
			"name": "origin3",
			"from": [ 8.0, 0.0, 5.5 ],
			"to": [ 8.0, 0.0, 5.5 ],
			"rotationOrigin": [ 8.0, 0.0, 5.5 ],
			"rotationY": -157.5,
			"faces": {
			},
			"children": [
				{
					"name": "Center Egg5",
					"from": [ -1.0, 0.0, -1.0 ],
					"to": [ 0.75, 2.0, 1.0 ],
					"faces": {
						"north": { "texture": "#skin", "uv": [ 0.0, 1.5, 1.5, 3.5 ] },
						"east": { "texture": "#skin", "uv": [ 0.5, 3.5, 2.5, 5.5 ] },
						"south": { "texture": "#skin", "uv": [ 1.5, 0.5, 3.0, 2.5 ] },
						"west": { "texture": "#skin", "uv": [ 3.5, 0.0, 5.5, 2.0 ] },
						"up": { "texture": "#skin", "uv": [ 2.5, 1.5, 4.0, 3.5 ] },
						"down": { "texture": "#skin", "uv": [ 0.5, 2.5, 2.0, 4.5 ] }
					}
				},
				{
					"name": "Center Egg6",
					"from": [ -1.35, 0.15, -0.85 ],
					"to": [ 1.15, 1.85, 0.85 ],
					"rotationOrigin": [ -0.35, 0.15, 0.0 ],
					"faces": {
						"north": { "texture": "#skin", "uv": [ 1.5, 4.5, 4.0, 6.0 ] },
						"east": { "texture": "#skin", "uv": [ 3.5, 2.5, 5.0, 4.0 ] },
						"south": { "texture": "#skin", "uv": [ 2.5, 3.0, 5.0, 4.5 ] },
						"west": { "texture": "#skin", "uv": [ 3.5, 2.5, 5.0, 4.0 ] },
						"up": { "texture": "#skin", "uv": [ 2.0, 2.0, 4.5, 3.5 ] },
						"down": { "texture": "#skin", "uv": [ 1.0, 4.0, 3.5, 5.5 ] }
					},
					"children": [
						{
							"name": "Egg bottom3",
							"from": [ -0.2, 0.1, 0.1 ],
							"to": [ 0.3, 1.6, 1.6 ],
							"rotationOrigin": [ -0.2, 0.1, 0.1 ],
							"faces": {
								"north": { "texture": "#skin", "uv": [ 0.0, 4.0, 0.5, 5.5 ] },
								"south": { "texture": "#skin", "uv": [ 3.5, 3.5, 4.0, 5.0 ] },
								"west": { "texture": "#skin", "uv": [ 4.0, 2.0, 5.5, 3.5 ] },
								"up": { "texture": "#skin", "uv": [ 0.0, 0.0, 0.5, 1.5 ] },
								"down": { "texture": "#skin", "uv": [ 5.0, 0.5, 5.5, 2.0 ] }
							}
						},
						{
							"name": "Egg top3",
							"from": [ 2.25, 0.2, 0.2 ],
							"to": [ 2.75, 1.5, 1.5 ],
							"rotationOrigin": [ 2.25, 0.2, 0.2 ],
							"faces": {
								"north": { "texture": "#skin", "uv": [ 5.0, 0.5, 5.5, 1.5 ] },
								"east": { "texture": "#skin", "uv": [ 3.5, 4.5, 4.5, 5.5 ] },
								"south": { "texture": "#skin", "uv": [ 1.5, 2.0, 2.0, 3.0 ] },
								"up": { "texture": "#skin", "uv": [ 0.5, 0.5, 1.0, 1.5 ] },
								"down": { "texture": "#skin", "uv": [ 2.5, 1.5, 3.0, 2.5 ] }
							},
							"children": [
								{
									"name": "Egg tip3",
									"from": [ 0.25, 0.15, 0.15 ],
									"to": [ 0.75, 1.15, 1.15 ],
									"rotationOrigin": [ 0.25, 0.15, 0.15 ],
									"faces": {
										"north": { "texture": "#skin", "uv": [ 0.0, 3.0, 0.5, 4.0 ] },
										"east": { "texture": "#skin", "uv": [ 0.5, 4.0, 1.5, 5.0 ] },
										"south": { "texture": "#skin", "uv": [ 4.5, 1.0, 5.0, 2.0 ] },
										"up": { "texture": "#skin", "uv": [ 1.0, 2.0, 1.5, 3.0 ] },
										"down": { "texture": "#skin", "uv": [ 6.0, 5.0, 6.5, 6.0 ] }
									}
								}
							]
						}
					]
				}
			]
		},
		{
			"name": "origin4",
			"from": [ 8.5, 0.0, 10.2 ],
			"to": [ 8.5, 0.0, 10.2 ],
			"rotationOrigin": [ 8.5, 0.0, 10.2 ],
			"faces": {
			},
			"children": [
				{
					"name": "Center Egg7",
					"from": [ -1.0, 0.0, -1.0 ],
					"to": [ 0.75, 2.0, 1.0 ],
					"faces": {
						"north": { "texture": "#skin", "uv": [ 0.0, 1.5, 1.5, 3.5 ] },
						"east": { "texture": "#skin", "uv": [ 0.5, 3.5, 2.5, 5.5 ] },
						"south": { "texture": "#skin", "uv": [ 1.5, 0.5, 3.0, 2.5 ] },
						"west": { "texture": "#skin", "uv": [ 3.5, 0.0, 5.5, 2.0 ] },
						"up": { "texture": "#skin", "uv": [ 2.5, 1.5, 4.0, 3.5 ] },
						"down": { "texture": "#skin", "uv": [ 0.5, 2.5, 2.0, 4.5 ] }
					}
				},
				{
					"name": "Center Egg8",
					"from": [ -1.35, 0.15, -0.85 ],
					"to": [ 1.15, 1.85, 0.85 ],
					"rotationOrigin": [ -0.35, 0.15, 0.0 ],
					"faces": {
						"north": { "texture": "#skin", "uv": [ 1.5, 4.5, 4.0, 6.0 ] },
						"east": { "texture": "#skin", "uv": [ 3.5, 2.5, 5.0, 4.0 ] },
						"south": { "texture": "#skin", "uv": [ 2.5, 3.0, 5.0, 4.5 ] },
						"west": { "texture": "#skin", "uv": [ 3.5, 2.5, 5.0, 4.0 ] },
						"up": { "texture": "#skin", "uv": [ 2.0, 2.0, 4.5, 3.5 ] },
						"down": { "texture": "#skin", "uv": [ 1.0, 4.0, 3.5, 5.5 ] }
					},
					"children": [
						{
							"name": "Egg bottom4",
							"from": [ -0.2, 0.1, 0.1 ],
							"to": [ 0.3, 1.6, 1.6 ],
							"rotationOrigin": [ -0.2, 0.1, 0.1 ],
							"faces": {
								"north": { "texture": "#skin", "uv": [ 0.0, 4.0, 0.5, 5.5 ] },
								"south": { "texture": "#skin", "uv": [ 3.5, 3.5, 4.0, 5.0 ] },
								"west": { "texture": "#skin", "uv": [ 4.0, 2.0, 5.5, 3.5 ] },
								"up": { "texture": "#skin", "uv": [ 0.0, 0.0, 0.5, 1.5 ] },
								"down": { "texture": "#skin", "uv": [ 5.0, 0.5, 5.5, 2.0 ] }
							}
						},
						{
							"name": "Egg top4",
							"from": [ 2.25, 0.2, 0.2 ],
							"to": [ 2.75, 1.5, 1.5 ],
							"rotationOrigin": [ 2.25, 0.2, 0.2 ],
							"faces": {
								"north": { "texture": "#skin", "uv": [ 5.0, 0.5, 5.5, 1.5 ] },
								"east": { "texture": "#skin", "uv": [ 3.5, 4.5, 4.5, 5.5 ] },
								"south": { "texture": "#skin", "uv": [ 1.5, 2.0, 2.0, 3.0 ] },
								"up": { "texture": "#skin", "uv": [ 0.5, 0.5, 1.0, 1.5 ] },
								"down": { "texture": "#skin", "uv": [ 2.5, 1.5, 3.0, 2.5 ] }
							},
							"children": [
								{
									"name": "Egg tip4",
									"from": [ 0.25, 0.15, 0.15 ],
									"to": [ 0.75, 1.15, 1.15 ],
									"rotationOrigin": [ 0.25, 0.15, 0.15 ],
									"faces": {
										"north": { "texture": "#skin", "uv": [ 0.0, 3.0, 0.5, 4.0 ] },
										"east": { "texture": "#skin", "uv": [ 0.5, 4.0, 1.5, 5.0 ] },
										"south": { "texture": "#skin", "uv": [ 4.5, 1.0, 5.0, 2.0 ] },
										"up": { "texture": "#skin", "uv": [ 1.0, 2.0, 1.5, 3.0 ] },
										"down": { "texture": "#skin", "uv": [ 6.0, 5.0, 6.5, 6.0 ] }
									}
								}
							]
						}
					]
				}
			]
		},
		{
			"name": "Nest base",
			"from": [ 8.0, 0.0, 8.0 ],
			"to": [ 8.0, 0.0, 8.0 ],
			"rotationOrigin": [ 8.0, 0.0, 8.0 ],
			"faces": {
			},
			"children": [
				{
					"name": "Leaves",
					"from": [ 1.0, 1.0, 0.0 ],
					"to": [ 5.0, 1.0, 4.0 ],
					"shade": false,
					"renderPass": 1,
					"rotationOrigin": [ 1.0, 1.0, 0.0 ],
					"rotationX": 15.0,
					"faces": {
						"up": { "texture": "#flat", "uv": [ 10.5, 5.5, 14.5, 9.5 ], "windMode": [-1,-1,-1,-1] }
					}
				},
				{
					"name": "Leaves2",
					"from": [ -3.0, 0.0, -1.0 ],
					"to": [ 1.0, 0.0, 3.0 ],
					"shade": false,
					"renderPass": 1,
					"rotationOrigin": [ -3.0, 0.0, -1.0 ],
					"rotationX": -15.0,
					"faces": {
						"up": { "texture": "#flat", "uv": [ 9.5, 2.5, 13.5, 6.5 ] }
					}
				},
				{
					"name": "Leaves3",
					"from": [ -2.0, 0.0, -3.0 ],
					"to": [ 2.0, 0.0, 1.0 ],
					"shade": false,
					"renderPass": 1,
					"rotationOrigin": [ -2.0, 0.0, -3.0 ],
					"rotationX": -15.0,
					"faces": {
						"up": { "texture": "#flat", "uv": [ 1.5, 8.5, 5.5, 12.5 ] }
					}
				},
				{
					"name": "Leaves4",
					"from": [ -4.0, 0.0, -5.0 ],
					"to": [ 0.0, 0.0, -1.0 ],
					"shade": false,
					"renderPass": 1,
					"rotationOrigin": [ -4.0, 0.0, -5.0 ],
					"rotationX": -15.0,
					"faces": {
						"up": { "texture": "#flat", "uv": [ 3.0, 6.5, 7.0, 10.5 ] }
					}
				},
				{
					"name": "Leaves5",
					"from": [ 2.0, 0.0, -4.0 ],
					"to": [ 6.0, 0.0, 0.0 ],
					"shade": false,
					"renderPass": 1,
					"rotationOrigin": [ 2.0, 0.0, -4.0 ],
					"rotationX": -15.0,
					"faces": {
						"up": { "texture": "#flat", "uv": [ 8.0, 9.0, 12.0, 13.0 ] }
					}
				},
				{
					"name": "Leaves6",
					"from": [ -2.0, 1.0, -5.0 ],
					"to": [ 2.0, 1.0, -1.0 ],
					"shade": false,
					"renderPass": 1,
					"rotationOrigin": [ -2.0, 1.0, -5.0 ],
					"rotationX": 15.0,
					"faces": {
						"up": { "texture": "#flat", "uv": [ 4.0, 3.5, 8.0, 7.5 ] }
					}
				},
				{
					"name": "Main portion of leaves",
					"from": [ -6.0, 0.1, -6.0 ],
					"to": [ 6.0, 0.1, 6.0 ],
					"shade": false,
					"renderPass": 1,
					"rotationOrigin": [ -6.0, 0.1, -6.0 ],
					"faces": {
						"up": { "texture": "#flat", "uv": [ 2.5, 2.0, 14.5, 14.0 ], "windMode": [-1,-1,-1,-1] }
					}
				}
			]
		}
	],
	"animations": [
		{
			"name": "Idle",
			"code": "idle",
			"quantityframes": 2,
			"onActivityStopped": "EaseOut",
			"onAnimationEnd": "Repeat",
			"keyframes": [
				{
					"frame": 0,
					"elements": {
						"Nest base": { "offsetX": 0.0, "offsetY": 0.0, "offsetZ": 0.0 }
					}
				}
			]
		}
	]}