{
    "enabled": true,
    "domain": "game",
    "id": "sunflower",
    "growthmultiplier": 1.0,
    "cloneable": true,
    "AllowCloning": true,
    "spreadchance": 0.2,
    "seeddropchance": 1.0,
    "seeddropbonus": 0.0,
    "allowSourceStage": 6,
    "MinClipStage": 10,
    "ClipRollbackStage": 4,
    "Clip_products": {
        "Products": [
            {
                "CollectibleCode": "game:seeds-sunflower",
                "ItemClass": 1,
                "Avg": 0.5,
                "Var": 0.3,
                "LastDrop": false
            }
        ]
    }
}
