{
	"editor": {
		"collapsedPaths": "",
		"allAngles": true,
		"entityTextureMode": true
	},
	"textureWidth": 56,
	"textureHeight": 64,
	"textureSizes": {
		"skin": [56,64]
	},
	"textures": {
	},
	"elements": [
		{
			"name": "Rotation Point",
			"from": [ 0.0, 0.0, 0.0 ],
			"to": [ 0.0, 0.0, 0.0 ],
			"uv": [ 0.0, 0.0 ],
			"faces": {
			},
			"children": [
				{
					"name": "Base",
					"from": [ 0.0, 0.0, 8.0 ],
					"to": [ 0.0, 0.0, 8.0 ],
					"autoUnwrap": false,
					"uv": [ 0.0, 0.0 ],
					"rotationOrigin": [ 0.0, 0.0, 8.0 ],
					"faces": {
					},
					"children": [
						{
							"name": "PeltBody",
							"from": [ 0.0, 0.0, -3.0 ],
							"to": [ 5.8, 0.462, 3.0 ],
							"unwrapMode": 7,
							"unwrapRotation": 1,
							"autoUnwrap": false,
							"uv": [ 12.0, 63.5 ],
							"rotationOrigin": [ 0.0, 0.0, -3.0 ],
							"faces": {
								"north": { "texture": "#skin", "uv": [ 15.5, 17.0, 16.0, 22.5 ], "rotation": 90, "windMode": [-1,-1,-1,-1] },
								"east": { "texture": "#skin", "uv": [ 22.5, 36.5, 28.5, 37.0 ], "windMode": [-1,-1,-1,-1] },
								"south": { "texture": "#skin", "uv": [ 8.0, 17.0, 8.5, 22.5 ], "rotation": 270, "windMode": [-1,-1,-1,-1] },
								"west": { "texture": "#skin", "uv": [ 16.0, 36.5, 22.0, 37.0 ], "rotation": 180, "windMode": [-1,-1,-1,-1] },
								"up": { "texture": "#skin", "uv": [ 9.0, 17.0, 15.0, 22.5 ], "rotation": 270, "windMode": [-1,-1,-1,-1] },
								"down": { "texture": "#skin", "uv": [ 23.0, 17.0, 29.0, 22.5 ], "rotation": 90, "windMode": [-1,-1,-1,-1] }
							},
							"children": [
								{
									"name": "LBody",
									"from": [ 0.0, 0.011, 5.5 ],
									"to": [ 5.8, 0.451, 13.0 ],
									"unwrapMode": 7,
									"unwrapRotation": 1,
									"autoUnwrap": false,
									"uv": [ 4.5, 63.5 ],
									"rotationOrigin": [ 0.0, -0.011, 5.5 ],
									"rotationY": -3.0,
									"faces": {
										"east": { "texture": "#skin", "uv": [ 1.0, 22.0, 8.5, 22.5 ], "windMode": [-1,-1,-1,-1] },
										"south": { "texture": "#skin", "uv": [ 1.0, 17.0, 1.5, 22.5 ], "rotation": 270, "windMode": [-1,-1,-1,-1] },
										"west": { "texture": "#skin", "uv": [ 16.0, 36.5, 16.5, 44.0 ], "rotation": 90, "windMode": [-1,-1,-1,-1] },
										"up": { "texture": "#skin", "uv": [ 1.0, 17.0, 8.5, 22.5 ], "rotation": 270, "windMode": [-1,-1,-1,-1] },
										"down": { "texture": "#skin", "uv": [ 21.5, 17.0, 29.0, 22.5 ], "rotation": 270, "windMode": [-1,-1,-1,-1] }
									},
									"children": [
										{
											"name": "LArm",
											"from": [ 0.0, 0.011, 5.6 ],
											"to": [ 1.9, 0.429, 11.2 ],
											"unwrapMode": 5,
											"autoUnwrap": false,
											"uv": [ 30.5, 17.5 ],
											"rotationOrigin": [ 0.0, 0.011, 5.6 ],
											"rotationY": -20.0,
											"faces": {
												"east": { "texture": "#skin", "uv": [ 32.5, 17.5, 33.0, 23.0 ], "rotation": 90 },
												"south": { "texture": "#skin", "uv": [ 31.5, 23.0, 32.0, 24.5 ], "rotation": 90, "windMode": [-1,-1,-1,-1] },
												"west": { "texture": "#skin", "uv": [ 30.5, 17.5, 31.0, 23.0 ], "rotation": 270, "windMode": [-1,-1,-1,-1] },
												"up": { "texture": "#skin", "uv": [ 31.0, 17.5, 32.5, 23.0 ], "windMode": [-1,-1,-1,-1] },
												"down": { "texture": "#skin", "uv": [ 33.0, 17.5, 34.5, 23.0 ], "windMode": [-1,-1,-1,-1] }
											},
											"children": [
												{
													"name": "LArmLower",
													"from": [ 1.0, 0.01, -0.02 ],
													"to": [ 2.9, 0.406, 5.58 ],
													"unwrapMode": 5,
													"autoUnwrap": false,
													"uv": [ 31.0, 17.5 ],
													"rotationOrigin": [ 3.2, 0.011, -0.02 ],
													"rotationY": -5.0,
													"faces": {
														"east": { "texture": "#skin", "uv": [ 32.5, 17.5, 33.0, 23.0 ], "rotation": 90 },
														"south": { "texture": "#skin", "uv": [ 31.5, 23.0, 32.0, 24.5 ], "rotation": 90, "windMode": [-1,-1,-1,-1] },
														"up": { "texture": "#skin", "uv": [ 31.0, 17.5, 32.5, 23.0 ], "windMode": [-1,-1,-1,-1] },
														"down": { "texture": "#skin", "uv": [ 33.0, 17.5, 34.5, 23.0 ], "windMode": [-1,-1,-1,-1] }
													}
												}
											]
										}
									]
								},
								{
									"name": "RBody",
									"from": [ 0.0, -0.451, 0.5 ],
									"to": [ 5.8, -0.011, 8.0 ],
									"unwrapMode": 7,
									"unwrapRotation": 1,
									"autoUnwrap": false,
									"uv": [ 25.0, 75.0 ],
									"rotationOrigin": [ 0.0, 0.0, 0.5 ],
									"rotationX": 180.0,
									"rotationY": -3.0,
									"faces": {
										"east": { "texture": "#skin", "uv": [ 15.5, 22.0, 23.0, 22.5 ], "rotation": 180 },
										"south": { "texture": "#skin", "uv": [ 22.5, 17.0, 23.0, 22.5 ], "rotation": 270, "windMode": [-1,-1,-1,-1] },
										"west": { "texture": "#skin", "uv": [ 21.5, 36.5, 22.0, 44.0 ], "rotation": 90, "windMode": [-1,-1,-1,-1] },
										"up": { "texture": "#skin", "uv": [ 21.5, 17.0, 29.0, 22.5 ], "rotation": 270, "windMode": [-1,-1,-1,-1] },
										"down": { "texture": "#skin", "uv": [ 15.5, 17.0, 23.0, 22.5 ], "rotation": 90, "windMode": [-1,-1,-1,-1] }
									},
									"children": [
										{
											"name": "RArm",
											"from": [ 0.0, 0.011, 5.6 ],
											"to": [ 1.9, 0.429, 11.2 ],
											"unwrapMode": 6,
											"autoUnwrap": false,
											"uv": [ 43.5, 17.5 ],
											"rotationOrigin": [ 0.0, 0.429, 5.6 ],
											"rotationY": -20.0,
											"faces": {
												"east": { "texture": "#skin", "uv": [ 43.5, 17.5, 44.0, 23.0 ], "rotation": 90 },
												"south": { "texture": "#skin", "uv": [ 44.5, 23.0, 45.0, 24.5 ], "rotation": 90, "windMode": [-1,-1,-1,-1] },
												"west": { "texture": "#skin", "uv": [ 45.5, 17.5, 46.0, 23.0 ], "rotation": 270, "windMode": [-1,-1,-1,-1] },
												"up": { "texture": "#skin", "uv": [ 46.0, 17.5, 47.5, 23.0 ], "windMode": [-1,-1,-1,-1] },
												"down": { "texture": "#skin", "uv": [ 44.0, 17.5, 45.5, 23.0 ], "windMode": [-1,-1,-1,-1] }
											},
											"children": [
												{
													"name": "RArmLower",
													"from": [ 1.0, 0.011, -0.32 ],
													"to": [ 2.9, 0.407, 5.28 ],
													"unwrapMode": 5,
													"autoUnwrap": false,
													"uv": [ 44.0, 17.5 ],
													"rotationOrigin": [ 3.2, 0.407, -0.32 ],
													"rotationY": -5.0,
													"faces": {
														"east": { "texture": "#skin", "uv": [ 45.5, 17.5, 46.0, 23.0 ], "rotation": 90, "windMode": [-1,-1,-1,-1] },
														"south": { "texture": "#skin", "uv": [ 44.5, 23.0, 45.0, 24.5 ], "rotation": 90, "windMode": [-1,-1,-1,-1] },
														"up": { "texture": "#skin", "uv": [ 44.0, 17.5, 45.5, 23.0 ], "windMode": [-1,-1,-1,-1] },
														"down": { "texture": "#skin", "uv": [ 46.0, 17.5, 47.5, 23.0 ], "windMode": [-1,-1,-1,-1] }
													}
												}
											]
										}
									]
								},
								{
									"name": "PeltMidSection",
									"from": [ 5.7, 0.011, 0.2 ],
									"to": [ 11.7, 0.451, 5.8 ],
									"unwrapMode": 7,
									"unwrapRotation": 1,
									"autoUnwrap": false,
									"uv": [ 10.5, 27.5 ],
									"rotationOrigin": [ 5.7, 0.011, 0.2 ],
									"faces": {
										"north": { "texture": "#skin", "uv": [ 14.5, 23.0, 15.0, 29.0 ], "rotation": 90, "windMode": [-1,-1,-1,-1] },
										"east": { "texture": "#skin", "uv": [ 16.5, 45.5, 22.0, 46.0 ], "windMode": [-1,-1,-1,-1] },
										"south": { "texture": "#skin", "uv": [ 8.5, 23.0, 9.0, 29.0 ], "rotation": 270, "windMode": [-1,-1,-1,-1] },
										"up": { "texture": "#skin", "uv": [ 9.0, 23.0, 14.5, 29.0 ], "rotation": 270, "windMode": [-1,-1,-1,-1] },
										"down": { "texture": "#skin", "uv": [ 22.5, 23.0, 28.0, 29.0 ], "rotation": 90, "windMode": [-1,-1,-1,-1] }
									},
									"children": [
										{
											"name": "LMidSection",
											"from": [ 0.0, 0.011, 5.0 ],
											"to": [ 6.0, 0.429, 13.0 ],
											"unwrapMode": 7,
											"unwrapRotation": 1,
											"autoUnwrap": false,
											"uv": [ 2.5, 35.0 ],
											"rotationOrigin": [ 0.0, 0.011, 5.0 ],
											"rotationY": -3.0,
											"faces": {
												"east": { "texture": "#skin", "uv": [ 1.0, 28.5, 9.0, 29.0 ] },
												"south": { "texture": "#skin", "uv": [ 1.0, 23.0, 1.5, 29.0 ], "rotation": 270, "windMode": [-1,-1,-1,-1] },
												"west": { "texture": "#skin", "uv": [ 1.0, 23.0, 9.0, 23.5 ], "rotation": 180, "windMode": [-1,-1,-1,-1] },
												"up": { "texture": "#skin", "uv": [ 1.0, 23.0, 9.0, 29.0 ], "rotation": 270, "windMode": [-1,-1,-1,-1] },
												"down": { "texture": "#skin", "uv": [ 20.0, 23.0, 28.0, 29.0 ], "rotation": 270, "windMode": [-1,-1,-1,-1] }
											}
										},
										{
											"name": "RMidSection",
											"from": [ 0.0, -0.407, 0.5 ],
											"to": [ 6.0, 0.011, 8.5 ],
											"unwrapMode": 7,
											"unwrapRotation": 1,
											"autoUnwrap": false,
											"uv": [ 17.0, 34.0 ],
											"rotationOrigin": [ 0.0, 0.011, 0.5 ],
											"rotationX": 180.0,
											"rotationY": -3.0,
											"faces": {
												"east": { "texture": "#skin", "uv": [ 15.0, 28.5, 23.0, 29.0 ] },
												"south": { "texture": "#skin", "uv": [ 22.5, 23.0, 23.0, 29.0 ], "rotation": 270, "windMode": [-1,-1,-1,-1] },
												"west": { "texture": "#skin", "uv": [ 15.0, 23.0, 23.0, 23.5 ], "rotation": 180, "windMode": [-1,-1,-1,-1] },
												"up": { "texture": "#skin", "uv": [ 20.0, 23.0, 28.0, 29.0 ], "rotation": 270, "windMode": [-1,-1,-1,-1] },
												"down": { "texture": "#skin", "uv": [ 14.5, 23.0, 22.5, 29.0 ], "rotation": 90, "windMode": [-1,-1,-1,-1] }
											}
										},
										{
											"name": "PeltRear",
											"from": [ 5.9, 0.01, -0.2 ],
											"to": [ 11.9, 0.45, 5.8 ],
											"unwrapMode": 7,
											"unwrapRotation": 1,
											"autoUnwrap": false,
											"uv": [ 10.0, 33.0 ],
											"rotationOrigin": [ 5.9, 0.011, -0.2 ],
											"faces": {
												"north": { "texture": "#skin", "uv": [ 15.0, 29.5, 15.5, 35.5 ], "rotation": 90, "windMode": [-1,-1,-1,-1] },
												"east": { "texture": "#skin", "uv": [ 9.0, 35.0, 15.0, 35.5 ], "windMode": [-1,-1,-1,-1] },
												"south": { "texture": "#skin", "uv": [ 8.5, 29.5, 9.0, 35.5 ], "rotation": 270, "windMode": [-1,-1,-1,-1] },
												"up": { "texture": "#skin", "uv": [ 9.0, 29.5, 15.0, 35.5 ], "rotation": 270, "windMode": [-1,-1,-1,-1] },
												"down": { "texture": "#skin", "uv": [ 23.0, 29.5, 29.0, 35.5 ], "rotation": 90, "windMode": [-1,-1,-1,-1] }
											},
											"children": [
												{
													"name": "LRear",
													"from": [ 0.0, 0.011, 5.5 ],
													"to": [ 6.0, 0.429, 13.5 ],
													"unwrapMode": 7,
													"unwrapRotation": 1,
													"autoUnwrap": false,
													"uv": [ 3.5, 42.5 ],
													"rotationOrigin": [ 0.0, 0.011, 5.5 ],
													"rotationY": -3.0,
													"faces": {
														"east": { "texture": "#skin", "uv": [ 1.0, 35.0, 9.0, 35.5 ] },
														"south": { "texture": "#skin", "uv": [ 1.0, 29.5, 1.5, 35.5 ], "rotation": 270, "windMode": [-1,-1,-1,-1] },
														"west": { "texture": "#skin", "uv": [ 1.0, 29.5, 9.0, 30.0 ], "rotation": 180, "windMode": [-1,-1,-1,-1] },
														"up": { "texture": "#skin", "uv": [ 1.0, 29.5, 9.0, 35.5 ], "rotation": 270, "windMode": [-1,-1,-1,-1] },
														"down": { "texture": "#skin", "uv": [ 21.0, 29.5, 29.0, 35.5 ], "rotation": 270, "windMode": [-1,-1,-1,-1] }
													},
													"children": [
														{
															"name": "LLeg",
															"from": [ 4.0, 0.011, 8.0 ],
															"to": [ 8.1, 0.407, 14.4 ],
															"unwrapMode": 5,
															"autoUnwrap": false,
															"uv": [ 31.5, 36.5 ],
															"rotationOrigin": [ 4.0, 0.011, 8.0 ],
															"rotationY": 72.0,
															"faces": {
																"east": { "texture": "#skin", "uv": [ 36.0, 36.5, 36.5, 42.5 ], "rotation": 90, "windMode": [-1,-1,-1,-1] },
																"south": { "texture": "#skin", "uv": [ 32.0, 42.5, 36.0, 43.0 ], "windMode": [-1,-1,-1,-1] },
																"west": { "texture": "#skin", "uv": [ 31.5, 36.5, 32.0, 42.5 ], "rotation": 270, "windMode": [-1,-1,-1,-1] },
																"up": { "texture": "#skin", "uv": [ 32.0, 36.5, 36.0, 42.5 ], "windMode": [-1,-1,-1,-1] },
																"down": { "texture": "#skin", "uv": [ 38.0, 36.5, 42.0, 42.5 ], "windMode": [-1,-1,-1,-1] }
															}
														}
													]
												},
												{
													"name": "RRear",
													"from": [ 0.0, -0.407, 0.5 ],
													"to": [ 6.0, 0.011, 8.5 ],
													"unwrapMode": 7,
													"unwrapRotation": 1,
													"autoUnwrap": false,
													"uv": [ 11.0, 43.5 ],
													"rotationOrigin": [ 0.0, 0.011, 0.5 ],
													"rotationX": 180.0,
													"rotationY": -3.0,
													"faces": {
														"east": { "texture": "#skin", "uv": [ 15.0, 35.0, 23.0, 35.5 ] },
														"south": { "texture": "#skin", "uv": [ 22.5, 29.5, 23.0, 35.5 ], "rotation": 270, "windMode": [-1,-1,-1,-1] },
														"west": { "texture": "#skin", "uv": [ 15.0, 29.5, 23.0, 30.0 ], "rotation": 180, "windMode": [-1,-1,-1,-1] },
														"up": { "texture": "#skin", "uv": [ 21.0, 29.5, 29.0, 35.5 ], "rotation": 270, "windMode": [-1,-1,-1,-1] },
														"down": { "texture": "#skin", "uv": [ 15.0, 29.5, 23.0, 35.5 ], "rotation": 90, "windMode": [-1,-1,-1,-1] }
													},
													"children": [
														{
															"name": "RLeg",
															"from": [ 4.0, 0.011, 8.0 ],
															"to": [ 8.1, 0.407, 14.4 ],
															"unwrapMode": 6,
															"autoUnwrap": false,
															"uv": [ 44.5, 36.5 ],
															"rotationOrigin": [ 4.0, 0.407, 8.0 ],
															"rotationY": 72.0,
															"faces": {
																"east": { "texture": "#skin", "uv": [ 44.5, 36.5, 45.0, 42.5 ], "rotation": 90 },
																"south": { "texture": "#skin", "uv": [ 45.0, 42.5, 49.0, 43.0 ], "rotation": 180, "windMode": [-1,-1,-1,-1] },
																"west": { "texture": "#skin", "uv": [ 49.0, 36.5, 49.5, 42.5 ], "rotation": 270, "windMode": [-1,-1,-1,-1] },
																"up": { "texture": "#skin", "uv": [ 51.0, 36.5, 55.0, 42.5 ], "windMode": [-1,-1,-1,-1] },
																"down": { "texture": "#skin", "uv": [ 45.0, 36.5, 49.0, 42.5 ], "windMode": [-1,-1,-1,-1] }
															}
														}
													]
												},
												{
													"name": "PeltTail",
													"from": [ 6.0, 0.011, 2.4 ],
													"to": [ 9.4, 0.429, 3.5 ],
													"unwrapMode": 7,
													"unwrapRotation": 1,
													"uv": [ 5.0, 36.5 ],
													"rotationOrigin": [ 6.0, 0.011, 3.0 ],
													"faces": {
														"north": { "texture": "#skin", "uv": [ 6.5, 37.0, 7.0, 40.0 ], "rotation": 90 },
														"south": { "texture": "#skin", "uv": [ 5.0, 37.0, 5.5, 40.0 ], "rotation": 270, "windMode": [-1,-1,-1,-1] },
														"west": { "texture": "#skin", "uv": [ 5.5, 36.5, 6.5, 37.0 ], "rotation": 180, "windMode": [-1,-1,-1,-1] },
														"up": { "texture": "#skin", "uv": [ 5.5, 37.0, 6.5, 40.0 ], "rotation": 270, "windMode": [-1,-1,-1,-1] },
														"down": { "texture": "#skin", "uv": [ 7.0, 37.0, 8.0, 40.0 ], "rotation": 90, "windMode": [-1,-1,-1,-1] }
													},
													"children": [
														{
															"name": "PeltTail2",
															"from": [ 2.0, 0.01, -0.2 ],
															"to": [ 5.0, 0.428, 1.3 ],
															"unwrapMode": 7,
															"unwrapRotation": 1,
															"uv": [ 3.5, 41.0 ],
															"rotationOrigin": [ 2.0, 0.01, 0.6 ],
															"faces": {
																"north": { "texture": "#skin", "uv": [ 5.5, 41.0, 6.0, 44.0 ], "rotation": 90 },
																"east": { "texture": "#skin", "uv": [ 4.0, 44.0, 5.5, 44.5 ], "windMode": [-1,-1,-1,-1] },
																"south": { "texture": "#skin", "uv": [ 3.5, 41.0, 4.0, 44.0 ], "rotation": 270, "windMode": [-1,-1,-1,-1] },
																"up": { "texture": "#skin", "uv": [ 4.0, 41.0, 5.5, 44.0 ], "rotation": 270, "windMode": [-1,-1,-1,-1] },
																"down": { "texture": "#skin", "uv": [ 6.0, 41.0, 7.5, 44.0 ], "rotation": 90, "windMode": [-1,-1,-1,-1] }
															},
															"children": [
																{
																	"name": "PeltTail3",
																	"from": [ 2.5, -0.01, 0.3 ],
																	"to": [ 4.5, 0.408, 1.3 ],
																	"unwrapMode": 7,
																	"unwrapRotation": 1,
																	"uv": [ 5.0, 46.5 ],
																	"rotationOrigin": [ 2.5, 0.0, 0.8 ],
																	"faces": {
																		"north": { "texture": "#skin", "uv": [ 6.5, 46.5, 7.0, 48.5 ], "rotation": 90 },
																		"east": { "texture": "#skin", "uv": [ 5.5, 48.5, 6.5, 49.0 ], "windMode": [-1,-1,-1,-1] },
																		"south": { "texture": "#skin", "uv": [ 5.0, 46.5, 5.5, 48.5 ], "rotation": 270, "windMode": [-1,-1,-1,-1] },
																		"up": { "texture": "#skin", "uv": [ 5.5, 46.5, 6.5, 48.5 ], "rotation": 270, "windMode": [-1,-1,-1,-1] },
																		"down": { "texture": "#skin", "uv": [ 7.0, 46.5, 8.0, 48.5 ], "rotation": 90, "windMode": [-1,-1,-1,-1] }
																	}
																}
															]
														}
													]
												}
											]
										}
									]
								},
								{
									"name": "LNeck",
									"from": [ -6.0, 0.022, 3.5 ],
									"to": [ 0.0, 0.44, 8.5 ],
									"unwrapMode": 7,
									"unwrapRotation": 1,
									"autoUnwrap": false,
									"uv": [ 17.5, 36.5 ],
									"rotationOrigin": [ 0.0, 0.022, 3.5 ],
									"rotationY": 22.0,
									"faces": {
										"north": { "texture": "#skin", "uv": [ 10.5, 10.5, 11.0, 16.5 ], "rotation": 90 },
										"south": { "texture": "#skin", "uv": [ 22.0, 10.5, 22.5, 16.5 ], "rotation": 270, "windMode": [-1,-1,-1,-1] },
										"west": { "texture": "#skin", "uv": [ 5.5, 10.5, 10.5, 11.0 ], "rotation": 180, "windMode": [-1,-1,-1,-1] },
										"up": { "texture": "#skin", "uv": [ 5.5, 10.5, 10.5, 16.5 ], "rotation": 270, "windMode": [-1,-1,-1,-1] },
										"down": { "texture": "#skin", "uv": [ 23.0, 23.0, 28.0, 29.0 ], "rotation": 90, "windMode": [-1,-1,-1,-1] }
									}
								},
								{
									"name": "RNeck",
									"from": [ -6.0, -0.396, 3.5 ],
									"to": [ 0.0, 0.022, 8.5 ],
									"unwrapMode": 7,
									"unwrapRotation": 1,
									"autoUnwrap": false,
									"uv": [ 25.0, 45.5 ],
									"rotationOrigin": [ 0.0, 0.022, 3.5 ],
									"rotationX": 180.0,
									"rotationY": 22.0,
									"faces": {
										"north": { "texture": "#skin", "uv": [ 13.5, 10.5, 14.0, 16.5 ], "rotation": 90 },
										"south": { "texture": "#skin", "uv": [ 19.0, 10.5, 19.5, 16.5 ], "rotation": 270, "windMode": [-1,-1,-1,-1] },
										"west": { "texture": "#skin", "uv": [ 14.0, 10.5, 19.0, 11.0 ], "rotation": 180, "windMode": [-1,-1,-1,-1] },
										"up": { "texture": "#skin", "uv": [ 23.0, 23.0, 28.0, 29.0 ], "rotation": 270, "windMode": [-1,-1,-1,-1] },
										"down": { "texture": "#skin", "uv": [ 14.0, 10.5, 19.0, 16.5 ], "rotation": 90, "windMode": [-1,-1,-1,-1] }
									}
								}
							]
						}
					]
				}
			]
		}
	]}