{
	"editor": {
		"collapsedPaths": "",
		"allAngles": true,
		"entityTextureMode": true
	},
	"textureWidth": 108,
	"textureHeight": 136,
	"textureSizes": {
		"skin": [108,136]
	},
	"textures": {
	},
	"elements": [
		{
			"name": "Neck",
			"from": [ 11.1, 9.95, 4.75 ],
			"to": [ 22.85, 21.95, 12.25 ],
			"unwrapMode": 2,
			"autoUnwrap": false,
			"uv": [ 8.5, 9.0 ],
			"rotationOrigin": [ 22.85, 9.95, 8.0 ],
			"rotationZ": 67.0,
			"faces": {
				"north": { "texture": "#skin", "uv": [ 27.5, 20.5, 39.0, 32.5 ], "windMode": [-1,-1,-1,-1], "windData": [0,0,1,0] },
				"east": { "texture": "#skin", "uv": [ 20.0, 20.5, 27.5, 32.5 ], "windMode": [-1,-1,-1,-1], "windData": [1,0,0,1] },
				"south": { "texture": "#skin", "uv": [ 8.5, 20.5, 20.0, 32.5 ] },
				"west": { "texture": "#skin", "uv": [ 39.0, 20.5, 46.5, 32.5 ] },
				"up": { "texture": "#skin", "uv": [ 3.5, 8.5, 11.0, 20.0 ], "rotation": 90 }
			},
			"children": [
				{
					"name": "Neck2",
					"from": [ 0.55, 7.6, 0.75 ],
					"to": [ 9.05, 18.6, 6.75 ],
					"unwrapMode": 2,
					"uv": [ 12.0, 0.5 ],
					"rotationOrigin": [ 7.4, 8.4, 3.15 ],
					"rotationZ": -15.0,
					"faces": {
						"north": { "texture": "#skin", "uv": [ 26.5, 9.0, 35.0, 20.0 ] },
						"east": { "texture": "#skin", "uv": [ 20.5, 9.0, 26.5, 20.0 ] },
						"south": { "texture": "#skin", "uv": [ 12.0, 9.0, 20.5, 20.0 ] },
						"west": { "texture": "#skin", "uv": [ 35.0, 9.0, 41.0, 20.0 ] },
						"up": { "texture": "#skin", "uv": [ 20.5, 0.5, 26.5, 9.0 ], "rotation": 270 }
					},
					"children": [
						{
							"name": "Head",
							"from": [ 2.05, 4.0, -0.3 ],
							"to": [ 8.05, 11.5, 6.5 ],
							"unwrapMode": 4,
							"uv": [ 4.0, 100.5 ],
							"rotationOrigin": [ 8.2, 11.5, 3.1 ],
							"rotationZ": -53.0,
							"faces": {
								"north": { "texture": "#skin", "uv": [ 4.0, 106.5, 10.0, 114.0 ] },
								"east": { "texture": "#skin", "uv": [ 22.5, 106.5, 29.0, 114.0 ] },
								"south": { "texture": "#skin", "uv": [ 16.5, 106.5, 22.5, 114.0 ] },
								"west": { "texture": "#skin", "uv": [ 10.0, 106.5, 16.5, 114.0 ] },
								"up": { "texture": "#skin", "uv": [ 10.0, 100.5, 16.5, 106.5 ], "rotation": 90 },
								"down": { "texture": "#skin", "uv": [ 10.0, 114.0, 16.5, 120.0 ], "rotation": 90 }
							},
							"children": [
								{
									"name": "MouthUp",
									"from": [ -6.05, 0.8, 1.5 ],
									"to": [ -0.05, 2.3, 5.4 ],
									"unwrapMode": 5,
									"unwrapRotation": 1,
									"uv": [ 17.5, 115.0 ],
									"rotationOrigin": [ -1.1, 2.6, 3.0 ],
									"rotationZ": 35.0,
									"faces": {
										"north": { "texture": "#skin", "uv": [ 17.5, 115.0, 19.0, 121.0 ], "rotation": 270 },
										"south": { "texture": "#skin", "uv": [ 22.5, 115.0, 24.0, 121.0 ], "rotation": 90 },
										"west": { "texture": "#skin", "uv": [ 19.0, 121.0, 22.5, 122.5 ] },
										"up": { "texture": "#skin", "uv": [ 19.0, 115.0, 22.5, 121.0 ], "rotation": 90, "windMode": [-1,-1,-1,-1], "windData": [1,1,1,1] },
										"down": { "texture": "#skin", "uv": [ 24.0, 115.0, 27.5, 121.0 ], "rotation": 270 }
									},
									"children": [
										{
											"name": "Nose",
											"from": [ 0.9, -0.15, 0.15 ],
											"to": [ 9.15, 2.4, 3.75 ],
											"unwrapMode": 5,
											"unwrapRotation": 1,
											"uv": [ 30.0, 108.0 ],
											"rotationOrigin": [ 0.9, 2.85, 1.05 ],
											"rotationZ": 18.0,
											"faces": {
												"north": { "texture": "#skin", "uv": [ 30.0, 108.0, 32.5, 116.0 ], "rotation": 270, "windMode": [-1,-1,-1,-1], "windData": [1,1,1,1] },
												"south": { "texture": "#skin", "uv": [ 36.0, 108.0, 38.5, 116.0 ], "rotation": 90 },
												"west": { "texture": "#skin", "uv": [ 32.5, 116.0, 36.0, 118.5 ], "windMode": [-1,-1,-1,-1], "windData": [1,1,1,1] },
												"up": { "texture": "#skin", "uv": [ 32.5, 108.0, 36.0, 116.0 ], "rotation": 90 }
											},
											"children": [
												{
													"name": "Snout",
													"from": [ -1.5, 1.05, 0.675 ],
													"to": [ 0.15, 2.55, 2.925 ],
													"unwrapMode": 4,
													"uv": [ 36.5, 118.5 ],
													"rotationOrigin": [ -1.5, 2.55, 1.725 ],
													"rotationZ": -2.0,
													"faces": {
														"north": { "texture": "#skin", "uv": [ 36.5, 120.0, 38.0, 121.5 ], "windMode": [-1,-1,-1,-1], "windData": [1,1,1,1] },
														"east": { "texture": "#skin", "uv": [ 41.5, 120.0, 43.5, 121.5 ], "windMode": [-1,-1,-1,-1], "windData": [1,1,1,1] },
														"south": { "texture": "#skin", "uv": [ 40.0, 120.0, 41.5, 121.5 ], "windMode": [-1,-1,-1,-1], "windData": [1,1,1,1] },
														"west": { "texture": "#skin", "uv": [ 38.0, 120.0, 40.0, 121.5 ], "windMode": [-1,-1,-1,-1], "windData": [1,1,1,1] },
														"up": { "texture": "#skin", "uv": [ 38.0, 118.5, 40.0, 120.0 ], "rotation": 90, "windMode": [-1,-1,-1,-1], "windData": [1,1,1,1] },
														"down": { "texture": "#skin", "uv": [ 38.0, 121.5, 40.0, 123.0 ], "rotation": 90, "windMode": [-1,-1,-1,-1], "windData": [1,1,1,1] }
													}
												},
												{
													"name": "FaceStorage",
													"from": [ 0.0, 2.55, 0.0 ],
													"to": [ 8.1, 3.3, 3.6 ],
													"uv": [ 0.0, 0.0 ],
													"rotationOrigin": [ 0.0, 2.55, 0.0 ],
													"faces": {
													},
													"attachmentpoints": [
														{
															"code": "FaceAP",
															"posX": "0.0","posY": "0.0","posZ": "0.0",
															"rotationX": "0.0","rotationY": "0.0","rotationZ": "0.0"
														}
													]
												}
											]
										}
									]
								},
								{
									"name": "L Ear",
									"from": [ 4.75, 5.6, 4.95 ],
									"to": [ 5.5, 7.85, 7.65 ],
									"unwrapMode": 4,
									"uv": [ 1.0, 80.0 ],
									"rotationOrigin": [ 5.05, 5.6, 6.15 ],
									"rotationX": 55.0,
									"rotationY": 45.0,
									"faces": {
										"north": { "texture": "#skin", "uv": [ 1.0, 80.5, 1.5, 82.5 ], "windMode": [-1,-1,-1,-1], "windData": [1,1,1,1] },
										"east": { "texture": "#skin", "uv": [ 4.5, 80.5, 7.0, 82.5 ] },
										"south": { "texture": "#skin", "uv": [ 4.0, 80.5, 4.5, 82.5 ], "windMode": [-1,-1,-1,-1], "windData": [1,1,1,1] },
										"west": { "texture": "#skin", "uv": [ 1.5, 80.5, 4.0, 82.5 ] },
										"up": { "texture": "#skin", "uv": [ 1.5, 80.0, 4.0, 80.5 ], "rotation": 90 },
										"down": { "texture": "#skin", "uv": [ 1.5, 82.5, 4.0, 83.0 ], "rotation": 90 }
									},
									"children": [
										{
											"name": "L Ear2",
											"from": [ 0.0, 2.25, 0.0 ],
											"to": [ 0.75, 4.95, 1.2 ],
											"unwrapMode": 4,
											"uv": [ 1.0, 76.0 ],
											"rotationOrigin": [ 0.3, 2.25, 0.0 ],
											"rotationX": 16.0,
											"rotationY": 1.0,
											"faces": {
												"north": { "texture": "#skin", "uv": [ 1.0, 76.5, 1.5, 79.0 ] },
												"east": { "texture": "#skin", "uv": [ 3.0, 76.5, 4.0, 79.0 ] },
												"south": { "texture": "#skin", "uv": [ 2.5, 76.5, 3.0, 79.0 ] },
												"west": { "texture": "#skin", "uv": [ 1.5, 76.5, 2.5, 79.0 ] },
												"up": { "texture": "#skin", "uv": [ 1.5, 76.0, 2.5, 76.5 ], "rotation": 90 },
												"down": { "texture": "#skin", "uv": [ 1.5, 79.0, 2.5, 79.5 ], "rotation": 90 }
											}
										},
										{
											"name": "L Ear3",
											"from": [ 0.0, 2.25, 1.2 ],
											"to": [ 0.75, 4.65, 2.7 ],
											"unwrapMode": 4,
											"uv": [ 1.0, 72.5 ],
											"rotationOrigin": [ 0.3, 2.25, 2.7 ],
											"rotationX": -19.0,
											"rotationY": -1.0,
											"faces": {
												"north": { "texture": "#skin", "uv": [ 1.0, 73.0, 1.5, 75.0 ] },
												"east": { "texture": "#skin", "uv": [ 3.5, 73.0, 5.0, 75.0 ] },
												"south": { "texture": "#skin", "uv": [ 3.0, 73.0, 3.5, 75.0 ] },
												"west": { "texture": "#skin", "uv": [ 1.5, 73.0, 3.0, 75.0 ] },
												"up": { "texture": "#skin", "uv": [ 1.5, 72.5, 3.0, 73.0 ], "rotation": 90 },
												"down": { "texture": "#skin", "uv": [ 1.5, 75.0, 3.0, 75.5 ], "rotation": 90 }
											}
										}
									]
								},
								{
									"name": "R Eye",
									"from": [ -0.015, 3.9, -0.02 ],
									"to": [ 1.035, 4.35, 0.46 ],
									"unwrapMode": 5,
									"uv": [ 1.5, 98.5 ],
									"rotationOrigin": [ 0.0, 4.7, -0.15 ],
									"faces": {
										"north": { "texture": "#skin", "uv": [ 2.0, 98.5, 3.0, 99.0 ], "rotation": 180 },
										"east": { "texture": "#skin", "uv": [ 3.0, 99.0, 3.5, 99.5 ], "rotation": 90 },
										"south": { "texture": "#skin", "uv": [ 2.0, 99.5, 3.0, 100.0 ] },
										"west": { "texture": "#skin", "uv": [ 1.5, 99.0, 2.0, 99.5 ], "rotation": 270 },
										"up": { "texture": "#skin", "uv": [ 2.0, 99.0, 3.0, 99.5 ] },
										"down": { "texture": "#skin", "uv": [ 3.5, 99.0, 4.5, 99.5 ] }
									},
									"children": [
										{
											"name": "R Eye2",
											"from": [ 0.0, 0.45, 0.0 ],
											"to": [ 1.05, 1.05, 0.48 ],
											"unwrapMode": 5,
											"uv": [ 1.5, 100.5 ],
											"rotationOrigin": [ 0.0, 1.2, -0.135 ],
											"faces": {
												"north": { "texture": "#skin", "uv": [ 2.0, 100.5, 3.0, 101.0 ], "rotation": 180 },
												"east": { "texture": "#skin", "uv": [ 3.0, 101.0, 3.5, 101.5 ], "rotation": 90 },
												"south": { "texture": "#skin", "uv": [ 2.0, 101.5, 3.0, 102.0 ] },
												"west": { "texture": "#skin", "uv": [ 1.5, 101.0, 2.0, 101.5 ], "rotation": 270 },
												"up": { "texture": "#skin", "uv": [ 2.0, 101.0, 3.0, 101.5 ] },
												"down": { "texture": "#skin", "uv": [ 3.5, 101.0, 4.5, 101.5 ] }
											},
											"children": [
												{
													"name": "R Pupil",
													"from": [ -0.015, -0.2, -0.015 ],
													"to": [ 0.735, 0.25, 0.285 ],
													"uv": [ 3.5, 102.0 ],
													"rotationOrigin": [ 0.0, -0.2, 0.0 ],
													"faces": {
														"north": { "texture": "#skin", "uv": [ 3.5, 102.5, 4.0, 103.0 ] },
														"east": { "texture": "#skin", "uv": [ 4.0, 102.5, 4.5, 103.0 ] },
														"south": { "texture": "#skin", "uv": [ 4.5, 102.5, 5.0, 103.0 ] },
														"west": { "texture": "#skin", "uv": [ 5.0, 102.5, 5.5, 103.0 ] },
														"up": { "texture": "#skin", "uv": [ 3.5, 102.0, 4.0, 102.5 ] },
														"down": { "texture": "#skin", "uv": [ 4.0, 102.0, 4.5, 102.5 ] }
													}
												}
											]
										}
									]
								},
								{
									"name": "R Ear",
									"from": [ 4.75, 5.6, -0.75 ],
									"to": [ 5.5, 7.85, 1.95 ],
									"unwrapMode": 4,
									"uv": [ 1.0, 94.5 ],
									"rotationOrigin": [ 5.05, 5.6, 0.9 ],
									"rotationX": -55.0,
									"rotationY": -45.0,
									"faces": {
										"north": { "texture": "#skin", "uv": [ 1.0, 95.0, 1.5, 97.0 ] },
										"east": { "texture": "#skin", "uv": [ 4.5, 95.0, 7.0, 97.0 ] },
										"south": { "texture": "#skin", "uv": [ 4.0, 95.0, 4.5, 97.0 ], "windMode": [-1,-1,-1,-1], "windData": [1,1,1,1] },
										"west": { "texture": "#skin", "uv": [ 1.5, 95.0, 4.0, 97.0 ] },
										"up": { "texture": "#skin", "uv": [ 1.5, 94.5, 4.0, 95.0 ], "rotation": 90 },
										"down": { "texture": "#skin", "uv": [ 1.5, 97.0, 4.0, 97.5 ], "rotation": 90 }
									},
									"children": [
										{
											"name": "R Ear2",
											"from": [ 0.0, 2.25, 0.0 ],
											"to": [ 0.75, 4.65, 1.5 ],
											"unwrapMode": 4,
											"uv": [ 1.0, 91.0 ],
											"rotationOrigin": [ 0.3, 2.25, 0.0 ],
											"rotationX": 19.0,
											"rotationY": 1.0,
											"faces": {
												"north": { "texture": "#skin", "uv": [ 1.0, 91.5, 1.5, 93.5 ] },
												"east": { "texture": "#skin", "uv": [ 3.5, 91.5, 5.0, 93.5 ] },
												"south": { "texture": "#skin", "uv": [ 3.0, 91.5, 3.5, 93.5 ] },
												"west": { "texture": "#skin", "uv": [ 1.5, 91.5, 3.0, 93.5 ] },
												"up": { "texture": "#skin", "uv": [ 1.5, 91.0, 3.0, 91.5 ], "rotation": 90 },
												"down": { "texture": "#skin", "uv": [ 1.5, 93.5, 3.0, 94.0 ], "rotation": 90 }
											}
										},
										{
											"name": "R Ear3",
											"from": [ 0.0, 2.25, 1.5 ],
											"to": [ 0.75, 4.95, 2.7 ],
											"unwrapMode": 4,
											"uv": [ 1.0, 87.0 ],
											"rotationOrigin": [ 0.3, 2.25, 2.7 ],
											"rotationX": -16.0,
											"rotationY": -1.0,
											"faces": {
												"north": { "texture": "#skin", "uv": [ 1.0, 87.5, 1.5, 90.0 ] },
												"east": { "texture": "#skin", "uv": [ 3.0, 87.5, 4.0, 90.0 ] },
												"south": { "texture": "#skin", "uv": [ 2.5, 87.5, 3.0, 90.0 ] },
												"west": { "texture": "#skin", "uv": [ 1.5, 87.5, 2.5, 90.0 ] },
												"up": { "texture": "#skin", "uv": [ 1.5, 87.0, 2.5, 87.5 ], "rotation": 90 },
												"down": { "texture": "#skin", "uv": [ 1.5, 90.0, 2.5, 90.5 ], "rotation": 90 }
											}
										}
									]
								},
								{
									"name": "L Eye",
									"from": [ -0.015, 3.9, 6.39 ],
									"to": [ 1.035, 4.35, 6.87 ],
									"unwrapMode": 5,
									"uv": [ 5.5, 98.5 ],
									"rotationOrigin": [ -0.015, 4.65, 6.25 ],
									"faces": {
										"north": { "texture": "#skin", "uv": [ 6.0, 98.5, 7.0, 99.0 ], "rotation": 180 },
										"east": { "texture": "#skin", "uv": [ 7.0, 99.0, 7.5, 99.5 ], "rotation": 90 },
										"south": { "texture": "#skin", "uv": [ 6.0, 99.5, 7.0, 100.0 ] },
										"west": { "texture": "#skin", "uv": [ 5.5, 99.0, 6.0, 99.5 ], "rotation": 270 },
										"up": { "texture": "#skin", "uv": [ 6.0, 99.0, 7.0, 99.5 ] },
										"down": { "texture": "#skin", "uv": [ 7.5, 99.0, 8.5, 99.5 ] }
									},
									"children": [
										{
											"name": "L Eye2",
											"from": [ 0.0, 0.45, 0.0 ],
											"to": [ 1.05, 1.05, 0.48 ],
											"unwrapMode": 5,
											"uv": [ 5.5, 100.0 ],
											"rotationOrigin": [ 0.0, 1.2, -0.135 ],
											"faces": {
												"north": { "texture": "#skin", "uv": [ 6.0, 100.0, 7.0, 100.5 ], "rotation": 180 },
												"east": { "texture": "#skin", "uv": [ 7.0, 100.5, 7.5, 101.0 ], "rotation": 90 },
												"south": { "texture": "#skin", "uv": [ 6.0, 101.0, 7.0, 101.5 ] },
												"west": { "texture": "#skin", "uv": [ 5.5, 100.5, 6.0, 101.0 ], "rotation": 270 },
												"up": { "texture": "#skin", "uv": [ 6.0, 100.5, 7.0, 101.0 ] },
												"down": { "texture": "#skin", "uv": [ 7.5, 100.5, 8.5, 101.0 ] }
											},
											"children": [
												{
													"name": "L Pupil",
													"from": [ -0.015, -0.15, 0.195 ],
													"to": [ 0.735, 0.3, 0.495 ],
													"uv": [ 7.5, 102.0 ],
													"rotationOrigin": [ 0.0, -0.15, 0.15 ],
													"faces": {
														"north": { "texture": "#skin", "uv": [ 7.5, 102.5, 8.0, 103.0 ] },
														"east": { "texture": "#skin", "uv": [ 8.0, 102.5, 8.5, 103.0 ] },
														"south": { "texture": "#skin", "uv": [ 8.5, 102.5, 9.0, 103.0 ] },
														"west": { "texture": "#skin", "uv": [ 9.0, 102.5, 9.5, 103.0 ] },
														"up": { "texture": "#skin", "uv": [ 7.5, 102.0, 8.0, 102.5 ] },
														"down": { "texture": "#skin", "uv": [ 8.0, 102.0, 8.5, 102.5 ] }
													}
												}
											]
										}
									]
								},
								{
									"name": "Jaw",
									"from": [ -2.0118, -0.3892, 1.575 ],
									"to": [ 2.4882, 2.1607, 5.325 ],
									"unwrapMode": 5,
									"unwrapRotation": 1,
									"uv": [ 39.5, 108.0 ],
									"rotationOrigin": [ 1.8882, 1.1108, 2.85 ],
									"rotationZ": 12.0,
									"faces": {
										"north": { "texture": "#skin", "uv": [ 39.5, 108.0, 42.0, 112.5 ], "rotation": 270 },
										"south": { "texture": "#skin", "uv": [ 45.5, 108.0, 48.0, 112.5 ], "rotation": 90 },
										"west": { "texture": "#skin", "uv": [ 42.0, 112.5, 45.5, 115.0 ] },
										"up": { "texture": "#skin", "uv": [ 42.0, 108.0, 45.5, 112.5 ], "rotation": 90 },
										"down": { "texture": "#skin", "uv": [ 48.0, 108.0, 51.5, 112.5 ], "rotation": 270 }
									},
									"children": [
										{
											"name": "Jaw2",
											"from": [ -2.25, 0.0, 0.015 ],
											"to": [ 0.0, 1.2, 3.765 ],
											"unwrapMode": 5,
											"unwrapRotation": 1,
											"uv": [ 41.0, 116.0 ],
											"rotationOrigin": [ 0.0, 1.2, 1.35 ],
											"rotationZ": 26.0,
											"faces": {
												"north": { "texture": "#skin", "uv": [ 41.0, 116.0, 42.0, 118.0 ], "rotation": 270 },
												"south": { "texture": "#skin", "uv": [ 45.5, 116.0, 46.5, 118.0 ], "rotation": 90 },
												"west": { "texture": "#skin", "uv": [ 42.0, 118.0, 45.5, 119.0 ] },
												"up": { "texture": "#skin", "uv": [ 42.0, 116.0, 45.5, 118.0 ], "rotation": 90 },
												"down": { "texture": "#skin", "uv": [ 46.5, 116.0, 50.0, 118.0 ], "rotation": 270 }
											}
										}
									]
								},
								{
									"name": "Horn Attachment",
									"from": [ 3.0, 7.0, 3.4 ],
									"to": [ 3.0, 7.0, 3.4 ],
									"uv": [ 5.5, 6.0 ],
									"rotationOrigin": [ 3.0, 7.0, 3.4 ],
									"faces": {
									},
									"children": [
										{
											"name": "R Antler Hub",
											"from": [ -1.0, -1.5, 1.8 ],
											"to": [ 1.0, 0.5, 3.8 ],
											"unwrapMode": 3,
											"uv": [ 53.0, 107.0 ],
											"rotationOrigin": [ -1.0, 0.5, 1.8 ],
											"rotationX": -50.0,
											"faces": {
												"east": { "texture": "#skin", "uv": [ 57.0, 109.0, 59.0, 111.0 ] },
												"south": { "texture": "#skin", "uv": [ 55.0, 109.0, 57.0, 111.0 ] },
												"west": { "texture": "#skin", "uv": [ 53.0, 109.0, 55.0, 111.0 ] },
												"up": { "texture": "#skin", "uv": [ 55.0, 107.0, 57.0, 109.0 ] },
												"down": { "texture": "#skin", "uv": [ 55.0, 111.0, 57.0, 113.0 ], "rotation": 180, "windMode": [-1,-1,-1,-1], "windData": [2,2,2,2] }
											},
											"children": [
												{
													"name": "R Antler Beam 1",
													"from": [ 0.2, 0.2, 1.7 ],
													"to": [ 1.8, 1.8, 4.7 ],
													"unwrapMode": 7,
													"unwrapRotation": 1,
													"uv": [ 28.0, 129.5 ],
													"rotationOrigin": [ 0.2, 0.2, 1.7 ],
													"rotationX": 10.0,
													"rotationY": 10.0,
													"faces": {
														"east": { "texture": "#skin", "uv": [ 29.5, 132.5, 32.5, 134.0 ] },
														"south": { "texture": "#skin", "uv": [ 28.0, 131.0, 29.5, 132.5 ], "rotation": 270, "windMode": [-1,-1,-1,-1], "windData": [2,2,2,2] },
														"west": { "texture": "#skin", "uv": [ 29.5, 129.5, 32.5, 131.0 ], "rotation": 180 },
														"up": { "texture": "#skin", "uv": [ 29.5, 131.0, 32.5, 132.5 ], "rotation": 270 },
														"down": { "texture": "#skin", "uv": [ 32.5, 131.0, 35.5, 132.5 ], "rotation": 90 }
													},
													"children": [
														{
															"name": "R Antler Beam 2",
															"from": [ 0.05, 0.05, 3.0 ],
															"to": [ 1.55, 1.55, 6.0 ],
															"unwrapMode": 7,
															"unwrapRotation": 1,
															"uv": [ 21.5, 125.0 ],
															"rotationOrigin": [ 0.05, 0.05, 3.0 ],
															"rotationY": 30.0,
															"faces": {
																"east": { "texture": "#skin", "uv": [ 23.0, 128.0, 26.0, 129.5 ] },
																"south": { "texture": "#skin", "uv": [ 21.5, 126.5, 23.0, 128.0 ], "rotation": 270, "windMode": [-1,-1,-1,-1], "windData": [2,2,2,2] },
																"west": { "texture": "#skin", "uv": [ 23.0, 125.0, 26.0, 126.5 ], "rotation": 180 },
																"up": { "texture": "#skin", "uv": [ 23.0, 126.5, 26.0, 128.0 ], "rotation": 270 },
																"down": { "texture": "#skin", "uv": [ 26.0, 126.5, 29.0, 128.0 ], "rotation": 90 }
															},
															"children": [
																{
																	"name": "R Antler Palm 1",
																	"from": [ -1.0, 0.1, 3.0 ],
																	"to": [ 2.0, 1.4, 6.0 ],
																	"unwrapMode": 7,
																	"unwrapRotation": 1,
																	"uv": [ 27.0, 128.5 ],
																	"rotationOrigin": [ 2.0, 0.1, 3.0 ],
																	"rotationX": 5.0,
																	"rotationY": -50.0,
																	"rotationZ": -5.0,
																	"faces": {
																		"north": { "texture": "#skin", "uv": [ 31.0, 129.5, 32.0, 132.5 ], "rotation": 90 },
																		"east": { "texture": "#skin", "uv": [ 28.0, 132.5, 31.0, 133.5 ] },
																		"south": { "texture": "#skin", "uv": [ 27.0, 129.5, 28.0, 132.5 ], "rotation": 270 },
																		"west": { "texture": "#skin", "uv": [ 28.0, 128.5, 31.0, 129.5 ], "rotation": 180 },
																		"up": { "texture": "#skin", "uv": [ 28.0, 129.5, 31.0, 132.5 ], "rotation": 270 },
																		"down": { "texture": "#skin", "uv": [ 32.0, 129.5, 35.0, 132.5 ], "rotation": 90 }
																	},
																	"children": [
																		{
																			"name": "R Antler Palm 2",
																			"from": [ -2.0, 0.1, 0.5 ],
																			"to": [ 4.0, 1.2, 4.5 ],
																			"unwrapMode": 7,
																			"unwrapRotation": 1,
																			"uv": [ 13.5, 125.0 ],
																			"rotationOrigin": [ 3.0, 0.1, 0.5 ],
																			"rotationX": 5.0,
																			"rotationY": 33.0,
																			"rotationZ": -5.0,
																			"faces": {
																				"north": { "texture": "#skin", "uv": [ 18.5, 126.0, 19.5, 132.0 ], "rotation": 90 },
																				"east": { "texture": "#skin", "uv": [ 14.5, 132.0, 18.5, 133.0 ] },
																				"south": { "texture": "#skin", "uv": [ 13.5, 126.0, 14.5, 132.0 ], "rotation": 270 },
																				"west": { "texture": "#skin", "uv": [ 14.5, 125.0, 18.5, 126.0 ], "rotation": 180 },
																				"up": { "texture": "#skin", "uv": [ 14.5, 126.0, 18.5, 132.0 ], "rotation": 270 },
																				"down": { "texture": "#skin", "uv": [ 19.5, 126.0, 23.5, 132.0 ], "rotation": 90 }
																			},
																			"children": [
																				{
																					"name": "R Antler Palm 3",
																					"from": [ -2.0, 0.05, 4.0 ],
																					"to": [ 5.0, 1.05, 10.0 ],
																					"unwrapMode": 7,
																					"unwrapRotation": 1,
																					"uv": [ 1.5, 125.0 ],
																					"rotationOrigin": [ 0.0, 0.05, 4.0 ],
																					"rotationY": 25.0,
																					"faces": {
																						"east": { "texture": "#skin", "uv": [ 2.5, 133.0, 8.5, 134.0 ] },
																						"south": { "texture": "#skin", "uv": [ 1.5, 126.0, 2.5, 133.0 ], "rotation": 270, "windMode": [-1,-1,-1,-1], "windData": [3,3,3,3] },
																						"west": { "texture": "#skin", "uv": [ 2.5, 125.0, 8.5, 126.0 ], "rotation": 180 },
																						"up": { "texture": "#skin", "uv": [ 2.5, 126.0, 8.5, 133.0 ], "rotation": 270 },
																						"down": { "texture": "#skin", "uv": [ 8.5, 126.0, 14.5, 133.0 ], "rotation": 90 }
																					},
																					"children": [
																						{
																							"name": "R Antler Tine a5",
																							"from": [ -5.0, 0.0, 3.0 ],
																							"to": [ 2.0, 1.2, 5.0 ],
																							"unwrapMode": 7,
																							"unwrapRotation": 1,
																							"uv": [ 44.5, 122.5 ],
																							"rotationOrigin": [ 1.0, 0.0, 4.2 ],
																							"rotationY": 75.0,
																							"faces": {
																								"north": { "texture": "#skin", "uv": [ 47.5, 123.5, 48.5, 130.5 ], "rotation": 90 },
																								"east": { "texture": "#skin", "uv": [ 45.5, 130.5, 47.5, 131.5 ] },
																								"south": { "texture": "#skin", "uv": [ 44.5, 123.5, 45.5, 130.5 ], "rotation": 270 },
																								"west": { "texture": "#skin", "uv": [ 45.5, 122.5, 47.5, 123.5 ], "rotation": 180 },
																								"up": { "texture": "#skin", "uv": [ 45.5, 123.5, 47.5, 130.5 ], "rotation": 270 },
																								"down": { "texture": "#skin", "uv": [ 48.5, 123.5, 50.5, 130.5 ], "rotation": 90 }
																							},
																							"children": [
																								{
																									"name": "R Antler Tine b5",
																									"from": [ -2.0, 0.1, 0.3 ],
																									"to": [ 0.0, 1.1, 1.7 ],
																									"unwrapMode": 7,
																									"unwrapRotation": 1,
																									"uv": [ 51.5, 124.5 ],
																									"rotationOrigin": [ 0.0, 0.1, 1.3 ],
																									"rotationZ": -8.0,
																									"faces": {
																										"north": { "texture": "#skin", "uv": [ 53.5, 125.5, 54.5, 127.5 ], "rotation": 90 },
																										"south": { "texture": "#skin", "uv": [ 51.5, 125.5, 52.5, 127.5 ], "rotation": 270 },
																										"west": { "texture": "#skin", "uv": [ 52.5, 124.5, 53.5, 125.5 ], "rotation": 180 },
																										"up": { "texture": "#skin", "uv": [ 52.5, 125.5, 53.5, 127.5 ], "rotation": 270 },
																										"down": { "texture": "#skin", "uv": [ 54.5, 125.5, 55.5, 127.5 ], "rotation": 90 }
																									}
																								}
																							]
																						},
																						{
																							"name": "R Antler Tine a6",
																							"from": [ -2.0, 0.1, 5.0 ],
																							"to": [ 4.0, 1.1, 9.5 ],
																							"unwrapMode": 7,
																							"unwrapRotation": 1,
																							"uv": [ 23.5, 122.0 ],
																							"rotationOrigin": [ 3.0, 0.1, 6.2 ],
																							"rotationX": -10.0,
																							"rotationY": 102.0,
																							"faces": {
																								"north": { "texture": "#skin", "uv": [ 28.0, 123.0, 29.0, 129.0 ], "rotation": 90 },
																								"east": { "texture": "#skin", "uv": [ 23.5, 129.0, 28.0, 130.0 ] },
																								"west": { "texture": "#skin", "uv": [ 23.5, 122.0, 28.0, 123.0 ], "rotation": 180 },
																								"up": { "texture": "#skin", "uv": [ 23.5, 123.0, 28.0, 129.0 ], "rotation": 270 },
																								"down": { "texture": "#skin", "uv": [ 29.0, 123.0, 33.5, 129.0 ], "rotation": 90 }
																							},
																							"children": [
																								{
																									"name": "R Antler Tine b6",
																									"from": [ -2.0, 0.1, 0.3 ],
																									"to": [ 0.0, 1.1, 1.3 ],
																									"unwrapMode": 6,
																									"unwrapRotation": 1,
																									"uv": [ 51.5, 124.5 ],
																									"rotationOrigin": [ 0.0, 0.1, 1.3 ],
																									"rotationZ": -28.0,
																									"faces": {
																										"north": { "texture": "#skin", "uv": [ 51.5, 125.5, 52.5, 127.5 ], "rotation": 90 },
																										"south": { "texture": "#skin", "uv": [ 53.5, 125.5, 54.5, 127.5 ], "rotation": 270 },
																										"west": { "texture": "#skin", "uv": [ 52.5, 124.5, 53.5, 125.5 ] },
																										"up": { "texture": "#skin", "uv": [ 54.5, 125.5, 55.5, 127.5 ], "rotation": 270 },
																										"down": { "texture": "#skin", "uv": [ 52.5, 125.5, 53.5, 127.5 ], "rotation": 90 }
																									}
																								},
																								{
																									"name": "R Antler Tine c6",
																									"from": [ -1.0, 0.1, 3.3 ],
																									"to": [ 0.0, 1.1, 4.3 ],
																									"unwrapMode": 7,
																									"unwrapRotation": 1,
																									"uv": [ 51.5, 124.5 ],
																									"rotationOrigin": [ 0.0, 0.1, 3.3 ],
																									"rotationY": 17.0,
																									"rotationZ": -28.0,
																									"faces": {
																										"north": { "texture": "#skin", "uv": [ 53.5, 125.5, 54.5, 126.5 ], "rotation": 90 },
																										"south": { "texture": "#skin", "uv": [ 51.5, 125.5, 52.5, 126.5 ], "rotation": 270 },
																										"west": { "texture": "#skin", "uv": [ 52.5, 124.5, 53.5, 125.5 ], "rotation": 180 },
																										"up": { "texture": "#skin", "uv": [ 52.5, 125.5, 53.5, 126.5 ], "rotation": 270 },
																										"down": { "texture": "#skin", "uv": [ 54.5, 125.5, 55.5, 126.5 ], "rotation": 90 }
																									}
																								}
																							]
																						},
																						{
																							"name": "R Antler Tine a7",
																							"from": [ 3.0, 0.0, 0.0 ],
																							"to": [ 7.0, 1.2, 2.0 ],
																							"unwrapMode": 7,
																							"unwrapRotation": 1,
																							"uv": [ 44.5, 124.5 ],
																							"rotationOrigin": [ 7.0, 0.0, 1.2 ],
																							"rotationY": 127.0,
																							"rotationZ": -10.0,
																							"faces": {
																								"north": { "texture": "#skin", "uv": [ 47.5, 125.5, 48.5, 129.5 ], "rotation": 90 },
																								"east": { "texture": "#skin", "uv": [ 45.5, 129.5, 47.5, 130.5 ] },
																								"south": { "texture": "#skin", "uv": [ 44.5, 125.5, 45.5, 129.5 ], "rotation": 270 },
																								"west": { "texture": "#skin", "uv": [ 45.5, 124.5, 47.5, 125.5 ], "rotation": 180 },
																								"up": { "texture": "#skin", "uv": [ 45.5, 125.5, 47.5, 129.5 ], "rotation": 270 },
																								"down": { "texture": "#skin", "uv": [ 48.5, 125.5, 50.5, 129.5 ], "rotation": 90 }
																							},
																							"children": [
																								{
																									"name": "R Antler Tine b7",
																									"from": [ -1.0, 0.1, 0.5 ],
																									"to": [ 0.0, 1.1, 1.5 ],
																									"unwrapMode": 7,
																									"unwrapRotation": 1,
																									"uv": [ 51.5, 124.5 ],
																									"rotationOrigin": [ 0.0, 0.1, 1.5 ],
																									"rotationZ": -22.0,
																									"faces": {
																										"north": { "texture": "#skin", "uv": [ 53.5, 125.5, 54.5, 126.5 ], "rotation": 90 },
																										"south": { "texture": "#skin", "uv": [ 51.5, 125.5, 52.5, 126.5 ], "rotation": 270 },
																										"west": { "texture": "#skin", "uv": [ 52.5, 124.5, 53.5, 125.5 ], "rotation": 180 },
																										"up": { "texture": "#skin", "uv": [ 52.5, 125.5, 53.5, 126.5 ], "rotation": 270 },
																										"down": { "texture": "#skin", "uv": [ 54.5, 125.5, 55.5, 126.5 ], "rotation": 90 }
																									}
																								}
																							]
																						}
																					]
																				},
																				{
																					"name": "R Antler Tine a3",
																					"from": [ -4.5, 0.0, 0.0 ],
																					"to": [ 0.5, 1.2, 2.0 ],
																					"unwrapMode": 7,
																					"unwrapRotation": 1,
																					"uv": [ 44.5, 124.5 ],
																					"rotationOrigin": [ 0.5, 0.0, 1.2 ],
																					"rotationY": 22.0,
																					"faces": {
																						"north": { "texture": "#skin", "uv": [ 47.5, 125.5, 48.5, 130.5 ], "rotation": 90 },
																						"east": { "texture": "#skin", "uv": [ 45.5, 130.5, 47.5, 131.5 ] },
																						"south": { "texture": "#skin", "uv": [ 44.5, 125.5, 45.5, 130.5 ], "rotation": 270 },
																						"west": { "texture": "#skin", "uv": [ 45.5, 124.5, 47.5, 125.5 ], "rotation": 180 },
																						"up": { "texture": "#skin", "uv": [ 45.5, 125.5, 47.5, 130.5 ], "rotation": 270 },
																						"down": { "texture": "#skin", "uv": [ 48.5, 125.5, 50.5, 130.5 ], "rotation": 90 }
																					},
																					"children": [
																						{
																							"name": "R Antler Tine b3",
																							"from": [ -4.0, 0.1, 0.3 ],
																							"to": [ 0.0, 1.1, 1.7 ],
																							"unwrapMode": 7,
																							"unwrapRotation": 1,
																							"uv": [ 51.5, 124.5 ],
																							"rotationOrigin": [ 0.0, 0.1, 1.3 ],
																							"rotationY": -5.0,
																							"rotationZ": -18.0,
																							"faces": {
																								"north": { "texture": "#skin", "uv": [ 53.5, 125.5, 54.5, 129.5 ], "rotation": 90 },
																								"south": { "texture": "#skin", "uv": [ 51.5, 125.5, 52.5, 129.5 ], "rotation": 270 },
																								"west": { "texture": "#skin", "uv": [ 52.5, 124.5, 53.5, 125.5 ], "rotation": 180, "windMode": [-1,-1,-1,-1], "windData": [3,3,4,4] },
																								"up": { "texture": "#skin", "uv": [ 52.5, 125.5, 53.5, 129.5 ], "rotation": 270 },
																								"down": { "texture": "#skin", "uv": [ 54.5, 125.5, 55.5, 129.5 ], "rotation": 90 }
																							}
																						}
																					]
																				},
																				{
																					"name": "R Antler Tine a4",
																					"from": [ -7.0, 0.0, 2.0 ],
																					"to": [ 1.0, 1.2, 4.0 ],
																					"unwrapMode": 7,
																					"unwrapRotation": 1,
																					"uv": [ 44.5, 123.5 ],
																					"rotationOrigin": [ 1.0, 0.0, 3.2 ],
																					"rotationY": 50.0,
																					"faces": {
																						"north": { "texture": "#skin", "uv": [ 47.5, 124.5, 48.5, 132.5 ], "rotation": 90 },
																						"east": { "texture": "#skin", "uv": [ 45.5, 132.5, 47.5, 133.5 ] },
																						"south": { "texture": "#skin", "uv": [ 44.5, 124.5, 45.5, 132.5 ], "rotation": 270 },
																						"west": { "texture": "#skin", "uv": [ 45.5, 123.5, 47.5, 124.5 ], "rotation": 180 },
																						"up": { "texture": "#skin", "uv": [ 45.5, 124.5, 47.5, 132.5 ], "rotation": 270 },
																						"down": { "texture": "#skin", "uv": [ 48.5, 124.5, 50.5, 132.5 ], "rotation": 90 }
																					},
																					"children": [
																						{
																							"name": "R Antler Tine b4",
																							"from": [ -4.0, 0.1, 0.3 ],
																							"to": [ 0.0, 1.1, 1.7 ],
																							"unwrapMode": 7,
																							"unwrapRotation": 1,
																							"uv": [ 51.5, 124.5 ],
																							"rotationOrigin": [ 0.0, 0.1, 1.3 ],
																							"rotationZ": -18.0,
																							"faces": {
																								"north": { "texture": "#skin", "uv": [ 53.5, 125.5, 54.5, 129.5 ], "rotation": 90 },
																								"south": { "texture": "#skin", "uv": [ 51.5, 125.5, 52.5, 129.5 ], "rotation": 270 },
																								"west": { "texture": "#skin", "uv": [ 52.5, 124.5, 53.5, 125.5 ], "rotation": 180 },
																								"up": { "texture": "#skin", "uv": [ 52.5, 125.5, 53.5, 129.5 ], "rotation": 270 },
																								"down": { "texture": "#skin", "uv": [ 54.5, 125.5, 55.5, 129.5 ], "rotation": 90 }
																							}
																						}
																					]
																				}
																			]
																		},
																		{
																			"name": "R Antler Tine a2",
																			"from": [ -4.5, 0.0, 0.0 ],
																			"to": [ 0.5, 1.2, 1.6 ],
																			"unwrapMode": 7,
																			"unwrapRotation": 1,
																			"uv": [ 45.0, 122.5 ],
																			"rotationOrigin": [ 0.5, 0.0, 1.2 ],
																			"rotationY": 22.0,
																			"faces": {
																				"north": { "texture": "#skin", "uv": [ 47.5, 123.5, 48.5, 128.5 ], "rotation": 90 },
																				"east": { "texture": "#skin", "uv": [ 46.0, 128.5, 47.5, 129.5 ] },
																				"south": { "texture": "#skin", "uv": [ 45.0, 123.5, 46.0, 128.5 ], "rotation": 270 },
																				"west": { "texture": "#skin", "uv": [ 46.0, 122.5, 47.5, 123.5 ], "rotation": 180 },
																				"up": { "texture": "#skin", "uv": [ 46.0, 123.5, 47.5, 128.5 ], "rotation": 270 },
																				"down": { "texture": "#skin", "uv": [ 48.5, 123.5, 50.0, 128.5 ], "rotation": 90 }
																			},
																			"children": [
																				{
																					"name": "R Antler Tine b2",
																					"from": [ -2.0, 0.1, 0.3 ],
																					"to": [ 0.0, 1.1, 1.3 ],
																					"unwrapMode": 7,
																					"unwrapRotation": 1,
																					"uv": [ 51.5, 124.5 ],
																					"rotationOrigin": [ 0.0, 0.1, 1.3 ],
																					"rotationZ": -18.0,
																					"faces": {
																						"north": { "texture": "#skin", "uv": [ 53.5, 125.5, 54.5, 127.5 ], "rotation": 90 },
																						"south": { "texture": "#skin", "uv": [ 51.5, 125.5, 52.5, 127.5 ], "rotation": 270 },
																						"west": { "texture": "#skin", "uv": [ 52.5, 124.5, 53.5, 125.5 ], "rotation": 180 },
																						"up": { "texture": "#skin", "uv": [ 52.5, 125.5, 53.5, 127.5 ], "rotation": 270 },
																						"down": { "texture": "#skin", "uv": [ 54.5, 125.5, 55.5, 127.5 ], "rotation": 90 }
																					}
																				}
																			]
																		}
																	]
																}
															]
														},
														{
															"name": "R Antler Tine a1",
															"from": [ -2.0, 0.0, 0.0 ],
															"to": [ 0.0, 1.2, 1.2 ],
															"unwrapMode": 7,
															"unwrapRotation": 1,
															"uv": [ 45.0, 122.5 ],
															"rotationOrigin": [ 0.0, 0.0, 1.2 ],
															"rotationY": -14.0,
															"faces": {
																"north": { "texture": "#skin", "uv": [ 47.0, 123.5, 48.0, 125.5 ], "rotation": 90 },
																"south": { "texture": "#skin", "uv": [ 45.0, 123.5, 46.0, 125.5 ], "rotation": 270 },
																"west": { "texture": "#skin", "uv": [ 46.0, 122.5, 47.0, 123.5 ], "rotation": 180 },
																"up": { "texture": "#skin", "uv": [ 46.0, 123.5, 47.0, 125.5 ], "rotation": 270 },
																"down": { "texture": "#skin", "uv": [ 48.0, 123.5, 49.0, 125.5 ], "rotation": 90 }
															},
															"children": [
																{
																	"name": "R Antler Tine b1",
																	"from": [ -2.0, 0.1, 0.1 ],
																	"to": [ 0.0, 1.1, 1.1 ],
																	"unwrapMode": 7,
																	"unwrapRotation": 1,
																	"uv": [ 51.5, 124.5 ],
																	"rotationOrigin": [ 0.0, 0.1, 1.1 ],
																	"rotationZ": -36.0,
																	"faces": {
																		"north": { "texture": "#skin", "uv": [ 53.5, 125.5, 54.5, 127.5 ], "rotation": 90 },
																		"south": { "texture": "#skin", "uv": [ 51.5, 125.5, 52.5, 127.5 ], "rotation": 270 },
																		"west": { "texture": "#skin", "uv": [ 52.5, 124.5, 53.5, 125.5 ], "rotation": 180 },
																		"up": { "texture": "#skin", "uv": [ 52.5, 125.5, 53.5, 127.5 ], "rotation": 270 },
																		"down": { "texture": "#skin", "uv": [ 54.5, 125.5, 55.5, 127.5 ], "rotation": 90 }
																	}
																}
															]
														}
													]
												}
											]
										},
										{
											"name": "L Antler Hub",
											"from": [ -1.0, -1.5, -3.8 ],
											"to": [ 1.0, 0.5, -1.8 ],
											"unwrapMode": 1,
											"uv": [ 53.0, 113.5 ],
											"rotationOrigin": [ -1.0, 0.5, -1.8 ],
											"rotationX": 50.0,
											"faces": {
												"north": { "texture": "#skin", "uv": [ 55.0, 115.5, 57.0, 117.5 ] },
												"east": { "texture": "#skin", "uv": [ 53.0, 115.5, 55.0, 117.5 ] },
												"west": { "texture": "#skin", "uv": [ 57.0, 115.5, 59.0, 117.5 ] },
												"up": { "texture": "#skin", "uv": [ 55.0, 113.5, 57.0, 115.5 ], "rotation": 180 },
												"down": { "texture": "#skin", "uv": [ 55.0, 117.5, 57.0, 119.5 ] }
											},
											"children": [
												{
													"name": "L Antler Beam 1",
													"from": [ 0.2, 0.2, -2.7 ],
													"to": [ 1.8, 1.8, 0.3 ],
													"unwrapMode": 7,
													"unwrapRotation": 1,
													"uv": [ 29.5, 129.5 ],
													"rotationOrigin": [ 0.2, 0.2, 0.3 ],
													"rotationX": -10.0,
													"rotationY": -10.0,
													"faces": {
														"north": { "texture": "#skin", "uv": [ 32.5, 131.0, 34.0, 132.5 ], "rotation": 90 },
														"east": { "texture": "#skin", "uv": [ 29.5, 132.5, 32.5, 134.0 ] },
														"west": { "texture": "#skin", "uv": [ 29.5, 129.5, 32.5, 131.0 ], "rotation": 180 },
														"up": { "texture": "#skin", "uv": [ 29.5, 131.0, 32.5, 132.5 ], "rotation": 270 },
														"down": { "texture": "#skin", "uv": [ 34.0, 131.0, 37.0, 132.5 ], "rotation": 90 }
													},
													"children": [
														{
															"name": "L Antler Beam 2",
															"from": [ 0.05, 0.05, -3.0 ],
															"to": [ 1.55, 1.55, 0.0 ],
															"unwrapMode": 7,
															"unwrapRotation": 1,
															"uv": [ 21.5, 125.0 ],
															"rotationOrigin": [ 0.05, 0.05, 0.0 ],
															"rotationY": -30.0,
															"faces": {
																"north": { "texture": "#skin", "uv": [ 24.5, 126.5, 26.0, 128.0 ], "rotation": 90 },
																"east": { "texture": "#skin", "uv": [ 21.5, 128.0, 24.5, 129.5 ] },
																"west": { "texture": "#skin", "uv": [ 21.5, 125.0, 24.5, 126.5 ], "rotation": 180 },
																"up": { "texture": "#skin", "uv": [ 21.5, 126.5, 24.5, 128.0 ], "rotation": 270 },
																"down": { "texture": "#skin", "uv": [ 26.0, 126.5, 29.0, 128.0 ], "rotation": 90 }
															},
															"children": [
																{
																	"name": "L Antler Palm 1",
																	"from": [ -1.0, 0.1, -3.0 ],
																	"to": [ 2.0, 1.4, 0.0 ],
																	"unwrapMode": 7,
																	"unwrapRotation": 1,
																	"uv": [ 27.0, 128.5 ],
																	"rotationOrigin": [ 2.0, 0.1, 0.0 ],
																	"rotationX": -5.0,
																	"rotationY": 50.0,
																	"rotationZ": -5.0,
																	"faces": {
																		"north": { "texture": "#skin", "uv": [ 31.0, 129.5, 32.0, 132.5 ], "rotation": 90 },
																		"east": { "texture": "#skin", "uv": [ 28.0, 132.5, 31.0, 133.5 ] },
																		"south": { "texture": "#skin", "uv": [ 27.0, 129.5, 28.0, 132.5 ], "rotation": 270 },
																		"west": { "texture": "#skin", "uv": [ 28.0, 128.5, 31.0, 129.5 ], "rotation": 180 },
																		"up": { "texture": "#skin", "uv": [ 28.0, 129.5, 31.0, 132.5 ], "rotation": 270 },
																		"down": { "texture": "#skin", "uv": [ 32.0, 129.5, 35.0, 132.5 ], "rotation": 90 }
																	},
																	"children": [
																		{
																			"name": "L Antler Palm 2",
																			"from": [ -2.0, 0.1, -2.5 ],
																			"to": [ 4.0, 1.2, 1.5 ],
																			"unwrapMode": 7,
																			"unwrapRotation": 1,
																			"uv": [ 13.5, 125.0 ],
																			"rotationOrigin": [ 2.0, 0.1, 1.5 ],
																			"rotationX": -5.0,
																			"rotationY": -33.0,
																			"rotationZ": -5.0,
																			"faces": {
																				"north": { "texture": "#skin", "uv": [ 18.5, 126.0, 19.5, 132.0 ], "rotation": 90 },
																				"east": { "texture": "#skin", "uv": [ 14.5, 132.0, 18.5, 133.0 ] },
																				"south": { "texture": "#skin", "uv": [ 13.5, 126.0, 14.5, 132.0 ], "rotation": 270 },
																				"west": { "texture": "#skin", "uv": [ 14.5, 125.0, 18.5, 126.0 ], "rotation": 180 },
																				"up": { "texture": "#skin", "uv": [ 14.5, 126.0, 18.5, 132.0 ], "rotation": 270 },
																				"down": { "texture": "#skin", "uv": [ 19.5, 126.0, 23.5, 132.0 ], "rotation": 90 }
																			},
																			"children": [
																				{
																					"name": "L Antler Palm 3",
																					"from": [ -2.0, 0.05, -6.0 ],
																					"to": [ 5.0, 1.05, 0.0 ],
																					"unwrapMode": 7,
																					"unwrapRotation": 1,
																					"uv": [ 2.5, 125.0 ],
																					"rotationOrigin": [ 0.0, 0.05, 0.0 ],
																					"rotationY": -25.0,
																					"faces": {
																						"north": { "texture": "#skin", "uv": [ 8.5, 126.0, 9.5, 133.0 ], "rotation": 90 },
																						"east": { "texture": "#skin", "uv": [ 2.5, 133.0, 8.5, 134.0 ] },
																						"west": { "texture": "#skin", "uv": [ 2.5, 125.0, 8.5, 126.0 ], "rotation": 180 },
																						"up": { "texture": "#skin", "uv": [ 2.5, 126.0, 8.5, 133.0 ], "rotation": 270 },
																						"down": { "texture": "#skin", "uv": [ 9.5, 126.0, 15.5, 133.0 ], "rotation": 90 }
																					},
																					"children": [
																						{
																							"name": "L Antler Tine a5",
																							"from": [ -5.0, 0.0, 1.8 ],
																							"to": [ 2.0, 1.2, 3.8 ],
																							"unwrapMode": 7,
																							"unwrapRotation": 1,
																							"uv": [ 44.5, 122.5 ],
																							"rotationOrigin": [ 1.0, 0.0, 3.0 ],
																							"rotationY": -75.0,
																							"faces": {
																								"north": { "texture": "#skin", "uv": [ 47.5, 123.5, 48.5, 130.5 ], "rotation": 90 },
																								"east": { "texture": "#skin", "uv": [ 45.5, 130.5, 47.5, 131.5 ] },
																								"south": { "texture": "#skin", "uv": [ 44.5, 123.5, 45.5, 130.5 ], "rotation": 270 },
																								"west": { "texture": "#skin", "uv": [ 45.5, 122.5, 47.5, 123.5 ], "rotation": 180 },
																								"up": { "texture": "#skin", "uv": [ 45.5, 123.5, 47.5, 130.5 ], "rotation": 270 },
																								"down": { "texture": "#skin", "uv": [ 48.5, 123.5, 50.5, 130.5 ], "rotation": 90 }
																							},
																							"children": [
																								{
																									"name": "L Antler Tine b5",
																									"from": [ -2.0, 0.1, 0.3 ],
																									"to": [ 0.0, 1.1, 1.7 ],
																									"unwrapMode": 7,
																									"unwrapRotation": 1,
																									"uv": [ 51.5, 124.5 ],
																									"rotationOrigin": [ 0.0, 0.1, 1.3 ],
																									"rotationZ": -8.0,
																									"faces": {
																										"north": { "texture": "#skin", "uv": [ 53.5, 125.5, 54.5, 127.5 ], "rotation": 90 },
																										"south": { "texture": "#skin", "uv": [ 51.5, 125.5, 52.5, 127.5 ], "rotation": 270 },
																										"west": { "texture": "#skin", "uv": [ 52.5, 124.5, 53.5, 125.5 ], "rotation": 180 },
																										"up": { "texture": "#skin", "uv": [ 52.5, 125.5, 53.5, 127.5 ], "rotation": 270 },
																										"down": { "texture": "#skin", "uv": [ 54.5, 125.5, 55.5, 127.5 ], "rotation": 90 }
																									}
																								}
																							]
																						},
																						{
																							"name": "L Antler Tine a6",
																							"from": [ -2.0, 0.1, -2.0 ],
																							"to": [ 4.0, 1.1, 2.5 ],
																							"unwrapMode": 7,
																							"unwrapRotation": 1,
																							"uv": [ 23.5, 122.0 ],
																							"rotationOrigin": [ 3.0, 0.1, 1.2 ],
																							"rotationX": 10.0,
																							"rotationY": -102.0,
																							"faces": {
																								"north": { "texture": "#skin", "uv": [ 28.0, 123.0, 29.0, 129.0 ], "rotation": 90 },
																								"east": { "texture": "#skin", "uv": [ 23.5, 129.0, 28.0, 130.0 ] },
																								"west": { "texture": "#skin", "uv": [ 23.5, 122.0, 28.0, 123.0 ], "rotation": 180 },
																								"up": { "texture": "#skin", "uv": [ 23.5, 123.0, 28.0, 129.0 ], "rotation": 270 },
																								"down": { "texture": "#skin", "uv": [ 29.0, 123.0, 33.5, 129.0 ], "rotation": 90 }
																							},
																							"children": [
																								{
																									"name": "L Antler Tine b6",
																									"from": [ -2.0, 0.1, 3.3 ],
																									"to": [ 0.0, 1.1, 4.3 ],
																									"unwrapMode": 7,
																									"unwrapRotation": 1,
																									"uv": [ 51.5, 124.5 ],
																									"rotationOrigin": [ 0.0, 0.1, 4.3 ],
																									"rotationZ": -28.0,
																									"faces": {
																										"north": { "texture": "#skin", "uv": [ 53.5, 125.5, 54.5, 127.5 ], "rotation": 90 },
																										"south": { "texture": "#skin", "uv": [ 51.5, 125.5, 52.5, 127.5 ], "rotation": 270 },
																										"west": { "texture": "#skin", "uv": [ 52.5, 124.5, 53.5, 125.5 ], "rotation": 180 },
																										"up": { "texture": "#skin", "uv": [ 52.5, 125.5, 53.5, 127.5 ], "rotation": 270 },
																										"down": { "texture": "#skin", "uv": [ 54.5, 125.5, 55.5, 127.5 ], "rotation": 90 }
																									}
																								},
																								{
																									"name": "L Antler Tine c6",
																									"from": [ -1.0, 0.1, 0.3 ],
																									"to": [ 0.0, 1.1, 1.3 ],
																									"unwrapMode": 7,
																									"unwrapRotation": 1,
																									"uv": [ 51.5, 124.5 ],
																									"rotationOrigin": [ 0.0, 0.1, 1.3 ],
																									"rotationY": -17.0,
																									"rotationZ": -28.0,
																									"faces": {
																										"north": { "texture": "#skin", "uv": [ 53.5, 125.5, 54.5, 126.5 ], "rotation": 90 },
																										"south": { "texture": "#skin", "uv": [ 51.5, 125.5, 52.5, 126.5 ], "rotation": 270 },
																										"west": { "texture": "#skin", "uv": [ 52.5, 124.5, 53.5, 125.5 ], "rotation": 180 },
																										"up": { "texture": "#skin", "uv": [ 52.5, 125.5, 53.5, 126.5 ], "rotation": 270 },
																										"down": { "texture": "#skin", "uv": [ 54.5, 125.5, 55.5, 126.5 ], "rotation": 90 }
																									}
																								}
																							]
																						},
																						{
																							"name": "L Antler Tine a7",
																							"from": [ 3.0, 0.0, 4.0 ],
																							"to": [ 7.0, 1.2, 6.0 ],
																							"unwrapMode": 7,
																							"unwrapRotation": 1,
																							"uv": [ 44.5, 124.5 ],
																							"rotationOrigin": [ 7.0, 0.0, 5.2 ],
																							"rotationY": -127.0,
																							"rotationZ": -10.0,
																							"faces": {
																								"north": { "texture": "#skin", "uv": [ 47.5, 125.5, 48.5, 129.5 ], "rotation": 90 },
																								"east": { "texture": "#skin", "uv": [ 45.5, 129.5, 47.5, 130.5 ] },
																								"south": { "texture": "#skin", "uv": [ 44.5, 125.5, 45.5, 129.5 ], "rotation": 270 },
																								"west": { "texture": "#skin", "uv": [ 45.5, 124.5, 47.5, 125.5 ], "rotation": 180 },
																								"up": { "texture": "#skin", "uv": [ 45.5, 125.5, 47.5, 129.5 ], "rotation": 270 },
																								"down": { "texture": "#skin", "uv": [ 48.5, 125.5, 50.5, 129.5 ], "rotation": 90 }
																							},
																							"children": [
																								{
																									"name": "L Antler Tine b7",
																									"from": [ -1.0, 0.1, 0.5 ],
																									"to": [ 0.0, 1.1, 1.5 ],
																									"unwrapMode": 7,
																									"unwrapRotation": 1,
																									"uv": [ 51.5, 124.5 ],
																									"rotationOrigin": [ 0.0, 0.1, 1.5 ],
																									"rotationZ": -22.0,
																									"faces": {
																										"north": { "texture": "#skin", "uv": [ 53.5, 125.5, 54.5, 126.5 ], "rotation": 90 },
																										"south": { "texture": "#skin", "uv": [ 51.5, 125.5, 52.5, 126.5 ], "rotation": 270 },
																										"west": { "texture": "#skin", "uv": [ 52.5, 124.5, 53.5, 125.5 ], "rotation": 180 },
																										"up": { "texture": "#skin", "uv": [ 52.5, 125.5, 53.5, 126.5 ], "rotation": 270 },
																										"down": { "texture": "#skin", "uv": [ 54.5, 125.5, 55.5, 126.5 ], "rotation": 90 }
																									}
																								}
																							]
																						}
																					]
																				},
																				{
																					"name": "L Antler Tine a3",
																					"from": [ -4.5, 0.0, 2.0 ],
																					"to": [ 0.5, 1.2, 4.0 ],
																					"unwrapMode": 7,
																					"unwrapRotation": 1,
																					"uv": [ 44.5, 124.5 ],
																					"rotationOrigin": [ 0.5, 0.0, 3.2 ],
																					"rotationY": -22.0,
																					"faces": {
																						"north": { "texture": "#skin", "uv": [ 47.5, 125.5, 48.5, 130.5 ], "rotation": 90 },
																						"east": { "texture": "#skin", "uv": [ 45.5, 130.5, 47.5, 131.5 ] },
																						"south": { "texture": "#skin", "uv": [ 44.5, 125.5, 45.5, 130.5 ], "rotation": 270 },
																						"west": { "texture": "#skin", "uv": [ 45.5, 124.5, 47.5, 125.5 ], "rotation": 180 },
																						"up": { "texture": "#skin", "uv": [ 45.5, 125.5, 47.5, 130.5 ], "rotation": 270 },
																						"down": { "texture": "#skin", "uv": [ 48.5, 125.5, 50.5, 130.5 ], "rotation": 90 }
																					},
																					"children": [
																						{
																							"name": "L Antler Tine b3",
																							"from": [ -4.0, 0.1, 0.3 ],
																							"to": [ 0.0, 1.1, 1.7 ],
																							"unwrapMode": 7,
																							"unwrapRotation": 1,
																							"uv": [ 51.5, 124.5 ],
																							"rotationOrigin": [ 0.0, 0.1, 1.3 ],
																							"rotationY": -5.0,
																							"rotationZ": -18.0,
																							"faces": {
																								"north": { "texture": "#skin", "uv": [ 53.5, 125.5, 54.5, 129.5 ], "rotation": 90 },
																								"south": { "texture": "#skin", "uv": [ 51.5, 125.5, 52.5, 129.5 ], "rotation": 270 },
																								"west": { "texture": "#skin", "uv": [ 52.5, 124.5, 53.5, 125.5 ], "rotation": 180 },
																								"up": { "texture": "#skin", "uv": [ 52.5, 125.5, 53.5, 129.5 ], "rotation": 270 },
																								"down": { "texture": "#skin", "uv": [ 54.5, 125.5, 55.5, 129.5 ], "rotation": 90 }
																							}
																						}
																					]
																				},
																				{
																					"name": "L Antler Tine a4",
																					"from": [ -7.0, 0.0, 0.0 ],
																					"to": [ 1.0, 1.2, 2.0 ],
																					"unwrapMode": 7,
																					"unwrapRotation": 1,
																					"uv": [ 44.5, 123.5 ],
																					"rotationOrigin": [ 1.0, 0.0, 1.2 ],
																					"rotationY": -50.0,
																					"faces": {
																						"north": { "texture": "#skin", "uv": [ 47.5, 124.5, 48.5, 132.5 ], "rotation": 90 },
																						"east": { "texture": "#skin", "uv": [ 45.5, 132.5, 47.5, 133.5 ] },
																						"south": { "texture": "#skin", "uv": [ 44.5, 124.5, 45.5, 132.5 ], "rotation": 270 },
																						"west": { "texture": "#skin", "uv": [ 45.5, 123.5, 47.5, 124.5 ], "rotation": 180 },
																						"up": { "texture": "#skin", "uv": [ 45.5, 124.5, 47.5, 132.5 ], "rotation": 270 },
																						"down": { "texture": "#skin", "uv": [ 48.5, 124.5, 50.5, 132.5 ], "rotation": 90 }
																					},
																					"children": [
																						{
																							"name": "L Antler Tine b4",
																							"from": [ -4.0, 0.1, 0.3 ],
																							"to": [ 0.0, 1.1, 1.7 ],
																							"unwrapMode": 7,
																							"unwrapRotation": 1,
																							"uv": [ 51.5, 124.5 ],
																							"rotationOrigin": [ 0.0, 0.1, 1.3 ],
																							"rotationZ": -18.0,
																							"faces": {
																								"north": { "texture": "#skin", "uv": [ 53.5, 125.5, 54.5, 129.5 ], "rotation": 90 },
																								"south": { "texture": "#skin", "uv": [ 51.5, 125.5, 52.5, 129.5 ], "rotation": 270 },
																								"west": { "texture": "#skin", "uv": [ 52.5, 124.5, 53.5, 125.5 ], "rotation": 180 },
																								"up": { "texture": "#skin", "uv": [ 52.5, 125.5, 53.5, 129.5 ], "rotation": 270 },
																								"down": { "texture": "#skin", "uv": [ 54.5, 125.5, 55.5, 129.5 ], "rotation": 90 }
																							}
																						}
																					]
																				}
																			]
																		},
																		{
																			"name": "L Antler Tine a2",
																			"from": [ -4.5, 0.0, 2.0 ],
																			"to": [ 0.5, 1.2, 3.6 ],
																			"unwrapMode": 7,
																			"unwrapRotation": 1,
																			"uv": [ 44.5, 122.5 ],
																			"rotationOrigin": [ 0.5, 0.0, 3.2 ],
																			"rotationY": -22.0,
																			"faces": {
																				"north": { "texture": "#skin", "uv": [ 47.0, 123.5, 48.0, 128.5 ], "rotation": 90 },
																				"east": { "texture": "#skin", "uv": [ 45.5, 128.5, 47.0, 129.5 ] },
																				"south": { "texture": "#skin", "uv": [ 44.5, 123.5, 45.5, 128.5 ], "rotation": 270 },
																				"west": { "texture": "#skin", "uv": [ 45.5, 122.5, 47.0, 123.5 ], "rotation": 180 },
																				"up": { "texture": "#skin", "uv": [ 45.5, 123.5, 47.0, 128.5 ], "rotation": 270 },
																				"down": { "texture": "#skin", "uv": [ 48.0, 123.5, 49.5, 128.5 ], "rotation": 90 }
																			},
																			"children": [
																				{
																					"name": "L Antler Tine b2",
																					"from": [ -2.0, 0.1, 0.3 ],
																					"to": [ 0.0, 1.1, 1.3 ],
																					"unwrapMode": 7,
																					"unwrapRotation": 1,
																					"uv": [ 51.5, 124.5 ],
																					"rotationOrigin": [ 0.0, 0.1, 1.3 ],
																					"rotationZ": -18.0,
																					"faces": {
																						"north": { "texture": "#skin", "uv": [ 53.5, 125.5, 54.5, 127.5 ], "rotation": 90 },
																						"south": { "texture": "#skin", "uv": [ 51.5, 125.5, 52.5, 127.5 ], "rotation": 270 },
																						"west": { "texture": "#skin", "uv": [ 52.5, 124.5, 53.5, 125.5 ], "rotation": 180 },
																						"up": { "texture": "#skin", "uv": [ 52.5, 125.5, 53.5, 127.5 ], "rotation": 270 },
																						"down": { "texture": "#skin", "uv": [ 54.5, 125.5, 55.5, 127.5 ], "rotation": 90 }
																					}
																				}
																			]
																		}
																	]
																}
															]
														},
														{
															"name": "L Antler Tine a1",
															"from": [ -2.0, 0.0, 2.0 ],
															"to": [ 0.0, 1.2, 3.2 ],
															"unwrapMode": 7,
															"unwrapRotation": 1,
															"uv": [ 45.0, 122.5 ],
															"rotationOrigin": [ 0.0, 0.0, 2.2 ],
															"rotationY": 14.0,
															"faces": {
																"north": { "texture": "#skin", "uv": [ 47.0, 123.5, 48.0, 125.5 ], "rotation": 90 },
																"south": { "texture": "#skin", "uv": [ 45.0, 123.5, 46.0, 125.5 ], "rotation": 270 },
																"west": { "texture": "#skin", "uv": [ 46.0, 122.5, 47.0, 123.5 ], "rotation": 180 },
																"up": { "texture": "#skin", "uv": [ 46.0, 123.5, 47.0, 125.5 ], "rotation": 270 },
																"down": { "texture": "#skin", "uv": [ 48.0, 123.5, 49.0, 125.5 ], "rotation": 90 }
															},
															"children": [
																{
																	"name": "L Antler Tine b1",
																	"from": [ -2.0, 0.1, 0.1 ],
																	"to": [ 0.0, 1.1, 1.1 ],
																	"unwrapMode": 7,
																	"unwrapRotation": 1,
																	"uv": [ 51.5, 124.5 ],
																	"rotationOrigin": [ 0.0, 0.1, 1.1 ],
																	"rotationZ": -36.0,
																	"faces": {
																		"north": { "texture": "#skin", "uv": [ 53.5, 125.5, 54.5, 127.5 ], "rotation": 90 },
																		"south": { "texture": "#skin", "uv": [ 51.5, 125.5, 52.5, 127.5 ], "rotation": 270 },
																		"west": { "texture": "#skin", "uv": [ 52.5, 124.5, 53.5, 125.5 ], "rotation": 180 },
																		"up": { "texture": "#skin", "uv": [ 52.5, 125.5, 53.5, 127.5 ], "rotation": 270 },
																		"down": { "texture": "#skin", "uv": [ 54.5, 125.5, 55.5, 127.5 ], "rotation": 90 }
																	}
																}
															]
														}
													]
												}
											]
										}
									]
								}
							]
						}
					],
					"attachmentpoints": [
						{
							"code": "rope",
							"posX": "2.0","posY": "3.0","posZ": "2.0",
							"rotationX": "0.0","rotationY": "0.0","rotationZ": "0.0"
						}
					]
				}
			]
		}
	]}