{
	"editor": {
		"allAngles": true,
		"entityTextureMode": true
	},
	"textureWidth": 108,
	"textureHeight": 136,
	"textureSizes": {
		"skin": [108,136]
	},
	"textures": {
	},
	"elements": [
		{
			"name": "Neck",
			"from": [ 11.1, 9.95, 4.75 ],
			"to": [ 22.85, 21.95, 12.25 ],
			"unwrapMode": 2,
			"autoUnwrap": false,
			"uv": [ 8.5, 9.0 ],
			"rotationOrigin": [ 22.85, 9.95, 8.0 ],
			"rotationZ": 57.0,
			"faces": {
				"north": { "texture": "#skin", "uv": [ 27.5, 20.5, 39.0, 32.5 ], "windMode": [-1,-1,-1,-1], "windData": [0,0,1,0] },
				"east": { "texture": "#skin", "uv": [ 20.0, 20.5, 27.5, 32.5 ], "windMode": [-1,-1,-1,-1], "windData": [1,0,0,1] },
				"south": { "texture": "#skin", "uv": [ 8.5, 20.5, 20.0, 32.5 ] },
				"west": { "texture": "#skin", "uv": [ 39.0, 20.5, 46.5, 32.5 ] },
				"up": { "texture": "#skin", "uv": [ 3.5, 8.5, 11.0, 20.0 ], "rotation": 90 }
			},
			"children": [
				{
					"name": "Neck2",
					"from": [ 0.55, 7.6, 0.75 ],
					"to": [ 9.05, 18.6, 6.75 ],
					"unwrapMode": 2,
					"uv": [ 12.0, 0.5 ],
					"rotationOrigin": [ 7.4, 8.4, 3.15 ],
					"rotationZ": -25.0,
					"faces": {
						"north": { "texture": "#skin", "uv": [ 26.5, 9.0, 35.0, 20.0 ] },
						"east": { "texture": "#skin", "uv": [ 20.5, 9.0, 26.5, 20.0 ] },
						"south": { "texture": "#skin", "uv": [ 12.0, 9.0, 20.5, 20.0 ] },
						"west": { "texture": "#skin", "uv": [ 35.0, 9.0, 41.0, 20.0 ] },
						"up": { "texture": "#skin", "uv": [ 20.5, 0.5, 26.5, 9.0 ], "rotation": 270 }
					},
					"children": [
						{
							"name": "Head",
							"from": [ 2.05, 4.0, -0.3 ],
							"to": [ 8.05, 11.5, 6.5 ],
							"unwrapMode": 4,
							"uv": [ 4.0, 100.5 ],
							"rotationOrigin": [ 8.2, 11.5, 3.1 ],
							"rotationZ": -53.0,
							"faces": {
								"north": { "texture": "#skin", "uv": [ 4.0, 106.5, 10.0, 114.0 ] },
								"east": { "texture": "#skin", "uv": [ 22.5, 106.5, 29.0, 114.0 ] },
								"south": { "texture": "#skin", "uv": [ 16.5, 106.5, 22.5, 114.0 ] },
								"west": { "texture": "#skin", "uv": [ 10.0, 106.5, 16.5, 114.0 ] },
								"up": { "texture": "#skin", "uv": [ 10.0, 100.5, 16.5, 106.5 ], "rotation": 90 },
								"down": { "texture": "#skin", "uv": [ 10.0, 114.0, 16.5, 120.0 ], "rotation": 90 }
							},
							"children": [
								{
									"name": "MouthUp",
									"from": [ -6.05, 0.8, 1.5 ],
									"to": [ -0.05, 2.3, 5.4 ],
									"unwrapMode": 5,
									"unwrapRotation": 1,
									"uv": [ 17.5, 115.0 ],
									"rotationOrigin": [ -1.1, 2.6, 3.0 ],
									"rotationZ": 35.0,
									"faces": {
										"north": { "texture": "#skin", "uv": [ 17.5, 115.0, 19.0, 121.0 ], "rotation": 270 },
										"south": { "texture": "#skin", "uv": [ 22.5, 115.0, 24.0, 121.0 ], "rotation": 90 },
										"west": { "texture": "#skin", "uv": [ 19.0, 121.0, 22.5, 122.5 ] },
										"up": { "texture": "#skin", "uv": [ 19.0, 115.0, 22.5, 121.0 ], "rotation": 90, "windMode": [-1,-1,-1,-1], "windData": [1,1,1,1] },
										"down": { "texture": "#skin", "uv": [ 24.0, 115.0, 27.5, 121.0 ], "rotation": 270 }
									},
									"children": [
										{
											"name": "Nose",
											"from": [ 0.9, -0.15, 0.15 ],
											"to": [ 9.15, 2.4, 3.75 ],
											"unwrapMode": 5,
											"unwrapRotation": 1,
											"uv": [ 30.0, 108.0 ],
											"rotationOrigin": [ 0.9, 2.85, 1.05 ],
											"rotationZ": 18.0,
											"faces": {
												"north": { "texture": "#skin", "uv": [ 30.0, 108.0, 32.5, 116.0 ], "rotation": 270, "windMode": [-1,-1,-1,-1], "windData": [1,1,1,1] },
												"south": { "texture": "#skin", "uv": [ 36.0, 108.0, 38.5, 116.0 ], "rotation": 90 },
												"west": { "texture": "#skin", "uv": [ 32.5, 116.0, 36.0, 118.5 ], "windMode": [-1,-1,-1,-1], "windData": [1,1,1,1] },
												"up": { "texture": "#skin", "uv": [ 32.5, 108.0, 36.0, 116.0 ], "rotation": 90 }
											},
											"children": [
												{
													"name": "Snout",
													"from": [ -1.5, 1.05, 0.675 ],
													"to": [ 0.15, 2.55, 2.925 ],
													"unwrapMode": 4,
													"uv": [ 36.5, 118.5 ],
													"rotationOrigin": [ -1.5, 2.55, 1.725 ],
													"rotationZ": -2.0,
													"faces": {
														"north": { "texture": "#skin", "uv": [ 36.5, 120.0, 38.0, 121.5 ], "windMode": [-1,-1,-1,-1], "windData": [1,1,1,1] },
														"east": { "texture": "#skin", "uv": [ 41.5, 120.0, 43.5, 121.5 ], "windMode": [-1,-1,-1,-1], "windData": [1,1,1,1] },
														"south": { "texture": "#skin", "uv": [ 40.0, 120.0, 41.5, 121.5 ], "windMode": [-1,-1,-1,-1], "windData": [1,1,1,1] },
														"west": { "texture": "#skin", "uv": [ 38.0, 120.0, 40.0, 121.5 ], "windMode": [-1,-1,-1,-1], "windData": [1,1,1,1] },
														"up": { "texture": "#skin", "uv": [ 38.0, 118.5, 40.0, 120.0 ], "rotation": 90, "windMode": [-1,-1,-1,-1], "windData": [1,1,1,1] },
														"down": { "texture": "#skin", "uv": [ 38.0, 121.5, 40.0, 123.0 ], "rotation": 90, "windMode": [-1,-1,-1,-1], "windData": [1,1,1,1] }
													}
												},
												{
													"name": "FaceStorage",
													"from": [ 0.0, 2.55, 0.0 ],
													"to": [ 8.1, 3.3, 3.6 ],
													"uv": [ 0.0, 0.0 ],
													"rotationOrigin": [ 0.0, 2.55, 0.0 ],
													"faces": {
													},
													"attachmentpoints": [
														{
															"code": "FaceAP",
															"posX": "0.0","posY": "0.0","posZ": "0.0",
															"rotationX": "0.0","rotationY": "0.0","rotationZ": "0.0"
														}
													]
												}
											]
										}
									]
								},
								{
									"name": "L Ear",
									"from": [ 4.75, 5.6, 4.95 ],
									"to": [ 5.5, 7.85, 7.65 ],
									"unwrapMode": 4,
									"uv": [ 1.0, 80.0 ],
									"rotationOrigin": [ 5.05, 5.6, 6.15 ],
									"rotationX": 55.0,
									"rotationY": 45.0,
									"faces": {
										"north": { "texture": "#skin", "uv": [ 1.0, 80.5, 1.5, 82.5 ], "windMode": [-1,-1,-1,-1], "windData": [1,1,1,1] },
										"east": { "texture": "#skin", "uv": [ 4.5, 80.5, 7.0, 82.5 ] },
										"south": { "texture": "#skin", "uv": [ 4.0, 80.5, 4.5, 82.5 ], "windMode": [-1,-1,-1,-1], "windData": [1,1,1,1] },
										"west": { "texture": "#skin", "uv": [ 1.5, 80.5, 4.0, 82.5 ] },
										"up": { "texture": "#skin", "uv": [ 1.5, 80.0, 4.0, 80.5 ], "rotation": 90 },
										"down": { "texture": "#skin", "uv": [ 1.5, 82.5, 4.0, 83.0 ], "rotation": 90 }
									},
									"children": [
										{
											"name": "L Ear2",
											"from": [ 0.0, 2.25, 0.0 ],
											"to": [ 0.75, 4.95, 1.2 ],
											"unwrapMode": 4,
											"uv": [ 1.0, 76.0 ],
											"rotationOrigin": [ 0.3, 2.25, 0.0 ],
											"rotationX": 16.0,
											"rotationY": 1.0,
											"faces": {
												"north": { "texture": "#skin", "uv": [ 1.0, 76.5, 1.5, 79.0 ] },
												"east": { "texture": "#skin", "uv": [ 3.0, 76.5, 4.0, 79.0 ] },
												"south": { "texture": "#skin", "uv": [ 2.5, 76.5, 3.0, 79.0 ] },
												"west": { "texture": "#skin", "uv": [ 1.5, 76.5, 2.5, 79.0 ] },
												"up": { "texture": "#skin", "uv": [ 1.5, 76.0, 2.5, 76.5 ], "rotation": 90 },
												"down": { "texture": "#skin", "uv": [ 1.5, 79.0, 2.5, 79.5 ], "rotation": 90 }
											}
										},
										{
											"name": "L Ear3",
											"from": [ 0.0, 2.25, 1.2 ],
											"to": [ 0.75, 4.65, 2.7 ],
											"unwrapMode": 4,
											"uv": [ 1.0, 72.5 ],
											"rotationOrigin": [ 0.3, 2.25, 2.7 ],
											"rotationX": -19.0,
											"rotationY": -1.0,
											"faces": {
												"north": { "texture": "#skin", "uv": [ 1.0, 73.0, 1.5, 75.0 ] },
												"east": { "texture": "#skin", "uv": [ 3.5, 73.0, 5.0, 75.0 ] },
												"south": { "texture": "#skin", "uv": [ 3.0, 73.0, 3.5, 75.0 ] },
												"west": { "texture": "#skin", "uv": [ 1.5, 73.0, 3.0, 75.0 ] },
												"up": { "texture": "#skin", "uv": [ 1.5, 72.5, 3.0, 73.0 ], "rotation": 90 },
												"down": { "texture": "#skin", "uv": [ 1.5, 75.0, 3.0, 75.5 ], "rotation": 90 }
											}
										}
									]
								},
								{
									"name": "R Eye",
									"from": [ -0.015, 3.9, -0.02 ],
									"to": [ 1.035, 4.35, 0.46 ],
									"unwrapMode": 5,
									"uv": [ 1.5, 98.5 ],
									"rotationOrigin": [ 0.0, 4.7, -0.15 ],
									"faces": {
										"north": { "texture": "#skin", "uv": [ 2.0, 98.5, 3.0, 99.0 ], "rotation": 180 },
										"east": { "texture": "#skin", "uv": [ 3.0, 99.0, 3.5, 99.5 ], "rotation": 90 },
										"south": { "texture": "#skin", "uv": [ 2.0, 99.5, 3.0, 100.0 ] },
										"west": { "texture": "#skin", "uv": [ 1.5, 99.0, 2.0, 99.5 ], "rotation": 270 },
										"up": { "texture": "#skin", "uv": [ 2.0, 99.0, 3.0, 99.5 ] },
										"down": { "texture": "#skin", "uv": [ 3.5, 99.0, 4.5, 99.5 ] }
									},
									"children": [
										{
											"name": "R Eye2",
											"from": [ 0.0, 0.45, 0.0 ],
											"to": [ 1.05, 1.05, 0.48 ],
											"unwrapMode": 5,
											"uv": [ 1.5, 100.5 ],
											"rotationOrigin": [ 0.0, 1.2, -0.135 ],
											"faces": {
												"north": { "texture": "#skin", "uv": [ 2.0, 100.5, 3.0, 101.0 ], "rotation": 180 },
												"east": { "texture": "#skin", "uv": [ 3.0, 101.0, 3.5, 101.5 ], "rotation": 90 },
												"south": { "texture": "#skin", "uv": [ 2.0, 101.5, 3.0, 102.0 ] },
												"west": { "texture": "#skin", "uv": [ 1.5, 101.0, 2.0, 101.5 ], "rotation": 270 },
												"up": { "texture": "#skin", "uv": [ 2.0, 101.0, 3.0, 101.5 ] },
												"down": { "texture": "#skin", "uv": [ 3.5, 101.0, 4.5, 101.5 ] }
											},
											"children": [
												{
													"name": "R Pupil",
													"from": [ -0.015, -0.2, -0.015 ],
													"to": [ 0.735, 0.25, 0.285 ],
													"uv": [ 3.5, 102.0 ],
													"rotationOrigin": [ 0.0, -0.2, 0.0 ],
													"faces": {
														"north": { "texture": "#skin", "uv": [ 3.5, 102.5, 4.0, 103.0 ] },
														"east": { "texture": "#skin", "uv": [ 4.0, 102.5, 4.5, 103.0 ] },
														"south": { "texture": "#skin", "uv": [ 4.5, 102.5, 5.0, 103.0 ] },
														"west": { "texture": "#skin", "uv": [ 5.0, 102.5, 5.5, 103.0 ] },
														"up": { "texture": "#skin", "uv": [ 3.5, 102.0, 4.0, 102.5 ] },
														"down": { "texture": "#skin", "uv": [ 4.0, 102.0, 4.5, 102.5 ] }
													}
												}
											]
										}
									]
								},
								{
									"name": "R Ear",
									"from": [ 4.75, 5.6, -0.75 ],
									"to": [ 5.5, 7.85, 1.95 ],
									"unwrapMode": 4,
									"uv": [ 1.0, 94.5 ],
									"rotationOrigin": [ 5.05, 5.6, 0.9 ],
									"rotationX": -55.0,
									"rotationY": -45.0,
									"faces": {
										"north": { "texture": "#skin", "uv": [ 1.0, 95.0, 1.5, 97.0 ] },
										"east": { "texture": "#skin", "uv": [ 4.5, 95.0, 7.0, 97.0 ] },
										"south": { "texture": "#skin", "uv": [ 4.0, 95.0, 4.5, 97.0 ], "windMode": [-1,-1,-1,-1], "windData": [1,1,1,1] },
										"west": { "texture": "#skin", "uv": [ 1.5, 95.0, 4.0, 97.0 ] },
										"up": { "texture": "#skin", "uv": [ 1.5, 94.5, 4.0, 95.0 ], "rotation": 90 },
										"down": { "texture": "#skin", "uv": [ 1.5, 97.0, 4.0, 97.5 ], "rotation": 90 }
									},
									"children": [
										{
											"name": "R Ear2",
											"from": [ 0.0, 2.25, 0.0 ],
											"to": [ 0.75, 4.65, 1.5 ],
											"unwrapMode": 4,
											"uv": [ 1.0, 91.0 ],
											"rotationOrigin": [ 0.3, 2.25, 0.0 ],
											"rotationX": 19.0,
											"rotationY": 1.0,
											"faces": {
												"north": { "texture": "#skin", "uv": [ 1.0, 91.5, 1.5, 93.5 ] },
												"east": { "texture": "#skin", "uv": [ 3.5, 91.5, 5.0, 93.5 ] },
												"south": { "texture": "#skin", "uv": [ 3.0, 91.5, 3.5, 93.5 ] },
												"west": { "texture": "#skin", "uv": [ 1.5, 91.5, 3.0, 93.5 ] },
												"up": { "texture": "#skin", "uv": [ 1.5, 91.0, 3.0, 91.5 ], "rotation": 90 },
												"down": { "texture": "#skin", "uv": [ 1.5, 93.5, 3.0, 94.0 ], "rotation": 90 }
											}
										},
										{
											"name": "R Ear3",
											"from": [ 0.0, 2.25, 1.5 ],
											"to": [ 0.75, 4.95, 2.7 ],
											"unwrapMode": 4,
											"uv": [ 1.0, 87.0 ],
											"rotationOrigin": [ 0.3, 2.25, 2.7 ],
											"rotationX": -16.0,
											"rotationY": -1.0,
											"faces": {
												"north": { "texture": "#skin", "uv": [ 1.0, 87.5, 1.5, 90.0 ] },
												"east": { "texture": "#skin", "uv": [ 3.0, 87.5, 4.0, 90.0 ] },
												"south": { "texture": "#skin", "uv": [ 2.5, 87.5, 3.0, 90.0 ] },
												"west": { "texture": "#skin", "uv": [ 1.5, 87.5, 2.5, 90.0 ] },
												"up": { "texture": "#skin", "uv": [ 1.5, 87.0, 2.5, 87.5 ], "rotation": 90 },
												"down": { "texture": "#skin", "uv": [ 1.5, 90.0, 2.5, 90.5 ], "rotation": 90 }
											}
										}
									]
								},
								{
									"name": "L Eye",
									"from": [ -0.015, 3.9, 6.39 ],
									"to": [ 1.035, 4.35, 6.87 ],
									"unwrapMode": 5,
									"uv": [ 5.5, 98.5 ],
									"rotationOrigin": [ -0.015, 4.65, 6.25 ],
									"faces": {
										"north": { "texture": "#skin", "uv": [ 6.0, 98.5, 7.0, 99.0 ], "rotation": 180 },
										"east": { "texture": "#skin", "uv": [ 7.0, 99.0, 7.5, 99.5 ], "rotation": 90 },
										"south": { "texture": "#skin", "uv": [ 6.0, 99.5, 7.0, 100.0 ] },
										"west": { "texture": "#skin", "uv": [ 5.5, 99.0, 6.0, 99.5 ], "rotation": 270 },
										"up": { "texture": "#skin", "uv": [ 6.0, 99.0, 7.0, 99.5 ] },
										"down": { "texture": "#skin", "uv": [ 7.5, 99.0, 8.5, 99.5 ] }
									},
									"children": [
										{
											"name": "L Eye2",
											"from": [ 0.0, 0.45, 0.0 ],
											"to": [ 1.05, 1.05, 0.48 ],
											"unwrapMode": 5,
											"uv": [ 5.5, 100.0 ],
											"rotationOrigin": [ 0.0, 1.2, -0.135 ],
											"faces": {
												"north": { "texture": "#skin", "uv": [ 6.0, 100.0, 7.0, 100.5 ], "rotation": 180 },
												"east": { "texture": "#skin", "uv": [ 7.0, 100.5, 7.5, 101.0 ], "rotation": 90 },
												"south": { "texture": "#skin", "uv": [ 6.0, 101.0, 7.0, 101.5 ] },
												"west": { "texture": "#skin", "uv": [ 5.5, 100.5, 6.0, 101.0 ], "rotation": 270 },
												"up": { "texture": "#skin", "uv": [ 6.0, 100.5, 7.0, 101.0 ] },
												"down": { "texture": "#skin", "uv": [ 7.5, 100.5, 8.5, 101.0 ] }
											},
											"children": [
												{
													"name": "L Pupil",
													"from": [ -0.015, -0.15, 0.195 ],
													"to": [ 0.735, 0.3, 0.495 ],
													"uv": [ 7.5, 102.0 ],
													"rotationOrigin": [ 0.0, -0.15, 0.15 ],
													"faces": {
														"north": { "texture": "#skin", "uv": [ 7.5, 102.5, 8.0, 103.0 ] },
														"east": { "texture": "#skin", "uv": [ 8.0, 102.5, 8.5, 103.0 ] },
														"south": { "texture": "#skin", "uv": [ 8.5, 102.5, 9.0, 103.0 ] },
														"west": { "texture": "#skin", "uv": [ 9.0, 102.5, 9.5, 103.0 ] },
														"up": { "texture": "#skin", "uv": [ 7.5, 102.0, 8.0, 102.5 ] },
														"down": { "texture": "#skin", "uv": [ 8.0, 102.0, 8.5, 102.5 ] }
													}
												}
											]
										}
									]
								},
								{
									"name": "Jaw",
									"from": [ -2.0118, -0.3892, 1.575 ],
									"to": [ 2.4882, 2.1607, 5.325 ],
									"unwrapMode": 5,
									"unwrapRotation": 1,
									"uv": [ 39.5, 108.0 ],
									"rotationOrigin": [ 1.8882, 1.1108, 2.85 ],
									"rotationZ": 12.0,
									"faces": {
										"north": { "texture": "#skin", "uv": [ 39.5, 108.0, 42.0, 112.5 ], "rotation": 270 },
										"south": { "texture": "#skin", "uv": [ 45.5, 108.0, 48.0, 112.5 ], "rotation": 90 },
										"west": { "texture": "#skin", "uv": [ 42.0, 112.5, 45.5, 115.0 ] },
										"up": { "texture": "#skin", "uv": [ 42.0, 108.0, 45.5, 112.5 ], "rotation": 90 },
										"down": { "texture": "#skin", "uv": [ 48.0, 108.0, 51.5, 112.5 ], "rotation": 270 }
									},
									"children": [
										{
											"name": "Jaw2",
											"from": [ -2.25, 0.0, 0.015 ],
											"to": [ 0.0, 1.2, 3.765 ],
											"unwrapMode": 5,
											"unwrapRotation": 1,
											"uv": [ 41.0, 116.0 ],
											"rotationOrigin": [ 0.0, 1.2, 1.35 ],
											"rotationZ": 26.0,
											"faces": {
												"north": { "texture": "#skin", "uv": [ 41.0, 116.0, 42.0, 118.0 ], "rotation": 270 },
												"south": { "texture": "#skin", "uv": [ 45.5, 116.0, 46.5, 118.0 ], "rotation": 90 },
												"west": { "texture": "#skin", "uv": [ 42.0, 118.0, 45.5, 119.0 ] },
												"up": { "texture": "#skin", "uv": [ 42.0, 116.0, 45.5, 118.0 ], "rotation": 90 },
												"down": { "texture": "#skin", "uv": [ 46.5, 116.0, 50.0, 118.0 ], "rotation": 270 }
											}
										}
									]
								}
							]
						}
					],
					"attachmentpoints": [
						{
							"code": "rope",
							"posX": "2.0","posY": "3.0","posZ": "2.0",
							"rotationX": "0.0","rotationY": "0.0","rotationZ": "0.0"
						}
					]
				}
			]
		}
	]}