﻿{
	code: "breadedmushroom",
  	class: "ExpandedFood",
	maxstacksize: 64,
	variantgroups: [
		{ code: "type",	states: [ "oat", "corn"	]},
		{ code: "state", states: ["raw", "partbaked", "cooked", "charred","syruppartbaked", "syrup", "syrupcharred", "oiled"] },
	],
	attributes: {
		displaycaseable: true,
		shelvable: true,
  		"handbook": { "groupBy": [ "breadedmushroom-*" ] },
		"expandedNutritionProps": {
			"game:flour-flax": {saturation: 80, foodcategory: "Grain"},
			"game:flour-rye": {saturation: 150, foodcategory: "Grain"},
			"game:flour-spelt": {saturation: 150, foodcategory: "Grain"},
			"game:flour-cassava": {saturation: 150, foodcategory: "Grain"},
			"game:flour-amaranth": {saturation: 150, foodcategory: "Grain"},
			"game:flour-sunflower": {saturation: 150, foodcategory: "Grain"},
			"game:flour-rice": {saturation: 165, foodcategory: "Grain"},
      		"game:flour-birch" : { saturation: 50, foodcategory: "Grain" },
      		"game:flour-pine" : { saturation: 50, foodcategory: "Grain" },
      		"game:flour-maple" : { saturation: 50, foodcategory: "Grain" },
		
			"farmcrops:breadcrumbs-corn": {saturation: 160, foodcategory: "Grain"},
			"farmcrops:breadcrumbs-oat": {saturation: 150, foodcategory: "Grain"},
			"farmcrops:syrup-*" : { saturation: 12, "health": 0.1, foodcategory: "Fruit" },
			"farmcrops:sugar" : { saturation: 12, "health": 0.3, foodcategory: "Fruit" },
			"farmcrops:flour-corn": {saturation: 150, foodcategory: "Grain"},
			"farmcrops:flour-oat": {saturation: 165, foodcategory: "Grain"},
			"farmcrops:foodoilportion-*" : { saturation: 6.4, "health": 0.1, foodcategory: "Vegetable" },



			"aculinaryartillery:eggwhiteportion": { saturation: 3, foodcategory: "Protein"},
			"aculinaryartillery:eggyolkportion-chicken": { saturation: 17, foodcategory: "Protein"},
			"aculinaryartillery:eggyolkportion-pheasant": { saturation: 25, foodcategory: "Protein"},
			"aculinaryartillery:eggyolkportion-goldenpheasant": { saturation: 25, foodcategory: "Protein"},
			"aculinaryartillery:eggyolkportion-capercaillie": { saturation: 25, foodcategory: "Protein"},
			"aculinaryartillery:eggyolkportion-wildturkey": { saturation: 25, foodcategory: "Protein"},
			"aculinaryartillery:eggyolkfullportion-chicken": { saturation: 20, foodcategory: "Protein"},
			"aculinaryartillery:eggyolkfullportion-pheasant": { saturation: 28, foodcategory: "Protein"},
			"aculinaryartillery:eggyolkfullportion-goldenpheasant": { saturation: 28, foodcategory: "Protein"},
			"aculinaryartillery:eggyolkfullportion-capercaillie": { saturation: 28, foodcategory: "Protein"},
			"aculinaryartillery:eggyolkfullportion-wildturkey": { saturation: 28, foodcategory: "Protein"},
    		"expandedfoods:foodoilportion-*" : { saturation: 6.4, "health": 0.1, foodcategory: "Vegetable" },
    		"expandedfoods:treesyrupportion-*" : { saturation: 9.6, "health": 0.1, foodcategory: "Fruit" },
    		"expandedfoods:fruitsyrupportion-saguaro" : { saturation: 12, "health": 0.2, foodcategory: "Fruit" }, 
      		"expandedfoods:fruitsyrupportion-*" : { saturation: 12, "health": 0.1, foodcategory: "Fruit" },
      		"expandedfoods:wildfruitsyrupportion-cloudberry" : { saturation: 12, "health": 0.5, foodcategory: "Fruit" },
      		"expandedfoods:wildfruitsyrupportion-husktomato" : { saturation: 12, "health": 0.3, foodcategory: "Fruit" },
      		"expandedfoods:wildfruitsyrupportion-juniper" : { saturation: 12, "health": 0.3, foodcategory: "Fruit" },
      		"expandedfoods:wildfruitsyrupportion-coralbead" : { saturation: 12, "health": -0.1, foodcategory: "Fruit" },
      		"expandedfoods:wildfruitsyrupportion-pokeberry" : { saturation: 12, "health": -0.25, foodcategory: "Fruit" },
      		"expandedfoods:wildfruitsyrupportion-snowberry" : { saturation: 12, "health": -0.25, foodcategory: "Fruit" },
      		"expandedfoods:wildfruitsyrupportion-falseorange" : { saturation: 12, "health": -0.25, foodcategory: "Fruit" },
      		"expandedfoods:wildfruitsyrupportion-blacknightshadeunripe" : { saturation: 12, "health": -1, foodcategory: "Fruit" },
      		"expandedfoods:wildfruitsyrupportion-bitternightshade" : { saturation: 12, "health": -2, foodcategory: "Fruit" },
      		"expandedfoods:wildfruitsyrupportion-wolfberry" : { saturation: 12, "health": -3, foodcategory: "Fruit" },
      		"expandedfoods:wildfruitsyrupportion-seamango" : { saturation: 12, "health": -4, foodcategory: "Fruit" },
      		"expandedfoods:wildfruitsyrupportion-crowseye" : { saturation: 12, "health": -5, foodcategory: "Fruit" },
      		"expandedfoods:wildfruitsyrupportion-*" : { saturation: 12, "health": 0.1, foodcategory: "Fruit" },
    		"expandedfoods:lard" : { saturation: 16, "health": 0.1, foodcategory: "Protein" },
    		"expandedfoods:fishsauce" : { saturation: 5, foodcategory: "Protein" },
    		"expandedfoods:soysauce" : { saturation: 6.4, "health": 0.1, foodcategory: "Protein" },
    		"game:honeyportion" : { saturation: 4, foodcategory: "Fruit" },
			"game:salt": {saturation: 10, health: 0.5, foodcategory: "Grain"},
		},
		bakingPropertiesByType: {
			"@*-(raw|oiled)": {
				temp: 100,
				levelFrom: 0.0,
				levelTo: 0.25,
				startScaleY: 1.0,
				endScaleY: 1.0,
				resultCode: "farmcrops:breadedmushroom-{type}-partbaked"
			},
			"*-partbaked": {
				temp: 100,
				levelFrom: 0.25,
				levelTo: 0.5,
				startScaleY: 1.0,
				endScaleY: 0.9,
				resultCode: "farmcrops:breadedmushroom-{type}-cooked",
			},
			"*-cooked": {
				temp: 100,
				levelFrom: 0.5,
				levelTo: 0.75,
				startScaleY: 0.9,
				endScaleY: 0.8,
				resultCode: "farmcrops:breadedmushroom-{type}-charred",
				initialCode: "farmcrops:breadedmushroom-{type}-partbaked"
			},
			"*-charred": {
				temp: 100,
				levelFrom: 0.85,
				levelTo: 1.0,
				startScaleY: 0.8,
				endScaleY: 0.7,
				initialCode: "farmcrops:breadedmushroom-{type}-cooked"
			},
			"*-syruppartbaked": {
				temp: 100,
				levelFrom: 0.25,
				levelTo: 0.5,
				startScaleY: 1.0,
				endScaleY: 0.9,
				resultCode: "farmcrops:breadedmushroom-{type}-syrup"
			},
			"*-syrup": {
				temp: 100,
				levelFrom: 0.5,
				levelTo: 0.75,
				startScaleY: 0.9,
				endScaleY: 0.8,
				resultCode: "farmcrops:breadedmushroom-{type}-syrupcharred",
				initialCode: "farmcrops:breadedmushroom-{type}-syruppartbaked"
			},
			"*-syrupcharred": {
				temp: 100,
				levelFrom: 0.85,
				levelTo: 1.0,
				startScaleY: 0.8,
				endScaleY: 0.7,
				initialCode: "farmcrops:breadedmushroom-{type}-syrup"
			}
		},
		onDisplayTransform: {
			"rotation": { "x": 0, "y": 45, "z": 0}, translation: { x: 0, y: -0.2, z: 0 }, scale: 0.6
		},
		renderIngredients: {
			"game:mushroom-almondmushroom-normal": "game:shapes/item/food/mushroom/almondmushroom.json",
			"game:mushroom-beardedtooth-normal-north": "game:shapes/item/food/mushroom/beardedtooth.json",
			"game:mushroom-bitterbolete-normal": "game:shapes/item/food/mushroom/bitterbolete.json",
			"game:mushroom-blacktrumpet-normal": "game:shapes/item/food/mushroom/blacktrumpet.json",
			"game:mushroom-bolete-normal": "game:shapes/item/food/mushroom/bolete.json",
			"game:mushroom-chanterelle-normal": "game:shapes/item/food/mushroom/chanterelle.json",
			"game:mushroom-chickenofthewoods-normal-north": "game:shapes/item/food/mushroom/chickenofthewoods.json",
			"game:mushroom-commonmorel-normal": "game:shapes/item/food/mushroom/commonmorel.json",
			"game:mushroom-deathcap-normal": "game:shapes/item/food/mushroom/deathcap.json",
			"game:mushroom-deerear-normal-north": "game:shapes/item/food/mushroom/deerear.json",
			"game:mushroom-devilbolete-normal": "game:shapes/item/food/mushroom/devilbolete.json",
			"game:mushroom-devilstooth-normal": "game:shapes/item/food/mushroom/devilstooth.json",
			"game:mushroom-dryadsaddle-normal-north": "game:shapes/item/food/mushroom/dryadsaddle.json",
			"game:mushroom-earthball-normal": "game:shapes/item/food/mushroom/earthball.json",
			"game:mushroom-elfinsaddle-normal": "game:shapes/item/food/mushroom/elfinsaddle.json",
			"game:mushroom-fieldmushroom-normal": "game:shapes/item/food/mushroom/fieldmushroom.json",
			"game:mushroom-flyagaric-normal": "game:shapes/item/food/mushroom/flyagaric.json",
			"game:mushroom-funeralbell-normal-north": "game:shapes/item/food/mushroom/funeralbell.json",
			"game:mushroom-golddropmilkcap-normal": "game:shapes/item/food/mushroom/golddropmilkcap.json",
			"game:mushroom-greencrackedrussula-normal": "game:shapes/item/food/mushroom/greencrackedrussula.json",
			"game:mushroom-indigomilkcap-normal": "game:shapes/item/food/mushroom/indigomilkcap.json",
			"game:mushroom-jackolantern-normal": "game:shapes/item/food/mushroom/jackolantern.json",
			"game:mushroom-kingbolete-normal": "game:shapes/item/food/mushroom/kingbolete.json",
			"game:mushroom-livermushroom-normal-north": "game:shapes/item/food/mushroom/livermushroom.json",
			"game:mushroom-lobster-normal": "game:shapes/item/food/mushroom/lobster.json",
			"game:mushroom-orangeoakbolete-normal": "game:shapes/item/food/mushroom/orangeoakbolete.json",
			"game:mushroom-paddystraw-normal": "game:shapes/item/food/mushroom/paddystraw.json",
			"game:mushroom-pinkbonnet-normal-north": "game:shapes/item/food/mushroom/pinkbonnet.json",
			"game:mushroom-pinkoyster-normal-north": "game:shapes/item/food/mushroom/pinkoyster.json",
			"game:mushroom-puffball-normal": "game:shapes/item/food/mushroom/puffball.json",
			"game:mushroom-redwinecap-normal": "game:shapes/item/food/mushroom/redwinecap.json",
			"game:mushroom-reishi-normal-north": "game:shapes/item/food/mushroom/reishi.json",
			"game:mushroom-saffronmilkcap-normal": "game:shapes/item/food/mushroom/saffronmilkcap.json",
			"game:mushroom-shiitake-normal-north": "game:shapes/item/food/mushroom/shiitake.json",
			"game:mushroom-tinderhoof-normal-north": "game:shapes/item/food/mushroom/tinderhoof.json",
			"game:mushroom-violetwebcap-normal": "game:shapes/item/food/mushroom/violetwebcap.json",
			"game:mushroom-whiteoyster-normal-north": "game:shapes/item/food/mushroom/whiteoyster.json",
			"game:mushroom-witchhat-normal": "game:shapes/item/food/mushroom/witchhat.json",
		},
		satMultByType: {
			"@*-(partbaked|syruppartbaked)": 0.5,
			"@*-(cooked|syrup)": 1,
			"@*-(charred|syrupcharred)": 0.75,
		},
	},
	shape: { base: "game:shapes/item/food/mushroom/flyagaric" },
	texturesByType: { 
		"@*-(syruppartbaked|syrup|syrupcharred)": {
			"cap": { base: "farmcrops:item/food/grain/breading/{type}-fish" },		
			"stipe": { base: "farmcrops:item/food/grain/breading/{type}-fish" },		
			"pores": { base: "farmcrops:item/food/grain/breading/{type}-fish" },		
			"almondmushroom": { base: "farmcrops:item/food/grain/breading/{type}-fish" },		
			"beardedtooth": { base: "farmcrops:item/food/grain/breading/{type}-fish" },		
			"bitterbolete": { base: "farmcrops:item/food/grain/breading/{type}-fish" },		
			"blacktrumpet": { base: "farmcrops:item/food/grain/breading/{type}-fish" },		
			"blackmushroom": { base: "farmcrops:item/food/grain/breading/{type}-fish" },		
			"bolete": { base: "farmcrops:item/food/grain/breading/{type}-fish" },		
			"chanterelle": { base: "farmcrops:item/food/grain/breading/{type}-fish" },		
			"chickenofthewoods": { base: "farmcrops:item/food/grain/breading/{type}-fish" },		
			"commonmorel": { base: "farmcrops:item/food/grain/breading/{type}-fish" },		
			"deathcap": { base: "farmcrops:item/food/grain/breading/{type}-fish" },		
			"deerear": { base: "farmcrops:item/food/grain/breading/{type}-fish" },		
			"devilbolete": { base: "farmcrops:item/food/grain/breading/{type}-fish" },		
			"devilstooth": { base: "farmcrops:item/food/grain/breading/{type}-fish" },		
			"dryadsaddle": { base: "farmcrops:item/food/grain/breading/{type}-fish" },		
			"earthball": { base: "farmcrops:item/food/grain/breading/{type}-fish" },		
			"elfinsaddle": { base: "farmcrops:item/food/grain/breading/{type}-fish" },		
			"funeralbell": { base: "farmcrops:item/food/grain/breading/{type}-fish" },		
			"golddropmilkcap": { base: "farmcrops:item/food/grain/breading/{type}-fish" },		
			"greencrackedrussula": { base: "farmcrops:item/food/grain/breading/{type}-fish" },		
			"indigomilkcap": { base: "farmcrops:item/food/grain/breading/{type}-fish" },			
			"jackolantern": { base: "farmcrops:item/food/grain/breading/{type}-fish" },			
			"kingbolete": { base: "farmcrops:item/food/grain/breading/{type}-fish" },			
			"livermushroom": { base: "farmcrops:item/food/grain/breading/{type}-fish" },			
			"lobster": { base: "farmcrops:item/food/grain/breading/{type}-fish" },			
			"orangeoakbolete": { base: "farmcrops:item/food/grain/breading/{type}-fish" },			
			"paddystraw": { base: "farmcrops:item/food/grain/breading/{type}-fish" },			
			"pinkbonnet": { base: "farmcrops:item/food/grain/breading/{type}-fish" },			
			"pinkoyster": { base: "farmcrops:item/food/grain/breading/{type}-fish" },			
			"puffball": { base: "farmcrops:item/food/grain/breading/{type}-fish" },			
			"redwinecap": { base: "farmcrops:item/food/grain/breading/{type}-fish" },			
			"saffronmilkcap": { base: "farmcrops:item/food/grain/breading/{type}-fish" },			
			"sagemushroom": { base: "farmcrops:item/food/grain/breading/{type}-fish" },		
			"shiitake": { base: "farmcrops:item/food/grain/breading/{type}-fish" },			
			"reishi": { base: "farmcrops:item/food/grain/breading/{type}-fish" },			
			"tinderhoof": { base: "farmcrops:item/food/grain/breading/{type}-fish" },			
			"violetwebcap": { base: "farmcrops:item/food/grain/breading/{type}-fish" },			
			"whiteoyster": { base: "farmcrops:item/food/grain/breading/{type}-fish" },			
			"witchhat": { base: "farmcrops:item/food/grain/breading/{type}-fish" },			
			"capfly": { base: "farmcrops:item/food/grain/breading/{type}-fish" },			
			"stipefly": { base: "farmcrops:item/food/grain/breading/{type}-fish" },			
			"poresfly": { base: "farmcrops:item/food/grain/breading/{type}-fish" },			
			"gills": { base: "farmcrops:item/food/grain/breading/{type}-fish" },						
		},
		"*": {
			"cap": { base: "farmcrops:item/food/grain/breading/{type}-{state}" },		
			"stipe": { base: "farmcrops:item/food/grain/breading/{type}-{state}" },		
			"pores": { base: "farmcrops:item/food/grain/breading/{type}-{state}" },		
			"almondmushroom": { base: "farmcrops:item/food/grain/breading/{type}-{state}" },		
			"beardedtooth": { base: "farmcrops:item/food/grain/breading/{type}-{state}" },		
			"bitterbolete": { base: "farmcrops:item/food/grain/breading/{type}-{state}" },		
			"blacktrumpet": { base: "farmcrops:item/food/grain/breading/{type}-{state}" },	
			"blackmushroom": { base: "farmcrops:item/food/grain/breading/{type}-{state}" },			
			"bolete": { base: "farmcrops:item/food/grain/breading/{type}-{state}" },		
			"chanterelle": { base: "farmcrops:item/food/grain/breading/{type}-{state}" },		
			"chickenofthewoods": { base: "farmcrops:item/food/grain/breading/{type}-{state}" },		
			"commonmorel": { base: "farmcrops:item/food/grain/breading/{type}-{state}" },		
			"deathcap": { base: "farmcrops:item/food/grain/breading/{type}-{state}" },		
			"deerear": { base: "farmcrops:item/food/grain/breading/{type}-{state}" },		
			"devilbolete": { base: "farmcrops:item/food/grain/breading/{type}-{state}" },		
			"devilstooth": { base: "farmcrops:item/food/grain/breading/{type}-{state}" },		
			"dryadsaddle": { base: "farmcrops:item/food/grain/breading/{type}-{state}" },		
			"earthball": { base: "farmcrops:item/food/grain/breading/{type}-{state}" },		
			"elfinsaddle": { base: "farmcrops:item/food/grain/breading/{type}-{state}" },		
			"funeralbell": { base: "farmcrops:item/food/grain/breading/{type}-{state}" },		
			"golddropmilkcap": { base: "farmcrops:item/food/grain/breading/{type}-{state}" },		
			"greencrackedrussula": { base: "farmcrops:item/food/grain/breading/{type}-{state}" },		
			"indigomilkcap": { base: "farmcrops:item/food/grain/breading/{type}-{state}" },			
			"jackolantern": { base: "farmcrops:item/food/grain/breading/{type}-{state}" },			
			"kingbolete": { base: "farmcrops:item/food/grain/breading/{type}-{state}" },			
			"livermushroom": { base: "farmcrops:item/food/grain/breading/{type}-{state}" },			
			"lobster": { base: "farmcrops:item/food/grain/breading/{type}-{state}" },			
			"orangeoakbolete": { base: "farmcrops:item/food/grain/breading/{type}-{state}" },			
			"paddystraw": { base: "farmcrops:item/food/grain/breading/{type}-{state}" },			
			"pinkbonnet": { base: "farmcrops:item/food/grain/breading/{type}-{state}" },			
			"pinkoyster": { base: "farmcrops:item/food/grain/breading/{type}-{state}" },			
			"puffball": { base: "farmcrops:item/food/grain/breading/{type}-{state}" },			
			"redwinecap": { base: "farmcrops:item/food/grain/breading/{type}-{state}" },			
			"saffronmilkcap": { base: "farmcrops:item/food/grain/breading/{type}-{state}" },		
			"sagemushroom": { base: "farmcrops:item/food/grain/breading/{type}-{state}" },				
			"shiitake": { base: "farmcrops:item/food/grain/breading/{type}-{state}" },			
			"reishi": { base: "farmcrops:item/food/grain/breading/{type}-{state}" },			
			"tinderhoof": { base: "farmcrops:item/food/grain/breading/{type}-{state}" },			
			"violetwebcap": { base: "farmcrops:item/food/grain/breading/{type}-{state}" },			
			"whiteoyster": { base: "farmcrops:item/food/grain/breading/{type}-{state}" },			
			"witchhat": { base: "farmcrops:item/food/grain/breading/{type}-{state}" },			
			"capfly": { base: "farmcrops:item/food/grain/breading/{type}-{state}" },			
			"stipefly": { base: "farmcrops:item/food/grain/breading/{type}-{state}" },			
			"poresfly": { base: "farmcrops:item/food/grain/breading/{type}-{state}" },	
			"gills": { base: "farmcrops:item/food/grain/breading/{type}-{state}" },									
		},
	},
	combustiblePropsByType: {
		"@*-(partbaked|perfect)": {
			meltingPoint: 150,
			meltingDuration: 20,
			smeltedRatio: 1,
			smeltingType: "bake",
			smeltedStack: { type: "item", code: "farmcrops:breadedmushroom-{type}-charred" },
			requiresContainer: false
		},
	},
	materialDensity: 600,
	creativeinventory: { "general": ["*"], "items": ["*"], "expandedfoods": ["*"], "farmcrops": ["*"] },
	nutritionPropsByType: {
		"@*-(partbaked|syruppartbaked)": { satiety: 80, foodcategory: "Vegetable" },
		"@*-(cooked|syrup)": { satiety: 90, foodcategory: "Vegetable" },
		"@*-(charred|syrupcharred)": { satiety: 70, foodcategory: "Vegetable" },
	},
	guiTransform: {
		rotation: { x: 158, y: 107, z: 0 },
		origin: { x: 0.5, y: 0.2, z: 0.5 },
		scale: 3,
		"rotate":  true,
	},
	groundTransform: {
		rotation: { x: 0, y: -45, z: 0 },
		origin: { x: 0.5, y: 0, z: 0.5 },
		scale: 2.5
	},
	tpHandTransform: {
		translation: { x: -0.93, y: -0.17, z: -0.8 },
		rotation: { x: 15, y: -10, z: -114 },
		origin: { x: 0.5, y: 0.1, z: 0.5 },
		scale: 0.58
	},
	transitionablePropsByType: {
		"@*-(oiled|raw)": [{
			type: "Perish",
			freshHours: { avg: 18 },
			transitionHours: { avg: 72 },
			transitionedStack: { type: "item", code: "game:rot" },
			transitionRatio: 1
			}
		],
		"@*-(partbaked|cooked|syruppartbaked|syrup)": [{
			type: "Perish",
			freshHours: { avg: 60 },
			transitionHours: { avg: 96 },
			transitionedStack: { type: "item", code: "game:rot" },
			transitionRatio: 1
		}],
		"@*-(charred|syrupcharred)": [{
			type: "Perish",
			freshHours: { avg: 120 },
			transitionHours: { avg: 192 },
			transitionedStack: { type: "item", code: "game:rot" },
			transitionRatio: 1
		}],
	},
}