{
  code: "pickbar",
  class: "pickbars.pickbar",
  variantgroups: [
    {
      code: "pickbartype",
      states: [
        "copper",
        "tinbronze",
        "bismuthbronze",
        "blackbronze",
        "iron",
        "meteoriciron",
        "steel"
      ]
    }
  ],
  textures: {
    metal: {
      "base": "game:block/metal/anvil/{pickbartype}"
    }
  },
  storageFlags: 5,
  heldTpIdleAnimation: "spearidle",
  heldRightReadyAnimation: "spearidle",
  //NOTheldTpHitAnimation: "",
  heldTpHitAnimation: "spearhit",
  heldTpUseAnimation: "pickbarhitanimation",
  materialDensity: 7870,
  attributes: {
    rangebytype: {
      "pickbar-copper": 4,
      "pickbar-bismuthbronze": 6,
      "pickbar-tinbronze": 6,
      "pickbar-blackbronze": 6,
      "pickbar-iron": 8,
      "pickbar-meteoriciron": 8,
      "pickbar-steel": 10
    },
    groundStorageTransform: {
      translation: {
        x: 0,
        y: 0,
        z: 0
      },
      rotation: {
        x: 17,
        y: 0,
        z: 0
      }
    },
  },
  behaviors: [
    {
      name: "GroundStorable",
      properties: {
        layout: 'WallHalves',
        wallOffY: 3,
        sprintKey: true,
        selectionBox: {
          x1: 0,
          y1: 0,
          z1: 0,
          x2: 1,
          y2: 0.1,
          z2: 1
        },
        collisionBox: {
          x1: 0,
          y1: 0,
          z1: 0,
          x2: 0,
          y2: 0,
          z2: 0
        },
      }
    }
  ],
  tooltierbytype: {
    "pickbar-copper": 2,
    "pickbar-bismuthbronze": 3,
    "pickbar-tinbronze": 3,
    "pickbar-blackbronze": 3,
    "pickbar-iron": 4,
    "pickbar-meteoriciron": 4,
    "pickbar-steel": 5
  },
  durabilitybytype: {
    "pickbar-copper": 500,
    "pickbar-tinbronze": 750,
    "pickbar-bismuthbronze": 900,
    "pickbar-blackbronze": 1100,
    "pickbar-iron": 1800,
    "pickbar-meteoriciron": 2100,
    "pickbar-steel": 4500
  },
  attackpowerbytype: {
    "pickbar-stone": 0.75,
    "pickbar-copper": 1.0,
    "pickbar-gold": 1.25,
    "pickbar-silver": 1.25,
    "pickbar-bismuthbronze": 1.25,
    "pickbar-tinbronze": 1.5,
    "pickbar-blackbronze": 1.75,
    "pickbar-iron": 2.0,
    "pickbar-meteoriciron": 2.1,
    "pickbar-steel": 2.25
  },
  attackRange: 3.6,
  creativeinventory: {
    general: [
      "*"
    ],
    "items": [
      "*"
    ],
    "tools": [
      "*"
    ]
  },
  shape: {
    base: "item/pickbar"
  },
  "animations": [],
  tpHandTransform: {
    translation: {
      x: -2,
      y: -0.28,
      z: -0.65
    },
    rotation: {
      x: 0,
      y: -180,
      z: 80
    },
    scale: 0.8
  },
  guiTransform: {
    translation: {
      x: 10,
      y: 9,
      z: 0
    },
    rotation: {
      x: 0,
      y: 0,
      z: 44
    },
    scale: 2.91
  },
  groundTransform: {
    translation: {
      x: 0,
      y: 0,
      z: 0
    },
    rotation: {
      x: 90,
      y: 0,
      z: 0
    },
    origin: {
      x: 0.5,
      y: 0.5,
      z: 0.5299
    },
    scale: 3.64
  }
}