[
	{ "op": "addmerge", "path": "/allowedVariants/-", "value": "ore-poor-quartz_nativegold-arenite", "file": "game:itemtypes/resource/ore-graded.json", },
	{ "op": "addmerge", "path": "/allowedVariants/-", "value": "ore-medium-quartz_nativegold-arenite", "file": "game:itemtypes/resource/ore-graded.json", },
	{ "op": "addmerge", "path": "/allowedVariants/-", "value": "ore-rich-quartz_nativegold-arenite", "file": "game:itemtypes/resource/ore-graded.json", },

	{ "op": "addmerge", "path": "/allowedVariants/-", "value": "ore-poor-quartz_nativegold-arkose", "file": "game:itemtypes/resource/ore-graded.json", },
	{ "op": "addmerge", "path": "/allowedVariants/-", "value": "ore-medium-quartz_nativegold-arkose", "file": "game:itemtypes/resource/ore-graded.json", },
	{ "op": "addmerge", "path": "/allowedVariants/-", "value": "ore-rich-quartz_nativegold-arkose", "file": "game:itemtypes/resource/ore-graded.json", },

	{ "op": "addmerge", "path": "/allowedVariants/-", "value": "ore-poor-quartz_nativegold-monzonite", "file": "game:itemtypes/resource/ore-graded.json", },
	{ "op": "addmerge", "path": "/allowedVariants/-", "value": "ore-medium-quartz_nativegold-monzonite", "file": "game:itemtypes/resource/ore-graded.json", },
	{ "op": "addmerge", "path": "/allowedVariants/-", "value": "ore-rich-quartz_nativegold-monzonite", "file": "game:itemtypes/resource/ore-graded.json", },
]