{
	"editor": {
		"backDropShape": "C:/Users/Bruger/AppData/Roaming/Vintagestory/assets/game/shapes/entity/humanoid/seraph-faceless",
		"collapsedPaths": "Root/bandN/toothR1,Root/bandN/toothL1",
		"allAngles": true,
		"entityTextureMode": true
	},
	"textureWidth": 24,
	"textureHeight": 24,
	"textureSizes": {
	},
	"textures": {
	},
	"elements": [
		{
			"name": "hidehat",
			"stepParentName": "Head",
			"from": [ -0.6, 3.1, -0.7 ],
			"to": [ 6.4, 4.5, 5.8 ],
			"autoUnwrap": false,
			"uv": [ 0.0, 8.5 ],
			"rotationOrigin": [ 3.3, 4.1, 2.7 ],
			"rotationZ": -8.0,
			"faces": {
				"north": { "texture": "#hat-alchemist", "uv": [ 15.0, 23.0, 22.0, 24.0 ] },
				"east": { "texture": "#hat-alchemist", "uv": [ 15.0, 21.0, 21.5, 22.0 ] },
				"south": { "texture": "#hat-alchemist", "uv": [ 15.0, 22.0, 22.0, 23.0 ] },
				"west": { "texture": "#hat-alchemist", "uv": [ 15.0, 20.0, 21.5, 21.0 ] },
				"up": { "texture": "#hat-alchemist", "uv": [ 0.0, 17.5, 7.0, 24.0 ] },
				"down": { "texture": "#hat-alchemist", "uv": [ 7.5, 17.5, 14.5, 24.0 ] }
			},
			"children": [
				{
					"name": "Hat_Main",
					"from": [ 0.5, 0.1, 0.25 ],
					"to": [ 6.5, 2.5, 6.25 ],
					"uv": [ 0.0, 0.0 ],
					"rotationOrigin": [ 0.0, -2.0, 5.0 ],
					"faces": {
						"north": { "texture": "#null", "uv": [ 0.0, 6.0, 6.0, 8.0 ] },
						"east": { "texture": "#null", "uv": [ 6.0, 6.0, 12.0, 8.0 ] },
						"south": { "texture": "#null", "uv": [ 12.0, 6.0, 18.0, 8.0 ] },
						"west": { "texture": "#null", "uv": [ 18.0, 6.0, 24.0, 8.0 ] },
						"up": { "texture": "#null", "uv": [ 0.0, 0.0, 6.0, 6.0 ] },
						"down": { "texture": "#null", "uv": [ 6.0, 0.0, 12.0, 6.0 ] }
					},
					"children": [
						{
							"name": "Cube2",
							"from": [ -4.7, -0.2, 1.4 ],
							"to": [ 0.0, 1.2, 1.8 ],
							"uv": [ 0.0, 0.0 ],
							"rotationOrigin": [ -2.3, -0.8, 0.6 ],
							"rotationY": 50.0,
							"faces": {
								"north": { "texture": "#null", "uv": [ 0.0, 0.5, 4.5, 1.5 ] },
								"east": { "texture": "#null", "uv": [ 4.5, 0.5, 5.0, 1.5 ] },
								"south": { "texture": "#null", "uv": [ 5.0, 0.5, 9.5, 1.5 ] },
								"west": { "texture": "#null", "uv": [ 9.5, 0.5, 10.0, 1.5 ] },
								"up": { "texture": "#null", "uv": [ 0.0, 0.0, 4.5, 0.5 ] },
								"down": { "texture": "#null", "uv": [ 4.5, 0.0, 9.0, 0.5 ] }
							},
							"children": [
								{
									"name": "Cube6",
									"from": [ 1.2, 1.4, -0.0203 ],
									"to": [ 4.7, 2.1, 0.3797 ],
									"uv": [ 0.0, 0.0 ],
									"rotationOrigin": [ 3.6022, 0.8, -0.8203 ],
									"rotationX": 0.0,
									"rotationY": 0.0,
									"rotationZ": 0.0,
									"faces": {
										"north": { "texture": "#null", "uv": [ 0.0, 0.5, 3.5, 1.0 ] },
										"east": { "texture": "#null", "uv": [ 3.5, 0.5, 4.0, 1.0 ] },
										"south": { "texture": "#null", "uv": [ 4.0, 0.5, 7.5, 1.0 ] },
										"west": { "texture": "#null", "uv": [ 7.5, 0.5, 8.0, 1.0 ] },
										"up": { "texture": "#null", "uv": [ 0.0, 0.0, 3.5, 0.5 ] },
										"down": { "texture": "#null", "uv": [ 3.5, 0.0, 7.0, 0.5 ] }
									},
									"children": [
										{
											"name": "Cube12",
											"from": [ 2.1, 0.7, 0.0 ],
											"to": [ 3.5, 1.4, 0.4 ],
											"uv": [ 0.0, 0.0 ],
											"rotationOrigin": [ 4.5, 0.1, -0.8 ],
											"rotationX": 0.0,
											"rotationY": 0.0,
											"rotationZ": 0.0,
											"faces": {
												"north": { "texture": "#null", "uv": [ 0.0, 0.5, 1.0, 1.0 ] },
												"east": { "texture": "#null", "uv": [ 1.0, 0.5, 1.5, 1.0 ] },
												"south": { "texture": "#null", "uv": [ 1.5, 0.5, 2.5, 1.0 ] },
												"west": { "texture": "#null", "uv": [ 2.5, 0.5, 3.0, 1.0 ] },
												"up": { "texture": "#null", "uv": [ 0.0, 0.0, 1.0, 0.5 ] },
												"down": { "texture": "#null", "uv": [ 1.0, 0.0, 2.0, 0.5 ] }
											}
										}
									]
								}
							]
						},
						{
							"name": "Cube3",
							"from": [ -2.0, -0.2, -3.3 ],
							"to": [ 2.7, 1.2, -2.9 ],
							"uv": [ 0.0, 0.0 ],
							"rotationOrigin": [ -9.0, -1.2, -1.3 ],
							"rotationY": -50.0,
							"faces": {
								"north": { "texture": "#null", "uv": [ 0.0, 0.5, 4.5, 1.5 ] },
								"east": { "texture": "#null", "uv": [ 4.5, 0.5, 5.0, 1.5 ] },
								"south": { "texture": "#null", "uv": [ 5.0, 0.5, 9.5, 1.5 ] },
								"west": { "texture": "#null", "uv": [ 9.5, 0.5, 10.0, 1.5 ] },
								"up": { "texture": "#null", "uv": [ 0.0, 0.0, 4.5, 0.5 ] },
								"down": { "texture": "#null", "uv": [ 4.5, 0.0, 9.0, 0.5 ] }
							}
						},
						{
							"name": "Cube4",
							"from": [ -0.4, -0.2, 0.2 ],
							"to": [ 5.5, 1.2, 0.6 ],
							"uv": [ 0.0, 0.0 ],
							"rotationOrigin": [ -2.7, -0.8, -0.6 ],
							"rotationY": 19.0,
							"faces": {
								"north": { "texture": "#null", "uv": [ 0.0, 0.5, 5.5, 1.5 ] },
								"east": { "texture": "#null", "uv": [ 5.5, 0.5, 6.0, 1.5 ] },
								"south": { "texture": "#null", "uv": [ 6.0, 0.5, 11.5, 1.5 ] },
								"west": { "texture": "#null", "uv": [ 11.5, 0.5, 12.0, 1.5 ] },
								"up": { "texture": "#null", "uv": [ 0.0, 0.0, 5.5, 0.5 ] },
								"down": { "texture": "#null", "uv": [ 5.5, 0.0, 11.0, 0.5 ] }
							},
							"children": [
								{
									"name": "Cube5",
									"from": [ 0.0, 1.4, 0.0 ],
									"to": [ 3.0, 2.1, 0.4 ],
									"uv": [ 0.0, 0.0 ],
									"rotationOrigin": [ -2.3, -0.2, -0.8 ],
									"rotationX": 0.0,
									"rotationY": 0.0,
									"rotationZ": 0.0,
									"faces": {
										"north": { "texture": "#null", "uv": [ 0.0, 0.5, 3.0, 1.0 ] },
										"east": { "texture": "#null", "uv": [ 3.0, 0.5, 3.5, 1.0 ] },
										"south": { "texture": "#null", "uv": [ 3.5, 0.5, 6.5, 1.0 ] },
										"west": { "texture": "#null", "uv": [ 6.5, 0.5, 7.0, 1.0 ] },
										"up": { "texture": "#null", "uv": [ 0.0, 0.0, 3.0, 0.5 ] },
										"down": { "texture": "#null", "uv": [ 3.0, 0.0, 6.0, 0.5 ] }
									},
									"children": [
										{
											"name": "Cube7",
											"from": [ 0.0, 0.7, 0.0 ],
											"to": [ 1.9, 1.4, 0.4 ],
											"uv": [ 0.0, 0.0 ],
											"rotationOrigin": [ -2.3, -0.9, -0.8 ],
											"rotationX": 0.0,
											"rotationY": 0.0,
											"rotationZ": 0.0,
											"faces": {
												"north": { "texture": "#null", "uv": [ 0.0, 0.5, 1.5, 1.0 ] },
												"east": { "texture": "#null", "uv": [ 1.5, 0.5, 2.0, 1.0 ] },
												"south": { "texture": "#null", "uv": [ 2.0, 0.5, 3.5, 1.0 ] },
												"west": { "texture": "#null", "uv": [ 3.5, 0.5, 4.0, 1.0 ] },
												"up": { "texture": "#null", "uv": [ 0.0, 0.0, 1.5, 0.5 ] },
												"down": { "texture": "#null", "uv": [ 1.5, 0.0, 3.0, 0.5 ] }
											}
										}
									]
								}
							]
						},
						{
							"name": "Cube8",
							"from": [ 7.1, -0.2, -4.1 ],
							"to": [ 10.4, 2.1, -3.7 ],
							"uv": [ 0.0, 0.0 ],
							"rotationOrigin": [ 4.8, -0.8, -4.9 ],
							"rotationY": -58.0,
							"faces": {
								"north": { "texture": "#null", "uv": [ 0.0, 0.5, 3.0, 2.5 ] },
								"east": { "texture": "#null", "uv": [ 3.0, 0.5, 3.5, 2.5 ] },
								"south": { "texture": "#null", "uv": [ 3.5, 0.5, 6.5, 2.5 ] },
								"west": { "texture": "#null", "uv": [ 6.5, 0.5, 7.0, 2.5 ] },
								"up": { "texture": "#null", "uv": [ 0.0, 0.0, 3.0, 0.5 ] },
								"down": { "texture": "#null", "uv": [ 3.0, 0.0, 6.0, 0.5 ] }
							}
						},
						{
							"name": "Cube9",
							"from": [ 10.2, -0.2, -1.2 ],
							"to": [ 15.6, 3.1, -0.8 ],
							"uv": [ 0.0, 0.0 ],
							"rotationOrigin": [ 7.9, -0.8, -2.0 ],
							"rotationY": -90.0,
							"faces": {
								"north": { "texture": "#null", "uv": [ 0.0, 0.5, 5.0, 3.5 ] },
								"east": { "texture": "#null", "uv": [ 5.0, 0.5, 5.5, 3.5 ] },
								"south": { "texture": "#null", "uv": [ 5.5, 0.5, 10.5, 3.5 ] },
								"west": { "texture": "#null", "uv": [ 10.5, 0.5, 11.0, 3.5 ] },
								"up": { "texture": "#null", "uv": [ 0.0, 0.0, 5.0, 0.5 ] },
								"down": { "texture": "#null", "uv": [ 5.0, 0.0, 10.0, 0.5 ] }
							}
						},
						{
							"name": "Cube10",
							"from": [ 5.4, -0.2, 10.6 ],
							"to": [ 8.7, 2.1, 11.0 ],
							"uv": [ 0.0, 0.0 ],
							"rotationOrigin": [ 3.1, -0.8, 9.8 ],
							"rotationY": 58.0,
							"faces": {
								"north": { "texture": "#null", "uv": [ 0.0, 0.5, 3.0, 2.5 ] },
								"east": { "texture": "#null", "uv": [ 3.0, 0.5, 3.5, 2.5 ] },
								"south": { "texture": "#null", "uv": [ 3.5, 0.5, 6.5, 2.5 ] },
								"west": { "texture": "#null", "uv": [ 6.5, 0.5, 7.0, 2.5 ] },
								"up": { "texture": "#null", "uv": [ 0.0, 0.0, 3.0, 0.5 ] },
								"down": { "texture": "#null", "uv": [ 3.0, 0.0, 6.0, 0.5 ] }
							}
						},
						{
							"name": "Cube11",
							"from": [ 0.2, -0.2, 5.5 ],
							"to": [ 6.1, 1.2, 5.9 ],
							"uv": [ 0.0, 0.0 ],
							"rotationOrigin": [ -2.1, -0.8, 4.7 ],
							"rotationY": -19.0,
							"faces": {
								"north": { "texture": "#null", "uv": [ 0.0, 0.5, 5.5, 1.5 ] },
								"east": { "texture": "#null", "uv": [ 5.5, 0.5, 6.0, 1.5 ] },
								"south": { "texture": "#null", "uv": [ 6.0, 0.5, 11.5, 1.5 ] },
								"west": { "texture": "#null", "uv": [ 11.5, 0.5, 12.0, 1.5 ] },
								"up": { "texture": "#null", "uv": [ 0.0, 0.0, 5.5, 0.5 ] },
								"down": { "texture": "#null", "uv": [ 5.5, 0.0, 11.0, 0.5 ] }
							}
						}
					]
				}
			]
		}
	]}