[
	{
	"ingredientPattern": "RGT,GRN",
	"ingredients": {
		"G": { "type": "item", "code": "wool:twine-wool-gray", "quantity": 3 },
		"R": { "type": "item", "code": "wool:twine-wool-brown", "quantity": 3 },
		"T": { "type": "item", "code": "wool:twine-wool-plain" },
		"N": { "type": "item", "code": "wool:kneedle-*", "isTool": true }
	},
	"recipeGroup": 5,
	"width": 3,
	"height": 2,
	"output": { "type": "item", "code": "game:clothes-head-shepherds-cowl" }
	},

	{
	"ingredientPattern": "CC,NC",
	"ingredients": {
		"C": { "type": "item", "code": "wool:twine-wool-blue", "quantity": 3 },
		"N": { "type": "item", "code": "wool:kneedle-*", "isTool": true }
	},
	"recipeGroup": 3,
	"width": 2,
	"height": 2,
	"output": { "type": "item", "code": "game:clothes-head-peasent-head-scarf" }
	},

	{
	"ingredientPattern": "BGB,TST",
	"requiresTrait": "clothier",
	"ingredients": {
		"B": { "type": "item", "code": "wool:cloth-wool-black", "name": "cloth" },
		"S": { "type": "item", "code": "game:sewingkit" },
		"G": { "type": "item", "code": "wool:twine-wool-green", "quantity": 2 },
		"T": { "type": "item", "code": "wool:twine-wool-gray", "quantity": 2 }
	},
	"recipeGroup": 3,
	"width": 3,
	"height": 2,
	"output": { "type": "item", "code": "game:clothes-head-merchant-hat" }
	}
]
