﻿[
 {
   file: "farmcrops:itemtypes/food/mixing/breadedball.json",
    op: "addmerge", 
    path: "/enabled", 
    value: "false",
    "side": "server",
    dependsOn: [{ "modid": "expandedfoods", "invert": true }]
 },
 {
    "file": "farmcrops:recipes/kneading/breaded/breadedball.json",
    op: "addmerge", 
    path: "/0/enabled", 
    value: "false",
    "side": "server",
    dependsOn: [{ "modid": "expandedfoods", "invert": true }]
 },
 {
    "file": "farmcrops:recipes/kneading/breaded/breadedball.json",
    op: "addmerge", 
    path: "/1/enabled", 
    value: "false",
    "side": "server",
    dependsOn: [{ "modid": "expandedfoods", "invert": true }]
 },
 {
    "file": "farmcrops:recipes/kneading/breaded/breadedballoiled.json",
    op: "addmerge", 
    path: "/0/enabled", 
    value: "false",
    "side": "server",
    dependsOn: [{ "modid": "expandedfoods", "invert": true }]
 },
 {
    "file": "farmcrops:recipes/kneading/breaded/breadedballsyrup.json",
    op: "addmerge", 
    path: "/0/enabled", 
    value: "false",
    "side": "server",
    dependsOn: [{ "modid": "expandedfoods", "invert": true }]
 },
 {
    "file": "farmcrops:recipes/kneading/breaded/breadedballsyrup.json",
    op: "addmerge", 
    path: "/1/enabled", 
    value: "false",
    "side": "server",
    dependsOn: [{ "modid": "expandedfoods", "invert": true }]
 },
 {
    "file": "farmcrops:recipes/kneading/breaded/breadedballsyrup.json",
    op: "addmerge", 
    path: "/2/enabled", 
    value: "false",
    "side": "server",
    dependsOn: [{ "modid": "expandedfoods", "invert": true }]
 },

 {
   "file": "farmcrops:recipes/simmering/breaded/breadedball.json",
   op: "addmerge", 
   path: "/0/enabled", 
   value: "false",
   "side": "server",
   dependsOn: [{ "modid": "expandedfoods", "invert": true }]
},

{
   "file": "farmcrops:recipes/simmering/breaded/breadedball.json",
   op: "addmerge", 
   path: "/1/enabled", 
   value: "false",
   "side": "server",
   dependsOn: [{ "modid": "expandedfoods", "invert": true }]
},

{
   "file": "farmcrops:recipes/simmering/breaded/breadedball.json",
   op: "addmerge", 
   path: "/2/enabled", 
   value: "false",
   "side": "server",
   dependsOn: [{ "modid": "expandedfoods", "invert": true }]
},

{
   "file": "farmcrops:recipes/simmering/breaded/breadedball.json",
   op: "addmerge", 
   path: "/3/enabled", 
   value: "false",
   "side": "server",
   dependsOn: [{ "modid": "expandedfoods", "invert": true }]
},


]