{"editor": {"allAngles": false, "entityTextureMode": false}, "textureWidth": 16, "textureHeight": 16, "textureSizes": {}, "textures": {}, "elements": [{"name": "main", "from": [0.0, 0.0, 0.0], "to": [0.0, 0.0, 0.0], "faces": {"north": {"texture": "#null", "uv": [0.0, 0.0, 0.5, 0.5], "enabled": false}, "east": {"texture": "#null", "uv": [0.0, 0.0, 0.5, 0.5], "enabled": false}, "south": {"texture": "#null", "uv": [0.0, 0.0, 0.5, 0.5], "enabled": false}, "west": {"texture": "#null", "uv": [0.0, 0.0, 0.5, 0.5], "enabled": false}, "up": {"texture": "#null", "uv": [0.0, 0.0, 0.5, 0.5], "enabled": false}, "down": {"texture": "#null", "uv": [0.0, 0.0, 0.5, 0.5], "enabled": false}}, "children": [{"name": "middle", "from": [0.0, 0.0, 0.0], "to": [0.0, 0.0, 0.0], "faces": {"north": {"texture": "#null", "uv": [0.0, 0.0, 0.5, 0.5], "enabled": false}, "east": {"texture": "#null", "uv": [0.0, 0.0, 0.5, 0.5], "enabled": false}, "south": {"texture": "#null", "uv": [0.0, 0.0, 0.5, 0.5], "enabled": false}, "west": {"texture": "#null", "uv": [0.0, 0.0, 0.5, 0.5], "enabled": false}, "up": {"texture": "#null", "uv": [0.0, 0.0, 0.5, 0.5], "enabled": false}, "down": {"texture": "#null", "uv": [0.0, 0.0, 0.5, 0.5], "enabled": false}}, "children": [{"name": "0", "from": [0.0, 0.0, 0.0], "to": [0.0, 0.0, 0.0], "faces": {}, "children": [{"name": "0", "from": [10.53, 8.1893, -0.02], "to": [17.53, 13.6893, 1.98], "rotationOrigin": [9.5251, 10.9393, 8.0], "rotationZ": 35.0, "faces": {"north": {"texture": "#material", "uv": [0.0, 0.0, 5.5, 7.0], "rotation": 90}, "east": {"texture": "#material", "uv": [0, 0.0, 2, 5.5]}, "south": {"texture": "#material", "uv": [0.0, 0.0, 5.5, 7.0], "rotation": 90}, "west": {"texture": "#material", "uv": [0, 0.0, 2, 5.5]}, "up": {"texture": "#material", "uv": [0, 0.0, 2, 7.0], "rotation": 90}, "down": {"texture": "#material", "uv": [0, 0.0, 2, 7.0], "rotation": 90}}, "children": [{"name": "snow", "from": [0.0, 5.5, 0.025], "to": [7.000000000000002, 7.5, 2.0], "rotationOrigin": [9.5251, 10.9393, 8.0], "faces": {"north": {"uv": [0.0, 5.5, 7.000000000000002, 7.5], "texture": "#snowcover"}, "east": {"uv": [0.005000000000000001, 5.5, 1.98, 7.5], "texture": "#snowcover"}, "south": {"uv": [0.0, 5.5, 7.000000000000002, 7.5], "texture": "#snowcover"}, "west": {"uv": [0.005000000000000001, 5.5, 1.98, 7.5], "texture": "#snowcover"}, "up": {"texture": "#snowcover", "uv": [0, 0.0, 2, 7.0], "rotation": 90}, "down": {"texture": "#snowcover", "uv": [0, 0.0, 2, 7.0], "rotation": 90}}}]}, {"name": "1", "from": [10.53, 8.1893, 1.98], "to": [17.53, 13.6893, 3.98], "rotationOrigin": [9.5251, 10.9393, 8.0], "rotationZ": 35.0, "faces": {"north": {"texture": "#material", "uv": [0.0, 0.0, 5.5, 7.0], "rotation": 90}, "east": {"texture": "#material", "uv": [2, 0.0, 4, 5.5]}, "south": {"texture": "#material", "uv": [0.0, 0.0, 5.5, 7.0], "rotation": 90}, "west": {"texture": "#material", "uv": [2, 0.0, 4, 5.5]}, "up": {"texture": "#material", "uv": [2, 0.0, 4, 7.0], "rotation": 90}, "down": {"texture": "#material", "uv": [2, 0.0, 4, 7.0], "rotation": 90}}, "children": [{"name": "snow", "from": [0.0, 5.5, 0.0], "to": [7.000000000000002, 7.5, 2.0], "rotationOrigin": [9.5251, 10.9393, 8.0], "faces": {"north": {"uv": [0.0, 5.5, 7.000000000000002, 7.5], "texture": "#snowcover"}, "east": {"uv": [1.98, 5.5, 3.98, 7.5], "texture": "#snowcover"}, "south": {"uv": [0.0, 5.5, 7.000000000000002, 7.5], "texture": "#snowcover"}, "west": {"uv": [1.98, 5.5, 3.98, 7.5], "texture": "#snowcover"}, "up": {"texture": "#snowcover", "uv": [2, 0.0, 4, 7.0], "rotation": 90}, "down": {"texture": "#snowcover", "uv": [2, 0.0, 4, 7.0], "rotation": 90}}}]}, {"name": "2", "from": [10.53, 8.1893, 3.98], "to": [17.53, 13.6893, 5.98], "rotationOrigin": [9.5251, 10.9393, 8.0], "rotationZ": 35.0, "faces": {"north": {"texture": "#material", "uv": [0.0, 0.0, 5.5, 7.0], "rotation": 90}, "east": {"texture": "#material", "uv": [4, 0.0, 6, 5.5]}, "south": {"texture": "#material", "uv": [0.0, 0.0, 5.5, 7.0], "rotation": 90}, "west": {"texture": "#material", "uv": [4, 0.0, 6, 5.5]}, "up": {"texture": "#material", "uv": [4, 0.0, 6, 7.0], "rotation": 90}, "down": {"texture": "#material", "uv": [4, 0.0, 6, 7.0], "rotation": 90}}, "children": [{"name": "snow", "from": [0.0, 5.5, 0.0], "to": [7.000000000000002, 7.5, 2.0000000000000004], "rotationOrigin": [9.5251, 10.9393, 8.0], "faces": {"north": {"uv": [0.0, 5.5, 7.000000000000002, 7.5], "texture": "#snowcover"}, "east": {"uv": [3.98, 5.5, 5.98, 7.5], "texture": "#snowcover"}, "south": {"uv": [0.0, 5.5, 7.000000000000002, 7.5], "texture": "#snowcover"}, "west": {"uv": [3.98, 5.5, 5.98, 7.5], "texture": "#snowcover"}, "up": {"texture": "#snowcover", "uv": [4, 0.0, 6, 7.0], "rotation": 90}, "down": {"texture": "#snowcover", "uv": [4, 0.0, 6, 7.0], "rotation": 90}}}]}, {"name": "3", "from": [10.53, 8.1893, 5.98], "to": [17.53, 13.6893, 7.98], "rotationOrigin": [9.5251, 10.9393, 8.0], "rotationZ": 35.0, "faces": {"north": {"texture": "#material", "uv": [0.0, 0.0, 5.5, 7.0], "rotation": 90}, "east": {"texture": "#material", "uv": [6, 0.0, 8, 5.5]}, "south": {"texture": "#material", "uv": [0.0, 0.0, 5.5, 7.0], "rotation": 90}, "west": {"texture": "#material", "uv": [6, 0.0, 8, 5.5]}, "up": {"texture": "#material", "uv": [6, 0.0, 8, 7.0], "rotation": 90}, "down": {"texture": "#material", "uv": [6, 0.0, 8, 7.0], "rotation": 90}}, "children": [{"name": "snow", "from": [0.0, 5.5, 0.0], "to": [7.000000000000002, 7.5, 2.0], "rotationOrigin": [9.5251, 10.9393, 8.0], "faces": {"north": {"uv": [0.0, 5.5, 7.000000000000002, 7.5], "texture": "#snowcover"}, "east": {"uv": [5.98, 5.5, 7.98, 7.5], "texture": "#snowcover"}, "south": {"uv": [0.0, 5.5, 7.000000000000002, 7.5], "texture": "#snowcover"}, "west": {"uv": [5.98, 5.5, 7.98, 7.5], "texture": "#snowcover"}, "up": {"texture": "#snowcover", "uv": [6, 0.0, 8, 7.0], "rotation": 90}, "down": {"texture": "#snowcover", "uv": [6, 0.0, 8, 7.0], "rotation": 90}}}]}, {"name": "4", "from": [10.53, 8.1893, 7.98], "to": [17.53, 13.6893, 9.98], "rotationOrigin": [9.5251, 10.9393, 8.0], "rotationZ": 35.0, "faces": {"north": {"texture": "#material", "uv": [0.0, 0.0, 5.5, 7.0], "rotation": 90}, "east": {"texture": "#material", "uv": [8, 0.0, 10, 5.5]}, "south": {"texture": "#material", "uv": [0.0, 0.0, 5.5, 7.0], "rotation": 90}, "west": {"texture": "#material", "uv": [8, 0.0, 10, 5.5]}, "up": {"texture": "#material", "uv": [8, 0.0, 10, 7.0], "rotation": 90}, "down": {"texture": "#material", "uv": [8, 0.0, 10, 7.0], "rotation": 90}}, "children": [{"name": "snow", "from": [0.0, 5.5, 0.0], "to": [7.000000000000002, 7.5, 2.0], "rotationOrigin": [9.5251, 10.9393, 8.0], "faces": {"north": {"uv": [0.0, 5.5, 7.000000000000002, 7.5], "texture": "#snowcover"}, "east": {"uv": [7.98, 5.5, 9.98, 7.5], "texture": "#snowcover"}, "south": {"uv": [0.0, 5.5, 7.000000000000002, 7.5], "texture": "#snowcover"}, "west": {"uv": [7.98, 5.5, 9.98, 7.5], "texture": "#snowcover"}, "up": {"texture": "#snowcover", "uv": [8, 0.0, 10, 7.0], "rotation": 90}, "down": {"texture": "#snowcover", "uv": [8, 0.0, 10, 7.0], "rotation": 90}}}]}, {"name": "5", "from": [10.53, 8.1893, 9.98], "to": [17.53, 13.6893, 11.98], "rotationOrigin": [9.5251, 10.9393, 8.0], "rotationZ": 35.0, "faces": {"north": {"texture": "#material", "uv": [0.0, 0.0, 5.5, 7.0], "rotation": 90}, "east": {"texture": "#material", "uv": [10, 0.0, 12, 5.5]}, "south": {"texture": "#material", "uv": [0.0, 0.0, 5.5, 7.0], "rotation": 90}, "west": {"texture": "#material", "uv": [10, 0.0, 12, 5.5]}, "up": {"texture": "#material", "uv": [10, 0.0, 12, 7.0], "rotation": 90}, "down": {"texture": "#material", "uv": [10, 0.0, 12, 7.0], "rotation": 90}}, "children": [{"name": "snow", "from": [0.0, 5.5, 0.0], "to": [7.000000000000002, 7.5, 2.0], "rotationOrigin": [9.5251, 10.9393, 8.0], "faces": {"north": {"uv": [0.0, 5.5, 7.000000000000002, 7.5], "texture": "#snowcover"}, "east": {"uv": [9.98, 5.5, 11.98, 7.5], "texture": "#snowcover"}, "south": {"uv": [0.0, 5.5, 7.000000000000002, 7.5], "texture": "#snowcover"}, "west": {"uv": [9.98, 5.5, 11.98, 7.5], "texture": "#snowcover"}, "up": {"texture": "#snowcover", "uv": [10, 0.0, 12, 7.0], "rotation": 90}, "down": {"texture": "#snowcover", "uv": [10, 0.0, 12, 7.0], "rotation": 90}}}]}, {"name": "6", "from": [10.53, 8.1893, 11.98], "to": [17.53, 13.6893, 13.98], "rotationOrigin": [9.5251, 10.9393, 8.0], "rotationZ": 35.0, "faces": {"north": {"texture": "#material", "uv": [0.0, 0.0, 5.5, 7.0], "rotation": 90}, "east": {"texture": "#material", "uv": [12, 0.0, 14, 5.5]}, "south": {"texture": "#material", "uv": [0.0, 0.0, 5.5, 7.0], "rotation": 90}, "west": {"texture": "#material", "uv": [12, 0.0, 14, 5.5]}, "up": {"texture": "#material", "uv": [12, 0.0, 14, 7.0], "rotation": 90}, "down": {"texture": "#material", "uv": [12, 0.0, 14, 7.0], "rotation": 90}}, "children": [{"name": "snow", "from": [0.0, 5.5, 0.0], "to": [7.000000000000002, 7.5, 2.0], "rotationOrigin": [9.5251, 10.9393, 8.0], "faces": {"north": {"uv": [0.0, 5.5, 7.000000000000002, 7.5], "texture": "#snowcover"}, "east": {"uv": [11.98, 5.5, 13.98, 7.5], "texture": "#snowcover"}, "south": {"uv": [0.0, 5.5, 7.000000000000002, 7.5], "texture": "#snowcover"}, "west": {"uv": [11.98, 5.5, 13.98, 7.5], "texture": "#snowcover"}, "up": {"texture": "#snowcover", "uv": [12, 0.0, 14, 7.0], "rotation": 90}, "down": {"texture": "#snowcover", "uv": [12, 0.0, 14, 7.0], "rotation": 90}}}]}, {"name": "7", "from": [10.53, 8.1893, 13.98], "to": [17.53, 13.6893, 16.01], "rotationOrigin": [9.5251, 10.9393, 8.0], "rotationZ": 35.0, "faces": {"north": {"texture": "#material", "uv": [0.0, 0.0, 5.5, 7.0], "rotation": 90}, "east": {"texture": "#material", "uv": [14, 0.0, 16, 5.5]}, "south": {"texture": "#material", "uv": [0.0, 0.0, 5.5, 7.0], "rotation": 90}, "west": {"texture": "#material", "uv": [14, 0.0, 16, 5.5]}, "up": {"texture": "#material", "uv": [14, 0.0, 16, 7.0], "rotation": 90}, "down": {"texture": "#material", "uv": [14, 0.0, 16, 7.0], "rotation": 90}}, "children": [{"name": "snow", "from": [0.0, 5.5, 0.0], "to": [7.000000000000002, 7.5, 2.030000000000001], "rotationOrigin": [9.5251, 10.9393, 8.0], "faces": {"north": {"uv": [0.0, 5.5, 7.000000000000002, 7.5], "texture": "#snowcover"}, "east": {"uv": [13.98, 5.5, 16, 7.5], "texture": "#snowcover"}, "south": {"uv": [0.0, 5.5, 7.000000000000002, 7.5], "texture": "#snowcover"}, "west": {"uv": [13.98, 5.5, 16, 7.5], "texture": "#snowcover"}, "up": {"texture": "#snowcover", "uv": [14, 0.0, 16, 7.0], "rotation": 90}, "down": {"texture": "#snowcover", "uv": [14, 0.0, 16, 7.0], "rotation": 90}}}]}]}, {"name": "1", "from": [0.0, 0.0, 0.0], "to": [0.0, 0.0, 0.0], "faces": {}, "children": [{"name": "0", "from": [3.53, 8.1893, -0.02], "to": [10.53, 13.6893, 1.98], "rotationOrigin": [9.5251, 10.9393, 8.0], "rotationZ": 35.0, "faces": {"north": {"texture": "#material", "uv": [0.0, 0.0, 5.5, 7.0], "rotation": 90}, "east": {"texture": "#material", "uv": [0, 0.0, 2, 5.5]}, "south": {"texture": "#material", "uv": [0.0, 0.0, 5.5, 7.0], "rotation": 90}, "west": {"texture": "#material", "uv": [0, 0.0, 2, 5.5]}, "up": {"texture": "#material", "uv": [0, 8.0, 2, 15.0], "rotation": 90}, "down": {"texture": "#material", "uv": [0, 8.0, 2, 15.0], "rotation": 90}}, "children": [{"name": "snow", "from": [0.0, 5.5, 0.02], "to": [7.0, 7.5, 2.0], "rotationOrigin": [9.5251, 10.9393, 8.0], "faces": {"north": {"uv": [0.0, 5.5, 7.0, 7.5], "texture": "#snowcover"}, "east": {"uv": [0.0, 5.5, 1.98, 7.5], "texture": "#snowcover"}, "south": {"uv": [0.0, 5.5, 7.0, 7.5], "texture": "#snowcover"}, "west": {"uv": [0.0, 5.5, 1.98, 7.5], "texture": "#snowcover"}, "up": {"texture": "#snowcover", "uv": [0, 8.0, 2, 15.0], "rotation": 90}, "down": {"texture": "#snowcover", "uv": [0, 8.0, 2, 15.0], "rotation": 90}}}]}, {"name": "1", "from": [3.53, 8.1893, 1.98], "to": [10.53, 13.6893, 3.98], "rotationOrigin": [9.5251, 10.9393, 8.0], "rotationZ": 35.0, "faces": {"north": {"texture": "#material", "uv": [0.0, 0.0, 5.5, 7.0], "rotation": 90}, "east": {"texture": "#material", "uv": [2, 0.0, 4, 5.5]}, "south": {"texture": "#material", "uv": [0.0, 0.0, 5.5, 7.0], "rotation": 90}, "west": {"texture": "#material", "uv": [2, 0.0, 4, 5.5]}, "up": {"texture": "#material", "uv": [2, 8.0, 4, 15.0], "rotation": 90}, "down": {"texture": "#material", "uv": [2, 8.0, 4, 15.0], "rotation": 90}}, "children": [{"name": "snow", "from": [0.0, 5.5, 0.0], "to": [7.0, 7.5, 2.0], "rotationOrigin": [9.5251, 10.9393, 8.0], "faces": {"north": {"uv": [0.0, 5.5, 7.0, 7.5], "texture": "#snowcover"}, "east": {"uv": [1.98, 5.5, 3.98, 7.5], "texture": "#snowcover"}, "south": {"uv": [0.0, 5.5, 7.0, 7.5], "texture": "#snowcover"}, "west": {"uv": [1.98, 5.5, 3.98, 7.5], "texture": "#snowcover"}, "up": {"texture": "#snowcover", "uv": [2, 8.0, 4, 15.0], "rotation": 90}, "down": {"texture": "#snowcover", "uv": [2, 8.0, 4, 15.0], "rotation": 90}}}]}, {"name": "2", "from": [3.53, 8.1893, 3.98], "to": [10.53, 13.6893, 5.98], "rotationOrigin": [9.5251, 10.9393, 8.0], "rotationZ": 35.0, "faces": {"north": {"texture": "#material", "uv": [0.0, 0.0, 5.5, 7.0], "rotation": 90}, "east": {"texture": "#material", "uv": [4, 0.0, 6, 5.5]}, "south": {"texture": "#material", "uv": [0.0, 0.0, 5.5, 7.0], "rotation": 90}, "west": {"texture": "#material", "uv": [4, 0.0, 6, 5.5]}, "up": {"texture": "#material", "uv": [4, 8.0, 6, 15.0], "rotation": 90}, "down": {"texture": "#material", "uv": [4, 8.0, 6, 15.0], "rotation": 90}}, "children": [{"name": "snow", "from": [0.0, 5.5, 0.0], "to": [7.0, 7.5, 2.0000000000000004], "rotationOrigin": [9.5251, 10.9393, 8.0], "faces": {"north": {"uv": [0.0, 5.5, 7.0, 7.5], "texture": "#snowcover"}, "east": {"uv": [3.98, 5.5, 5.98, 7.5], "texture": "#snowcover"}, "south": {"uv": [0.0, 5.5, 7.0, 7.5], "texture": "#snowcover"}, "west": {"uv": [3.98, 5.5, 5.98, 7.5], "texture": "#snowcover"}, "up": {"texture": "#snowcover", "uv": [4, 8.0, 6, 15.0], "rotation": 90}, "down": {"texture": "#snowcover", "uv": [4, 8.0, 6, 15.0], "rotation": 90}}}]}, {"name": "3", "from": [3.53, 8.1893, 5.98], "to": [10.53, 13.6893, 7.98], "rotationOrigin": [9.5251, 10.9393, 8.0], "rotationZ": 35.0, "faces": {"north": {"texture": "#material", "uv": [0.0, 0.0, 5.5, 7.0], "rotation": 90}, "east": {"texture": "#material", "uv": [6, 0.0, 8, 5.5]}, "south": {"texture": "#material", "uv": [0.0, 0.0, 5.5, 7.0], "rotation": 90}, "west": {"texture": "#material", "uv": [6, 0.0, 8, 5.5]}, "up": {"texture": "#material", "uv": [6, 8.0, 8, 15.0], "rotation": 90}, "down": {"texture": "#material", "uv": [6, 8.0, 8, 15.0], "rotation": 90}}, "children": [{"name": "snow", "from": [0.0, 5.5, 0.0], "to": [7.0, 7.5, 2.0], "rotationOrigin": [9.5251, 10.9393, 8.0], "faces": {"north": {"uv": [0.0, 5.5, 7.0, 7.5], "texture": "#snowcover"}, "east": {"uv": [5.98, 5.5, 7.98, 7.5], "texture": "#snowcover"}, "south": {"uv": [0.0, 5.5, 7.0, 7.5], "texture": "#snowcover"}, "west": {"uv": [5.98, 5.5, 7.98, 7.5], "texture": "#snowcover"}, "up": {"texture": "#snowcover", "uv": [6, 8.0, 8, 15.0], "rotation": 90}, "down": {"texture": "#snowcover", "uv": [6, 8.0, 8, 15.0], "rotation": 90}}}]}, {"name": "4", "from": [3.53, 8.1893, 7.98], "to": [10.53, 13.6893, 9.98], "rotationOrigin": [9.5251, 10.9393, 8.0], "rotationZ": 35.0, "faces": {"north": {"texture": "#material", "uv": [0.0, 0.0, 5.5, 7.0], "rotation": 90}, "east": {"texture": "#material", "uv": [8, 0.0, 10, 5.5]}, "south": {"texture": "#material", "uv": [0.0, 0.0, 5.5, 7.0], "rotation": 90}, "west": {"texture": "#material", "uv": [8, 0.0, 10, 5.5]}, "up": {"texture": "#material", "uv": [8, 8.0, 10, 15.0], "rotation": 90}, "down": {"texture": "#material", "uv": [8, 8.0, 10, 15.0], "rotation": 90}}, "children": [{"name": "snow", "from": [0.0, 5.5, 0.0], "to": [7.0, 7.5, 2.0], "rotationOrigin": [9.5251, 10.9393, 8.0], "faces": {"north": {"uv": [0.0, 5.5, 7.0, 7.5], "texture": "#snowcover"}, "east": {"uv": [7.98, 5.5, 9.98, 7.5], "texture": "#snowcover"}, "south": {"uv": [0.0, 5.5, 7.0, 7.5], "texture": "#snowcover"}, "west": {"uv": [7.98, 5.5, 9.98, 7.5], "texture": "#snowcover"}, "up": {"texture": "#snowcover", "uv": [8, 8.0, 10, 15.0], "rotation": 90}, "down": {"texture": "#snowcover", "uv": [8, 8.0, 10, 15.0], "rotation": 90}}}]}, {"name": "5", "from": [3.53, 8.1893, 9.98], "to": [10.53, 13.6893, 11.98], "rotationOrigin": [9.5251, 10.9393, 8.0], "rotationZ": 35.0, "faces": {"north": {"texture": "#material", "uv": [0.0, 0.0, 5.5, 7.0], "rotation": 90}, "east": {"texture": "#material", "uv": [10, 0.0, 12, 5.5]}, "south": {"texture": "#material", "uv": [0.0, 0.0, 5.5, 7.0], "rotation": 90}, "west": {"texture": "#material", "uv": [10, 0.0, 12, 5.5]}, "up": {"texture": "#material", "uv": [10, 8.0, 12, 15.0], "rotation": 90}, "down": {"texture": "#material", "uv": [10, 8.0, 12, 15.0], "rotation": 90}}, "children": [{"name": "snow", "from": [0.0, 5.5, 0.0], "to": [7.0, 7.5, 2.0], "rotationOrigin": [9.5251, 10.9393, 8.0], "faces": {"north": {"uv": [0.0, 5.5, 7.0, 7.5], "texture": "#snowcover"}, "east": {"uv": [9.98, 5.5, 11.98, 7.5], "texture": "#snowcover"}, "south": {"uv": [0.0, 5.5, 7.0, 7.5], "texture": "#snowcover"}, "west": {"uv": [9.98, 5.5, 11.98, 7.5], "texture": "#snowcover"}, "up": {"texture": "#snowcover", "uv": [10, 8.0, 12, 15.0], "rotation": 90}, "down": {"texture": "#snowcover", "uv": [10, 8.0, 12, 15.0], "rotation": 90}}}]}, {"name": "6", "from": [3.53, 8.1893, 11.98], "to": [10.53, 13.6893, 13.98], "rotationOrigin": [9.5251, 10.9393, 8.0], "rotationZ": 35.0, "faces": {"north": {"texture": "#material", "uv": [0.0, 0.0, 5.5, 7.0], "rotation": 90}, "east": {"texture": "#material", "uv": [12, 0.0, 14, 5.5]}, "south": {"texture": "#material", "uv": [0.0, 0.0, 5.5, 7.0], "rotation": 90}, "west": {"texture": "#material", "uv": [12, 0.0, 14, 5.5]}, "up": {"texture": "#material", "uv": [12, 8.0, 14, 15.0], "rotation": 90}, "down": {"texture": "#material", "uv": [12, 8.0, 14, 15.0], "rotation": 90}}, "children": [{"name": "snow", "from": [0.0, 5.5, 0.0], "to": [7.0, 7.5, 2.0], "rotationOrigin": [9.5251, 10.9393, 8.0], "faces": {"north": {"uv": [0.0, 5.5, 7.0, 7.5], "texture": "#snowcover"}, "east": {"uv": [11.98, 5.5, 13.98, 7.5], "texture": "#snowcover"}, "south": {"uv": [0.0, 5.5, 7.0, 7.5], "texture": "#snowcover"}, "west": {"uv": [11.98, 5.5, 13.98, 7.5], "texture": "#snowcover"}, "up": {"texture": "#snowcover", "uv": [12, 8.0, 14, 15.0], "rotation": 90}, "down": {"texture": "#snowcover", "uv": [12, 8.0, 14, 15.0], "rotation": 90}}}]}, {"name": "7", "from": [3.53, 8.1893, 13.98], "to": [10.53, 13.6893, 16.01], "rotationOrigin": [9.5251, 10.9393, 8.0], "rotationZ": 35.0, "faces": {"north": {"texture": "#material", "uv": [0.0, 0.0, 5.5, 7.0], "rotation": 90}, "east": {"texture": "#material", "uv": [14, 0.0, 16, 5.5]}, "south": {"texture": "#material", "uv": [0.0, 0.0, 5.5, 7.0], "rotation": 90}, "west": {"texture": "#material", "uv": [14, 0.0, 16, 5.5]}, "up": {"texture": "#material", "uv": [14, 8.0, 16, 15.0], "rotation": 90}, "down": {"texture": "#material", "uv": [14, 8.0, 16, 15.0], "rotation": 90}}, "children": [{"name": "snow", "from": [0.0, 5.5, 0.0], "to": [7.0, 7.5, 2.030000000000001], "rotationOrigin": [9.5251, 10.9393, 8.0], "faces": {"north": {"uv": [0.0, 5.5, 7.0, 7.5], "texture": "#snowcover"}, "east": {"uv": [13.98, 5.5, 16, 7.5], "texture": "#snowcover"}, "south": {"uv": [0.0, 5.5, 7.0, 7.5], "texture": "#snowcover"}, "west": {"uv": [13.98, 5.5, 16, 7.5], "texture": "#snowcover"}, "up": {"texture": "#snowcover", "uv": [14, 8.0, 16, 15.0], "rotation": 90}, "down": {"texture": "#snowcover", "uv": [14, 8.0, 16, 15.0], "rotation": 90}}}]}]}, {"name": "2", "from": [0.0, 0.0, 0.0], "to": [0.0, 0.0, 0.0], "faces": {}, "children": [{"name": "0", "from": [2.53, 0.4393, -0.04], "to": [10.53, 5.4393, 1.96], "rotationOrigin": [1.5251, 2.9393, 8.0], "rotationZ": 35.0, "faces": {"north": {"texture": "#material", "uv": [0.0, 0.0, 5.0, 8.0], "rotation": 90}, "east": {"texture": "#material", "uv": [0, 0.0, 2, 5.0]}, "south": {"texture": "#material", "uv": [0.0, 0.0, 5.0, 8.0], "rotation": 90}, "west": {"texture": "#material", "uv": [0, 0.0, 2, 5.0]}, "up": {"texture": "#material", "uv": [0, 0.0, 2, 8.0], "rotation": 90}, "down": {"texture": "#material", "uv": [0, 0.0, 2, 8.0], "rotation": 90}}, "children": [{"name": "snow", "from": [0.0, 5.0, 0.045], "to": [8.0, 7.0, 2.0], "rotationOrigin": [1.5251, 2.9393, 8.0], "faces": {"north": {"uv": [0.0, 5.0, 8.0, 7.0], "texture": "#snowcover"}, "east": {"uv": [0.0049999999999999975, 5.0, 1.96, 7.0], "texture": "#snowcover"}, "south": {"uv": [0.0, 5.0, 8.0, 7.0], "texture": "#snowcover"}, "west": {"uv": [0.0049999999999999975, 5.0, 1.96, 7.0], "texture": "#snowcover"}, "up": {"texture": "#snowcover", "uv": [0, 0.0, 2, 8.0], "rotation": 90}, "down": {"texture": "#snowcover", "uv": [0, 0.0, 2, 8.0], "rotation": 90}}}]}, {"name": "1", "from": [2.53, 0.4393, 1.96], "to": [10.53, 5.4393, 3.96], "rotationOrigin": [1.5251, 2.9393, 8.0], "rotationZ": 35.0, "faces": {"north": {"texture": "#material", "uv": [0.0, 0.0, 5.0, 8.0], "rotation": 90}, "east": {"texture": "#material", "uv": [2, 0.0, 4, 5.0]}, "south": {"texture": "#material", "uv": [0.0, 0.0, 5.0, 8.0], "rotation": 90}, "west": {"texture": "#material", "uv": [2, 0.0, 4, 5.0]}, "up": {"texture": "#material", "uv": [2, 0.0, 4, 8.0], "rotation": 90}, "down": {"texture": "#material", "uv": [2, 0.0, 4, 8.0], "rotation": 90}}, "children": [{"name": "snow", "from": [0.0, 5.0, 0.0], "to": [8.0, 7.0, 2.0], "rotationOrigin": [1.5251, 2.9393, 8.0], "faces": {"north": {"uv": [0.0, 5.0, 8.0, 7.0], "texture": "#snowcover"}, "east": {"uv": [1.96, 5.0, 3.96, 7.0], "texture": "#snowcover"}, "south": {"uv": [0.0, 5.0, 8.0, 7.0], "texture": "#snowcover"}, "west": {"uv": [1.96, 5.0, 3.96, 7.0], "texture": "#snowcover"}, "up": {"texture": "#snowcover", "uv": [2, 0.0, 4, 8.0], "rotation": 90}, "down": {"texture": "#snowcover", "uv": [2, 0.0, 4, 8.0], "rotation": 90}}}]}, {"name": "2", "from": [2.53, 0.4393, 3.96], "to": [10.53, 5.4393, 5.96], "rotationOrigin": [1.5251, 2.9393, 8.0], "rotationZ": 35.0, "faces": {"north": {"texture": "#material", "uv": [0.0, 0.0, 5.0, 8.0], "rotation": 90}, "east": {"texture": "#material", "uv": [4, 0.0, 6, 5.0]}, "south": {"texture": "#material", "uv": [0.0, 0.0, 5.0, 8.0], "rotation": 90}, "west": {"texture": "#material", "uv": [4, 0.0, 6, 5.0]}, "up": {"texture": "#material", "uv": [4, 0.0, 6, 8.0], "rotation": 90}, "down": {"texture": "#material", "uv": [4, 0.0, 6, 8.0], "rotation": 90}}, "children": [{"name": "snow", "from": [0.0, 5.0, 0.0], "to": [8.0, 7.0, 2.0], "rotationOrigin": [1.5251, 2.9393, 8.0], "faces": {"north": {"uv": [0.0, 5.0, 8.0, 7.0], "texture": "#snowcover"}, "east": {"uv": [3.96, 5.0, 5.96, 7.0], "texture": "#snowcover"}, "south": {"uv": [0.0, 5.0, 8.0, 7.0], "texture": "#snowcover"}, "west": {"uv": [3.96, 5.0, 5.96, 7.0], "texture": "#snowcover"}, "up": {"texture": "#snowcover", "uv": [4, 0.0, 6, 8.0], "rotation": 90}, "down": {"texture": "#snowcover", "uv": [4, 0.0, 6, 8.0], "rotation": 90}}}]}, {"name": "3", "from": [2.53, 0.4393, 5.96], "to": [10.53, 5.4393, 7.96], "rotationOrigin": [1.5251, 2.9393, 8.0], "rotationZ": 35.0, "faces": {"north": {"texture": "#material", "uv": [0.0, 0.0, 5.0, 8.0], "rotation": 90}, "east": {"texture": "#material", "uv": [6, 0.0, 8, 5.0]}, "south": {"texture": "#material", "uv": [0.0, 0.0, 5.0, 8.0], "rotation": 90}, "west": {"texture": "#material", "uv": [6, 0.0, 8, 5.0]}, "up": {"texture": "#material", "uv": [6, 0.0, 8, 8.0], "rotation": 90}, "down": {"texture": "#material", "uv": [6, 0.0, 8, 8.0], "rotation": 90}}, "children": [{"name": "snow", "from": [0.0, 5.0, 0.0], "to": [8.0, 7.0, 2.0], "rotationOrigin": [1.5251, 2.9393, 8.0], "faces": {"north": {"uv": [0.0, 5.0, 8.0, 7.0], "texture": "#snowcover"}, "east": {"uv": [5.96, 5.0, 7.96, 7.0], "texture": "#snowcover"}, "south": {"uv": [0.0, 5.0, 8.0, 7.0], "texture": "#snowcover"}, "west": {"uv": [5.96, 5.0, 7.96, 7.0], "texture": "#snowcover"}, "up": {"texture": "#snowcover", "uv": [6, 0.0, 8, 8.0], "rotation": 90}, "down": {"texture": "#snowcover", "uv": [6, 0.0, 8, 8.0], "rotation": 90}}}]}, {"name": "4", "from": [2.53, 0.4393, 7.96], "to": [10.53, 5.4393, 9.96], "rotationOrigin": [1.5251, 2.9393, 8.0], "rotationZ": 35.0, "faces": {"north": {"texture": "#material", "uv": [0.0, 0.0, 5.0, 8.0], "rotation": 90}, "east": {"texture": "#material", "uv": [8, 0.0, 10, 5.0]}, "south": {"texture": "#material", "uv": [0.0, 0.0, 5.0, 8.0], "rotation": 90}, "west": {"texture": "#material", "uv": [8, 0.0, 10, 5.0]}, "up": {"texture": "#material", "uv": [8, 0.0, 10, 8.0], "rotation": 90}, "down": {"texture": "#material", "uv": [8, 0.0, 10, 8.0], "rotation": 90}}, "children": [{"name": "snow", "from": [0.0, 5.0, 0.0], "to": [8.0, 7.0, 2.000000000000001], "rotationOrigin": [1.5251, 2.9393, 8.0], "faces": {"north": {"uv": [0.0, 5.0, 8.0, 7.0], "texture": "#snowcover"}, "east": {"uv": [7.96, 5.0, 9.96, 7.0], "texture": "#snowcover"}, "south": {"uv": [0.0, 5.0, 8.0, 7.0], "texture": "#snowcover"}, "west": {"uv": [7.96, 5.0, 9.96, 7.0], "texture": "#snowcover"}, "up": {"texture": "#snowcover", "uv": [8, 0.0, 10, 8.0], "rotation": 90}, "down": {"texture": "#snowcover", "uv": [8, 0.0, 10, 8.0], "rotation": 90}}}]}, {"name": "5", "from": [2.53, 0.4393, 9.96], "to": [10.53, 5.4393, 11.96], "rotationOrigin": [1.5251, 2.9393, 8.0], "rotationZ": 35.0, "faces": {"north": {"texture": "#material", "uv": [0.0, 0.0, 5.0, 8.0], "rotation": 90}, "east": {"texture": "#material", "uv": [10, 0.0, 12, 5.0]}, "south": {"texture": "#material", "uv": [0.0, 0.0, 5.0, 8.0], "rotation": 90}, "west": {"texture": "#material", "uv": [10, 0.0, 12, 5.0]}, "up": {"texture": "#material", "uv": [10, 0.0, 12, 8.0], "rotation": 90}, "down": {"texture": "#material", "uv": [10, 0.0, 12, 8.0], "rotation": 90}}, "children": [{"name": "snow", "from": [0.0, 5.0, 0.0], "to": [8.0, 7.0, 2.0], "rotationOrigin": [1.5251, 2.9393, 8.0], "faces": {"north": {"uv": [0.0, 5.0, 8.0, 7.0], "texture": "#snowcover"}, "east": {"uv": [9.96, 5.0, 11.96, 7.0], "texture": "#snowcover"}, "south": {"uv": [0.0, 5.0, 8.0, 7.0], "texture": "#snowcover"}, "west": {"uv": [9.96, 5.0, 11.96, 7.0], "texture": "#snowcover"}, "up": {"texture": "#snowcover", "uv": [10, 0.0, 12, 8.0], "rotation": 90}, "down": {"texture": "#snowcover", "uv": [10, 0.0, 12, 8.0], "rotation": 90}}}]}, {"name": "6", "from": [2.53, 0.4393, 11.96], "to": [10.53, 5.4393, 13.96], "rotationOrigin": [1.5251, 2.9393, 8.0], "rotationZ": 35.0, "faces": {"north": {"texture": "#material", "uv": [0.0, 0.0, 5.0, 8.0], "rotation": 90}, "east": {"texture": "#material", "uv": [12, 0.0, 14, 5.0]}, "south": {"texture": "#material", "uv": [0.0, 0.0, 5.0, 8.0], "rotation": 90}, "west": {"texture": "#material", "uv": [12, 0.0, 14, 5.0]}, "up": {"texture": "#material", "uv": [12, 0.0, 14, 8.0], "rotation": 90}, "down": {"texture": "#material", "uv": [12, 0.0, 14, 8.0], "rotation": 90}}, "children": [{"name": "snow", "from": [0.0, 5.0, 0.0], "to": [8.0, 7.0, 2.0], "rotationOrigin": [1.5251, 2.9393, 8.0], "faces": {"north": {"uv": [0.0, 5.0, 8.0, 7.0], "texture": "#snowcover"}, "east": {"uv": [11.96, 5.0, 13.96, 7.0], "texture": "#snowcover"}, "south": {"uv": [0.0, 5.0, 8.0, 7.0], "texture": "#snowcover"}, "west": {"uv": [11.96, 5.0, 13.96, 7.0], "texture": "#snowcover"}, "up": {"texture": "#snowcover", "uv": [12, 0.0, 14, 8.0], "rotation": 90}, "down": {"texture": "#snowcover", "uv": [12, 0.0, 14, 8.0], "rotation": 90}}}]}, {"name": "7", "from": [2.53, 0.4393, 13.96], "to": [10.53, 5.4393, 16.02], "rotationOrigin": [1.5251, 2.9393, 8.0], "rotationZ": 35.0, "faces": {"north": {"texture": "#material", "uv": [0.0, 0.0, 5.0, 8.0], "rotation": 90}, "east": {"texture": "#material", "uv": [14, 0.0, 16, 5.0]}, "south": {"texture": "#material", "uv": [0.0, 0.0, 5.0, 8.0], "rotation": 90}, "west": {"texture": "#material", "uv": [14, 0.0, 16, 5.0]}, "up": {"texture": "#material", "uv": [14, 0.0, 16, 8.0], "rotation": 90}, "down": {"texture": "#material", "uv": [14, 0.0, 16, 8.0], "rotation": 90}}, "children": [{"name": "snow", "from": [0.0, 5.0, 0.0], "to": [8.0, 7.0, 2.0599999999999987], "rotationOrigin": [1.5251, 2.9393, 8.0], "faces": {"north": {"uv": [0.0, 5.0, 8.0, 7.0], "texture": "#snowcover"}, "east": {"uv": [13.96, 5.0, 16, 7.0], "texture": "#snowcover"}, "south": {"uv": [0.0, 5.0, 8.0, 7.0], "texture": "#snowcover"}, "west": {"uv": [13.96, 5.0, 16, 7.0], "texture": "#snowcover"}, "up": {"texture": "#snowcover", "uv": [14, 0.0, 16, 8.0], "rotation": 90}, "down": {"texture": "#snowcover", "uv": [14, 0.0, 16, 8.0], "rotation": 90}}}]}]}, {"name": "3", "from": [0.0, 0.0, 0.0], "to": [0.0, 0.0, 0.0], "faces": {}, "children": [{"name": "0", "from": [-4.47, 0.4393, -0.04], "to": [2.53, 5.4393, 1.96], "rotationOrigin": [1.5251, 2.9393, 8.0], "rotationZ": 35.0, "faces": {"north": {"texture": "#material", "uv": [0.0, 0.0, 5.0, 7.0], "rotation": 90}, "east": {"texture": "#material", "uv": [0, 0.0, 2, 5.0]}, "south": {"texture": "#material", "uv": [0.0, 0.0, 5.0, 7.0], "rotation": 90}, "west": {"texture": "#material", "uv": [0, 0.0, 2, 5.0]}, "up": {"texture": "#material", "uv": [0, 8.0, 2, 15.0], "rotation": 90}, "down": {"texture": "#material", "uv": [0, 8.0, 2, 15.0], "rotation": 90}}, "children": [{"name": "snow", "from": [0.0, 5.0, 0.04], "to": [7.0, 7.0, 2.0], "rotationOrigin": [1.5251, 2.9393, 8.0], "faces": {"north": {"uv": [0.0, 5.0, 7.0, 7.0], "texture": "#snowcover"}, "east": {"uv": [0.0, 5.0, 1.96, 7.0], "texture": "#snowcover"}, "south": {"uv": [0.0, 5.0, 7.0, 7.0], "texture": "#snowcover"}, "west": {"uv": [0.0, 5.0, 1.96, 7.0], "texture": "#snowcover"}, "up": {"texture": "#snowcover", "uv": [0, 8.0, 2, 15.0], "rotation": 90}, "down": {"texture": "#snowcover", "uv": [0, 8.0, 2, 15.0], "rotation": 90}}}]}, {"name": "1", "from": [-4.47, 0.4393, 1.96], "to": [2.53, 5.4393, 3.96], "rotationOrigin": [1.5251, 2.9393, 8.0], "rotationZ": 35.0, "faces": {"north": {"texture": "#material", "uv": [0.0, 0.0, 5.0, 7.0], "rotation": 90}, "east": {"texture": "#material", "uv": [2, 0.0, 4, 5.0]}, "south": {"texture": "#material", "uv": [0.0, 0.0, 5.0, 7.0], "rotation": 90}, "west": {"texture": "#material", "uv": [2, 0.0, 4, 5.0]}, "up": {"texture": "#material", "uv": [2, 8.0, 4, 15.0], "rotation": 90}, "down": {"texture": "#material", "uv": [2, 8.0, 4, 15.0], "rotation": 90}}, "children": [{"name": "snow", "from": [0.0, 5.0, 0.0], "to": [7.0, 7.0, 2.0], "rotationOrigin": [1.5251, 2.9393, 8.0], "faces": {"north": {"uv": [0.0, 5.0, 7.0, 7.0], "texture": "#snowcover"}, "east": {"uv": [1.96, 5.0, 3.96, 7.0], "texture": "#snowcover"}, "south": {"uv": [0.0, 5.0, 7.0, 7.0], "texture": "#snowcover"}, "west": {"uv": [1.96, 5.0, 3.96, 7.0], "texture": "#snowcover"}, "up": {"texture": "#snowcover", "uv": [2, 8.0, 4, 15.0], "rotation": 90}, "down": {"texture": "#snowcover", "uv": [2, 8.0, 4, 15.0], "rotation": 90}}}]}, {"name": "2", "from": [-4.47, 0.4393, 3.96], "to": [2.53, 5.4393, 5.96], "rotationOrigin": [1.5251, 2.9393, 8.0], "rotationZ": 35.0, "faces": {"north": {"texture": "#material", "uv": [0.0, 0.0, 5.0, 7.0], "rotation": 90}, "east": {"texture": "#material", "uv": [4, 0.0, 6, 5.0]}, "south": {"texture": "#material", "uv": [0.0, 0.0, 5.0, 7.0], "rotation": 90}, "west": {"texture": "#material", "uv": [4, 0.0, 6, 5.0]}, "up": {"texture": "#material", "uv": [4, 8.0, 6, 15.0], "rotation": 90}, "down": {"texture": "#material", "uv": [4, 8.0, 6, 15.0], "rotation": 90}}, "children": [{"name": "snow", "from": [0.0, 5.0, 0.0], "to": [7.0, 7.0, 2.0], "rotationOrigin": [1.5251, 2.9393, 8.0], "faces": {"north": {"uv": [0.0, 5.0, 7.0, 7.0], "texture": "#snowcover"}, "east": {"uv": [3.96, 5.0, 5.96, 7.0], "texture": "#snowcover"}, "south": {"uv": [0.0, 5.0, 7.0, 7.0], "texture": "#snowcover"}, "west": {"uv": [3.96, 5.0, 5.96, 7.0], "texture": "#snowcover"}, "up": {"texture": "#snowcover", "uv": [4, 8.0, 6, 15.0], "rotation": 90}, "down": {"texture": "#snowcover", "uv": [4, 8.0, 6, 15.0], "rotation": 90}}}]}, {"name": "3", "from": [-4.47, 0.4393, 5.96], "to": [2.53, 5.4393, 7.96], "rotationOrigin": [1.5251, 2.9393, 8.0], "rotationZ": 35.0, "faces": {"north": {"texture": "#material", "uv": [0.0, 0.0, 5.0, 7.0], "rotation": 90}, "east": {"texture": "#material", "uv": [6, 0.0, 8, 5.0]}, "south": {"texture": "#material", "uv": [0.0, 0.0, 5.0, 7.0], "rotation": 90}, "west": {"texture": "#material", "uv": [6, 0.0, 8, 5.0]}, "up": {"texture": "#material", "uv": [6, 8.0, 8, 15.0], "rotation": 90}, "down": {"texture": "#material", "uv": [6, 8.0, 8, 15.0], "rotation": 90}}, "children": [{"name": "snow", "from": [0.0, 5.0, 0.0], "to": [7.0, 7.0, 2.0], "rotationOrigin": [1.5251, 2.9393, 8.0], "faces": {"north": {"uv": [0.0, 5.0, 7.0, 7.0], "texture": "#snowcover"}, "east": {"uv": [5.96, 5.0, 7.96, 7.0], "texture": "#snowcover"}, "south": {"uv": [0.0, 5.0, 7.0, 7.0], "texture": "#snowcover"}, "west": {"uv": [5.96, 5.0, 7.96, 7.0], "texture": "#snowcover"}, "up": {"texture": "#snowcover", "uv": [6, 8.0, 8, 15.0], "rotation": 90}, "down": {"texture": "#snowcover", "uv": [6, 8.0, 8, 15.0], "rotation": 90}}}]}, {"name": "4", "from": [-4.47, 0.4393, 7.96], "to": [2.53, 5.4393, 9.96], "rotationOrigin": [1.5251, 2.9393, 8.0], "rotationZ": 35.0, "faces": {"north": {"texture": "#material", "uv": [0.0, 0.0, 5.0, 7.0], "rotation": 90}, "east": {"texture": "#material", "uv": [8, 0.0, 10, 5.0]}, "south": {"texture": "#material", "uv": [0.0, 0.0, 5.0, 7.0], "rotation": 90}, "west": {"texture": "#material", "uv": [8, 0.0, 10, 5.0]}, "up": {"texture": "#material", "uv": [8, 8.0, 10, 15.0], "rotation": 90}, "down": {"texture": "#material", "uv": [8, 8.0, 10, 15.0], "rotation": 90}}, "children": [{"name": "snow", "from": [0.0, 5.0, 0.0], "to": [7.0, 7.0, 2.000000000000001], "rotationOrigin": [1.5251, 2.9393, 8.0], "faces": {"north": {"uv": [0.0, 5.0, 7.0, 7.0], "texture": "#snowcover"}, "east": {"uv": [7.96, 5.0, 9.96, 7.0], "texture": "#snowcover"}, "south": {"uv": [0.0, 5.0, 7.0, 7.0], "texture": "#snowcover"}, "west": {"uv": [7.96, 5.0, 9.96, 7.0], "texture": "#snowcover"}, "up": {"texture": "#snowcover", "uv": [8, 8.0, 10, 15.0], "rotation": 90}, "down": {"texture": "#snowcover", "uv": [8, 8.0, 10, 15.0], "rotation": 90}}}]}, {"name": "5", "from": [-4.47, 0.4393, 9.96], "to": [2.53, 5.4393, 11.96], "rotationOrigin": [1.5251, 2.9393, 8.0], "rotationZ": 35.0, "faces": {"north": {"texture": "#material", "uv": [0.0, 0.0, 5.0, 7.0], "rotation": 90}, "east": {"texture": "#material", "uv": [10, 0.0, 12, 5.0]}, "south": {"texture": "#material", "uv": [0.0, 0.0, 5.0, 7.0], "rotation": 90}, "west": {"texture": "#material", "uv": [10, 0.0, 12, 5.0]}, "up": {"texture": "#material", "uv": [10, 8.0, 12, 15.0], "rotation": 90}, "down": {"texture": "#material", "uv": [10, 8.0, 12, 15.0], "rotation": 90}}, "children": [{"name": "snow", "from": [0.0, 5.0, 0.0], "to": [7.0, 7.0, 2.0], "rotationOrigin": [1.5251, 2.9393, 8.0], "faces": {"north": {"uv": [0.0, 5.0, 7.0, 7.0], "texture": "#snowcover"}, "east": {"uv": [9.96, 5.0, 11.96, 7.0], "texture": "#snowcover"}, "south": {"uv": [0.0, 5.0, 7.0, 7.0], "texture": "#snowcover"}, "west": {"uv": [9.96, 5.0, 11.96, 7.0], "texture": "#snowcover"}, "up": {"texture": "#snowcover", "uv": [10, 8.0, 12, 15.0], "rotation": 90}, "down": {"texture": "#snowcover", "uv": [10, 8.0, 12, 15.0], "rotation": 90}}}]}, {"name": "6", "from": [-4.47, 0.4393, 11.96], "to": [2.53, 5.4393, 13.96], "rotationOrigin": [1.5251, 2.9393, 8.0], "rotationZ": 35.0, "faces": {"north": {"texture": "#material", "uv": [0.0, 0.0, 5.0, 7.0], "rotation": 90}, "east": {"texture": "#material", "uv": [12, 0.0, 14, 5.0]}, "south": {"texture": "#material", "uv": [0.0, 0.0, 5.0, 7.0], "rotation": 90}, "west": {"texture": "#material", "uv": [12, 0.0, 14, 5.0]}, "up": {"texture": "#material", "uv": [12, 8.0, 14, 15.0], "rotation": 90}, "down": {"texture": "#material", "uv": [12, 8.0, 14, 15.0], "rotation": 90}}, "children": [{"name": "snow", "from": [0.0, 5.0, 0.0], "to": [7.0, 7.0, 2.0], "rotationOrigin": [1.5251, 2.9393, 8.0], "faces": {"north": {"uv": [0.0, 5.0, 7.0, 7.0], "texture": "#snowcover"}, "east": {"uv": [11.96, 5.0, 13.96, 7.0], "texture": "#snowcover"}, "south": {"uv": [0.0, 5.0, 7.0, 7.0], "texture": "#snowcover"}, "west": {"uv": [11.96, 5.0, 13.96, 7.0], "texture": "#snowcover"}, "up": {"texture": "#snowcover", "uv": [12, 8.0, 14, 15.0], "rotation": 90}, "down": {"texture": "#snowcover", "uv": [12, 8.0, 14, 15.0], "rotation": 90}}}]}, {"name": "7", "from": [-4.47, 0.4393, 13.96], "to": [2.53, 5.4393, 16.02], "rotationOrigin": [1.5251, 2.9393, 8.0], "rotationZ": 35.0, "faces": {"north": {"texture": "#material", "uv": [0.0, 0.0, 5.0, 7.0], "rotation": 90}, "east": {"texture": "#material", "uv": [14, 0.0, 16, 5.0]}, "south": {"texture": "#material", "uv": [0.0, 0.0, 5.0, 7.0], "rotation": 90}, "west": {"texture": "#material", "uv": [14, 0.0, 16, 5.0]}, "up": {"texture": "#material", "uv": [14, 8.0, 16, 15.0], "rotation": 90}, "down": {"texture": "#material", "uv": [14, 8.0, 16, 15.0], "rotation": 90}}, "children": [{"name": "snow", "from": [0.0, 5.0, 0.0], "to": [7.0, 7.0, 2.0599999999999987], "rotationOrigin": [1.5251, 2.9393, 8.0], "faces": {"north": {"uv": [0.0, 5.0, 7.0, 7.0], "texture": "#snowcover"}, "east": {"uv": [13.96, 5.0, 16, 7.0], "texture": "#snowcover"}, "south": {"uv": [0.0, 5.0, 7.0, 7.0], "texture": "#snowcover"}, "west": {"uv": [13.96, 5.0, 16, 7.0], "texture": "#snowcover"}, "up": {"texture": "#snowcover", "uv": [14, 8.0, 16, 15.0], "rotation": 90}, "down": {"texture": "#snowcover", "uv": [14, 8.0, 16, 15.0], "rotation": 90}}}]}]}]}]}]}