{"editor": {"allAngles": false, "entityTextureMode": false}, "textureWidth": 16, "textureHeight": 16, "textureSizes": {}, "textures": {}, "elements": [{"name": "main", "from": [0.0, 0.0, 0.0], "to": [0.0, 0.0, 0.0], "faces": {"north": {"texture": "#null", "uv": [0.0, 0.0, 0.5, 0.5], "enabled": false}, "east": {"texture": "#null", "uv": [0.0, 0.0, 0.5, 0.5], "enabled": false}, "south": {"texture": "#null", "uv": [0.0, 0.0, 0.5, 0.5], "enabled": false}, "west": {"texture": "#null", "uv": [0.0, 0.0, 0.5, 0.5], "enabled": false}, "up": {"texture": "#null", "uv": [0.0, 0.0, 0.5, 0.5], "enabled": false}, "down": {"texture": "#null", "uv": [0.0, 0.0, 0.5, 0.5], "enabled": false}}, "children": [{"name": "lower", "from": [0.0, 0.0, 0.0], "to": [0.0, 0.0, 0.0], "faces": {"north": {"texture": "#null", "uv": [0.0, 0.0, 0.5, 0.5], "enabled": false}, "east": {"texture": "#null", "uv": [0.0, 0.0, 0.5, 0.5], "enabled": false}, "south": {"texture": "#null", "uv": [0.0, 0.0, 0.5, 0.5], "enabled": false}, "west": {"texture": "#null", "uv": [0.0, 0.0, 0.5, 0.5], "enabled": false}, "up": {"texture": "#null", "uv": [0.0, 0.0, 0.5, 0.5], "enabled": false}, "down": {"texture": "#null", "uv": [0.0, 0.0, 0.5, 0.5], "enabled": false}}, "children": [{"name": "0", "from": [0.0, 0.0, 0.0], "to": [0.0, 0.0, 0.0], "faces": {}, "children": [{"name": "0", "from": [3.76, 7.5729, -0.02], "to": [11.76, 13.0729, 1.98], "rotationOrigin": [3.7639, 10.3229, 8.0], "rotationZ": 41.0, "faces": {"north": {"texture": "#material", "uv": [0.0, 0.0, 5.5, 8.0], "rotation": 90}, "east": {"texture": "#material", "uv": [0, 0.0, 2, 5.5]}, "south": {"texture": "#material", "uv": [0.0, 0.0, 5.5, 8.0], "rotation": 90}, "west": {"texture": "#material", "uv": [0, 0.0, 2, 5.5]}, "up": {"texture": "#material", "uv": [0, 0.0, 2, 8.0], "rotation": 90}, "down": {"texture": "#material", "uv": [0, 0.0, 2, 8.0], "rotation": 90}}}, {"name": "1", "from": [3.76, 7.5729, 1.98], "to": [11.76, 13.0729, 3.98], "rotationOrigin": [3.7639, 10.3229, 8.0], "rotationZ": 41.0, "faces": {"north": {"texture": "#material", "uv": [0.0, 0.0, 5.5, 8.0], "rotation": 90}, "east": {"texture": "#material", "uv": [2, 0.0, 4, 5.5]}, "south": {"texture": "#material", "uv": [0.0, 0.0, 5.5, 8.0], "rotation": 90}, "west": {"texture": "#material", "uv": [2, 0.0, 4, 5.5]}, "up": {"texture": "#material", "uv": [2, 0.0, 4, 8.0], "rotation": 90}, "down": {"texture": "#material", "uv": [2, 0.0, 4, 8.0], "rotation": 90}}}, {"name": "2", "from": [3.76, 7.5729, 3.98], "to": [11.76, 13.0729, 5.98], "rotationOrigin": [3.7639, 10.3229, 8.0], "rotationZ": 41.0, "faces": {"north": {"texture": "#material", "uv": [0.0, 0.0, 5.5, 8.0], "rotation": 90}, "east": {"texture": "#material", "uv": [4, 0.0, 6, 5.5]}, "south": {"texture": "#material", "uv": [0.0, 0.0, 5.5, 8.0], "rotation": 90}, "west": {"texture": "#material", "uv": [4, 0.0, 6, 5.5]}, "up": {"texture": "#material", "uv": [4, 0.0, 6, 8.0], "rotation": 90}, "down": {"texture": "#material", "uv": [4, 0.0, 6, 8.0], "rotation": 90}}}, {"name": "3", "from": [3.76, 7.5729, 5.98], "to": [11.76, 13.0729, 7.98], "rotationOrigin": [3.7639, 10.3229, 8.0], "rotationZ": 41.0, "faces": {"north": {"texture": "#material", "uv": [0.0, 0.0, 5.5, 8.0], "rotation": 90}, "east": {"texture": "#material", "uv": [6, 0.0, 8, 5.5]}, "south": {"texture": "#material", "uv": [0.0, 0.0, 5.5, 8.0], "rotation": 90}, "west": {"texture": "#material", "uv": [6, 0.0, 8, 5.5]}, "up": {"texture": "#material", "uv": [6, 0.0, 8, 8.0], "rotation": 90}, "down": {"texture": "#material", "uv": [6, 0.0, 8, 8.0], "rotation": 90}}}, {"name": "4", "from": [3.76, 7.5729, 7.98], "to": [11.76, 13.0729, 9.98], "rotationOrigin": [3.7639, 10.3229, 8.0], "rotationZ": 41.0, "faces": {"north": {"texture": "#material", "uv": [0.0, 0.0, 5.5, 8.0], "rotation": 90}, "east": {"texture": "#material", "uv": [8, 0.0, 10, 5.5]}, "south": {"texture": "#material", "uv": [0.0, 0.0, 5.5, 8.0], "rotation": 90}, "west": {"texture": "#material", "uv": [8, 0.0, 10, 5.5]}, "up": {"texture": "#material", "uv": [8, 0.0, 10, 8.0], "rotation": 90}, "down": {"texture": "#material", "uv": [8, 0.0, 10, 8.0], "rotation": 90}}}, {"name": "5", "from": [3.76, 7.5729, 9.98], "to": [11.76, 13.0729, 11.98], "rotationOrigin": [3.7639, 10.3229, 8.0], "rotationZ": 41.0, "faces": {"north": {"texture": "#material", "uv": [0.0, 0.0, 5.5, 8.0], "rotation": 90}, "east": {"texture": "#material", "uv": [10, 0.0, 12, 5.5]}, "south": {"texture": "#material", "uv": [0.0, 0.0, 5.5, 8.0], "rotation": 90}, "west": {"texture": "#material", "uv": [10, 0.0, 12, 5.5]}, "up": {"texture": "#material", "uv": [10, 0.0, 12, 8.0], "rotation": 90}, "down": {"texture": "#material", "uv": [10, 0.0, 12, 8.0], "rotation": 90}}}, {"name": "6", "from": [3.76, 7.5729, 11.98], "to": [11.76, 13.0729, 13.98], "rotationOrigin": [3.7639, 10.3229, 8.0], "rotationZ": 41.0, "faces": {"north": {"texture": "#material", "uv": [0.0, 0.0, 5.5, 8.0], "rotation": 90}, "east": {"texture": "#material", "uv": [12, 0.0, 14, 5.5]}, "south": {"texture": "#material", "uv": [0.0, 0.0, 5.5, 8.0], "rotation": 90}, "west": {"texture": "#material", "uv": [12, 0.0, 14, 5.5]}, "up": {"texture": "#material", "uv": [12, 0.0, 14, 8.0], "rotation": 90}, "down": {"texture": "#material", "uv": [12, 0.0, 14, 8.0], "rotation": 90}}}, {"name": "7", "from": [3.76, 7.5729, 13.98], "to": [11.76, 13.0729, 16.01], "rotationOrigin": [3.7639, 10.3229, 8.0], "rotationZ": 41.0, "faces": {"north": {"texture": "#material", "uv": [0.0, 0.0, 5.5, 8.0], "rotation": 90}, "east": {"texture": "#material", "uv": [14, 0.0, 16, 5.5]}, "south": {"texture": "#material", "uv": [0.0, 0.0, 5.5, 8.0], "rotation": 90}, "west": {"texture": "#material", "uv": [14, 0.0, 16, 5.5]}, "up": {"texture": "#material", "uv": [14, 0.0, 16, 8.0], "rotation": 90}, "down": {"texture": "#material", "uv": [14, 0.0, 16, 8.0], "rotation": 90}}}]}, {"name": "1", "from": [0.0, 0.0, 0.0], "to": [0.0, 0.0, 0.0], "faces": {}, "children": [{"name": "0", "from": [-4.2361, 7.5729, -0.02], "to": [3.7639, 13.0729, 1.98], "rotationOrigin": [3.7639, 10.3229, 8.0], "rotationZ": 41.0, "faces": {"north": {"texture": "#material", "uv": [0.0, 8.0, 5.5, 16.0], "rotation": 90}, "east": {"texture": "#material", "uv": [0, 0.0, 2, 5.5]}, "south": {"texture": "#material", "uv": [0.0, 8.0, 5.5, 16.0], "rotation": 90}, "west": {"texture": "#material", "uv": [0, 0.0, 2, 5.5]}, "up": {"texture": "#material", "uv": [0, 8.0, 2, 16.0], "rotation": 90}, "down": {"texture": "#material", "uv": [0, 8.0, 2, 16.0], "rotation": 90}}}, {"name": "1", "from": [-4.2361, 7.5729, 1.98], "to": [3.7639, 13.0729, 3.98], "rotationOrigin": [3.7639, 10.3229, 8.0], "rotationZ": 41.0, "faces": {"north": {"texture": "#material", "uv": [0.0, 8.0, 5.5, 16.0], "rotation": 90}, "east": {"texture": "#material", "uv": [2, 0.0, 4, 5.5]}, "south": {"texture": "#material", "uv": [0.0, 8.0, 5.5, 16.0], "rotation": 90}, "west": {"texture": "#material", "uv": [2, 0.0, 4, 5.5]}, "up": {"texture": "#material", "uv": [2, 8.0, 4, 16.0], "rotation": 90}, "down": {"texture": "#material", "uv": [2, 8.0, 4, 16.0], "rotation": 90}}}, {"name": "2", "from": [-4.2361, 7.5729, 3.98], "to": [3.7639, 13.0729, 5.98], "rotationOrigin": [3.7639, 10.3229, 8.0], "rotationZ": 41.0, "faces": {"north": {"texture": "#material", "uv": [0.0, 8.0, 5.5, 16.0], "rotation": 90}, "east": {"texture": "#material", "uv": [4, 0.0, 6, 5.5]}, "south": {"texture": "#material", "uv": [0.0, 8.0, 5.5, 16.0], "rotation": 90}, "west": {"texture": "#material", "uv": [4, 0.0, 6, 5.5]}, "up": {"texture": "#material", "uv": [4, 8.0, 6, 16.0], "rotation": 90}, "down": {"texture": "#material", "uv": [4, 8.0, 6, 16.0], "rotation": 90}}}, {"name": "3", "from": [-4.2361, 7.5729, 5.98], "to": [3.7639, 13.0729, 7.98], "rotationOrigin": [3.7639, 10.3229, 8.0], "rotationZ": 41.0, "faces": {"north": {"texture": "#material", "uv": [0.0, 8.0, 5.5, 16.0], "rotation": 90}, "east": {"texture": "#material", "uv": [6, 0.0, 8, 5.5]}, "south": {"texture": "#material", "uv": [0.0, 8.0, 5.5, 16.0], "rotation": 90}, "west": {"texture": "#material", "uv": [6, 0.0, 8, 5.5]}, "up": {"texture": "#material", "uv": [6, 8.0, 8, 16.0], "rotation": 90}, "down": {"texture": "#material", "uv": [6, 8.0, 8, 16.0], "rotation": 90}}}, {"name": "4", "from": [-4.2361, 7.5729, 7.98], "to": [3.7639, 13.0729, 9.98], "rotationOrigin": [3.7639, 10.3229, 8.0], "rotationZ": 41.0, "faces": {"north": {"texture": "#material", "uv": [0.0, 8.0, 5.5, 16.0], "rotation": 90}, "east": {"texture": "#material", "uv": [8, 0.0, 10, 5.5]}, "south": {"texture": "#material", "uv": [0.0, 8.0, 5.5, 16.0], "rotation": 90}, "west": {"texture": "#material", "uv": [8, 0.0, 10, 5.5]}, "up": {"texture": "#material", "uv": [8, 8.0, 10, 16.0], "rotation": 90}, "down": {"texture": "#material", "uv": [8, 8.0, 10, 16.0], "rotation": 90}}}, {"name": "5", "from": [-4.2361, 7.5729, 9.98], "to": [3.7639, 13.0729, 11.98], "rotationOrigin": [3.7639, 10.3229, 8.0], "rotationZ": 41.0, "faces": {"north": {"texture": "#material", "uv": [0.0, 8.0, 5.5, 16.0], "rotation": 90}, "east": {"texture": "#material", "uv": [10, 0.0, 12, 5.5]}, "south": {"texture": "#material", "uv": [0.0, 8.0, 5.5, 16.0], "rotation": 90}, "west": {"texture": "#material", "uv": [10, 0.0, 12, 5.5]}, "up": {"texture": "#material", "uv": [10, 8.0, 12, 16.0], "rotation": 90}, "down": {"texture": "#material", "uv": [10, 8.0, 12, 16.0], "rotation": 90}}}, {"name": "6", "from": [-4.2361, 7.5729, 11.98], "to": [3.7639, 13.0729, 13.98], "rotationOrigin": [3.7639, 10.3229, 8.0], "rotationZ": 41.0, "faces": {"north": {"texture": "#material", "uv": [0.0, 8.0, 5.5, 16.0], "rotation": 90}, "east": {"texture": "#material", "uv": [12, 0.0, 14, 5.5]}, "south": {"texture": "#material", "uv": [0.0, 8.0, 5.5, 16.0], "rotation": 90}, "west": {"texture": "#material", "uv": [12, 0.0, 14, 5.5]}, "up": {"texture": "#material", "uv": [12, 8.0, 14, 16.0], "rotation": 90}, "down": {"texture": "#material", "uv": [12, 8.0, 14, 16.0], "rotation": 90}}}, {"name": "7", "from": [-4.2361, 7.5729, 13.98], "to": [3.7639, 13.0729, 16.01], "rotationOrigin": [3.7639, 10.3229, 8.0], "rotationZ": 41.0, "faces": {"north": {"texture": "#material", "uv": [0.0, 8.0, 5.5, 16.0], "rotation": 90}, "east": {"texture": "#material", "uv": [14, 0.0, 16, 5.5]}, "south": {"texture": "#material", "uv": [0.0, 8.0, 5.5, 16.0], "rotation": 90}, "west": {"texture": "#material", "uv": [14, 0.0, 16, 5.5]}, "up": {"texture": "#material", "uv": [14, 8.0, 16, 16.0], "rotation": 90}, "down": {"texture": "#material", "uv": [14, 8.0, 16, 16.0], "rotation": 90}}}]}, {"name": "2", "from": [0.0, 0.0, 0.0], "to": [0.0, 0.0, 0.0], "faces": {}, "children": [{"name": "0", "from": [-0.24, -0.1771, -0.04], "to": [7.76, 4.8229, 1.96], "rotationOrigin": [-0.2361, 2.3229, 8.0], "rotationZ": 41.0, "faces": {"north": {"texture": "#material", "uv": [0.0, 0.0, 5.0, 8.0], "rotation": 90}, "east": {"texture": "#material", "uv": [0, 0.0, 2, 5.0]}, "south": {"texture": "#material", "uv": [0.0, 0.0, 5.0, 8.0], "rotation": 90}, "west": {"texture": "#material", "uv": [0, 0.0, 2, 5.0]}, "up": {"texture": "#material", "uv": [0, 0.0, 2, 8.0], "rotation": 90}, "down": {"texture": "#material", "uv": [0, 0.0, 2, 8.0], "rotation": 90}}}, {"name": "1", "from": [-0.24, -0.1771, 1.96], "to": [7.76, 4.8229, 3.96], "rotationOrigin": [-0.2361, 2.3229, 8.0], "rotationZ": 41.0, "faces": {"north": {"texture": "#material", "uv": [0.0, 0.0, 5.0, 8.0], "rotation": 90}, "east": {"texture": "#material", "uv": [2, 0.0, 4, 5.0]}, "south": {"texture": "#material", "uv": [0.0, 0.0, 5.0, 8.0], "rotation": 90}, "west": {"texture": "#material", "uv": [2, 0.0, 4, 5.0]}, "up": {"texture": "#material", "uv": [2, 0.0, 4, 8.0], "rotation": 90}, "down": {"texture": "#material", "uv": [2, 0.0, 4, 8.0], "rotation": 90}}}, {"name": "2", "from": [-0.24, -0.1771, 3.96], "to": [7.76, 4.8229, 5.96], "rotationOrigin": [-0.2361, 2.3229, 8.0], "rotationZ": 41.0, "faces": {"north": {"texture": "#material", "uv": [0.0, 0.0, 5.0, 8.0], "rotation": 90}, "east": {"texture": "#material", "uv": [4, 0.0, 6, 5.0]}, "south": {"texture": "#material", "uv": [0.0, 0.0, 5.0, 8.0], "rotation": 90}, "west": {"texture": "#material", "uv": [4, 0.0, 6, 5.0]}, "up": {"texture": "#material", "uv": [4, 0.0, 6, 8.0], "rotation": 90}, "down": {"texture": "#material", "uv": [4, 0.0, 6, 8.0], "rotation": 90}}}, {"name": "3", "from": [-0.24, -0.1771, 5.96], "to": [7.76, 4.8229, 7.96], "rotationOrigin": [-0.2361, 2.3229, 8.0], "rotationZ": 41.0, "faces": {"north": {"texture": "#material", "uv": [0.0, 0.0, 5.0, 8.0], "rotation": 90}, "east": {"texture": "#material", "uv": [6, 0.0, 8, 5.0]}, "south": {"texture": "#material", "uv": [0.0, 0.0, 5.0, 8.0], "rotation": 90}, "west": {"texture": "#material", "uv": [6, 0.0, 8, 5.0]}, "up": {"texture": "#material", "uv": [6, 0.0, 8, 8.0], "rotation": 90}, "down": {"texture": "#material", "uv": [6, 0.0, 8, 8.0], "rotation": 90}}}, {"name": "4", "from": [-0.24, -0.1771, 7.96], "to": [7.76, 4.8229, 9.96], "rotationOrigin": [-0.2361, 2.3229, 8.0], "rotationZ": 41.0, "faces": {"north": {"texture": "#material", "uv": [0.0, 0.0, 5.0, 8.0], "rotation": 90}, "east": {"texture": "#material", "uv": [8, 0.0, 10, 5.0]}, "south": {"texture": "#material", "uv": [0.0, 0.0, 5.0, 8.0], "rotation": 90}, "west": {"texture": "#material", "uv": [8, 0.0, 10, 5.0]}, "up": {"texture": "#material", "uv": [8, 0.0, 10, 8.0], "rotation": 90}, "down": {"texture": "#material", "uv": [8, 0.0, 10, 8.0], "rotation": 90}}}, {"name": "5", "from": [-0.24, -0.1771, 9.96], "to": [7.76, 4.8229, 11.96], "rotationOrigin": [-0.2361, 2.3229, 8.0], "rotationZ": 41.0, "faces": {"north": {"texture": "#material", "uv": [0.0, 0.0, 5.0, 8.0], "rotation": 90}, "east": {"texture": "#material", "uv": [10, 0.0, 12, 5.0]}, "south": {"texture": "#material", "uv": [0.0, 0.0, 5.0, 8.0], "rotation": 90}, "west": {"texture": "#material", "uv": [10, 0.0, 12, 5.0]}, "up": {"texture": "#material", "uv": [10, 0.0, 12, 8.0], "rotation": 90}, "down": {"texture": "#material", "uv": [10, 0.0, 12, 8.0], "rotation": 90}}}, {"name": "6", "from": [-0.24, -0.1771, 11.96], "to": [7.76, 4.8229, 13.96], "rotationOrigin": [-0.2361, 2.3229, 8.0], "rotationZ": 41.0, "faces": {"north": {"texture": "#material", "uv": [0.0, 0.0, 5.0, 8.0], "rotation": 90}, "east": {"texture": "#material", "uv": [12, 0.0, 14, 5.0]}, "south": {"texture": "#material", "uv": [0.0, 0.0, 5.0, 8.0], "rotation": 90}, "west": {"texture": "#material", "uv": [12, 0.0, 14, 5.0]}, "up": {"texture": "#material", "uv": [12, 0.0, 14, 8.0], "rotation": 90}, "down": {"texture": "#material", "uv": [12, 0.0, 14, 8.0], "rotation": 90}}}, {"name": "7", "from": [-0.24, -0.1771, 13.96], "to": [7.76, 4.8229, 16.02], "rotationOrigin": [-0.2361, 2.3229, 8.0], "rotationZ": 41.0, "faces": {"north": {"texture": "#material", "uv": [0.0, 0.0, 5.0, 8.0], "rotation": 90}, "east": {"texture": "#material", "uv": [14, 0.0, 16, 5.0]}, "south": {"texture": "#material", "uv": [0.0, 0.0, 5.0, 8.0], "rotation": 90}, "west": {"texture": "#material", "uv": [14, 0.0, 16, 5.0]}, "up": {"texture": "#material", "uv": [14, 0.0, 16, 8.0], "rotation": 90}, "down": {"texture": "#material", "uv": [14, 0.0, 16, 8.0], "rotation": 90}}}]}, {"name": "3", "from": [0.0, 0.0, 0.0], "to": [0.0, 0.0, 0.0], "faces": {}, "children": [{"name": "0", "from": [-8.2361, -0.1771, -0.04], "to": [-0.2361, 4.8229, 1.96], "rotationOrigin": [-0.2361, 2.3229, 8.0], "rotationZ": 41.0, "faces": {"north": {"texture": "#material", "uv": [0.0, 8.0, 5.0, 16.0], "rotation": 90}, "east": {"texture": "#material", "uv": [0, 0.0, 2, 5.0]}, "south": {"texture": "#material", "uv": [0.0, 8.0, 5.0, 16.0], "rotation": 90}, "west": {"texture": "#material", "uv": [0, 0.0, 2, 5.0]}, "up": {"texture": "#material", "uv": [0, 8.0, 2, 16.0], "rotation": 90}, "down": {"texture": "#material", "uv": [0, 8.0, 2, 16.0], "rotation": 90}}}, {"name": "1", "from": [-8.2361, -0.1771, 1.96], "to": [-0.2361, 4.8229, 3.96], "rotationOrigin": [-0.2361, 2.3229, 8.0], "rotationZ": 41.0, "faces": {"north": {"texture": "#material", "uv": [0.0, 8.0, 5.0, 16.0], "rotation": 90}, "east": {"texture": "#material", "uv": [2, 0.0, 4, 5.0]}, "south": {"texture": "#material", "uv": [0.0, 8.0, 5.0, 16.0], "rotation": 90}, "west": {"texture": "#material", "uv": [2, 0.0, 4, 5.0]}, "up": {"texture": "#material", "uv": [2, 8.0, 4, 16.0], "rotation": 90}, "down": {"texture": "#material", "uv": [2, 8.0, 4, 16.0], "rotation": 90}}}, {"name": "2", "from": [-8.2361, -0.1771, 3.96], "to": [-0.2361, 4.8229, 5.96], "rotationOrigin": [-0.2361, 2.3229, 8.0], "rotationZ": 41.0, "faces": {"north": {"texture": "#material", "uv": [0.0, 8.0, 5.0, 16.0], "rotation": 90}, "east": {"texture": "#material", "uv": [4, 0.0, 6, 5.0]}, "south": {"texture": "#material", "uv": [0.0, 8.0, 5.0, 16.0], "rotation": 90}, "west": {"texture": "#material", "uv": [4, 0.0, 6, 5.0]}, "up": {"texture": "#material", "uv": [4, 8.0, 6, 16.0], "rotation": 90}, "down": {"texture": "#material", "uv": [4, 8.0, 6, 16.0], "rotation": 90}}}, {"name": "3", "from": [-8.2361, -0.1771, 5.96], "to": [-0.2361, 4.8229, 7.96], "rotationOrigin": [-0.2361, 2.3229, 8.0], "rotationZ": 41.0, "faces": {"north": {"texture": "#material", "uv": [0.0, 8.0, 5.0, 16.0], "rotation": 90}, "east": {"texture": "#material", "uv": [6, 0.0, 8, 5.0]}, "south": {"texture": "#material", "uv": [0.0, 8.0, 5.0, 16.0], "rotation": 90}, "west": {"texture": "#material", "uv": [6, 0.0, 8, 5.0]}, "up": {"texture": "#material", "uv": [6, 8.0, 8, 16.0], "rotation": 90}, "down": {"texture": "#material", "uv": [6, 8.0, 8, 16.0], "rotation": 90}}}, {"name": "4", "from": [-8.2361, -0.1771, 7.96], "to": [-0.2361, 4.8229, 9.96], "rotationOrigin": [-0.2361, 2.3229, 8.0], "rotationZ": 41.0, "faces": {"north": {"texture": "#material", "uv": [0.0, 8.0, 5.0, 16.0], "rotation": 90}, "east": {"texture": "#material", "uv": [8, 0.0, 10, 5.0]}, "south": {"texture": "#material", "uv": [0.0, 8.0, 5.0, 16.0], "rotation": 90}, "west": {"texture": "#material", "uv": [8, 0.0, 10, 5.0]}, "up": {"texture": "#material", "uv": [8, 8.0, 10, 16.0], "rotation": 90}, "down": {"texture": "#material", "uv": [8, 8.0, 10, 16.0], "rotation": 90}}}, {"name": "5", "from": [-8.2361, -0.1771, 9.96], "to": [-0.2361, 4.8229, 11.96], "rotationOrigin": [-0.2361, 2.3229, 8.0], "rotationZ": 41.0, "faces": {"north": {"texture": "#material", "uv": [0.0, 8.0, 5.0, 16.0], "rotation": 90}, "east": {"texture": "#material", "uv": [10, 0.0, 12, 5.0]}, "south": {"texture": "#material", "uv": [0.0, 8.0, 5.0, 16.0], "rotation": 90}, "west": {"texture": "#material", "uv": [10, 0.0, 12, 5.0]}, "up": {"texture": "#material", "uv": [10, 8.0, 12, 16.0], "rotation": 90}, "down": {"texture": "#material", "uv": [10, 8.0, 12, 16.0], "rotation": 90}}}, {"name": "6", "from": [-8.2361, -0.1771, 11.96], "to": [-0.2361, 4.8229, 13.96], "rotationOrigin": [-0.2361, 2.3229, 8.0], "rotationZ": 41.0, "faces": {"north": {"texture": "#material", "uv": [0.0, 8.0, 5.0, 16.0], "rotation": 90}, "east": {"texture": "#material", "uv": [12, 0.0, 14, 5.0]}, "south": {"texture": "#material", "uv": [0.0, 8.0, 5.0, 16.0], "rotation": 90}, "west": {"texture": "#material", "uv": [12, 0.0, 14, 5.0]}, "up": {"texture": "#material", "uv": [12, 8.0, 14, 16.0], "rotation": 90}, "down": {"texture": "#material", "uv": [12, 8.0, 14, 16.0], "rotation": 90}}}, {"name": "7", "from": [-8.2361, -0.1771, 13.96], "to": [-0.2361, 4.8229, 16.02], "rotationOrigin": [-0.2361, 2.3229, 8.0], "rotationZ": 41.0, "faces": {"north": {"texture": "#material", "uv": [0.0, 8.0, 5.0, 16.0], "rotation": 90}, "east": {"texture": "#material", "uv": [14, 0.0, 16, 5.0]}, "south": {"texture": "#material", "uv": [0.0, 8.0, 5.0, 16.0], "rotation": 90}, "west": {"texture": "#material", "uv": [14, 0.0, 16, 5.0]}, "up": {"texture": "#material", "uv": [14, 8.0, 16, 16.0], "rotation": 90}, "down": {"texture": "#material", "uv": [14, 8.0, 16, 16.0], "rotation": 90}}}]}]}, {"name": "upper", "from": [8.0, 0.0, 0.0], "to": [8.0, 0.0, 0.0], "renderInEditor": false, "faces": {"north": {"texture": "#null", "uv": [0.0, 0.0, 0.5, 0.5], "enabled": false}, "east": {"texture": "#null", "uv": [0.0, 0.0, 0.5, 0.5], "enabled": false}, "south": {"texture": "#null", "uv": [0.0, 0.0, 0.5, 0.5], "enabled": false}, "west": {"texture": "#null", "uv": [0.0, 0.0, 0.5, 0.5], "enabled": false}, "up": {"texture": "#null", "uv": [0.0, 0.0, 0.5, 0.5], "enabled": false}, "down": {"texture": "#null", "uv": [0.0, 0.0, 0.5, 0.5], "enabled": false}}, "children": [{"name": "0", "from": [0.0, 0.0, 0.0], "to": [0.0, 0.0, 0.0], "faces": {}, "children": [{"name": "0", "from": [3.76, 7.5729, -0.02], "to": [11.76, 13.0729, 1.98], "rotationOrigin": [3.7639, 10.3229, 8.0], "rotationZ": 41.0, "faces": {"north": {"texture": "#material", "uv": [0.0, 0.0, 5.5, 8.0], "rotation": 90}, "east": {"texture": "#material", "uv": [0, 0.0, 2, 5.5]}, "south": {"texture": "#material", "uv": [0.0, 0.0, 5.5, 8.0], "rotation": 90}, "west": {"texture": "#material", "uv": [0, 0.0, 2, 5.5]}, "up": {"texture": "#material", "uv": [0, 0.0, 2, 8.0], "rotation": 90}, "down": {"texture": "#material", "uv": [0, 0.0, 2, 8.0], "rotation": 90}}}, {"name": "1", "from": [3.76, 7.5729, 1.98], "to": [11.76, 13.0729, 3.98], "rotationOrigin": [3.7639, 10.3229, 8.0], "rotationZ": 41.0, "faces": {"north": {"texture": "#material", "uv": [0.0, 0.0, 5.5, 8.0], "rotation": 90}, "east": {"texture": "#material", "uv": [2, 0.0, 4, 5.5]}, "south": {"texture": "#material", "uv": [0.0, 0.0, 5.5, 8.0], "rotation": 90}, "west": {"texture": "#material", "uv": [2, 0.0, 4, 5.5]}, "up": {"texture": "#material", "uv": [2, 0.0, 4, 8.0], "rotation": 90}, "down": {"texture": "#material", "uv": [2, 0.0, 4, 8.0], "rotation": 90}}}, {"name": "2", "from": [3.76, 7.5729, 3.98], "to": [11.76, 13.0729, 5.98], "rotationOrigin": [3.7639, 10.3229, 8.0], "rotationZ": 41.0, "faces": {"north": {"texture": "#material", "uv": [0.0, 0.0, 5.5, 8.0], "rotation": 90}, "east": {"texture": "#material", "uv": [4, 0.0, 6, 5.5]}, "south": {"texture": "#material", "uv": [0.0, 0.0, 5.5, 8.0], "rotation": 90}, "west": {"texture": "#material", "uv": [4, 0.0, 6, 5.5]}, "up": {"texture": "#material", "uv": [4, 0.0, 6, 8.0], "rotation": 90}, "down": {"texture": "#material", "uv": [4, 0.0, 6, 8.0], "rotation": 90}}}, {"name": "3", "from": [3.76, 7.5729, 5.98], "to": [11.76, 13.0729, 7.98], "rotationOrigin": [3.7639, 10.3229, 8.0], "rotationZ": 41.0, "faces": {"north": {"texture": "#material", "uv": [0.0, 0.0, 5.5, 8.0], "rotation": 90}, "east": {"texture": "#material", "uv": [6, 0.0, 8, 5.5]}, "south": {"texture": "#material", "uv": [0.0, 0.0, 5.5, 8.0], "rotation": 90}, "west": {"texture": "#material", "uv": [6, 0.0, 8, 5.5]}, "up": {"texture": "#material", "uv": [6, 0.0, 8, 8.0], "rotation": 90}, "down": {"texture": "#material", "uv": [6, 0.0, 8, 8.0], "rotation": 90}}}, {"name": "4", "from": [3.76, 7.5729, 7.98], "to": [11.76, 13.0729, 9.98], "rotationOrigin": [3.7639, 10.3229, 8.0], "rotationZ": 41.0, "faces": {"north": {"texture": "#material", "uv": [0.0, 0.0, 5.5, 8.0], "rotation": 90}, "east": {"texture": "#material", "uv": [8, 0.0, 10, 5.5]}, "south": {"texture": "#material", "uv": [0.0, 0.0, 5.5, 8.0], "rotation": 90}, "west": {"texture": "#material", "uv": [8, 0.0, 10, 5.5]}, "up": {"texture": "#material", "uv": [8, 0.0, 10, 8.0], "rotation": 90}, "down": {"texture": "#material", "uv": [8, 0.0, 10, 8.0], "rotation": 90}}}, {"name": "5", "from": [3.76, 7.5729, 9.98], "to": [11.76, 13.0729, 11.98], "rotationOrigin": [3.7639, 10.3229, 8.0], "rotationZ": 41.0, "faces": {"north": {"texture": "#material", "uv": [0.0, 0.0, 5.5, 8.0], "rotation": 90}, "east": {"texture": "#material", "uv": [10, 0.0, 12, 5.5]}, "south": {"texture": "#material", "uv": [0.0, 0.0, 5.5, 8.0], "rotation": 90}, "west": {"texture": "#material", "uv": [10, 0.0, 12, 5.5]}, "up": {"texture": "#material", "uv": [10, 0.0, 12, 8.0], "rotation": 90}, "down": {"texture": "#material", "uv": [10, 0.0, 12, 8.0], "rotation": 90}}}, {"name": "6", "from": [3.76, 7.5729, 11.98], "to": [11.76, 13.0729, 13.98], "rotationOrigin": [3.7639, 10.3229, 8.0], "rotationZ": 41.0, "faces": {"north": {"texture": "#material", "uv": [0.0, 0.0, 5.5, 8.0], "rotation": 90}, "east": {"texture": "#material", "uv": [12, 0.0, 14, 5.5]}, "south": {"texture": "#material", "uv": [0.0, 0.0, 5.5, 8.0], "rotation": 90}, "west": {"texture": "#material", "uv": [12, 0.0, 14, 5.5]}, "up": {"texture": "#material", "uv": [12, 0.0, 14, 8.0], "rotation": 90}, "down": {"texture": "#material", "uv": [12, 0.0, 14, 8.0], "rotation": 90}}}, {"name": "7", "from": [3.76, 7.5729, 13.98], "to": [11.76, 13.0729, 16.01], "rotationOrigin": [3.7639, 10.3229, 8.0], "rotationZ": 41.0, "faces": {"north": {"texture": "#material", "uv": [0.0, 0.0, 5.5, 8.0], "rotation": 90}, "east": {"texture": "#material", "uv": [14, 0.0, 16, 5.5]}, "south": {"texture": "#material", "uv": [0.0, 0.0, 5.5, 8.0], "rotation": 90}, "west": {"texture": "#material", "uv": [14, 0.0, 16, 5.5]}, "up": {"texture": "#material", "uv": [14, 0.0, 16, 8.0], "rotation": 90}, "down": {"texture": "#material", "uv": [14, 0.0, 16, 8.0], "rotation": 90}}}]}, {"name": "1", "from": [0.0, 0.0, 0.0], "to": [0.0, 0.0, 0.0], "faces": {}, "children": [{"name": "0", "from": [-4.2361, 7.5729, -0.02], "to": [3.7639, 13.0729, 1.98], "rotationOrigin": [3.7639, 10.3229, 8.0], "rotationZ": 41.0, "faces": {"north": {"texture": "#material", "uv": [0.0, 8.0, 5.5, 16.0], "rotation": 90}, "east": {"texture": "#material", "uv": [0, 0.0, 2, 5.5]}, "south": {"texture": "#material", "uv": [0.0, 8.0, 5.5, 16.0], "rotation": 90}, "west": {"texture": "#material", "uv": [0, 0.0, 2, 5.5]}, "up": {"texture": "#material", "uv": [0, 8.0, 2, 16.0], "rotation": 90}, "down": {"texture": "#material", "uv": [0, 8.0, 2, 16.0], "rotation": 90}}}, {"name": "1", "from": [-4.2361, 7.5729, 1.98], "to": [3.7639, 13.0729, 3.98], "rotationOrigin": [3.7639, 10.3229, 8.0], "rotationZ": 41.0, "faces": {"north": {"texture": "#material", "uv": [0.0, 8.0, 5.5, 16.0], "rotation": 90}, "east": {"texture": "#material", "uv": [2, 0.0, 4, 5.5]}, "south": {"texture": "#material", "uv": [0.0, 8.0, 5.5, 16.0], "rotation": 90}, "west": {"texture": "#material", "uv": [2, 0.0, 4, 5.5]}, "up": {"texture": "#material", "uv": [2, 8.0, 4, 16.0], "rotation": 90}, "down": {"texture": "#material", "uv": [2, 8.0, 4, 16.0], "rotation": 90}}}, {"name": "2", "from": [-4.2361, 7.5729, 3.98], "to": [3.7639, 13.0729, 5.98], "rotationOrigin": [3.7639, 10.3229, 8.0], "rotationZ": 41.0, "faces": {"north": {"texture": "#material", "uv": [0.0, 8.0, 5.5, 16.0], "rotation": 90}, "east": {"texture": "#material", "uv": [4, 0.0, 6, 5.5]}, "south": {"texture": "#material", "uv": [0.0, 8.0, 5.5, 16.0], "rotation": 90}, "west": {"texture": "#material", "uv": [4, 0.0, 6, 5.5]}, "up": {"texture": "#material", "uv": [4, 8.0, 6, 16.0], "rotation": 90}, "down": {"texture": "#material", "uv": [4, 8.0, 6, 16.0], "rotation": 90}}}, {"name": "3", "from": [-4.2361, 7.5729, 5.98], "to": [3.7639, 13.0729, 7.98], "rotationOrigin": [3.7639, 10.3229, 8.0], "rotationZ": 41.0, "faces": {"north": {"texture": "#material", "uv": [0.0, 8.0, 5.5, 16.0], "rotation": 90}, "east": {"texture": "#material", "uv": [6, 0.0, 8, 5.5]}, "south": {"texture": "#material", "uv": [0.0, 8.0, 5.5, 16.0], "rotation": 90}, "west": {"texture": "#material", "uv": [6, 0.0, 8, 5.5]}, "up": {"texture": "#material", "uv": [6, 8.0, 8, 16.0], "rotation": 90}, "down": {"texture": "#material", "uv": [6, 8.0, 8, 16.0], "rotation": 90}}}, {"name": "4", "from": [-4.2361, 7.5729, 7.98], "to": [3.7639, 13.0729, 9.98], "rotationOrigin": [3.7639, 10.3229, 8.0], "rotationZ": 41.0, "faces": {"north": {"texture": "#material", "uv": [0.0, 8.0, 5.5, 16.0], "rotation": 90}, "east": {"texture": "#material", "uv": [8, 0.0, 10, 5.5]}, "south": {"texture": "#material", "uv": [0.0, 8.0, 5.5, 16.0], "rotation": 90}, "west": {"texture": "#material", "uv": [8, 0.0, 10, 5.5]}, "up": {"texture": "#material", "uv": [8, 8.0, 10, 16.0], "rotation": 90}, "down": {"texture": "#material", "uv": [8, 8.0, 10, 16.0], "rotation": 90}}}, {"name": "5", "from": [-4.2361, 7.5729, 9.98], "to": [3.7639, 13.0729, 11.98], "rotationOrigin": [3.7639, 10.3229, 8.0], "rotationZ": 41.0, "faces": {"north": {"texture": "#material", "uv": [0.0, 8.0, 5.5, 16.0], "rotation": 90}, "east": {"texture": "#material", "uv": [10, 0.0, 12, 5.5]}, "south": {"texture": "#material", "uv": [0.0, 8.0, 5.5, 16.0], "rotation": 90}, "west": {"texture": "#material", "uv": [10, 0.0, 12, 5.5]}, "up": {"texture": "#material", "uv": [10, 8.0, 12, 16.0], "rotation": 90}, "down": {"texture": "#material", "uv": [10, 8.0, 12, 16.0], "rotation": 90}}}, {"name": "6", "from": [-4.2361, 7.5729, 11.98], "to": [3.7639, 13.0729, 13.98], "rotationOrigin": [3.7639, 10.3229, 8.0], "rotationZ": 41.0, "faces": {"north": {"texture": "#material", "uv": [0.0, 8.0, 5.5, 16.0], "rotation": 90}, "east": {"texture": "#material", "uv": [12, 0.0, 14, 5.5]}, "south": {"texture": "#material", "uv": [0.0, 8.0, 5.5, 16.0], "rotation": 90}, "west": {"texture": "#material", "uv": [12, 0.0, 14, 5.5]}, "up": {"texture": "#material", "uv": [12, 8.0, 14, 16.0], "rotation": 90}, "down": {"texture": "#material", "uv": [12, 8.0, 14, 16.0], "rotation": 90}}}, {"name": "7", "from": [-4.2361, 7.5729, 13.98], "to": [3.7639, 13.0729, 16.01], "rotationOrigin": [3.7639, 10.3229, 8.0], "rotationZ": 41.0, "faces": {"north": {"texture": "#material", "uv": [0.0, 8.0, 5.5, 16.0], "rotation": 90}, "east": {"texture": "#material", "uv": [14, 0.0, 16, 5.5]}, "south": {"texture": "#material", "uv": [0.0, 8.0, 5.5, 16.0], "rotation": 90}, "west": {"texture": "#material", "uv": [14, 0.0, 16, 5.5]}, "up": {"texture": "#material", "uv": [14, 8.0, 16, 16.0], "rotation": 90}, "down": {"texture": "#material", "uv": [14, 8.0, 16, 16.0], "rotation": 90}}}]}, {"name": "2", "from": [0.0, 0.0, 0.0], "to": [0.0, 0.0, 0.0], "faces": {}, "children": [{"name": "0", "from": [-0.24, -0.1771, -0.04], "to": [7.76, 4.8229, 1.96], "rotationOrigin": [-0.2361, 2.3229, 8.0], "rotationZ": 41.0, "faces": {"north": {"texture": "#material", "uv": [0.0, 0.0, 5.0, 8.0], "rotation": 90}, "east": {"texture": "#material", "uv": [0, 0.0, 2, 5.0]}, "south": {"texture": "#material", "uv": [0.0, 0.0, 5.0, 8.0], "rotation": 90}, "west": {"texture": "#material", "uv": [0, 0.0, 2, 5.0]}, "up": {"texture": "#material", "uv": [0, 0.0, 2, 8.0], "rotation": 90}, "down": {"texture": "#material", "uv": [0, 0.0, 2, 8.0], "rotation": 90}}}, {"name": "1", "from": [-0.24, -0.1771, 1.96], "to": [7.76, 4.8229, 3.96], "rotationOrigin": [-0.2361, 2.3229, 8.0], "rotationZ": 41.0, "faces": {"north": {"texture": "#material", "uv": [0.0, 0.0, 5.0, 8.0], "rotation": 90}, "east": {"texture": "#material", "uv": [2, 0.0, 4, 5.0]}, "south": {"texture": "#material", "uv": [0.0, 0.0, 5.0, 8.0], "rotation": 90}, "west": {"texture": "#material", "uv": [2, 0.0, 4, 5.0]}, "up": {"texture": "#material", "uv": [2, 0.0, 4, 8.0], "rotation": 90}, "down": {"texture": "#material", "uv": [2, 0.0, 4, 8.0], "rotation": 90}}}, {"name": "2", "from": [-0.24, -0.1771, 3.96], "to": [7.76, 4.8229, 5.96], "rotationOrigin": [-0.2361, 2.3229, 8.0], "rotationZ": 41.0, "faces": {"north": {"texture": "#material", "uv": [0.0, 0.0, 5.0, 8.0], "rotation": 90}, "east": {"texture": "#material", "uv": [4, 0.0, 6, 5.0]}, "south": {"texture": "#material", "uv": [0.0, 0.0, 5.0, 8.0], "rotation": 90}, "west": {"texture": "#material", "uv": [4, 0.0, 6, 5.0]}, "up": {"texture": "#material", "uv": [4, 0.0, 6, 8.0], "rotation": 90}, "down": {"texture": "#material", "uv": [4, 0.0, 6, 8.0], "rotation": 90}}}, {"name": "3", "from": [-0.24, -0.1771, 5.96], "to": [7.76, 4.8229, 7.96], "rotationOrigin": [-0.2361, 2.3229, 8.0], "rotationZ": 41.0, "faces": {"north": {"texture": "#material", "uv": [0.0, 0.0, 5.0, 8.0], "rotation": 90}, "east": {"texture": "#material", "uv": [6, 0.0, 8, 5.0]}, "south": {"texture": "#material", "uv": [0.0, 0.0, 5.0, 8.0], "rotation": 90}, "west": {"texture": "#material", "uv": [6, 0.0, 8, 5.0]}, "up": {"texture": "#material", "uv": [6, 0.0, 8, 8.0], "rotation": 90}, "down": {"texture": "#material", "uv": [6, 0.0, 8, 8.0], "rotation": 90}}}, {"name": "4", "from": [-0.24, -0.1771, 7.96], "to": [7.76, 4.8229, 9.96], "rotationOrigin": [-0.2361, 2.3229, 8.0], "rotationZ": 41.0, "faces": {"north": {"texture": "#material", "uv": [0.0, 0.0, 5.0, 8.0], "rotation": 90}, "east": {"texture": "#material", "uv": [8, 0.0, 10, 5.0]}, "south": {"texture": "#material", "uv": [0.0, 0.0, 5.0, 8.0], "rotation": 90}, "west": {"texture": "#material", "uv": [8, 0.0, 10, 5.0]}, "up": {"texture": "#material", "uv": [8, 0.0, 10, 8.0], "rotation": 90}, "down": {"texture": "#material", "uv": [8, 0.0, 10, 8.0], "rotation": 90}}}, {"name": "5", "from": [-0.24, -0.1771, 9.96], "to": [7.76, 4.8229, 11.96], "rotationOrigin": [-0.2361, 2.3229, 8.0], "rotationZ": 41.0, "faces": {"north": {"texture": "#material", "uv": [0.0, 0.0, 5.0, 8.0], "rotation": 90}, "east": {"texture": "#material", "uv": [10, 0.0, 12, 5.0]}, "south": {"texture": "#material", "uv": [0.0, 0.0, 5.0, 8.0], "rotation": 90}, "west": {"texture": "#material", "uv": [10, 0.0, 12, 5.0]}, "up": {"texture": "#material", "uv": [10, 0.0, 12, 8.0], "rotation": 90}, "down": {"texture": "#material", "uv": [10, 0.0, 12, 8.0], "rotation": 90}}}, {"name": "6", "from": [-0.24, -0.1771, 11.96], "to": [7.76, 4.8229, 13.96], "rotationOrigin": [-0.2361, 2.3229, 8.0], "rotationZ": 41.0, "faces": {"north": {"texture": "#material", "uv": [0.0, 0.0, 5.0, 8.0], "rotation": 90}, "east": {"texture": "#material", "uv": [12, 0.0, 14, 5.0]}, "south": {"texture": "#material", "uv": [0.0, 0.0, 5.0, 8.0], "rotation": 90}, "west": {"texture": "#material", "uv": [12, 0.0, 14, 5.0]}, "up": {"texture": "#material", "uv": [12, 0.0, 14, 8.0], "rotation": 90}, "down": {"texture": "#material", "uv": [12, 0.0, 14, 8.0], "rotation": 90}}}, {"name": "7", "from": [-0.24, -0.1771, 13.96], "to": [7.76, 4.8229, 16.02], "rotationOrigin": [-0.2361, 2.3229, 8.0], "rotationZ": 41.0, "faces": {"north": {"texture": "#material", "uv": [0.0, 0.0, 5.0, 8.0], "rotation": 90}, "east": {"texture": "#material", "uv": [14, 0.0, 16, 5.0]}, "south": {"texture": "#material", "uv": [0.0, 0.0, 5.0, 8.0], "rotation": 90}, "west": {"texture": "#material", "uv": [14, 0.0, 16, 5.0]}, "up": {"texture": "#material", "uv": [14, 0.0, 16, 8.0], "rotation": 90}, "down": {"texture": "#material", "uv": [14, 0.0, 16, 8.0], "rotation": 90}}}]}, {"name": "3", "from": [0.0, 0.0, 0.0], "to": [0.0, 0.0, 0.0], "faces": {}, "children": [{"name": "0", "from": [-8.2361, -0.1771, -0.04], "to": [-0.2361, 4.8229, 1.96], "rotationOrigin": [-0.2361, 2.3229, 8.0], "rotationZ": 41.0, "faces": {"north": {"texture": "#material", "uv": [0.0, 8.0, 5.0, 16.0], "rotation": 90}, "east": {"texture": "#material", "uv": [0, 0.0, 2, 5.0]}, "south": {"texture": "#material", "uv": [0.0, 8.0, 5.0, 16.0], "rotation": 90}, "west": {"texture": "#material", "uv": [0, 0.0, 2, 5.0]}, "up": {"texture": "#material", "uv": [0, 8.0, 2, 16.0], "rotation": 90}, "down": {"texture": "#material", "uv": [0, 8.0, 2, 16.0], "rotation": 90}}}, {"name": "1", "from": [-8.2361, -0.1771, 1.96], "to": [-0.2361, 4.8229, 3.96], "rotationOrigin": [-0.2361, 2.3229, 8.0], "rotationZ": 41.0, "faces": {"north": {"texture": "#material", "uv": [0.0, 8.0, 5.0, 16.0], "rotation": 90}, "east": {"texture": "#material", "uv": [2, 0.0, 4, 5.0]}, "south": {"texture": "#material", "uv": [0.0, 8.0, 5.0, 16.0], "rotation": 90}, "west": {"texture": "#material", "uv": [2, 0.0, 4, 5.0]}, "up": {"texture": "#material", "uv": [2, 8.0, 4, 16.0], "rotation": 90}, "down": {"texture": "#material", "uv": [2, 8.0, 4, 16.0], "rotation": 90}}}, {"name": "2", "from": [-8.2361, -0.1771, 3.96], "to": [-0.2361, 4.8229, 5.96], "rotationOrigin": [-0.2361, 2.3229, 8.0], "rotationZ": 41.0, "faces": {"north": {"texture": "#material", "uv": [0.0, 8.0, 5.0, 16.0], "rotation": 90}, "east": {"texture": "#material", "uv": [4, 0.0, 6, 5.0]}, "south": {"texture": "#material", "uv": [0.0, 8.0, 5.0, 16.0], "rotation": 90}, "west": {"texture": "#material", "uv": [4, 0.0, 6, 5.0]}, "up": {"texture": "#material", "uv": [4, 8.0, 6, 16.0], "rotation": 90}, "down": {"texture": "#material", "uv": [4, 8.0, 6, 16.0], "rotation": 90}}}, {"name": "3", "from": [-8.2361, -0.1771, 5.96], "to": [-0.2361, 4.8229, 7.96], "rotationOrigin": [-0.2361, 2.3229, 8.0], "rotationZ": 41.0, "faces": {"north": {"texture": "#material", "uv": [0.0, 8.0, 5.0, 16.0], "rotation": 90}, "east": {"texture": "#material", "uv": [6, 0.0, 8, 5.0]}, "south": {"texture": "#material", "uv": [0.0, 8.0, 5.0, 16.0], "rotation": 90}, "west": {"texture": "#material", "uv": [6, 0.0, 8, 5.0]}, "up": {"texture": "#material", "uv": [6, 8.0, 8, 16.0], "rotation": 90}, "down": {"texture": "#material", "uv": [6, 8.0, 8, 16.0], "rotation": 90}}}, {"name": "4", "from": [-8.2361, -0.1771, 7.96], "to": [-0.2361, 4.8229, 9.96], "rotationOrigin": [-0.2361, 2.3229, 8.0], "rotationZ": 41.0, "faces": {"north": {"texture": "#material", "uv": [0.0, 8.0, 5.0, 16.0], "rotation": 90}, "east": {"texture": "#material", "uv": [8, 0.0, 10, 5.0]}, "south": {"texture": "#material", "uv": [0.0, 8.0, 5.0, 16.0], "rotation": 90}, "west": {"texture": "#material", "uv": [8, 0.0, 10, 5.0]}, "up": {"texture": "#material", "uv": [8, 8.0, 10, 16.0], "rotation": 90}, "down": {"texture": "#material", "uv": [8, 8.0, 10, 16.0], "rotation": 90}}}, {"name": "5", "from": [-8.2361, -0.1771, 9.96], "to": [-0.2361, 4.8229, 11.96], "rotationOrigin": [-0.2361, 2.3229, 8.0], "rotationZ": 41.0, "faces": {"north": {"texture": "#material", "uv": [0.0, 8.0, 5.0, 16.0], "rotation": 90}, "east": {"texture": "#material", "uv": [10, 0.0, 12, 5.0]}, "south": {"texture": "#material", "uv": [0.0, 8.0, 5.0, 16.0], "rotation": 90}, "west": {"texture": "#material", "uv": [10, 0.0, 12, 5.0]}, "up": {"texture": "#material", "uv": [10, 8.0, 12, 16.0], "rotation": 90}, "down": {"texture": "#material", "uv": [10, 8.0, 12, 16.0], "rotation": 90}}}, {"name": "6", "from": [-8.2361, -0.1771, 11.96], "to": [-0.2361, 4.8229, 13.96], "rotationOrigin": [-0.2361, 2.3229, 8.0], "rotationZ": 41.0, "faces": {"north": {"texture": "#material", "uv": [0.0, 8.0, 5.0, 16.0], "rotation": 90}, "east": {"texture": "#material", "uv": [12, 0.0, 14, 5.0]}, "south": {"texture": "#material", "uv": [0.0, 8.0, 5.0, 16.0], "rotation": 90}, "west": {"texture": "#material", "uv": [12, 0.0, 14, 5.0]}, "up": {"texture": "#material", "uv": [12, 8.0, 14, 16.0], "rotation": 90}, "down": {"texture": "#material", "uv": [12, 8.0, 14, 16.0], "rotation": 90}}}, {"name": "7", "from": [-8.2361, -0.1771, 13.96], "to": [-0.2361, 4.8229, 16.02], "rotationOrigin": [-0.2361, 2.3229, 8.0], "rotationZ": 41.0, "faces": {"north": {"texture": "#material", "uv": [0.0, 8.0, 5.0, 16.0], "rotation": 90}, "east": {"texture": "#material", "uv": [14, 0.0, 16, 5.0]}, "south": {"texture": "#material", "uv": [0.0, 8.0, 5.0, 16.0], "rotation": 90}, "west": {"texture": "#material", "uv": [14, 0.0, 16, 5.0]}, "up": {"texture": "#material", "uv": [14, 8.0, 16, 16.0], "rotation": 90}, "down": {"texture": "#material", "uv": [14, 8.0, 16, 16.0], "rotation": 90}}}]}]}]}]}