{
	"editor": {
		"allAngles": false,
		"entityTextureMode": false
	},
	"textureWidth": 128,
	"textureHeight": 128,
	"textureSizes": {
		"blackguardhelmet": [128,128]
	},
	"textures": {
		"blackguardhelmet": "game:entity/humanoid/serapharmor/blackguard/blackguard-pristine",
		"seraph": "transparent"
	},
	"elements": [
		{
			"name": "Helmet",
			"stepParentName": "Head",
			"from": [ 0.25, -0.25, -0.25 ],
			"to": [ 6.25, 5.25, 5.25 ],
			"faces": {
				"north": { "texture": "#blackguardhelmet", "uv": [ 0.0, 12.0, 11.0, 22.0 ], "autoUv": false },
				"east": { "texture": "#blackguardhelmet", "uv": [ 34.0, 12.0, 44.0, 22.0 ], "autoUv": false },
				"south": { "texture": "#blackguardhelmet", "uv": [ 23.0, 12.0, 34.0, 22.0 ], "autoUv": false },
				"up": { "texture": "#blackguardhelmet", "uv": [ 12.0, 0.0, 22.0, 11.0 ], "rotation": 90, "autoUv": false },
				"down": { "texture": "#blackguardhelmet", "uv": [ 1.0, 1.0, 11.0, 12.0 ], "rotation": 90, "autoUv": false }
			},
			"children": [
				{
					"name": "Visor",
					"from": [ 0.0, -0.01, 0.0 ],
					"to": [ 3.89, 0.54, 3.89 ],
					"rotationOrigin": [ 0.0, 0.0, 0.0 ],
					"rotationY": -45.0,
					"faces": {
						"south": { "texture": "#blackguardhelmet", "uv": [ 5.0, 20.0, 11.0, 21.0 ], "autoUv": false },
						"west": { "texture": "#blackguardhelmet", "uv": [ 23.0, 20.0, 29.0, 21.0 ], "autoUv": false },
						"down": { "texture": "#blackguardhelmet", "uv": [ 61.0, 4.0, 67.0, 10.0 ], "rotation": 270, "autoUv": false }
					}
				},
				{
					"name": "HingeNorth",
					"from": [ 2.5, 1.75, -0.5 ],
					"to": [ 4.0, 3.25, 0.0 ],
					"rotationOrigin": [ 2.5, 1.75, 0.0 ],
					"rotationZ": 45.0,
					"faces": {
						"north": { "texture": "#blackguardhelmet", "uv": [ 95.0, 111.0, 98.0, 114.0 ], "autoUv": false },
						"east": { "texture": "#blackguardhelmet", "uv": [ 87.0, 122.0, 90.0, 123.0 ], "rotation": 90, "autoUv": false },
						"west": { "texture": "#blackguardhelmet", "uv": [ 92.0, 123.0, 95.0, 124.0 ], "rotation": 90, "autoUv": false, "windMode": [-1,-1,-1,-1] },
						"up": { "texture": "#blackguardhelmet", "uv": [ 91.0, 122.0, 94.0, 123.0 ], "autoUv": false },
						"down": { "texture": "#blackguardhelmet", "uv": [ 97.0, 122.0, 100.0, 123.0 ], "autoUv": false }
					}
				},
				{
					"name": "HingeSouth",
					"from": [ 2.5, 1.75, 5.5 ],
					"to": [ 4.0, 3.25, 6.0 ],
					"rotationOrigin": [ 2.5, 1.75, 5.5 ],
					"rotationZ": 45.0,
					"faces": {
						"east": { "texture": "#blackguardhelmet", "uv": [ 90.0, 112.0, 91.0, 115.0 ], "autoUv": false },
						"south": { "texture": "#blackguardhelmet", "uv": [ 89.0, 114.0, 92.0, 117.0 ], "autoUv": false },
						"west": { "texture": "#blackguardhelmet", "uv": [ 90.0, 113.0, 91.0, 116.0 ], "autoUv": false },
						"up": { "texture": "#blackguardhelmet", "uv": [ 98.0, 112.0, 101.0, 113.0 ], "autoUv": false },
						"down": { "texture": "#blackguardhelmet", "uv": [ 90.0, 113.0, 93.0, 114.0 ], "autoUv": false }
					}
				},
				{
					"name": "ManeEast",
					"from": [ 6.0, 0.5, 2.25 ],
					"to": [ 6.5, 6.0, 3.25 ],
					"rotationOrigin": [ 6.0, 0.5, 2.25 ],
					"faces": {
						"north": { "texture": "#blackguardhelmet", "uv": [ 96.0, 111.0, 97.0, 122.0 ], "autoUv": false },
						"east": { "texture": "#blackguardhelmet", "uv": [ 94.0, 111.0, 96.0, 122.0 ], "autoUv": false },
						"south": { "texture": "#blackguardhelmet", "uv": [ 92.0, 111.0, 93.0, 122.0 ], "autoUv": false },
						"up": { "texture": "#blackguardhelmet", "uv": [ 90.0, 112.0, 91.0, 114.0 ], "autoUv": false },
						"down": { "texture": "#blackguardhelmet", "uv": [ 88.0, 117.0, 89.0, 119.0 ], "autoUv": false }
					}
				},
				{
					"name": "ManeUp",
					"from": [ 0.5, 5.5, 2.25 ],
					"to": [ 6.0, 6.0, 3.25 ],
					"rotationOrigin": [ 6.0, 5.5, 2.25 ],
					"faces": {
						"north": { "texture": "#blackguardhelmet", "uv": [ 90.0, 111.0, 91.0, 122.0 ], "rotation": 90, "autoUv": false },
						"south": { "texture": "#blackguardhelmet", "uv": [ 100.0, 111.0, 101.0, 122.0 ], "rotation": 270, "autoUv": false },
						"up": { "texture": "#blackguardhelmet", "uv": [ 90.0, 111.0, 92.0, 122.0 ], "rotation": 270, "autoUv": false }
					},
					"children": [
						{
							"name": "ManeTip",
							"from": [ 0.0, -0.01, 0.0 ],
							"to": [ 0.71, 0.49, 0.71 ],
							"rotationOrigin": [ 0.0, 0.0, 0.0 ],
							"rotationY": -45.0,
							"faces": {
								"south": { "texture": "#blackguardhelmet", "uv": [ 90.0, 111.0, 91.0, 112.0 ], "autoUv": false },
								"west": { "texture": "#blackguardhelmet", "uv": [ 90.0, 113.0, 91.0, 114.0 ], "autoUv": false },
								"up": { "texture": "#blackguardhelmet", "uv": [ 90.0, 111.0, 91.0, 112.0 ] }
							}
						}
					]
				},
				{
					"name": "Visor2",
					"from": [ 0.0, 2.74, 0.0 ],
					"to": [ 3.89, 5.49, 3.89 ],
					"rotationOrigin": [ 0.0, 3.0, 0.0 ],
					"rotationY": -45.0,
					"faces": {
						"south": { "texture": "#blackguardhelmet", "uv": [ 55.0, 2.0, 61.0, 7.0 ], "autoUv": false },
						"west": { "texture": "#blackguardhelmet", "uv": [ 51.0, 2.0, 57.0, 7.0 ], "autoUv": false },
						"up": { "texture": "#blackguardhelmet", "uv": [ 45.0, 4.0, 51.0, 10.0 ], "rotation": 90, "autoUv": false }
					}
				},
				{
					"name": "Visor3",
					"from": [ 0.0, 0.54, 0.0 ],
					"to": [ 3.89, 2.74, 3.89 ],
					"rotationOrigin": [ 0.0, 0.0, 0.0 ],
					"rotationY": -45.0,
					"faces": {
						"south": { "texture": "#blackguardhelmet", "uv": [ 55.0, 8.0, 61.0, 12.0 ], "autoUv": false },
						"west": { "texture": "#blackguardhelmet", "uv": [ 51.0, 8.0, 57.0, 12.0 ], "autoUv": false }
					}
				}
			]
		}
	]}
