{
	"editor": {
		"allAngles": false,
		"entityTextureMode": false
	},
	"textureWidth": 128,
	"textureHeight": 128,
	"textureSizes": {
		"blackguardlegs": [128,128]
	},
	"textures": {
		"blackguardlegs": "game:entity/humanoid/serapharmor/blackguard/blackguard-pristine",
		"seraph": "transparent"
	},
	"elements": [
		{
			"name": "ThighR",
			"stepParentName": "UpperFootR",
			"from": [ -0.5, -0.9, -0.1 ],
			"to": [ 4.5, 7.1, 3.4 ],
			"rotationOrigin": [ 0.0, -1.0, 0.0 ],
			"faces": {
				"north": { "texture": "#blackguardlegs", "uv": [ 20.0, 95.0, 30.0, 111.0 ], "autoUv": false },
				"east": { "texture": "#blackguardlegs", "uv": [ 14.0, 95.0, 21.0, 111.0 ], "autoUv": false },
				"south": { "texture": "#blackguardlegs", "uv": [ 21.0, 95.0, 31.0, 111.0 ], "autoUv": false },
				"west": { "texture": "#blackguardlegs", "uv": [ 14.0, 95.0, 21.0, 111.0 ], "autoUv": false },
				"down": { "texture": "#blackguardlegs", "uv": [ 117.0, 35.0, 127.0, 42.0 ], "autoUv": false }
			},
			"children": [
				{
					"name": "Cube3",
					"from": [ 0.0, 8.0, 0.0 ],
					"to": [ 5.0, 10.0, 3.5 ],
					"rotationOrigin": [ 0.0, 8.0, 0.0 ],
					"faces": {
						"north": { "texture": "#blackguardlegs", "uv": [ 0.0, 73.0, 10.0, 77.0 ], "autoUv": false },
						"east": { "texture": "#blackguardlegs", "uv": [ 7.0, 73.0, 14.0, 77.0 ], "autoUv": false },
						"south": { "texture": "#blackguardlegs", "uv": [ 15.0, 73.0, 25.0, 77.0 ], "autoUv": false },
						"west": { "texture": "#blackguardlegs", "uv": [ 26.0, 73.0, 33.0, 77.0 ], "autoUv": false },
						"up": { "texture": "#blackguardlegs", "uv": [ 54.0, 73.0, 64.0, 80.0 ], "autoUv": false }
					}
				}
			]
		},
		{
			"name": "BootR",
			"stepParentName": "LowerFootR",
			"from": [ -0.25, -0.25, -0.25 ],
			"to": [ 4.25, 7.75, 3.25 ],
			"faces": {
				"north": { "texture": "#blackguardlegs", "uv": [ 16.0, 96.0, 25.0, 112.0 ], "autoUv": false },
				"east": { "texture": "#blackguardlegs", "uv": [ 41.0, 96.0, 48.0, 112.0 ], "autoUv": false },
				"south": { "texture": "#blackguardlegs", "uv": [ 16.0, 96.0, 25.0, 112.0 ], "autoUv": false },
				"west": { "texture": "#blackguardlegs", "uv": [ 7.0, 96.0, 14.0, 112.0 ], "autoUv": false },
				"up": { "texture": "#blackguardlegs", "uv": [ 16.0, 66.0, 25.0, 73.0 ], "autoUv": false },
				"down": { "texture": "#blackguardlegs", "uv": [ 16.0, 88.0, 25.0, 95.0 ], "autoUv": false }
			},
			"children": [
				{
					"name": "KneeR",
					"from": [ -0.5, 5.5, 0.0 ],
					"to": [ 0.0, 9.0, 3.5 ],
					"rotationOrigin": [ 0.0, 7.5, 1.5 ],
					"faces": {
						"north": { "texture": "#blackguardlegs", "uv": [ 0.0, 28.0, 1.0, 35.0 ], "autoUv": false },
						"east": { "texture": "#blackguardlegs", "uv": [ 104.0, 12.0, 111.0, 19.0 ], "autoUv": false },
						"south": { "texture": "#blackguardlegs", "uv": [ 1.0, 28.0, 2.0, 35.0 ], "autoUv": false },
						"west": { "texture": "#blackguardlegs", "uv": [ 26.0, 31.0, 33.0, 38.0 ], "autoUv": false },
						"up": { "texture": "#blackguardlegs", "uv": [ 0.0, 28.0, 1.0, 35.0 ], "autoUv": false },
						"down": { "texture": "#blackguardlegs", "uv": [ 0.0, 27.5, 1.0, 34.5 ], "autoUv": false }
					}
				}
			]
		},
		{
			"name": "ThighL",
			"stepParentName": "UpperFootL",
			"from": [ -0.5, -0.9, -0.15 ],
			"to": [ 4.5, 7.1, 3.35 ],
			"rotationOrigin": [ 0.0, -1.0, 0.0 ],
			"faces": {
				"north": { "texture": "#blackguardlegs", "uv": [ 21.0, 95.0, 31.0, 111.0 ], "autoUv": false },
				"east": { "texture": "#blackguardlegs", "uv": [ 20.0, 95.0, 27.0, 111.0 ], "autoUv": false },
				"south": { "texture": "#blackguardlegs", "uv": [ 11.0, 95.0, 21.0, 111.0 ], "autoUv": false },
				"west": { "texture": "#blackguardlegs", "uv": [ 20.0, 95.0, 27.0, 111.0 ], "autoUv": false },
				"down": { "texture": "#blackguardlegs", "uv": [ 116.5, 35.0, 126.5, 42.0 ], "autoUv": false }
			},
			"children": [
				{
					"name": "Cube2",
					"from": [ 0.0, 8.0, 0.0 ],
					"to": [ 5.0, 10.0, 3.5 ],
					"rotationOrigin": [ 0.0, 8.0, 0.0 ],
					"faces": {
						"north": { "texture": "#blackguardlegs", "uv": [ 0.0, 73.0, 10.0, 77.0 ], "autoUv": false },
						"east": { "texture": "#blackguardlegs", "uv": [ 10.0, 73.0, 17.0, 77.0 ], "autoUv": false },
						"south": { "texture": "#blackguardlegs", "uv": [ 8.0, 73.0, 18.0, 77.0 ], "autoUv": false },
						"west": { "texture": "#blackguardlegs", "uv": [ 25.0, 73.0, 32.0, 77.0 ], "autoUv": false },
						"up": { "texture": "#blackguardlegs", "uv": [ 49.0, 40.0, 54.0, 47.0 ], "autoUv": false }
					}
				}
			]
		},
		{
			"name": "BootL",
			"stepParentName": "LowerFootL",
			"from": [ -0.25, -0.25, -0.25 ],
			"to": [ 4.25, 7.75, 3.25 ],
			"faces": {
				"north": { "texture": "#blackguardlegs", "uv": [ 16.0, 96.0, 25.0, 112.0 ], "autoUv": false },
				"east": { "texture": "#blackguardlegs", "uv": [ 41.0, 96.0, 48.0, 112.0 ], "autoUv": false },
				"south": { "texture": "#blackguardlegs", "uv": [ 16.0, 96.0, 25.0, 112.0 ], "autoUv": false },
				"west": { "texture": "#blackguardlegs", "uv": [ 11.0, 96.0, 18.0, 112.0 ], "autoUv": false },
				"up": { "texture": "#blackguardlegs", "uv": [ 48.0, 66.0, 57.0, 73.0 ], "autoUv": false },
				"down": { "texture": "#blackguardlegs", "uv": [ 48.0, 88.0, 57.0, 95.0 ], "autoUv": false }
			},
			"children": [
				{
					"name": "KneeL",
					"from": [ -0.5, 5.5, 0.0 ],
					"to": [ 0.0, 9.0, 3.5 ],
					"rotationOrigin": [ 0.0, 7.5, 1.5 ],
					"faces": {
						"north": { "texture": "#blackguardlegs", "uv": [ 0.0, 28.0, 1.0, 35.0 ], "autoUv": false },
						"east": { "texture": "#blackguardlegs", "uv": [ 79.0, 12.0, 86.0, 19.0 ], "autoUv": false },
						"south": { "texture": "#blackguardlegs", "uv": [ 0.0, 28.0, 1.0, 35.0 ], "autoUv": false },
						"west": { "texture": "#blackguardlegs", "uv": [ 26.0, 31.0, 33.0, 38.0 ], "autoUv": false },
						"up": { "texture": "#blackguardlegs", "uv": [ 0.0, 28.0, 1.0, 35.0 ], "autoUv": false },
						"down": { "texture": "#blackguardlegs", "uv": [ 0.0, 28.0, 1.0, 35.0 ], "autoUv": false }
					}
				}
			]
		}
	]}
