{
	"code": "fa-hussar-legs",
	"class": "ItemWearable",
	"heldTpIdleAnimation": "holdunderarm",
	"variantgroups": [
		{ "code": "metallegs",  "states": ["iron", "meteoriciron", "steel"]},
		{ "code": "version",  "states": ["heavy", "light"]},
		{ "code": "line",  "states": ["red","green","black","blue","brown","white","purple","pink","orange","yellow","gray","plain","none","bear-black","bear-brown","bear-polar"]}
	],
	"allowedVariants": [ 
		"*"
	],
	"shapeByType": 
	{
		"*heavy-*bear*": { "base": "entity/armor/hussar/heavy/hussar_heavy_bear_legs" },
		"*light-*bear*": { "base": "entity/armor/hussar/light/hussar_light_bear_legs" },
		"*heavy*": { "base": "entity/armor/hussar/heavy/hussar_heavy_legs" },
		"*light*": { "base": "entity/armor/hussar/light/hussar_light_legs" }
	},
	"texturesByType": {
		"fa-hussar-legs-*bear*": { 
			"seraph": { "base": "game:block/transparent" },
			"hussarlegs": { "base": "armor/entity/hussar_{metallegs}" },
			"line": { "base": "game:entity/humanoid/serapharmor/hide/bear/{line}" }
				},
		"fa-hussar-legs-*": { 
			"seraph": { "base": "game:block/transparent" },
			"hussarlegs": { "base": "armor/entity/hussar_{metallegs}" },
			"line": { "base": "block/lines/line{line}" }
				}
	},
	"storageFlags": 128,
	"maxstacksize": 4,
	"attributes": {
		"handbook": { 
			"groupBy":["fa-hussar-legs-{metallegs}-{version}-*"]
		},
		"visibleDamageEffect": true,
		"wearableAttachment": true,
		"clothescategoryByType": {
			"*": "armorlegs"
		},
		"warmthByType": {
			"*-bear-black": 1,
			"*-bear-brown": 1,
			"*-bear-polar": 1.5
		},
		"defaultProtLoss": {
			perTierRelativeProtectionLoss: [0.03, 0.15],
			perTierFlatDamageReductionLoss: [0.1, 0.2],
		},
		"protectionModifiersByType": {
			"*-steel-heavy*": {
				relativeProtection: 0.97,
				flatDamageReduction: 3,
				highDamageTierResistant: true,
				protectionTier: 4
			},
			"*-meteoriciron-heavy*": {
				relativeProtection: 0.965,
				flatDamageReduction: 2.9,
				highDamageTierResistant: true,
				protectionTier: 3
			},
			"*-iron-heavy*": {
				relativeProtection: 0.96,
				flatDamageReduction: 2.8,
				highDamageTierResistant: true,
				protectionTier: 3
			},
			"*-steel-light*": {
				relativeProtection: 0.88,
				flatDamageReduction: 3,
				highDamageTierResistant: true,
				protectionTier: 4
			},
			"*-meteoriciron-light*": {
				relativeProtection: 0.87,
				flatDamageReduction: 2.5,
				highDamageTierResistant: true,
				protectionTier: 3
			},
			"*-iron-light*": {
				relativeProtection: 0.865,
				flatDamageReduction: 2,
				highDamageTierResistant: true,
				protectionTier: 3
			}
		},
		"statModifiersByType": {
			"*heavy-*bear*": {
				rangedWeaponsAcc: -0.10,
				rangedWeaponsSpeed: -0.20,
				walkSpeed: -0.09,
				healingeffectivness: -0.26,
				hungerrate: 0.15
			},			
			"*light-*bear*": {
				rangedWeaponsAcc: -0.07,
				rangedWeaponsSpeed: -0.14,
				walkSpeed: -0.08,
				healingeffectivness: -0.17,
				hungerrate: 0.12
			},
			"*heavy*": {
				rangedWeaponsAcc: -0.10,
				rangedWeaponsSpeed: -0.20,
				walkSpeed: -0.07,
				healingeffectivness: -0.26,
				hungerrate: 0.15
			},			
			"*light*": {
				rangedWeaponsAcc: -0.07,
				rangedWeaponsSpeed: -0.14,
				walkSpeed: -0.06,
				healingeffectivness: -0.17,
				hungerrate: 0.12
			}
		}
	},
	"creativeinventory": { "general": ["*"], "items": ["*"], "forgottenarmoryhussar": ["*"] },
	"renderAlphaTest": 0.25,
	"durabilityByType": {
		"*iron*heavy*": 1900,
		"*meteoric*heavy*": 2500,
		"*steel*heavy*": 5200,
		"*iron*light*": 1600,
		"*meteoric*light*": 1900,
		"*steel*light*": 3100
	},
	"fpHandTransformByType": {
		"*": {
			translation: { x: 0.4, y: -1.2, z: -0.5 },
			rotation: { x: 163, y: -111, z: -180 },
			origin: { x: 0.5, y: 1.6, z: 0.5 },
			scale: 2.15
		},
	},
	"tpHandTransformByType": {
		"*": {
			translation: { x: -0.7, y: -0.6, z: -0.4 },
			rotation: { x: 95, y: -20, z: -91 },
			origin: { x: 0.5, y: 0.7, z: 0.5 },
			scale: 0.74
		}
	},
	"guiTransformByType": {
		"*": {
			translation: { x: 1, y: 0, z: 0 },
			rotation: { x: -26, y: -46, z: -180 },
			origin: { x: 0.5, y: 0.6, z: 0.5 },
			scale: 1.25
		},
	},
	"groundTransformByType": {
		"*": {
			translation: { x: 0, y: 0, z: 0 },
			rotation: { x: 0, y: 0, z: 90 },
			origin: { x: 0.34, y: 1.12, z: 0.5 },
			scale: 3.1
		},
	},
}