{
	"editor": {
		"allAngles": false,
		"entityTextureMode": false
	},
	"textureWidth": 16,
	"textureHeight": 16,
	"textureSizes": {
	},
	"textures": {
		"medkit": "theworkingclasses:item/medkit"
	},
	"elements": [
		{
			"name": "Box",
			"from": [ 3.0, 0.0, 4.0 ],
			"to": [ 13.0, 4.0, 12.0 ],
			"rotationOrigin": [ 3.0, 0.0, 4.0 ],
			"faces": {
				"north": { "texture": "#medkit", "uv": [ 0.0, 8.5, 10.0, 12.5 ] },
				"east": { "texture": "#medkit", "uv": [ 0.0, 8.5, 8.0, 12.5 ] },
				"south": { "texture": "#medkit", "uv": [ 6.0, 8.5, 16.0, 12.5 ] },
				"west": { "texture": "#medkit", "uv": [ 3.0, 8.5, 11.0, 12.5 ] },
				"up": { "texture": "#medkit", "uv": [ 3.0, 0.5, 13.0, 8.5 ] },
				"down": { "texture": "#medkit", "uv": [ 3.0, 0.5, 13.0, 8.5 ] }
			},
			"children": [
				{
					"name": "Hande",
					"from": [ 2.0, 2.0, -2.0 ],
					"to": [ 3.0, 2.0, 0.0 ],
					"rotationOrigin": [ 2.0, 2.0, -2.0 ],
					"faces": {
						"north": { "texture": "#medkit", "uv": [ 15.0, 0.0, 16.0, 0.5 ] },
						"east": { "texture": "#medkit", "uv": [ 6.5, 10.0, 8.5, 10.5 ] },
						"south": { "texture": "#medkit", "uv": [ 15.0, 0.5, 16.0, 1.0 ] },
						"west": { "texture": "#medkit", "uv": [ 9.5, 10.0, 11.5, 10.5 ] },
						"up": { "texture": "#medkit", "uv": [ 14.0, 2.5, 15.0, 4.5 ] },
						"down": { "texture": "#medkit", "uv": [ 14.0, 2.5, 15.0, 4.5 ] }
					}
				},
				{
					"name": "Hande2",
					"from": [ 7.0, 2.0, -2.0 ],
					"to": [ 8.0, 2.0, 0.0 ],
					"rotationOrigin": [ 7.0, 2.0, -2.0 ],
					"faces": {
						"north": { "texture": "#medkit", "uv": [ 14.5, 0.5, 15.5, 1.0 ] },
						"east": { "texture": "#medkit", "uv": [ 4.0, 10.0, 6.0, 10.5 ] },
						"south": { "texture": "#medkit", "uv": [ 15.0, 0.5, 16.0, 1.0 ] },
						"west": { "texture": "#medkit", "uv": [ 3.5, 10.0, 5.5, 10.5 ] },
						"up": { "texture": "#medkit", "uv": [ 14.0, 1.0, 15.0, 3.0 ] },
						"down": { "texture": "#medkit", "uv": [ 14.0, 2.0, 15.0, 4.0 ] }
					}
				},
				{
					"name": "Hande3",
					"from": [ 3.0, 2.0, -2.0 ],
					"to": [ 7.0, 2.0, -1.0 ],
					"rotationOrigin": [ 3.0, 2.0, -2.0 ],
					"faces": {
						"north": { "texture": "#medkit", "uv": [ 4.5, 10.0, 8.5, 10.5 ] },
						"east": { "texture": "#medkit", "uv": [ 14.0, 0.5, 15.0, 1.0 ] },
						"south": { "texture": "#medkit", "uv": [ 3.5, 10.0, 7.5, 10.5 ] },
						"west": { "texture": "#medkit", "uv": [ 14.5, 0.0, 15.5, 0.5 ] },
						"up": { "texture": "#medkit", "uv": [ 8.5, 10.0, 12.5, 11.0 ] },
						"down": { "texture": "#medkit", "uv": [ 2.0, 10.0, 6.0, 11.0 ] }
					}
				}
			]
		}
	]}