[
 {
	ingredients: [
		{inputs: [{ type: "item", code: "game:honeyportion",  quantity: 10 }, {"type": "item","code": "farmcrops:syrup-*","quantity": 10 }, {"type": "item","code": "farmcrops:sugar","quantity": 1 }, { type: "item", code: "expandedfoods:treesyrupportion-*",  quantity: 10 }, { type: "item", code: "expandedfoods:soysauce",  quantity: 10 }, { type: "item", code: "expandedfoods:fishsauce",  quantity: 10 }, { type: "item", code: "expandedfoods:fruitsyrupportion-*",  quantity: 10 }, { type: "item", code: "expandedfoods:peanutliquid-butter",  quantity: 10 }, { type: "item", code: "expandedfoods:peanutliquid-sauce",  quantity: 10 }, { type: "item", code: "expandedfoods:fishsauce",  quantity: 10 },]},
		{inputs: [{ type: "item", code: "farmcrops:breadedfishnugget-*-partbaked", name: "grain"  }]},
	],
	output: { type: "item", code: "farmcrops:breadedfishnugget-{grain}-syruppartbaked", stackSize: 1}
 },
 {
	ingredients: [
		{inputs: [{ type: "item", code: "game:honeyportion",  quantity: 10 }, {"type": "item","code": "farmcrops:syrup-*","quantity": 10 }, {"type": "item","code": "farmcrops:sugar","quantity": 1 },{ type: "item", code: "expandedfoods:treesyrupportion-*",  quantity: 10 }, { type: "item", code: "expandedfoods:soysauce",  quantity: 10 }, { type: "item", code: "expandedfoods:fishsauce",  quantity: 10 }, { type: "item", code: "expandedfoods:fruitsyrupportion-*",  quantity: 10 }, { type: "item", code: "expandedfoods:peanutliquid-butter",  quantity: 10 }, { type: "item", code: "expandedfoods:peanutliquid-sauce",  quantity: 10 }, { type: "item", code: "expandedfoods:fishsauce",  quantity: 10 },]},
		{inputs: [{ type: "item", code: "farmcrops:breadedfishnugget-*-tender", name: "grain" }]},
	],
	output: { type: "item", code: "farmcrops:breadedfishnugget-{grain}-syrup", stackSize: 1}
 },
 {
	ingredients: [
		{inputs: [{ type: "item", code: "game:honeyportion",  quantity: 10 }, {"type": "item","code": "farmcrops:syrup-*","quantity": 10 }, {"type": "item","code": "farmcrops:sugar","quantity": 1 }, { type: "item", code: "expandedfoods:treesyrupportion-*",  quantity: 10 }, { type: "item", code: "expandedfoods:soysauce",  quantity: 10 }, { type: "item", code: "expandedfoods:fishsauce",  quantity: 10 }, { type: "item", code: "expandedfoods:fruitsyrupportion-*",  quantity: 10 }, { type: "item", code: "expandedfoods:peanutliquid-butter",  quantity: 10 }, { type: "item", code: "expandedfoods:peanutliquid-sauce",  quantity: 10 }, { type: "item", code: "expandedfoods:fishsauce",  quantity: 10 },]},
		{inputs: [{ type: "item", code: "farmcrops:breadedfishnugget-*-charred", name: "grain" }]},
	],
	output: { type: "item", code: "farmcrops:breadedfishnugget-{grain}-syrupcharred", stackSize: 1}
 },

 

 
	{
	   ingredients: [
		   {inputs: [{"type": "item","code": "farmcrops:syrup-*","quantity": 10 }, {"type": "item","code": "farmcrops:sugar","quantity": 1 }]},
		   {inputs: [{ type: "item", code: "expandedfoods:breadedmeatnugget-*-bushmeat-partbaked", name: "grain" }]},
	   ],
	   output: { type: "item", code: "expandedfoods:breadedmeatnugget-{grain}-bushmeat-syruppartbaked", stackSize: 1}
	},
	{
	   ingredients: [
		   {inputs: [{"type": "item","code": "farmcrops:syrup-*","quantity": 10 }, {"type": "item","code": "farmcrops:sugar","quantity": 1 }]},
		   {inputs: [{ type: "item", code: "expandedfoods:breadedmeatnugget-*-poultry-partbaked", name: "grain" }]},
	   ],
	   output: { type: "item", code: "expandedfoods:breadedmeatnugget-{grain}-poultry-syruppartbaked", stackSize: 1}
	},
	{
	   ingredients: [
		   {inputs: [{"type": "item","code": "farmcrops:syrup-*","quantity": 10 }, {"type": "item","code": "farmcrops:sugar","quantity": 1 }]},
		   {inputs: [{ type: "item", code: "expandedfoods:breadedmeatnugget-*-redmeat-partbaked", name: "grain" }]},
	   ],
	   output: { type: "item", code: "expandedfoods:breadedmeatnugget-{grain}-redmeat-syruppartbaked", stackSize: 1}
	},
	{
	   ingredients: [
		   {inputs: [{"type": "item","code": "farmcrops:syrup-*","quantity": 10 }, {"type": "item","code": "farmcrops:sugar","quantity": 1 }]},
		   {inputs: [{ type: "item", code: "expandedfoods:breadedmeatnugget-*-bushmeat-tender", name: "grain" }]},
	   ],
	   output: { type: "item", code: "expandedfoods:breadedmeatnugget-{grain}-bushmeat-syrups", stackSize: 1}
	},
	{
	   ingredients: [
		   {inputs: [{"type": "item","code": "farmcrops:syrup-*","quantity": 10 }, {"type": "item","code": "farmcrops:sugar","quantity": 1 }]},
		   {inputs: [{ type: "item", code: "expandedfoods:breadedmeatnugget-*-poultry-tender", name: "grain" }]},
	   ],
	   output: { type: "item", code: "expandedfoods:breadedmeatnugget-{grain}-poultry-syrups", stackSize: 1}
	},
	{
	   ingredients: [
		   {inputs: [{"type": "item","code": "farmcrops:syrup-*","quantity": 10 }, {"type": "item","code": "farmcrops:sugar","quantity": 1 }]},
		   {inputs: [{ type: "item", code: "expandedfoods:breadedmeatnugget-*-redmeat-tender", name: "grain" }]},
	   ],
	   output: { type: "item", code: "expandedfoods:breadedmeatnugget-{grain}-redmeat-syrups", stackSize: 1}
	},
	{
	   ingredients: [
		   {inputs: [{"type": "item","code": "farmcrops:syrup-*","quantity": 10 }, {"type": "item","code": "farmcrops:sugar","quantity": 1 }]},
		   {inputs: [{ type: "item", code: "expandedfoods:breadedmeatnugget-*-bushmeat-charred", name: "grain" }]},
	   ],
	   output: { type: "item", code: "expandedfoods:breadedmeatnugget-{grain}-bushmeat-syrupcharred", stackSize: 1}
	},
	{
	   ingredients: [
		   {inputs: [{"type": "item","code": "farmcrops:syrup-*","quantity": 10 }, {"type": "item","code": "farmcrops:sugar","quantity": 1 }]},
		   {inputs: [{ type: "item", code: "expandedfoods:breadedmeatnugget-*-poultry-charred", name: "grain" }]},
	   ],
	   output: { type: "item", code: "expandedfoods:breadedmeatnugget-{grain}-poultry-syrupcharred", stackSize: 1}
	},
	{
	   ingredients: [
		   {inputs: [{"type": "item","code": "farmcrops:syrup-*","quantity": 10 }, {"type": "item","code": "farmcrops:sugar","quantity": 1 }]},
		   {inputs: [{ type: "item", code: "expandedfoods:breadedmeatnugget-*-redmeat-charred", name: "grain" }]},
	   ],
	   output: { type: "item", code: "expandedfoods:breadedmeatnugget-{grain}-redmeat-syrupcharred", stackSize: 1}
	}
   
   
   

]

