[
 {
	ingredients: [
		{inputs: [{ type: "item", code: "game:honeyportion",  quantity: 10 }, { type: "item", code: "expandedfoods:treesyrupportion-*",  quantity: 10 },{"type": "item","code": "farmcrops:syrup-*","quantity": 10 }, {"type": "item","code": "farmcrops:sugar","quantity": 1 }, { type: "item", code: "expandedfoods:soysauce",  quantity: 10 }, { type: "item", code: "expandedfoods:fruitsyrupportion-*",  quantity: 10 }, { type: "item", code: "expandedfoods:peanutliquid-butter",  quantity: 10 }, { type: "item", code: "expandedfoods:peanutliquid-sauce",  quantity: 10 }, { type: "item", code: "expandedfoods:fishsauce",  quantity: 10 },]},
		{inputs: [{ type: "item", code: "farmcrops:breadedball-*-partbaked", name: "grain" }]},
	],
	output: { type: "item", code: "farmcrops:breadedball-{grain}-syruppartbaked", stackSize: 1}
 },
 {
	ingredients: [
		{inputs: [{ type: "item", code: "game:honeyportion",  quantity: 10 }, { type: "item", code: "expandedfoods:treesyrupportion-*",  quantity: 10 },{"type": "item","code": "farmcrops:syrup-*","quantity": 10 }, {"type": "item","code": "farmcrops:sugar","quantity": 1 }, { type: "item", code: "expandedfoods:soysauce",  quantity: 10 }, { type: "item", code: "expandedfoods:fruitsyrupportion-*",  quantity: 10 }, { type: "item", code: "expandedfoods:peanutliquid-butter",  quantity: 10 }, { type: "item", code: "expandedfoods:peanutliquid-sauce",  quantity: 10 }, { type: "item", code: "expandedfoods:fishsauce",  quantity: 10 },]},
		{inputs: [{ type: "item", code: "farmcrops:breadedball-*-cooked", name: "grain" }]},
	],
	output: { type: "item", code: "farmcrops:breadedball-{grain}-syrup", stackSize: 1}
 },
 {
	ingredients: [
		{inputs: [{ type: "item", code: "game:honeyportion",  quantity: 10 }, { type: "item", code: "expandedfoods:treesyrupportion-*",  quantity: 10 },{"type": "item","code": "farmcrops:syrup-*","quantity": 10 }, {"type": "item","code": "farmcrops:sugar","quantity": 1 }, { type: "item", code: "expandedfoods:soysauce",  quantity: 10 }, { type: "item", code: "expandedfoods:fruitsyrupportion-*",  quantity: 10 }, { type: "item", code: "expandedfoods:peanutliquid-butter",  quantity: 10 }, { type: "item", code: "expandedfoods:peanutliquid-sauce",  quantity: 10 }, { type: "item", code: "expandedfoods:fishsauce",  quantity: 10 },]},
		{inputs: [{ type: "item", code: "farmcrops:breadedball-*-charred", name: "grain" }]},
	],
	output: { type: "item", code: "farmcrops:breadedball-{grain}-syrupcharred", stackSize: 1}
 },


 {
	ingredients: [
		{inputs: [{"type": "item","code": "farmcrops:syrup-*","quantity": 10 }, {"type": "item","code": "farmcrops:sugar","quantity": 1 }]},
		{inputs: [{ type: "item", code: "expandedfoods:breadedball-*-partbaked", name: "grain" }]},
	],
	output: { type: "item", code: "expandedfoods:breadedball-{grain}-syruppartbaked", stackSize: 1}
 },
 {
	ingredients: [
		{inputs: [{"type": "item","code": "farmcrops:syrup-*","quantity": 10 }, {"type": "item","code": "farmcrops:sugar","quantity": 1 }]},
		{inputs: [{ type: "item", code: "expandedfoods:breadedball-*-cooked", name: "grain" }]},
	],
	output: { type: "item", code: "expandedfoods:breadedball-{grain}-syrup", stackSize: 1}
 },
 {
	ingredients: [
		{inputs: [{"type": "item","code": "farmcrops:syrup-*","quantity": 10 }, {"type": "item","code": "farmcrops:sugar","quantity": 1 }]},
		{inputs: [{ type: "item", code: "expandedfoods:breadedball-*-charred", name: "grain" }]},
	],
	output: { type: "item", code: "expandedfoods:breadedball-{grain}-syrupcharred", stackSize: 1}
 }

]

