[
 {
	ingredients: [
		{inputs: [{ type: "item", code: "game:honeyportion",  quantity: 10 }, { type: "item", code: "aculinaryartillery:eggyolkfullportion-*", quantity: 10 }, { type: "item", code: "aculinaryartillery:eggyolkportion-*", quantity: 10 }, { type: "item", code: "aculinaryartillery:eggwhiteportion", quantity: 10 }, { type: "item", code: "expandedfoods:foodoilportion-*",  quantity: 10 }, { type: "item", code: "farmcrops:foodoilportion-*",  quantity: 10 },{"type": "item","code": "farmcrops:syrup-*","quantity": 10 }, {"type": "item","code": "farmcrops:sugar","quantity": 1 }, { type: "item", code: "expandedfoods:treesyrupportion-*",  quantity: 10 }, { type: "item", code: "expandedfoods:fruitsyrupportion-*",  quantity: 10 }, { type: "item", code: "expandedfoods:lard",  quantity: 10 }, { type: "item", code: "expandedfoods:peanutliquid-butter",  quantity: 10 }, { type: "item", code: "expandedfoods:peanutliquid-sauce",  quantity: 10 },]},
		{inputs: [{ type: "item", code: "farmcrops:breadcrumbs-*", allowedVariants: ["corn", "oat"], quantity: 1, name: "grain" }]},
		{inputs: [{ type: "item", code: "game:flour-*", quantity: 1 }, { type: "item", code: "farmcrops:flour-*", quantity: 1 }]},
		{inputs: [{ type: "item", code: "expandedfoods:fishnugget-*", quantity: 1, "allowedVariants": [ "smashed", "curedsmashed"], name: "meat"  }]},
	],
	output: { type: "item", code: "farmcrops:breadedfishnugget-{grain}-smashed", stackSize: 1}
 },
 {
	ingredients: [
		{inputs: [{ type: "item", code: "game:honeyportion",  quantity: 10 }, { type: "item", code: "aculinaryartillery:eggyolkfullportion-*", quantity: 10 }, { type: "item", code: "aculinaryartillery:eggyolkportion-*", quantity: 10 }, { type: "item", code: "aculinaryartillery:eggwhiteportion", quantity: 10 }, { type: "item", code: "expandedfoods:foodoilportion-*",  quantity: 10 },  { type: "item", code: "farmcrops:foodoilportion-*",  quantity: 10 }, { type: "item", code: "expandedfoods:treesyrupportion-*",  quantity: 10 }, {"type": "item","code": "farmcrops:syrup-*","quantity": 10 }, {"type": "item","code": "farmcrops:sugar","quantity": 1 }, { type: "item", code: "expandedfoods:fruitsyrupportion-*",  quantity: 10 }, { type: "item", code: "expandedfoods:lard",  quantity: 10 }, { type: "item", code: "expandedfoods:peanutliquid-butter",  quantity: 10 }, { type: "item", code: "expandedfoods:peanutliquid-sauce",  quantity: 10 },]},
		{inputs: [{ type: "item", code: "farmcrops:breadcrumbs-*", allowedVariants: ["corn", "oat"], quantity: 1, name: "grain" }]},
		{inputs: [{ type: "item", code: "game:flour-*", quantity: 1 }, { type: "item", code: "farmcrops:flour-*", quantity: 1 }]},
		{inputs: [{ type: "item", code: "expandedfoods:fishnugget-*", quantity: 1, "allowedVariants": [ "smashed", "curedsmashed"], name: "meat"  }]},
		{inputs: [{ type: "item", code: "game:salt", quantity: 1 }]}
	],
	output: { type: "item", code: "farmcrops:breadedfishnugget-{grain}-smashed", stackSize: 1}
 },

 {
	ingredients: [
	  {inputs: [{ type: "item", code: "farmcrops:foodoilportion-*",  quantity: 10 }, {"type": "item","code": "farmcrops:syrup-*","quantity": 10 }, {"type": "item","code": "farmcrops:sugar","quantity": 1 }]},
	  {inputs: [{ type: "item", code: "expandedfoods:breadcrumbs-*", quantity: 1, name: "grain"  }]},
	  {inputs: [{ type: "item", code: "game:flour-*", quantity: 1 }, { type: "item", code: "farmcrops:flour-*", quantity: 1 }]},
	  {inputs: [{ type: "item", code: "expandedfoods:fishnugget-*", "allowedVariants": [ "smashed", "curedsmashed" ], quantity: 1, name: "meat"  }]},
	],
	output: { type: "item", code: "expandedfoods:breadedfishnugget-{grain}-smashed", stackSize: 1}
   },
   {
	ingredients: [
	{inputs: [{ type: "item", code: "farmcrops:foodoilportion-*",  quantity: 10 }, {"type": "item","code": "farmcrops:syrup-*","quantity": 10 }, {"type": "item","code": "farmcrops:sugar","quantity": 1 }]},
	  {inputs: [{ type: "item", code: "expandedfoods:breadcrumbs-*", quantity: 1, name: "grain"  }]},
	  {inputs: [{ type: "item", code: "game:flour-*", quantity: 1 }, { type: "item", code: "farmcrops:flour-*", quantity: 1 }]},
	  {inputs: [{ type: "item", code: "expandedfoods:fishnugget-*", "allowedVariants": [ "smashed", "curedsmashed" ], quantity: 1, name: "meat"  }]},
	  {inputs: [{ type: "item", code: "game:salt", quantity: 1 }]}
	],
	output: { type: "item", code: "expandedfoods:breadedfishnugget-{grain}-smashed", stackSize: 1}
   }
]