{
	"editor": {
		"allAngles": false,
		"entityTextureMode": false
	},
	"textureWidth": 16,
	"textureHeight": 16,
	"textureSizes": {
	},
	"textures": {
	},
	"elements": [
		{
			"name": "handle",
			"from": [ 8.5, 0.0, 7.0 ],
			"to": [ 8.75, 0.5, 7.5 ],
			"rotationOrigin": [ 7.0, -1.0, 8.0 ],
			"rotationY": 176.0,
			"faces": {
				"north": { "texture": "#handle", "uv": [ 0.0, 2.0, 0.5, 2.5 ] },
				"east": { "texture": "#handle", "uv": [ 3.0, 0.0, 3.5, 0.5 ] },
				"south": { "texture": "#handle", "uv": [ 0.0, 4.5, 0.5, 5.0 ] },
				"west": { "texture": "#handle", "uv": [ 3.0, 0.0, 3.5, 0.5 ] },
				"up": { "texture": "#handle", "uv": [ 0.0, 2.0, 0.5, 2.5 ] },
				"down": { "texture": "#handle", "uv": [ 0.0, 3.0, 0.5, 3.5 ] }
			},
			"children": [
				{
					"name": "shaft",
					"from": [ -6.0, 0.125, 0.125 ],
					"to": [ 0.0, 0.375, 0.375 ],
					"rotationOrigin": [ -1.0, 0.0, 0.0 ],
					"faces": {
						"north": { "texture": "#shaft", "uv": [ 1.0, 1.0, 7.0, 1.5 ] },
						"south": { "texture": "#shaft", "uv": [ 0.0, 7.0, 6.0, 7.5 ] },
						"west": { "texture": "#shaft", "uv": [ 0.0, 0.0, 0.5, 0.5 ] },
						"up": { "texture": "#shaft", "uv": [ 1.0, 2.0, 7.0, 2.5 ] },
						"down": { "texture": "#shaft", "uv": [ 0.0, 0.0, 6.0, 0.5 ] }
					}
				}
			]
		},
		{
			"name": "handle2",
			"from": [ 7.0, 0.0, 7.75 ],
			"to": [ 7.25, 0.5, 8.25 ],
			"rotationOrigin": [ 6.0, -1.0, 8.0 ],
			"rotationY": 180.0,
			"faces": {
				"north": { "texture": "#handle", "uv": [ 0.0, 2.0, 0.5, 2.5 ] },
				"east": { "texture": "#handle", "uv": [ 3.0, 0.0, 3.5, 0.5 ] },
				"south": { "texture": "#handle", "uv": [ 0.0, 4.5, 0.5, 5.0 ] },
				"west": { "texture": "#handle", "uv": [ 3.0, 0.0, 3.5, 0.5 ] },
				"up": { "texture": "#handle", "uv": [ 0.0, 2.0, 0.5, 2.5 ] },
				"down": { "texture": "#handle", "uv": [ 0.0, 3.0, 0.5, 3.5 ] }
			},
			"children": [
				{
					"name": "shaft2",
					"from": [ -6.0, 0.125, 0.125 ],
					"to": [ 0.0, 0.375, 0.375 ],
					"rotationOrigin": [ -1.0, 0.0, 0.0 ],
					"faces": {
						"north": { "texture": "#shaft", "uv": [ 1.0, 1.0, 7.0, 1.5 ] },
						"south": { "texture": "#shaft", "uv": [ 0.0, 7.0, 6.0, 7.5 ] },
						"west": { "texture": "#shaft", "uv": [ 0.0, 0.0, 0.5, 0.5 ] },
						"up": { "texture": "#shaft", "uv": [ 1.0, 2.0, 7.0, 2.5 ] },
						"down": { "texture": "#shaft", "uv": [ 0.0, 0.0, 6.0, 0.5 ] }
					}
				}
			]
		}
	]}