[
    {
        "file": "config/characterclasses.json",
        "op": "add",
        "path": "/-",
        "value": {
            "code": "miner",
          "traits": [
            "miner",
            "prospector",
            "mason",
            "tough",
            "myopic",
            "heavyhanded",
            "nativeminer",
            "shelteredbystone"
          ],
            "gear": [
                {
                    "type": "item",
                    "code": "clothes-upperbody-miner"
                },
                {
                    "type": "item",
                    "code": "clothes-shoulder-clockmaker-apron"
                },
                {
                    "type": "item",
                    "code": "clothes-nadiya-lowerbody-miner-clean"
                },
                {
                    "type": "item",
                    "code": "clothes-nadiya-foot-miner"
                },
                {
                    "type": "item",
                    "code": "clothes-face-hunter-mask"
                },
                {
                    "type": "item",
                    "code": "clothes-nadiya-waist-miner"
                }
            ]
        }
    },
    {
        "file": "config/characterclasses.json",
        "op": "add",
        "path": "/-",
        "value": {
            "code": "farmer",
            "traits": [
                "farmer",
                "greenfingered",
                "animalfriend",
                "healthy",
                "nervous",
                "claustrophobic",
				"nativefarmer"
            ],
            "gear": [
                {
                    "type": "item",
                    "code": "clothes-head-straw-hat"
                },
                {
                    "type": "item",
                    "code": "clothes-nadiya-face-grain"
                },
                {
                    "type": "item",
                    "code": "clothes-upperbody-clockmaker-shirt"
                },
                {
                    "type": "item",
                    "code": "clothes-shoulder-jord-robe"
                },
                {
                    "type": "item",
                    "code": "clothes-nadiya-lowerbody-shepherd"
                },
                {
                    "type": "item",
                    "code": "clothes-foot-forlorn-shoes"
                },
                {
                    "type": "item",
                    "code": "clothes-nadiya-hand-blacksmith"
                },
                {
                    "type": "item",
                    "code": "clothes-nadiya-waist-shepherd"
                }
            ]
        }
    },
    {
        "file": "config/characterclasses.json",
        "op": "add",
        "path": "/-",
        "value": {
            "code": "lumberjack",
            "traits": [
                "lumberjack",
                "forester",
                "burner",
                "woodsman",
                "kind",
                "claustrophobic",
				"nativelumberjack"
            ],
            "gear": [
                {
                    "type": "item",
                    "code": "theworkingclasses:clothes-upperbody-lumberjack-shirt"
                },
                {
                    "type": "item",
                    "code": "theworkingclasses:clothes-lowerbody-lumberjack-pants-fancy"
                },
                {
                    "type": "item",
                    "code": "clothes-foot-metalcap-boots"
                },
                {
                    "type": "item",
                    "code": "clothes-neck-acorn-amulet"
                },
                {
                    "type": "item",
                    "code": "clothes-nadiya-arm-guard-bracers"
                },
                {
                    "type": "item",
                    "code": "clothes-waist-peasant-strap"
                }
            ]
        }
    },
    {
        "file": "config/characterclasses.json",
        "op": "add",
        "path": "/-",
        "value": {
            "code": "blacksmith",
            "traits": [
                "smith",
                "cokefurnacemaster",
                "mender",
                "strongarms",
                "nearsighted",
                "heavyhanded",
				"nativeblacksmith"
            ],
            "gear": [
                {
                    "type": "item",
                    "code": "clothes-shoulder-blacksmith-apron"
                },
                {
                    "type": "item",
                    "code": "clothes-upperbody-temptress-velvet-shirt"
                },
                {
                    "type": "item",
                    "code": "clothes-lowerbody-blackguard-leggings"
                },
                {
                    "type": "item",
                    "code": "clothes-nadiya-foot-blacksmith"
                },
                {
                    "type": "item",
                    "code": "theworkingclasses:clothes-face-welding-mask"
                },
                {
                    "type": "item",
                    "code": "clothes-hand-heavy-leather-gloves"
                }
            ]
        }
    },
    {
        "file": "config/characterclasses.json",
        "op": "add",
        "path": "/-",
        "value": {
            "code": "cook",
            "traits": [
                "knifeexpert",
				"fleetfooted",
                "firestarter",
                "inventiveinthekitchen",
                "refinedtaste",
                "nearsighted",
				"softhands",
				"nativecook"
            ],
            "gear": [
                {
                    "type": "item",
                    "code": "clothes-upperbody-linen-tunic"
                },
                {
                    "type": "item",
                    "code": "clothes-lowerbody-homespun-pants"
                },
                {
                    "type": "item",
                    "code": "clothes-foot-soldier-boots"
                },
                {
                    "type": "item",
                    "code": "clothes-hand-commoner-gloves"
                },
                {
                    "type": "item",
                    "code": "clothes-upperbodyover-surgeon"
                },
                {
                    "type": "item",
                    "code": "clothes-nadiya-waist-peasant1"
                }
            ]
        }
    },
    {
        "file": "config/characterclasses.json",
        "op": "add",
        "path": "/-",
        "value": {
            "code": "squire",
            "traits": [
                "fleetfooted",
                "forager",
                "versatile",
                "hungry",
                "claustrophobic",
				"nativesquire"
            ],
            "gear": [
                {
                    "type": "item",
                    "code": "clothes-arm-leather-bracers"
                },
                {
                    "type": "item",
                    "code": "clothes-hand-forlorn-bracer"
                },
                {
                    "type": "item",
                    "code": "clothes-shoulder-squire-tunic"
                },
                {
                    "type": "item",
                    "code": "clothes-upperbody-marketeer"
                },
                {
                    "type": "item",
                    "code": "clothes-waist-squire-belt"
                },
                {
                    "type": "item",
                    "code": "clothes-lowerbody-aristocrat-leggings"
                },
                {
                    "type": "item",
                    "code": "clothes-foot-worn-leather-boots"
                }
            ]
        }
    },
    {
        "file": "config/characterclasses.json",
        "op": "add",
        "path": "/-",
        "value": {
            "code": "potter",
            "traits": [
                "digger",
                "artisan",
                "potter",
                "civil",
                "kind",
				"nativepotter"
            ],
            "gear": [
                {
                    "type": "item",
                    "code": "clothes-shoulder-woolen-scarf"
                },
                {
                    "type": "item",
                    "code": "clothes-upperbody-hunters-green"
                },
                {
                    "type": "item",
                    "code": "clothes-nadiya-upperbodyover-coat-short"
                },
                {
                    "type": "item",
                    "code": "clothes-nadiya-waist-peasant1"
                },
                {
                    "type": "item",
                    "code": "clothes-lowerbody-pastoral-pants"
                },
                {
                    "type": "item",
                    "code": "clothes-nadiya-foot-peasantbrown"
                }
            ]
        }
    },
    {
        "file": "config/characterclasses.json",
        "op": "add",
        "path": "/-",
        "value": {
            "code": "carpenter",
            "traits": [
                "carpenter",
                "fitter",
                "millwright",
                "nyctophobia",
                "civil",
                "hungry",
				"nativecarpenter"
            ],
            "gear": [
                {
                    "type": "item",
                    "code": "clothes-face-leather-reinforced-mask"
                },
                {
                    "type": "item",
                    "code": "clothes-hand-commoner-gloves"
                },
                {
                    "type": "item",
                    "code": "clothes-nadiya-upperbodyover-coat-short"
                },
                {
                    "type": "item",
                    "code": "clothes-upperbody-woolen-shirt"
                },
                {
                    "type": "item",
                    "code": "clothes-waist-sturdy-belt"
                },
                {
                    "type": "item",
                    "code": "clothes-lowerbody-pastoral-pants"
                },
                {
                    "type": "item",
                    "code": "clothes-foot-forlorn-shoes"
                }
            ]
        }
    },
    {
        "file": "config/characterclasses.json",
        "op": "add",
        "path": "/-",
        "value": {
            "code": "healer",
            "traits": [
                "hearty",
                "fleetfooted",
                "forager",
                "hedgewitch",
                "kind",
                "nyctophobia",
				"nativehealer"
            ],
            "gear": [
                {
                    "type": "item",
                    "code": "clothes-face-hunter-mask"
                },
                {
                    "type": "item",
                    "code": "clothes-nadiya-arm-barber-pouch"
                },
                {
                    "type": "item",
                    "code": "clothes-shoulder-hooded-cape"
                },
                {
                    "type": "item",
                    "code": "clothes-nadiya-upperbody-beekeeper"
                },
                {
                    "type": "item",
                    "code": "clothes-waist-alchemist"
                },
                {
                    "type": "item",
                    "code": "clothes-lowerbody-marketeer"
                },
                {
                    "type": "item",
                    "code": "clothes-nadiya-foot-guard"
                }
            ]
        }
    }
                
]