[
  {
    "file": "config/traits.json",
    "op": "add",
    "path": "/-",
    "value": {
      "code": "miner",
      "type": "positive",
      "attributes": {
        "oreDropRate": 0.25,
        "miningSpeedMul": 0.5
      }
    }
  },
  {
    "file": "config/traits.json",
    "op": "add",
    "path": "/-",
    "value": {
      "code": "digger",
      "type": "positive",
      "attributes": {
        "miningSpeedMul": 0.3
      }
    }
  },
  {
    "file": "config/traits.json",
    "op": "add",
    "path": "/-",
    "value": {
      "code": "shelteredbystone",
      "type": "positive",
      "attributes": {}
    }
  },
  {
    "file": "config/traits.json",
    "op": "add",
    "path": "/-",
    "value": {
      "code": "wallbuilder",
      "type": "positive",
      "attributes": {}
    }
  },
  {
    "file": "config/traits.json",
    "op": "add",
    "path": "/-",
    "value": {
      "code": "stonecunning",
      "type": "positive",
      "attributes": {}
    }
  },
  {
    "file": "config/traits.json",
    "op": "add",
    "path": "/-",
    "value": {
      "code": "prospector",
      "type": "positive",
      "attributes": {}
    }
  },
  {
    "file": "config/traits.json",
    "op": "add",
    "path": "/-",
    "value": {
      "code": "tough",
      "type": "positive",
      "attributes": {
        "maxhealthExtraPoints": 2,
        "meleeWeaponsDamage": 0.15
      }
    }
  },
  {
    "file": "config/traits.json",
    "op": "add",
    "path": "/-",
    "value": {
      "code": "myopic",
      "type": "negative",
      "attributes": {
        "rangedWeaponsDamage": -0.2,
        "rangedWeaponsAcc": -0.3,
        "bowDrawingStrength": -0.2
      }
    }
  },
  {
    "file": "config/traits.json",
    "op": "add",
    "path": "/-",
    "value": {
      "code": "farmer",
      "type": "positive",
      "attributes": {
        "produceDropRate": 0.4
      }
    }
  },
  {
    "file": "config/traits.json",
    "op": "add",
    "path": "/-",
    "value": {
      "code": "strongshoulders",
      "type": "positive",
      "attributes": {
        "rangedWeaponsDamage": 0.2,
        "bowDrawingStrength": 0.2
      }
    }
  },
  {
    "file": "config/traits.json",
    "op": "add",
    "path": "/-",
    "value": {
      "code": "greenfingered",
      "type": "positive",
      "attributes": {
      }
    }
  },
  {
    "file": "config/traits.json",
    "op": "add",
    "path": "/-",
    "value": {
      "code": "resilient",
      "type": "positive",
      "attributes": {
        "maxhealthExtraPoints": 3
      }
    }
  },
  {
    "file": "config/traits.json",
    "op": "add",
    "path": "/-",
    "value": {
      "code": "healthy",
      "type": "positive",
      "attributes": {
        "maxhealthExtraPoints": 4
      }
    }
  },
  {
    "file": "config/traits.json",
    "op": "add",
    "path": "/-",
    "value": {
      "code": "hearty",
      "type": "positive",
      "attributes": {
        "maxhealthExtraPoints": 4,
        "healingeffectiveness": 0.25
      }
    }
  },
  {
    "file": "config/traits.json",
    "op": "add",
    "path": "/-",
    "value": {
      "code": "versatile",
      "type": "positive",
      "attributes": {
        "meleeWeaponsDamage": 0.15,
        "rangedWeaponsAcc": 0.2,
        "maxhealthExtraPoints": 2
      }
    }
  },
  {
    "file": "config/traits.json",
    "op": "add",
    "path": "/-",
    "value": {
      "code": "hedgewitch",
      "type": "positive",
      "attributes": {}
    }
  },
  {
    "file": "config/traits.json",
    "op": "add",
    "path": "/-",
    "value": {
      "code": "lumberjack",
      "type": "positive",
      "attributes": {
        "woodDropRate": 0.10,
        "stickDropRate": 0.3,
        "meleeWeaponsDamage": 0.15
      }
    }
  },
  {
    "file": "config/traits.json",
    "op": "add",
    "path": "/-",
    "value": {
      "code": "woodsman",
      "type": "positive",
      "attributes": {}
    }
  },
  {
    "file": "config/traits.json",
    "op": "add",
    "path": "/-",
    "value": {
      "code": "forester",
      "type": "positive",
      "attributes": {
        "fruittreeDropRate": 1,
        "treeseedDropRate": 2
      }
    }
  },
  {
    "file": "config/traits.json",
    "op": "add",
    "path": "/-",
    "value": {
      "code": "carpenter",
      "type": "positive",
      "attributes": {}
    }
  },
  {
    "file": "config/traits.json",
    "op": "add",
    "path": "/-",
    "value": {
      "code": "fitter",
      "type": "positive",
      "attributes": {}
    }
  },
  {
    "file": "config/traits.json",
    "op": "add",
    "path": "/-",
    "value": {
      "code": "millwright",
      "type": "positive",
      "attributes": {}
    }
  },
  {
    "file": "config/traits.json",
    "op": "add",
    "path": "/-",
    "value": {
      "code": "sailwright",
      "type": "positive",
      "attributes": {}
    }
  },
  {
    "file": "config/traits.json",
    "op": "add",
    "path": "/-",
    "value": {
      "code": "burner",
      "type": "positive",
      "attributes": {
        "charcoalPileDropRate": 0.35
      }
    }
  },
  {
    "file": "config/traits.json",
    "op": "add",
    "path": "/-",
    "value": {
      "code": "mason",
      "type": "positive",
      "attributes": {}
    }
  },
  {
    "file": "config/traits.json",
    "op": "add",
    "path": "/-",
    "value": {
      "code": "potter",
      "type": "positive",
      "attributes": {}
    }
  },
  {
    "file": "config/traits.json",
    "op": "add",
    "path": "/-",
    "value": {
      "code": "artisan",
      "type": "positive",
      "attributes": {}
    }
  },
  {
    "file": "config/traits.json",
    "op": "add",
    "path": "/-",
    "value": {
      "code": "smith",
      "type": "positive",
      "attributes": {}
    }
  },
  {
    "file": "config/traits.json",
    "op": "add",
    "path": "/-",
    "value": {
      "code": "cokefurnacemaster",
      "type": "positive",
      "attributes": {}
    }
  },
  {
    "file": "config/traits.json",
    "op": "add",
    "path": "/-",
    "value": {
      "code": "strongarms",
      "type": "positive",
      "attributes": {
        "meleeWeaponsDamage": 0.1
      }
    }
  },
  {
    "file": "config/traits.json",
    "op": "add",
    "path": "/-",
    "value": {
      "code": "sneaky",
      "type": "positive",
      "attributes": {
        "animalSeekingRange": -0.5,
        "walkspeed": 0.15
      }
    }
  },
  {
    "file": "config/traits.json",
    "op": "add",
    "path": "/-",
    "value": {
      "code": "carefultouch",
      "type": "positive",
      "attributes": {}
    }
  },
  {
    "file": "config/traits.json",
    "op": "add",
    "path": "/-",
    "value": {
      "code": "philosopher",
      "type": "positive",
      "attributes": {}
    }
  },
  {
    "file": "config/traits.json",
    "op": "add",
    "path": "/-",
    "value": {
      "code": "temporallyaware",
      "type": "positive",
      "attributes": {}
    }
  },
  {
    "file": "config/traits.json",
    "op": "add",
    "path": "/-",
    "value": {
      "code": "gearmaker",
      "type": "positive",
      "attributes": {}
    }
  },
  {
    "file": "config/traits.json",
    "op": "add",
    "path": "/-",
    "value": {
      "code": "knifeexpert",
      "type": "positive",
      "attributes": {
      }
    }
  },
  {
    "file": "config/traits.json",
    "op": "add",
    "path": "/-",
    "value": {
      "code": "skilledwithknifes",
      "type": "positive",
      "attributes": {
        "meleeWeaponsDamage": 0.15
      }
    }
  },
  {
    "file": "config/traits.json",
    "op": "add",
    "path": "/-",
    "value": {
      "code": "firestarter",
      "type": "positive",
      "attributes": {}
    }
  },
  {
    "file": "config/traits.json",
    "op": "add",
    "path": "/-",
    "value": {
      "code": "practicedbutcher",
      "type": "positive",
      "attributes": {
        "animalSeekingRange": -0.2,
        "meleeWeaponsDamage": 0.15
      }
    }
  },
  {
    "file": "config/traits.json",
    "op": "add",
    "path": "/-",
    "value": {
      "code": "inventiveinthekitchen",
      "type": "positive",
      "attributes": {}
    }
  },
  {
    "file": "config/traits.json",
    "op": "add",
    "path": "/-",
    "value": {
      "code": "animalfriend",
      "type": "positive",
      "attributes": {
        "animalSeekingRange": -0.2
      }
    }
  },
  {
    "file": "config/traits.json",
    "op": "add",
    "path": "/-",
    "value": {
      "code": "sharpshooter",
      "type": "positive",
      "attributes": {
        "rangedWeaponsDamage": 0.45,
        "rangedWeaponsAcc": 0.35,
        "bowDrawingStrength": 0.25
      }
    }
  },
  {
    "file": "config/traits.json",
    "op": "add",
    "path": "/-",
    "value": {
      "code": "refinedtaste",
      "type": "negative",
      "attributes": {
        "hungerrate": 0.1
      }
    }
  },
  {
    "file": "config/traits.json",
    "op": "add",
    "path": "/-",
    "value": {
      "code": "full",
      "type": "positive",
      "attributes": {
        "hungerrate": -0.25
      }
    }
  },
  {
    "file": "config/traits.json",
    "op": "add",
    "path": "/-",
    "value": {
      "code": "delicate",
      "type": "negative",
      "attributes": {
        "maxhealthExtraPoints": -4
      }
    }
  },
  {
    "file": "config/traits.json",
    "op": "add",
    "path": "/-",
    "value": {
      "code": "softhands",
      "type": "negative",
      "attributes": {
        "miningSpeedMul": -0.15
      }
    }
  },
  {
    "file": "config/traits.json",
    "op": "add",
    "path": "/-",
    "value": {
      "code": "hungry",
      "type": "negative",
      "attributes": {
        "hungerrate": 0.1
      }
    }
  },
  {
    "file": "config/traits.json",
    "op": "add",
    "path": "/-",
    "value": {
      "code": "loud",
      "type": "negative",
      "attributes": {
        "animalSeekingRange": 0.2
      }
    }
  },
  {
    "file": "config/traits.json",
    "op": "add",
    "path": "/-",
    "value": {
      "code": "nyctophobia",
      "type": "negative",
      "attributes": {
        "oreDropRate": -0.15
      }
    }
  },
  {
    "file": "config/traits.json",
    "op": "add",
    "path": "/-",
    "value": {
      "code": "professor",
      "type": "positive",
      "attributes": {}
    }
  },
  {
    "file": "config/traits.json",
    "op": "add",
    "path": "/-",
    "value": {
      "code": "expertsoldier",
      "type": "positive",
      "attributes": {
        "meleeWeaponsDamage": 0.5,
        "armorDurabilityLoss": -0.15,
        "armorWalkSpeedAffectedness": -0.25
      }
    }
  },
  {
    "file": "config/traits.json",
    "op": "add",
    "path": "/-",
    "value": {
      "code": "nativeminer",
      "type": "positive",
      "attributes": {}
    }
  },
  {
    "file": "config/traits.json",
    "op": "add",
    "path": "/-",
    "value": {
      "code": "nativefarmer",
      "type": "positive",
      "attributes": {}
    }
  },
  {
    "file": "config/traits.json",
    "op": "add",
    "path": "/-",
    "value": {
      "code": "nativelumberjack",
      "type": "positive",
      "attributes": {}
    }
  },
  {
    "file": "config/traits.json",
    "op": "add",
    "path": "/-",
    "value": {
      "code": "nativeblacksmith",
      "type": "positive",
      "attributes": {}
    }
  },
  {
    "file": "config/traits.json",
    "op": "add",
    "path": "/-",
    "value": {
      "code": "nativecook",
      "type": "positive",
      "attributes": {}
    }
  },
  {
    "file": "config/traits.json",
    "op": "add",
    "path": "/-",
    "value": {
      "code": "nativesquire",
      "type": "positive",
      "attributes": {}
    }
  },
  {
    "file": "config/traits.json",
    "op": "add",
    "path": "/-",
    "value": {
      "code": "nativepotter",
      "type": "positive",
      "attributes": {}
    }
  },
  {
    "file": "config/traits.json",
    "op": "add",
    "path": "/-",
    "value": {
      "code": "nativecarpenter",
      "type": "positive",
      "attributes": {}
    }
  },
  {
    "file": "config/traits.json",
    "op": "add",
    "path": "/-",
    "value": {
      "code": "nativehealer",
      "type": "positive",
      "attributes": {}
    }
  },
  {
    "file": "config/traits.json",
    "op": "add",
    "path": "/-",
    "value": {
      "code": "nativehunter",
      "type": "positive",
      "attributes": {}
    }
  },
  {
    "file": "config/traits.json",
    "op": "add",
    "path": "/-",
    "value": {
      "code": "nativetailor",
      "type": "positive",
      "attributes": {}
    }
  },
  {
    "file": "config/traits.json",
    "op": "add",
    "path": "/-",
    "value": {
      "code": "nativeclockmaker",
      "type": "positive",
      "attributes": {}
    }
  },
  {
    "file": "config/traits.json",
    "op": "add",
    "path": "/-",
    "value": {
      "code": "nativehunter",
      "type": "positive",
      "attributes": {}
    }
  },
  {
    "file": "config/traits.json",
    "op": "add",
    "path": "/-",
    "value": {
      "code": "nativeblackguard",
      "type": "positive",
      "attributes": {}
    }
  },
  {
    "file": "config/traits.json",
    "op": "replace",
    "path": "/7/attributes",
    "value": {
      "rustyGearDropRate": 1.0,
      "mechanicalsDamage": 0.4705
    }
  },
  {
    "file": "config/traits.json",
    "op": "replace",
    "path": "/1/attributes",
    "value": {
      "animalLootDropRate": 0.40,
      "animalHarvestingTime": -0.25
    }
  },
  {
    "file": "config/traits.json",
    "op": "replace",
    "path": "/5/attributes",
    "value": {
      "forageDropRate": 0.3,
      "wildCropDropRate": 0.25
    }
  },
  {
    "file": "config/traits.json",
    "op": "replace",
    "path": "/6/attributes",
    "value": {
      "vesselContentsDropRate": 0.2,
      "rustyGearDropRate": 0.25,
      "wholeVesselLootChance": 0.2
    }
  }
]