[
	{
		"dependsOn": [
			{ "modid": "mngeology" }
		],
		"side": "Server",
		"file": "game:itemtypes/resource/crystalizedore-graded",
		"op": "add",
		"path": "/allowedVariants/-",
		"value": "crystalizedore-poor-quartz_nativesilver-pyroxenite"
	},
	{
		"dependsOn": [
			{ "modid": "mngeology" }
		],
		"side": "Server",
		"file": "game:itemtypes/resource/crystalizedore-graded",
		"op": "add",
		"path": "/allowedVariants/-",
		"value": "crystalizedore-medium-quartz_nativesilver-pyroxenite"
	},
	{
		"dependsOn": [
			{ "modid": "mngeology" }
		],
		"side": "Server",
		"file": "game:itemtypes/resource/crystalizedore-graded",
		"op": "add",
		"path": "/allowedVariants/-",
		"value": "crystalizedore-rich-quartz_nativesilver-pyroxenite"
	},
	{
		"dependsOn": [
			{ "modid": "mngeology" }
		],
		"side": "Server",
		"file": "game:itemtypes/resource/crystalizedore-graded",
		"op": "add",
		"path": "/allowedVariants/-",
		"value": "crystalizedore-poor-quartz_nativesilver-serpentinite"
	},
	{
		"dependsOn": [
			{ "modid": "mngeology" }
		],
		"side": "Server",
		"file": "game:itemtypes/resource/crystalizedore-graded",
		"op": "add",
		"path": "/allowedVariants/-",
		"value": "crystalizedore-medium-quartz_nativesilver-serpentinite"
	},
	{
		"dependsOn": [
			{ "modid": "mngeology" }
		],
		"side": "Server",
		"file": "game:itemtypes/resource/crystalizedore-graded",
		"op": "add",
		"path": "/allowedVariants/-",
		"value": "crystalizedore-rich-quartz_nativesilver-serpentinite"
	},
	{
		"dependsOn": [
			{ "modid": "mngeology" }
		],
		"side": "Server",
		"file": "game:itemtypes/resource/crystalizedore-graded",
		"op": "add",
		"path": "/allowedVariants/-",
		"value": "crystalizedore-poor-quartz_nativesilver-syenite"
	},
	{
		"dependsOn": [
			{ "modid": "mngeology" }
		],
		"side": "Server",
		"file": "game:itemtypes/resource/crystalizedore-graded",
		"op": "add",
		"path": "/allowedVariants/-",
		"value": "crystalizedore-medium-quartz_nativesilver-syenite"
	},
	{
		"dependsOn": [
			{ "modid": "mngeology" }
		],
		"side": "Server",
		"file": "game:itemtypes/resource/crystalizedore-graded",
		"op": "add",
		"path": "/allowedVariants/-",
		"value": "crystalizedore-rich-quartz_nativesilver-syenite"
	},
]