{
	code: "axe",
	damagedby: ["blockbreaking", "attacking"],
	tool: "axe",
	class: "ItemAxe",
	attributes: {



			"bloodshed-defense": {
				"blockSoundLight": "game:tool/slash",
				"blockSoundHeavy": "game:effect/anvilmergehit",
				"protectionChanceByType": {
					"*": {
						"passive": 0.1,
						"active": 1
					},
				},
				"damageAbsorptionByType": {
					"*-relic0": 2.5,
					"*-relic1": 3.5,
					"*-relic2": 5.5,
					"*-relic3": 6,
					"*-relic4": 7,
					"*-relic5": 7.5,
				},
				"vertProtectionRange": 60,
				"horizProtectionRange": 60
			},









"sharpenable": true,
"onGrindstoneTransform": {
		translation: { x: -0.2, y: 0.3, z: 0.4 },
		rotation: { x: 50, y: 0, z: 0 },
		origin: { x: 0.5, y: 0.1, z: 0.5 },
		scale: 1
},

		heldItemPitchFollow: 0.9,
		handbook: {
			groupBy: ["axe-*"]
		},
		toolrackTransformByType: {
			
			"*": {
				rotation: { y: 1, z: -1 },
				translation: { x: 0.1, y: 0.6 },
				scale: 1.25,
			}
		},
		groundStorageTransformByType: {
			
			"*": {
				translation: { x: 0, y: 0.19, z: -0.125 },
				rotation: { x: 26, y: 88, z: -87 },
				scale: 0.88
			}
		}
	},
	behaviors: [{ 
		name: "GroundStorable",
		properties: {
			layout: 'WallHalves',
			wallOffYByType: {
				
				"axe-double-*": 2,
				
			},
			ctrlKey: true,
			selectionBox: { x1: 0, y1: 0, z1: 0, x2: 1, y2: 0.1, z2: 1 },
			collisionBox: { x1: 0, y1: 0, z1: 0, x2: 0, y2: 0, z2: 0 },
		}
	}, { name: "AnimationAuthoritative", properties: { onlyOnEntity: true } }],
	variantgroups: [
		{ code: "type", states: [ "double" ] },
		{ code: "material", states: [ "relic0", "relic1", "relic2", "relic3", "relic4", "relic5" ] }
	],
	skipVariants: [
		"axe-double-gold",
		"axe-double-silver"
	],
	allowedVariants: [
		"axe-double-*",

	],
	shapeByType: {
		
		"axe-double-*": { "base": "vanillaarmory:shapes/item/tool/axe/doublerelic" },
		
	},

	heldRightReadyAnimationByType: {
		
		"axe-double-*": "axeready",
		
	},
	heldTpHitAnimationByType: {
		
		"axe-double-*": "axechop",
		
	},
	texturesByType: {

		"axe-double-*": {
		"blackbronze": { base: "vanillaarmory:{material}" },
		"handle": { base: "game:block/wood/debarked/veryaged" },
		}
	},
	attackRangebytype: {	
		"*": 2.5
	},
	attributesByType: {
		"axe-double-*": {
			attachableToEntity: {
				categoryCode: "utilities",
				attachedShapeBySlotCode: {
					"frontrightside": { base: "item/wearable/hooved/elk/weaponr-double-relic" },
					"frontleftside": { base: "item/wearable/hooved/elk/weaponl-double-relic" }
				}
			}				
		}
	},
	tooltierbytype: {
		"*-relic0": 2,
		"*-relic1": 2,
		"*-relic2": 3,
		"*-relic3": 4,
		"*-relic4": 5,
		"*-relic5": 6,
	},
	
	durabilitybytype: {
		"axe-double-relic0": 280,
		"axe-double-relic1": 420,
		"axe-double-relic2": 1008,
		"axe-double-relic3": 1428,
		"axe-double-relic4": 3562,
		"axe-double-relic5": 4274,
	},
	attackpowerbytype: {
		"axe-double-relic0": 3.95,
		"axe-double-relic1": 5.93,
		"axe-double-relic2": 7.49,
		"axe-double-relic3": 7.8,
		"axe-double-relic4": 8.27,
		"axe-double-relic5": 9.92,
	},
	creativeinventory: { "general": ["*"],  "vanillaarmory": ["*"], "items": ["*"], "tools": ["*"], "clutterByType": { "*-ruined": ["*"] } },

	fpHandTransform: {
		translation: { x: -0.3, y: -0.5, z: 0.3 },
		rotation: { x: -29, y: 1, z: 88 },
		origin: { x: 0.2, y: 0.5, z: 0.5 },
		scale: 2.5
	},
	guiTransformByType: {
		
		"*": {
			translation: { x: 0, y: 0, z: 0 },
			rotation: { x: -63, y: -123, z: -180 },
			origin: { x: 0.61, y: 0, z: 0.47 },
			scale: 1.58
		}
	},
	groundTransformByType: {
		
		"*": {
			translation: { x: 0, y: 0, z: 0 },
			rotation: { x: 0, y: 0, z: 0 },
			origin: { x: 0.5, y: 0, z: 0.5 },
			scale: 3.6
		}
	},
	tpHandTransformByType: {
		
		"*": {
			translation: { x: -0.43, y: -0.52, z: -0.07 },
			rotation: { x: 90, y: 0, z: 0 },
			scale: 0.95
		}
	}
}