{
	code: "axe",
	damagedby: ["blockbreaking", "attacking"],
	tool: "axe",
	class: "ItemAxe",
	attributes: {

			"bloodshed-defense": {
				"blockSoundLight": "game:tool/slash",
				"blockSoundHeavy": "game:effect/anvilmergehit",
				"protectionChanceByType": {
					"*": {
						"passive": 0.075,
						"active": 0.75
					},
				},
				"damageAbsorptionByType": {
					"*-relic0": 2.5,
					"*-relic1": 3.5,
					"*-relic2": 5.5,
					"*-relic3": 6,
					"*-relic4": 7,
					"*-relic5": 7.5,
				},
				"vertProtectionRange": 67.5,
				"horizProtectionRange": 67.5
			},


"sharpenable": true,
"onGrindstoneTransform": {
		translation: { x: -0.2, y: 0.3, z: 0.4 },
		rotation: { x: 50, y: 0, z: 0 },
		origin: { x: 0.5, y: 0.1, z: 0.5 },
		scale: 1
},

		heldItemPitchFollow: 0.9,
		handbook: {
			groupBy: ["axe-*"]
		},
		toolrackTransformByType: {
			
			"axe-bardiche-*": {
				rotation: { y: 1, z: -1 },
				translation: { x: -0.1, y: 0.6 },
				scale: 1.25,
			},
			
		},
		groundStorageTransformByType: {
			
			"axe-bardiche-*": {
				translation: { x: 0.45, y: -0.1, z: -0.02 },
				rotation: { x: 26, y: 0, z: -87 },
				scale: 0.88
			},
		}
	},
	behaviors: [{ 
		name: "GroundStorable",
		properties: {
			layout: 'WallHalves',
			wallOffYByType: {
				"axe-bardiche-*": 2,
				
			},
			ctrlKey: true,
			selectionBox: { x1: 0, y1: 0, z1: 0, x2: 1, y2: 0.1, z2: 1 },
			collisionBox: { x1: 0, y1: 0, z1: 0, x2: 0, y2: 0, z2: 0 },
		}
	}, { name: "AnimationAuthoritative", properties: { onlyOnEntity: true } }],
	variantgroups: [
		{ code: "type", states: ["bardiche", ] },
		{ code: "material", states: ["relic0", "relic1", "relic2", "relic3", "relic4", "relic5" ] }
	],
	skipVariants: [
		"axe-bardiche-gold",
		"axe-bardiche-silver"
	],
	allowedVariants: [
		"axe-bardiche-*",

	],
	shapeByType: {
		"axe-bardiche-*": { "base": "vanillaarmory:shapes/item/tool/axe/bardicherelic" },
	},

	heldRightReadyAnimationByType: {

		"axe-bardiche-*": "axeready",

	},
	heldTpHitAnimationByType: {

		"axe-bardiche-*": "axechop",

	},
	texturesByType: {
		"axe-scrap-scrap": { },
		"axe-bardiche-*": { "blackbronze2": { base: "vanillaarmory:{material}" }, 
				"debarked/oak": { base: "game:block/wood/debarked/veryaged"} },
		
	},
	attackRangebytype: {	
		"*": 3
	},
	attributesByType: {
		"axe-bardiche-*": {
			attachableToEntity: {
				categoryCode: "utilities",
				attachedShapeBySlotCode: {
					"frontrightside": { base: "item/wearable/hooved/elk/weaponr-bardiche-relic" },
					"frontleftside": { base: "item/wearable/hooved/elk/weaponl-bardiche-relic" }
				}
			}				
		}
	},

	tooltierbytype: {
		"*-relic0": 2,
		"*-relic1": 2,
		"*-relic2": 3,
		"*-relic3": 4,
		"*-relic4": 5,
		"*-relic5": 6,
		
	},
	
	durabilitybytype: {
		
		"axe-bardiche-relic0": 160,
		"axe-bardiche-relic1": 240,
		"axe-bardiche-relic2": 576,
		"axe-bardiche-relic3": 816,
		"axe-bardiche-relic4": 2035,
		"axe-bardiche-relic5": 2442,

	},
	attackpowerbytype: {

		"axe-bardiche-relic0": 4.26,
		"axe-bardiche-relic1": 6.38,
		"axe-bardiche-relic2": 8.06,
		"axe-bardiche-relic3": 8.4,
		"axe-bardiche-relic4": 8.9,
		"axe-bardiche-relic5": 10.68,

	},
	creativeinventory: { "general": ["*"],  "vanillaarmory": ["*"], "items": ["*"], "tools": ["*"], "clutterByType": { "*-ruined": ["*"] } },

	fpHandTransform: {
		translation: { x: -0.3, y: -0.5, z: 0.3 },
		rotation: { x: -29, y: 1, z: 88 },
		origin: { x: 0.2, y: 0.5, z: 0.5 },
		scale: 2.5
	},
	guiTransformByType: {
		"*": {
			translation: { x: 0, y: 0, z: 0 },
			rotation: { x: -63, y: -123, z: -180 },
			origin: { x: 0.61, y: 0, z: 0.47 },
			scale: 1.58
		}
	},
	groundTransformByType: {
		
		"*": {
			translation: { x: 0, y: 0.03, z: 0 },
			rotation: { x: 0, y: 0, z: 0 },
			origin: { x: 0.5, y: 0, z: 0.5 },
			scale: 3.6
		},
		
	},
	tpHandTransformByType: {
		
		"axe-bardiche-*": {
			translation: { x: -1.09, y: -0.5, z: -0.03 },
			rotation: { x: 90, y: 0, z: -2 },
			scale: 0.95
		},
		
	}
}