[
  {
    "op": "replace",
    "path": "/0/output/quantity",
    "value": 1,
    "file": "game:recipes/grid/cobblestone.json",
    "side": "Server"
  },
  {
    "op": "replace",
    "path": "/1/output/quantity",
    "value": 1,
    "file": "game:recipes/grid/cobblestone.json",
    "side": "Server"
  },
  {
    "op": "replace",
    "path": "/2/output/quantity",
    "value": 1,
    "file": "game:recipes/grid/cobblestone.json",
    "side": "Server"
  },
  {
    "op": "replace",
    "path": "/3/output/quantity",
    "value": 1,
    "file": "game:recipes/grid/cobblestone.json",
    "side": "Server"
  },
  {
    "op": "replace",
    "path": "/4/output/quantity",
    "value": 1,
    "file": "game:recipes/grid/cobblestone.json",
    "side": "Server"
  },
  {
    "op": "replace",
    "path": "/5/output/quantity",
    "value": 1,
    "file": "game:recipes/grid/cobblestone.json",
    "side": "Server"
  },
  {
    "op": "replace",
    "path": "/6/output/quantity",
    "value": 1,
    "file": "game:recipes/grid/cobblestone.json",
    "side": "Server"
  },
  {
    "op": "replace",
    "path": "/7/output/quantity",
    "value": 1,
    "file": "game:recipes/grid/cobblestone.json",
    "side": "Server"
  },
  {
    "op": "replace",
    "path": "/8/output/quantity",
    "value": 1,
    "file": "game:recipes/grid/cobblestone.json",
    "side": "Server"
  },
  {
    "op": "replace",
    "path": "/9/output/quantity",
    "value": 1,
    "file": "game:recipes/grid/cobblestone.json",
    "side": "Server"
  },
  {
    "op": "replace",
    "path": "/10/output/quantity",
    "value": 1,
    "file": "game:recipes/grid/cobblestone.json",
    "side": "Server"
  },
  {
    "op": "replace",
    "path": "/11/output/quantity",
    "value": 1,
    "file": "game:recipes/grid/cobblestone.json",
    "side": "Server"
  },
  {
    "op": "replace",
    "path": "/12/output/quantity",
    "value": 1,
    "file": "game:recipes/grid/cobblestone.json",
    "side": "Server"
  },
  {
    "op": "replace",
    "path": "/13/output/quantity",
    "value": 1,
    "file": "game:recipes/grid/cobblestone.json",
    "side": "Server"
  },
  {
    "op": "replace",
    "path": "/14/output/quantity",
    "value": 1,
    "file": "game:recipes/grid/cobblestone.json",
    "side": "Server"
  },
  {
    "op": "replace",
    "path": "/15/output/quantity",
    "value": 1,
    "file": "game:recipes/grid/cobblestone.json",
    "side": "Server"
  },
  {
    "op": "replace",
    "path": "/16/output/quantity",
    "value": 1,
    "file": "game:recipes/grid/cobblestone.json",
    "side": "Server"
  },
  {
    "op": "replace",
    "path": "/17/output/quantity",
    "value": 1,
    "file": "game:recipes/grid/cobblestone.json",
    "side": "Server"
  },
  {
    "op": "replace",
    "path": "/18/output/quantity",
    "value": 1,
    "file": "game:recipes/grid/cobblestone.json",
    "side": "Server"
  },
  {
    "op": "replace",
    "path": "/19/output/quantity",
    "value": 1,
    "file": "game:recipes/grid/cobblestone.json",
    "side": "Server"
  },
  {
    "op": "replace",
    "path": "/20/output/quantity",
    "value": 1,
    "file": "game:recipes/grid/cobblestone.json",
    "side": "Server"
  }
]