[
	{
		ingredientPattern: "BL,P_",
		recipeGroup: 2,
		ingredients: {
			"B": { type: "item", code: "fa-greenwich-head-armet-steel-*",  
						name: "color", allowedVariants: [
					"plain",
					"blue",
					"red",
					"yellow",
					"green",
					"purple",
					"pink",
					"orange",
					"brown",
					"gray",
					"black",
					"white",
					"none",
					"bear-black",
					"bear-brown",
					"bear-polar"
				]
			},
			"P": { type: "item", code: "game:metalplate-steel"
			},
			"L": { type: "item", code: "game:leather-normal-plain"
			}
		},
		width: 2,
		height: 2,
		shapeless: true,
		copyAttributesFrom: 'B',
		averageDurability: false,
		name: "greenwich steel plate armet repair",
		output: { type: "item", code: "fa-greenwich-head-armet-steel-{color}"
		}
	},
	{
		ingredientPattern: "BL,P_",
		recipeGroup: 2,
		ingredients: {
			"B": { type: "item", code: "fa-greenwich-head-armet-steelplain-*",  
						name: "color", allowedVariants: [
					"plain",
					"blue",
					"red",
					"yellow",
					"green",
					"purple",
					"pink",
					"orange",
					"brown",
					"gray",
					"black",
					"white",
					"none",
					"bear-black",
					"bear-brown",
					"bear-polar"
				]
			},
			"P": { type: "item", code: "game:metalplate-steel"
			},
			"L": { type: "item", code: "game:leather-normal-plain"
			}
		},
		width: 2,
		height: 2,
		shapeless: true,
		copyAttributesFrom: 'B',
		averageDurability: false,
		name: "greenwich steel plate armet repair",
		output: { type: "item", code: "fa-greenwich-head-armet-steelplain-{color}"
		}
	},
	{
		ingredientPattern: "BL,P_",
		recipeGroup: 2,
		ingredients: {
			"B": { type: "item", code: "fa-greenwich-head-armet-meteoriciron-*",  
						name: "color", allowedVariants: [
					"plain",
					"blue",
					"red",
					"yellow",
					"green",
					"purple",
					"pink",
					"orange",
					"brown",
					"gray",
					"black",
					"white",
					"none",
					"bear-black",
					"bear-brown",
					"bear-polar"
				]
			},
			"P": { type: "item", code: "game:metalplate-meteoriciron"
			},
			"L": { type: "item", code: "game:leather-normal-plain"
			}
		},
		width: 2,
		height: 2,
		shapeless: true,
		copyAttributesFrom: 'B',
		averageDurability: false,
		name: "greenwich meteoric iron plate armet repair",
		output: { type: "item", code: "fa-greenwich-head-armet-meteoriciron-{color}"
		}
	},
	{
		ingredientPattern: "BL,P_",
		recipeGroup: 2,
		ingredients: {
			"B": { type: "item", code: "fa-greenwich-head-armet-iron-*",  
						name: "color", allowedVariants: [
					"plain",
					"blue",
					"red",
					"yellow",
					"green",
					"purple",
					"pink",
					"orange",
					"brown",
					"gray",
					"black",
					"white",
					"none",
					"bear-black",
					"bear-brown",
					"bear-polar"
				]
			},
			"P": { type: "item", code: "game:metalplate-iron"
			},
			"L": { type: "item", code: "game:leather-normal-plain"
			}
		},
		width: 2,
		height: 2,
		shapeless: true,
		copyAttributesFrom: 'B',
		averageDurability: false,
		name: "greenwich iron plate armet repair",
		output: { type: "item", code: "fa-greenwich-head-armet-iron-{color}"
		}
	},
	{
		ingredientPattern: "BL,P_",
		recipeGroup: 2,
		ingredients: {
			"B": { type: "item", code: "fa-greenwich-head-armetwing-steel-*",  
						name: "color", allowedVariants: [
					"plain",
					"blue",
					"red",
					"yellow",
					"green",
					"purple",
					"pink",
					"orange",
					"brown",
					"gray",
					"black",
					"white",
					"none"
				]
			},
			"P": { type: "item", code: "game:metalplate-steel"
			},
			"L": { type: "item", code: "game:leather-normal-plain"
			}
		},
		width: 2,
		height: 2,
		shapeless: true,
		copyAttributesFrom: 'B',
		averageDurability: false,
		name: "greenwich steel plate armet repair",
		output: { type: "item", code: "fa-greenwich-head-armetwing-steel-{color}"
		}
	},
	{
		ingredientPattern: "BL,P_",
		recipeGroup: 2,
		ingredients: {
			"B": { type: "item", code: "fa-greenwich-head-armetwing-steelplain-*",  
						name: "color", allowedVariants: [
					"plain",
					"blue",
					"red",
					"yellow",
					"green",
					"purple",
					"pink",
					"orange",
					"brown",
					"gray",
					"black",
					"white",
					"none"
				]
			},
			"P": { type: "item", code: "game:metalplate-steel"
			},
			"L": { type: "item", code: "game:leather-normal-plain"
			}
		},
		width: 2,
		height: 2,
		shapeless: true,
		copyAttributesFrom: 'B',
		averageDurability: false,
		name: "greenwich steel plate armet repair",
		output: { type: "item", code: "fa-greenwich-head-armetwing-steelplain-{color}"
		}
	},
	{
		ingredientPattern: "BL,P_",
		recipeGroup: 2,
		ingredients: {
			"B": { type: "item", code: "fa-greenwich-head-armetwing-meteoriciron-*",  
						name: "color", allowedVariants: [
					"plain",
					"blue",
					"red",
					"yellow",
					"green",
					"purple",
					"pink",
					"orange",
					"brown",
					"gray",
					"black",
					"white",
					"none"
				]
			},
			"P": { type: "item", code: "game:metalplate-meteoriciron"
			},
			"L": { type: "item", code: "game:leather-normal-plain"
			}
		},
		width: 2,
		height: 2,
		shapeless: true,
		copyAttributesFrom: 'B',
		averageDurability: false,
		name: "greenwich meteoric iron plate armet repair",
		output: { type: "item", code: "fa-greenwich-head-armetwing-meteoriciron-{color}"
		}
	},
	{
		ingredientPattern: "BL,P_",
		recipeGroup: 2,
		ingredients: {
			"B": { type: "item", code: "fa-greenwich-head-armetwing-iron-*",  
						name: "color", allowedVariants: [
					"plain",
					"blue",
					"red",
					"yellow",
					"green",
					"purple",
					"pink",
					"orange",
					"brown",
					"gray",
					"black",
					"white",
					"none"
				]
			},
			"P": { type: "item", code: "game:metalplate-iron"
			},
			"L": { type: "item", code: "game:leather-normal-plain"
			}
		},
		width: 2,
		height: 2,
		shapeless: true,
		copyAttributesFrom: 'B',
		averageDurability: false,
		name: "greenwich iron plate armet repair",
		output: { type: "item", code: "fa-greenwich-head-armetwing-iron-{color}"
		}
	},
	{
		ingredientPattern: "BL,P_",
		recipeGroup: 2,
		ingredients: {
			"B": { type: "item", code: "fa-greenwich-head-armetcrista-steel-*",  
						name: "color", allowedVariants: [
					"plain",
					"blue",
					"red",
					"yellow",
					"green",
					"purple",
					"pink",
					"orange",
					"brown",
					"gray",
					"black",
					"white",
					"none"
				]
			},
			"P": { type: "item", code: "game:metalplate-steel"
			},
			"L": { type: "item", code: "game:leather-normal-plain"
			}
		},
		width: 2,
		height: 2,
		shapeless: true,
		copyAttributesFrom: 'B',
		averageDurability: false,
		name: "greenwich steel plate armet repair",
		output: { type: "item", code: "fa-greenwich-head-armetcrista-steel-{color}"
		}
	},
	{
		ingredientPattern: "BL,P_",
		recipeGroup: 2,
		ingredients: {
			"B": { type: "item", code: "fa-greenwich-head-armetcrista-steelplain-*",  
						name: "color", allowedVariants: [
					"plain",
					"blue",
					"red",
					"yellow",
					"green",
					"purple",
					"pink",
					"orange",
					"brown",
					"gray",
					"black",
					"white",
					"none"
				]
			},
			"P": { type: "item", code: "game:metalplate-steel"
			},
			"L": { type: "item", code: "game:leather-normal-plain"
			}
		},
		width: 2,
		height: 2,
		shapeless: true,
		copyAttributesFrom: 'B',
		averageDurability: false,
		name: "greenwich steel plate armet repair",
		output: { type: "item", code: "fa-greenwich-head-armetcrista-steelplain-{color}"
		}
	},
	{
		ingredientPattern: "BL,P_",
		recipeGroup: 2,
		ingredients: {
			"B": { type: "item", code: "fa-greenwich-head-armetcrista-meteoriciron-*",  
						name: "color", allowedVariants: [
					"plain",
					"blue",
					"red",
					"yellow",
					"green",
					"purple",
					"pink",
					"orange",
					"brown",
					"gray",
					"black",
					"white",
					"none"
				]
			},
			"P": { type: "item", code: "game:metalplate-meteoriciron"
			},
			"L": { type: "item", code: "game:leather-normal-plain"
			}
		},
		width: 2,
		height: 2,
		shapeless: true,
		copyAttributesFrom: 'B',
		averageDurability: false,
		name: "greenwich meteoric iron plate armet repair",
		output: { type: "item", code: "fa-greenwich-head-armetcrista-meteoriciron-{color}"
		}
	},
	{
		ingredientPattern: "BL,P_",
		recipeGroup: 2,
		ingredients: {
			"B": { type: "item", code: "fa-greenwich-head-armetcrista-iron-*",  
						name: "color", allowedVariants: [
					"plain",
					"blue",
					"red",
					"yellow",
					"green",
					"purple",
					"pink",
					"orange",
					"brown",
					"gray",
					"black",
					"white",
					"none"
				]
			},
			"P": { type: "item", code: "game:metalplate-iron"
			},
			"L": { type: "item", code: "game:leather-normal-plain"
			}
		},
		width: 2,
		height: 2,
		shapeless: true,
		copyAttributesFrom: 'B',
		averageDurability: false,
		name: "greenwich iron plate armet repair",
		output: { type: "item", code: "fa-greenwich-head-armetcrista-iron-{color}"
		}
	},
	{
		ingredientPattern: "BL,P_",
		recipeGroup: 2,
		ingredients: {
			"B": { type: "item", code: "fa-greenwich-body-steel-*",  
						name: "color", allowedVariants: [
					"plain",
					"blue",
					"red",
					"yellow",
					"green",
					"purple",
					"pink",
					"orange",
					"brown",
					"gray",
					"black",
					"white",
					"none",
					"bear-black",
					"bear-brown",
					"bear-polar"
				]
			},
			"P": { type: "item", code: "game:metalplate-steel"
			},
			"L": { type: "item", code: "game:leather-normal-plain"
			}
		},
		width: 2,
		height: 2,
		shapeless: true,
		copyAttributesFrom: 'B',
		averageDurability: false,
		name: "greenwich steel plate body repair",
		output: { type: "item", code: "fa-greenwich-body-steel-{color}"
		}
	},
	{
		ingredientPattern: "BL,P_",
		recipeGroup: 2,
		ingredients: {
			"B": { type: "item", code: "fa-greenwich-body-steelplain-*",  
						name: "color", allowedVariants: [
					"plain",
					"blue",
					"red",
					"yellow",
					"green",
					"purple",
					"pink",
					"orange",
					"brown",
					"gray",
					"black",
					"white",
					"none",
					"bear-black",
					"bear-brown",
					"bear-polar"
				]
			},
			"P": { type: "item", code: "game:metalplate-steel"
			},
			"L": { type: "item", code: "game:leather-normal-plain"
			}
		},
		width: 2,
		height: 2,
		shapeless: true,
		copyAttributesFrom: 'B',
		averageDurability: false,
		name: "greenwich steel plate body repair",
		output: { type: "item", code: "fa-greenwich-body-steelplain-{color}"
		}
	},
	{
		ingredientPattern: "BL,P_",
		recipeGroup: 2,
		ingredients: {
			"B": { type: "item", code: "fa-greenwich-body-meteoriciron-*",  
						name: "color", allowedVariants: [
					"plain",
					"blue",
					"red",
					"yellow",
					"green",
					"purple",
					"pink",
					"orange",
					"brown",
					"gray",
					"black",
					"white",
					"none",
					"bear-black",
					"bear-brown",
					"bear-polar"
				]
			},
			"P": { type: "item", code: "game:metalplate-meteoriciron"
			},
			"L": { type: "item", code: "game:leather-normal-plain"
			}
		},
		width: 2,
		height: 2,
		shapeless: true,
		copyAttributesFrom: 'B',
		averageDurability: false,
		name: "greenwich meteoric iron plate body repair",
		output: { type: "item", code: "fa-greenwich-body-meteoriciron-{color}"
		}
	},
	{
		ingredientPattern: "BL,P_",
		recipeGroup: 2,
		ingredients: {
			"B": { type: "item", code: "fa-greenwich-body-iron-*",  
						name: "color", allowedVariants: [
					"plain",
					"blue",
					"red",
					"yellow",
					"green",
					"purple",
					"pink",
					"orange",
					"brown",
					"gray",
					"black",
					"white",
					"none",
					"bear-black",
					"bear-brown",
					"bear-polar"
				]
			},
			"P": { type: "item", code: "game:metalplate-iron"
			},
			"L": { type: "item", code: "game:leather-normal-plain"
			}
		},
		width: 2,
		height: 2,
		shapeless: true,
		copyAttributesFrom: 'B',
		averageDurability: false,
		name: "greenwich iron plate body repair",
		output: { type: "item", code: "fa-greenwich-body-iron-{color}"
		}
	},
	{
		ingredientPattern: "BL,P_",
		recipeGroup: 2,
		ingredients: {
			"B": { type: "item", code: "fa-greenwich-legs-steel-*",  
						name: "color", allowedVariants: [
					"plain",
					"blue",
					"red",
					"yellow",
					"green",
					"purple",
					"pink",
					"orange",
					"brown",
					"gray",
					"black",
					"white",
					"none",
					"bear-black",
					"bear-brown",
					"bear-polar"
				]
			},
			"P": { type: "item", code: "game:metalplate-steel"
			},
			"L": { type: "item", code: "game:leather-normal-plain"
			}
		},
		width: 2,
		height: 2,
		shapeless: true,
		copyAttributesFrom: 'B',
		averageDurability: false,
		name: "greenwich steel plate legs repair",
		output: { type: "item", code: "fa-greenwich-legs-steel-{color}"
		}
	},
	{
		ingredientPattern: "BL,P_",
		recipeGroup: 2,
		ingredients: {
			"B": { type: "item", code: "fa-greenwich-legs-steelplain-*",  
						name: "color", allowedVariants: [
					"plain",
					"blue",
					"red",
					"yellow",
					"green",
					"purple",
					"pink",
					"orange",
					"brown",
					"gray",
					"black",
					"white",
					"none",
					"bear-black",
					"bear-brown",
					"bear-polar"
				]
			},
			"P": { type: "item", code: "game:metalplate-steel"
			},
			"L": { type: "item", code: "game:leather-normal-plain"
			}
		},
		width: 2,
		height: 2,
		shapeless: true,
		copyAttributesFrom: 'B',
		averageDurability: false,
		name: "greenwich steel plate legs repair",
		output: { type: "item", code: "fa-greenwich-legs-steelplain-{color}"
		}
	},
	{
		ingredientPattern: "BL,P_",
		recipeGroup: 2,
		ingredients: {
			"B": { type: "item", code: "fa-greenwich-legs-meteoriciron-*",  
						name: "color", allowedVariants: [
					"plain",
					"blue",
					"red",
					"yellow",
					"green",
					"purple",
					"pink",
					"orange",
					"brown",
					"gray",
					"black",
					"white",
					"none",
					"bear-black",
					"bear-brown",
					"bear-polar"
				]
			},
			"P": { type: "item", code: "game:metalplate-meteoriciron"
			},
			"L": { type: "item", code: "game:leather-normal-plain"
			}
		},
		width: 2,
		height: 2,
		shapeless: true,
		copyAttributesFrom: 'B',
		averageDurability: false,
		name: "greenwich meteoric iron plate legs repair",
		output: { type: "item", code: "fa-greenwich-legs-meteoriciron-{color}"
		}
	},
	{
		ingredientPattern: "BL,P_",
		recipeGroup: 2,
		ingredients: {
			"B": { type: "item", code: "fa-greenwich-legs-iron-*",  
						name: "color", allowedVariants: [
					"plain",
					"blue",
					"red",
					"yellow",
					"green",
					"purple",
					"pink",
					"orange",
					"brown",
					"gray",
					"black",
					"white",
					"none",
					"bear-black",
					"bear-brown",
					"bear-polar"
				]
			},
			"P": { type: "item", code: "game:metalplate-iron"
			},
			"L": { type: "item", code: "game:leather-normal-plain"
			}
		},
		width: 2,
		height: 2,
		shapeless: true,
		copyAttributesFrom: 'B',
		averageDurability: false,
		name: "greenwich iron plate legs repair",
		output: { type: "item", code: "fa-greenwich-legs-iron-{color}"
		}
	}
]