{
	"editor": {
		"allAngles": false,
		"entityTextureMode": false
	},
	"textureWidth": 16,
	"textureHeight": 16,
	"textureSizes": {
	},
	"textures": {
		"charred": "game:block/wood/charred",
		"emblems1": "game:entity/humanoid/seraphclothes/emblem/emblems1",
		"sword-blackguard": "game:item/tool/sword-blackguard"
	},
	"elements": [
		{
			"name": "Pommel",
			"from": [ -0.75, 0.0, 7.25 ],
			"to": [ 0.75, 1.5, 8.75 ],
			"rotationOrigin": [ 0.0, 0.75, 8.0 ],
			"rotationX": -90.0,
			"rotationZ": -90.0,
			"faces": {
				"north": { "texture": "#sword-blackguard", "uv": [ 9.5, 7.5, 11.0, 9.0 ] },
				"east": { "texture": "#sword-blackguard", "uv": [ 8.0, 7.5, 9.5, 9.0 ] },
				"south": { "texture": "#sword-blackguard", "uv": [ 6.5, 7.5, 8.0, 9.0 ] },
				"west": { "texture": "#sword-blackguard", "uv": [ 5.0, 7.5, 6.5, 9.0 ] },
				"up": { "texture": "#sword-blackguard", "uv": [ 1.5, 0.5, 3.0, 2.0 ] },
				"down": { "texture": "#sword-blackguard", "uv": [ 0.0, 0.5, 1.5, 2.0 ] }
			},
			"children": [
				{
					"name": "Pommel2",
					"from": [ 0.1925, -0.25, 0.1925 ],
					"to": [ 1.3175, 1.75, 1.3175 ],
					"rotationOrigin": [ 0.75, 0.0, 0.75 ],
					"faces": {
						"north": { "texture": "#sword-blackguard", "uv": [ 12.5, 13.0, 14.5, 14.0 ], "rotation": 90 },
						"east": { "texture": "#sword-blackguard", "uv": [ 12.5, 14.0, 14.5, 15.0 ], "rotation": 90 },
						"south": { "texture": "#sword-blackguard", "uv": [ 12.5, 15.0, 14.5, 16.0 ], "rotation": 90 },
						"west": { "texture": "#sword-blackguard", "uv": [ 10.5, 13.0, 12.5, 14.0 ], "rotation": 90 },
						"up": { "texture": "#sword-blackguard", "uv": [ 6.0, 9.5, 7.0, 10.5 ] },
						"down": { "texture": "#sword-blackguard", "uv": [ 5.0, 9.5, 6.0, 10.5 ] }
					}
				},
				{
					"name": "Handle",
					"from": [ 0.25, 1.5, 0.25 ],
					"to": [ 1.25, 7.5, 1.25 ],
					"rotationOrigin": [ 0.75, 2.0, 0.75 ],
					"faces": {
						"north": { "texture": "#charred", "uv": [ 0.0, 0.0, 6.0, 1.0 ], "rotation": 90 },
						"east": { "texture": "#charred", "uv": [ 0.0, 1.0, 6.0, 2.0 ], "rotation": 90 },
						"south": { "texture": "#charred", "uv": [ 0.0, 2.0, 6.0, 3.0 ], "rotation": 90 },
						"west": { "texture": "#charred", "uv": [ 0.0, 3.5, 6.0, 4.5 ], "rotation": 90 }
					},
					"children": [
						{
							"name": "HandleWrap",
							"from": [ -0.15, 0.5, -0.1 ],
							"to": [ 1.15, 5.5, 1.1 ],
							"rotationOrigin": [ 0.5, 0.5, 0.5 ],
							"faces": {
								"north": { "texture": "#sword-blackguard", "uv": [ 0.0, 2.0, 1.5, 8.0 ], "rotation": 180, "autoUv": false },
								"east": { "texture": "#sword-blackguard", "uv": [ 1.5, 2.0, 3.0, 8.0 ], "autoUv": false },
								"south": { "texture": "#sword-blackguard", "uv": [ 0.0, 2.0, 1.5, 8.0 ], "autoUv": false },
								"west": { "texture": "#sword-blackguard", "uv": [ 1.5, 2.0, 3.0, 8.0 ], "autoUv": false },
								"up": { "texture": "#sword-blackguard", "uv": [ 0.0, 7.0, 1.0, 8.0 ], "windMode": [-1,-1,-1,-1] },
								"down": { "texture": "#sword-blackguard", "uv": [ 2.0, 7.0, 3.0, 8.0 ], "windMode": [-1,-1,-1,-1] }
							}
						}
					]
				},
				{
					"name": "Crossguard",
					"from": [ 0.19, 7.25, 0.1925 ],
					"to": [ 1.315, 8.75, 1.3175 ],
					"rotationOrigin": [ 0.75, 8.0, 0.75 ],
					"faces": {
						"north": { "texture": "#sword-blackguard", "uv": [ 5.0, 8.0, 6.5, 9.0 ], "rotation": 90 },
						"east": { "texture": "#sword-blackguard", "uv": [ 8.0, 8.0, 9.5, 9.0 ], "rotation": 90 },
						"south": { "texture": "#sword-blackguard", "uv": [ 6.5, 8.0, 8.0, 9.0 ], "rotation": 90 },
						"west": { "texture": "#sword-blackguard", "uv": [ 9.5, 8.0, 11.0, 9.0 ], "rotation": 90 },
						"up": { "texture": "#sword-blackguard", "uv": [ 0.0, 1.0, 1.0, 2.0 ] },
						"down": { "texture": "#sword-blackguard", "uv": [ 1.0, 0.0, 2.0, 1.0 ] }
					},
					"children": [
						{
							"name": "CrossguardDetail",
							"from": [ 0.31, 0.25, -0.1925 ],
							"to": [ 0.81, 0.75, 1.3075 ],
							"rotationOrigin": [ 0.56, 0.5, 0.5575 ],
							"rotationZ": -45.0,
							"faces": {
								"north": { "texture": "#sword-blackguard", "uv": [ 3.5, 6.5, 4.0, 7.0 ], "rotation": 90 },
								"east": { "texture": "#sword-blackguard", "uv": [ 14.0, 13.0, 14.5, 14.5 ], "rotation": 90 },
								"south": { "texture": "#sword-blackguard", "uv": [ 3.5, 6.5, 4.0, 7.0 ], "rotation": 90 },
								"west": { "texture": "#sword-blackguard", "uv": [ 13.0, 13.0, 13.5, 14.5 ], "rotation": 90 },
								"up": { "texture": "#sword-blackguard", "uv": [ 13.5, 13.0, 14.0, 14.5 ] },
								"down": { "texture": "#sword-blackguard", "uv": [ 12.5, 13.0, 13.0, 14.5 ] }
							}
						},
						{
							"name": "CrossguardRight2",
							"from": [ 0.56, 0.25, 0.31 ],
							"to": [ 4.56, 0.75, 0.81 ],
							"rotationOrigin": [ 1.5, 0.5, 0.56 ],
							"rotationX": -45.0,
							"faces": {
								"north": { "texture": "#sword-blackguard", "uv": [ 3.5, 7.0, 7.5, 7.5 ], "rotation": 180 },
								"south": { "texture": "#sword-blackguard", "uv": [ 3.5, 6.5, 7.5, 7.0 ] },
								"up": { "texture": "#sword-blackguard", "uv": [ 3.5, 7.0, 7.5, 7.5 ] },
								"down": { "texture": "#sword-blackguard", "uv": [ 3.5, 6.5, 7.5, 7.0 ], "rotation": 180 }
							},
							"children": [
								{
									"name": "CrossguardRight3",
									"from": [ 3.5, -0.125, -0.125 ],
									"to": [ 4.25, 0.625, 0.625 ],
									"rotationOrigin": [ 4.0, 0.0, 0.0 ],
									"faces": {
										"north": { "texture": "#sword-blackguard", "uv": [ 3.5, 6.5, 4.0, 7.0 ] },
										"east": { "texture": "#sword-blackguard", "uv": [ 3.5, 7.0, 4.0, 7.5 ] },
										"south": { "texture": "#sword-blackguard", "uv": [ 4.0, 6.5, 4.5, 7.0 ] },
										"west": { "texture": "#sword-blackguard", "uv": [ 4.0, 7.0, 4.5, 7.5 ] },
										"up": { "texture": "#sword-blackguard", "uv": [ 3.5, 6.5, 4.0, 7.0 ] },
										"down": { "texture": "#sword-blackguard", "uv": [ 4.0, 6.5, 4.5, 7.0 ] }
									}
								}
							]
						},
						{
							"name": "CrossguardLeft2",
							"from": [ -1.56, 0.25, 0.31 ],
							"to": [ 2.44, 0.75, 0.81 ],
							"rotationOrigin": [ -0.5, 0.5, 0.56 ],
							"rotationX": -45.0,
							"rotationY": -180.0,
							"faces": {
								"north": { "texture": "#sword-blackguard", "uv": [ 3.5, 6.5, 7.5, 7.0 ], "rotation": 180 },
								"south": { "texture": "#sword-blackguard", "uv": [ 3.5, 7.0, 7.5, 7.5 ] },
								"up": { "texture": "#sword-blackguard", "uv": [ 3.5, 7.0, 7.5, 7.5 ] },
								"down": { "texture": "#sword-blackguard", "uv": [ 3.5, 6.5, 7.5, 7.0 ], "rotation": 180 }
							},
							"children": [
								{
									"name": "CrossguardLeft3",
									"from": [ 3.5, -0.125, -0.125 ],
									"to": [ 4.25, 0.625, 0.625 ],
									"rotationOrigin": [ 4.0, 0.0, 0.0 ],
									"faces": {
										"north": { "texture": "#sword-blackguard", "uv": [ 3.5, 6.5, 4.0, 7.0 ] },
										"east": { "texture": "#sword-blackguard", "uv": [ 3.5, 7.0, 4.0, 7.5 ] },
										"south": { "texture": "#sword-blackguard", "uv": [ 4.0, 6.5, 4.5, 7.0 ] },
										"west": { "texture": "#sword-blackguard", "uv": [ 4.0, 7.0, 4.5, 7.5 ] },
										"up": { "texture": "#sword-blackguard", "uv": [ 3.5, 6.5, 4.0, 7.0 ] },
										"down": { "texture": "#sword-blackguard", "uv": [ 4.0, 6.5, 4.5, 7.0 ] }
									}
								}
							]
						},
						{
							"name": "Emblem",
							"from": [ -0.44, 0.5, 0.31 ],
							"to": [ 1.56, 2.0, 0.81 ],
							"rotationOrigin": [ 0.55, 1.0, 0.5 ],
							"faces": {
								"north": { "texture": "#emblems1", "uv": [ 6.5, 0.5, 8.5, 2.0 ] },
								"east": { "texture": "#emblems1", "uv": [ 7.0, 0.5, 7.5, 2.0 ] },
								"south": { "texture": "#emblems1", "uv": [ 8.0, 0.5, 10.0, 2.0 ] },
								"west": { "texture": "#emblems1", "uv": [ 9.0, 0.5, 9.5, 2.0 ] },
								"up": { "texture": "#emblems1", "uv": [ 7.5, 1.5, 9.5, 2.0 ] }
							},
							"children": [
								{
									"name": "Emblem1",
									"from": [ 0.25, 1.5, 0.0 ],
									"to": [ 1.75, 2.0, 0.5 ],
									"rotationOrigin": [ 1.0, 1.5, 0.25 ],
									"faces": {
										"north": { "texture": "#emblems1", "uv": [ 8.5, 3.0, 10.0, 3.5 ] },
										"east": { "texture": "#emblems1", "uv": [ 7.5, 3.0, 8.0, 3.5 ] },
										"south": { "texture": "#emblems1", "uv": [ 8.5, 3.0, 10.0, 3.5 ] },
										"west": { "texture": "#emblems1", "uv": [ 7.5, 3.0, 8.0, 3.5 ] }
									},
									"children": [
										{
											"name": "Emblem2",
											"from": [ -0.25, 0.5, 0.0 ],
											"to": [ 1.75, 1.0, 0.5 ],
											"rotationOrigin": [ 0.75, 0.5, 0.25 ],
											"faces": {
												"north": { "texture": "#emblems1", "uv": [ 6.5, 3.0, 8.5, 3.5 ] },
												"east": { "texture": "#emblems1", "uv": [ 6.5, 3.5, 7.0, 4.0 ] },
												"south": { "texture": "#emblems1", "uv": [ 8.0, 3.0, 10.0, 3.5 ] },
												"west": { "texture": "#emblems1", "uv": [ 9.5, 3.5, 10.0, 4.0 ] },
												"up": { "texture": "#emblems1", "uv": [ 6.5, 3.5, 8.5, 4.0 ] },
												"down": { "texture": "#emblems1", "uv": [ 8.0, 3.5, 10.0, 4.0 ] }
											},
											"children": [
												{
													"name": "Emblem3",
													"from": [ 0.0, 0.5, 0.0 ],
													"to": [ 0.5, 1.0, 0.5 ],
													"rotationOrigin": [ 1.0, 0.5, 0.25 ],
													"faces": {
														"north": { "texture": "#emblems1", "uv": [ 7.0, 3.0, 7.5, 3.5 ] },
														"east": { "texture": "#emblems1", "uv": [ 8.0, 3.0, 8.5, 3.5 ] },
														"south": { "texture": "#emblems1", "uv": [ 7.5, 3.0, 8.0, 3.5 ] },
														"west": { "texture": "#emblems1", "uv": [ 8.5, 3.0, 9.0, 3.5 ] },
														"up": { "texture": "#emblems1", "uv": [ 9.0, 3.0, 9.5, 3.5 ] }
													}
												},
												{
													"name": "Emblem4",
													"from": [ 0.725, 0.5, 0.0 ],
													"to": [ 1.275, 1.0, 0.5 ],
													"rotationOrigin": [ 1.0, 0.5, 0.25 ],
													"faces": {
														"north": { "texture": "#emblems1", "uv": [ 6.5, 3.0, 7.0, 3.5 ] },
														"east": { "texture": "#emblems1", "uv": [ 7.5, 3.0, 8.0, 3.5 ] },
														"south": { "texture": "#emblems1", "uv": [ 7.0, 3.0, 7.5, 3.5 ] },
														"west": { "texture": "#emblems1", "uv": [ 8.0, 3.0, 8.5, 3.5 ] },
														"up": { "texture": "#emblems1", "uv": [ 8.5, 3.0, 9.0, 3.5 ] }
													}
												},
												{
													"name": "Emblem5",
													"from": [ 1.5, 0.5, 0.0 ],
													"to": [ 2.0, 1.0, 0.5 ],
													"rotationOrigin": [ 1.0, 0.5, 0.25 ],
													"faces": {
														"north": { "texture": "#emblems1", "uv": [ 7.0, 4.0, 7.5, 4.5 ] },
														"east": { "texture": "#emblems1", "uv": [ 8.0, 4.0, 8.5, 4.5 ] },
														"south": { "texture": "#emblems1", "uv": [ 7.5, 4.0, 8.0, 4.5 ] },
														"west": { "texture": "#emblems1", "uv": [ 8.5, 4.0, 9.0, 4.5 ] },
														"up": { "texture": "#emblems1", "uv": [ 9.0, 4.0, 9.5, 4.5 ] }
													}
												}
											]
										}
									]
								}
							]
						}
					]
				},
				{
					"name": "Blade",
					"from": [ 0.5, 8.5, 0.6 ],
					"to": [ 1.0, 20.5, 0.9 ],
					"rotationOrigin": [ 0.75, 8.5, 0.75 ],
					"faces": {
						"north": { "texture": "#sword-blackguard", "uv": [ 0.0, 0.0, 12.0, 0.5 ], "rotation": 90 },
						"east": { "texture": "#sword-blackguard", "uv": [ 0.0, 0.0, 12.0, 0.5 ], "rotation": 90 },
						"south": { "texture": "#sword-blackguard", "uv": [ 0.0, 0.0, 12.0, 0.5 ], "rotation": 90 },
						"west": { "texture": "#sword-blackguard", "uv": [ 0.0, 0.0, 12.0, 0.5 ], "rotation": 90 }
					},
					"children": [
						{
							"name": "Edge1",
							"from": [ -0.6, 0.0, 0.1 ],
							"to": [ 0.15, 15.0, 0.2 ],
							"rotationOrigin": [ -0.75, 0.0, 0.15 ],
							"rotationZ": -1.0,
							"faces": {
								"north": { "texture": "#sword-blackguard", "uv": [ 0.0, 15.5, 15.0, 16.0 ], "rotation": 90 },
								"east": { "texture": "#sword-blackguard", "uv": [ 0.0, 14.0, 15.0, 14.5 ], "rotation": 90 },
								"south": { "texture": "#sword-blackguard", "uv": [ 0.0, 15.5, 15.0, 16.0 ], "rotation": 90 },
								"west": { "texture": "#sword-blackguard", "uv": [ 0.0, 14.0, 15.0, 14.5 ], "rotation": 90 }
							}
						},
						{
							"name": "Edge2",
							"from": [ 0.35, 0.0, 0.1 ],
							"to": [ 1.1, 15.0, 0.2 ],
							"rotationOrigin": [ 1.25, 0.0, 0.15 ],
							"rotationZ": 1.0,
							"faces": {
								"north": { "texture": "#sword-blackguard", "uv": [ 0.0, 15.5, 15.0, 16.0 ], "rotation": 90 },
								"east": { "texture": "#sword-blackguard", "uv": [ 0.0, 15.5, 15.0, 16.0 ], "rotation": 90 },
								"south": { "texture": "#sword-blackguard", "uv": [ 0.0, 15.5, 15.0, 16.0 ], "rotation": 90 },
								"west": { "texture": "#sword-blackguard", "uv": [ 0.0, 15.5, 15.0, 16.0 ], "rotation": 90 }
							}
						},
						{
							"name": "Blade2",
							"from": [ 0.0, 15.0, 0.0 ],
							"to": [ 0.5, 22.7, 0.3 ],
							"rotationOrigin": [ 0.25, 15.0, 0.15 ],
							"faces": {
								"north": { "texture": "#sword-blackguard", "uv": [ 0.0, 1.5, 7.5, 2.0 ], "rotation": 90 },
								"east": { "texture": "#sword-blackguard", "uv": [ 0.0, 1.5, 7.5, 2.0 ], "rotation": 90 },
								"south": { "texture": "#sword-blackguard", "uv": [ 0.0, 1.5, 7.5, 2.0 ], "rotation": 90 },
								"west": { "texture": "#sword-blackguard", "uv": [ 0.0, 1.5, 7.5, 2.0 ], "rotation": 90 },
								"up": { "texture": "#sword-blackguard", "uv": [ 0.0, 1.5, 0.5, 2.0 ], "windMode": [-1,-1,-1,-1], "windData": [1,1,1,1] }
							},
							"children": [
								{
									"name": "Edge3",
									"from": [ -0.34, -0.02, 0.1 ],
									"to": [ 0.16, 7.98, 0.2 ],
									"rotationOrigin": [ -0.5, 0.0, 0.15 ],
									"rotationZ": -1.5,
									"faces": {
										"north": { "texture": "#sword-blackguard", "uv": [ 0.0, 11.5, 8.0, 12.0 ], "rotation": 90 },
										"east": { "texture": "#sword-blackguard", "uv": [ 0.0, 12.0, 8.0, 12.5 ], "rotation": 90 },
										"south": { "texture": "#sword-blackguard", "uv": [ 0.0, 11.5, 8.0, 12.0 ], "rotation": 90 },
										"west": { "texture": "#sword-blackguard", "uv": [ 0.0, 12.0, 8.0, 12.5 ], "rotation": 90 }
									}
								},
								{
									"name": "Edge4",
									"from": [ 0.34, -0.02, 0.1 ],
									"to": [ 0.84, 7.98, 0.2 ],
									"rotationOrigin": [ 1.0, 0.0, 0.15 ],
									"rotationZ": 1.5,
									"faces": {
										"north": { "texture": "#sword-blackguard", "uv": [ 0.0, 14.0, 8.0, 14.5 ], "rotation": 90 },
										"east": { "texture": "#sword-blackguard", "uv": [ 0.0, 12.0, 8.0, 12.5 ], "rotation": 90 },
										"south": { "texture": "#sword-blackguard", "uv": [ 0.0, 13.5, 8.0, 14.0 ], "rotation": 90 },
										"west": { "texture": "#sword-blackguard", "uv": [ 0.0, 11.5, 8.0, 12.0 ], "rotation": 90 }
									}
								},
								{
									"name": "Tip",
									"from": [ 0.07, 7.52, 0.01 ],
									"to": [ 0.43, 7.88, 0.29 ],
									"rotationOrigin": [ 0.25, 7.7, 0.0 ],
									"rotationZ": -45.0,
									"faces": {
										"north": { "texture": "#sword-blackguard", "uv": [ 0.0, 0.0, 0.5, 0.5 ] },
										"south": { "texture": "#sword-blackguard", "uv": [ 0.0, 0.0, 0.5, 0.5 ], "windMode": [-1,-1,-1,-1] },
										"west": { "texture": "#sword-blackguard", "uv": [ 0.0, 0.0, 0.5, 0.5 ] },
										"up": { "texture": "#sword-blackguard", "uv": [ 0.0, 0.0, 0.5, 0.5 ] }
									}
								}
							]
						},
						{
							"name": "BladeTip",
							"from": [ 0.0, 22.72, 0.11 ],
							"to": [ 0.53, 23.25, 0.21 ],
							"rotationOrigin": [ 0.25, 23.0, 0.15 ],
							"rotationZ": -45.0,
							"faces": {
								"north": { "texture": "#sword-blackguard", "uv": [ 3.5, 6.5, 4.0, 7.0 ] },
								"east": { "texture": "#sword-blackguard", "uv": [ 3.5, 6.5, 4.0, 7.0 ] },
								"south": { "texture": "#sword-blackguard", "uv": [ 3.5, 6.5, 4.0, 7.0 ] },
								"west": { "texture": "#sword-blackguard", "uv": [ 3.5, 6.5, 4.0, 7.0 ] },
								"up": { "texture": "#sword-blackguard", "uv": [ 3.5, 6.5, 4.0, 7.0 ] },
								"down": { "texture": "#sword-blackguard", "uv": [ 3.5, 6.5, 4.0, 7.0 ] }
							}
						},
						{
							"name": "Blade3",
							"from": [ 0.0, 12.0, 0.0 ],
							"to": [ 0.5, 15.0, 0.3 ],
							"rotationOrigin": [ 0.0, 12.0, 0.0 ],
							"faces": {
								"north": { "texture": "#sword-blackguard", "uv": [ 8.5, 1.5, 11.5, 2.0 ], "rotation": 90 },
								"east": { "texture": "#sword-blackguard", "uv": [ 8.5, 1.5, 11.5, 2.0 ], "rotation": 90 },
								"south": { "texture": "#sword-blackguard", "uv": [ 8.5, 1.5, 11.5, 2.0 ], "rotation": 90 },
								"west": { "texture": "#sword-blackguard", "uv": [ 8.5, 1.5, 11.5, 2.0 ], "rotation": 90 }
							}
						},
						{
							"name": "Edge5",
							"from": [ -0.5, 0.0, 0.05 ],
							"to": [ 0.0, 13.0, 0.25 ],
							"rotationOrigin": [ -0.75, 0.0, 0.15 ],
							"rotationZ": -1.0,
							"faces": {
								"north": { "texture": "#sword-blackguard", "uv": [ 0.0, 1.5, 13.0, 2.0 ], "rotation": 90 },
								"east": { "texture": "#sword-blackguard", "uv": [ 0.0, 1.5, 13.0, 2.0 ], "rotation": 90 },
								"south": { "texture": "#sword-blackguard", "uv": [ 0.0, 1.5, 13.0, 2.0 ], "rotation": 90 },
								"west": { "texture": "#sword-blackguard", "uv": [ 0.0, 1.5, 13.0, 2.0 ], "rotation": 90 }
							},
							"children": [
								{
									"name": "Edge6",
									"from": [ 0.0, 13.0, 0.0 ],
									"to": [ 0.5, 22.0, 0.2 ],
									"rotationOrigin": [ -0.25, 13.0, 0.1 ],
									"rotationX": 0.0,
									"rotationY": 0.0,
									"rotationZ": -0.75,
									"faces": {
										"north": { "texture": "#sword-blackguard", "uv": [ 3.5, 3.0, 12.5, 3.5 ], "rotation": 90 },
										"east": { "texture": "#sword-blackguard", "uv": [ 3.5, 3.0, 12.5, 3.5 ], "rotation": 90 },
										"south": { "texture": "#sword-blackguard", "uv": [ 3.5, 3.0, 12.5, 3.5 ], "rotation": 90 },
										"west": { "texture": "#sword-blackguard", "uv": [ 3.5, 3.0, 12.5, 3.5 ], "rotation": 90 }
									}
								}
							]
						},
						{
							"name": "Edge7",
							"from": [ 0.5, 0.0, 0.05 ],
							"to": [ 1.0, 13.0, 0.25 ],
							"rotationOrigin": [ 1.25, 0.0, 0.15 ],
							"rotationZ": 1.0,
							"faces": {
								"north": { "texture": "#sword-blackguard", "uv": [ 0.0, 1.5, 13.0, 2.0 ], "rotation": 90 },
								"east": { "texture": "#sword-blackguard", "uv": [ 0.0, 1.5, 13.0, 2.0 ], "rotation": 90 },
								"south": { "texture": "#sword-blackguard", "uv": [ 0.0, 1.5, 13.0, 2.0 ], "rotation": 90 },
								"west": { "texture": "#sword-blackguard", "uv": [ 0.0, 1.5, 13.0, 2.0 ], "rotation": 90 }
							},
							"children": [
								{
									"name": "Edge8",
									"from": [ 0.0175, 13.0, 0.0 ],
									"to": [ 0.5175, 22.0, 0.2 ],
									"rotationOrigin": [ 0.7675, 12.9998, 0.1 ],
									"rotationX": 0.0,
									"rotationY": 0.0,
									"rotationZ": 0.75,
									"faces": {
										"north": { "texture": "#sword-blackguard", "uv": [ 3.0, 2.5, 12.0, 3.0 ], "rotation": 90 },
										"east": { "texture": "#sword-blackguard", "uv": [ 3.0, 2.5, 12.0, 3.0 ], "rotation": 90 },
										"south": { "texture": "#sword-blackguard", "uv": [ 3.0, 2.5, 12.0, 3.0 ], "rotation": 90 },
										"west": { "texture": "#sword-blackguard", "uv": [ 3.0, 2.5, 12.0, 3.0 ], "rotation": 90 }
									}
								}
							]
						}
					]
				}
			]
		}
	]}
