[
  {
    "ingredientPattern": "BDH,VDD,GDH",
    "requiresTrait": "artisan",
    "ingredients": {
      "B": {
        "type": "block",
        "code": "game:woodbucket"
      },
      "V": {
        "type": "block",
        "code": "game:storagevessel-{type}-raw"
      },
      "G": {
        "type": "item",
        "code": "em:powdered-ore-*",
        "name": "ore",
        "allowedVariants": [ "whitelead", "zincoxide" ]
      },
      "D": {
        "type": "item",
        "code": "em:powdered-metal-nickel"
      },
      "H": {
        "type": "item",
        "code": "em:powdered-metal-rusty"
      }
    },
    "width": 3,
    "height": 3,
    "recipeGroup": 2,
    "attributes": {
      "liquidContainerProps": {
        "requiresContent": {
          "type": "item",
          "code": "game:waterportion"
        },
        "requiresLitres": 4,
        "consumeContainer": false
      }
    },
    "shapeless": false,
    "output": {
      "type": "block",
      "code": "theworkingclasses:rawdecoratedstoragevessel-ashforest",
      "quantity": 1
    }
  },
  {
    "ingredientPattern": "BDH,VDD,GDH",
    "requiresTrait": "artisan",
    "ingredients": {
      "B": {
        "type": "block",
        "code": "game:woodbucket"
      },
      "V": {
        "type": "block",
        "code": "game:storagevessel-{type}-raw"
      },
      "G": {
        "type": "item",
        "code": "em:powdered-ore-*",
        "name": "ore",
        "allowedVariants": [ "whitelead", "zincoxide" ]
      },
      "D": {
        "type": "item",
        "code": "em:powdered-ore-magnetite*"
      },
      "H": {
        "type": "item",
        "code": "em:powdered-metal-rusty"
      }
    },
    "width": 3,
    "height": 3,
    "recipeGroup": 2,
    "attributes": {
      "liquidContainerProps": {
        "requiresContent": {
          "type": "item",
          "code": "game:waterportion"
        },
        "requiresLitres": 4,
        "consumeContainer": false
      }
    },
    "shapeless": false,
    "output": {
      "type": "block",
      "code": "theworkingclasses:rawdecoratedstoragevessel-loam",
      "quantity": 1
    }
  },
  {
    "ingredientPattern": "BDH,VMM,GDH",
    "requiresTrait": "artisan",
    "ingredients": {
      "B": {
        "type": "block",
        "code": "game:woodbucket"
      },
      "V": {
        "type": "block",
        "code": "game:storagevessel-{type}-raw"
      },
      "G": {
        "type": "item",
        "code": "em:powdered-ore-*",
        "name": "ore",
        "allowedVariants": [ "whitelead", "zincoxide" ]
      },
      "D": {
        "type": "item",
        "code": "em:powdered-metal-nickel"
      },
      "M": {
        "type": "item",
        "code": "em:powdered-ore-magnetite"
      },
      "H": {
        "type": "item",
        "code": "em:powdered-metal-rusty"
      }
    },
    "width": 3,
    "height": 3,
    "recipeGroup": 2,
    "attributes": {
      "liquidContainerProps": {
        "requiresContent": {
          "type": "item",
          "code": "game:waterportion"
        },
        "requiresLitres": 4,
        "consumeContainer": false
      }
    },
    "shapeless": false,
    "output": {
      "type": "block",
      "code": "theworkingclasses:rawdecoratedstoragevessel-chthonic",
      "quantity": 1
    }
  },
  {
    "ingredientPattern": "BDH,VDD,GDH",
    "requiresTrait": "artisan",
    "ingredients": {
      "B": {
        "type": "block",
        "code": "game:woodbucket"
      },
      "V": {
        "type": "block",
        "code": "game:storagevessel-{type}-raw"
      },
      "G": {
        "type": "item",
        "code": "em:powdered-ore-*",
        "name": "ore",
        "allowedVariants": [ "whitelead", "zincoxide" ]
      },
      "D": {
        "type": "item",
        "code": "em:powdered-ore-litharge"
      },
      "H": {
        "type": "item",
        "code": "em:powdered-ore-cassiterite"
      }
    },
    "width": 3,
    "height": 3,
    "recipeGroup": 2,
    "attributes": {
      "liquidContainerProps": {
        "requiresContent": {
          "type": "item",
          "code": "game:waterportion"
        },
        "requiresLitres": 4,
        "consumeContainer": false
      }
    },
    "shapeless": false,
    "output": {
      "type": "block",
      "code": "theworkingclasses:rawdecoratedstoragevessel-copper",
      "quantity": 1
    }
  },
  {
    "ingredientPattern": "BDH,VDD,GDH",
    "requiresTrait": "artisan",
    "ingredients": {
      "B": {
        "type": "block",
        "code": "game:woodbucket"
      },
      "V": {
        "type": "block",
        "code": "game:storagevessel-{type}-raw"
      },
      "G": {
        "type": "item",
        "code": "em:powdered-ore-*",
        "name": "ore",
        "allowedVariants": [ "whitelead", "zincoxide" ]
      },
      "D": {
        "type": "item",
        "code": "em:powdered-metal-rusty"
      },
      "H": {
        "type": "item",
        "code": "em:powdered-stone-bauxite"
      }
    },
    "width": 3,
    "height": 3,
    "recipeGroup": 2,
    "attributes": {
      "liquidContainerProps": {
        "requiresContent": {
          "type": "item",
          "code": "game:waterportion"
        },
        "requiresLitres": 4,
        "consumeContainer": false
      }
    },
    "shapeless": false,
    "output": {
      "type": "block",
      "code": "theworkingclasses:rawdecoratedstoragevessel-volcanic",
      "quantity": 1
    }
  },
  {
    "ingredientPattern": "BDH,VDD,GDH",
    "requiresTrait": "artisan",
    "ingredients": {
      "B": {
        "type": "block",
        "code": "game:woodbucket"
      },
      "V": {
        "type": "block",
        "code": "game:storagevessel-{type}-raw"
      },
      "G": {
        "type": "item",
        "code": "em:powdered-ore-*",
        "name": "ore",
        "allowedVariants": [ "whitelead", "zincoxide" ]
      },
      "D": {
        "type": "item",
        "code": "em:powdered-ore-cassiterite"
      },
      "H": {
        "type": "item",
        "code": "em:powdered-ore-magnetite"
      }
    },
    "width": 3,
    "height": 3,
    "recipeGroup": 2,
    "attributes": {
      "liquidContainerProps": {
        "requiresContent": {
          "type": "item",
          "code": "game:waterportion"
        },
        "requiresLitres": 4,
        "consumeContainer": false
      }
    },
    "shapeless": false,
    "output": {
      "type": "block",
      "code": "theworkingclasses:rawdecoratedstoragevessel-rime",
      "quantity": 1
    }
  },
  {
    "ingredientPattern": "BTH,VDD,GMH",
    "requiresTrait": "artisan",
    "ingredients": {
      "B": {
        "type": "block",
        "code": "game:woodbucket"
      },
      "V": {
        "type": "block",
        "code": "game:storagevessel-{type}-raw"
      },
      "G": {
        "type": "item",
        "code": "em:powdered-ore-*",
        "name": "ore",
        "allowedVariants": [ "whitelead", "zincoxide" ]
      },
      "T": {
        "type": "item",
        "code": "em:powdered-metal-nickel"
      },
      "D": {
        "type": "item",
        "code": "em:powdered-metal-rusty"
      },
      "M": {
        "type": "item",
        "code": "em:powdered-ore-hematite"
      },
      "H": {
        "type": "item",
        "code": "em:powdered-stone-chert"
      }
    },
    "width": 3,
    "height": 3,
    "recipeGroup": 2,
    "attributes": {
      "liquidContainerProps": {
        "requiresContent": {
          "type": "item",
          "code": "game:waterportion"
        },
        "requiresLitres": 4,
        "consumeContainer": false
      }
    },
    "shapeless": false,
    "output": {
      "type": "block",
      "code": "theworkingclasses:rawdecoratedstoragevessel-oxblood",
      "quantity": 1
    }
  },
  {
    "ingredientPattern": "BDH,VDD,GDH",
    "requiresTrait": "artisan",
    "ingredients": {
      "B": {
        "type": "block",
        "code": "game:woodbucket"
      },
      "V": {
        "type": "block",
        "code": "game:storagevessel-{type}-raw"
      },
      "G": {
        "type": "item",
        "code": "em:powdered-ore-*",
        "name": "ore",
        "allowedVariants": [ "whitelead", "zincoxide" ]
      },
      "D": {
        "type": "item",
        "code": "em:powdered-ore-chromiumoxide"
      },
      "H": {
        "type": "item",
        "code": "em:powdered-ore-cassiterite"
      }
    },
    "width": 3,
    "height": 3,
    "recipeGroup": 2,
    "attributes": {
      "liquidContainerProps": {
        "requiresContent": {
          "type": "item",
          "code": "game:waterportion"
        },
        "requiresLitres": 4,
        "consumeContainer": false
      }
    },
    "shapeless": false,
    "output": {
      "type": "block",
      "code": "theworkingclasses:rawdecoratedstoragevessel-undergrowth",
      "quantity": 1
    }
  },
  {
    "ingredientPattern": "BDH,VDD,GDH",
    "requiresTrait": "artisan",
    "ingredients": {
      "B": {
        "type": "block",
        "code": "game:woodbucket"
      },
      "V": {
        "type": "block",
        "code": "game:storagevessel-{type}-raw"
      },
      "G": {
        "type": "item",
        "code": "em:powdered-ore-*",
        "name": "ore",
        "allowedVariants": [ "whitelead", "zincoxide" ]
      },
      "D": {
        "type": "item",
        "code": "em:powdered-ore-magnetite"
      },
      "H": {
        "type": "item",
        "code": "em:powdered-ore-massicot"
      }
    },
    "width": 3,
    "height": 3,
    "recipeGroup": 2,
    "attributes": {
      "liquidContainerProps": {
        "requiresContent": {
          "type": "item",
          "code": "game:waterportion"
        },
        "requiresLitres": 4,
        "consumeContainer": false
      }
    },
    "shapeless": false,
    "output": {
      "type": "block",
      "code": "theworkingclasses:rawdecoratedstoragevessel-beehive",
      "quantity": 1
    }
  },
  {
    "ingredientPattern": "BDD,VHH,GDD",
    "requiresTrait": "artisan",
    "ingredients": {
      "B": {
        "type": "block",
        "code": "game:woodbucket"
      },
      "V": {
        "type": "block",
        "code": "game:storagevessel-{type}-raw"
      },
      "G": {
        "type": "item",
        "code": "em:powdered-ore-*",
        "name": "ore",
        "allowedVariants": [ "whitelead", "zincoxide" ]
      },
      "D": {
        "type": "item",
        "code": "em:powdered-metal-nickel"
      },
      "H": {
        "type": "item",
        "code": "em:powdered-ore-cassiterite"
      }
    },
    "width": 3,
    "height": 3,
    "recipeGroup": 2,
    "attributes": {
      "liquidContainerProps": {
        "requiresContent": {
          "type": "item",
          "code": "game:waterportion"
        },
        "requiresLitres": 4,
        "consumeContainer": false
      }
    },
    "shapeless": false,
    "output": {
      "type": "block",
      "code": "theworkingclasses:rawdecoratedstoragevessel-rutile",
      "quantity": 1
    }
  },
  {
    "ingredientPattern": "BDD,VHH,GDD",
    "requiresTrait": "artisan",
    "ingredients": {
      "B": {
        "type": "block",
        "code": "game:woodbucket"
      },
      "V": {
        "type": "block",
        "code": "game:storagevessel-{type}-raw"
      },
      "G": {
        "type": "item",
        "code": "em:powdered-ore-*",
        "name": "ore",
        "allowedVariants": [ "whitelead", "zincoxide" ]
      },
      "D": {
        "type": "item",
        "code": "em:powdered-ore-chromiumoxide"
      },
      "H": {
        "type": "item",
        "code": "em:powdered-ore-rhodochrosite"
      }
    },
    "width": 3,
    "height": 3,
    "recipeGroup": 2,
    "attributes": {
      "liquidContainerProps": {
        "requiresContent": {
          "type": "item",
          "code": "game:waterportion"
        },
        "requiresLitres": 4,
        "consumeContainer": false
      }
    },
    "shapeless": false,
    "output": {
      "type": "block",
      "code": "theworkingclasses:rawdecoratedstoragevessel-springflowers",
      "quantity": 1
    }
  },
  {
    "ingredientPattern": "BTH,VDD,GMH",
    "requiresTrait": "artisan",
    "ingredients": {
      "B": {
        "type": "block",
        "code": "game:woodbucket"
      },
      "V": {
        "type": "block",
        "code": "game:storagevessel-{type}-raw"
      },
      "G": {
        "type": "item",
        "code": "em:powdered-ore-*",
        "name": "ore",
        "allowedVariants": [ "whitelead", "zincoxide" ]
      },
      "T": {
        "type": "item",
        "code": "em:powdered-ore-hematite"
      },
      "D": {
        "type": "item",
        "code": "em:powdered-metal-rusty"
      },
      "M": {
        "type": "item",
        "code": "em:powdered-ore-magnetite"
      },
      "H": {
        "type": "item",
        "code": "em:powdered-ore-cassiterite"
      }
    },
    "width": 3,
    "height": 3,
    "recipeGroup": 2,
    "attributes": {
      "liquidContainerProps": {
        "requiresContent": {
          "type": "item",
          "code": "game:waterportion"
        },
        "requiresLitres": 4,
        "consumeContainer": false
      }
    },
    "shapeless": false,
    "output": {
      "type": "block",
      "code": "theworkingclasses:rawdecoratedstoragevessel-earthen",
      "quantity": 1
    }
  },
  {
    "ingredientPattern": "BDH,VDD,GDH",
    "requiresTrait": "artisan",
    "ingredients": {
      "B": {
        "type": "block",
        "code": "game:woodbucket"
      },
      "V": {
        "type": "block",
        "code": "game:storagevessel-{type}-raw"
      },
      "G": {
        "type": "item",
        "code": "em:powdered-ore-*",
        "name": "ore",
        "allowedVariants": [ "whitelead", "zincoxide" ]
      },
      "D": {
        "type": "item",
        "code": "em:powdered-ore-zincoxide"
      },
      "H": {
        "type": "item",
        "code": "em:powdered-metal-rusty"
      }
    },
    "width": 3,
    "height": 3,
    "recipeGroup": 2,
    "attributes": {
      "liquidContainerProps": {
        "requiresContent": {
          "type": "item",
          "code": "game:waterportion"
        },
        "requiresLitres": 4,
        "consumeContainer": false
      }
    },
    "shapeless": false,
    "output": {
      "type": "block",
      "code": "theworkingclasses:rawdecoratedstoragevessel-rain",
      "quantity": 1
    }
  },
  {
    "ingredientPattern": "BDH,VDD,GDH",
    "requiresTrait": "artisan",
    "ingredients": {
      "B": {
        "type": "block",
        "code": "game:woodbucket"
      },
      "V": {
        "type": "block",
        "code": "game:storagevessel-{type}-raw"
      },
      "G": {
        "type": "item",
        "code": "em:powdered-ore-*",
        "name": "ore",
        "allowedVariants": [ "whitelead", "zincoxide" ]
      },
      "D": {
        "type": "item",
        "code": "em:powdered-ore-zincoxide"
      },
      "M": {
        "type": "item",
        "code": "em:powdered-ore-litharge"
      },
      "H": {
        "type": "item",
        "code": "em:powdered-metal-rusty"
      }
    },
    "width": 3,
    "height": 3,
    "recipeGroup": 2,
    "attributes": {
      "liquidContainerProps": {
        "requiresContent": {
          "type": "item",
          "code": "game:waterportion"
        },
        "requiresLitres": 4,
        "consumeContainer": false
      }
    },
    "shapeless": false,
    "output": {
      "type": "block",
      "code": "theworkingclasses:rawdecoratedstoragevessel-cowrie",
      "quantity": 1
    }
  },
  {
    "ingredientPattern": "BDH,VDD,GMH",
    "requiresTrait": "artisan",
    "ingredients": {
      "B": {
        "type": "block",
        "code": "game:woodbucket"
      },
      "V": {
        "type": "block",
        "code": "game:storagevessel-{type}-raw"
      },
      "G": {
        "type": "item",
        "code": "em:powdered-ore-*",
        "name": "ore",
        "allowedVariants": [ "whitelead", "zincoxide" ]
      },
      "D": {
        "type": "item",
        "code": "em:powdered-ore-chromiumoxide"
      },
      "M": {
        "type": "item",
        "code": "em:powdered-stone-bauxite"
      },
      "H": {
        "type": "item",
        "code": "em:powdered-metal-rusty"
      }
    },
    "width": 3,
    "height": 3,
    "recipeGroup": 2,
    "attributes": {
      "liquidContainerProps": {
        "requiresContent": {
          "type": "item",
          "code": "game:waterportion"
        },
        "requiresLitres": 4,
        "consumeContainer": false
      }
    },
    "shapeless": false,
    "output": {
      "type": "block",
      "code": "theworkingclasses:rawdecoratedstoragevessel-harvest",
      "quantity": 1
    }
  },
  {
    "ingredientPattern": "BDH,VDM,GDH",
    "requiresTrait": "artisan",
    "ingredients": {
      "B": {
        "type": "block",
        "code": "game:woodbucket"
      },
      "V": {
        "type": "block",
        "code": "game:storagevessel-{type}-raw"
      },
      "G": {
        "type": "item",
        "code": "em:powdered-ore-*",
        "name": "ore",
        "allowedVariants": [ "whitelead", "zincoxide" ]
      },
      "D": {
        "type": "item",
        "code": "em:powdered-ore-chromiumoxide"
      },
      "M": {
        "type": "item",
        "code": "em:powdered-ore-massicot"
      },
      "H": {
        "type": "item",
        "code": "em:powdered-metal-rusty"
      }
    },
    "width": 3,
    "height": 3,
    "recipeGroup": 2,
    "attributes": {
      "liquidContainerProps": {
        "requiresContent": {
          "type": "item",
          "code": "game:waterportion"
        },
        "requiresLitres": 4,
        "consumeContainer": false
      }
    },
    "shapeless": false,
    "output": {
      "type": "block",
      "code": "theworkingclasses:rawdecoratedstoragevessel-honeydew",
      "quantity": 1
    }
  },
  {
    "ingredientPattern": "BDH,VDD,GDH",
    "requiresTrait": "artisan",
    "ingredients": {
      "B": {
        "type": "block",
        "code": "game:woodbucket"
      },
      "V": {
        "type": "block",
        "code": "game:storagevessel-{type}-raw"
      },
      "G": {
        "type": "item",
        "code": "em:powdered-ore-*",
        "name": "ore",
        "allowedVariants": [ "whitelead", "zincoxide" ]
      },
      "D": {
        "type": "item",
        "code": "em:powdered-ore-zincoxide"
      },
      "H": {
        "type": "item",
        "code": "em:powdered-ore-chromiumoxide"
      }
    },
    "width": 3,
    "height": 3,
    "recipeGroup": 2,
    "attributes": {
      "liquidContainerProps": {
        "requiresContent": {
          "type": "item",
          "code": "game:waterportion"
        },
        "requiresLitres": 4,
        "consumeContainer": false
      }
    },
    "shapeless": false,
    "output": {
      "type": "block",
      "code": "theworkingclasses:rawdecoratedstoragevessel-seasalt",
      "quantity": 1
    }
  },
  {
    "ingredientPattern": "B__,VDM,GDH",
    "requiresTrait": "artisan",
    "ingredients": {
      "B": {
        "type": "block",
        "code": "game:woodbucket"
      },
      "V": {
        "type": "block",
        "code": "game:clayplanter-{color}-raw"
      },
      "G": {
        "type": "item",
        "code": "em:powdered-ore-*",
        "name": "ore",
        "allowedVariants": [ "whitelead", "zincoxide" ]
      },
      "D": {
        "type": "item",
        "code": "em:powdered-ore-massicot"
      },
      "M": {
        "type": "item",
        "code": "em:powdered-ore-zincoxide"
      },
      "H": {
        "type": "item",
        "code": "em:powdered-metal-rusty"
      }
    },
    "width": 3,
    "height": 3,
    "recipeGroup": 2,
    "attributes": {
      "liquidContainerProps": {
        "requiresContent": {
          "type": "item",
          "code": "game:waterportion"
        },
        "requiresLitres": 2,
        "consumeContainer": false
      }
    },
    "shapeless": false,
    "output": {
      "type": "block",
      "code": "theworkingclasses:rawdecoratedplanter-ochre",
      "quantity": 1
    }
  },
  {
    "ingredientPattern": "B__,VDM,GDH",
    "requiresTrait": "artisan",
    "ingredients": {
      "B": {
        "type": "block",
        "code": "game:woodbucket"
      },
      "V": {
        "type": "block",
        "code": "game:clayplanter-{color}-raw"
      },
      "G": {
        "type": "item",
        "code": "em:powdered-ore-*",
        "name": "ore",
        "allowedVariants": [ "whitelead", "zincoxide" ]
      },
      "D": {
        "type": "item",
        "code": "em:powdered-metal-nickel"
      },
      "M": {
        "type": "item",
        "code": "em:powdered-ore-magnetite"
      },
      "H": {
        "type": "item",
        "code": "em:powdered-metal-rusty"
      }
    },
    "width": 3,
    "height": 3,
    "recipeGroup": 2,
    "attributes": {
      "liquidContainerProps": {
        "requiresContent": {
          "type": "item",
          "code": "game:waterportion"
        },
        "requiresLitres": 2,
        "consumeContainer": false
      }
    },
    "shapeless": false,
    "output": {
      "type": "block",
      "code": "theworkingclasses:rawdecoratedplanter-cthonic",
      "quantity": 1
    }
  },
  {
    "ingredientPattern": "B__,VDH,GDH",
    "requiresTrait": "artisan",
    "ingredients": {
      "B": {
        "type": "block",
        "code": "game:woodbucket"
      },
      "V": {
        "type": "block",
        "code": "game:clayplanter-{color}-raw"
      },
      "G": {
        "type": "item",
        "code": "em:powdered-ore-*",
        "name": "ore",
        "allowedVariants": [ "whitelead", "zincoxide" ]
      },
      "D": {
        "type": "item",
        "code": "em:powdered-ore-magnetite*"
      },
      "H": {
        "type": "item",
        "code": "em:powdered-metal-rusty"
      }
    },
    "width": 3,
    "height": 3,
    "recipeGroup": 2,
    "attributes": {
      "liquidContainerProps": {
        "requiresContent": {
          "type": "item",
          "code": "game:waterportion"
        },
        "requiresLitres": 2,
        "consumeContainer": false
      }
    },
    "shapeless": false,
    "output": {
      "type": "block",
      "code": "theworkingclasses:rawdecoratedplanter-loam",
      "quantity": 1
    }
  },
  {
    "ingredientPattern": "B__,VDH,GDH",
    "requiresTrait": "artisan",
    "ingredients": {
      "B": {
        "type": "block",
        "code": "game:woodbucket"
      },
      "V": {
        "type": "block",
        "code": "game:clayplanter-{color}-raw"
      },
      "G": {
        "type": "item",
        "code": "em:powdered-ore-*",
        "name": "ore",
        "allowedVariants": [ "whitelead", "zincoxide" ]
      },
      "D": {
        "type": "item",
        "code": "em:powdered-ore-litharge"
      },
      "H": {
        "type": "item",
        "code": "em:powdered-ore-cassiterite"
      }
    },
    "width": 3,
    "height": 3,
    "recipeGroup": 2,
    "attributes": {
      "liquidContainerProps": {
        "requiresContent": {
          "type": "item",
          "code": "game:waterportion"
        },
        "requiresLitres": 2,
        "consumeContainer": false
      }
    },
    "shapeless": false,
    "output": {
      "type": "block",
      "code": "theworkingclasses:rawdecoratedplanter-copper",
      "quantity": 1
    }
  },
  {
    "ingredientPattern": "B__,VDH,GDH",
    "requiresTrait": "artisan",
    "ingredients": {
      "B": {
        "type": "block",
        "code": "game:woodbucket"
      },
      "V": {
        "type": "block",
        "code": "game:clayplanter-{color}-raw"
      },
      "G": {
        "type": "item",
        "code": "em:powdered-ore-*",
        "name": "ore",
        "allowedVariants": [ "whitelead", "zincoxide" ]
      },
      "D": {
        "type": "item",
        "code": "em:powdered-metal-nickel"
      },
      "H": {
        "type": "item",
        "code": "em:powdered-metal-rusty"
      }
    },
    "width": 3,
    "height": 3,
    "recipeGroup": 2,
    "attributes": {
      "liquidContainerProps": {
        "requiresContent": {
          "type": "item",
          "code": "game:waterportion"
        },
        "requiresLitres": 2,
        "consumeContainer": false
      }
    },
    "shapeless": false,
    "output": {
      "type": "block",
      "code": "theworkingclasses:rawdecoratedplanter-ashforest",
      "quantity": 1
    }
  },
  {
    "ingredientPattern": "B__,VDH,GDH",
    "requiresTrait": "artisan",
    "ingredients": {
      "B": {
        "type": "block",
        "code": "game:woodbucket"
      },
      "V": {
        "type": "block",
        "code": "game:clayplanter-{color}-raw"
      },
      "G": {
        "type": "item",
        "code": "em:powdered-ore-*",
        "name": "ore",
        "allowedVariants": [ "whitelead", "zincoxide" ]
      },
      "D": {
        "type": "item",
        "code": "em:powdered-ore-cassiterite"
      },
      "H": {
        "type": "item",
        "code": "em:powdered-ore-magnetite"
      }
    },
    "width": 3,
    "height": 3,
    "recipeGroup": 2,
    "attributes": {
      "liquidContainerProps": {
        "requiresContent": {
          "type": "item",
          "code": "game:waterportion"
        },
        "requiresLitres": 2,
        "consumeContainer": false
      }
    },
    "shapeless": false,
    "output": {
      "type": "block",
      "code": "theworkingclasses:rawdecoratedplanter-rime",
      "quantity": 1
    }
  },
  {
    "ingredientPattern": "B__,VDM,GDH",
    "requiresTrait": "artisan",
    "ingredients": {
      "B": {
        "type": "block",
        "code": "game:woodbucket"
      },
      "V": {
        "type": "block",
        "code": "game:clayplanter-{color}-raw"
      },
      "G": {
        "type": "item",
        "code": "em:powdered-ore-*",
        "name": "ore",
        "allowedVariants": [ "whitelead", "zincoxide" ]
      },
      "D": {
        "type": "item",
        "code": "em:powdered-metal-rusty"
      },
      "M": {
        "type": "item",
        "code": "em:powdered-ore-magnetite"
      },
      "H": {
        "type": "item",
        "code": "em:powdered-ore-cassiterite"
      }
    },
    "width": 3,
    "height": 3,
    "recipeGroup": 2,
    "attributes": {
      "liquidContainerProps": {
        "requiresContent": {
          "type": "item",
          "code": "game:waterportion"
        },
        "requiresLitres": 2,
        "consumeContainer": false
      }
    },
    "shapeless": false,
    "output": {
      "type": "block",
      "code": "theworkingclasses:rawdecoratedplanter-earthern",
      "quantity": 1
    }
  },
  {
    "ingredientPattern": "B__,VDH,GDH",
    "requiresTrait": "artisan",
    "ingredients": {
      "B": {
        "type": "block",
        "code": "game:woodbucket"
      },
      "V": {
        "type": "block",
        "code": "game:clayplanter-{color}-raw"
      },
      "G": {
        "type": "item",
        "code": "em:powdered-ore-*",
        "name": "ore",
        "allowedVariants": [ "whitelead", "zincoxide" ]
      },
      "D": {
        "type": "item",
        "code": "em:powdered-ore-chromiumoxide"
      },
      "H": {
        "type": "item",
        "code": "em:powdered-ore-cassiterite"
      }
    },
    "width": 3,
    "height": 3,
    "recipeGroup": 2,
    "attributes": {
      "liquidContainerProps": {
        "requiresContent": {
          "type": "item",
          "code": "game:waterportion"
        },
        "requiresLitres": 2,
        "consumeContainer": false
      }
    },
    "shapeless": false,
    "output": {
      "type": "block",
      "code": "theworkingclasses:rawdecoratedplanter-undergrowth",
      "quantity": 1
    }
  },
  {
    "ingredientPattern": "B__,VDD,GDH",
    "requiresTrait": "artisan",
    "ingredients": {
      "B": {
        "type": "block",
        "code": "game:woodbucket"
      },
      "V": {
        "type": "block",
        "code": "game:clayplanter-{color}-raw"
      },
      "G": {
        "type": "item",
        "code": "em:powdered-ore-*",
        "name": "ore",
        "allowedVariants": [ "whitelead", "zincoxide" ]
      },
      "D": {
        "type": "item",
        "code": "em:powdered-ore-cassiterite"
      },
      "H": {
        "type": "item",
        "code": "em:powdered-ore-litharge"
      }
    },
    "width": 3,
    "height": 3,
    "recipeGroup": 2,
    "attributes": {
      "liquidContainerProps": {
        "requiresContent": {
          "type": "item",
          "code": "game:waterportion"
        },
        "requiresLitres": 2,
        "consumeContainer": false
      }
    },
    "shapeless": false,
    "output": {
      "type": "block",
      "code": "theworkingclasses:rawdecoratedplanter-amber",
      "quantity": 1
    }
  },
  {
    "ingredientPattern": "B__,VDD,GHH",
    "requiresTrait": "artisan",
    "ingredients": {
      "B": {
        "type": "block",
        "code": "game:woodbucket"
      },
      "V": {
        "type": "block",
        "code": "game:clayplanter-{color}-raw"
      },
      "G": {
        "type": "item",
        "code": "em:powdered-ore-*",
        "name": "ore",
        "allowedVariants": [ "whitelead", "zincoxide" ]
      },
      "D": {
        "type": "item",
        "code": "em:powdered-ore-zincoxide"
      },
      "H": {
        "type": "item",
        "code": "em:powdered-ore-chromiumoxide"
      }
    },
    "width": 3,
    "height": 3,
    "recipeGroup": 2,
    "attributes": {
      "liquidContainerProps": {
        "requiresContent": {
          "type": "item",
          "code": "game:waterportion"
        },
        "requiresLitres": 2,
        "consumeContainer": false
      }
    },
    "shapeless": false,
    "output": {
      "type": "block",
      "code": "theworkingclasses:rawdecoratedplanter-seasalt",
      "quantity": 1
    }
  },
  {
    "ingredientPattern": "B__,VDM,GDH",
    "requiresTrait": "artisan",
    "ingredients": {
      "B": {
        "type": "block",
        "code": "game:woodbucket"
      },
      "V": {
        "type": "block",
        "code": "game:clayplanter-{color}-raw"
      },
      "G": {
        "type": "item",
        "code": "em:powdered-ore-*",
        "name": "ore",
        "allowedVariants": [ "whitelead", "zincoxide" ]
      },
      "D": {
        "type": "item",
        "code": "em:powdered-ore-zincoxide"
      },
      "M": {
        "type": "item",
        "code": "em:powdered-ore-litharge"
      },
      "H": {
        "type": "item",
        "code": "em:powdered-metal-rusty"
      }
    },
    "width": 3,
    "height": 3,
    "recipeGroup": 2,
    "attributes": {
      "liquidContainerProps": {
        "requiresContent": {
          "type": "item",
          "code": "game:waterportion"
        },
        "requiresLitres": 2,
        "consumeContainer": false
      }
    },
    "shapeless": false,
    "output": {
      "type": "block",
      "code": "theworkingclasses:rawdecoratedplanter-tenmoku",
      "quantity": 1
    }
  },
  {
    "ingredientPattern": "B_,VD,GH",
    "requiresTrait": "artisan",
    "ingredients": {
      "B": {
        "type": "block",
        "code": "game:woodbucket"
      },
      "V": {
        "type": "block",
        "code": "game:flowerpot-{color}-raw"
      },
      "G": {
        "type": "item",
        "code": "em:powdered-ore-*",
        "name": "ore",
        "allowedVariants": [ "whitelead", "zincoxide" ]
      },
      "D": {
        "type": "item",
        "code": "em:powdered-ore-massicot"
      },
      "H": {
        "type": "item",
        "code": "em:powdered-ore-zincoxide"
      }
    },
    "width": 2,
    "height": 3,
    "recipeGroup": 2,
    "attributes": {
      "liquidContainerProps": {
        "requiresContent": {
          "type": "item",
          "code": "game:waterportion"
        },
        "requiresLitres": 2,
        "consumeContainer": false
      }
    },
    "shapeless": false,
    "output": {
      "type": "block",
      "code": "theworkingclasses:rawdecoratedflowerpot-ochre",
      "quantity": 1
    }
  },
  {
    "ingredientPattern": "B_,VD,GH",
    "requiresTrait": "artisan",
    "ingredients": {
      "B": {
        "type": "block",
        "code": "game:woodbucket"
      },
      "V": {
        "type": "block",
        "code": "game:flowerpot-{color}-raw"
      },
      "G": {
        "type": "item",
        "code": "em:powdered-ore-*",
        "name": "ore",
        "allowedVariants": [ "whitelead", "zincoxide" ]
      },
      "D": {
        "type": "item",
        "code": "em:powdered-metal-rusty"
      },
      "H": {
        "type": "item",
        "code": "em:powdered-ore-zincoxide"
      }
    },
    "width": 2,
    "height": 3,
    "recipeGroup": 2,
    "attributes": {
      "liquidContainerProps": {
        "requiresContent": {
          "type": "item",
          "code": "game:waterportion"
        },
        "requiresLitres": 2,
        "consumeContainer": false
      }
    },
    "shapeless": false,
    "output": {
      "type": "block",
      "code": "theworkingclasses:rawdecoratedflowerpot-boneash",
      "quantity": 1
    }
  },
  {
    "ingredientPattern": "B_,VD,GH",
    "requiresTrait": "artisan",
    "ingredients": {
      "B": {
        "type": "block",
        "code": "game:woodbucket"
      },
      "V": {
        "type": "block",
        "code": "game:flowerpot-{color}-raw"
      },
      "G": {
        "type": "item",
        "code": "em:powdered-ore-*",
        "name": "ore",
        "allowedVariants": [ "whitelead", "zincoxide" ]
      },
      "D": {
        "type": "item",
        "code": "em:powdered-ore-litharge"
      },
      "H": {
        "type": "item",
        "code": "em:powdered-ore-cassiterite"
      }
    },
    "width": 2,
    "height": 3,
    "recipeGroup": 2,
    "attributes": {
      "liquidContainerProps": {
        "requiresContent": {
          "type": "item",
          "code": "game:waterportion"
        },
        "requiresLitres": 2,
        "consumeContainer": false
      }
    },
    "shapeless": false,
    "output": {
      "type": "block",
      "code": "theworkingclasses:rawdecoratedflowerpot-copper",
      "quantity": 1
    }
  },
  {
    "ingredientPattern": "B_,VD,GH",
    "requiresTrait": "artisan",
    "ingredients": {
      "B": {
        "type": "block",
        "code": "game:woodbucket"
      },
      "V": {
        "type": "block",
        "code": "game:flowerpot-{color}-raw"
      },
      "G": {
        "type": "item",
        "code": "em:powdered-ore-*",
        "name": "ore",
        "allowedVariants": [ "whitelead", "zincoxide" ]
      },
      "D": {
        "type": "item",
        "code": "em:powdered-ore-cassiterite"
      },
      "H": {
        "type": "item",
        "code": "em:powdered-ore-magnetite"
      }
    },
    "width": 2,
    "height": 3,
    "recipeGroup": 2,
    "attributes": {
      "liquidContainerProps": {
        "requiresContent": {
          "type": "item",
          "code": "game:waterportion"
        },
        "requiresLitres": 2,
        "consumeContainer": false
      }
    },
    "shapeless": false,
    "output": {
      "type": "block",
      "code": "theworkingclasses:rawdecoratedflowerpot-celadon",
      "quantity": 1
    }
  },
  {
    "ingredientPattern": "B_,VD,GH",
    "requiresTrait": "artisan",
    "ingredients": {
      "B": {
        "type": "block",
        "code": "game:woodbucket"
      },
      "V": {
        "type": "block",
        "code": "game:flowerpot-{color}-raw"
      },
      "G": {
        "type": "item",
        "code": "em:powdered-ore-*",
        "name": "ore",
        "allowedVariants": [ "whitelead", "zincoxide" ]
      },
      "D": {
        "type": "item",
        "code": "em:powdered-metal-rusty"
      },
      "H": {
        "type": "item",
        "code": "em:powdered-ore-cassiterite"
      }
    },
    "width": 2,
    "height": 3,
    "recipeGroup": 2,
    "attributes": {
      "liquidContainerProps": {
        "requiresContent": {
          "type": "item",
          "code": "game:waterportion"
        },
        "requiresLitres": 2,
        "consumeContainer": false
      }
    },
    "shapeless": false,
    "output": {
      "type": "block",
      "code": "theworkingclasses:rawdecoratedflowerpot-earthern",
      "quantity": 1
    }
  },
  {
    "ingredientPattern": "B_,VD,GH",
    "requiresTrait": "artisan",
    "ingredients": {
      "B": {
        "type": "block",
        "code": "game:woodbucket"
      },
      "V": {
        "type": "block",
        "code": "game:flowerpot-{color}-raw"
      },
      "G": {
        "type": "item",
        "code": "em:powdered-ore-*",
        "name": "ore",
        "allowedVariants": [ "whitelead", "zincoxide" ]
      },
      "D": {
        "type": "item",
        "code": "em:powdered-ore-chromiumoxide"
      },
      "H": {
        "type": "item",
        "code": "em:powdered-ore-cassiterite"
      }
    },
    "width": 2,
    "height": 3,
    "recipeGroup": 2,
    "attributes": {
      "liquidContainerProps": {
        "requiresContent": {
          "type": "item",
          "code": "game:waterportion"
        },
        "requiresLitres": 2,
        "consumeContainer": false
      }
    },
    "shapeless": false,
    "output": {
      "type": "block",
      "code": "theworkingclasses:rawdecoratedflowerpot-moss",
      "quantity": 1
    }
  },
  {
    "ingredientPattern": "B_,VD,GH",
    "requiresTrait": "artisan",
    "ingredients": {
      "B": {
        "type": "block",
        "code": "game:woodbucket"
      },
      "V": {
        "type": "block",
        "code": "game:flowerpot-{color}-raw"
      },
      "G": {
        "type": "item",
        "code": "em:powdered-ore-*",
        "name": "ore",
        "allowedVariants": [ "whitelead", "zincoxide" ]
      },
      "D": {
        "type": "item",
        "code": "em:powdered-ore-cassiterite"
      },
      "H": {
        "type": "item",
        "code": "em:powdered-ore-litharge"
      }
    },
    "width": 2,
    "height": 3,
    "recipeGroup": 2,
    "attributes": {
      "liquidContainerProps": {
        "requiresContent": {
          "type": "item",
          "code": "game:waterportion"
        },
        "requiresLitres": 2,
        "consumeContainer": false
      }
    },
    "shapeless": false,
    "output": {
      "type": "block",
      "code": "theworkingclasses:rawdecoratedflowerpot-amber",
      "quantity": 1
    }
  },
  {
    "ingredientPattern": "B_,VD,GH",
    "requiresTrait": "artisan",
    "ingredients": {
      "B": {
        "type": "block",
        "code": "game:woodbucket"
      },
      "V": {
        "type": "block",
        "code": "game:flowerpot-{color}-raw"
      },
      "G": {
        "type": "item",
        "code": "em:powdered-ore-*",
        "name": "ore",
        "allowedVariants": [ "whitelead", "zincoxide" ]
      },
      "D": {
        "type": "item",
        "code": "em:powdered-ore-cassiterite"
      },
      "H": {
        "type": "item",
        "code": "em:powdered-metal-nickel"
      }
    },
    "width": 2,
    "height": 3,
    "recipeGroup": 2,
    "attributes": {
      "liquidContainerProps": {
        "requiresContent": {
          "type": "item",
          "code": "game:waterportion"
        },
        "requiresLitres": 2,
        "consumeContainer": false
      }
    },
    "shapeless": false,
    "output": {
      "type": "block",
      "code": "theworkingclasses:rawdecoratedflowerpot-rutile",
      "quantity": 1
    }
  },
  {
    "ingredientPattern": "B_,VD,GH",
    "requiresTrait": "artisan",
    "ingredients": {
      "B": {
        "type": "block",
        "code": "game:woodbucket"
      },
      "V": {
        "type": "block",
        "code": "game:flowerpot-{color}-raw"
      },
      "G": {
        "type": "item",
        "code": "em:powdered-ore-*",
        "name": "ore",
        "allowedVariants": [ "whitelead", "zincoxide" ]
      },
      "D": {
        "type": "item",
        "code": "em:powdered-ore-zincoxide"
      },
      "H": {
        "type": "item",
        "code": "em:powdered-ore-chromiumoxide"
      }
    },
    "width": 2,
    "height": 3,
    "recipeGroup": 2,
    "attributes": {
      "liquidContainerProps": {
        "requiresContent": {
          "type": "item",
          "code": "game:waterportion"
        },
        "requiresLitres": 2,
        "consumeContainer": false
      }
    },
    "shapeless": false,
    "output": {
      "type": "block",
      "code": "theworkingclasses:rawdecoratedflowerpot-seasalt",
      "quantity": 1
    }
  },
  {
    "ingredientPattern": "B_,VD,GH",
    "requiresTrait": "artisan",
    "ingredients": {
      "B": {
        "type": "block",
        "code": "game:woodbucket"
      },
      "V": {
        "type": "block",
        "code": "game:flowerpot-{color}-raw"
      },
      "G": {
        "type": "item",
        "code": "em:powdered-ore-*",
        "name": "ore",
        "allowedVariants": [ "whitelead", "zincoxide" ]
      },
      "D": {
        "type": "item",
        "code": "em:powdered-ore-zincoxide"
      },
      "H": {
        "type": "item",
        "code": "em:powdered-metal-rusty"
      }
    },
    "width": 2,
    "height": 3,
    "recipeGroup": 2,
    "attributes": {
      "liquidContainerProps": {
        "requiresContent": {
          "type": "item",
          "code": "game:waterportion"
        },
        "requiresLitres": 2,
        "consumeContainer": false
      }
    },
    "shapeless": false,
    "output": {
      "type": "block",
      "code": "theworkingclasses:rawdecoratedflowerpot-tenmoku",
      "quantity": 1
    }
  }

]