[
	{
		"ingredientPattern": "S,H",
		"requiresTrait": "hedgewitch",
		"enabled": true,
		"shapeless": true,
		"ingredients": {
			"S": {
				"type": "item",
				"code": "game:shears-*",
				"isTool": true
			},
			"H": {
				"type": "block",
				"code": "game:linen-*",
				"quantity": 1
			}
		},
		"width": 1,
		"height": 2,
		"recipeGroup": 4,
		"output": {
			"type": "item",
			"code": "game:bandage-clean",
			"quantity": 6
		}
	},
	{
		"ingredientPattern": "_L_,SBS",
		"requiresTrait": "hedgewitch",
		"ingredients": {
			"L": {
				"type": "block",
				"code": "game:linen-*",
				"quantity": 2
			},
			"S": {
				"type": "item",
				"code": "game:powder-sulfur",
				"quantity": 2
			},
			"B": {
				"type": "block",
				"code": "game:bowl-*-fired"
			}
		},
		"attributes": {
			"liquidContainerProps": {
				"requiresContent": {
					"type": "item",
					"code": "game:honeyportion"
				},
				"requiresLitres": 0.5
			}
		},
		"width": 3,
		"height": 2,
		"recipeGroup": 2,
		"output": {
			"type": "item",
			"code": "game:poultice-linen-honey-sulfur",
			"quantity": 12
		}
	},
	{
		"ingredientPattern": "HL",
		"requiresTrait": "hedgewitch",
		"ingredients": {
			"L": {
				"type": "block",
				"code": "game:linen-*",
				"quantity": 2
			},
			"H": {
				"type": "block",
				"code": "game:flower-horsetail-free",
				"quantity": 8
			}
		},
		"width": 2,
		"height": 1,
		"recipeGroup": 2,
		"output": {
			"type": "item",
			"code": "game:poultice-linen-horsetail",
			"quantity": 12
		}
	},
	{
		"ingredientPattern": "HC",
		"requiresTrait": "hedgewitch",
		"ingredients": {
			"C": {
				"type": "item",
				"code": "game:cattailtops",
				"quantity": 4
			},
			"H": {
				"type": "block",
				"code": "game:flower-horsetail-free",
				"quantity": 8
			}
		},
		"width": 2,
		"height": 1,
		"recipeGroup": 2,
		"output": {
			"type": "item",
			"code": "game:poultice-reed-horsetail",
			"quantity": 12
		}
	},
	{
		"ingredientPattern": "_C_,SBS",
		"requiresTrait": "hedgewitch",
		"ingredients": {
			"C": {
				"type": "item",
				"code": "game:cattailtops",
				"quantity": 4
			},
			"S": {
				"type": "item",
				"code": "game:powder-sulfur",
				"quantity": 2
			},
			"B": {
				"type": "block",
				"code": "game:bowl-*-fired"
			}
		},
		"attributes": {
			"liquidContainerProps": {
				"requiresContent": {
					"type": "item",
					"code": "game:honeyportion"
				},
				"requiresLitres": 0.5
			}
		},
		"width": 3,
		"height": 2,
		"recipeGroup": 2,
		"output": {
			"type": "item",
			"code": "game:poultice-reed-honey-sulfur",
			"quantity": 12
		}
	},
	{
		"ingredientPattern": "HP",
		"requiresTrait": "hedgewitch",
		"ingredients": {
			"P": {
				"type": "item",
				"code": "game:papyrustops",
				"quantity": 4
			},
			"H": {
				"type": "block",
				"code": "game:flower-horsetail-free",
				"quantity": 8
			}
		},
		"width": 2,
		"height": 1,
		"recipeGroup": 2,
		"output": {
			"type": "item",
			"code": "game:poultice-reed-horsetail",
			"quantity": 12
		}
	},
	{
		"ingredientPattern": "_P_,SBS",
		"requiresTrait": "hedgewitch",
		"ingredients": {
			"P": {
				"type": "item",
				"code": "game:papyrustops",
				"quantity": 4
			},
			"S": {
				"type": "item",
				"code": "game:powder-sulfur",
				"quantity": 2
			},
			"B": {
				"type": "block",
				"code": "game:bowl-*-fired"
			}
		},
		"attributes": {
			"liquidContainerProps": {
				"requiresContent": {
					"type": "item",
					"code": "game:honeyportion"
				},
				"requiresLitres": 0.5
			}
		},
		"width": 3,
		"height": 2,
		"recipeGroup": 2,
		"output": {
			"type": "item",
			"code": "game:poultice-reed-honey-sulfur",
			"quantity": 12
		}
	},
	{
		"ingredientPattern": "HP",
		"requiresTrait": "hedgewitch",
		"ingredients": {
			"P": {
				"type": "block",
				"code": "game:linen-*",
				"quantity": 2
			},
			"H": {
				"type": "item",
				"code": "floralzonescaperegion:vegetable-aloesuccotrina",
				"quantity": 12
			}
		},
		"width": 2,
		"height": 1,
		"recipeGroup": 2,
		"output": {
			"type": "item",
			"code": "floralzonescaperegion:poultice-linen-aloesuccotrina",
			"quantity": 12
		}
	},
	{
		"ingredientPattern": "HP",
		"requiresTrait": "hedgewitch",
		"ingredients": {
			"P": {
				"type": "item",
				"code": "game:papyrustops",
				"quantity": 4
			},
			"H": {
				"type": "item",
				"code": "floralzonescaperegion:vegetable-aloesuccotrina",
				"quantity": 12
			}
		},
		"width": 2,
		"height": 1,
		"recipeGroup": 2,
		"output": {
			"type": "item",
			"code": "floralzonescaperegion:poultice-reed-aloesuccotrina",
			"quantity": 12
		}
	},
	{
		"ingredientPattern": "HP",
		"requiresTrait": "hedgewitch",
		"ingredients": {
			"P": {
				"type": "item",
				"code": "game:cattailtops",
				"quantity": 4
			},
			"H": {
				"type": "item",
				"code": "floralzonescaperegion:vegetable-aloesuccotrina",
				"quantity": 12
			}
		},
		"width": 2,
		"height": 1,
		"recipeGroup": 2,
		"output": {
			"type": "item",
			"code": "floralzonescaperegion:poultice-reed-aloesuccotrina",
			"quantity": 12
		}
	},
	{
		"ingredientPattern": "HP",
		"requiresTrait": "hedgewitch",
		"ingredients": {
			"P": {
				"type": "item",
				"code": "game:cattailtops",
				"quantity": 4
			},
			"H": {
				"type": "item",
				"code": "floralzonescentralaustralianregion:corymbiasap",
				"quantity": 4
			}
		},
		"width": 2,
		"height": 1,
		"recipeGroup": 2,
		"output": {
			"type": "item",
			"code": "floralzonescentralaustralianregion:poultice-reed-corymbiasap",
			"quantity": 12
		}
	},
	{
		"ingredientPattern": "HP",
		"requiresTrait": "hedgewitch",
		"ingredients": {
			"P": {
				"type": "item",
				"code": "game:papyrustops",
				"quantity": 4
			},
			"H": {
				"type": "item",
				"code": "floralzonescentralaustralianregion:corymbiasap",
				"quantity": 4
			}
		},
		"width": 2,
		"height": 1,
		"recipeGroup": 2,
		"output": {
			"type": "item",
			"code": "floralzonescentralaustralianregion:poultice-reed-corymbiasap",
			"quantity": 12
		}
	},
	{
		"ingredientPattern": "HP",
		"requiresTrait": "hedgewitch",
		"ingredients": {
			"P": {
				"type": "block",
				"code": "game:linen-*",
				"quantity": 2
			},
			"H": {
				"type": "item",
				"code": "floralzonescentralaustralianregion:corymbiasap",
				"quantity": 8
			}
		},
		"width": 2,
		"height": 1,
		"recipeGroup": 2,
		"output": {
			"type": "item",
			"code": "floralzonescentralaustralianregion:poultice-linen-corymbiasap",
			"quantity": 12
		}
	},
	{
		"ingredientPattern": "HP",
		"requiresTrait": "hedgewitch",
		"ingredients": {
			"P": {
				"type": "block",
				"code": "game:linen-*",
				"quantity": 2
			},
			"H": {
				"type": "block",
				"code": "floralzonesmediterraneanregion:flower-euphorbiaresinifera-free",
				"quantity": 8
			}
		},
		"width": 2,
		"height": 1,
		"recipeGroup": 2,
		"output": {
			"type": "item",
			"code": "floralzonesmediterraneanregion:poultice-linen-euphorbiaresinifera",
			"quantity": 12
		}
	},
	{
		"ingredientPattern": "HP",
		"requiresTrait": "hedgewitch",
		"ingredients": {
			"P": {
				"type": "item",
				"code": "game:cattailtops",
				"quantity": 4
			},
			"H": {
				"type": "block",
				"code": "floralzonesmediterraneanregion:flower-euphorbiaresinifera-free",
				"quantity": 8
			}
		},
		"width": 2,
		"height": 1,
		"recipeGroup": 2,
		"output": {
			"type": "item",
			"code": "floralzonesmediterraneanregion:poultice-reed-euphorbiaresinifera",
			"quantity": 12
		}
	},
	{
		"ingredientPattern": "HP",
		"requiresTrait": "hedgewitch",
		"ingredients": {
			"P": {
				"type": "item",
				"code": "game:papyrustops",
				"quantity": 4
			},
			"H": {
				"type": "block",
				"code": "floralzonesmediterraneanregion:flower-euphorbiaresinifera-free",
				"quantity": 8
			}
		},
		"width": 2,
		"height": 1,
		"recipeGroup": 2,
		"output": {
			"type": "item",
			"code": "floralzonesmediterraneanregion:poultice-reed-euphorbiaresinifera",
			"quantity": 12
		}
	},
	{
		"ingredientPattern": "_B_,PFP",
		"requiresTrait": "hedgewitch",
		"ingredients": {
			"P": {
				"type": "item",
				"code": "game:cattailtops",
				"quantity": 3 
			},
			"F": {
				"type": "item",
				"code": "game:fat",
				"quantity": 2
			},
			"B": {
				"type": "item",
				"code": "game:poultice-linen-horsetail",
				"quantity": 2
			}
		},
		"width": 3,
		"height": 2,
		"recipeGroup": 2,
		"output": {
			"type": "item",
			"code": "theworkingclasses:medkit",
			"quantity": 1
		}
	},
	{
		"ingredientPattern": "_B_,PFP",
		"requiresTrait": "hedgewitch",
		"ingredients": {
			"P": {
				"type": "item",
				"code": "game:cattailtops",
				"quantity": 3 
			},
			"F": {
				"type": "item",
				"code": "game:fat",
				"quantity": 2
			},
			"B": {
				"type": "item",
				"code": "floralzonescentralaustralianregion:poultice-linen-corymbiasap",
				"quantity": 2
			}
		},
		"width": 3,
		"height": 2,
		"recipeGroup": 2,
		"output": {
			"type": "item",
			"code": "theworkingclasses:medkit",
			"quantity": 1
		}
	},
	{
		"ingredientPattern": "_B_,PFP",
		"requiresTrait": "hedgewitch",
		"ingredients": {
			"P": {
				"type": "item",
				"code": "game:cattailtops",
				"quantity": 3 
			},
			"F": {
				"type": "item",
				"code": "game:fat",
				"quantity": 2
			},
			"B": {
				"type": "item",
				"code": "floralzonescaperegion:poultice-linen-aloesuccotrina",
				"quantity": 2
			}
		},
		"width": 3,
		"height": 2,
		"recipeGroup": 2,
		"output": {
			"type": "item",
			"code": "theworkingclasses:medkit",
			"quantity": 1
		}
	}
]