[
  {
    "ingredientPattern": "H,P",
    "requiresTrait": "prospector",
    "ingredients": {
      "P": {
        "type": "item",
        "code": "game:metalplate-copper",
        "quantity": 1
      },
      "H": {
        "type": "item",
        "code": "game:hammer-*",
        "isTool": true
      }
    },
    "width": 1,
    "height": 2,
    "averageDurability": false,
    "output": {
        "type": "block",
        "code": "theworkingclasses:metalpan-copper",
        "quantity": 1
    }
  },
  {
    "ingredientPattern": "_B_,WFT,_P_",
    "requiresTrait": "prospector",
    "ingredients": {
      "B": {
        "type": "item",
        "code": "game:bone",
        "quantity": 1
      },
      "W": {
        "type": "item",
        "code": "game:firewood",
        "quantity": 4
      },
      "T": {
        "type": "item",
        "code": "game:flaxtwine",
        "quantity": 1
      },
      "F": {
        "type": "item",
        "code": "game:fat",
        "quantity": 2
      },
      "P": {
        "type": "block",
        "code": "game:flowerpot-*-fired",
        "quantity": 1
      }
    },
    "width": 3,
    "height": 3,
    "shapeless": false,
    "output": {
      "type": "block",
      "code": "primitivemininglantern-south",
      "quantity": 1
    }
  },
  {
    "ingredientPattern": "B_,FT,M_",
    "requiresTrait": "prospector",
    "ingredients": {
      "B": {
        "type": "item",
        "code": "game:metalplate-brass",
        "quantity": 1
      },
      "M": {
        "type": "item",
        "code": "game:metalplate-molybdochalkos",
        "quantity": 1
      },
      "F": {
        "type": "item",
        "code": "game:fat",
        "quantity": 2
      },
      "T": {
        "type": "item",
        "code": "game:flaxtwine",
        "quantity": 1
      }
    },
    "width": 2,
    "height": 3,
    "shapeless": false,
    "output": {
      "type": "block",
      "code": "metalmininglantern-south",
      "quantity": 1
    }
  }
]