{
	"code": "clothes",
	"class": "ItemWearable",
	"variantgroups": [
		{ "code": "category",  "states": ["head"] },
		{ "code": "head", "onVariant": "category", "states": ["ribbon-head-side"] }
	],
	"shape": {
		"base": "entity/humanoid/seraph/clothing/head/ribbon-head-side" 
	},
	"storageFlags": 128,
	"attributesByType": {
		"*": {
			"wearableAttachment": true,
			"clothescategory": "head"
		}
	},
	"textures": {
		"seraph": { "base": "game:block/transparent" }
	},
	"creativeinventory": { "general": ["*"], "items": ["*"], "clothing": ["*"] },
	"renderAlphaTest": 0.25,
		"fpHandTransform": {
		"translation": { "x": 0.6, "y": -1.8, "z": -0.5 },
		"rotation": { "x": 180, "y": -108, "z": -180 },
		"origin": { "x": 0.5, "y": 1.6, "z": 0.5 },
		"scale": 2.15
	},
		"tpHandTransform": {
		translation: { x: -0.89, y: -2.6, z: -0.7 },
		rotation: { x: 19, y: 90, z: 41 },
		origin: { x: 0.6, y: 1.5, z: 0.5 },
		scale: 0.63
	},
		"guiTransform": {
		translation: { x: 0, y: 0, z: 0 },
		rotation: { x: 180, y: 152, z: -22 },
		origin: { x: 0.5, y: 1.76, z: 0.6 },
		scale: 3.73
	},
		"groundTransform": {
		"translation": { "x": 0.05, "y": -0.3, "z": 0 },
		"rotation": { "x": 0, "y": 0, "z": 0 },
		"scale": 2
	}
}