{
  "code": "foodcrateraw",
  "class": "Block",
  "entityclass": null,
  "behaviors": [
    { "name": "GroundStorable", "properties": { "layout": "SingleCenter" } },
    { "name": "Unplaceable", "__comment": "The ground storable obsoletes this being a block. Should be an item, but is kept a block for backwards compatibility" },
    { "name": "RightClickPickup"}
  ],
  "variantgroups": [
    { "code": "color", "states": ["blue", "fire", "red" ] }
  ],
  "shape": { "base": "block/foodcrate-closed" },
  "attributes": {
    "humanoidTraversalCost": 100,
    "reinforcable": true,
    "partialAttachable": true,
    "onTongTransform": {
      "translation": { "x": -1.3, "y": -1.06, "z": -0.4 },
      "rotation": { "x": -88, "y": -16, "z": -2 },
      "scale": 0.7
    }
  },
  "attributesByType": {
    "*-fire": {
      "beehivekiln": {
        "0": { "type": "block", "code": "foodcrate:foodcrate-fire", "attributes": { "type": "normal", "lidState": "closed" } },
        "1": { "type": "block", "code": "foodcrate:foodcrate-fire", "attributes": { "type": "normal", "lidState": "closed" } },
        "2": { "type": "block", "code": "foodcrate:foodcrate-fire", "attributes": { "type": "normal", "lidState": "closed" } },
        "3": { "type": "block", "code": "foodcrate:foodcrate-fire", "attributes": { "type": "normal", "lidState": "closed" } }
      }
    },
    "*-red": {
      "beehivekiln": {
        "0": { "type": "block", "code": "foodcrate:foodcrate-tan", "attributes": { "type": "normal", "lidState": "closed" } },
        "1": { "type": "block", "code": "foodcrate:foodcrate-orange", "attributes": { "type": "normal", "lidState": "closed" } },
        "2": { "type": "block", "code": "foodcrate:foodcrate-red", "attributes": { "type": "normal", "lidState": "closed" } },
        "3": { "type": "block", "code": "foodcrate:foodcrate-brown", "attributes": { "type": "normal", "lidState": "closed" } }
      }
    },
    "*-blue": {
      "beehivekiln": {
        "0": { "type": "block", "code": "foodcrate:foodcrate-cream", "attributes": { "type": "normal", "lidState": "closed" } },
        "1": { "type": "block", "code": "foodcrate:foodcrate-gray", "attributes": { "type": "normal", "lidState": "closed" } },
        "2": { "type": "block", "code": "foodcrate:foodcrate-blue", "attributes": { "type": "normal", "lidState": "closed" } },
        "3": { "type": "block", "code": "foodcrate:foodcrate-black", "attributes": { "type": "normal", "lidState": "closed" } }
      }
    }
  },
  "creativeinventory": { "general": ["*"], "decorative": ["*"] },
  "heldTpIdleAnimation": "holdunderarm",
  "shapeInventory": { "base": "block/foodcrate-closed", "rotateY": 0 },
  "shapeByType": { "base": "block/foodcrate-closed", "rotateY": 0 },
  "_comment": "Must declare textures so they get added to the block texture atlas",
  "textures":{ "all": { "base": "game:block/clay/{color}clay" } },
  "blockmaterial": "Ceramic",
  "replaceable": 1000,
  "resistance": 0.8,
  "lightAbsorption": 0,
  "sideAo": { "all": false },
  "sidesolid": { "all": false },
  "sideopaque": { "all": false },
  "combustiblePropsByType": {
    "foodcrateraw-fire": {
      "meltingPoint": 600,
      "meltingDuration": 45,
      "smeltedRatio": 1,
      "smeltingType": "fire",
      "smeltedStack": { "type": "block", "code": "foodcrate-fire", "attributes": { "type": "normal", "lidState": "closed" } },
      "requiresContainer": false
    },
    "foodcrateraw-*": {
      "meltingPoint": 600,
      "meltingDuration": 45,
      "smeltedRatio": 1,
      "smeltingType": "fire",
      "smeltedStack": { "type": "block", "code": "foodcrate-blue", "attributes": { "type": "normal", "lidState": "closed" } },
      "requiresContainer": false
    }
  },
  "sounds": {
    "walk": "game:walk/stone",
    "break": "game:block/ceramicplace",
    "hit": "game:block/ceramichit",
    "place": "game:block/ceramicplace"
  },
  "materialDensity": 600,
  "tpHandTransform": {
    "translation": { "x": -1.3, "y": -0.5, "z": -0.7 },
    "rotation": { "x": 0, "y": 90, "z": -102 },
    "scale": 0.44
  },
  "guiTransform": {
    "origin": { "x": 0.5, "y": 0.5, "z": 0.5 },
    "scale": 1.16
  },
  "collisionSelectionBox": { "x1": 0.125, "y1": 0, "z1": 0.125, "x2": 0.875, "y2": 1, "z2": 0.875 }
}
