{
  "code": "foodcrate",
  "class": "BlockCrate",
  "entityclass": "foodcrate.foodcrate",
  "variantgroups": [
    { "code": "color", "states": ["blue", "fire", "black", "brown", "cream", "gray", "orange", "red", "tan" ] }
  ],
  "shape": { "base": "block/foodcrate-closed" },
  "textures": {
    "label-empty": { "base": "game:block/wood/crate/label-empty" },
    "woodlabel-empty": { "base": "game:block/wood/trunk/accessories" },
    "copper5": { "base": "game:block/clay/hardened/{color}" },
    "lid": { "base": "game:block/clay/hardened/{color}", "overlays": [ "game:block/clay/overlay/vessel-top" ] }
  },
  "attributes": {
    "humanoidTraversalCost": 100,
    "reinforcable": true,
    "tempGlowMode": 1,
    "partialAttachable": true,
    "inventoryClassName": "crate",
    "defaultType": "normal",
    "types": ["normal"],
    "handbook": {
      "groupBy": [ "crate" ]
    },
    "labels": {
      "paper-empty": {
        "editableShape": { "base": "block/foodcrate-label-paper-item" },
        "texture": "label-empty",
        "shape": { "base": "block/foodcrate-label-paper" }
      },
      "wood": {
        "texture": "woodlabel-empty",
        "editable": true,
        "shape": { "base": "block/wood/crate/label-wood" }
      }
    },
    "drop": {
      "normal": true
    },
    "spoilSpeedMulByFoodCat": {
      "normal": {
        "vegetable": 0.75,
        "grain": 0.5,
        "fruit": 0.75
      }
    },
    "shape": {
      "normal": "block/foodcrate-closed"
    },
    "properties": {
      "normal": {
        "quantitySlots": 16,
        "rotatatableInterval": "22.5deg",
        "storageType": 189,
        "retrieveOnly": false,
        "shape": { "base": "block/foodcrate-closed", "rotateY": 180 }
      }
    },
    "variantByGroup": "color",
    "variantByGroupInventory": "color",
    "onTongTransform": {
      "translation": { "x": -1.3, "y": -1.06, "z": -0.4 },
      "rotation": { "x": -88, "y": -16, "z": -2 },
      "scale": 0.7
    }
  },
  "behaviors": [
    {"name": "Lockable" },
    {"name": "Container"},
    {"name": "BoatableCrate" },
    {"name": "UnstableFalling" }
  ],
  "creativeinventory": {  },
  "creativeinventoryStacks": [
    {
      "tabs": [ "general", "decorative" ],
      "stacks": [
        { "type": "block", "code": "foodcrate-{color}", "attributes": { "lidState": "closed", "type": "normal" } },
        { "type": "block", "code": "foodcrate-{color}", "attributes": { "lidState": "opened", "type": "normal" } },
        { "type": "block", "code": "foodcrate-{color}", "attributes": { "lidState": "opened", "type": "normal", "label": "paper-empty" } }
      ]
    }
  ],
  "heldTpIdleAnimation": "holdunderarm",
  "blockmaterial": "Ceramic",
  "replaceable": 1000,
  "resistance": 0.8,
  "lightAbsorption": 0,
  "sideAo": { "all": false },
  "sidesolid": {
    "all": false
  },
  "sideopaque": {
    "all": false
  },
  "sounds": {
    "walk": "game:walk/stone",
    "break": "game:block/ceramicplace",
    "hit": "game:block/ceramichit",
    "place": "game:block/ceramicplace"
  },
  "materialDensity": 600,
  "tpHandTransform": {
    "translation": { "x": -1.3, "y": -0.5, "z": -0.7 },
    "rotation": { "x": 0, "y": 90, "z": -102 },
    "scale": 0.44
  },
  "guiTransform": {
    "origin": { "x": 0.5, "y": 0.5, "z": 0.5 },
    "scale": 1.16
  },
  "collisionSelectionBoxes": [
    { "x1": 0.125, "y1": 0, "z1": 0.125, "x2": 0.875, "y2": 1, "z2": 0.875 },
    { "x1": 0.25, "y1": 0.28125, "z1": 0.95, "x2": 0.75, "y2": 0.875, "z2": 1 }
  ]
}
