{
	"editor": {
		"collapsedPaths": "Root/origin,Root/origin/handle/pommel1",
		"allAngles": false,
		"entityTextureMode": false
	},
	"textureWidth": 16,
	"textureHeight": 16,
	"textureSizes": {
		"blackbronze": [16,16],
		"metal": [16,16],
		"wood": [16,16],
		"handle": [16,16]
	},
	"textures": {
		"cloth": "game:block/cloth/linen/black",
		"blackbronze": "game:block/metal/ingot/iron",
		"handguard": "game:block/metal/sheet/gold1",
		"rubble": "game:block/stone/gem/malachite",
		"handle": "game:block/wood/debarked/birch"
	},
	"elements": [
		{
			"name": "origin",
			"from": [ 8.0, 0.0, 8.0 ],
			"to": [ 8.0, 0.0, 8.0 ],
			"rotationOrigin": [ 8.0, 0.0, 8.0 ],
			"faces": {
			},
			"children": [
				{
					"name": "handle",
					"from": [ -8.0, -0.5, -0.75 ],
					"to": [ -1.0, 0.5, 0.75 ],
					"rotationOrigin": [ -1.0, 0.0, 0.0 ],
					"faces": {
						"north": { "texture": "#cloth", "uv": [ 3.5, 10.0, 10.5, 11.0 ] },
						"south": { "texture": "#cloth", "uv": [ 5.0, 5.0, 12.0, 6.0 ], "windMode": [-1,-1,-1,-1] },
						"up": { "texture": "#cloth", "uv": [ 6.5, 2.0, 13.5, 3.5 ], "windMode": [-1,-1,-1,-1] },
						"down": { "texture": "#cloth", "uv": [ 5.0, 7.5, 12.0, 9.0 ], "windMode": [-1,-1,-1,-1] }
					},
					"children": [
						{
							"name": "hilt",
							"from": [ 7.0, -0.2, -1.25 ],
							"to": [ 8.0, 1.2, 2.75 ],
							"rotationOrigin": [ 8.0, 0.5, 0.75 ],
							"faces": {
								"north": { "texture": "#handguard", "uv": [ 1.0, 1.0, 2.0, 2.0 ] },
								"east": { "texture": "#handguard", "uv": [ 10.5, 9.0, 14.5, 10.0 ], "windMode": [-1,-1,-1,-1] },
								"south": { "texture": "#handguard", "uv": [ 9.5, 14.5, 10.5, 15.5 ], "windMode": [-1,-1,-1,-1] },
								"west": { "texture": "#handguard", "uv": [ 10.5, 11.5, 14.5, 12.5 ], "windMode": [-1,-1,-1,-1] },
								"up": { "texture": "#handguard", "uv": [ 10.5, 5.5, 14.5, 6.5 ], "rotation": 90, "windMode": [-1,-1,-1,-1] },
								"down": { "texture": "#handguard", "uv": [ 6.5, 10.5, 10.5, 11.5 ], "rotation": 90, "windMode": [-1,-1,-1,-1] }
							},
							"children": [
								{
									"name": "blademiddle1",
									"from": [ 1.0, 0.5, 1.5 ],
									"to": [ 17.0, 1.0, 2.5 ],
									"rotationOrigin": [ 1.0, 0.7, 2.0 ],
									"faces": {
										"north": { "texture": "#blackbronze", "uv": [ 0.0, 7.0, 16.0, 7.5 ] },
										"east": { "texture": "#blackbronze", "uv": [ 4.5, 1.0, 5.5, 1.5 ] },
										"south": { "texture": "#blackbronze", "uv": [ 0.0, 12.0, 16.0, 12.5 ] },
										"up": { "texture": "#blackbronze", "uv": [ 0.0, 4.5, 16.0, 5.5 ] },
										"down": { "texture": "#blackbronze", "uv": [ 0.0, 11.0, 16.0, 12.0 ] }
									},
									"children": [
										{
											"name": "blademiddle2",
											"from": [ 16.0, 0.0, 0.0 ],
											"to": [ 27.0, 0.5, 1.0 ],
											"rotationOrigin": [ 16.0, 0.0, 0.5 ],
											"faces": {
												"north": { "texture": "#blackbronze", "uv": [ 3.0, 12.5, 14.0, 13.0 ] },
												"east": { "texture": "#blackbronze", "uv": [ 3.5, 14.5, 4.5, 15.0 ] },
												"south": { "texture": "#blackbronze", "uv": [ 4.5, 11.0, 15.5, 11.5 ] },
												"up": { "texture": "#blackbronze", "uv": [ 4.5, 8.5, 15.5, 9.5 ] },
												"down": { "texture": "#blackbronze", "uv": [ 3.0, 0.0, 14.0, 1.0 ] }
											}
										},
										{
											"name": "blademiddle3",
											"from": [ 27.0, 0.0, 0.2 ],
											"to": [ 29.5, 0.5, 0.8 ],
											"rotationOrigin": [ 27.0, 0.0, 0.5 ],
											"faces": {
												"north": { "texture": "#blackbronze", "uv": [ 5.0, 2.0, 7.5, 2.5 ] },
												"east": { "texture": "#blackbronze", "uv": [ 14.5, 4.5, 15.0, 5.0 ] },
												"south": { "texture": "#blackbronze", "uv": [ 8.5, 10.0, 11.0, 10.5 ] },
												"up": { "texture": "#blackbronze", "uv": [ 8.0, 8.5, 10.5, 9.0 ] },
												"down": { "texture": "#blackbronze", "uv": [ 1.0, 5.0, 3.5, 5.5 ] }
											},
											"children": [
												{
													"name": "tip",
													"from": [ 3.7, 0.1, 0.3 ],
													"to": [ 4.1, 0.3, 0.7 ],
													"rotationOrigin": [ 3.7, 0.2, 0.3 ],
													"rotationY": 45.0,
													"faces": {
														"north": { "texture": "#blackbronze", "uv": [ 10.5, 3.0, 11.0, 3.5 ] },
														"east": { "texture": "#blackbronze", "uv": [ 11.0, 2.5, 11.5, 3.0 ] },
														"south": { "texture": "#blackbronze", "uv": [ 14.5, 13.0, 15.0, 13.5 ] },
														"west": { "texture": "#blackbronze", "uv": [ 1.0, 1.5, 1.5, 2.0 ] },
														"up": { "texture": "#blackbronze", "uv": [ 3.5, 0.0, 4.0, 0.5 ] },
														"down": { "texture": "#blackbronze", "uv": [ 12.5, 2.5, 13.0, 3.0 ] }
													}
												}
											]
										}
									]
								},
								{
									"name": "hilt2",
									"from": [ 0.0, 0.1, 1.2 ],
									"to": [ 1.6, 1.3, 2.8 ],
									"rotationOrigin": [ 0.8, 0.7, 2.0 ],
									"rotationY": -45.0,
									"faces": {
										"north": { "texture": "#handguard", "uv": [ 4.5, 2.0, 6.0, 3.0 ] },
										"east": { "texture": "#handguard", "uv": [ 11.5, 7.5, 13.0, 8.5 ], "windMode": [-1,-1,-1,-1] },
										"south": { "texture": "#handguard", "uv": [ 9.5, 9.0, 11.0, 10.0 ], "windMode": [-1,-1,-1,-1] },
										"west": { "texture": "#handguard", "uv": [ 1.0, 14.0, 2.5, 15.0 ], "windMode": [-1,-1,-1,-1] },
										"up": { "texture": "#handguard", "uv": [ 9.0, 2.5, 10.5, 4.0 ], "windMode": [-1,-1,-1,-1] },
										"down": { "texture": "#handguard", "uv": [ 10.5, 11.0, 12.0, 12.5 ], "windMode": [-1,-1,-1,-1] }
									}
								},
								{
									"name": "quillon1N",
									"from": [ 0.0, 0.2, -2.0 ],
									"to": [ 1.0, 1.2, 0.0 ],
									"rotationOrigin": [ 0.0, 0.7, 0.0 ],
									"rotationY": -30.0,
									"faces": {
										"north": { "texture": "#handguard", "uv": [ 5.0, 14.0, 6.0, 15.0 ] },
										"east": { "texture": "#handguard", "uv": [ 9.5, 6.5, 11.5, 7.5 ], "windMode": [-1,-1,-1,-1] },
										"west": { "texture": "#handguard", "uv": [ 8.5, 10.5, 10.5, 11.5 ], "windMode": [-1,-1,-1,-1] },
										"up": { "texture": "#handguard", "uv": [ 10.0, 5.0, 11.0, 7.0 ], "windMode": [-1,-1,-1,-1] },
										"down": { "texture": "#handguard", "uv": [ 10.0, 5.5, 11.0, 7.5 ], "windMode": [-1,-1,-1,-1] }
									},
									"children": [
										{
											"name": "quillon2N",
											"from": [ 0.0, 0.01, -2.0 ],
											"to": [ 1.0, 1.01, 0.0 ],
											"rotationOrigin": [ 0.0, 0.5, 0.0 ],
											"rotationY": -22.5,
											"faces": {
												"north": { "texture": "#handguard", "uv": [ 13.0, 12.5, 14.0, 13.5 ] },
												"east": { "texture": "#handguard", "uv": [ 8.0, 1.5, 10.0, 2.5 ], "windMode": [-1,-1,-1,-1] },
												"west": { "texture": "#handguard", "uv": [ 9.0, 5.5, 11.0, 6.5 ], "windMode": [-1,-1,-1,-1] },
												"up": { "texture": "#handguard", "uv": [ 2.0, 7.5, 3.0, 9.5 ], "windMode": [-1,-1,-1,-1] },
												"down": { "texture": "#handguard", "uv": [ 3.5, 4.0, 4.5, 6.0 ], "windMode": [-1,-1,-1,-1] }
											}
										}
									]
								},
								{
									"name": "quillon1S",
									"from": [ 0.0, 0.2, 4.0 ],
									"to": [ 1.0, 1.2, 6.0 ],
									"rotationOrigin": [ 0.0, 0.7, 4.0 ],
									"rotationY": 30.0,
									"faces": {
										"east": { "texture": "#handguard", "uv": [ 1.0, 6.5, 3.0, 7.5 ], "windMode": [-1,-1,-1,-1] },
										"south": { "texture": "#handguard", "uv": [ 9.5, 11.5, 10.5, 12.5 ], "windMode": [-1,-1,-1,-1] },
										"west": { "texture": "#handguard", "uv": [ 0.5, 7.5, 2.5, 8.5 ], "windMode": [-1,-1,-1,-1] },
										"up": { "texture": "#handguard", "uv": [ 1.0, 1.5, 2.0, 3.5 ], "windMode": [-1,-1,-1,-1] },
										"down": { "texture": "#handguard", "uv": [ 10.0, 9.0, 11.0, 11.0 ], "windMode": [-1,-1,-1,-1] }
									},
									"children": [
										{
											"name": "quillon2S",
											"from": [ 0.0, 0.01, 2.0 ],
											"to": [ 1.0, 1.01, 4.0 ],
											"rotationOrigin": [ 0.0, 0.5, 2.0 ],
											"rotationY": 22.5,
											"faces": {
												"north": { "texture": "#handguard", "uv": [ 11.5, 3.0, 12.5, 4.0 ] },
												"east": { "texture": "#handguard", "uv": [ 3.5, 12.0, 5.5, 13.0 ], "windMode": [-1,-1,-1,-1] },
												"south": { "texture": "#handguard", "uv": [ 3.0, 9.5, 4.0, 10.5 ], "windMode": [-1,-1,-1,-1] },
												"west": { "texture": "#handguard", "uv": [ 4.5, 3.0, 6.5, 4.0 ], "windMode": [-1,-1,-1,-1] },
												"up": { "texture": "#handguard", "uv": [ 3.0, 11.5, 4.0, 13.5 ], "windMode": [-1,-1,-1,-1] },
												"down": { "texture": "#handguard", "uv": [ 4.5, 13.5, 5.5, 15.5 ], "windMode": [-1,-1,-1,-1] }
											}
										}
									]
								},
								{
									"name": "blade1",
									"from": [ 1.0, 0.6, 0.5 ],
									"to": [ 15.0, 0.8, 3.5 ],
									"rotationOrigin": [ 1.0, 0.7, 2.0 ],
									"faces": {
										"north": { "texture": "#blackbronze", "uv": [ 1.0, 7.5, 15.0, 8.0 ] },
										"east": { "texture": "#blackbronze", "uv": [ 2.0, 6.5, 5.0, 7.0 ] },
										"south": { "texture": "#blackbronze", "uv": [ 0.0, 4.0, 14.0, 4.5 ] },
										"up": { "texture": "#blackbronze", "uv": [ 0.5, 3.5, 14.5, 6.5 ] },
										"down": { "texture": "#blackbronze", "uv": [ 0.0, 4.5, 14.0, 7.5 ] }
									},
									"children": [
										{
											"name": "blade2N",
											"from": [ 14.0, 0.01, 0.0 ],
											"to": [ 27.0, 0.21, 1.0 ],
											"rotationOrigin": [ 14.0, 0.1, 0.0 ],
											"rotationY": -3.0,
											"faces": {
												"north": { "texture": "#blackbronze", "uv": [ 2.0, 1.0, 15.0, 1.5 ] },
												"east": { "texture": "#blackbronze", "uv": [ 0.0, 10.5, 1.0, 11.0 ] },
												"up": { "texture": "#blackbronze", "uv": [ 2.0, 5.5, 15.0, 6.5 ] },
												"down": { "texture": "#blackbronze", "uv": [ 2.0, 2.5, 15.0, 3.5 ] }
											},
											"children": [
												{
													"name": "blade3N",
													"from": [ 13.0, 0.0, 0.0 ],
													"to": [ 17.0, 0.2, 0.5 ],
													"rotationOrigin": [ 13.0, 0.1, 0.0 ],
													"rotationY": -5.0,
													"faces": {
														"north": { "texture": "#blackbronze", "uv": [ 2.0, 6.0, 6.0, 6.5 ] },
														"east": { "texture": "#blackbronze", "uv": [ 8.0, 13.0, 8.5, 13.5 ] },
														"south": { "texture": "#blackbronze", "uv": [ 7.5, 13.5, 11.5, 14.0 ] },
														"west": { "texture": "#blackbronze", "uv": [ 11.0, 8.0, 11.5, 8.5 ] },
														"up": { "texture": "#blackbronze", "uv": [ 6.5, 6.5, 10.5, 7.0 ] },
														"down": { "texture": "#blackbronze", "uv": [ 4.0, 14.0, 8.0, 14.5 ] }
													}
												}
											]
										},
										{
											"name": "blade2S",
											"from": [ 14.0, -0.01, 2.0 ],
											"to": [ 27.0, 0.19, 3.0 ],
											"rotationOrigin": [ 14.0, 0.1, 3.0 ],
											"rotationY": 3.0,
											"faces": {
												"east": { "texture": "#blackbronze", "uv": [ 9.5, 0.0, 10.5, 0.5 ] },
												"south": { "texture": "#blackbronze", "uv": [ 1.5, 15.0, 14.5, 15.5 ], "windMode": [-1,-1,-1,-1] },
												"up": { "texture": "#blackbronze", "uv": [ 2.5, 5.5, 15.5, 6.5 ] },
												"down": { "texture": "#blackbronze", "uv": [ 0.0, 11.5, 13.0, 12.5 ] }
											},
											"children": [
												{
													"name": "blade3S",
													"from": [ 13.0, 0.0, 0.5 ],
													"to": [ 17.0, 0.2, 1.0 ],
													"rotationOrigin": [ 13.0, 0.1, 1.0 ],
													"rotationY": 5.0,
													"faces": {
														"north": { "texture": "#blackbronze", "uv": [ 3.0, 14.5, 7.0, 15.0 ] },
														"east": { "texture": "#blackbronze", "uv": [ 5.5, 5.5, 6.0, 6.0 ] },
														"south": { "texture": "#blackbronze", "uv": [ 4.5, 7.0, 8.5, 7.5 ] },
														"west": { "texture": "#blackbronze", "uv": [ 4.0, 12.5, 4.5, 13.0 ] },
														"up": { "texture": "#blackbronze", "uv": [ 0.0, 8.0, 4.0, 8.5 ] },
														"down": { "texture": "#blackbronze", "uv": [ 0.0, 0.0, 4.0, 0.5 ] }
													}
												}
											]
										}
									]
								},
								{
									"name": "stone2",
									"from": [ 0.3, -0.1, 1.55 ],
									"to": [ 1.3, 1.5, 2.55 ],
									"rotationOrigin": [ 0.8, 0.0, 2.05 ],
									"rotationY": -45.0,
									"faces": {
										"north": { "texture": "#rubble", "uv": [ 4.0, 1.0, 5.0, 2.5 ] },
										"east": { "texture": "#rubble", "uv": [ 14.0, 8.5, 15.0, 10.0 ] },
										"south": { "texture": "#rubble", "uv": [ 3.5, 7.5, 4.5, 9.0 ] },
										"west": { "texture": "#rubble", "uv": [ 12.5, 2.0, 13.5, 3.5 ] },
										"up": { "texture": "#rubble", "uv": [ 7.5, 0.0, 8.5, 1.0 ] },
										"down": { "texture": "#rubble", "uv": [ 0.0, 13.5, 1.0, 14.5 ] }
									}
								}
							]
						},
						{
							"name": "pommel1",
							"from": [ -2.0, -0.25, -0.25 ],
							"to": [ 0.0, 1.15, 1.75 ],
							"rotationOrigin": [ -1.0, 0.7, 0.7 ],
							"faces": {
								"north": { "texture": "#handguard", "uv": [ 2.5, 8.0, 4.5, 9.0 ] },
								"east": { "texture": "#handguard", "uv": [ 0.0, 7.5, 2.0, 8.5 ], "windMode": [-1,-1,-1,-1] },
								"south": { "texture": "#handguard", "uv": [ 2.0, 1.0, 4.0, 2.0 ], "windMode": [-1,-1,-1,-1] },
								"west": { "texture": "#handguard", "uv": [ 10.0, 11.0, 12.0, 12.0 ], "windMode": [-1,-1,-1,-1] },
								"up": { "texture": "#handguard", "uv": [ 10.5, 12.0, 12.5, 14.0 ], "windMode": [-1,-1,-1,-1] },
								"down": { "texture": "#handguard", "uv": [ 11.0, 7.5, 13.0, 9.5 ], "windMode": [-1,-1,-1,-1] }
							},
							"children": [
								{
									"name": "pommel2",
									"from": [ 0.0, 0.1, 0.0 ],
									"to": [ 2.0, 1.3, 2.0 ],
									"rotationOrigin": [ 1.0, 1.0, 1.0 ],
									"rotationY": -45.0,
									"faces": {
										"north": { "texture": "#handguard", "uv": [ 0.5, 14.5, 2.5, 15.5 ], "windMode": [-1,-1,-1,-1] },
										"east": { "texture": "#handguard", "uv": [ 5.5, 11.5, 7.5, 12.5 ], "windMode": [-1,-1,-1,-1] },
										"south": { "texture": "#handguard", "uv": [ 10.5, 10.5, 12.5, 11.5 ], "windMode": [-1,-1,-1,-1] },
										"west": { "texture": "#handguard", "uv": [ 12.0, 10.0, 14.0, 11.0 ], "windMode": [-1,-1,-1,-1] },
										"up": { "texture": "#handguard", "uv": [ 9.5, 6.0, 11.5, 8.0 ], "windMode": [-1,-1,-1,-1] },
										"down": { "texture": "#handguard", "uv": [ 6.0, 10.0, 8.0, 12.0 ], "windMode": [-1,-1,-1,-1] }
									}
								},
								{
									"name": "stone1",
									"from": [ 0.5, -0.1, 0.5 ],
									"to": [ 1.5, 1.5, 1.5 ],
									"rotationOrigin": [ 1.0, 0.8, 1.0 ],
									"faces": {
										"north": { "texture": "#rubble", "uv": [ 7.0, 1.5, 8.0, 3.0 ] },
										"east": { "texture": "#rubble", "uv": [ 6.0, 7.5, 7.0, 9.0 ] },
										"south": { "texture": "#rubble", "uv": [ 3.5, 6.0, 4.5, 7.5 ] },
										"west": { "texture": "#rubble", "uv": [ 11.0, 13.5, 12.0, 15.0 ] },
										"up": { "texture": "#rubble", "uv": [ 3.0, 11.5, 4.0, 12.5 ] },
										"down": { "texture": "#rubble", "uv": [ 1.5, 13.5, 2.5, 14.5 ] }
									}
								}
							]
						}
					]
				}
			]
		},
		{
			"name": "rivet 49",
			"from": [ 10.1, -0.25, 7.8 ],
			"to": [ 10.5, 0.35, 8.2 ],
			"rotationOrigin": [ 10.1, -0.1, 0.5 ],
			"faces": {
				"north": { "texture": "#handguard", "uv": [ 2.5, 12.5, 3.0, 13.0 ] },
				"east": { "texture": "#handguard", "uv": [ 2.5, 9.0, 3.0, 9.5 ] },
				"south": { "texture": "#handguard", "uv": [ 1.0, 1.5, 1.5, 2.0 ] },
				"west": { "texture": "#handguard", "uv": [ 2.5, 11.5, 3.0, 12.0 ] },
				"up": { "texture": "#handguard", "uv": [ 1.0, 10.0, 1.5, 10.5 ] },
				"down": { "texture": "#handguard", "uv": [ 10.0, 1.5, 10.5, 2.0 ] }
			}
		},
		{
			"name": "rivet 50",
			"from": [ 12.3, -0.25, 7.8 ],
			"to": [ 12.7, 0.35, 8.2 ],
			"rotationOrigin": [ 12.3, -0.1, 0.5 ],
			"faces": {
				"north": { "texture": "#handguard", "uv": [ 0.0, 8.5, 0.5, 9.0 ] },
				"east": { "texture": "#handguard", "uv": [ 0.0, 9.5, 0.5, 10.0 ] },
				"south": { "texture": "#handguard", "uv": [ 0.0, 3.0, 0.5, 3.5 ] },
				"west": { "texture": "#handguard", "uv": [ 0.0, 8.0, 0.5, 8.5 ] },
				"up": { "texture": "#handguard", "uv": [ 1.0, 14.0, 1.5, 14.5 ] },
				"down": { "texture": "#handguard", "uv": [ 5.5, 1.0, 6.0, 1.5 ] }
			}
		},
		{
			"name": "rivet 51",
			"from": [ 14.4, -0.25, 7.8 ],
			"to": [ 14.8, 0.35, 8.2 ],
			"rotationOrigin": [ 14.4, -0.1, 0.5 ],
			"faces": {
				"north": { "texture": "#handguard", "uv": [ 1.5, 7.5, 2.0, 8.0 ] },
				"east": { "texture": "#handguard", "uv": [ 3.0, 11.5, 3.5, 12.0 ] },
				"south": { "texture": "#handguard", "uv": [ 2.0, 8.5, 2.5, 9.0 ] },
				"west": { "texture": "#handguard", "uv": [ 2.0, 11.5, 2.5, 12.0 ] },
				"up": { "texture": "#handguard", "uv": [ 3.0, 13.5, 3.5, 14.0 ] },
				"down": { "texture": "#handguard", "uv": [ 4.5, 10.5, 5.0, 11.0 ] }
			}
		},
		{
			"name": "rivet 52",
			"from": [ 16.6, -0.25, 7.8 ],
			"to": [ 17.0, 0.35, 8.2 ],
			"rotationOrigin": [ 16.6, -0.1, 7.5 ],
			"faces": {
				"north": { "texture": "#handguard", "uv": [ 0.0, 12.5, 0.5, 13.0 ] },
				"east": { "texture": "#handguard", "uv": [ 0.0, 8.5, 0.5, 9.0 ] },
				"south": { "texture": "#handguard", "uv": [ 0.0, 2.5, 0.5, 3.0 ] },
				"west": { "texture": "#handguard", "uv": [ 0.0, 8.5, 0.5, 9.0 ] },
				"up": { "texture": "#handguard", "uv": [ 1.0, 14.0, 1.5, 14.5 ] },
				"down": { "texture": "#handguard", "uv": [ 5.5, 1.0, 6.0, 1.5 ] }
			}
		}
	]}