{
	"editor": {
		"allAngles": false,
		"entityTextureMode": false
	},
	"textureWidth": 16,
	"textureHeight": 16,
	"textureSizes": {
	},
	"textures": {
		"cloth": "game:block/cloth/linen/black",
		"meteoriciron": "game:block/metal/ingot/meteoriciron",
		"handguard": "game:block/metal/sheet/gold1",
		"handle": "game:block/wood/debarked/purpleheart"
	},
	"elements": [
		{
			"name": "origin",
			"from": [ 8.0, 0.0, 8.0 ],
			"to": [ 8.0, 0.0, 8.0 ],
			"rotationOrigin": [ 8.0, 0.0, 8.0 ],
			"faces": {
			},
			"children": [
				{
					"name": "handle",
					"from": [ -4.0, -0.5, -0.5 ],
					"to": [ -1.0, 0.5, 0.5 ],
					"faces": {
						"north": { "texture": "#cloth", "uv": [ 4.5, 1.5, 7.5, 2.5 ] },
						"south": { "texture": "#cloth", "uv": [ 7.0, 13.5, 10.0, 14.5 ], "windMode": [-1,-1,-1,-1] },
						"up": { "texture": "#cloth", "uv": [ 4.0, 13.0, 7.0, 14.0 ], "windMode": [-1,-1,-1,-1] },
						"down": { "texture": "#cloth", "uv": [ 0.5, 0.5, 3.5, 1.5 ], "windMode": [-1,-1,-1,-1] }
					},
					"children": [
						{
							"name": "pommel1",
							"from": [ -2.0, -0.5, -0.1 ],
							"to": [ -1.0, 1.5, 1.1 ],
							"rotationOrigin": [ -1.0, 0.5, 0.5 ],
							"faces": {
								"north": { "texture": "#handguard", "uv": [ 14.0, 13.0, 15.0, 15.0 ] },
								"east": { "texture": "#handguard", "uv": [ 2.0, 2.5, 3.0, 4.5 ], "windMode": [-1,-1,-1,-1] },
								"south": { "texture": "#handguard", "uv": [ 12.0, 2.0, 13.0, 4.0 ], "windMode": [-1,-1,-1,-1] },
								"west": { "texture": "#handguard", "uv": [ 9.0, 3.5, 10.0, 5.5 ], "windMode": [-1,-1,-1,-1] },
								"up": { "texture": "#handguard", "uv": [ 6.0, 6.5, 7.0, 7.5 ], "windMode": [-1,-1,-1,-1] },
								"down": { "texture": "#handguard", "uv": [ 7.5, 0.0, 8.5, 1.0 ], "windMode": [-1,-1,-1,-1] }
							},
							"children": [
								{
									"name": "pommel2",
									"from": [ 1.0, 1.0, 0.1 ],
									"to": [ 2.0, 2.0, 1.1 ],
									"rotationOrigin": [ 1.0, 2.0, 0.6 ],
									"rotationX": -1.0,
									"rotationZ": -30.0,
									"faces": {
										"north": { "texture": "#handguard", "uv": [ 0.5, 9.0, 1.5, 10.0 ] },
										"south": { "texture": "#handguard", "uv": [ 10.0, 1.5, 11.0, 2.5 ], "windMode": [-1,-1,-1,-1] },
										"up": { "texture": "#handguard", "uv": [ 6.0, 5.0, 7.0, 6.0 ], "windMode": [-1,-1,-1,-1] }
									}
								},
								{
									"name": "pommel3",
									"from": [ 1.0, 0.0, 0.1 ],
									"to": [ 2.0, 1.0, 1.1 ],
									"rotationOrigin": [ 1.0, 0.0, 0.6 ],
									"rotationX": 1.0,
									"rotationZ": 30.0,
									"faces": {
										"north": { "texture": "#handguard", "uv": [ 2.5, 6.0, 3.5, 7.0 ] },
										"south": { "texture": "#handguard", "uv": [ 2.5, 1.5, 3.5, 2.5 ], "windMode": [-1,-1,-1,-1] },
										"down": { "texture": "#handguard", "uv": [ 6.0, 5.5, 7.0, 6.5 ], "windMode": [-1,-1,-1,-1] }
									}
								},
								{
									"name": "pommel4",
									"from": [ 1.0, 0.4, 0.0 ],
									"to": [ 2.0, 1.6, 1.2 ],
									"rotationOrigin": [ 2.0, 1.0, 0.7 ],
									"faces": {
										"north": { "texture": "#handguard", "uv": [ 12.5, 1.5, 13.5, 2.5 ] },
										"east": { "texture": "#handguard", "uv": [ 8.0, 12.5, 9.0, 13.5 ], "windMode": [-1,-1,-1,-1] },
										"south": { "texture": "#handguard", "uv": [ 7.5, 5.0, 8.5, 6.0 ], "windMode": [-1,-1,-1,-1] },
										"up": { "texture": "#handguard", "uv": [ 11.5, 12.0, 12.5, 13.0 ], "windMode": [-1,-1,-1,-1] },
										"down": { "texture": "#handguard", "uv": [ 0.5, 7.0, 1.5, 8.0 ], "windMode": [-1,-1,-1,-1] }
									}
								}
							]
						},
						{
							"name": "guard",
							"from": [ 4.0, -1.0, -0.1 ],
							"to": [ 4.5, 2.0, 1.1 ],
							"rotationOrigin": [ 4.0, 0.5, 0.5 ],
							"faces": {
								"north": { "texture": "#handguard", "uv": [ 9.5, 4.5, 10.0, 7.5 ] },
								"east": { "texture": "#handguard", "uv": [ 3.5, 9.5, 4.5, 12.5 ], "windMode": [-1,-1,-1,-1] },
								"south": { "texture": "#handguard", "uv": [ 9.0, 12.0, 9.5, 15.0 ], "windMode": [-1,-1,-1,-1] },
								"west": { "texture": "#handguard", "uv": [ 14.0, 3.0, 15.0, 6.0 ], "windMode": [-1,-1,-1,-1] },
								"up": { "texture": "#handguard", "uv": [ 5.0, 7.5, 5.5, 8.5 ], "windMode": [-1,-1,-1,-1] },
								"down": { "texture": "#handguard", "uv": [ 5.0, 14.5, 5.5, 15.5 ], "windMode": [-1,-1,-1,-1] }
							},
							"children": [
								{
									"name": "hilt1",
									"from": [ -1.0, 0.9, 0.0 ],
									"to": [ 0.0, 2.1, 1.2 ],
									"rotationOrigin": [ -1.0, 1.5, 0.6 ],
									"faces": {
										"north": { "texture": "#handguard", "uv": [ 7.0, 14.5, 8.0, 15.5 ] },
										"south": { "texture": "#handguard", "uv": [ 11.5, 2.0, 12.5, 3.0 ], "windMode": [-1,-1,-1,-1] },
										"west": { "texture": "#handguard", "uv": [ 3.0, 13.0, 4.0, 14.0 ], "windMode": [-1,-1,-1,-1] },
										"up": { "texture": "#handguard", "uv": [ 3.5, 3.0, 4.5, 4.0 ], "windMode": [-1,-1,-1,-1] },
										"down": { "texture": "#handguard", "uv": [ 8.0, 0.0, 9.0, 1.0 ], "windMode": [-1,-1,-1,-1] }
									}
								},
								{
									"name": "hilt2",
									"from": [ -1.2, 2.0, 0.1 ],
									"to": [ 0.0, 2.8, 1.1 ],
									"rotationOrigin": [ 0.0, 2.8, 0.6 ],
									"rotationZ": 35.0,
									"faces": {
										"north": { "texture": "#handguard", "uv": [ 12.5, 13.5, 13.5, 14.0 ] },
										"south": { "texture": "#handguard", "uv": [ 1.0, 2.0, 2.0, 2.5 ], "windMode": [-1,-1,-1,-1] },
										"up": { "texture": "#handguard", "uv": [ 3.0, 9.0, 4.0, 10.0 ], "windMode": [-1,-1,-1,-1] }
									}
								},
								{
									"name": "hilt3",
									"from": [ -1.2, 0.2, 0.1 ],
									"to": [ 0.0, 1.0, 1.1 ],
									"rotationOrigin": [ 0.0, 0.2, 0.6 ],
									"rotationZ": -35.0,
									"faces": {
										"north": { "texture": "#handguard", "uv": [ 7.5, 11.5, 8.5, 12.0 ] },
										"south": { "texture": "#handguard", "uv": [ 7.5, 11.0, 8.5, 11.5 ], "windMode": [-1,-1,-1,-1] },
										"down": { "texture": "#handguard", "uv": [ 7.5, 10.0, 8.5, 11.0 ], "windMode": [-1,-1,-1,-1] }
									}
								},
								{
									"name": "guard1",
									"from": [ 0.5, 0.5, 0.0 ],
									"to": [ 1.0, 2.5, 1.2 ],
									"rotationOrigin": [ 0.5, 1.5, 0.6 ],
									"faces": {
										"north": { "texture": "#handguard", "uv": [ 13.0, 10.5, 13.5, 12.5 ] },
										"east": { "texture": "#handguard", "uv": [ 9.0, 13.0, 10.0, 15.0 ], "windMode": [-1,-1,-1,-1] },
										"south": { "texture": "#handguard", "uv": [ 5.0, 2.0, 5.5, 4.0 ], "windMode": [-1,-1,-1,-1] },
										"up": { "texture": "#handguard", "uv": [ 0.0, 6.5, 0.5, 7.5 ], "windMode": [-1,-1,-1,-1] },
										"down": { "texture": "#handguard", "uv": [ 4.0, 14.5, 4.5, 15.5 ], "windMode": [-1,-1,-1,-1] }
									},
									"children": [
										{
											"name": "guard2",
											"from": [ 0.0, 2.0, 0.1 ],
											"to": [ 0.7, 2.5, 1.1 ],
											"rotationOrigin": [ 0.0, 2.5, 0.6 ],
											"rotationZ": -45.0,
											"faces": {
												"north": { "texture": "#handguard", "uv": [ 5.5, 7.5, 6.0, 8.0 ] },
												"south": { "texture": "#handguard", "uv": [ 7.0, 7.0, 7.5, 7.5 ], "windMode": [-1,-1,-1,-1] },
												"up": { "texture": "#handguard", "uv": [ 12.5, 9.0, 13.0, 10.0 ], "windMode": [-1,-1,-1,-1] }
											}
										},
										{
											"name": "guard3",
											"from": [ 0.0, -0.5, 0.1 ],
											"to": [ 0.7, 0.0, 1.1 ],
											"rotationOrigin": [ 0.0, -0.5, 0.6 ],
											"rotationZ": 45.0,
											"faces": {
												"north": { "texture": "#handguard", "uv": [ 3.5, 11.0, 4.0, 11.5 ] },
												"south": { "texture": "#handguard", "uv": [ 14.5, 1.5, 15.0, 2.0 ], "windMode": [-1,-1,-1,-1] },
												"down": { "texture": "#handguard", "uv": [ 1.0, 14.5, 1.5, 15.5 ], "windMode": [-1,-1,-1,-1] }
											}
										},
										{
											"name": "bladeU1",
											"from": [ 0.5, 1.4, 0.45 ],
											"to": [ 6.5, 2.0, 0.65 ],
											"rotationOrigin": [ 0.5, 2.0, 0.55 ],
											"rotationZ": -3.0,
											"faces": {
												"north": { "texture": "#meteoriciron", "uv": [ 3.5, 13.0, 9.5, 13.5 ] },
												"east": { "texture": "#meteoriciron", "uv": [ 11.0, 12.5, 11.5, 13.0 ] },
												"south": { "texture": "#meteoriciron", "uv": [ 4.0, 0.0, 10.0, 0.5 ] },
												"up": { "texture": "#meteoriciron", "uv": [ 6.5, 4.5, 12.5, 5.0 ] }
											},
											"children": [
												{
													"name": "blade2U",
													"from": [ 6.0, 0.0, 0.0 ],
													"to": [ 9.0, 0.6, 0.2 ],
													"rotationOrigin": [ 6.0, 0.6, 0.1 ],
													"rotationX": 1.0,
													"rotationZ": -4.0,
													"faces": {
														"north": { "texture": "#meteoriciron", "uv": [ 7.0, 4.5, 10.0, 5.0 ] },
														"east": { "texture": "#meteoriciron", "uv": [ 8.0, 11.0, 8.5, 11.5 ] },
														"south": { "texture": "#meteoriciron", "uv": [ 10.0, 10.5, 13.0, 11.0 ] },
														"up": { "texture": "#meteoriciron", "uv": [ 1.0, 12.0, 4.0, 12.5 ] }
													}
												}
											]
										},
										{
											"name": "blade1D",
											"from": [ 0.5, 0.0, 0.45 ],
											"to": [ 6.5, 0.6, 0.65 ],
											"rotationOrigin": [ 0.5, 0.0, 0.55 ],
											"rotationZ": 3.0,
											"faces": {
												"north": { "texture": "#meteoriciron", "uv": [ 5.5, 5.5, 11.5, 6.0 ] },
												"east": { "texture": "#meteoriciron", "uv": [ 15.0, 12.0, 15.5, 12.5 ] },
												"south": { "texture": "#meteoriciron", "uv": [ 6.0, 1.0, 12.0, 1.5 ] },
												"down": { "texture": "#meteoriciron", "uv": [ 4.0, 10.0, 10.0, 10.5 ] }
											},
											"children": [
												{
													"name": "blade2D",
													"from": [ 6.0, 0.0, 0.0 ],
													"to": [ 9.0, 0.6, 0.2 ],
													"rotationOrigin": [ 6.0, 0.0, 0.1 ],
													"rotationX": -1.0,
													"rotationZ": 4.0,
													"faces": {
														"north": { "texture": "#meteoriciron", "uv": [ 5.5, 3.5, 8.5, 4.0 ] },
														"east": { "texture": "#meteoriciron", "uv": [ 14.5, 6.5, 15.0, 7.0 ] },
														"south": { "texture": "#meteoriciron", "uv": [ 2.5, 12.5, 5.5, 13.0 ] },
														"down": { "texture": "#meteoriciron", "uv": [ 8.0, 14.0, 11.0, 14.5 ] }
													}
												}
											]
										}
									]
								},
								{
									"name": "fuller",
									"from": [ 1.0, 1.3, 0.3 ],
									"to": [ 9.5, 1.7, 0.8 ],
									"rotationOrigin": [ 1.0, 1.5, 0.6 ],
									"faces": {
										"north": { "texture": "#meteoriciron", "uv": [ 3.5, 2.0, 12.0, 2.5 ] },
										"east": { "texture": "#meteoriciron", "uv": [ 3.5, 14.0, 4.0, 14.5 ] },
										"south": { "texture": "#meteoriciron", "uv": [ 1.5, 14.5, 10.0, 15.0 ] },
										"up": { "texture": "#meteoriciron", "uv": [ 3.0, 8.5, 11.5, 9.0 ] },
										"down": { "texture": "#meteoriciron", "uv": [ 3.0, 14.5, 11.5, 15.0 ] }
									},
									"children": [
										{
											"name": "bladetip",
											"from": [ 8.65, 0.25, 0.15 ],
											"to": [ 9.1, 0.7, 0.35 ],
											"rotationOrigin": [ 8.6, 0.2, 0.25 ],
											"rotationZ": -45.0,
											"faces": {
												"north": { "texture": "#meteoriciron", "uv": [ 2.0, 7.5, 2.5, 8.0 ] },
												"east": { "texture": "#meteoriciron", "uv": [ 4.5, 8.0, 5.0, 8.5 ] },
												"south": { "texture": "#meteoriciron", "uv": [ 13.0, 4.5, 13.5, 5.0 ] },
												"west": { "texture": "#meteoriciron", "uv": [ 4.5, 3.5, 5.0, 4.0 ] },
												"up": { "texture": "#meteoriciron", "uv": [ 7.5, 10.0, 8.0, 10.5 ] },
												"down": { "texture": "#meteoriciron", "uv": [ 2.0, 5.5, 2.5, 6.0 ] }
											}
										},
										{
											"name": "blademid1",
											"from": [ 0.0, 0.4, 0.0 ],
											"to": [ 4.0, 0.7, 0.5 ],
											"rotationOrigin": [ 0.0, 0.4, 0.25 ],
											"faces": {
												"north": { "texture": "#meteoriciron", "uv": [ 9.5, 7.5, 13.5, 8.0 ] },
												"east": { "texture": "#meteoriciron", "uv": [ 6.5, 7.5, 7.0, 8.0 ] },
												"south": { "texture": "#meteoriciron", "uv": [ 8.0, 13.5, 12.0, 14.0 ] },
												"up": { "texture": "#meteoriciron", "uv": [ 5.5, 5.0, 9.5, 5.5 ] }
											}
										},
										{
											"name": "blademid2",
											"from": [ 0.0, -0.3, 0.0 ],
											"to": [ 4.0, 0.0, 0.5 ],
											"rotationOrigin": [ 0.0, 0.0, 0.25 ],
											"faces": {
												"north": { "texture": "#meteoriciron", "uv": [ 7.0, 0.0, 11.0, 0.5 ] },
												"east": { "texture": "#meteoriciron", "uv": [ 6.0, 7.5, 6.5, 8.0 ] },
												"south": { "texture": "#meteoriciron", "uv": [ 5.5, 6.5, 9.5, 7.0 ] },
												"down": { "texture": "#meteoriciron", "uv": [ 1.5, 9.5, 5.5, 10.0 ] }
											}
										}
									]
								}
							]
						}
					]
				}
			]
		},
		{
			"name": "rivet 51",
			"from": [ 9.4, 0.0, 7.2 ],
			"to": [ 9.8, 0.7, 7.6 ],
			"rotationOrigin": [ 9.4, -0.1, 7.5 ],
			"rotationX": 90.0,
			"faces": {
				"north": { "texture": "#handguard", "uv": [ 1.5, 7.5, 2.0, 8.0 ] },
				"east": { "texture": "#handguard", "uv": [ 3.0, 11.5, 3.5, 12.0 ] },
				"south": { "texture": "#handguard", "uv": [ 2.0, 8.5, 2.5, 9.0 ] },
				"west": { "texture": "#handguard", "uv": [ 2.0, 11.5, 2.5, 12.0 ] },
				"up": { "texture": "#handguard", "uv": [ 3.0, 13.5, 3.5, 14.0 ] },
				"down": { "texture": "#handguard", "uv": [ 4.5, 10.5, 5.0, 11.0 ] }
			}
		},
		{
			"name": "rivet 53",
			"from": [ 10.4, 0.0, 7.2 ],
			"to": [ 10.8, 0.7, 7.6 ],
			"rotationOrigin": [ 10.4, -0.1, 7.5 ],
			"rotationX": 90.0,
			"faces": {
				"north": { "texture": "#handguard", "uv": [ 1.5, 7.5, 2.0, 8.0 ] },
				"east": { "texture": "#handguard", "uv": [ 3.0, 11.5, 3.5, 12.0 ] },
				"south": { "texture": "#handguard", "uv": [ 2.0, 8.5, 2.5, 9.0 ] },
				"west": { "texture": "#handguard", "uv": [ 2.0, 11.5, 2.5, 12.0 ] },
				"up": { "texture": "#handguard", "uv": [ 3.0, 13.5, 3.5, 14.0 ] },
				"down": { "texture": "#handguard", "uv": [ 4.5, 10.5, 5.0, 11.0 ] }
			}
		},
		{
			"name": "rivet 54",
			"from": [ 11.4, 0.0, 7.2 ],
			"to": [ 11.8, 0.7, 7.6 ],
			"rotationOrigin": [ 11.4, -0.1, 7.5 ],
			"rotationX": 90.0,
			"faces": {
				"north": { "texture": "#handguard", "uv": [ 1.5, 7.5, 2.0, 8.0 ] },
				"east": { "texture": "#handguard", "uv": [ 3.0, 11.5, 3.5, 12.0 ] },
				"south": { "texture": "#handguard", "uv": [ 2.0, 8.5, 2.5, 9.0 ] },
				"west": { "texture": "#handguard", "uv": [ 2.0, 11.5, 2.5, 12.0 ] },
				"up": { "texture": "#handguard", "uv": [ 3.0, 13.5, 3.5, 14.0 ] },
				"down": { "texture": "#handguard", "uv": [ 4.5, 10.5, 5.0, 11.0 ] }
			}
		}
	]}