{
	"editor": {
		"collapsedPaths": "Root/origin",
		"allAngles": false,
		"entityTextureMode": false
	},
	"textureWidth": 16,
	"textureHeight": 8,
	"textureSizes": {
		"blackbronze": [16,16],
		"metal": [16,16],
		"wood": [16,16],
		"handle": [16,16]
	},
	"textures": {
		"cloth": "game:block/cloth/linen/black",
		"blackbronze": "game:block/metal/ingot/blackbronze",
		"handguard": "game:block/metal/sheet/gold1",
		"handle": "game:block/wood/debarked/ebony"
	},
	"elements": [
		{
			"name": "origin",
			"from": [ 8.0, 0.0, 8.0 ],
			"to": [ 8.0, 0.0, 8.0 ],
			"rotationOrigin": [ 8.0, 0.0, 8.0 ],
			"faces": {
			},
			"children": [
				{
					"name": "handle",
					"from": [ -4.0, -0.5, -0.75 ],
					"to": [ 4.0, 0.5, 0.75 ],
					"faces": {
						"north": { "texture": "#cloth", "uv": [ 1.0, 5.75, 9.0, 6.75 ] },
						"south": { "texture": "#cloth", "uv": [ 0.0, 2.0, 8.0, 3.0 ], "windMode": [-1,-1,-1,-1] },
						"up": { "texture": "#cloth", "uv": [ 3.5, 6.25, 11.5, 7.75 ], "windMode": [-1,-1,-1,-1] },
						"down": { "texture": "#cloth", "uv": [ 6.0, 6.0, 14.0, 7.5 ], "windMode": [-1,-1,-1,-1] }
					},
					"children": [
						{
							"name": "pommel1",
							"from": [ -4.0, 0.0, 0.0 ],
							"to": [ 0.0, 1.0, 1.5 ],
							"rotationOrigin": [ 0.0, 0.5, 0.75 ],
							"faces": {
								"north": { "texture": "#handguard", "uv": [ 11.0, 4.75, 15.0, 5.75 ] },
								"south": { "texture": "#handguard", "uv": [ 7.5, 0.0, 11.5, 1.0 ], "windMode": [-1,-1,-1,-1] },
								"west": { "texture": "#handguard", "uv": [ 8.0, 4.75, 9.5, 5.75 ], "windMode": [-1,-1,-1,-1] },
								"up": { "texture": "#handguard", "uv": [ 0.5, 5.75, 4.5, 7.25 ], "windMode": [-1,-1,-1,-1] },
								"down": { "texture": "#handguard", "uv": [ 6.5, 3.5, 10.5, 5.0 ], "windMode": [-1,-1,-1,-1] }
							},
							"children": [
								{
									"name": "pommel2",
									"from": [ 1.0, -0.3, -0.2 ],
									"to": [ 2.6, 1.3, 1.7 ],
									"rotationOrigin": [ 1.8, 0.5, 0.75 ],
									"faces": {
										"north": { "texture": "#handguard", "uv": [ 4.0, 1.0, 5.5, 2.5 ] },
										"east": { "texture": "#handguard", "uv": [ 3.5, 6.25, 5.0, 7.75 ], "windMode": [-1,-1,-1,-1] },
										"south": { "texture": "#handguard", "uv": [ 5.0, 6.0, 6.5, 7.5 ], "windMode": [-1,-1,-1,-1] },
										"west": { "texture": "#handguard", "uv": [ 1.0, 5.5, 2.5, 7.0 ], "windMode": [-1,-1,-1,-1] },
										"up": { "texture": "#handguard", "uv": [ 0.5, 1.5, 2.0, 3.25 ], "windMode": [-1,-1,-1,-1] },
										"down": { "texture": "#handguard", "uv": [ 2.5, 6.5, 4.0, 8.0 ], "windMode": [-1,-1,-1,-1] }
									}
								},
								{
									"name": "pommel3",
									"from": [ -1.0, 0.1, 0.35 ],
									"to": [ 0.0, 0.9, 1.15 ],
									"rotationOrigin": [ -1.0, 0.5, 0.75 ],
									"faces": {
										"north": { "texture": "#handguard", "uv": [ 6.5, 6.0, 7.5, 6.75 ] },
										"south": { "texture": "#handguard", "uv": [ 8.5, 0.0, 9.5, 0.75 ], "windMode": [-1,-1,-1,-1] },
										"west": { "texture": "#handguard", "uv": [ 8.5, 6.25, 9.0, 7.0 ], "windMode": [-1,-1,-1,-1] },
										"up": { "texture": "#handguard", "uv": [ 5.0, 5.0, 6.0, 5.75 ], "windMode": [-1,-1,-1,-1] },
										"down": { "texture": "#handguard", "uv": [ 14.0, 6.75, 15.0, 7.5 ], "windMode": [-1,-1,-1,-1] }
									}
								}
							]
						},
						{
							"name": "hilt",
							"from": [ 8.0, -0.2, -1.25 ],
							"to": [ 9.2, 1.2, 2.75 ],
							"rotationOrigin": [ 8.0, 0.5, 0.75 ],
							"faces": {
								"north": { "texture": "#handguard", "uv": [ 1.5, 3.5, 2.5, 4.75 ] },
								"east": { "texture": "#handguard", "uv": [ 6.5, 3.0, 10.5, 4.25 ], "windMode": [-1,-1,-1,-1] },
								"south": { "texture": "#handguard", "uv": [ 0.5, 0.5, 1.5, 1.75 ], "windMode": [-1,-1,-1,-1] },
								"west": { "texture": "#handguard", "uv": [ 7.0, 6.0, 11.0, 7.25 ], "windMode": [-1,-1,-1,-1] },
								"up": { "texture": "#handguard", "uv": [ 11.5, 3.25, 12.5, 7.25 ], "windMode": [-1,-1,-1,-1] },
								"down": { "texture": "#handguard", "uv": [ 10.5, 1.25, 11.5, 5.25 ], "windMode": [-1,-1,-1,-1] }
							},
							"children": [
								{
									"name": "crossguard",
									"from": [ 0.2, 0.3, -2.5 ],
									"to": [ 1.0, 1.1, 6.5 ],
									"rotationOrigin": [ 0.6, 0.7, 2.0 ],
									"rotationZ": -45.0,
									"faces": {
										"east": { "texture": "#handguard", "uv": [ 0.5, 4.5, 9.5, 5.25 ] },
										"west": { "texture": "#handguard", "uv": [ 3.0, 6.0, 12.0, 6.75 ], "windMode": [-1,-1,-1,-1] },
										"up": { "texture": "#handguard", "uv": [ 4.5, 0.75, 5.0, 7.75 ], "autoUv": false, "windMode": [-1,-1,-1,-1] },
										"down": { "texture": "#handguard", "uv": [ 1.5, 0.5, 2.0, 7.5 ], "autoUv": false, "windMode": [-1,-1,-1,-1] }
									},
									"children": [
										{
											"name": "hiltcap1",
											"from": [ -0.1, -0.1, -1.0 ],
											"to": [ 0.9, 0.9, 0.0 ],
											"rotationOrigin": [ 0.4, 0.4, 0.0 ],
											"faces": {
												"north": { "texture": "#handguard", "uv": [ 12.5, 6.25, 13.5, 7.25 ] },
												"east": { "texture": "#handguard", "uv": [ 13.0, 6.0, 14.0, 7.0 ], "windMode": [-1,-1,-1,-1] },
												"south": { "texture": "#handguard", "uv": [ 8.5, 3.5, 9.5, 4.5 ], "windMode": [-1,-1,-1,-1] },
												"west": { "texture": "#handguard", "uv": [ 1.0, 6.0, 2.0, 7.0 ], "windMode": [-1,-1,-1,-1] },
												"up": { "texture": "#handguard", "uv": [ 0.5, 1.5, 1.5, 2.5 ], "windMode": [-1,-1,-1,-1] },
												"down": { "texture": "#handguard", "uv": [ 13.5, 3.5, 14.5, 4.5 ], "windMode": [-1,-1,-1,-1] }
											}
										},
										{
											"name": "hiltcap2",
											"from": [ -0.1, -0.1, 9.0 ],
											"to": [ 0.9, 0.9, 10.0 ],
											"rotationOrigin": [ 0.4, 0.4, 9.0 ],
											"faces": {
												"north": { "texture": "#handguard", "uv": [ 9.0, 6.5, 10.0, 7.5 ] },
												"east": { "texture": "#handguard", "uv": [ 8.0, 5.0, 9.0, 6.0 ], "windMode": [-1,-1,-1,-1] },
												"south": { "texture": "#handguard", "uv": [ 8.5, 5.0, 9.5, 6.0 ], "windMode": [-1,-1,-1,-1] },
												"west": { "texture": "#handguard", "uv": [ 13.0, 2.5, 14.0, 3.5 ], "windMode": [-1,-1,-1,-1] },
												"up": { "texture": "#handguard", "uv": [ 1.5, 4.0, 2.5, 5.0 ], "windMode": [-1,-1,-1,-1] },
												"down": { "texture": "#handguard", "uv": [ 3.5, 4.75, 4.5, 5.75 ], "windMode": [-1,-1,-1,-1] }
											}
										}
									]
								},
								{
									"name": "blademiddle1",
									"from": [ 1.2, 0.45, 1.75 ],
									"to": [ 17.2, 0.95, 2.25 ],
									"rotationOrigin": [ 1.2, 0.6, 2.0 ],
									"faces": {
										"up": { "texture": "#blackbronze", "uv": [ 0.0, 3.5, 16.0, 4.0 ] },
										"down": { "texture": "#blackbronze", "uv": [ 0.0, 11.0, 16.0, 11.5 ] }
									},
									"children": [
										{
											"name": "blademiddle2",
											"from": [ 16.0, 0.0, 0.0 ],
											"to": [ 32.0, 0.5, 0.5 ],
											"rotationOrigin": [ 16.0, 0.25, 0.25 ],
											"faces": {
												"north": { "texture": "#blackbronze", "uv": [ 0.0, 8.0, 16.0, 8.5 ] },
												"east": { "texture": "#blackbronze", "uv": [ 0.5, 14.0, 1.0, 14.5 ] },
												"south": { "texture": "#blackbronze", "uv": [ 0.0, 8.0, 16.0, 8.5 ] },
												"up": { "texture": "#blackbronze", "uv": [ 0.0, 2.0, 16.0, 2.5 ] },
												"down": { "texture": "#blackbronze", "uv": [ 0.0, 11.5, 16.0, 12.0 ] }
											},
											"children": [
												{
													"name": "tip",
													"from": [ 23.6, 0.15, -0.09 ],
													"to": [ 24.2, 0.35, 0.46 ],
													"rotationOrigin": [ 23.9, 0.25, 0.2 ],
													"rotationY": 45.0,
													"faces": {
														"north": { "texture": "#blackbronze", "uv": [ 1.5, 13.0, 2.0, 13.5 ] },
														"east": { "texture": "#blackbronze", "uv": [ 13.0, 9.0, 13.5, 9.5 ] },
														"south": { "texture": "#blackbronze", "uv": [ 14.5, 10.0, 15.0, 10.5 ] },
														"west": { "texture": "#blackbronze", "uv": [ 11.5, 4.0, 12.0, 4.5 ] },
														"up": { "texture": "#blackbronze", "uv": [ 10.0, 9.0, 10.5, 9.5 ] },
														"down": { "texture": "#blackbronze", "uv": [ 0.0, 0.5, 0.5, 1.0 ] }
													}
												}
											]
										},
										{
											"name": "blade1S",
											"from": [ -0.1, 0.15, 0.5 ],
											"to": [ 15.9, 0.35, 1.5 ],
											"rotationOrigin": [ 0.0, 0.25, 1.0 ],
											"rotationY": 0.5,
											"faces": {
												"east": { "texture": "#blackbronze", "uv": [ 7.0, 0.0, 8.0, 0.5 ] },
												"south": { "texture": "#blackbronze", "uv": [ 0.0, 11.0, 16.0, 11.5 ] },
												"up": { "texture": "#blackbronze", "uv": [ 0.0, 3.0, 16.0, 4.0 ] },
												"down": { "texture": "#blackbronze", "uv": [ 0.0, 6.0, 16.0, 7.0 ] }
											},
											"children": [
												{
													"name": "blade2S",
													"from": [ 16.0, 0.01, 0.2 ],
													"to": [ 32.0, 0.21, 1.0 ],
													"rotationOrigin": [ 16.0, 0.1, 1.0 ],
													"rotationY": 1.0,
													"faces": {
														"north": { "texture": "#blackbronze", "uv": [ 0.0, 4.0, 16.0, 4.5 ] },
														"east": { "texture": "#blackbronze", "uv": [ 10.0, 12.5, 10.5, 13.0 ] },
														"south": { "texture": "#blackbronze", "uv": [ 0.0, 14.5, 16.0, 15.0 ] },
														"up": { "texture": "#blackbronze", "uv": [ 0.0, 3.0, 16.0, 3.5 ] },
														"down": { "texture": "#blackbronze", "uv": [ 0.0, 13.0, 16.0, 13.5 ] }
													},
													"children": [
														{
															"name": "blade3S",
															"from": [ 16.0, -0.01, 0.1 ],
															"to": [ 24.0, 0.19, 0.8 ],
															"rotationOrigin": [ 16.0, 0.1, 0.8 ],
															"rotationY": 1.0,
															"faces": {
																"north": { "texture": "#blackbronze", "uv": [ 1.0, 13.5, 9.0, 14.0 ] },
																"east": { "texture": "#blackbronze", "uv": [ 13.5, 9.5, 14.0, 10.0 ] },
																"south": { "texture": "#blackbronze", "uv": [ 5.5, 4.5, 13.5, 5.0 ] },
																"west": { "texture": "#blackbronze", "uv": [ 11.0, 3.0, 11.5, 3.5 ] },
																"up": { "texture": "#blackbronze", "uv": [ 1.0, 5.5, 9.0, 6.0 ] },
																"down": { "texture": "#blackbronze", "uv": [ 2.0, 15.0, 10.0, 15.5 ] }
															}
														}
													]
												}
											]
										},
										{
											"name": "blade1N",
											"from": [ -0.1, 0.15, -1.0 ],
											"to": [ 15.9, 0.35, 0.0 ],
											"rotationOrigin": [ 0.0, 0.25, -0.5 ],
											"rotationY": -0.5,
											"faces": {
												"north": { "texture": "#blackbronze", "uv": [ 0.0, 4.0, 16.0, 4.5 ] },
												"east": { "texture": "#blackbronze", "uv": [ 5.0, 0.0, 6.0, 0.5 ] },
												"up": { "texture": "#blackbronze", "uv": [ 0.0, 5.0, 16.0, 6.0 ] },
												"down": { "texture": "#blackbronze", "uv": [ 0.0, 0.0, 16.0, 1.0 ] }
											},
											"children": [
												{
													"name": "blade2N",
													"from": [ 16.0, 0.01, 0.0 ],
													"to": [ 32.0, 0.21, 0.8 ],
													"rotationOrigin": [ 16.0, 0.1, 0.0 ],
													"rotationY": -1.0,
													"faces": {
														"north": { "texture": "#blackbronze", "uv": [ 0.0, 14.5, 16.0, 15.0 ] },
														"east": { "texture": "#blackbronze", "uv": [ 10.0, 7.5, 10.5, 8.0 ] },
														"south": { "texture": "#blackbronze", "uv": [ 0.0, 6.0, 16.0, 6.5 ] },
														"up": { "texture": "#blackbronze", "uv": [ 0.0, 12.5, 16.0, 13.0 ] },
														"down": { "texture": "#blackbronze", "uv": [ 0.0, 8.0, 16.0, 8.5 ] }
													},
													"children": [
														{
															"name": "blade3N",
															"from": [ 16.0, 0.01, 0.0 ],
															"to": [ 24.0, 0.21, 0.7 ],
															"rotationOrigin": [ 16.0, 0.1, 0.0 ],
															"faces": {
																"north": { "texture": "#blackbronze", "uv": [ 6.5, 13.0, 14.5, 13.5 ] },
																"east": { "texture": "#blackbronze", "uv": [ 9.0, 8.0, 9.5, 8.5 ] },
																"south": { "texture": "#blackbronze", "uv": [ 6.5, 4.5, 14.5, 5.0 ] },
																"west": { "texture": "#blackbronze", "uv": [ 6.0, 7.0, 6.5, 7.5 ] },
																"up": { "texture": "#blackbronze", "uv": [ 5.0, 12.5, 13.0, 13.0 ] },
																"down": { "texture": "#blackbronze", "uv": [ 4.0, 14.5, 12.0, 15.0 ] }
															}
														}
													]
												}
											]
										}
									]
								},
								{
									"name": "fuller1N",
									"from": [ 1.2, 0.35, 1.45 ],
									"to": [ 17.2, 0.85, 1.95 ],
									"rotationOrigin": [ 1.2, 0.6, 1.7 ],
									"rotationX": -45.0,
									"faces": {
										"north": { "texture": "#blackbronze", "uv": [ 0.0, 5.5, 16.0, 6.0 ] },
										"east": { "texture": "#blackbronze", "uv": [ 9.5, 13.0, 10.0, 13.5 ] },
										"south": { "texture": "#blackbronze", "uv": [ 0.0, 3.5, 16.0, 4.0 ] },
										"up": { "texture": "#blackbronze", "uv": [ 0.0, 12.0, 16.0, 12.5 ] },
										"down": { "texture": "#blackbronze", "uv": [ 0.0, 2.0, 16.0, 2.5 ] }
									},
									"children": [
										{
											"name": "fuller2N",
											"from": [ 16.0, 0.0, 0.0 ],
											"to": [ 19.0, 0.5, 0.5 ],
											"rotationOrigin": [ 16.0, 0.25, 0.25 ],
											"rotationY": -4.0,
											"rotationZ": -4.0,
											"faces": {
												"north": { "texture": "#blackbronze", "uv": [ 12.0, 1.0, 15.0, 1.5 ] },
												"east": { "texture": "#blackbronze", "uv": [ 1.0, 9.5, 1.5, 10.0 ] },
												"south": { "texture": "#blackbronze", "uv": [ 6.0, 4.0, 9.0, 4.5 ] },
												"up": { "texture": "#blackbronze", "uv": [ 0.0, 4.0, 3.0, 4.5 ] },
												"down": { "texture": "#blackbronze", "uv": [ 1.0, 11.0, 4.0, 11.5 ] }
											}
										}
									]
								},
								{
									"name": "fuller1S",
									"from": [ 1.2, 0.35, 2.15 ],
									"to": [ 17.2, 0.85, 2.65 ],
									"rotationOrigin": [ 1.2, 0.6, 2.4 ],
									"rotationX": -45.0,
									"faces": {
										"north": { "texture": "#blackbronze", "uv": [ 0.0, 14.0, 16.0, 14.5 ] },
										"east": { "texture": "#blackbronze", "uv": [ 14.5, 6.5, 15.0, 7.0 ] },
										"south": { "texture": "#blackbronze", "uv": [ 0.0, 10.0, 16.0, 10.5 ] },
										"up": { "texture": "#blackbronze", "uv": [ 0.0, 6.5, 16.0, 7.0 ] },
										"down": { "texture": "#blackbronze", "uv": [ 0.0, 10.5, 16.0, 11.0 ] }
									},
									"children": [
										{
											"name": "fuller2S",
											"from": [ 16.0, 0.0, 0.0 ],
											"to": [ 19.0, 0.5, 0.5 ],
											"rotationOrigin": [ 16.0, 0.25, 0.25 ],
											"rotationY": 4.0,
											"rotationZ": 4.0,
											"faces": {
												"north": { "texture": "#blackbronze", "uv": [ 0.0, 13.0, 3.0, 13.5 ] },
												"east": { "texture": "#blackbronze", "uv": [ 11.5, 5.0, 12.0, 5.5 ] },
												"south": { "texture": "#blackbronze", "uv": [ 11.5, 14.5, 14.5, 15.0 ] },
												"up": { "texture": "#blackbronze", "uv": [ 12.0, 13.5, 15.0, 14.0 ] },
												"down": { "texture": "#blackbronze", "uv": [ 6.5, 13.5, 9.5, 14.0 ] }
											}
										}
									]
								}
							]
						},
						{
							"name": "band",
							"from": [ 3.5, -0.1, -0.1 ],
							"to": [ 4.5, 1.1, 1.6 ],
							"rotationOrigin": [ 4.0, 0.5, 0.75 ],
							"faces": {
								"north": { "texture": "#handguard", "uv": [ 11.5, 4.0, 12.5, 5.0 ] },
								"east": { "texture": "#handguard", "uv": [ 7.0, 5.25, 8.5, 6.25 ], "windMode": [-1,-1,-1,-1] },
								"south": { "texture": "#handguard", "uv": [ 7.0, 5.5, 8.0, 6.5 ], "windMode": [-1,-1,-1,-1] },
								"west": { "texture": "#handguard", "uv": [ 0.5, 4.5, 2.0, 5.5 ], "windMode": [-1,-1,-1,-1] },
								"up": { "texture": "#handguard", "uv": [ 2.0, 5.5, 3.0, 7.0 ], "windMode": [-1,-1,-1,-1] },
								"down": { "texture": "#handguard", "uv": [ 7.0, 6.5, 8.0, 8.0 ], "windMode": [-1,-1,-1,-1] }
							}
						}
					]
				}
			]
		}
	]}