{
	"editor": {
		"collapsedPaths": "Root/origin/handle/hilt/blademiddle1,Root/origin/handle/hilt,Root/origin/handle/hilt/blademiddle1/blademiddle2",
		"allAngles": false,
		"entityTextureMode": false
	},
	"textureWidth": 16,
	"textureHeight": 16,
	"textureSizes": {
	},
	"textures": {
		"blackbronze": "game:block/metal/ingot/tinbronze",
		"handle": "game:block/wood/debarked/acacia"
	},
	"elements": [
		{
			"name": "origin",
			"from": [ 8.0, 0.0, 8.0 ],
			"to": [ 8.0, 0.0, 8.0 ],
			"rotationOrigin": [ 8.0, 0.0, 8.0 ],
			"faces": {
			},
			"children": [
				{
					"name": "handle",
					"from": [ -5.0, -0.65, -0.5 ],
					"to": [ -1.0, 0.55, 0.0 ],
					"faces": {
						"north": { "texture": "#blackbronze", "uv": [ 2.0, 2.0, 6.0, 3.0 ] },
						"south": { "texture": "#blackbronze", "uv": [ 5.0, 14.5, 9.0, 15.5 ] },
						"up": { "texture": "#blackbronze", "uv": [ 4.5, 14.5, 8.5, 15.0 ] },
						"down": { "texture": "#blackbronze", "uv": [ 1.5, 4.5, 5.5, 5.0 ] }
					},
					"children": [
						{
							"name": "pommel",
							"from": [ -1.0, -0.4, -0.25 ],
							"to": [ 0.0, 1.6, 0.75 ],
							"rotationOrigin": [ 0.0, 0.6, 0.5 ],
							"faces": {
								"north": { "texture": "#blackbronze", "uv": [ 13.5, 4.0, 14.5, 6.0 ] },
								"east": { "texture": "#blackbronze", "uv": [ 0.0, 4.5, 1.0, 6.5 ] },
								"south": { "texture": "#blackbronze", "uv": [ 8.5, 6.0, 9.5, 8.0 ] },
								"west": { "texture": "#blackbronze", "uv": [ 12.5, 0.0, 13.5, 2.0 ] },
								"up": { "texture": "#blackbronze", "uv": [ 5.5, 0.5, 6.5, 1.5 ] },
								"down": { "texture": "#blackbronze", "uv": [ 12.5, 4.5, 13.5, 5.5 ] }
							}
						},
						{
							"name": "hilt",
							"from": [ 4.0, -0.4, -0.25 ],
							"to": [ 5.0, 1.6, 0.75 ],
							"rotationOrigin": [ 4.0, 0.6, 0.5 ],
							"faces": {
								"north": { "texture": "#blackbronze", "uv": [ 5.0, 10.5, 6.0, 12.5 ] },
								"east": { "texture": "#blackbronze", "uv": [ 13.5, 2.0, 14.5, 4.0 ] },
								"south": { "texture": "#blackbronze", "uv": [ 6.5, 4.0, 7.5, 6.0 ] },
								"west": { "texture": "#blackbronze", "uv": [ 3.0, 1.0, 4.0, 3.0 ] },
								"up": { "texture": "#blackbronze", "uv": [ 12.5, 2.0, 13.5, 3.0 ] },
								"down": { "texture": "#blackbronze", "uv": [ 3.0, 2.5, 4.0, 3.5 ] }
							},
							"children": [
								{
									"name": "blademiddle1",
									"from": [ 0.8, 0.6, 0.25 ],
									"to": [ 4.8, 1.9, 0.75 ],
									"rotationOrigin": [ 0.8, 1.0, 0.5 ],
									"rotationZ": 3.0,
									"faces": {
										"north": { "texture": "#blackbronze", "uv": [ 9.0, 1.5, 13.0, 2.5 ] },
										"east": { "texture": "#blackbronze", "uv": [ 13.0, 2.5, 13.5, 3.5 ] },
										"south": { "texture": "#blackbronze", "uv": [ 3.5, 5.5, 7.5, 6.5 ] },
										"up": { "texture": "#blackbronze", "uv": [ 10.0, 7.5, 14.0, 8.0 ] },
										"down": { "texture": "#blackbronze", "uv": [ 2.5, 0.0, 6.5, 0.5 ] }
									},
									"children": [
										{
											"name": "blademiddle2",
											"from": [ 3.8, 0.0, 0.0 ],
											"to": [ 6.8, 1.2, 0.5 ],
											"rotationOrigin": [ 3.8, 0.9, 0.25 ],
											"rotationY": 1.0,
											"rotationZ": 5.0,
											"faces": {
												"north": { "texture": "#blackbronze", "uv": [ 2.5, 13.0, 5.5, 14.0 ] },
												"east": { "texture": "#blackbronze", "uv": [ 1.5, 10.5, 2.0, 11.5 ] },
												"south": { "texture": "#blackbronze", "uv": [ 8.0, 5.5, 11.0, 6.5 ] },
												"up": { "texture": "#blackbronze", "uv": [ 6.0, 15.0, 9.0, 15.5 ] },
												"down": { "texture": "#blackbronze", "uv": [ 11.0, 15.0, 14.0, 15.5 ] }
											},
											"children": [
												{
													"name": "blademiddle3",
													"from": [ 2.8, 0.5, 0.0 ],
													"to": [ 5.6, 1.2, 0.5 ],
													"rotationOrigin": [ 2.8, 1.2, 0.25 ],
													"rotationY": -1.0,
													"rotationZ": 10.0,
													"faces": {
														"north": { "texture": "#blackbronze", "uv": [ 2.0, 8.0, 4.5, 8.5 ] },
														"east": { "texture": "#blackbronze", "uv": [ 11.0, 15.0, 11.5, 15.5 ] },
														"south": { "texture": "#blackbronze", "uv": [ 11.0, 3.0, 13.5, 3.5 ] },
														"up": { "texture": "#blackbronze", "uv": [ 8.0, 10.5, 10.5, 11.0 ] },
														"down": { "texture": "#blackbronze", "uv": [ 0.5, 5.5, 3.0, 6.0 ] }
													},
													"children": [
														{
															"name": "bladetip",
															"from": [ 2.4, -0.15, 0.15 ],
															"to": [ 3.2, 0.65, 0.35 ],
															"rotationOrigin": [ 2.8, 0.2, 0.25 ],
															"rotationY": 1.0,
															"rotationZ": -45.0,
															"faces": {
																"north": { "texture": "#blackbronze", "uv": [ 0.0, 4.0, 0.5, 4.5 ] },
																"east": { "texture": "#blackbronze", "uv": [ 14.0, 12.5, 14.5, 13.0 ] },
																"south": { "texture": "#blackbronze", "uv": [ 11.5, 12.0, 12.0, 12.5 ] },
																"west": { "texture": "#blackbronze", "uv": [ 1.5, 0.5, 2.0, 1.0 ] },
																"up": { "texture": "#blackbronze", "uv": [ 12.0, 1.5, 12.5, 2.0 ] },
																"down": { "texture": "#blackbronze", "uv": [ 4.0, 6.5, 4.5, 7.0 ] }
															}
														},
														{
															"name": "blademiddle4",
															"from": [ -0.1, -0.5, 0.0 ],
															"to": [ 2.6, 0.0, 0.5 ],
															"rotationOrigin": [ -0.1, -0.2, 0.0 ],
															"rotationY": 1.0,
															"rotationZ": 10.0,
															"faces": {
																"north": { "texture": "#blackbronze", "uv": [ 7.0, 15.0, 9.5, 15.5 ] },
																"east": { "texture": "#blackbronze", "uv": [ 11.0, 4.0, 11.5, 4.5 ] },
																"south": { "texture": "#blackbronze", "uv": [ 4.0, 11.0, 6.5, 11.5 ] },
																"west": { "texture": "#blackbronze", "uv": [ 14.0, 14.0, 14.5, 14.5 ] },
																"up": { "texture": "#blackbronze", "uv": [ 1.0, 2.5, 3.5, 3.0 ] },
																"down": { "texture": "#blackbronze", "uv": [ 2.5, 12.0, 5.0, 12.5 ] }
															}
														}
													]
												}
											]
										},
										{
											"name": "blade1",
											"from": [ 0.0, -0.5, 0.15 ],
											"to": [ 4.0, 0.0, 0.35 ],
											"rotationOrigin": [ 0.0, 0.0, 0.25 ],
											"faces": {
												"north": { "texture": "#blackbronze", "uv": [ 11.0, 2.0, 15.0, 2.5 ] },
												"east": { "texture": "#blackbronze", "uv": [ 3.5, 12.5, 4.0, 13.0 ] },
												"south": { "texture": "#blackbronze", "uv": [ 3.0, 13.0, 7.0, 13.5 ] },
												"up": { "texture": "#blackbronze", "uv": [ 10.0, 0.0, 14.0, 0.5 ] },
												"down": { "texture": "#blackbronze", "uv": [ 5.5, 14.5, 9.5, 15.0 ] }
											},
											"children": [
												{
													"name": "blade2",
													"from": [ 3.9, 0.0, 0.0 ],
													"to": [ 6.9, 0.5, 0.2 ],
													"rotationOrigin": [ 3.9, 0.5, 0.1 ],
													"rotationY": 1.0,
													"rotationZ": 5.0,
													"faces": {
														"north": { "texture": "#blackbronze", "uv": [ 11.0, 1.5, 14.0, 2.0 ] },
														"east": { "texture": "#blackbronze", "uv": [ 6.0, 0.0, 6.5, 0.5 ] },
														"south": { "texture": "#blackbronze", "uv": [ 10.0, 14.0, 13.0, 14.5 ] },
														"up": { "texture": "#blackbronze", "uv": [ 10.5, 0.0, 13.5, 0.5 ] },
														"down": { "texture": "#blackbronze", "uv": [ 7.0, 8.5, 10.0, 9.0 ] }
													},
													"children": [
														{
															"name": "blade3",
															"from": [ 2.8, 0.0, 0.0 ],
															"to": [ 5.8, 0.5, 0.2 ],
															"rotationOrigin": [ 2.8, 0.5, 0.1 ],
															"rotationY": -1.0,
															"rotationZ": 22.5,
															"faces": {
																"north": { "texture": "#blackbronze", "uv": [ 10.0, 5.5, 13.0, 6.0 ] },
																"east": { "texture": "#blackbronze", "uv": [ 6.5, 6.0, 7.0, 6.5 ] },
																"south": { "texture": "#blackbronze", "uv": [ 5.0, 2.0, 8.0, 2.5 ] },
																"up": { "texture": "#blackbronze", "uv": [ 4.0, 0.5, 7.0, 1.0 ] },
																"down": { "texture": "#blackbronze", "uv": [ 9.0, 8.0, 12.0, 8.5 ] }
															}
														}
													]
												}
											]
										}
									]
								}
							]
						}
					]
				}
			]
		}
	]}