[
	{
		"enabled":  false,
		ingredientPattern: "B",
		ingredients: {
			"B": {
				type: "item",
				code: "farmcrops:bread-*-partbaked",
				name: "type",
				allowedVariants: [ "corn", "oat" ],
				"skipVariants": ["spelt", "rye", "flax", "rice", "cassava", "amaranth", "sunflower", 
				"birch", "pine", "maple", "acorn" ]
			}
		},
		name: "breadcrumbs",
		width: 1,
		height: 1,
		shapeless: false,
		output: {
			type: "item",
			code: "breadcrumbs-{type}",
			quantity: 4
		}
	},
	{
		"enabled":  false,
		ingredientPattern: "B",
		ingredients: {
			"B": {
				type: "item",
				code: "farmcrops:bread-*-perfect",
				name: "type",
				allowedVariants:[ "corn", "oat" ],
				"skipVariants": ["spelt", "rye", "flax", "rice", "cassava", "amaranth", "sunflower", 
				"birch", "pine", "maple", "acorn" ]
			}
		},
		name: "breadcrumbs",
		width: 1,
		height: 1,
		shapeless: false,
		output: {
			type: "item",
			code: "breadcrumbs-{type}",
			quantity: 4
		}
	},
	{
		"enabled":  false,
		ingredientPattern: "B",
		ingredients: {
			"B": {
				type: "item",
				code: "farmcrops:bread-*-charred",
				name: "type",
				"allowedVariants": [ "corn", "oat" ],
				"skipVariants": ["spelt", "rye", "flax", "rice", "cassava", "amaranth", "sunflower", 
				"birch", "pine", "maple", "acorn" ]
			}
		},
		name: "breadcrumbs",
		width: 1,
		height: 1,
		shapeless: false,
		output: {
			type: "item",
			code: "breadcrumbs-{type}",
			quantity: 4
		}
	}
	
	]
