{
	"editor": {
		"collapsedPaths": "Root/Base",
		"allAngles": false,
		"entityTextureMode": false
	},
	"textureWidth": 16,
	"textureHeight": 16,
	"textureSizes": {
	},
	"textures": {
		"blueclay": "block/soil/blueclay"
	},
	"elements": [
		{
			"name": "origin",
			"from": [ 8.0, 0.0, 8.0 ],
			"to": [ 8.0, 0.0, 8.0 ],
			"rotationOrigin": [ 8.0, 0.0, 8.0 ],
			"faces": {
				"north": { "texture": "#null", "uv": [ 0.0, 0.0, 0.5, 0.5 ], "enabled": false },
				"east": { "texture": "#null", "uv": [ 0.0, 0.0, 0.5, 0.5 ], "enabled": false },
				"south": { "texture": "#null", "uv": [ 0.0, 0.0, 0.5, 0.5 ], "enabled": false },
				"west": { "texture": "#null", "uv": [ 0.0, 0.0, 0.5, 0.5 ], "enabled": false },
				"up": { "texture": "#null", "uv": [ 0.0, 0.0, 0.5, 0.5 ], "enabled": false },
				"down": { "texture": "#null", "uv": [ 0.0, 0.0, 0.5, 0.5 ], "enabled": false }
			},
			"children": [
				{
					"name": "0",
					"from": [ -7.0, 0.4, -7.0 ],
					"to": [ -3.0, 2.9, -2.0 ],
					"rotationOrigin": [ -2.0, -1.6, -4.0 ],
					"rotationY": 10.0,
					"faces": {
						"north": { "texture": "#blueclay", "uv": [ 5.0, 4.5, 9.0, 7.0 ] },
						"east": { "texture": "#blueclay", "uv": [ 6.5, 1.0, 9.0, 6.0 ], "rotation": 90 },
						"south": { "texture": "#blueclay", "uv": [ 8.5, 12.0, 12.5, 14.5 ], "rotation": 180 },
						"west": { "texture": "#blueclay", "uv": [ 12.5, 1.0, 15.0, 6.0 ], "rotation": 270 },
						"up": { "texture": "#blueclay", "uv": [ 4.0, 1.0, 8.0, 6.0 ] },
						"down": { "texture": "#blueclay", "uv": [ 6.5, 0.5, 10.5, 5.5 ] }
					},
					"children": [
						{
							"name": "Cube3",
							"from": [ 0.6, 2.5, 1.0 ],
							"to": [ 3.6, 3.5, 4.0 ],
							"rotationOrigin": [ 2.1, 2.5, 2.5 ],
							"rotationY": -22.5,
							"faces": {
								"north": { "texture": "#blueclay", "uv": [ 5.5, 12.5, 8.5, 13.5 ] },
								"east": { "texture": "#blueclay", "uv": [ 3.5, 9.0, 6.5, 10.0 ] },
								"south": { "texture": "#blueclay", "uv": [ 6.5, 13.0, 9.5, 14.0 ] },
								"west": { "texture": "#blueclay", "uv": [ 4.0, 4.5, 7.0, 5.5 ] },
								"up": { "texture": "#blueclay", "uv": [ 12.0, 4.5, 15.0, 7.5 ] },
								"down": { "texture": "#null", "uv": [ 0.0, 0.0, 3.0, 3.0 ], "enabled": false }
							}
						},
						{
							"name": "Cube7",
							"from": [ 1.0, 0.1, -0.5 ],
							"to": [ 7.5, 1.6, 3.5 ],
							"rotationOrigin": [ 3.0, 0.1, 1.5 ],
							"rotationY": -112.5,
							"faces": {
								"north": { "texture": "#blueclay", "uv": [ 5.5, 7.5, 12.0, 9.0 ] },
								"east": { "texture": "#blueclay", "uv": [ 0.0, 0.0, 4.0, 1.5 ], "windMode": [-1,-1,-1,-1] },
								"south": { "texture": "#blueclay", "uv": [ 1.5, 6.0, 8.0, 7.5 ] },
								"west": { "texture": "#blueclay", "uv": [ 10.5, 0.5, 14.5, 2.0 ] },
								"up": { "texture": "#blueclay", "uv": [ 9.5, 2.5, 16.0, 6.5 ] },
								"down": { "texture": "#blueclay", "uv": [ 0.5, 4.5, 7.0, 8.5 ], "windMode": [-1,-1,-1,-1] }
							}
						}
					]
				},
				{
					"name": "1",
					"from": [ -2.5, 0.4, -5.0 ],
					"to": [ 1.5, 2.9, 0.0 ],
					"rotationOrigin": [ 2.5, -1.6, -2.0 ],
					"rotationY": -22.5,
					"faces": {
						"north": { "texture": "#blueclay", "uv": [ 5.0, 4.5, 9.0, 7.0 ] },
						"east": { "texture": "#blueclay", "uv": [ 6.5, 1.0, 9.0, 6.0 ], "rotation": 90 },
						"south": { "texture": "#blueclay", "uv": [ 8.5, 12.0, 12.5, 14.5 ], "rotation": 180 },
						"west": { "texture": "#blueclay", "uv": [ 12.5, 1.0, 15.0, 6.0 ], "rotation": 270 },
						"up": { "texture": "#blueclay", "uv": [ 4.0, 1.0, 8.0, 6.0 ] },
						"down": { "texture": "#blueclay", "uv": [ 6.5, 0.5, 10.5, 5.5 ] }
					},
					"children": [
						{
							"name": "Cube4",
							"from": [ 0.6, 2.5, 1.0 ],
							"to": [ 3.6, 3.5, 4.0 ],
							"rotationOrigin": [ 2.1, 2.5, 2.5 ],
							"rotationY": -22.5,
							"faces": {
								"north": { "texture": "#blueclay", "uv": [ 5.5, 12.5, 8.5, 13.5 ] },
								"east": { "texture": "#blueclay", "uv": [ 3.5, 9.0, 6.5, 10.0 ] },
								"south": { "texture": "#blueclay", "uv": [ 6.5, 13.0, 9.5, 14.0 ] },
								"west": { "texture": "#blueclay", "uv": [ 4.0, 4.5, 7.0, 5.5 ] },
								"up": { "texture": "#blueclay", "uv": [ 12.0, 4.5, 15.0, 7.5 ] },
								"down": { "texture": "#null", "uv": [ 0.0, 0.0, 3.0, 3.0 ], "enabled": false }
							}
						},
						{
							"name": "Cube8",
							"from": [ -0.3028, 0.1, -1.04 ],
							"to": [ 6.1972, 1.6, 2.96 ],
							"rotationOrigin": [ 1.6934, 0.1, 0.9588 ],
							"rotationX": 0.0,
							"rotationY": -45.0,
							"rotationZ": 0.0,
							"faces": {
								"north": { "texture": "#blueclay", "uv": [ 5.5, 7.5, 12.0, 9.0 ] },
								"east": { "texture": "#blueclay", "uv": [ 0.0, 0.0, 4.0, 1.5 ], "windMode": [-1,-1,-1,-1] },
								"south": { "texture": "#blueclay", "uv": [ 1.5, 6.0, 8.0, 7.5 ] },
								"west": { "texture": "#blueclay", "uv": [ 10.5, 0.5, 14.5, 2.0 ] },
								"up": { "texture": "#blueclay", "uv": [ 9.5, 2.5, 16.0, 6.5 ] },
								"down": { "texture": "#blueclay", "uv": [ 0.5, 4.5, 7.0, 8.5 ], "windMode": [-1,-1,-1,-1] }
							}
						}
					]
				},
				{
					"name": "2",
					"from": [ 2.8, 0.4, -7.8 ],
					"to": [ 6.8, 2.9, -2.8 ],
					"rotationOrigin": [ 7.8, -1.6, -4.8 ],
					"rotationY": 22.5,
					"faces": {
						"north": { "texture": "#blueclay", "uv": [ 5.0, 4.5, 9.0, 7.0 ] },
						"east": { "texture": "#blueclay", "uv": [ 6.5, 1.0, 9.0, 6.0 ], "rotation": 90 },
						"south": { "texture": "#blueclay", "uv": [ 8.5, 12.0, 12.5, 14.5 ], "rotation": 180 },
						"west": { "texture": "#blueclay", "uv": [ 12.5, 1.0, 15.0, 6.0 ], "rotation": 270 },
						"up": { "texture": "#blueclay", "uv": [ 4.0, 1.0, 8.0, 6.0 ] },
						"down": { "texture": "#blueclay", "uv": [ 6.5, 0.5, 10.5, 5.5 ] }
					},
					"children": [
						{
							"name": "Cube5",
							"from": [ 0.6, 2.5, 1.0 ],
							"to": [ 3.6, 3.5, 4.0 ],
							"rotationOrigin": [ 2.1, 2.5, 2.5 ],
							"rotationY": -22.5,
							"faces": {
								"north": { "texture": "#blueclay", "uv": [ 5.5, 12.5, 8.5, 13.5 ] },
								"east": { "texture": "#blueclay", "uv": [ 3.5, 9.0, 6.5, 10.0 ] },
								"south": { "texture": "#blueclay", "uv": [ 6.5, 13.0, 9.5, 14.0 ] },
								"west": { "texture": "#blueclay", "uv": [ 4.0, 4.5, 7.0, 5.5 ] },
								"up": { "texture": "#blueclay", "uv": [ 12.0, 4.5, 15.0, 7.5 ] },
								"down": { "texture": "#null", "uv": [ 0.0, 0.0, 3.0, 3.0 ], "enabled": false }
							}
						},
						{
							"name": "Cube9",
							"from": [ 1.0, 0.1, -0.5 ],
							"to": [ 7.5, 1.6, 3.5 ],
							"rotationOrigin": [ 3.0, 0.1, 1.5 ],
							"rotationY": -112.5,
							"faces": {
								"north": { "texture": "#blueclay", "uv": [ 5.5, 7.5, 12.0, 9.0 ] },
								"east": { "texture": "#blueclay", "uv": [ 0.0, 0.0, 4.0, 1.5 ], "windMode": [-1,-1,-1,-1] },
								"south": { "texture": "#blueclay", "uv": [ 1.5, 6.0, 8.0, 7.5 ] },
								"west": { "texture": "#blueclay", "uv": [ 10.5, 0.5, 14.5, 2.0 ] },
								"up": { "texture": "#blueclay", "uv": [ 9.5, 2.5, 16.0, 6.5 ] },
								"down": { "texture": "#blueclay", "uv": [ 0.5, 4.5, 7.0, 8.5 ], "windMode": [-1,-1,-1,-1] }
							}
						}
					]
				},
				{
					"name": "3",
					"from": [ -7.0, 0.4, 1.0 ],
					"to": [ -3.0, 2.9, 6.0 ],
					"rotationOrigin": [ -2.0, -1.6, 4.0 ],
					"faces": {
						"north": { "texture": "#blueclay", "uv": [ 5.0, 4.5, 9.0, 7.0 ] },
						"east": { "texture": "#blueclay", "uv": [ 6.5, 1.0, 9.0, 6.0 ], "rotation": 90 },
						"south": { "texture": "#blueclay", "uv": [ 8.5, 12.0, 12.5, 14.5 ], "rotation": 180 },
						"west": { "texture": "#blueclay", "uv": [ 12.5, 1.0, 15.0, 6.0 ], "rotation": 270 },
						"up": { "texture": "#blueclay", "uv": [ 4.0, 1.0, 8.0, 6.0 ] },
						"down": { "texture": "#blueclay", "uv": [ 6.5, 0.5, 10.5, 5.5 ] }
					},
					"children": [
						{
							"name": "Cube6",
							"from": [ 0.6, 2.5, 1.0 ],
							"to": [ 3.6, 3.5, 4.0 ],
							"rotationOrigin": [ 2.1, 2.5, 2.5 ],
							"rotationY": -22.5,
							"faces": {
								"north": { "texture": "#blueclay", "uv": [ 5.5, 12.5, 8.5, 13.5 ] },
								"east": { "texture": "#blueclay", "uv": [ 3.5, 9.0, 6.5, 10.0 ] },
								"south": { "texture": "#blueclay", "uv": [ 6.5, 13.0, 9.5, 14.0 ] },
								"west": { "texture": "#blueclay", "uv": [ 4.0, 4.5, 7.0, 5.5 ] },
								"up": { "texture": "#blueclay", "uv": [ 12.0, 4.5, 15.0, 7.5 ] },
								"down": { "texture": "#null", "uv": [ 0.0, 0.0, 3.0, 3.0 ], "enabled": false }
							}
						},
						{
							"name": "Cube10",
							"from": [ 1.0, 0.1, -0.5 ],
							"to": [ 7.5, 1.6, 3.5 ],
							"rotationOrigin": [ 3.0, 0.1, 1.5 ],
							"rotationY": -112.5,
							"faces": {
								"north": { "texture": "#blueclay", "uv": [ 5.5, 7.5, 12.0, 9.0 ] },
								"east": { "texture": "#blueclay", "uv": [ 0.0, 0.0, 4.0, 1.5 ], "windMode": [-1,-1,-1,-1] },
								"south": { "texture": "#blueclay", "uv": [ 1.5, 6.0, 8.0, 7.5 ] },
								"west": { "texture": "#blueclay", "uv": [ 10.5, 0.5, 14.5, 2.0 ] },
								"up": { "texture": "#blueclay", "uv": [ 9.5, 2.5, 16.0, 6.5 ] },
								"down": { "texture": "#blueclay", "uv": [ 0.5, 4.5, 7.0, 8.5 ], "windMode": [-1,-1,-1,-1] }
							}
						}
					]
				},
				{
					"name": "4",
					"from": [ -2.0, 0.4, 0.0 ],
					"to": [ 2.0, 2.9, 5.0 ],
					"rotationOrigin": [ 3.0, -1.6, 3.0 ],
					"rotationY": 22.5,
					"faces": {
						"north": { "texture": "#blueclay", "uv": [ 5.0, 4.5, 9.0, 7.0 ] },
						"east": { "texture": "#blueclay", "uv": [ 6.5, 1.0, 9.0, 6.0 ], "rotation": 90 },
						"south": { "texture": "#blueclay", "uv": [ 8.5, 12.0, 12.5, 14.5 ], "rotation": 180 },
						"west": { "texture": "#blueclay", "uv": [ 12.5, 1.0, 15.0, 6.0 ], "rotation": 270 },
						"up": { "texture": "#blueclay", "uv": [ 4.0, 1.0, 8.0, 6.0 ] },
						"down": { "texture": "#blueclay", "uv": [ 6.5, 0.5, 10.5, 5.5 ] }
					},
					"children": [
						{
							"name": "Cube11",
							"from": [ 0.6, 2.5, 1.0 ],
							"to": [ 3.6, 3.5, 4.0 ],
							"rotationOrigin": [ 2.1, 2.5, 2.5 ],
							"rotationY": 22.5,
							"faces": {
								"north": { "texture": "#blueclay", "uv": [ 5.5, 12.5, 8.5, 13.5 ] },
								"east": { "texture": "#blueclay", "uv": [ 3.5, 9.0, 6.5, 10.0 ] },
								"south": { "texture": "#blueclay", "uv": [ 6.5, 13.0, 9.5, 14.0 ] },
								"west": { "texture": "#blueclay", "uv": [ 4.0, 4.5, 7.0, 5.5 ] },
								"up": { "texture": "#blueclay", "uv": [ 12.0, 4.5, 15.0, 7.5 ] },
								"down": { "texture": "#null", "uv": [ 0.0, 0.0, 3.0, 3.0 ], "enabled": false }
							}
						},
						{
							"name": "Cube12",
							"from": [ 1.0, 0.1, -0.5 ],
							"to": [ 7.5, 1.6, 3.5 ],
							"rotationOrigin": [ 3.0, 0.1, 1.5 ],
							"rotationY": -112.5,
							"faces": {
								"north": { "texture": "#blueclay", "uv": [ 5.5, 7.5, 12.0, 9.0 ] },
								"east": { "texture": "#blueclay", "uv": [ 0.0, 0.0, 4.0, 1.5 ], "windMode": [-1,-1,-1,-1] },
								"south": { "texture": "#blueclay", "uv": [ 1.5, 6.0, 8.0, 7.5 ] },
								"west": { "texture": "#blueclay", "uv": [ 10.5, 0.5, 14.5, 2.0 ] },
								"up": { "texture": "#blueclay", "uv": [ 9.5, 2.5, 16.0, 6.5 ] },
								"down": { "texture": "#blueclay", "uv": [ 0.5, 4.5, 7.0, 8.5 ], "windMode": [-1,-1,-1,-1] }
							}
						}
					]
				},
				{
					"name": "5",
					"from": [ 3.0, 0.4, 1.0 ],
					"to": [ 7.0, 2.9, 6.0 ],
					"rotationOrigin": [ 8.0, -1.6, 4.0 ],
					"rotationY": 10.0,
					"faces": {
						"north": { "texture": "#blueclay", "uv": [ 5.0, 4.5, 9.0, 7.0 ] },
						"east": { "texture": "#blueclay", "uv": [ 6.5, 1.0, 9.0, 6.0 ], "rotation": 90 },
						"south": { "texture": "#blueclay", "uv": [ 8.5, 12.0, 12.5, 14.5 ], "rotation": 180 },
						"west": { "texture": "#blueclay", "uv": [ 12.5, 1.0, 15.0, 6.0 ], "rotation": 270 },
						"up": { "texture": "#blueclay", "uv": [ 4.0, 1.0, 8.0, 6.0 ] },
						"down": { "texture": "#blueclay", "uv": [ 6.5, 0.5, 10.5, 5.5 ] }
					},
					"children": [
						{
							"name": "Cube13",
							"from": [ 0.6, 2.5, 1.0 ],
							"to": [ 3.6, 3.5, 4.0 ],
							"rotationOrigin": [ 2.1, 2.5, 2.5 ],
							"rotationY": -22.5,
							"faces": {
								"north": { "texture": "#blueclay", "uv": [ 5.5, 12.5, 8.5, 13.5 ] },
								"east": { "texture": "#blueclay", "uv": [ 3.5, 9.0, 6.5, 10.0 ] },
								"south": { "texture": "#blueclay", "uv": [ 6.5, 13.0, 9.5, 14.0 ] },
								"west": { "texture": "#blueclay", "uv": [ 4.0, 4.5, 7.0, 5.5 ] },
								"up": { "texture": "#blueclay", "uv": [ 12.0, 4.5, 15.0, 7.5 ] },
								"down": { "texture": "#null", "uv": [ 0.0, 0.0, 3.0, 3.0 ], "enabled": false }
							}
						},
						{
							"name": "Cube14",
							"from": [ 0.0, 0.1, -0.5 ],
							"to": [ 6.5, 1.6, 3.5 ],
							"rotationOrigin": [ 2.0, 0.1, 1.5 ],
							"rotationY": -112.5,
							"faces": {
								"north": { "texture": "#blueclay", "uv": [ 5.5, 7.5, 12.0, 9.0 ] },
								"east": { "texture": "#blueclay", "uv": [ 0.0, 0.0, 4.0, 1.5 ], "windMode": [-1,-1,-1,-1] },
								"south": { "texture": "#blueclay", "uv": [ 1.5, 6.0, 8.0, 7.5 ] },
								"west": { "texture": "#blueclay", "uv": [ 10.5, 0.5, 14.5, 2.0 ] },
								"up": { "texture": "#blueclay", "uv": [ 9.5, 2.5, 16.0, 6.5 ] },
								"down": { "texture": "#blueclay", "uv": [ 0.5, 4.5, 7.0, 8.5 ], "windMode": [-1,-1,-1,-1] }
							}
						}
					]
				}
			]
		}
	]}