{
	"editor": {
		"collapsedPaths": "",
		"allAngles": true,
		"entityTextureMode": false
	},
	"textureWidth": 16,
	"textureHeight": 16,
	"textureSizes": {
	},
	"textures": {
		"birch": "game:block/wood/debarked/birch",
		"maple": "game:block/wood/debarked/maple",
		"wood": "game:block/wood/planks/aged1"
	},
	"elements": [
		{
			"name": "Base",
			"from": [ 0.0, 0.0, 0.0 ],
			"to": [ 16.0, 1.0, 16.0 ],
			"rotationOrigin": [ 8.0, 1.0, 8.0 ],
			"faces": {
				"north": { "texture": "#birch", "uv": [ 0.0, 0.0, 16.0, 1.0 ], "windMode": [-1,-1,-1,-1] },
				"east": { "texture": "#birch", "uv": [ 0.0, 0.0, 16.0, 1.0 ] },
				"south": { "texture": "#birch", "uv": [ 0.0, 0.0, 16.0, 1.0 ] },
				"west": { "texture": "#birch", "uv": [ 0.0, 0.0, 16.0, 1.0 ] },
				"up": { "texture": "#null", "uv": [ 0.0, 0.0, 16.0, 16.0 ], "enabled": false },
				"down": { "texture": "#birch", "uv": [ 0.0, 0.0, 16.0, 16.0 ] }
			},
			"children": [
				{
					"name": "Side1",
					"from": [ 0.0, 1.0, 1.0 ],
					"to": [ 1.0, 3.0, 15.0 ],
					"rotationOrigin": [ 8.0, 1.0, 8.0 ],
					"faces": {
						"north": { "texture": "#null", "uv": [ 0.0, 0.0, 1.0, 2.0 ], "enabled": false },
						"east": { "texture": "#null", "uv": [ 0.0, 0.0, 14.0, 2.0 ], "enabled": false },
						"south": { "texture": "#null", "uv": [ 0.0, 0.0, 1.0, 2.0 ], "enabled": false },
						"west": { "texture": "#birch", "uv": [ 0.5, 1.5, 14.5, 3.5 ] },
						"up": { "texture": "#birch", "uv": [ 0.5, 7.5, 14.5, 8.5 ], "rotation": 270 },
						"down": { "texture": "#null", "uv": [ 0.0, 0.0, 1.0, 14.0 ], "enabled": false }
					},
					"children": [
						{
							"name": "Mid1",
							"from": [ 5.3, 0.0, 0.0 ],
							"to": [ 5.8, 2.0, 14.0 ],
							"rotationOrigin": [ 5.8, 0.0, 7.5 ],
							"faces": {
								"north": { "texture": "#null", "uv": [ 0.0, 0.0, 0.5, 2.0 ], "enabled": false },
								"east": { "texture": "#null", "uv": [ 0.0, 0.0, 14.0, 2.0 ], "enabled": false },
								"south": { "texture": "#null", "uv": [ 0.0, 0.0, 0.5, 2.0 ], "enabled": false },
								"west": { "texture": "#null", "uv": [ 0.0, 0.0, 14.0, 2.0 ], "enabled": false },
								"up": { "texture": "#birch", "uv": [ 0.5, 7.5, 14.5, 8.0 ], "rotation": 270 },
								"down": { "texture": "#null", "uv": [ 0.0, 0.0, 0.5, 14.0 ], "enabled": false }
							},
							"children": [
								{
									"name": "Slope2",
									"from": [ -1.0, 0.0, -1.0 ],
									"to": [ 0.0, 2.0, 13.0 ],
									"rotationOrigin": [ 0.0, 2.0, 6.5 ],
									"rotationX": -180.0,
									"rotationZ": -130.0,
									"faces": {
										"north": { "texture": "#null", "uv": [ 0.0, 0.0, 1.0, 2.0 ], "enabled": false },
										"east": { "texture": "#maple", "uv": [ 0.5, 12.0, 15.5, 14.0 ], "autoUv": false },
										"south": { "texture": "#null", "uv": [ 0.0, 0.0, 1.0, 2.0 ], "enabled": false },
										"west": { "texture": "#null", "uv": [ 0.0, 0.0, 14.0, 2.0 ], "enabled": false },
										"up": { "texture": "#null", "uv": [ 0.0, 0.0, 1.0, 14.0 ], "enabled": false },
										"down": { "texture": "#null", "uv": [ 0.0, 0.0, 1.0, 14.0 ], "enabled": false }
									}
								}
							]
						},
						{
							"name": "Mid3",
							"from": [ 4.8, 0.0, -1.0 ],
							"to": [ 5.3, 2.0, 13.0 ],
							"rotationOrigin": [ 5.3, 0.0, 6.5 ],
							"rotationY": -180.0,
							"faces": {
								"north": { "texture": "#null", "uv": [ 0.0, 0.0, 0.5, 2.0 ], "enabled": false },
								"east": { "texture": "#null", "uv": [ 0.0, 0.0, 14.0, 2.0 ], "enabled": false },
								"south": { "texture": "#null", "uv": [ 0.0, 0.0, 0.5, 2.0 ], "enabled": false },
								"west": { "texture": "#null", "uv": [ 0.0, 0.0, 14.0, 2.0 ], "enabled": false },
								"up": { "texture": "#null", "uv": [ 0.0, 0.0, 0.5, 14.0 ], "enabled": false },
								"down": { "texture": "#null", "uv": [ 0.0, 0.0, 0.5, 14.0 ], "enabled": false }
							},
							"children": [
								{
									"name": "Slope5",
									"from": [ -1.0, 0.0, -1.0 ],
									"to": [ 0.0, 2.0, 13.0 ],
									"rotationOrigin": [ 0.0, 2.0, 6.5 ],
									"rotationX": -180.0,
									"rotationZ": -130.0,
									"faces": {
										"north": { "texture": "#null", "uv": [ 0.0, 0.0, 1.0, 2.0 ], "enabled": false },
										"east": { "texture": "#maple", "uv": [ 0.5, 12.0, 15.5, 14.0 ], "autoUv": false },
										"south": { "texture": "#null", "uv": [ 0.0, 0.0, 1.0, 2.0 ], "enabled": false },
										"west": { "texture": "#null", "uv": [ 0.0, 0.0, 14.0, 2.0 ], "enabled": false },
										"up": { "texture": "#null", "uv": [ 0.0, 0.0, 1.0, 14.0 ], "enabled": false },
										"down": { "texture": "#null", "uv": [ 0.0, 0.0, 1.0, 14.0 ], "enabled": false }
									}
								},
								{
									"name": "Slope6",
									"from": [ -5.4, 0.0, 0.0 ],
									"to": [ -4.4, 2.0, 14.0 ],
									"rotationOrigin": [ -4.4, 2.0, 7.5 ],
									"rotationZ": 50.0,
									"faces": {
										"north": { "texture": "#null", "uv": [ 0.0, 0.0, 1.0, 2.0 ], "enabled": false },
										"east": { "texture": "#maple", "uv": [ 0.5, 12.0, 15.5, 14.0 ], "autoUv": false },
										"south": { "texture": "#null", "uv": [ 0.0, 0.0, 1.0, 2.0 ], "enabled": false },
										"west": { "texture": "#null", "uv": [ 0.0, 0.0, 14.0, 2.0 ], "enabled": false },
										"up": { "texture": "#null", "uv": [ 0.0, 0.0, 1.0, 14.0 ], "enabled": false },
										"down": { "texture": "#null", "uv": [ 0.0, 0.0, 1.0, 14.0 ], "enabled": false }
									}
								}
							]
						},
						{
							"name": "Slope1",
							"from": [ 0.0, 0.0, 0.0 ],
							"to": [ 1.0, 2.0, 14.0 ],
							"rotationOrigin": [ 1.0, 2.0, 7.5 ],
							"rotationZ": 50.0,
							"faces": {
								"north": { "texture": "#null", "uv": [ 0.0, 0.0, 1.0, 2.0 ], "enabled": false },
								"east": { "texture": "#maple", "uv": [ 0.5, 12.0, 15.5, 14.0 ], "autoUv": false },
								"south": { "texture": "#null", "uv": [ 0.0, 0.0, 1.0, 2.0 ], "enabled": false },
								"west": { "texture": "#null", "uv": [ 0.0, 0.0, 14.0, 2.0 ], "enabled": false },
								"up": { "texture": "#null", "uv": [ 0.0, 0.0, 1.0, 14.0 ], "enabled": false },
								"down": { "texture": "#null", "uv": [ 0.0, 0.0, 1.0, 14.0 ], "enabled": false }
							}
						}
					]
				},
				{
					"name": "Bottom1",
					"from": [ 0.5, 0.7, 0.5 ],
					"to": [ 15.5, 1.7, 15.5 ],
					"rotationOrigin": [ 8.0, 1.7, 8.0 ],
					"faces": {
						"north": { "texture": "#null", "uv": [ 0.0, 0.0, 15.0, 1.0 ], "enabled": false },
						"east": { "texture": "#null", "uv": [ 0.0, 0.0, 15.0, 1.0 ], "enabled": false },
						"south": { "texture": "#null", "uv": [ 0.0, 0.0, 15.0, 1.0 ], "enabled": false },
						"west": { "texture": "#null", "uv": [ 0.0, 0.0, 15.0, 1.0 ], "enabled": false },
						"up": { "texture": "#maple", "uv": [ 0.0, 0.0, 15.0, 15.0 ], "windMode": [-1,-1,-1,-1] },
						"down": { "texture": "#null", "uv": [ 0.0, 0.0, 15.0, 15.0 ], "enabled": false }
					}
				},
				{
					"name": "Side2",
					"from": [ 0.0, 1.0, 1.0 ],
					"to": [ 1.0, 3.0, 15.0 ],
					"rotationOrigin": [ 8.0, 1.0, 8.0 ],
					"rotationY": -180.0,
					"faces": {
						"north": { "texture": "#null", "uv": [ 0.0, 0.0, 1.0, 2.0 ], "enabled": false },
						"east": { "texture": "#null", "uv": [ 0.0, 0.0, 14.0, 2.0 ], "enabled": false },
						"south": { "texture": "#null", "uv": [ 0.0, 0.0, 1.0, 2.0 ], "enabled": false },
						"west": { "texture": "#birch", "uv": [ 0.5, 1.5, 14.5, 3.5 ] },
						"up": { "texture": "#birch", "uv": [ 0.5, 7.5, 14.5, 8.5 ], "rotation": 270 },
						"down": { "texture": "#null", "uv": [ 0.0, 0.0, 1.0, 14.0 ], "enabled": false }
					},
					"children": [
						{
							"name": "Mid2",
							"from": [ 5.3, 0.0, 0.0 ],
							"to": [ 5.8, 2.0, 14.0 ],
							"rotationOrigin": [ 5.8, 0.0, 7.5 ],
							"faces": {
								"north": { "texture": "#null", "uv": [ 0.0, 0.0, 0.5, 2.0 ], "enabled": false },
								"east": { "texture": "#null", "uv": [ 0.0, 0.0, 14.0, 2.0 ], "enabled": false },
								"south": { "texture": "#null", "uv": [ 0.0, 0.0, 0.5, 2.0 ], "enabled": false },
								"west": { "texture": "#null", "uv": [ 0.0, 0.0, 14.0, 2.0 ], "enabled": false },
								"up": { "texture": "#birch", "uv": [ 0.5, 7.5, 14.5, 8.0 ], "rotation": 270 },
								"down": { "texture": "#null", "uv": [ 0.0, 0.0, 0.5, 14.0 ], "enabled": false }
							},
							"children": [
								{
									"name": "Slope4",
									"from": [ -1.0, 0.0, -1.0 ],
									"to": [ 0.0, 2.0, 13.0 ],
									"rotationOrigin": [ 0.0, 2.0, 6.5 ],
									"rotationX": -180.0,
									"rotationZ": -130.0,
									"faces": {
										"north": { "texture": "#null", "uv": [ 0.0, 0.0, 1.0, 2.0 ], "enabled": false },
										"east": { "texture": "#maple", "uv": [ 0.5, 12.0, 15.5, 14.0 ], "autoUv": false },
										"south": { "texture": "#null", "uv": [ 0.0, 0.0, 1.0, 2.0 ], "enabled": false },
										"west": { "texture": "#null", "uv": [ 0.0, 0.0, 14.0, 2.0 ], "enabled": false },
										"up": { "texture": "#null", "uv": [ 0.0, 0.0, 1.0, 14.0 ], "enabled": false },
										"down": { "texture": "#null", "uv": [ 0.0, 0.0, 1.0, 14.0 ], "enabled": false }
									}
								}
							]
						},
						{
							"name": "Slope3",
							"from": [ 0.0, 0.0, 0.0 ],
							"to": [ 1.0, 2.0, 14.0 ],
							"rotationOrigin": [ 1.0, 2.0, 7.5 ],
							"rotationZ": 50.0,
							"faces": {
								"north": { "texture": "#null", "uv": [ 0.0, 0.0, 1.0, 2.0 ], "enabled": false },
								"east": { "texture": "#maple", "uv": [ 0.5, 12.0, 15.5, 14.0 ], "autoUv": false },
								"south": { "texture": "#null", "uv": [ 0.0, 0.0, 1.0, 2.0 ], "enabled": false },
								"west": { "texture": "#null", "uv": [ 0.0, 0.0, 14.0, 2.0 ], "enabled": false },
								"up": { "texture": "#null", "uv": [ 0.0, 0.0, 1.0, 14.0 ], "enabled": false },
								"down": { "texture": "#null", "uv": [ 0.0, 0.0, 1.0, 14.0 ], "enabled": false }
							}
						}
					]
				},
				{
					"name": "divider1",
					"from": [ 0.5, 1.0, 7.75 ],
					"to": [ 15.5, 2.99, 8.25 ],
					"rotationOrigin": [ 8.0, 1.0, 7.75 ],
					"faces": {
						"north": { "texture": "#maple", "uv": [ 0.0, 0.0, 15.0, 1.5 ] },
						"east": { "texture": "#null", "uv": [ 0.0, 0.0, 0.5, 1.5 ], "enabled": false },
						"south": { "texture": "#maple", "uv": [ 0.0, 0.0, 15.0, 1.5 ], "autoUv": false },
						"west": { "texture": "#null", "uv": [ 0.0, 0.0, 0.5, 1.5 ], "enabled": false },
						"up": { "texture": "#birch", "uv": [ 0.0, 2.0, 15.0, 2.5 ] },
						"down": { "texture": "#null", "uv": [ 0.0, 0.0, 15.0, 0.5 ], "enabled": false }
					}
				},
				{
					"name": "Side3",
					"from": [ -1.0, 1.0, 1.0 ],
					"to": [ 0.0, 3.0, 17.0 ],
					"rotationOrigin": [ 7.0, 1.0, 8.0 ],
					"rotationY": 90.0,
					"faces": {
						"north": { "texture": "#birch", "uv": [ 1.0, 3.0, 2.0, 5.0 ], "windMode": [-1,-1,-1,-1] },
						"east": { "texture": "#maple", "uv": [ 0.5, 12.0, 15.5, 14.0 ], "autoUv": false, "windMode": [-1,-1,-1,-1] },
						"south": { "texture": "#birch", "uv": [ 1.0, 3.0, 2.0, 5.0 ], "windMode": [-1,-1,-1,-1] },
						"west": { "texture": "#birch", "uv": [ 0.0, 1.5, 16.0, 3.5 ], "windMode": [-1,-1,-1,-1] },
						"up": { "texture": "#birch", "uv": [ 0.0, 7.5, 16.0, 8.5 ], "rotation": 270 },
						"down": { "texture": "#null", "uv": [ 0.0, 0.0, 1.0, 16.0 ], "enabled": false }
					}
				},
				{
					"name": "Side4",
					"from": [ 1.0, 1.0, 1.0 ],
					"to": [ 2.0, 3.0, 17.0 ],
					"rotationOrigin": [ 9.0, 1.0, 8.0 ],
					"rotationY": -90.0,
					"faces": {
						"north": { "texture": "#birch", "uv": [ 1.0, 3.0, 2.0, 5.0 ], "windMode": [-1,-1,-1,-1] },
						"east": { "texture": "#maple", "uv": [ 0.5, 12.0, 15.5, 14.0 ], "autoUv": false, "windMode": [-1,-1,-1,-1] },
						"south": { "texture": "#birch", "uv": [ 1.0, 3.0, 2.0, 5.0 ], "windMode": [-1,-1,-1,-1] },
						"west": { "texture": "#birch", "uv": [ 0.0, 1.5, 16.0, 3.5 ], "windMode": [-1,-1,-1,-1] },
						"up": { "texture": "#birch", "uv": [ 0.0, 7.5, 16.0, 8.5 ], "rotation": 270 },
						"down": { "texture": "#null", "uv": [ 0.0, 0.0, 1.0, 16.0 ], "enabled": false }
					}
				},
				{
					"name": "divider2",
					"from": [ 0.5, 1.0, 11.35 ],
					"to": [ 15.5, 2.99, 11.85 ],
					"rotationOrigin": [ 8.0, 1.0, 11.35 ],
					"faces": {
						"north": { "texture": "#maple", "uv": [ 0.0, 0.0, 15.0, 1.5 ] },
						"east": { "texture": "#null", "uv": [ 0.0, 0.0, 0.5, 1.5 ], "enabled": false },
						"south": { "texture": "#maple", "uv": [ 0.0, 0.0, 15.0, 1.5 ], "autoUv": false },
						"west": { "texture": "#null", "uv": [ 0.0, 0.0, 0.5, 1.5 ], "enabled": false },
						"up": { "texture": "#birch", "uv": [ 0.0, 2.0, 15.0, 2.5 ] },
						"down": { "texture": "#null", "uv": [ 0.0, 0.0, 15.0, 0.5 ], "enabled": false }
					}
				},
				{
					"name": "divider3",
					"from": [ 0.5, 1.0, 4.15 ],
					"to": [ 15.5, 2.99, 4.65 ],
					"rotationOrigin": [ 8.0, 1.0, 4.15 ],
					"faces": {
						"north": { "texture": "#maple", "uv": [ 0.0, 0.0, 15.0, 1.5 ] },
						"east": { "texture": "#null", "uv": [ 0.0, 0.0, 0.5, 1.5 ], "enabled": false },
						"south": { "texture": "#maple", "uv": [ 0.0, 0.0, 15.0, 1.5 ], "autoUv": false },
						"west": { "texture": "#null", "uv": [ 0.0, 0.0, 0.5, 1.5 ], "enabled": false },
						"up": { "texture": "#birch", "uv": [ 0.0, 2.0, 15.0, 2.5 ] },
						"down": { "texture": "#null", "uv": [ 0.0, 0.0, 15.0, 0.5 ], "enabled": false }
					}
				}
			]
		}
	]}