{
	"editor": {
		"collapsedPaths": "Root/Destroyed/Section1,Root/Destroyed/Section10,Root/Destroyed/Section12,Root/Destroyed/Section11,Root/Destroyed/Section8,Root/Destroyed/Section9,Root/Destroyed/Section6,Root/Destroyed/Section7,Root/Destroyed/Section4,Root/Destroyed/Section5,Root/Destroyed/Section2,Root/Destroyed/Section3,Root/Destroyed,Root/Undestroyed",
		"allAngles": false,
		"entityTextureMode": false
	},
	"textureWidth": 16,
	"textureHeight": 16,
	"textureSizes": {
	},
	"textures": {
		"base": "game:block/clay/bloomery/base",
		"chimney": "game:block/clay/bloomery/chimney",
		"base front": "game:block/clay/bloomery/front",
		"inside": "game:block/clay/bloomery/inside"
	},
	"elements": [
		{
			"name": "Undestroyed",
			"from": [ 0.0, 0.0, 0.0 ],
			"to": [ 16.0, 8.0, 16.0 ],
			"shade": false,
			"faces": {
			},
			"children": [
				{
					"name": "E brick 1C",
					"from": [ 12.0, 0.0, 4.0 ],
					"to": [ 16.0, 4.0, 12.0 ],
					"rotationOrigin": [ 12.0, 0.0, 8.0 ],
					"faces": {
						"north": { "texture": "#base", "uv": [ 0.0, 8.0, 4.0, 12.0 ] },
						"east": { "texture": "#base", "uv": [ 4.0, 8.0, 12.0, 12.0 ], "windMode": [-1,-1,-1,-1] },
						"south": { "texture": "#base", "uv": [ 12.0, 8.0, 16.0, 12.0 ] },
						"west": { "texture": "#inside", "uv": [ 4.0, 12.0, 12.0, 16.0 ], "windMode": [-1,-1,-1,-1] },
						"up": { "texture": "#base", "uv": [ 4.0, 8.0, 12.0, 12.0 ], "rotation": 90 },
						"down": { "texture": "#base", "uv": [ 4.0, 8.0, 12.0, 12.0 ], "rotation": 90 }
					}
				},
				{
					"name": "N brick 1R",
					"from": [ 0.0, 0.0, 0.0 ],
					"to": [ 8.0, 4.0, 4.0 ],
					"rotationOrigin": [ 0.0, 0.0, 4.0 ],
					"faces": {
						"north": { "texture": "#base", "uv": [ 8.0, 12.0, 16.0, 16.0 ] },
						"east": { "texture": "#base", "uv": [ 12.0, 8.0, 16.0, 12.0 ], "windMode": [-1,-1,-1,-1] },
						"south": { "texture": "#inside", "uv": [ 0.0, 12.0, 8.0, 16.0 ] },
						"west": { "texture": "#base", "uv": [ 0.0, 8.0, 4.0, 12.0 ], "windMode": [-1,-1,-1,-1] },
						"up": { "texture": "#base", "uv": [ 8.0, 12.0, 16.0, 16.0 ] },
						"down": { "texture": "#base", "uv": [ 8.0, 12.0, 16.0, 16.0 ] }
					}
				},
				{
					"name": "N brick 1L",
					"from": [ 8.0, 0.0, 0.0 ],
					"to": [ 16.0, 4.0, 4.0 ],
					"rotationOrigin": [ 8.0, 0.0, 4.0 ],
					"faces": {
						"north": { "texture": "#base", "uv": [ 0.0, 12.0, 8.0, 16.0 ] },
						"east": { "texture": "#base", "uv": [ 12.0, 8.0, 16.0, 12.0 ], "windMode": [-1,-1,-1,-1] },
						"south": { "texture": "#inside", "uv": [ 8.0, 12.0, 16.0, 16.0 ] },
						"west": { "texture": "#base", "uv": [ 0.0, 8.0, 4.0, 12.0 ], "windMode": [-1,-1,-1,-1] },
						"up": { "texture": "#base", "uv": [ 0.0, 12.0, 8.0, 16.0 ] },
						"down": { "texture": "#base", "uv": [ 0.0, 12.0, 8.0, 16.0 ] }
					}
				},
				{
					"name": "W brick 1C",
					"from": [ 0.0, 0.0, 4.0 ],
					"to": [ 4.0, 4.0, 12.0 ],
					"rotationOrigin": [ 0.0, 0.0, 8.0 ],
					"faces": {
						"north": { "texture": "#base", "uv": [ 0.0, 8.0, 4.0, 12.0 ] },
						"east": { "texture": "#inside", "uv": [ 4.0, 12.0, 12.0, 16.0 ], "windMode": [-1,-1,-1,-1] },
						"south": { "texture": "#base front", "uv": [ 12.0, 0.0, 16.0, 4.0 ] },
						"west": { "texture": "#base", "uv": [ 4.0, 8.0, 12.0, 12.0 ], "windMode": [-1,-1,-1,-1] },
						"up": { "texture": "#base", "uv": [ 4.0, 8.0, 12.0, 12.0 ], "rotation": 90 },
						"down": { "texture": "#base", "uv": [ 4.0, 8.0, 12.0, 12.0 ], "rotation": 90 }
					}
				},
				{
					"name": "firehole E",
					"from": [ 10.0, 0.0, 12.0 ],
					"to": [ 16.0, 4.0, 16.0 ],
					"rotationOrigin": [ 10.0, 0.0, 16.0 ],
					"faces": {
						"north": { "texture": "#inside", "uv": [ 0.0, 12.0, 6.0, 16.0 ] },
						"east": { "texture": "#base", "uv": [ 0.0, 8.0, 4.0, 12.0 ], "windMode": [-1,-1,-1,-1] },
						"south": { "texture": "#base front", "uv": [ 10.0, 12.0, 16.0, 16.0 ] },
						"west": { "texture": "#base front", "uv": [ 6.0, 12.0, 10.0, 16.0 ], "windMode": [-1,-1,-1,-1] },
						"up": { "texture": "#base front", "uv": [ 10.0, 12.0, 16.0, 16.0 ] },
						"down": { "texture": "#base front", "uv": [ 10.0, 12.0, 16.0, 16.0 ], "rotation": 180 }
					}
				},
				{
					"name": "firehole W",
					"from": [ 0.0, 0.0, 12.0 ],
					"to": [ 6.0, 4.0, 16.0 ],
					"rotationOrigin": [ 0.0, 0.0, 16.0 ],
					"faces": {
						"north": { "texture": "#inside", "uv": [ 10.0, 12.0, 16.0, 16.0 ] },
						"east": { "texture": "#base front", "uv": [ 6.0, 12.0, 10.0, 16.0 ], "windMode": [-1,-1,-1,-1] },
						"south": { "texture": "#base front", "uv": [ 0.0, 12.0, 6.0, 16.0 ] },
						"west": { "texture": "#base", "uv": [ 12.0, 8.0, 16.0, 12.0 ], "windMode": [-1,-1,-1,-1] },
						"up": { "texture": "#base front", "uv": [ 0.0, 12.0, 6.0, 16.0 ] },
						"down": { "texture": "#base front", "uv": [ 0.0, 12.0, 6.0, 16.0 ], "rotation": 180 }
					}
				},
				{
					"name": "N brick 2C",
					"from": [ 4.0, 4.0, 0.0 ],
					"to": [ 12.0, 8.0, 4.0 ],
					"rotationOrigin": [ 4.0, 4.0, 4.0 ],
					"faces": {
						"north": { "texture": "#base", "uv": [ 4.0, 8.0, 12.0, 12.0 ] },
						"east": { "texture": "#base", "uv": [ 0.0, 8.0, 4.0, 12.0 ], "windMode": [-1,-1,-1,-1] },
						"south": { "texture": "#inside", "uv": [ 4.0, 8.0, 12.0, 12.0 ] },
						"west": { "texture": "#base", "uv": [ 12.0, 8.0, 16.0, 12.0 ], "windMode": [-1,-1,-1,-1] },
						"up": { "texture": "#base", "uv": [ 4.0, 8.0, 12.0, 12.0 ] },
						"down": { "texture": "#base", "uv": [ 4.0, 8.0, 12.0, 12.0 ] }
					}
				},
				{
					"name": "W brick 2R",
					"from": [ 0.0, 4.0, 8.0 ],
					"to": [ 4.0, 8.0, 16.0 ],
					"rotationOrigin": [ 0.0, 4.0, 12.0 ],
					"faces": {
						"north": { "texture": "#base", "uv": [ 12.0, 8.0, 16.0, 12.0 ] },
						"east": { "texture": "#inside", "uv": [ 0.0, 8.0, 8.0, 12.0 ], "windMode": [-1,-1,-1,-1] },
						"south": { "texture": "#base front", "uv": [ 0.0, 8.0, 4.0, 12.0 ] },
						"west": { "texture": "#base", "uv": [ 8.0, 4.0, 16.0, 8.0 ], "windMode": [-1,-1,-1,-1] },
						"up": { "texture": "#base", "uv": [ 8.0, 4.0, 16.0, 8.0 ], "rotation": 90 },
						"down": { "texture": "#base", "uv": [ 8.0, 4.0, 16.0, 8.0 ], "rotation": 90 }
					}
				},
				{
					"name": "W brick 2L",
					"from": [ 0.0, 4.0, 0.0 ],
					"to": [ 4.0, 8.0, 8.0 ],
					"rotationOrigin": [ 0.0, 4.0, 4.0 ],
					"faces": {
						"north": { "texture": "#base", "uv": [ 12.0, 8.0, 16.0, 12.0 ] },
						"east": { "texture": "#inside", "uv": [ 8.0, 8.0, 16.0, 12.0 ], "windMode": [-1,-1,-1,-1] },
						"south": { "texture": "#base front", "uv": [ 0.0, 0.0, 4.0, 4.0 ] },
						"west": { "texture": "#base", "uv": [ 0.0, 4.0, 8.0, 8.0 ], "windMode": [-1,-1,-1,-1] },
						"up": { "texture": "#base", "uv": [ 0.0, 4.0, 8.0, 8.0 ], "rotation": 90 },
						"down": { "texture": "#base", "uv": [ 0.0, 4.0, 8.0, 8.0 ], "rotation": 90 }
					}
				},
				{
					"name": "E brick 2R",
					"from": [ 12.0, 4.0, 0.0 ],
					"to": [ 16.0, 8.0, 8.0 ],
					"rotationOrigin": [ 12.0, 4.0, 4.0 ],
					"faces": {
						"north": { "texture": "#base", "uv": [ 0.0, 8.0, 4.0, 12.0 ] },
						"east": { "texture": "#base", "uv": [ 8.0, 4.0, 16.0, 8.0 ], "windMode": [-1,-1,-1,-1] },
						"south": { "texture": "#base front", "uv": [ 12.0, 8.0, 16.0, 12.0 ] },
						"west": { "texture": "#inside", "uv": [ 0.0, 8.0, 8.0, 12.0 ], "windMode": [-1,-1,-1,-1] },
						"up": { "texture": "#base", "uv": [ 8.0, 4.0, 16.0, 8.0 ], "rotation": 90 },
						"down": { "texture": "#base", "uv": [ 8.0, 4.0, 16.0, 8.0 ], "rotation": 90 }
					}
				},
				{
					"name": "S brick 2C",
					"from": [ 4.0, 4.0, 12.0 ],
					"to": [ 12.0, 8.0, 16.0 ],
					"rotationOrigin": [ 4.0, 4.0, 16.0 ],
					"faces": {
						"north": { "texture": "#inside", "uv": [ 4.0, 8.0, 12.0, 12.0 ] },
						"east": { "texture": "#base", "uv": [ 12.0, 8.0, 16.0, 12.0 ], "windMode": [-1,-1,-1,-1] },
						"south": { "texture": "#base front", "uv": [ 4.0, 8.0, 12.0, 12.0 ] },
						"west": { "texture": "#base", "uv": [ 0.0, 8.0, 4.0, 12.0 ], "windMode": [-1,-1,-1,-1] },
						"up": { "texture": "#base", "uv": [ 4.0, 8.0, 12.0, 12.0 ] },
						"down": { "texture": "#inside", "uv": [ 4.0, 12.0, 12.0, 16.0 ], "rotation": 180 }
					}
				},
				{
					"name": "N brick 3R",
					"from": [ 0.0, 8.0, 0.0 ],
					"to": [ 8.0, 12.0, 4.0 ],
					"rotationOrigin": [ 0.0, 8.0, 4.0 ],
					"faces": {
						"north": { "texture": "#base", "uv": [ 8.0, 4.0, 16.0, 8.0 ] },
						"east": { "texture": "#base", "uv": [ 12.0, 0.0, 16.0, 4.0 ], "windMode": [-1,-1,-1,-1] },
						"south": { "texture": "#inside", "uv": [ 0.0, 4.0, 8.0, 8.0 ] },
						"west": { "texture": "#base", "uv": [ 0.0, 0.0, 4.0, 4.0 ], "windMode": [-1,-1,-1,-1] },
						"up": { "texture": "#base", "uv": [ 8.0, 4.0, 16.0, 8.0 ] },
						"down": { "texture": "#base", "uv": [ 8.0, 4.0, 16.0, 8.0 ] }
					}
				},
				{
					"name": "E brick 2L",
					"from": [ 12.0, 4.0, 8.0 ],
					"to": [ 16.0, 8.0, 16.0 ],
					"rotationOrigin": [ 12.0, 4.0, 12.0 ],
					"faces": {
						"north": { "texture": "#base", "uv": [ 0.0, 8.0, 4.0, 12.0 ] },
						"east": { "texture": "#base", "uv": [ 0.0, 4.0, 8.0, 8.0 ], "windMode": [-1,-1,-1,-1] },
						"south": { "texture": "#base front", "uv": [ 12.0, 8.0, 16.0, 12.0 ] },
						"west": { "texture": "#inside", "uv": [ 8.0, 8.0, 16.0, 12.0 ], "windMode": [-1,-1,-1,-1] },
						"up": { "texture": "#base", "uv": [ 0.0, 4.0, 8.0, 8.0 ], "rotation": 90 },
						"down": { "texture": "#base", "uv": [ 0.0, 4.0, 8.0, 8.0 ], "rotation": 90 }
					}
				},
				{
					"name": "N brick 3L",
					"from": [ 8.0, 8.0, 0.0 ],
					"to": [ 16.0, 12.0, 4.0 ],
					"rotationOrigin": [ 8.0, 8.0, 4.0 ],
					"faces": {
						"north": { "texture": "#base", "uv": [ 0.0, 4.0, 8.0, 8.0 ] },
						"east": { "texture": "#base", "uv": [ 12.0, 0.0, 16.0, 4.0 ], "windMode": [-1,-1,-1,-1] },
						"south": { "texture": "#inside", "uv": [ 8.0, 4.0, 16.0, 8.0 ] },
						"west": { "texture": "#base", "uv": [ 0.0, 0.0, 4.0, 4.0 ], "windMode": [-1,-1,-1,-1] },
						"up": { "texture": "#base", "uv": [ 0.0, 4.0, 8.0, 8.0 ] },
						"down": { "texture": "#base", "uv": [ 0.0, 4.0, 8.0, 8.0 ] }
					}
				},
				{
					"name": "E brick 3C",
					"from": [ 12.0, 8.0, 4.0 ],
					"to": [ 16.0, 12.0, 12.0 ],
					"rotationOrigin": [ 12.0, 8.0, 8.0 ],
					"faces": {
						"north": { "texture": "#base", "uv": [ 0.0, 0.0, 4.0, 4.0 ] },
						"east": { "texture": "#base", "uv": [ 4.0, 0.0, 12.0, 4.0 ], "windMode": [-1,-1,-1,-1] },
						"south": { "texture": "#base front", "uv": [ 12.0, 0.0, 16.0, 4.0 ] },
						"west": { "texture": "#inside", "uv": [ 4.0, 4.0, 12.0, 8.0 ], "windMode": [-1,-1,-1,-1] },
						"up": { "texture": "#base", "uv": [ 4.0, 0.0, 12.0, 4.0 ], "rotation": 90 },
						"down": { "texture": "#base", "uv": [ 4.0, 0.0, 12.0, 4.0 ], "rotation": 90 }
					}
				},
				{
					"name": "W brick 3C",
					"from": [ 0.0, 8.0, 4.0 ],
					"to": [ 4.0, 12.0, 12.0 ],
					"rotationOrigin": [ 0.0, 8.0, 8.0 ],
					"faces": {
						"north": { "texture": "#base", "uv": [ 0.0, 0.0, 4.0, 4.0 ] },
						"east": { "texture": "#inside", "uv": [ 4.0, 4.0, 12.0, 8.0 ], "windMode": [-1,-1,-1,-1] },
						"south": { "texture": "#base front", "uv": [ 12.0, 0.0, 16.0, 4.0 ] },
						"west": { "texture": "#base", "uv": [ 4.0, 0.0, 12.0, 4.0 ], "windMode": [-1,-1,-1,-1] },
						"up": { "texture": "#base", "uv": [ 4.0, 0.0, 12.0, 4.0 ], "rotation": 90 },
						"down": { "texture": "#base", "uv": [ 4.0, 0.0, 12.0, 4.0 ], "rotation": 90 }
					}
				},
				{
					"name": "S brick 3L",
					"from": [ 0.0, 8.0, 12.0 ],
					"to": [ 8.0, 12.0, 16.0 ],
					"rotationOrigin": [ 0.0, 8.0, 16.0 ],
					"faces": {
						"north": { "texture": "#inside", "uv": [ 8.0, 4.0, 16.0, 8.0 ] },
						"east": { "texture": "#base", "uv": [ 0.0, 0.0, 4.0, 4.0 ], "windMode": [-1,-1,-1,-1] },
						"south": { "texture": "#base front", "uv": [ 0.0, 4.0, 8.0, 8.0 ] },
						"west": { "texture": "#base", "uv": [ 12.0, 0.0, 16.0, 4.0 ], "windMode": [-1,-1,-1,-1] },
						"up": { "texture": "#base", "uv": [ 4.0, 8.0, 12.0, 12.0 ] },
						"down": { "texture": "#base front", "uv": [ 0.0, 4.0, 8.0, 8.0 ], "rotation": 180 }
					}
				},
				{
					"name": "S brick 3R",
					"from": [ 8.0, 8.0, 12.0 ],
					"to": [ 16.0, 12.0, 16.0 ],
					"rotationOrigin": [ 8.0, 8.0, 16.0 ],
					"faces": {
						"north": { "texture": "#inside", "uv": [ 0.0, 4.0, 8.0, 8.0 ] },
						"east": { "texture": "#base", "uv": [ 0.0, 0.0, 4.0, 4.0 ], "windMode": [-1,-1,-1,-1] },
						"south": { "texture": "#base front", "uv": [ 8.0, 4.0, 16.0, 8.0 ] },
						"west": { "texture": "#base", "uv": [ 12.0, 0.0, 16.0, 4.0 ], "windMode": [-1,-1,-1,-1] },
						"up": { "texture": "#base", "uv": [ 8.0, 4.0, 16.0, 8.0 ] },
						"down": { "texture": "#base front", "uv": [ 8.0, 4.0, 16.0, 8.0 ], "rotation": 180 }
					}
				},
				{
					"name": "N brick 4C",
					"from": [ 4.0, 12.0, 0.0 ],
					"to": [ 12.0, 16.0, 4.0 ],
					"rotationOrigin": [ 4.0, 12.0, 4.0 ],
					"faces": {
						"north": { "texture": "#base", "uv": [ 4.0, 0.0, 12.0, 4.0 ] },
						"east": { "texture": "#base", "uv": [ 0.0, 0.0, 4.0, 4.0 ], "windMode": [-1,-1,-1,-1] },
						"south": { "texture": "#inside", "uv": [ 4.0, 0.0, 12.0, 4.0 ] },
						"west": { "texture": "#base", "uv": [ 12.0, 0.0, 16.0, 4.0 ], "windMode": [-1,-1,-1,-1] },
						"up": { "texture": "#base", "uv": [ 4.0, 0.0, 12.0, 4.0 ] },
						"down": { "texture": "#base", "uv": [ 4.0, 0.0, 12.0, 4.0 ] }
					}
				},
				{
					"name": "W brick 4L",
					"from": [ 0.0, 12.0, 0.0 ],
					"to": [ 4.0, 16.0, 8.0 ],
					"rotationOrigin": [ 0.0, 12.0, 4.0 ],
					"faces": {
						"north": { "texture": "#base", "uv": [ 12.0, 0.0, 16.0, 4.0 ] },
						"east": { "texture": "#inside", "uv": [ 8.0, 0.0, 16.0, 4.0 ], "windMode": [-1,-1,-1,-1] },
						"south": { "texture": "#base front", "uv": [ 12.0, 0.0, 16.0, 4.0 ] },
						"west": { "texture": "#base", "uv": [ 0.0, 12.0, 8.0, 16.0 ], "windMode": [-1,-1,-1,-1] },
						"up": { "texture": "#base", "uv": [ 0.0, 12.0, 8.0, 16.0 ], "rotation": 270 },
						"down": { "texture": "#base", "uv": [ 0.0, 12.0, 8.0, 16.0 ], "rotation": 90 }
					}
				}
			]
		},
		{
			"name": "Destroyed",
			"from": [ 0.0, 8.0, 0.0 ],
			"to": [ 16.0, 25.0, 16.0 ],
			"shade": false,
			"rotationOrigin": [ 0.0, 8.0, 0.0 ],
			"faces": {
			},
			"children": [
				{
					"name": "Section1",
					"from": [ 0.0, 0.0, 0.0 ],
					"to": [ 0.0, 0.0, 0.0 ],
					"shade": false,
					"faces": {
					},
					"children": [
						{
							"name": "W brick 4R",
							"from": [ 0.0, 4.0, 8.0 ],
							"to": [ 4.0, 8.0, 16.0 ],
							"rotationOrigin": [ 0.0, 4.0, 12.0 ],
							"faces": {
								"north": { "texture": "#base", "uv": [ 12.0, 0.0, 16.0, 4.0 ] },
								"east": { "texture": "#inside", "uv": [ 0.0, 0.0, 8.0, 4.0 ], "windMode": [-1,-1,-1,-1] },
								"south": { "texture": "#base front", "uv": [ 0.0, 0.0, 4.0, 4.0 ] },
								"west": { "texture": "#base", "uv": [ 8.0, 12.0, 16.0, 16.0 ], "windMode": [-1,-1,-1,-1] },
								"up": { "texture": "#base", "uv": [ 8.0, 12.0, 16.0, 16.0 ], "rotation": 270 },
								"down": { "texture": "#base", "uv": [ 8.0, 12.0, 16.0, 16.0 ], "rotation": 90 }
							}
						}
					]
				},
				{
					"name": "Section2",
					"from": [ 0.0, 0.0, 0.0 ],
					"to": [ 0.0, 0.0, 0.0 ],
					"shade": false,
					"faces": {
					},
					"children": [
						{
							"name": "E brick 4R",
							"from": [ 12.0, 4.0, 0.0 ],
							"to": [ 16.0, 8.0, 8.0 ],
							"rotationOrigin": [ 12.0, 4.0, 4.0 ],
							"faces": {
								"north": { "texture": "#base", "uv": [ 0.0, 0.0, 4.0, 4.0 ] },
								"east": { "texture": "#base", "uv": [ 8.0, 12.0, 16.0, 16.0 ], "windMode": [-1,-1,-1,-1] },
								"south": { "texture": "#base front", "uv": [ 12.0, 0.0, 16.0, 4.0 ] },
								"west": { "texture": "#inside", "uv": [ 8.0, 0.0, 16.0, 4.0 ], "windMode": [-1,-1,-1,-1] },
								"up": { "texture": "#base", "uv": [ 8.0, 12.0, 16.0, 16.0 ], "rotation": 90 },
								"down": { "texture": "#base", "uv": [ 8.0, 12.0, 16.0, 16.0 ], "rotation": 90 }
							}
						}
					]
				},
				{
					"name": "Section3",
					"from": [ 0.0, 0.0, 0.0 ],
					"to": [ 0.0, 0.0, 0.0 ],
					"shade": false,
					"faces": {
					},
					"children": [
						{
							"name": "E brick 4L",
							"from": [ 12.0, 4.0, 8.0 ],
							"to": [ 16.0, 8.0, 16.0 ],
							"rotationOrigin": [ 12.0, 4.0, 12.0 ],
							"faces": {
								"north": { "texture": "#base", "uv": [ 0.0, 0.0, 4.0, 4.0 ] },
								"east": { "texture": "#base", "uv": [ 0.0, 12.0, 8.0, 16.0 ], "windMode": [-1,-1,-1,-1] },
								"south": { "texture": "#base front", "uv": [ 12.0, 0.0, 16.0, 4.0 ] },
								"west": { "texture": "#inside", "uv": [ 8.0, 0.0, 16.0, 4.0 ], "windMode": [-1,-1,-1,-1] },
								"up": { "texture": "#base", "uv": [ 0.0, 12.0, 8.0, 16.0 ], "rotation": 90 },
								"down": { "texture": "#base", "uv": [ 0.0, 12.0, 8.0, 16.0 ], "rotation": 90 }
							}
						}
					]
				},
				{
					"name": "Section4",
					"from": [ 0.0, 0.0, 0.0 ],
					"to": [ 0.0, 0.0, 0.0 ],
					"shade": false,
					"faces": {
					},
					"children": [
						{
							"name": "S brick 4C",
							"from": [ 4.0, 4.0, 12.0 ],
							"to": [ 12.0, 8.0, 16.0 ],
							"rotationOrigin": [ 4.0, 4.0, 16.0 ],
							"faces": {
								"north": { "texture": "#inside", "uv": [ 3.5, 0.0, 11.5, 4.0 ] },
								"east": { "texture": "#base", "uv": [ 12.0, 0.0, 16.0, 4.0 ], "windMode": [-1,-1,-1,-1] },
								"south": { "texture": "#base front", "uv": [ 4.0, 0.0, 12.0, 4.0 ] },
								"west": { "texture": "#base", "uv": [ 0.0, 0.0, 4.0, 4.0 ], "windMode": [-1,-1,-1,-1] },
								"up": { "texture": "#base", "uv": [ 4.0, 0.0, 12.0, 4.0 ], "rotation": 180 },
								"down": { "texture": "#base front", "uv": [ 4.0, 0.0, 12.0, 4.0 ], "rotation": 180 }
							}
						}
					]
				},
				{
					"name": "Section5",
					"from": [ 0.0, 0.0, 0.0 ],
					"to": [ 0.0, 0.0, 0.0 ],
					"shade": false,
					"faces": {
					},
					"children": [
						{
							"name": "N base",
							"from": [ 1.0, 8.0, 1.0 ],
							"to": [ 12.0, 13.0, 4.0 ],
							"rotationOrigin": [ 0.0, 8.0, 0.0 ],
							"faces": {
								"north": { "texture": "#chimney", "uv": [ 3.0, 8.0, 13.0, 12.0 ], "autoUv": false },
								"east": { "texture": "#chimney", "uv": [ 0.0, 8.0, 3.0, 12.0 ], "autoUv": false, "windMode": [-1,-1,-1,-1] },
								"south": { "texture": "#inside", "uv": [ 4.0, 11.0, 15.0, 16.0 ] },
								"west": { "texture": "#chimney", "uv": [ 0.0, 8.0, 3.0, 12.0 ], "autoUv": false, "windMode": [-1,-1,-1,-1] },
								"up": { "texture": "#chimney", "uv": [ 3.0, 7.5, 13.0, 11.5 ], "autoUv": false },
								"down": { "texture": "#chimney", "uv": [ 3.0, 7.5, 13.0, 11.5 ], "autoUv": false }
							}
						}
					]
				},
				{
					"name": "Section6",
					"from": [ 0.0, 0.0, 0.0 ],
					"to": [ 0.0, 0.0, 0.0 ],
					"shade": false,
					"faces": {
					},
					"children": [
						{
							"name": "W base",
							"from": [ 1.0, 8.0, 4.0 ],
							"to": [ 4.0, 13.0, 15.0 ],
							"rotationOrigin": [ 0.0, 8.0, 3.0 ],
							"faces": {
								"north": { "texture": "#chimney", "uv": [ 0.0, 8.0, 3.0, 12.0 ], "autoUv": false, "windMode": [-1,-1,-1,-1] },
								"east": { "texture": "#inside", "uv": [ 1.0, 5.0, 12.0, 10.0 ] },
								"south": { "texture": "#chimney", "uv": [ 0.0, 8.0, 3.0, 12.0 ], "autoUv": false, "windMode": [-1,-1,-1,-1] },
								"west": { "texture": "#chimney", "uv": [ 3.0, 8.0, 13.0, 12.0 ], "autoUv": false },
								"up": { "texture": "#chimney", "uv": [ 3.0, 7.5, 13.0, 11.5 ], "rotation": 90, "autoUv": false },
								"down": { "texture": "#chimney", "uv": [ 3.0, 7.5, 13.0, 11.5 ], "rotation": 90, "autoUv": false }
							}
						}
					]
				},
				{
					"name": "Section7",
					"from": [ 0.0, 0.0, 0.0 ],
					"to": [ 0.0, 0.0, 0.0 ],
					"shade": false,
					"faces": {
					},
					"children": [
						{
							"name": "E base",
							"from": [ 12.0, 8.0, 1.0 ],
							"to": [ 15.0, 13.0, 12.0 ],
							"rotationOrigin": [ 0.0, 8.0, 0.0 ],
							"faces": {
								"north": { "texture": "#chimney", "uv": [ 0.0, 8.0, 3.0, 12.0 ], "autoUv": false },
								"east": { "texture": "#chimney", "uv": [ 3.0, 8.0, 13.0, 12.0 ], "autoUv": false },
								"south": { "texture": "#chimney", "uv": [ 0.0, 8.0, 3.0, 12.0 ], "autoUv": false },
								"west": { "texture": "#inside", "uv": [ 2.0, 9.0, 13.0, 14.0 ] },
								"up": { "texture": "#chimney", "uv": [ 3.0, 8.0, 13.0, 12.0 ], "rotation": 90, "autoUv": false },
								"down": { "texture": "#chimney", "uv": [ 3.0, 8.0, 13.0, 12.0 ], "rotation": 90, "autoUv": false }
							}
						}
					]
				},
				{
					"name": "Section8",
					"from": [ 0.0, 0.0, 0.0 ],
					"to": [ 0.0, 0.0, 0.0 ],
					"shade": false,
					"faces": {
					},
					"children": [
						{
							"name": "S base",
							"from": [ 4.0, 8.0, 12.0 ],
							"to": [ 15.0, 13.0, 15.0 ],
							"rotationOrigin": [ 0.0, 8.0, 0.0 ],
							"faces": {
								"north": { "texture": "#inside", "uv": [ 4.0, 6.0, 15.0, 11.0 ] },
								"east": { "texture": "#chimney", "uv": [ 0.0, 8.0, 3.0, 12.0 ], "autoUv": false, "windMode": [-1,-1,-1,-1] },
								"south": { "texture": "#chimney", "uv": [ 3.0, 8.0, 13.0, 12.0 ], "autoUv": false },
								"west": { "texture": "#chimney", "uv": [ 0.0, 8.0, 3.0, 12.0 ], "autoUv": false, "windMode": [-1,-1,-1,-1] },
								"up": { "texture": "#chimney", "uv": [ 3.0, 7.5, 13.0, 11.5 ], "autoUv": false },
								"down": { "texture": "#chimney", "uv": [ 3.0, 7.5, 13.0, 11.5 ], "autoUv": false }
							}
						}
					]
				},
				{
					"name": "Section9",
					"from": [ 0.0, 0.0, 0.0 ],
					"to": [ 0.0, 0.0, 0.0 ],
					"shade": false,
					"faces": {
					},
					"children": [
						{
							"name": "E top",
							"from": [ 11.0, 13.0, 5.0 ],
							"to": [ 14.0, 17.0, 14.0 ],
							"rotationOrigin": [ 0.0, 8.0, 3.0 ],
							"faces": {
								"north": { "texture": "#chimney", "uv": [ 0.0, 8.0, 3.0, 12.0 ], "windMode": [-1,-1,-1,-1] },
								"east": { "texture": "#chimney", "uv": [ 3.5, 8.0, 12.5, 12.0 ] },
								"south": { "texture": "#chimney", "uv": [ 12.5, 8.0, 15.5, 12.0 ] },
								"west": { "texture": "#inside", "uv": [ 2.0, 0.0, 11.0, 4.0 ] },
								"up": { "texture": "#chimney", "uv": [ 3.5, 7.5, 12.5, 10.5 ], "rotation": 270 },
								"down": { "texture": "#inside", "uv": [ 13.0, 7.0, 16.0, 16.0 ], "autoUv": false }
							}
						}
					]
				},
				{
					"name": "Section10",
					"from": [ 0.0, 0.0, 0.0 ],
					"to": [ 0.0, 0.0, 0.0 ],
					"shade": false,
					"faces": {
					},
					"children": [
						{
							"name": "N top",
							"from": [ 5.0, 13.0, 2.0 ],
							"to": [ 14.0, 17.0, 5.0 ],
							"rotationOrigin": [ 0.0, 8.0, 0.0 ],
							"faces": {
								"north": { "texture": "#chimney", "uv": [ 3.5, 8.0, 12.5, 12.0 ] },
								"east": { "texture": "#chimney", "uv": [ 12.5, 8.0, 15.5, 12.0 ], "windMode": [-1,-1,-1,-1] },
								"south": { "texture": "#inside", "uv": [ 3.5, 3.5, 12.5, 7.5 ] },
								"west": { "texture": "#chimney", "uv": [ 0.0, 8.0, 3.0, 12.0 ], "windMode": [-1,-1,-1,-1] },
								"up": { "texture": "#chimney", "uv": [ 3.5, 7.5, 12.5, 10.5 ], "rotation": 180 },
								"down": { "texture": "#inside", "uv": [ 7.0, 13.0, 16.0, 16.0 ] }
							}
						}
					]
				},
				{
					"name": "Section11",
					"from": [ 0.0, 0.0, 0.0 ],
					"to": [ 0.0, 0.0, 0.0 ],
					"shade": false,
					"faces": {
					},
					"children": [
						{
							"name": "W top",
							"from": [ 2.0, 13.0, 2.0 ],
							"to": [ 5.0, 17.0, 11.0 ],
							"rotationOrigin": [ 0.0, 8.0, 0.0 ],
							"faces": {
								"north": { "texture": "#chimney", "uv": [ 12.5, 8.0, 15.5, 12.0 ], "windMode": [-1,-1,-1,-1] },
								"east": { "texture": "#inside", "uv": [ 4.0, 7.0, 13.0, 11.0 ] },
								"south": { "texture": "#chimney", "uv": [ 0.0, 8.0, 3.0, 12.0 ], "windMode": [-1,-1,-1,-1] },
								"west": { "texture": "#chimney", "uv": [ 3.5, 8.0, 12.5, 12.0 ] },
								"up": { "texture": "#chimney", "uv": [ 3.5, 7.5, 12.5, 10.5 ], "rotation": 90 },
								"down": { "texture": "#inside", "uv": [ 11.0, 2.0, 14.0, 11.0 ] }
							}
						}
					]
				},
				{
					"name": "Section12",
					"from": [ 0.0, 0.0, 0.0 ],
					"to": [ 0.0, 0.0, 0.0 ],
					"shade": false,
					"faces": {
					},
					"children": [
						{
							"name": "S top",
							"from": [ 2.0, 13.0, 11.0 ],
							"to": [ 11.0, 17.0, 14.0 ],
							"rotationOrigin": [ 0.0, 8.0, 0.0 ],
							"faces": {
								"north": { "texture": "#inside", "uv": [ 5.0, 3.0, 14.0, 7.0 ] },
								"east": { "texture": "#chimney", "uv": [ 0.0, 8.0, 3.0, 12.0 ], "windMode": [-1,-1,-1,-1] },
								"south": { "texture": "#chimney", "uv": [ 3.5, 8.0, 12.5, 12.0 ] },
								"west": { "texture": "#chimney", "uv": [ 12.5, 8.0, 15.5, 12.0 ], "windMode": [-1,-1,-1,-1] },
								"up": { "texture": "#chimney", "uv": [ 3.5, 7.5, 12.5, 10.5 ] },
								"down": { "texture": "#inside", "uv": [ 7.0, 13.0, 16.0, 16.0 ] }
							}
						}
					]
				}
			]
		}
	]}