{
	"editor": {
		"allAngles": false,
		"entityTextureMode": false
	},
	"textureWidth": 16,
	"textureHeight": 16,
	"textureSizes": {
	},
	"textures": {
		"base": "game:block/clay/bloomery/base",
		"base front": "game:block/clay/bloomery/front",
		"inside": "game:block/clay/bloomery/inside",
	},
	"elements": [
		{
			"name": "W",
			"from": [ 0.0, 0.0, 0.0 ],
			"to": [ 4.0, 12.0, 16.0 ],
			"faces": {
				"north": { "texture": "#base", "uv": [ 12.0, 4.0, 16.0, 16.0 ] },
				"east": { "texture": "#inside", "uv": [ 0.0, 4.0, 16.0, 16.0 ] },
				"south": { "texture": "#base front", "uv": [ 0.0, 4.0, 4.0, 16.0 ] },
				"west": { "texture": "#base", "uv": [ 0.0, 0.0, 16.0, 12.0 ] },
				"down": { "texture": "#base", "uv": [ 0.0, 7.5, 16.0, 11.5 ], "rotation": 90 }
			},
			"children": [
				{
					"name": "Top W",
					"from": [ 0.0, 12.0, 0.0 ],
					"to": [ 4.0, 16.0, 16.0 ],
					"rotationOrigin": [ 0.0, 12.0, 0.0 ],
					"faces": {
						"north": { "texture": "#base", "uv": [ 12.0, 0.0, 16.0, 4.0 ] },
						"east": { "texture": "#inside", "uv": [ 0.0, 0.0, 16.0, 4.0 ] },
						"south": { "texture": "#base front", "uv": [ 0.0, 0.0, 4.0, 4.0 ] },
						"west": { "texture": "#base", "uv": [ 0.0, 12.0, 16.0, 16.0 ] },
						"up": { "texture": "#base", "uv": [ 0.0, 12.0, 16.0, 16.0 ], "rotation": 270 }
					}
				}
			]
		},
		{
			"name": "E",
			"from": [ 12.0, 0.0, 0.0 ],
			"to": [ 16.0, 12.0, 16.0 ],
			"faces": {
				"north": { "texture": "#base", "uv": [ 0.0, 4.0, 4.0, 16.0 ] },
				"east": { "texture": "#base", "uv": [ 0.0, 0.0, 16.0, 12.0 ] },
				"south": { "texture": "#base front", "uv": [ 12.0, 4.0, 16.0, 16.0 ] },
				"west": { "texture": "#inside", "uv": [ 0.0, 4.0, 16.0, 16.0 ] },
				"down": { "texture": "#base", "uv": [ 0.0, 7.5, 16.0, 11.5 ], "rotation": 270 }
			},
			"children": [
				{
					"name": "Top E",
					"from": [ 0.0, 12.0, 0.0 ],
					"to": [ 4.0, 16.0, 16.0 ],
					"rotationOrigin": [ 0.0, 12.0, 0.0 ],
					"faces": {
						"north": { "texture": "#base", "uv": [ 0.0, 0.0, 4.0, 4.0 ] },
						"east": { "texture": "#base", "uv": [ 0.0, 12.0, 16.0, 16.0 ] },
						"south": { "texture": "#base front", "uv": [ 12.0, 0.0, 16.0, 4.0 ] },
						"west": { "texture": "#inside", "uv": [ 0.0, 0.0, 16.0, 4.0 ] },
						"up": { "texture": "#base", "uv": [ 0.0, 12.0, 16.0, 16.0 ], "rotation": 90 }
					}
				}
			]
		},
		{
			"name": "N",
			"from": [ 4.0, 0.0, 0.0 ],
			"to": [ 12.0, 16.0, 4.0 ],
			"faces": {
				"north": { "texture": "#base", "uv": [ 4.0, 0.0, 12.0, 16.0 ] },
				"south": { "texture": "#inside", "uv": [ 3.0, 0.0, 11.0, 16.0 ] },
				"up": { "texture": "#base", "uv": [ 4.0, 0.0, 12.0, 4.0 ] },
				"down": { "texture": "#base", "uv": [ 4.0, 4.0, 12.0, 8.0 ] }
			}
		},
		{
			"name": "S",
			"from": [ 4.0, 4.0, 12.0 ],
			"to": [ 12.0, 16.0, 16.0 ],
			"faces": {
				"north": { "texture": "#inside", "uv": [ 8.0, 2.0, 16.0, 14.0 ] },
				"south": { "texture": "#base front", "uv": [ 4.0, 0.0, 12.0, 12.0 ] },
				"up": { "texture": "#base", "uv": [ 4.0, 0.0, 12.0, 4.0 ], "rotation": 180 },
				"down": { "texture": "#base front", "uv": [ 4.0, 12.0, 12.0, 16.0 ] }
			},
			"children": [
				{
					"name": "firehole W",
					"from": [ 0.0, -4.0, 0.0 ],
					"to": [ 2.0, 0.0, 4.0 ],
					"faces": {
						"north": { "texture": "#inside", "uv": [ 11.0, 1.0, 13.0, 5.0 ] },
						"east": { "texture": "#base front", "uv": [ 6.0, 12.0, 10.0, 16.0 ] },
						"south": { "texture": "#base front", "uv": [ 4.0, 12.0, 6.0, 16.0 ] },
						"down": { "texture": "#base front", "uv": [ 4.5, 12.0, 6.5, 16.0 ], "rotation": 180 }
					}
				},
				{
					"name": "firehole E",
					"from": [ 6.0, -4.0, 0.0 ],
					"to": [ 8.0, 0.0, 4.0 ],
					"faces": {
						"north": { "texture": "#inside", "uv": [ 5.0, 6.0, 7.0, 10.0 ] },
						"south": { "texture": "#base front", "uv": [ 10.0, 12.0, 12.0, 16.0 ] },
						"west": { "texture": "#base front", "uv": [ 6.0, 12.0, 10.0, 16.0 ] },
						"down": { "texture": "#base front", "uv": [ 10.0, 12.0, 12.0, 16.0 ], "rotation": 180 }
					}
				}
			]
		}
	]}