{
	"editor": {
		"allAngles": false,
		"entityTextureMode": false
	},
	"textureWidth": 64,
	"textureHeight": 64,
	"textureSizes": {
		"acolyte": [64,64]
	},
	"textures": {
		"acolytebody": "acolyte",
		"seraph": "transparent"
	},
	"elements": [
		{
			"name": "Abdomen",
			"stepParentName": "LowerTorso",
			"from": [ -0.2, -0.1, -0.25 ],
			"to": [ 5.1, 4.65, 6.25 ],
			"faces": {
				"north": { "texture": "#acolytebody", "uv": [ 0.0, 20.5, 5.0, 25.0 ] },
				"east": { "texture": "#acolytebody", "uv": [ 16.5, 20.5, 23.0, 25.0 ] },
				"south": { "texture": "#acolytebody", "uv": [ 11.5, 20.5, 16.5, 25.0 ] },
				"west": { "texture": "#acolytebody", "uv": [ 5.0, 20.5, 11.5, 25.0 ] },
				"up": { "texture": "#acolytebody", "uv": [ 5.0, 16.0, 11.5, 21.0 ], "rotation": 90 },
				"down": { "texture": "#acolytebody", "uv": [ 5.0, 24.5, 11.5, 29.5 ], "rotation": 90 }
			},
			"children": [
				{
					"name": "Fold1",
					"from": [ 0.0, -2.36, 1.0 ],
					"to": [ 0.25, 2.64, 2.5 ],
					"rotationOrigin": [ 0.0, 2.64, 1.0 ],
					"rotationZ": -8.0,
					"faces": {
						"north": { "texture": "#acolytebody", "uv": [ 12.0, 10.5, 12.5, 15.5 ] },
						"east": { "texture": "#acolytebody", "uv": [ 14.5, 10.5, 16.0, 15.5 ] },
						"south": { "texture": "#acolytebody", "uv": [ 14.0, 10.5, 14.5, 15.5 ] },
						"west": { "texture": "#acolytebody", "uv": [ 12.5, 10.5, 14.0, 15.5 ] },
						"down": { "texture": "#acolytebody", "uv": [ 12.5, 16.0, 14.0, 16.5 ], "rotation": 90 }
					},
					"children": [
						{
							"name": "Fold2",
							"from": [ 0.0, -0.5, 0.5 ],
							"to": [ 0.25, 0.0, 1.5 ],
							"rotationOrigin": [ 0.0, 0.0, 0.5 ],
							"faces": {
								"north": { "texture": "#acolytebody", "uv": [ 13.0, 16.5, 13.5, 17.0 ] },
								"east": { "texture": "#acolytebody", "uv": [ 14.5, 16.5, 15.5, 17.0 ] },
								"south": { "texture": "#acolytebody", "uv": [ 14.0, 16.5, 14.5, 17.0 ] },
								"west": { "texture": "#acolytebody", "uv": [ 13.0, 16.5, 14.0, 17.0 ] },
								"down": { "texture": "#acolytebody", "uv": [ 13.0, 16.5, 14.0, 17.0 ], "rotation": 90 }
							}
						},
						{
							"name": "Fold3",
							"from": [ 0.0, -1.0, 1.0 ],
							"to": [ 0.25, -0.5, 1.5 ],
							"rotationOrigin": [ 0.0, -1.0, 1.0 ],
							"faces": {
								"north": { "texture": "#acolytebody", "uv": [ 13.5, 17.0, 14.0, 17.5 ] },
								"east": { "texture": "#acolytebody", "uv": [ 14.5, 17.0, 15.0, 17.5 ] },
								"south": { "texture": "#acolytebody", "uv": [ 14.0, 17.0, 14.5, 17.5 ] },
								"west": { "texture": "#acolytebody", "uv": [ 13.5, 17.0, 14.0, 17.5 ] },
								"down": { "texture": "#acolytebody", "uv": [ 13.5, 17.0, 14.0, 17.5 ] }
							}
						}
					]
				}
			]
		},
		{
			"name": "Chest",
			"stepParentName": "UpperTorso",
			"from": [ -0.2, -0.1, -0.25 ],
			"to": [ 5.2, 5.15, 6.5 ],
			"faces": {
				"north": { "texture": "#acolytebody", "uv": [ 0.0, 5.0, 5.0, 10.0 ] },
				"east": { "texture": "#acolytebody", "uv": [ 16.5, 5.0, 23.0, 10.0 ] },
				"south": { "texture": "#acolytebody", "uv": [ 11.5, 5.0, 16.5, 10.0 ] },
				"west": { "texture": "#acolytebody", "uv": [ 5.0, 5.5, 11.5, 10.5 ] },
				"up": { "texture": "#acolytebody", "uv": [ 5.0, 0.0, 11.5, 5.0 ], "rotation": 90 },
				"down": { "texture": "#acolytebody", "uv": [ 5.0, 10.0, 11.5, 15.0 ], "rotation": 90 }
			},
			"children": [
				{
					"name": "Chest2",
					"from": [ 0.0, 1.25, 0.01 ],
					"to": [ 1.0, 5.25, 6.74 ],
					"rotationOrigin": [ 0.0, 5.25, 0.0 ],
					"rotationZ": -11.25,
					"faces": {
						"north": { "texture": "#acolytebody", "uv": [ 5.0, 5.0, 6.0, 9.0 ] },
						"south": { "texture": "#acolytebody", "uv": [ 4.5, 5.0, 5.5, 9.0 ] },
						"west": { "texture": "#acolytebody", "uv": [ 5.0, 5.0, 11.5, 9.0 ] }
					},
					"children": [
						{
							"name": "Chest3",
							"from": [ 0.0, -1.5, 0.01 ],
							"to": [ 1.0, 0.0, 6.72 ],
							"rotationOrigin": [ 0.0, 0.0, 0.0 ],
							"rotationZ": 43.0,
							"faces": {
								"north": { "texture": "#acolytebody", "uv": [ 4.5, 9.0, 5.5, 10.5 ] },
								"south": { "texture": "#acolytebody", "uv": [ 11.5, 8.5, 12.5, 10.0 ] },
								"west": { "texture": "#acolytebody", "uv": [ 5.0, 9.0, 11.5, 10.5 ] }
							}
						}
					]
				}
			]
		},
		{
			"name": "ShoulderR",
			"stepParentName": "UpperArmR",
			"from": [ -0.1, -0.1, -0.1 ],
			"to": [ 3.1, 7.1, 2.4 ],
			"faces": {
				"north": { "texture": "#acolytebody", "uv": [ 25.5, 18.5, 28.5, 25.5 ] },
				"east": { "texture": "#acolytebody", "uv": [ 23.5, 18.5, 26.0, 25.5 ] },
				"south": { "texture": "#acolytebody", "uv": [ 30.5, 18.5, 33.5, 25.5 ] },
				"west": { "texture": "#acolytebody", "uv": [ 28.0, 18.5, 30.5, 25.5 ] },
				"up": { "texture": "#acolytebody", "uv": [ 25.5, 16.5, 28.5, 19.0 ] },
				"down": { "texture": "#acolytebody", "uv": [ 25.5, 25.0, 28.5, 27.5 ] }
			}
		},
		{
			"name": "GloveR",
			"stepParentName": "LowerArmR",
			"from": [ -0.1, -0.1, -0.1 ],
			"to": [ 2.9, 7.9, 2.4 ],
			"faces": {
				"north": { "texture": "#acolytebody", "uv": [ 45.0, 51.5, 48.0, 59.5 ] },
				"east": { "texture": "#acolytebody", "uv": [ 53.5, 51.5, 56.0, 59.5 ] },
				"south": { "texture": "#acolytebody", "uv": [ 50.5, 51.5, 53.5, 59.5 ] },
				"west": { "texture": "#acolytebody", "uv": [ 48.0, 51.5, 50.5, 59.5 ] },
				"up": { "texture": "#acolytebody", "uv": [ 50.5, 49.0, 53.5, 51.5 ] },
				"down": { "texture": "#acolytebody", "uv": [ 50.5, 59.5, 53.5, 62.0 ] }
			},
			"children": [
				{
					"name": "GauntletR1",
					"from": [ -0.1, 1.0, -0.1 ],
					"to": [ 3.1, 5.0, 0.9 ],
					"rotationOrigin": [ 0.0, 1.0, 0.0 ],
					"faces": {
						"north": { "texture": "#acolytebody", "uv": [ 58.5, 37.5, 61.5, 41.5 ] },
						"east": { "texture": "#acolytebody", "uv": [ 57.5, 37.5, 58.5, 41.5 ] },
						"south": { "texture": "#acolytebody", "uv": [ 58.5, 42.0, 61.5, 46.0 ] },
						"west": { "texture": "#acolytebody", "uv": [ 62.0, 37.5, 63.0, 41.5 ] },
						"up": { "texture": "#acolytebody", "uv": [ 58.5, 41.5, 61.5, 42.5 ] },
						"down": { "texture": "#acolytebody", "uv": [ 58.5, 45.5, 61.5, 46.5 ], "rotation": 180 }
					}
				},
				{
					"name": "GauntletR2",
					"from": [ -0.25, 5.0, -0.25 ],
					"to": [ 3.25, 8.0, 1.25 ],
					"rotationOrigin": [ 0.0, 5.0, 0.0 ],
					"faces": {
						"north": { "texture": "#acolytebody", "uv": [ 58.0, 34.0, 61.5, 37.0 ] },
						"east": { "texture": "#acolytebody", "uv": [ 56.5, 34.0, 58.0, 37.0 ] },
						"south": { "texture": "#acolytebody", "uv": [ 58.0, 30.5, 61.5, 33.5 ] },
						"west": { "texture": "#acolytebody", "uv": [ 62.0, 34.0, 63.5, 37.0 ] },
						"up": { "texture": "#acolytebody", "uv": [ 58.0, 30.0, 61.5, 31.5 ] },
						"down": { "texture": "#acolytebody", "uv": [ 58.0, 32.5, 61.5, 34.0 ], "rotation": 180 }
					}
				}
			]
		},
		{
			"name": "ShoulderL",
			"stepParentName": "UpperArmL",
			"from": [ -0.1, -0.1, -0.25 ],
			"to": [ 3.1, 7.1, 2.25 ],
			"faces": {
				"north": { "texture": "#acolytebody", "uv": [ 34.0, 18.5, 37.0, 25.5 ] },
				"east": { "texture": "#acolytebody", "uv": [ 41.5, 18.5, 44.0, 25.5 ] },
				"south": { "texture": "#acolytebody", "uv": [ 39.0, 18.5, 42.0, 25.5 ] },
				"west": { "texture": "#acolytebody", "uv": [ 37.0, 18.5, 39.5, 25.5 ] },
				"up": { "texture": "#acolytebody", "uv": [ 39.0, 16.5, 42.0, 19.0 ] },
				"down": { "texture": "#acolytebody", "uv": [ 39.0, 25.0, 42.0, 27.5 ] }
			}
		},
		{
			"name": "GloveL",
			"stepParentName": "LowerArmL",
			"from": [ -0.1, -0.1, -0.1 ],
			"to": [ 2.9, 7.9, 2.4 ],
			"faces": {
				"north": { "texture": "#acolytebody", "uv": [ 47.5, 34.0, 50.5, 42.0 ] },
				"east": { "texture": "#acolytebody", "uv": [ 45.0, 34.0, 47.5, 42.0 ] },
				"south": { "texture": "#acolytebody", "uv": [ 53.0, 34.0, 56.0, 42.0 ] },
				"west": { "texture": "#acolytebody", "uv": [ 50.5, 34.0, 53.0, 42.0 ] },
				"up": { "texture": "#acolytebody", "uv": [ 47.5, 31.5, 50.5, 34.0 ] },
				"down": { "texture": "#acolytebody", "uv": [ 47.5, 42.0, 50.5, 44.5 ] }
			},
			"children": [
				{
					"name": "GauntletL1",
					"from": [ -0.1, 1.0, 1.6 ],
					"to": [ 3.1, 5.0, 2.6 ],
					"rotationOrigin": [ 0.0, 1.0, 1.0 ],
					"faces": {
						"north": { "texture": "#acolytebody", "uv": [ 58.5, 42.0, 61.5, 46.0 ] },
						"east": { "texture": "#acolytebody", "uv": [ 62.0, 37.5, 63.0, 41.5 ] },
						"south": { "texture": "#acolytebody", "uv": [ 58.5, 37.5, 61.5, 41.5 ] },
						"west": { "texture": "#acolytebody", "uv": [ 57.5, 37.5, 58.5, 41.5 ] },
						"up": { "texture": "#acolytebody", "uv": [ 58.5, 45.5, 61.5, 46.5 ] },
						"down": { "texture": "#acolytebody", "uv": [ 58.5, 41.5, 61.5, 42.5 ], "rotation": 180 }
					}
				},
				{
					"name": "GauntletL2",
					"from": [ -0.25, 5.0, 1.25 ],
					"to": [ 3.25, 8.0, 2.75 ],
					"rotationOrigin": [ 0.0, 5.0, 1.0 ],
					"faces": {
						"north": { "texture": "#acolytebody", "uv": [ 58.0, 30.5, 61.5, 33.5 ] },
						"east": { "texture": "#acolytebody", "uv": [ 62.0, 34.0, 63.5, 37.0 ] },
						"south": { "texture": "#acolytebody", "uv": [ 58.0, 34.0, 61.5, 37.0 ], "rotation": 180 },
						"west": { "texture": "#acolytebody", "uv": [ 56.5, 34.0, 58.0, 37.0 ] },
						"up": { "texture": "#acolytebody", "uv": [ 58.0, 30.0, 61.5, 31.5 ], "rotation": 180 },
						"down": { "texture": "#acolytebody", "uv": [ 58.0, 32.5, 61.5, 34.0 ] }
					}
				}
			]
		},
		{
			"name": "Collar",
			"stepParentName": "Neck",
			"from": [ -0.25, 1.0, -0.25 ],
			"to": [ 3.25, 2.5, 3.25 ],
			"faces": {
				"north": { "texture": "#acolytebody", "uv": [ 12.0, 0.0, 15.5, 1.5 ] },
				"east": { "texture": "#acolytebody", "uv": [ 15.5, 0.0, 19.0, 1.5 ] },
				"south": { "texture": "#acolytebody", "uv": [ 19.0, 0.0, 22.5, 1.5 ] },
				"west": { "texture": "#acolytebody", "uv": [ 22.5, 0.0, 26.0, 1.5 ] }
			}
		},
		{
			"name": "SashL",
			"stepParentName": "UpperFootL",
			"from": [ -0.5, 0.75, 1.5 ],
			"to": [ 4.5, 7.75, 3.5 ],
			"rotationOrigin": [ -1.0, 1.0, 2.0 ],
			"faces": {
				"east": { "texture": "#acolytebody", "uv": [ 8.0, 32.5, 10.0, 39.5 ] },
				"south": { "texture": "#acolytebody", "uv": [ 3.0, 32.5, 8.0, 39.5 ], "windMode": [-1,-1,-1,-1], "windData": [0,0,1,1] },
				"west": { "texture": "#acolytebody", "uv": [ 1.0, 32.5, 3.0, 39.5 ] },
				"up": { "texture": "#acolytebody", "uv": [ 3.0, 32.0, 8.0, 34.0 ], "windMode": [-1,-1,-1,-1], "windData": [1,1,1,1] }
			}
		},
		{
			"name": "SashR",
			"stepParentName": "UpperFootR",
			"from": [ -0.5, 0.75, -0.25 ],
			"to": [ 4.5, 7.75, 1.75 ],
			"rotationOrigin": [ -1.0, 0.0, 0.0 ],
			"faces": {
				"north": { "texture": "#acolytebody", "uv": [ 2.5, 32.5, 7.5, 39.5 ] },
				"east": { "texture": "#acolytebody", "uv": [ 0.5, 32.5, 2.5, 39.5 ] },
				"west": { "texture": "#acolytebody", "uv": [ 7.5, 32.5, 9.5, 39.5 ] },
				"up": { "texture": "#acolytebody", "uv": [ 2.5, 32.0, 7.5, 34.0 ], "rotation": 180, "windMode": [-1,-1,-1,-1], "windData": [1,1,1,1] }
			}
		}
	]}
