{
	"editor": {
		"allAngles": false,
		"entityTextureMode": false
	},
	"textureWidth": 64,
	"textureHeight": 64,
	"textureSizes": {
		"acolyte": [64,64]
	},
	"textures": {
		"acolytehead": "acolyte",
		"seraph": "transparent"
	},
	"elements": [
		{
			"name": "HoodChest",
			"stepParentName": "UpperTorso",
			"from": [ -0.25, 2.25, -0.375 ],
			"to": [ 5.25, 5.25, 6.625 ],
			"rotationOrigin": [ 0.0, 2.0, 0.0 ],
			"faces": {
				"north": { "texture": "#acolytehead", "uv": [ 27.0, 5.0, 32.5, 8.0 ] },
				"east": { "texture": "#acolytehead", "uv": [ 44.0, 5.0, 51.0, 8.0 ] },
				"south": { "texture": "#acolytehead", "uv": [ 38.5, 5.0, 44.0, 8.0 ] },
				"up": { "texture": "#acolytehead", "uv": [ 32.0, 0.0, 39.0, 5.5 ], "rotation": 90 }
			},
			"children": [
				{
					"name": "Capelet1",
					"from": [ 5.25, -5.0, 0.0 ],
					"to": [ 5.5, 0.5, 7.0 ],
					"rotationOrigin": [ 5.5, 0.5, 0.0 ],
					"rotationZ": 11.25,
					"faces": {
						"north": { "texture": "#acolytehead", "uv": [ 50.5, 8.0, 51.0, 13.5 ] },
						"east": { "texture": "#acolytehead", "uv": [ 44.0, 8.0, 51.0, 13.5 ] },
						"south": { "texture": "#acolytehead", "uv": [ 44.0, 8.0, 44.5, 13.5 ] },
						"west": { "texture": "#acolytehead", "uv": [ 44.0, 7.5, 51.0, 13.0 ] },
						"down": { "texture": "#acolytehead", "uv": [ 44.0, 13.0, 51.0, 13.5 ], "rotation": 90 }
					},
					"children": [
						{
							"name": "Capelet2",
							"from": [ 0.0, -0.5, 0.0 ],
							"to": [ 0.25, 0.0, 0.5 ],
							"faces": {
								"north": { "texture": "#acolytehead", "uv": [ 50.5, 13.5, 51.0, 14.0 ] },
								"east": { "texture": "#acolytehead", "uv": [ 50.5, 13.5, 51.0, 14.0 ] },
								"south": { "texture": "#acolytehead", "uv": [ 50.5, 13.5, 51.0, 14.0 ] },
								"west": { "texture": "#acolytehead", "uv": [ 50.5, 13.5, 51.0, 14.0 ] },
								"down": { "texture": "#acolytehead", "uv": [ 50.5, 13.5, 51.0, 14.0 ] }
							}
						},
						{
							"name": "Capelet3",
							"from": [ 0.0, -0.5, 1.0 ],
							"to": [ 0.25, 0.0, 1.5 ],
							"rotationOrigin": [ 0.0, 0.0, 1.0 ],
							"faces": {
								"north": { "texture": "#acolytehead", "uv": [ 49.5, 13.5, 50.0, 14.0 ] },
								"east": { "texture": "#acolytehead", "uv": [ 49.5, 13.5, 50.0, 14.0 ] },
								"south": { "texture": "#acolytehead", "uv": [ 49.5, 13.5, 50.0, 14.0 ] },
								"west": { "texture": "#acolytehead", "uv": [ 49.5, 13.5, 50.0, 14.0 ] },
								"down": { "texture": "#acolytehead", "uv": [ 49.5, 13.5, 50.0, 14.0 ] }
							}
						},
						{
							"name": "Capelet4",
							"from": [ 0.0, -0.5, 2.0 ],
							"to": [ 0.25, 0.0, 2.5 ],
							"rotationOrigin": [ 0.0, 0.0, 2.0 ],
							"faces": {
								"north": { "texture": "#acolytehead", "uv": [ 48.5, 13.5, 49.0, 14.0 ] },
								"east": { "texture": "#acolytehead", "uv": [ 48.5, 13.5, 49.0, 14.0 ] },
								"south": { "texture": "#acolytehead", "uv": [ 48.5, 13.5, 49.0, 14.0 ] },
								"west": { "texture": "#acolytehead", "uv": [ 48.5, 13.5, 49.0, 14.0 ] },
								"down": { "texture": "#acolytehead", "uv": [ 48.5, 13.5, 49.0, 14.0 ] }
							}
						},
						{
							"name": "Capelet5",
							"from": [ 0.0, -0.5, 3.0 ],
							"to": [ 0.25, 0.0, 4.0 ],
							"rotationOrigin": [ 0.0, 0.0, 3.0 ],
							"faces": {
								"north": { "texture": "#acolytehead", "uv": [ 47.0, 13.5, 47.5, 14.0 ] },
								"east": { "texture": "#acolytehead", "uv": [ 47.0, 13.5, 48.0, 14.0 ] },
								"south": { "texture": "#acolytehead", "uv": [ 47.5, 13.5, 48.0, 14.0 ] },
								"west": { "texture": "#acolytehead", "uv": [ 47.0, 13.5, 48.0, 14.0 ] },
								"down": { "texture": "#acolytehead", "uv": [ 47.0, 13.5, 48.0, 14.0 ], "rotation": 90 }
							}
						},
						{
							"name": "Capelet6",
							"from": [ 0.0, -0.5, 4.5 ],
							"to": [ 0.25, 0.0, 5.0 ],
							"rotationOrigin": [ 0.0, 0.0, 4.5 ],
							"faces": {
								"north": { "texture": "#acolytehead", "uv": [ 46.0, 13.5, 46.5, 14.0 ] },
								"east": { "texture": "#acolytehead", "uv": [ 46.0, 13.5, 46.5, 14.0 ] },
								"south": { "texture": "#acolytehead", "uv": [ 46.0, 13.5, 46.5, 14.0 ] },
								"west": { "texture": "#acolytehead", "uv": [ 46.0, 13.5, 46.5, 14.0 ] },
								"down": { "texture": "#acolytehead", "uv": [ 46.0, 13.5, 46.5, 14.0 ] }
							}
						},
						{
							"name": "Capelet7",
							"from": [ 0.0, -0.5, 5.5 ],
							"to": [ 0.25, 0.0, 6.0 ],
							"rotationOrigin": [ 0.0, 0.0, 5.5 ],
							"faces": {
								"north": { "texture": "#acolytehead", "uv": [ 45.0, 13.5, 45.5, 14.0 ] },
								"east": { "texture": "#acolytehead", "uv": [ 45.0, 13.5, 45.5, 14.0 ] },
								"south": { "texture": "#acolytehead", "uv": [ 45.0, 13.5, 45.5, 14.0 ] },
								"west": { "texture": "#acolytehead", "uv": [ 45.0, 13.5, 45.5, 14.0 ] },
								"down": { "texture": "#acolytehead", "uv": [ 45.0, 13.5, 45.5, 14.0 ] }
							}
						},
						{
							"name": "Capelet8",
							"from": [ 0.0, -0.5, 6.5 ],
							"to": [ 0.25, 0.0, 7.0 ],
							"rotationOrigin": [ 0.0, 0.0, 6.5 ],
							"faces": {
								"north": { "texture": "#acolytehead", "uv": [ 44.0, 13.5, 44.5, 14.0 ] },
								"east": { "texture": "#acolytehead", "uv": [ 44.0, 13.5, 44.5, 14.0 ] },
								"south": { "texture": "#acolytehead", "uv": [ 44.0, 13.5, 44.5, 14.0 ] },
								"west": { "texture": "#acolytehead", "uv": [ 44.0, 13.5, 44.5, 14.0 ] },
								"down": { "texture": "#acolytehead", "uv": [ 44.0, 13.5, 44.5, 14.0 ] }
							}
						}
					]
				},
				{
					"name": "HoodChest2",
					"from": [ 0.0, 0.0, -0.01 ],
					"to": [ 1.0, 3.0, 7.01 ],
					"rotationOrigin": [ 0.0, 3.0, 0.0 ],
					"rotationZ": -11.25,
					"faces": {
						"north": { "texture": "#acolytehead", "uv": [ 26.5, 5.0, 27.5, 8.0 ] },
						"south": { "texture": "#acolytehead", "uv": [ 26.5, 3.5, 27.5, 6.5 ], "rotation": 180 },
						"west": { "texture": "#acolytehead", "uv": [ 32.0, 5.0, 39.0, 8.0 ] }
					},
					"children": [
						{
							"name": "Pin",
							"from": [ -0.25, 1.0, 5.0 ],
							"to": [ 0.0, 2.0, 6.0 ],
							"rotationOrigin": [ 0.0, 1.5, 5.5 ],
							"rotationX": -22.5,
							"faces": {
								"north": { "texture": "#acolytehead", "uv": [ 39.5, 3.0, 40.0, 4.0 ] },
								"south": { "texture": "#acolytehead", "uv": [ 41.0, 3.0, 41.5, 4.0 ] },
								"west": { "texture": "#acolytehead", "uv": [ 40.0, 3.0, 41.0, 4.0 ] },
								"up": { "texture": "#acolytehead", "uv": [ 40.0, 2.5, 41.0, 3.0 ], "rotation": 90 },
								"down": { "texture": "#acolytehead", "uv": [ 40.0, 4.0, 41.0, 4.5 ], "rotation": 90 }
							}
						}
					]
				}
			]
		},
		{
			"name": "Cowl",
			"stepParentName": "Head",
			"from": [ -0.3, -1.75, -0.1 ],
			"to": [ 5.4, 2.45, 5.1 ],
			"rotationOrigin": [ 0.0, -1.0, 0.0 ],
			"faces": {
				"north": { "texture": "#acolytehead", "uv": [ 27.5, 9.0, 33.0, 13.0 ] },
				"south": { "texture": "#acolytehead", "uv": [ 38.0, 9.0, 43.5, 13.0 ] },
				"west": { "texture": "#acolytehead", "uv": [ 33.0, 9.0, 38.0, 13.0 ], "windMode": [-1,-1,-1,-1], "windData": [1,1,1,1] }
			},
			"children": [
				{
					"name": "HoodMain",
					"from": [ -0.3, 0.5, -0.375 ],
					"to": [ 6.2, 7.0, 5.625 ],
					"rotationOrigin": [ -0.5, 0.0, -0.5 ],
					"faces": {
						"north": { "texture": "#acolytehead", "uv": [ 45.0, 14.0, 51.5, 20.5 ], "rotation": 270 },
						"east": { "texture": "#acolytehead", "uv": [ 51.5, 7.5, 57.5, 14.0 ], "rotation": 180 },
						"south": { "texture": "#acolytehead", "uv": [ 57.5, 14.0, 64.0, 20.5 ], "rotation": 90 },
						"up": { "texture": "#acolytehead", "uv": [ 51.5, 14.0, 57.5, 20.5 ], "rotation": 90 }
					},
					"children": [
						{
							"name": "HoodPuffR",
							"from": [ -0.01, 0.0, 0.0 ],
							"to": [ 6.49, 1.0, 1.0 ],
							"rotationOrigin": [ 0.0, 0.0, 0.0 ],
							"rotationX": -45.0,
							"faces": {
								"north": { "texture": "#acolytehead", "uv": [ 45.0, 14.0, 46.0, 20.5 ], "rotation": 270 },
								"east": { "texture": "#acolytehead", "uv": [ 45.5, 14.0, 46.5, 15.0 ], "rotation": 270 },
								"west": { "texture": "#acolytehead", "uv": [ 45.0, 19.5, 46.0, 20.5 ] },
								"up": { "texture": "#acolytehead", "uv": [ 45.5, 14.0, 46.5, 20.5 ], "rotation": 90 }
							}
						},
						{
							"name": "HoodPuffL",
							"from": [ -0.01, 0.0, 6.0 ],
							"to": [ 6.49, 1.0, 7.0 ],
							"rotationOrigin": [ 0.0, 0.0, 6.0 ],
							"rotationX": -45.0,
							"faces": {
								"east": { "texture": "#acolytehead", "uv": [ 62.5, 14.0, 63.5, 15.0 ] },
								"south": { "texture": "#acolytehead", "uv": [ 62.5, 14.0, 63.5, 20.5 ], "rotation": 90 },
								"west": { "texture": "#acolytehead", "uv": [ 63.0, 19.5, 64.0, 20.5 ] },
								"down": { "texture": "#acolytehead", "uv": [ 63.0, 14.0, 64.0, 20.5 ], "rotation": 270 }
							}
						},
						{
							"name": "HoodFront",
							"from": [ -2.0, 0.5, 0.01 ],
							"to": [ 0.0, 6.5, 5.99 ],
							"rotationOrigin": [ 0.0, 6.5, 0.0 ],
							"rotationZ": 18.4,
							"faces": {
								"north": { "texture": "#acolytehead", "uv": [ 46.0, 20.5, 51.5, 22.5 ], "rotation": 270, "autoUv": false },
								"south": { "texture": "#acolytehead", "uv": [ 57.5, 20.5, 63.0, 22.5 ], "rotation": 90, "autoUv": false },
								"west": { "texture": "#acolytehead", "uv": [ 51.5, 22.5, 57.5, 29.0 ], "autoUv": false },
								"up": { "texture": "#acolytehead", "uv": [ 51.5, 20.5, 57.5, 22.5 ], "rotation": 90, "autoUv": false }
							}
						}
					]
				}
			]
		}
	]}
