{
	"editor": {
		"allAngles": false,
		"entityTextureMode": false
	},
	"textureWidth": 64,
	"textureHeight": 64,
	"textureSizes": {
		"acolyte": [64,64]
	},
	"textures": {
		"acolytelegs": "acolyte",
		"seraph": "transparent"
	},
	"elements": [
		{
			"name": "BootR",
			"stepParentName": "LowerFootR",
			"from": [ -0.25, -0.15, -0.25 ],
			"to": [ 4.25, 7.85, 3.25 ],
			"faces": {
				"north": { "texture": "#acolytelegs", "uv": [ 23.5, 50.5, 28.0, 58.5 ] },
				"east": { "texture": "#acolytelegs", "uv": [ 12.0, 50.5, 15.5, 58.5 ] },
				"south": { "texture": "#acolytelegs", "uv": [ 15.5, 50.5, 20.0, 58.5 ] },
				"west": { "texture": "#acolytelegs", "uv": [ 20.0, 50.5, 23.5, 58.5 ] },
				"up": { "texture": "#acolytelegs", "uv": [ 15.5, 47.0, 20.0, 50.5 ] },
				"down": { "texture": "#acolytelegs", "uv": [ 15.5, 58.5, 20.0, 62.0 ] }
			},
			"children": [
				{
					"name": "KneeR",
					"from": [ 0.1, 8.0, 0.1 ],
					"to": [ 4.3, 10.5, 3.3 ],
					"rotationOrigin": [ 0.0, 8.0, 0.0 ],
					"faces": {
						"north": { "texture": "#acolytelegs", "uv": [ 15.5, 40.0, 19.5, 42.5 ] },
						"east": { "texture": "#acolytelegs", "uv": [ 12.5, 40.0, 15.5, 42.5 ] },
						"south": { "texture": "#acolytelegs", "uv": [ 24.0, 40.0, 28.0, 42.5 ] },
						"west": { "texture": "#acolytelegs", "uv": [ 20.5, 40.0, 23.5, 42.5 ] },
						"up": { "texture": "#acolytelegs", "uv": [ 20.5, 43.0, 24.5, 46.0 ] }
					}
				},
				{
					"name": "KneeGuardR",
					"from": [ -0.4, 7.0, 0.5 ],
					"to": [ 0.1, 9.5, 3.0 ],
					"rotationOrigin": [ 0.0, 8.25, 1.75 ],
					"faces": {
						"north": { "texture": "#acolytelegs", "uv": [ 20.5, 28.0, 21.0, 30.5 ] },
						"east": { "texture": "#acolytelegs", "uv": [ 24.0, 28.0, 26.5, 30.5 ] },
						"south": { "texture": "#acolytelegs", "uv": [ 23.5, 28.0, 24.0, 30.5 ] },
						"west": { "texture": "#acolytelegs", "uv": [ 21.0, 28.0, 23.5, 30.5 ] },
						"up": { "texture": "#acolytelegs", "uv": [ 21.0, 27.5, 23.5, 28.0 ], "rotation": 90 },
						"down": { "texture": "#acolytelegs", "uv": [ 21.0, 30.5, 23.5, 31.0 ], "rotation": 90 }
					}
				},
				{
					"name": "GreaveR1",
					"from": [ -0.1, 2.0, -0.1 ],
					"to": [ 1.9, 5.0, 3.6 ],
					"rotationOrigin": [ 0.0, 2.0, 0.0 ],
					"faces": {
						"north": { "texture": "#acolytelegs", "uv": [ 2.0, 45.5, 4.0, 48.5 ] },
						"east": { "texture": "#acolytelegs", "uv": [ 4.0, 53.5, 7.5, 56.5 ] },
						"south": { "texture": "#acolytelegs", "uv": [ 7.5, 45.5, 9.5, 48.5 ] },
						"west": { "texture": "#acolytelegs", "uv": [ 4.0, 45.5, 7.5, 48.5 ] },
						"down": { "texture": "#acolytelegs", "uv": [ 4.0, 48.5, 7.5, 50.5 ], "rotation": 90 }
					},
					"children": [
						{
							"name": "GreaveR2",
							"from": [ 0.0, 3.0, 0.0 ],
							"to": [ 2.5, 5.5, 3.7 ],
							"rotationOrigin": [ 0.0, 3.0, 0.0 ],
							"faces": {
								"north": { "texture": "#acolytelegs", "uv": [ 1.5, 43.0, 4.0, 45.5 ] },
								"east": { "texture": "#acolytelegs", "uv": [ 4.0, 51.0, 7.5, 53.5 ] },
								"south": { "texture": "#acolytelegs", "uv": [ 7.5, 43.0, 10.0, 45.5 ] },
								"west": { "texture": "#acolytelegs", "uv": [ 4.0, 43.0, 7.5, 45.5 ] },
								"up": { "texture": "#acolytelegs", "uv": [ 4.0, 40.5, 7.5, 43.0 ], "rotation": 90 },
								"down": { "texture": "#acolytelegs", "uv": [ 4.0, 51.0, 7.5, 53.5 ], "rotation": 90 }
							}
						}
					]
				},
				{
					"name": "Spur1",
					"from": [ 2.5, 0.5, -0.25 ],
					"to": [ 4.0, 2.0, 0.0 ],
					"rotationOrigin": [ 3.25, 1.25, 0.0 ],
					"rotationZ": 22.5,
					"faces": {
						"north": { "texture": "#acolytelegs", "uv": [ 60.0, 0.5, 61.5, 2.0 ] },
						"east": { "texture": "#acolytelegs", "uv": [ 59.5, 0.5, 60.0, 2.0 ] },
						"south": { "texture": "#acolytelegs", "uv": [ 60.0, 0.5, 61.5, 2.0 ] },
						"west": { "texture": "#acolytelegs", "uv": [ 61.5, 0.5, 62.0, 2.0 ] },
						"up": { "texture": "#acolytelegs", "uv": [ 60.0, 0.0, 61.5, 0.5 ] },
						"down": { "texture": "#acolytelegs", "uv": [ 60.0, 2.0, 61.5, 2.5 ] }
					},
					"children": [
						{
							"name": "Spur2",
							"from": [ 0.0, 0.0, 3.75 ],
							"to": [ 1.5, 1.5, 4.0 ],
							"rotationOrigin": [ 0.75, 0.75, 3.75 ],
							"faces": {
								"north": { "texture": "#acolytelegs", "uv": [ 60.0, 0.5, 61.5, 2.0 ] },
								"east": { "texture": "#acolytelegs", "uv": [ 59.5, 0.5, 60.0, 2.0 ] },
								"south": { "texture": "#acolytelegs", "uv": [ 60.0, 0.5, 61.5, 2.0 ] },
								"west": { "texture": "#acolytelegs", "uv": [ 61.5, 0.5, 62.0, 2.0 ] },
								"up": { "texture": "#acolytelegs", "uv": [ 60.0, 0.0, 61.5, 0.5 ] },
								"down": { "texture": "#acolytelegs", "uv": [ 60.0, 2.0, 61.5, 2.5 ] }
							}
						},
						{
							"name": "Spur3",
							"from": [ 1.5, 0.5, 0.0 ],
							"to": [ 2.5, 1.0, 4.0 ],
							"rotationOrigin": [ 2.0, 0.0, 0.0 ],
							"faces": {
								"north": { "texture": "#acolytelegs", "uv": [ 56.5, 4.5, 57.5, 5.0 ] },
								"east": { "texture": "#acolytelegs", "uv": [ 57.5, 4.5, 61.5, 5.0 ] },
								"south": { "texture": "#acolytelegs", "uv": [ 61.5, 4.5, 62.5, 5.0 ] },
								"up": { "texture": "#acolytelegs", "uv": [ 57.5, 3.5, 61.5, 4.5 ], "rotation": 270 },
								"down": { "texture": "#acolytelegs", "uv": [ 57.5, 5.0, 61.5, 6.0 ], "rotation": 270 }
							}
						},
						{
							"name": "Spur4",
							"from": [ 2.5, 0.5, 1.75 ],
							"to": [ 4.0, 1.0, 2.25 ],
							"rotationOrigin": [ 2.0, 0.5, 2.0 ],
							"faces": {
								"north": { "texture": "#acolytelegs", "uv": [ 57.5, 0.5, 58.0, 2.0 ], "rotation": 90 },
								"east": { "texture": "#acolytelegs", "uv": [ 58.0, 0.5, 58.5, 1.0 ], "rotation": 90 },
								"south": { "texture": "#acolytelegs", "uv": [ 58.5, 0.5, 59.0, 2.0 ], "rotation": 90 },
								"up": { "texture": "#acolytelegs", "uv": [ 58.0, 0.5, 58.5, 2.0 ], "rotation": 90 },
								"down": { "texture": "#acolytelegs", "uv": [ 59.0, 0.5, 59.5, 2.0 ], "rotation": 90 }
							},
							"children": [
								{
									"name": "Spur5",
									"from": [ 0.75, -0.25, 0.2 ],
									"to": [ 1.75, 0.75, 0.3 ],
									"rotationOrigin": [ 1.25, 0.25, 0.0 ],
									"rotationZ": -45.0,
									"faces": {
										"north": { "texture": "#acolytelegs", "uv": [ 56.0, 1.0, 57.0, 2.0 ], "rotation": 270 },
										"east": { "texture": "#acolytelegs", "uv": [ 56.5, 1.0, 57.0, 2.0 ], "windMode": [-1,-1,-1,-1] },
										"south": { "texture": "#acolytelegs", "uv": [ 56.0, 1.0, 57.0, 2.0 ] },
										"west": { "texture": "#acolytelegs", "uv": [ 56.0, 1.0, 56.5, 2.0 ], "windMode": [-1,-1,-1,-1] },
										"up": { "texture": "#acolytelegs", "uv": [ 56.0, 1.0, 57.0, 1.5 ], "windMode": [-1,-1,-1,-1] },
										"down": { "texture": "#acolytelegs", "uv": [ 56.0, 1.0, 56.5, 2.0 ], "rotation": 270, "windMode": [-1,-1,-1,-1] }
									}
								}
							]
						}
					]
				}
			]
		},
		{
			"name": "ThighR",
			"stepParentName": "UpperFootR",
			"from": [ -0.25, -0.2, -0.1 ],
			"to": [ 4.25, 9.05, 3.4 ],
			"faces": {
				"north": { "texture": "#acolytelegs", "uv": [ 15.5, 31.5, 20.0, 40.5 ] },
				"east": { "texture": "#acolytelegs", "uv": [ 12.0, 31.5, 15.5, 40.5 ] },
				"south": { "texture": "#acolytelegs", "uv": [ 23.5, 31.5, 28.0, 40.5 ] },
				"west": { "texture": "#acolytelegs", "uv": [ 20.0, 31.5, 23.5, 40.5 ] },
				"up": { "texture": "#acolytelegs", "uv": [ 15.5, 28.0, 20.0, 31.5 ] },
				"down": { "texture": "#acolytelegs", "uv": [ 15.5, 41.5, 20.0, 45.0 ] }
			}
		},
		{
			"name": "BootL",
			"stepParentName": "LowerFootL",
			"from": [ -0.25, -0.15, -0.25 ],
			"to": [ 4.25, 7.85, 3.25 ],
			"faces": {
				"north": { "texture": "#acolytelegs", "uv": [ 36.5, 50.5, 41.0, 58.5 ] },
				"east": { "texture": "#acolytelegs", "uv": [ 33.0, 50.5, 36.5, 58.5 ] },
				"south": { "texture": "#acolytelegs", "uv": [ 28.5, 50.5, 33.0, 58.5 ] },
				"west": { "texture": "#acolytelegs", "uv": [ 41.0, 50.5, 44.5, 58.5 ] },
				"up": { "texture": "#acolytelegs", "uv": [ 36.5, 47.0, 41.0, 50.5 ] },
				"down": { "texture": "#acolytelegs", "uv": [ 36.5, 58.5, 41.0, 62.0 ] }
			},
			"children": [
				{
					"name": "KneeL",
					"from": [ 0.1, 8.0, 0.1 ],
					"to": [ 4.3, 10.5, 3.3 ],
					"rotationOrigin": [ 0.0, 8.0, 0.0 ],
					"faces": {
						"north": { "texture": "#acolytelegs", "uv": [ 32.5, 40.0, 36.5, 42.5 ] },
						"east": { "texture": "#acolytelegs", "uv": [ 28.5, 40.0, 31.5, 42.5 ] },
						"south": { "texture": "#acolytelegs", "uv": [ 40.5, 40.0, 44.5, 42.5 ] },
						"west": { "texture": "#acolytelegs", "uv": [ 36.5, 40.0, 39.5, 42.5 ] },
						"up": { "texture": "#acolytelegs", "uv": [ 20.5, 43.0, 24.5, 46.0 ] }
					}
				},
				{
					"name": "KneeGuardL",
					"from": [ -0.4, 7.0, 0.5 ],
					"to": [ 0.1, 9.5, 3.0 ],
					"rotationOrigin": [ 0.0, 8.25, 1.75 ],
					"faces": {
						"north": { "texture": "#acolytelegs", "uv": [ 20.5, 28.0, 21.0, 30.5 ] },
						"east": { "texture": "#acolytelegs", "uv": [ 24.0, 28.0, 26.5, 30.5 ] },
						"south": { "texture": "#acolytelegs", "uv": [ 23.5, 28.0, 24.0, 30.5 ] },
						"west": { "texture": "#acolytelegs", "uv": [ 21.0, 28.0, 23.5, 30.5 ], "rotation": 180 },
						"up": { "texture": "#acolytelegs", "uv": [ 21.0, 27.5, 23.5, 28.0 ], "rotation": 90 },
						"down": { "texture": "#acolytelegs", "uv": [ 21.0, 30.5, 23.5, 31.0 ], "rotation": 90 }
					}
				},
				{
					"name": "GreaveL1",
					"from": [ -0.1, 2.0, -0.1 ],
					"to": [ 1.9, 5.0, 3.6 ],
					"rotationOrigin": [ 0.0, 2.0, 0.0 ],
					"faces": {
						"north": { "texture": "#acolytelegs", "uv": [ 2.0, 45.5, 4.0, 48.5 ] },
						"east": { "texture": "#acolytelegs", "uv": [ 4.0, 53.5, 7.5, 56.5 ] },
						"south": { "texture": "#acolytelegs", "uv": [ 7.5, 45.5, 9.5, 48.5 ] },
						"west": { "texture": "#acolytelegs", "uv": [ 4.0, 59.5, 7.5, 62.5 ] },
						"down": { "texture": "#acolytelegs", "uv": [ 4.0, 48.5, 7.5, 50.5 ], "rotation": 90 }
					},
					"children": [
						{
							"name": "GreaveL2",
							"from": [ 0.0, 3.0, 0.0 ],
							"to": [ 2.5, 5.5, 3.7 ],
							"rotationOrigin": [ 0.0, 3.0, 0.0 ],
							"faces": {
								"north": { "texture": "#acolytelegs", "uv": [ 1.5, 43.0, 4.0, 45.5 ] },
								"east": { "texture": "#acolytelegs", "uv": [ 4.0, 51.0, 7.5, 53.5 ] },
								"south": { "texture": "#acolytelegs", "uv": [ 7.5, 43.0, 10.0, 45.5 ] },
								"west": { "texture": "#acolytelegs", "uv": [ 4.0, 57.0, 7.5, 59.5 ] },
								"up": { "texture": "#acolytelegs", "uv": [ 4.0, 40.5, 7.5, 43.0 ], "rotation": 90 },
								"down": { "texture": "#acolytelegs", "uv": [ 4.0, 48.0, 7.5, 50.5 ], "rotation": 90 }
							}
						}
					]
				},
				{
					"name": "Spur6",
					"from": [ 2.5, 0.5, -0.25 ],
					"to": [ 4.0, 2.0, 0.0 ],
					"rotationOrigin": [ 3.25, 1.25, 0.0 ],
					"rotationZ": 22.5,
					"faces": {
						"north": { "texture": "#acolytelegs", "uv": [ 60.0, 0.5, 61.5, 2.0 ] },
						"east": { "texture": "#acolytelegs", "uv": [ 59.5, 0.5, 60.0, 2.0 ] },
						"south": { "texture": "#acolytelegs", "uv": [ 60.0, 0.5, 61.5, 2.0 ] },
						"west": { "texture": "#acolytelegs", "uv": [ 61.5, 0.5, 62.0, 2.0 ] },
						"up": { "texture": "#acolytelegs", "uv": [ 60.0, 0.0, 61.5, 0.5 ] },
						"down": { "texture": "#acolytelegs", "uv": [ 60.0, 2.0, 61.5, 2.5 ] }
					},
					"children": [
						{
							"name": "Spur7",
							"from": [ 0.0, 0.0, 3.75 ],
							"to": [ 1.5, 1.5, 4.0 ],
							"rotationOrigin": [ 0.75, 0.75, 3.75 ],
							"faces": {
								"north": { "texture": "#acolytelegs", "uv": [ 60.0, 0.5, 61.5, 2.0 ] },
								"east": { "texture": "#acolytelegs", "uv": [ 59.5, 0.5, 60.0, 2.0 ] },
								"south": { "texture": "#acolytelegs", "uv": [ 60.0, 0.5, 61.5, 2.0 ] },
								"west": { "texture": "#acolytelegs", "uv": [ 61.5, 0.5, 62.0, 2.0 ] },
								"up": { "texture": "#acolytelegs", "uv": [ 60.0, 0.0, 61.5, 0.5 ] },
								"down": { "texture": "#acolytelegs", "uv": [ 60.0, 2.0, 61.5, 2.5 ] }
							}
						},
						{
							"name": "Spur8",
							"from": [ 1.5, 0.5, 0.0 ],
							"to": [ 2.5, 1.0, 4.0 ],
							"rotationOrigin": [ 2.0, 0.0, 0.0 ],
							"faces": {
								"north": { "texture": "#acolytelegs", "uv": [ 56.5, 4.5, 57.5, 5.0 ] },
								"east": { "texture": "#acolytelegs", "uv": [ 57.5, 4.5, 61.5, 5.0 ] },
								"south": { "texture": "#acolytelegs", "uv": [ 61.5, 4.5, 62.5, 5.0 ] },
								"up": { "texture": "#acolytelegs", "uv": [ 57.5, 3.5, 61.5, 4.5 ], "rotation": 270 },
								"down": { "texture": "#acolytelegs", "uv": [ 57.5, 5.0, 61.5, 6.0 ], "rotation": 270 }
							}
						},
						{
							"name": "Spur9",
							"from": [ 2.5, 0.5, 1.75 ],
							"to": [ 4.0, 1.0, 2.25 ],
							"rotationOrigin": [ 2.0, 0.5, 2.0 ],
							"faces": {
								"north": { "texture": "#acolytelegs", "uv": [ 57.5, 0.5, 58.0, 2.0 ], "rotation": 90 },
								"east": { "texture": "#acolytelegs", "uv": [ 58.0, 0.5, 58.5, 1.0 ], "rotation": 90 },
								"south": { "texture": "#acolytelegs", "uv": [ 58.5, 0.5, 59.0, 2.0 ], "rotation": 90 },
								"up": { "texture": "#acolytelegs", "uv": [ 58.0, 0.5, 58.5, 2.0 ], "rotation": 90 },
								"down": { "texture": "#acolytelegs", "uv": [ 59.0, 0.5, 59.5, 2.0 ], "rotation": 90 }
							},
							"children": [
								{
									"name": "Spur10",
									"from": [ 0.75, -0.25, 0.2 ],
									"to": [ 1.75, 0.75, 0.3 ],
									"rotationOrigin": [ 1.25, 0.25, 0.0 ],
									"rotationZ": -45.0,
									"faces": {
										"north": { "texture": "#acolytelegs", "uv": [ 56.0, 1.0, 57.0, 2.0 ], "rotation": 270 },
										"east": { "texture": "#acolytelegs", "uv": [ 56.5, 1.0, 57.0, 2.0 ], "windMode": [-1,-1,-1,-1] },
										"south": { "texture": "#acolytelegs", "uv": [ 56.0, 1.0, 57.0, 2.0 ] },
										"west": { "texture": "#acolytelegs", "uv": [ 56.0, 1.0, 56.5, 2.0 ], "windMode": [-1,-1,-1,-1] },
										"up": { "texture": "#acolytelegs", "uv": [ 56.0, 1.0, 57.0, 1.5 ], "windMode": [-1,-1,-1,-1] },
										"down": { "texture": "#acolytelegs", "uv": [ 56.0, 1.0, 56.5, 2.0 ], "rotation": 270, "windMode": [-1,-1,-1,-1] }
									}
								}
							]
						}
					]
				}
			]
		},
		{
			"name": "ThighL",
			"stepParentName": "UpperFootL",
			"from": [ -0.25, -0.2, -0.15 ],
			"to": [ 4.25, 9.05, 3.35 ],
			"faces": {
				"north": { "texture": "#acolytelegs", "uv": [ 28.5, 31.5, 33.0, 40.5 ] },
				"east": { "texture": "#acolytelegs", "uv": [ 41.0, 31.5, 44.5, 40.5 ] },
				"south": { "texture": "#acolytelegs", "uv": [ 36.5, 31.5, 41.0, 40.5 ] },
				"west": { "texture": "#acolytelegs", "uv": [ 33.0, 31.5, 36.5, 40.5 ] },
				"up": { "texture": "#acolytelegs", "uv": [ 36.5, 28.0, 41.0, 31.5 ] },
				"down": { "texture": "#acolytelegs", "uv": [ 36.5, 41.5, 41.0, 45.0 ] }
			}
		}
	]}
