{
	"editor": {
		"collapsedPaths": "Root/Base",
		"allAngles": false,
		"entityTextureMode": false
	},
	"textureWidth": 16,
	"textureHeight": 16,
	"textureSizes": {
	},
	"textures": {
		"blueclay": "block/clay/blueclay"
	},
	"elements": [
		{
			"name": "0",
			"from": [ 0.7, 2.0, 0.7 ],
			"to": [ 5.6, 2.9, 7.9 ],
			"renderInEditor": false,
			"rotationOrigin": [ 0.7, 2.0, 0.7 ],
			"faces": {
				"north": { "texture": "#null", "uv": [ 0.0, 0.0, 4.5, 0.5 ], "enabled": false },
				"east": { "texture": "#null", "uv": [ 0.0, 0.0, 7.0, 0.5 ], "enabled": false },
				"south": { "texture": "#null", "uv": [ 0.0, 0.0, 4.5, 0.5 ], "enabled": false },
				"west": { "texture": "#null", "uv": [ 0.0, 0.0, 7.0, 0.5 ], "enabled": false },
				"up": { "texture": "#blueclay", "uv": [ 0.0, 0.0, 4.5, 7.0 ] },
				"down": { "texture": "#null", "uv": [ 0.0, 0.0, 4.5, 7.0 ], "enabled": false }
			}
		},
		{
			"name": "1",
			"from": [ 5.7, 2.0, 0.7 ],
			"to": [ 10.6, 2.9, 7.9 ],
			"renderInEditor": false,
			"rotationOrigin": [ 5.7, 2.0, 0.7 ],
			"faces": {
				"north": { "texture": "#null", "uv": [ 0.0, 0.0, 4.5, 0.5 ], "enabled": false },
				"east": { "texture": "#null", "uv": [ 0.0, 0.0, 7.0, 0.5 ], "enabled": false },
				"south": { "texture": "#null", "uv": [ 0.0, 0.0, 4.5, 0.5 ], "enabled": false },
				"west": { "texture": "#null", "uv": [ 0.0, 0.0, 7.0, 0.5 ], "enabled": false },
				"up": { "texture": "#blueclay", "uv": [ 0.0, 0.0, 4.5, 7.0 ] },
				"down": { "texture": "#null", "uv": [ 0.0, 0.0, 4.5, 7.0 ], "enabled": false }
			}
		},
		{
			"name": "2",
			"from": [ 10.7, 2.0, 0.7 ],
			"to": [ 15.6, 2.9, 7.9 ],
			"renderInEditor": false,
			"rotationOrigin": [ 10.7, 2.0, 0.7 ],
			"faces": {
				"north": { "texture": "#null", "uv": [ 0.0, 0.0, 4.5, 0.5 ], "enabled": false },
				"east": { "texture": "#null", "uv": [ 0.0, 0.0, 7.0, 0.5 ], "enabled": false },
				"south": { "texture": "#null", "uv": [ 0.0, 0.0, 4.5, 0.5 ], "enabled": false },
				"west": { "texture": "#null", "uv": [ 0.0, 0.0, 7.0, 0.5 ], "enabled": false },
				"up": { "texture": "#blueclay", "uv": [ 0.0, 0.0, 4.5, 7.0 ] },
				"down": { "texture": "#null", "uv": [ 0.0, 0.0, 4.5, 7.0 ], "enabled": false }
			}
		},
		{
			"name": "3",
			"from": [ 0.7, 2.0, 7.9 ],
			"to": [ 5.6, 2.9, 15.1 ],
			"renderInEditor": false,
			"rotationOrigin": [ 0.7, 2.0, 7.9 ],
			"faces": {
				"north": { "texture": "#null", "uv": [ 0.0, 0.0, 4.5, 0.5 ], "enabled": false },
				"east": { "texture": "#null", "uv": [ 0.0, 0.0, 7.0, 0.5 ], "enabled": false },
				"south": { "texture": "#null", "uv": [ 0.0, 0.0, 4.5, 0.5 ], "enabled": false },
				"west": { "texture": "#null", "uv": [ 0.0, 0.0, 7.0, 0.5 ], "enabled": false },
				"up": { "texture": "#blueclay", "uv": [ 0.0, 0.0, 4.5, 7.0 ] },
				"down": { "texture": "#null", "uv": [ 0.0, 0.0, 4.5, 7.0 ], "enabled": false }
			}
		},
		{
			"name": "4",
			"from": [ 5.7, 2.0, 7.9 ],
			"to": [ 10.6, 2.9, 15.1 ],
			"renderInEditor": false,
			"rotationOrigin": [ 5.7, 2.0, 7.9 ],
			"faces": {
				"north": { "texture": "#null", "uv": [ 0.0, 0.0, 4.5, 0.5 ], "enabled": false },
				"east": { "texture": "#null", "uv": [ 0.0, 0.0, 7.0, 0.5 ], "enabled": false },
				"south": { "texture": "#null", "uv": [ 0.0, 0.0, 4.5, 0.5 ], "enabled": false },
				"west": { "texture": "#null", "uv": [ 0.0, 0.0, 7.0, 0.5 ], "enabled": false },
				"up": { "texture": "#blueclay", "uv": [ 0.0, 0.0, 4.5, 7.0 ] },
				"down": { "texture": "#null", "uv": [ 0.0, 0.0, 4.5, 7.0 ], "enabled": false }
			}
		},
		{
			"name": "5",
			"from": [ 10.7, 2.0, 7.9 ],
			"to": [ 15.6, 2.9, 15.1 ],
			"rotationOrigin": [ 10.7, 2.0, 7.9 ],
			"faces": {
				"north": { "texture": "#null", "uv": [ 0.0, 0.0, 4.5, 0.5 ], "enabled": false },
				"east": { "texture": "#null", "uv": [ 0.0, 0.0, 7.0, 0.5 ], "enabled": false },
				"south": { "texture": "#null", "uv": [ 0.0, 0.0, 4.5, 0.5 ], "enabled": false },
				"west": { "texture": "#null", "uv": [ 0.0, 0.0, 7.0, 0.5 ], "enabled": false },
				"up": { "texture": "#blueclay", "uv": [ 0.0, 0.0, 4.5, 7.0 ] },
				"down": { "texture": "#null", "uv": [ 0.0, 0.0, 4.5, 7.0 ], "enabled": false }
			}
		}
	]}