{
	"editor": {
		"allAngles": false,
		"entityTextureMode": false
	},
	"textureWidth": 8,
	"textureHeight": 8,
	"textureSizes": {
		"feather": [16,16],
		"blackbronze": [16,16],
		"string": [16,16],
		"arrow": [8,8],
		"aged": [16,16],
		"oak": [16,16],
		"acacia": [16,16],
		"bone": [16,16],
		"stick": [8,8],
		"leather": [16,16]
	},
	"textures": {
	},
	"elements": [
		{
			"name": "origin",
			"from": [ 8.0, 0.0, 8.0 ],
			"to": [ 11.0, 0.0, 8.0 ],
			"rotationOrigin": [ 8.0, 0.0, 8.0 ],
			"faces": {
			},
			"children": [
				{
					"name": "BowGrip",
					"from": [ -1.9, -0.5, -0.5 ],
					"to": [ 1.6, 0.5, 0.5 ],
					"rotationOrigin": [ 0.0, 0.0, -0.5 ],
					"faces": {
						"north": { "texture": "#leather", "uv": [ 2.5, 2.5, 6.0, 3.5 ] },
						"east": { "texture": "#leather", "uv": [ 3.5, 3.0, 4.5, 4.0 ] },
						"south": { "texture": "#leather", "uv": [ 4.0, 3.5, 7.5, 4.5 ] },
						"west": { "texture": "#leather", "uv": [ 5.5, 4.5, 6.5, 5.5 ] },
						"up": { "texture": "#leather", "uv": [ 4.0, 4.5, 7.5, 5.5 ] },
						"down": { "texture": "#leather", "uv": [ 4.0, 4.0, 7.5, 5.0 ] }
					},
					"children": [
						{
							"name": "BowLimbUp",
							"from": [ 3.4, 0.1, 0.1 ],
							"to": [ 9.4, 0.9, 0.9 ],
							"rotationOrigin": [ 3.4, 0.5, 0.5 ],
							"rotationY": -15.0,
							"faces": {
								"north": { "texture": "#aged", "uv": [ 2.0, 3.5, 8.0, 4.0 ] },
								"east": { "texture": "#aged", "uv": [ 2.5, 2.5, 3.0, 3.0 ] },
								"south": { "texture": "#aged", "uv": [ 2.0, 3.0, 8.0, 3.5 ] },
								"up": { "texture": "#aged", "uv": [ 0.5, 4.0, 6.5, 4.5 ] },
								"down": { "texture": "#aged", "uv": [ 0.5, 4.0, 6.5, 4.5 ] }
							},
							"children": [
								{
									"name": "BowTipUp",
									"from": [ 5.5, 0.1, 0.1 ],
									"to": [ 12.9, 0.7, 0.7 ],
									"rotationOrigin": [ 5.5, 0.4, 0.4 ],
									"rotationY": -22.5,
									"faces": {
										"north": { "texture": "#aged", "uv": [ 0.0, 3.0, 7.25, 3.5 ] },
										"east": { "texture": "#aged", "uv": [ 2.0, 0.25, 2.5, 0.75 ] },
										"south": { "texture": "#aged", "uv": [ 0.0, 3.0, 7.25, 3.5 ] },
										"up": { "texture": "#aged", "uv": [ 0.0, 3.25, 7.25, 3.75 ] },
										"down": { "texture": "#aged", "uv": [ 0.25, 2.75, 7.5, 3.25 ] }
									},
									"children": [
										{
											"name": "BowStringUp1",
											"from": [ -1.4, 0.2, 0.5 ],
											"to": [ 6.8, 0.4, 0.7 ],
											"rotationOrigin": [ 6.8, 0.3, 0.6 ],
											"rotationY": 38.0,
											"faces": {
												"north": { "texture": "#string", "uv": [ 0.0, 0.0, 8.0, 0.25 ] },
												"east": { "texture": "#string", "uv": [ 2.75, 0.0, 3.0, 0.25 ] },
												"south": { "texture": "#string", "uv": [ 0.0, 0.0, 8.0, 0.25 ] },
												"west": { "texture": "#string", "uv": [ 2.25, 0.0, 2.5, 0.25 ] },
												"up": { "texture": "#string", "uv": [ 0.0, 0.0, 8.0, 0.25 ] },
												"down": { "texture": "#string", "uv": [ 0.0, 0.0, 8.0, 0.25 ] }
											},
											"children": [
												{
													"name": "BowStringUp2",
													"from": [ -5.2, 0.0, 0.0 ],
													"to": [ 0.0, 0.2, 0.2 ],
													"rotationOrigin": [ -3.0, 0.1, 0.1 ],
													"faces": {
														"north": { "texture": "#string", "uv": [ 2.5, 0.0, 7.5, 0.5 ] },
														"east": { "texture": "#string", "uv": [ 3.5, 0.0, 4.0, 0.5 ] },
														"south": { "texture": "#string", "uv": [ 2.0, 0.0, 7.0, 0.5 ] },
														"west": { "texture": "#string", "uv": [ 4.5, 0.0, 5.0, 0.5 ] },
														"up": { "texture": "#string", "uv": [ 2.0, 0.0, 7.0, 0.5 ] },
														"down": { "texture": "#string", "uv": [ 3.0, 0.0, 8.0, 0.5 ] }
													},
													"children": [
														{
															"name": "BowNock",
															"from": [ 0.3, -0.1, -0.1 ],
															"to": [ 2.3, 0.3, 0.3 ],
															"rotationOrigin": [ 1.3, 0.1, 0.1 ],
															"faces": {
																"north": { "texture": "#leather", "uv": [ 2.5, 2.0, 4.5, 2.5 ] },
																"east": { "texture": "#leather", "uv": [ 4.0, 1.0, 4.5, 1.5 ] },
																"south": { "texture": "#leather", "uv": [ 2.0, 1.0, 4.0, 1.5 ] },
																"west": { "texture": "#leather", "uv": [ 1.5, 1.0, 2.0, 1.5 ] },
																"up": { "texture": "#leather", "uv": [ 4.5, 0.5, 6.5, 1.0 ] },
																"down": { "texture": "#leather", "uv": [ 4.0, 1.0, 6.0, 1.5 ] }
															},
															"children": [
																{
																	"name": "BowNockStripe",
																	"from": [ 0.1, -0.01, -0.01 ],
																	"to": [ 0.2, 0.41, 0.41 ],
																	"rotationOrigin": [ 0.1, 0.0, 0.0 ],
																	"faces": {
																		"north": { "texture": "#string", "uv": [ 11.0, 5.5, 11.5, 6.0 ] },
																		"east": { "texture": "#string", "uv": [ 4.0, 5.5, 4.5, 6.0 ] },
																		"south": { "texture": "#string", "uv": [ 9.0, 5.5, 9.5, 6.0 ] },
																		"west": { "texture": "#string", "uv": [ 9.0, 5.5, 9.5, 6.0 ] },
																		"up": { "texture": "#string", "uv": [ 8.5, 4.0, 9.0, 4.5 ] },
																		"down": { "texture": "#string", "uv": [ 0.5, 11.5, 1.0, 12.0 ] }
																	}
																},
																{
																	"name": "BowNockStripe2",
																	"from": [ 1.8, -0.01, -0.01 ],
																	"to": [ 1.9, 0.41, 0.41 ],
																	"rotationOrigin": [ 1.8, 0.0, 0.0 ],
																	"faces": {
																		"north": { "texture": "#string", "uv": [ 11.0, 5.5, 11.5, 6.0 ] },
																		"east": { "texture": "#string", "uv": [ 4.0, 5.5, 4.5, 6.0 ] },
																		"south": { "texture": "#string", "uv": [ 9.0, 5.5, 9.5, 6.0 ] },
																		"west": { "texture": "#string", "uv": [ 9.0, 5.5, 9.5, 6.0 ] },
																		"up": { "texture": "#string", "uv": [ 8.5, 4.0, 9.0, 4.5 ] },
																		"down": { "texture": "#string", "uv": [ 0.5, 11.5, 1.0, 12.0 ] }
																	}
																},
																{
																	"name": "BowNockStripe3",
																	"from": [ 0.6, -0.01, -0.01 ],
																	"to": [ 0.7, 0.41, 0.41 ],
																	"rotationOrigin": [ 0.6, 0.0, 0.0 ],
																	"faces": {
																		"north": { "texture": "#string", "uv": [ 11.0, 5.5, 11.5, 6.0 ] },
																		"east": { "texture": "#string", "uv": [ 4.0, 5.5, 4.5, 6.0 ] },
																		"south": { "texture": "#string", "uv": [ 9.0, 5.5, 9.5, 6.0 ] },
																		"west": { "texture": "#string", "uv": [ 9.0, 5.5, 9.5, 6.0 ] },
																		"up": { "texture": "#string", "uv": [ 8.5, 4.0, 9.0, 4.5 ] },
																		"down": { "texture": "#string", "uv": [ 0.5, 11.5, 1.0, 12.0 ] }
																	}
																},
																{
																	"name": "BowNockStripe4",
																	"from": [ 1.3, -0.01, -0.01 ],
																	"to": [ 1.4, 0.41, 0.41 ],
																	"rotationOrigin": [ 1.3, 0.0, 0.0 ],
																	"faces": {
																		"north": { "texture": "#string", "uv": [ 11.0, 5.5, 11.5, 6.0 ] },
																		"east": { "texture": "#string", "uv": [ 4.0, 5.5, 4.5, 6.0 ] },
																		"south": { "texture": "#string", "uv": [ 9.0, 5.5, 9.5, 6.0 ] },
																		"west": { "texture": "#string", "uv": [ 9.0, 5.5, 9.5, 6.0 ] },
																		"up": { "texture": "#string", "uv": [ 8.5, 4.0, 9.0, 4.5 ] },
																		"down": { "texture": "#string", "uv": [ 0.5, 11.5, 1.0, 12.0 ] }
																	}
																},
																{
																	"name": "Arrow",
																	"from": [ 0.7, 0.2, -14.0 ],
																	"to": [ 1.3, 0.8, 0.0 ],
																	"rotationOrigin": [ 0.7, 0.2, -14.0 ],
																	"faces": {
																		"north": { "texture": "#aged", "uv": [ 0.0, 0.0, 0.5, 0.5 ] },
																		"east": { "texture": "#aged", "uv": [ 0.0, 0.0, 14.0, 0.5 ] },
																		"south": { "texture": "#aged", "uv": [ 0.0, 0.0, 0.5, 0.5 ] },
																		"west": { "texture": "#aged", "uv": [ 0.0, 0.0, 14.0, 0.5 ] },
																		"up": { "texture": "#aged", "uv": [ 0.0, 0.0, 0.5, 14.0 ] },
																		"down": { "texture": "#aged", "uv": [ 0.0, 0.0, 0.5, 14.0 ] }
																	},
																	"children": [
																		{
																			"name": "FeatherVertical",
																			"from": [ 0.3, -1.5, 14.1 ],
																			"to": [ 0.3, 2.5, 18.1 ],
																			"rotationOrigin": [ 0.3, -1.5, 14.0 ],
																			"rotationX": -90.0,
																			"faces": {
																				"east": { "texture": "#feather", "uv": [ 5.5, 9.5, 9.5, 15.5 ], "autoUv": false }
																			}
																		},
																		{
																			"name": "FeatherHorisontal",
																			"from": [ 2.2, 0.4, 14.1 ],
																			"to": [ 2.2, 4.4, 18.1 ],
																			"rotationOrigin": [ 2.2, 0.4, 14.0 ],
																			"rotationX": -90.0,
																			"rotationY": -90.0,
																			"faces": {
																				"east": { "texture": "#feather", "uv": [ 5.5, 9.5, 9.5, 15.5 ], "autoUv": false }
																			}
																		},
																		{
																			"name": "ArrowHead",
																			"from": [ -0.2, 0.2, -0.4 ],
																			"to": [ 2.8, 1.2, -0.2 ],
																			"rotationOrigin": [ -0.2, 0.2, -0.4 ],
																			"rotationX": -90.0,
																			"rotationZ": -90.0,
																			"faces": {
																				"north": { "texture": "#blackbronze", "uv": [ 1.5, 3.5, 4.5, 4.5 ] },
																				"east": { "texture": "#blackbronze", "uv": [ 0.0, 0.0, 0.25, 1.0 ] },
																				"south": { "texture": "#blackbronze", "uv": [ 0.0, 0.0, 3.0, 1.0 ] },
																				"west": { "texture": "#blackbronze", "uv": [ 0.0, 0.0, 0.25, 1.0 ] },
																				"up": { "texture": "#blackbronze", "uv": [ 0.0, 0.0, 3.0, 0.5 ] },
																				"down": { "texture": "#blackbronze", "uv": [ 0.0, 0.0, 3.0, 0.5 ] }
																			},
																			"children": [
																				{
																					"name": "ArrowHeadDown",
																					"from": [ 0.0, 0.0, 0.05 ],
																					"to": [ 2.0, 0.5, 0.15 ],
																					"rotationOrigin": [ 0.0, 0.0, 0.1 ],
																					"rotationZ": -15.0,
																					"faces": {
																						"north": { "texture": "#blackbronze", "uv": [ 0.0, 0.0, 2.0, 0.5 ] },
																						"east": { "texture": "#blackbronze", "uv": [ 0.0, 0.0, 0.25, 0.5 ] },
																						"south": { "texture": "#blackbronze", "uv": [ 0.0, 0.0, 2.0, 0.5 ] },
																						"west": { "texture": "#blackbronze", "uv": [ 0.0, 0.0, 0.25, 0.5 ] },
																						"up": { "texture": "#blackbronze", "uv": [ 0.0, 0.0, 2.0, 0.5 ] },
																						"down": { "texture": "#blackbronze", "uv": [ 0.0, 0.0, 2.0, 0.5 ] }
																					}
																				},
																				{
																					"name": "ArrowHeadUp",
																					"from": [ 0.1, 0.5, 0.05 ],
																					"to": [ 2.1, 1.0, 0.15 ],
																					"rotationOrigin": [ 0.1, 0.5, 0.1 ],
																					"rotationZ": 15.0,
																					"faces": {
																						"north": { "texture": "#blackbronze", "uv": [ 0.0, 0.0, 2.0, 0.5 ] },
																						"east": { "texture": "#blackbronze", "uv": [ 0.0, 0.0, 0.25, 0.5 ] },
																						"south": { "texture": "#blackbronze", "uv": [ 0.0, 0.0, 2.0, 0.5 ] },
																						"west": { "texture": "#blackbronze", "uv": [ 0.0, 0.0, 0.25, 0.5 ] },
																						"up": { "texture": "#blackbronze", "uv": [ 0.0, 0.0, 2.0, 0.5 ] },
																						"down": { "texture": "#blackbronze", "uv": [ 0.0, 0.0, 2.0, 0.5 ] }
																					}
																				},
																				{
																					"name": "ArrowHeadFront",
																					"from": [ -0.5, 0.25, 0.05 ],
																					"to": [ 0.0, 0.75, 0.25 ],
																					"rotationOrigin": [ -0.5, 0.2, 0.1 ],
																					"faces": {
																						"north": { "texture": "#blackbronze", "uv": [ 0.0, 0.0, 0.5, 0.5 ] },
																						"east": { "texture": "#blackbronze", "uv": [ 0.0, 0.0, 0.25, 0.5 ] },
																						"south": { "texture": "#blackbronze", "uv": [ 0.0, 0.0, 0.5, 0.5 ] },
																						"west": { "texture": "#blackbronze", "uv": [ 0.0, 0.0, 0.25, 0.5 ] },
																						"up": { "texture": "#blackbronze", "uv": [ 0.0, 0.0, 0.5, 0.5 ] },
																						"down": { "texture": "#blackbronze", "uv": [ 0.0, 0.0, 0.5, 0.5 ] }
																					}
																				}
																			]
																		}
																	]
																}
															]
														}
													]
												}
											]
										},
										{
											"name": "BowNotchUp",
											"from": [ 6.3, -0.2, -0.1 ],
											"to": [ 6.9, 0.8, 0.7 ],
											"rotationOrigin": [ 6.6, 0.3, 0.3 ],
											"faces": {
												"north": { "texture": "#string", "uv": [ 3.75, 0.0, 4.25, 1.0 ] },
												"east": { "texture": "#string", "uv": [ 2.5, 0.0, 3.25, 1.0 ] },
												"south": { "texture": "#string", "uv": [ 1.5, 0.75, 2.0, 1.75 ] },
												"west": { "texture": "#string", "uv": [ 2.25, 0.5, 3.0, 1.5 ] },
												"up": { "texture": "#string", "uv": [ 2.5, 1.25, 3.0, 2.0 ] },
												"down": { "texture": "#string", "uv": [ 4.25, 1.0, 4.75, 1.75 ] }
											}
										},
										{
											"name": "BowCompositeUp2",
											"from": [ 0.0, -0.11, 0.1 ],
											"to": [ 7.5, 0.69, 0.5 ],
											"rotationOrigin": [ 0.0, 0.3, 0.3 ],
											"faces": {
												"north": { "texture": "#bone", "uv": [ 0.0, 0.0, 7.5, 0.75 ] },
												"east": { "texture": "#bone", "uv": [ 0.0, 0.0, 0.25, 0.75 ] },
												"south": { "texture": "#bone", "uv": [ 0.0, 0.0, 7.5, 0.75 ] },
												"west": { "texture": "#bone", "uv": [ 0.0, 0.0, 0.25, 0.75 ] },
												"up": { "texture": "#bone", "uv": [ 0.0, 0.0, 7.5, 0.25 ] },
												"down": { "texture": "#bone", "uv": [ 0.0, 0.0, 7.5, 0.25 ] }
											}
										}
									]
								},
								{
									"name": "BowCompositeUp1",
									"from": [ 0.1, -0.1, 0.1 ],
									"to": [ 6.1, 0.9, 0.7 ],
									"rotationOrigin": [ 0.1, 0.5, 0.4 ],
									"faces": {
										"north": { "texture": "#bone", "uv": [ 0.0, 0.0, 6.0, 1.0 ] },
										"east": { "texture": "#bone", "uv": [ 0.0, 0.0, 0.5, 1.0 ] },
										"south": { "texture": "#bone", "uv": [ 0.0, 0.0, 6.0, 1.0 ] },
										"west": { "texture": "#bone", "uv": [ 0.0, 0.0, 0.5, 1.0 ] },
										"up": { "texture": "#bone", "uv": [ 0.0, 0.0, 6.0, 0.5 ] },
										"down": { "texture": "#bone", "uv": [ 0.0, 0.0, 6.0, 0.5 ] }
									}
								}
							]
						},
						{
							"name": "BowLimbDown",
							"from": [ -5.9, 0.1, 0.1 ],
							"to": [ 0.1, 0.9, 0.9 ],
							"rotationOrigin": [ 0.1, 0.4, 0.4 ],
							"rotationY": 15.0,
							"faces": {
								"north": { "texture": "#aged", "uv": [ 0.75, 1.25, 6.75, 2.0 ] },
								"south": { "texture": "#aged", "uv": [ 0.0, 2.25, 6.0, 3.0 ] },
								"west": { "texture": "#aged", "uv": [ 1.0, 1.0, 1.75, 1.75 ] },
								"up": { "texture": "#aged", "uv": [ 1.0, 1.0, 7.0, 1.75 ] },
								"down": { "texture": "#aged", "uv": [ 1.5, 2.0, 7.5, 2.75 ] }
							},
							"children": [
								{
									"name": "BowTipDown",
									"from": [ -6.9, 0.1, 0.1 ],
									"to": [ 0.5, 0.7, 0.7 ],
									"rotationOrigin": [ 0.5, 0.4, 0.4 ],
									"rotationY": 22.5,
									"faces": {
										"north": { "texture": "#aged", "uv": [ 0.75, 2.75, 8.0, 3.25 ] },
										"east": { "texture": "#aged", "uv": [ 1.25, 2.0, 1.75, 2.5 ] },
										"south": { "texture": "#aged", "uv": [ 0.25, 2.25, 7.5, 2.75 ] },
										"west": { "texture": "#aged", "uv": [ 0.75, 1.0, 1.25, 1.5 ] },
										"up": { "texture": "#aged", "uv": [ 0.5, 3.75, 7.75, 4.25 ] },
										"down": { "texture": "#aged", "uv": [ 0.5, 3.25, 7.75, 3.75 ] }
									},
									"children": [
										{
											"name": "BowStringDown1",
											"from": [ 0.6, 0.2, 0.5 ],
											"to": [ 8.8, 0.4, 0.7 ],
											"rotationOrigin": [ 0.6, 0.3, 0.6 ],
											"rotationY": -38.0,
											"faces": {
												"north": { "texture": "#string", "uv": [ 0.0, 0.0, 8.0, 0.25 ] },
												"east": { "texture": "#string", "uv": [ 2.75, 0.0, 3.0, 0.25 ] },
												"south": { "texture": "#string", "uv": [ 0.0, 0.0, 8.0, 0.25 ] },
												"west": { "texture": "#string", "uv": [ 3.25, 0.0, 3.5, 0.25 ] },
												"up": { "texture": "#string", "uv": [ 0.0, 0.0, 8.0, 0.25 ] },
												"down": { "texture": "#string", "uv": [ 0.0, 0.0, 8.0, 0.25 ] }
											},
											"children": [
												{
													"name": "BowStringDown2",
													"from": [ 8.2, 0.0, 0.0 ],
													"to": [ 13.4, 0.2, 0.2 ],
													"rotationOrigin": [ 8.2, 0.0, 0.0 ],
													"faces": {
														"north": { "texture": "#string", "uv": [ 2.0, 0.0, 7.0, 0.25 ] },
														"east": { "texture": "#string", "uv": [ 2.75, 0.0, 3.0, 0.25 ] },
														"south": { "texture": "#string", "uv": [ 2.75, 0.0, 7.75, 0.25 ] },
														"west": { "texture": "#string", "uv": [ 3.5, 0.0, 3.75, 0.25 ] },
														"up": { "texture": "#string", "uv": [ 1.75, 0.0, 6.75, 0.25 ] },
														"down": { "texture": "#string", "uv": [ 1.0, 0.0, 6.0, 0.25 ] }
													}
												}
											]
										},
										{
											"name": "BowNotchDown",
											"from": [ 0.5, -0.2, -0.1 ],
											"to": [ 1.1, 0.8, 0.7 ],
											"rotationOrigin": [ 0.5, 0.3, 0.3 ],
											"faces": {
												"north": { "texture": "#string", "uv": [ 2.0, 0.75, 2.5, 1.75 ] },
												"east": { "texture": "#string", "uv": [ 2.5, 0.5, 3.25, 1.5 ] },
												"south": { "texture": "#string", "uv": [ 2.0, 0.25, 2.5, 1.25 ] },
												"west": { "texture": "#string", "uv": [ 1.5, 0.5, 2.25, 1.5 ] },
												"up": { "texture": "#string", "uv": [ 1.5, 0.25, 2.0, 1.0 ] },
												"down": { "texture": "#string", "uv": [ 1.0, 0.75, 1.5, 1.5 ] }
											}
										},
										{
											"name": "BowCompositeDown2",
											"from": [ -0.2, -0.11, 0.1 ],
											"to": [ 7.3, 0.69, 0.5 ],
											"rotationOrigin": [ 7.2, 0.3, 0.3 ],
											"faces": {
												"north": { "texture": "#bone", "uv": [ 0.0, 0.0, 7.5, 0.75 ] },
												"east": { "texture": "#bone", "uv": [ 0.0, 0.0, 0.25, 0.75 ] },
												"south": { "texture": "#bone", "uv": [ 0.0, 0.0, 7.5, 0.75 ] },
												"west": { "texture": "#bone", "uv": [ 0.0, 0.0, 0.25, 0.75 ] },
												"up": { "texture": "#bone", "uv": [ 0.0, 0.0, 7.5, 0.25 ] },
												"down": { "texture": "#bone", "uv": [ 0.0, 0.0, 7.5, 0.25 ] }
											}
										}
									]
								},
								{
									"name": "BowCompositeDown1",
									"from": [ -0.1, -0.1, 0.1 ],
									"to": [ 5.9, 0.9, 0.7 ],
									"rotationOrigin": [ 5.9, 0.5, 0.4 ],
									"faces": {
										"north": { "texture": "#bone", "uv": [ 0.0, 0.0, 6.0, 1.0 ] },
										"east": { "texture": "#bone", "uv": [ 0.0, 0.0, 0.5, 1.0 ] },
										"south": { "texture": "#bone", "uv": [ 0.0, 0.0, 6.0, 1.0 ] },
										"west": { "texture": "#bone", "uv": [ 0.0, 0.0, 0.5, 1.0 ] },
										"up": { "texture": "#bone", "uv": [ 0.0, 0.0, 6.0, 0.5 ] },
										"down": { "texture": "#bone", "uv": [ 0.0, 0.0, 6.0, 0.5 ] }
									}
								}
							]
						},
						{
							"name": "ShortGrip",
							"from": [ 0.2, 0.1, -0.4 ],
							"to": [ 3.3, 0.9, 0.6 ],
							"rotationOrigin": [ 0.2, 0.1, -0.4 ],
							"faces": {
								"north": { "texture": "#leather", "uv": [ 0.0, 0.0, 3.0, 0.5 ] },
								"east": { "texture": "#leather", "uv": [ 0.0, 0.0, 1.0, 0.5 ] },
								"south": { "texture": "#leather", "uv": [ 0.0, 0.0, 3.0, 0.5 ] },
								"west": { "texture": "#leather", "uv": [ 0.0, 0.0, 1.0, 0.5 ] },
								"up": { "texture": "#leather", "uv": [ 0.0, 0.0, 3.0, 1.0 ] },
								"down": { "texture": "#leather", "uv": [ 0.0, 0.0, 3.0, 1.0 ] }
							},
							"children": [
								{
									"name": "FrontbowCompositeUp",
									"from": [ 3.1, 0.0, 0.1 ],
									"to": [ 5.3, 0.8, 0.5 ],
									"rotationOrigin": [ 3.1, 0.0, 0.1 ],
									"faces": {
										"north": { "texture": "#bone", "uv": [ 0.0, 0.0, 2.0, 0.5 ] },
										"east": { "texture": "#bone", "uv": [ 0.0, 0.0, 0.5, 0.5 ] },
										"south": { "texture": "#bone", "uv": [ 0.0, 0.0, 2.0, 0.5 ] },
										"west": { "texture": "#bone", "uv": [ 0.0, 0.0, 0.5, 0.5 ] },
										"up": { "texture": "#bone", "uv": [ 0.0, 0.0, 2.0, 0.5 ] },
										"down": { "texture": "#bone", "uv": [ 0.0, 0.0, 2.0, 0.5 ] }
									},
									"children": [
										{
											"name": "FrontbowarmUp",
											"from": [ 0.0, 0.1, -0.1 ],
											"to": [ 2.1, 0.7, 0.5 ],
											"rotationOrigin": [ 0.0, 0.1, -0.1 ],
											"faces": {
												"north": { "texture": "#aged", "uv": [ 0.0, 0.0, 2.0, 0.5 ] },
												"east": { "texture": "#aged", "uv": [ 0.0, 0.0, 0.5, 0.5 ] },
												"south": { "texture": "#aged", "uv": [ 0.0, 0.0, 2.0, 0.5 ] },
												"west": { "texture": "#aged", "uv": [ 0.0, 0.0, 0.5, 0.5 ] },
												"up": { "texture": "#aged", "uv": [ 0.0, 0.0, 2.0, 0.5 ] },
												"down": { "texture": "#aged", "uv": [ 0.0, 0.0, 2.0, 0.5 ] }
											}
										},
										{
											"name": "FrontbowCompositeUpLimb",
											"from": [ 2.0, 0.0, 0.0 ],
											"to": [ 4.2, 0.8, 0.4 ],
											"rotationOrigin": [ 2.0, 0.0, 0.0 ],
											"rotationY": 17.0,
											"faces": {
												"north": { "texture": "#bone", "uv": [ 0.0, 0.0, 2.0, 0.5 ] },
												"east": { "texture": "#bone", "uv": [ 0.0, 0.0, 0.5, 0.5 ] },
												"south": { "texture": "#bone", "uv": [ 0.0, 0.0, 2.0, 0.5 ] },
												"west": { "texture": "#bone", "uv": [ 0.0, 0.0, 0.5, 0.5 ] },
												"up": { "texture": "#bone", "uv": [ 0.0, 0.0, 2.0, 0.5 ] },
												"down": { "texture": "#bone", "uv": [ 0.0, 0.0, 2.0, 0.5 ] }
											},
											"children": [
												{
													"name": "FrontbowarmUpLimb",
													"from": [ 0.0, 0.1, -0.1 ],
													"to": [ 2.2, 0.7, 0.5 ],
													"rotationOrigin": [ 0.0, 0.1, -0.1 ],
													"faces": {
														"north": { "texture": "#aged", "uv": [ 0.0, 0.0, 2.0, 0.5 ] },
														"east": { "texture": "#aged", "uv": [ 0.0, 0.0, 0.5, 0.5 ] },
														"south": { "texture": "#aged", "uv": [ 0.0, 0.0, 2.0, 0.5 ] },
														"west": { "texture": "#aged", "uv": [ 0.0, 0.0, 0.5, 0.5 ] },
														"up": { "texture": "#aged", "uv": [ 0.0, 0.0, 2.0, 0.5 ] },
														"down": { "texture": "#aged", "uv": [ 0.0, 0.0, 2.0, 0.5 ] }
													}
												},
												{
													"name": "FrontbowCompositeUpLimb2",
													"from": [ 2.1922, 0.0, 0.0039 ],
													"to": [ 4.3922, 0.8, 0.4039 ],
													"rotationOrigin": [ 2.1922, 0.0, -0.0661 ],
													"rotationY": -12.5,
													"faces": {
														"north": { "texture": "#bone", "uv": [ 0.0, 0.0, 2.0, 0.5 ] },
														"east": { "texture": "#bone", "uv": [ 0.0, 0.0, 0.5, 0.5 ] },
														"south": { "texture": "#bone", "uv": [ 0.0, 0.0, 2.0, 0.5 ] },
														"west": { "texture": "#bone", "uv": [ 0.0, 0.0, 0.5, 0.5 ] },
														"up": { "texture": "#bone", "uv": [ 0.0, 0.0, 2.0, 0.5 ] },
														"down": { "texture": "#bone", "uv": [ 0.0, 0.0, 2.0, 0.5 ] }
													},
													"children": [
														{
															"name": "FrontbowarmUpLimb2",
															"from": [ 0.0, 0.1, -0.1 ],
															"to": [ 2.1, 0.7, 0.5 ],
															"rotationOrigin": [ 0.0, 0.1, -0.1 ],
															"faces": {
																"north": { "texture": "#aged", "uv": [ 0.0, 0.0, 2.0, 0.5 ] },
																"east": { "texture": "#aged", "uv": [ 0.0, 0.0, 0.5, 0.5 ] },
																"south": { "texture": "#aged", "uv": [ 0.0, 0.0, 2.0, 0.5 ] },
																"west": { "texture": "#aged", "uv": [ 0.0, 0.0, 0.5, 0.5 ] },
																"up": { "texture": "#aged", "uv": [ 0.0, 0.0, 2.0, 0.5 ] },
																"down": { "texture": "#aged", "uv": [ 0.0, 0.0, 2.0, 0.5 ] }
															}
														},
														{
															"name": "FrontbowNotchUp",
															"from": [ 1.1078, -0.1, -0.2039 ],
															"to": [ 1.8078, 0.9, 0.5961 ],
															"rotationOrigin": [ 1.1078, -0.1, -0.2039 ],
															"faces": {
																"north": { "texture": "#string", "uv": [ 3.0, 1.0, 3.5, 2.0 ] },
																"east": { "texture": "#string", "uv": [ 3.5, 1.0, 4.0, 2.0 ] },
																"south": { "texture": "#string", "uv": [ 3.0, 0.5, 3.5, 1.5 ] },
																"west": { "texture": "#string", "uv": [ 0.0, 0.0, 0.5, 1.0 ] },
																"up": { "texture": "#string", "uv": [ 1.0, 1.0, 1.5, 1.5 ] },
																"down": { "texture": "#string", "uv": [ 0.5, 1.5, 1.0, 2.0 ] }
															},
															"children": [
																{
																	"name": "FrontbowStringUp1",
																	"from": [ 0.3, 0.4, 0.6 ],
																	"to": [ 4.4, 0.6, 0.8 ],
																	"rotationOrigin": [ 0.3, 0.4, 0.6 ],
																	"rotationY": -54.5,
																	"faces": {
																		"north": { "texture": "#string", "uv": [ 0.0, 0.0, 4.0, 0.5 ] },
																		"east": { "texture": "#string", "uv": [ 0.0, 0.0, 0.5, 0.5 ] },
																		"south": { "texture": "#string", "uv": [ 0.0, 0.0, 4.0, 0.5 ] },
																		"west": { "texture": "#string", "uv": [ 0.0, 0.0, 0.5, 0.5 ] },
																		"up": { "texture": "#string", "uv": [ 0.0, 0.0, 4.0, 0.5 ] },
																		"down": { "texture": "#string", "uv": [ 0.0, 0.0, 4.0, 0.5 ] }
																	},
																	"children": [
																		{
																			"name": "FrontbowStringUp2",
																			"from": [ 4.0, 0.0, 0.0 ],
																			"to": [ 8.3, 0.2, 0.2 ],
																			"rotationOrigin": [ 4.0, 0.0, 0.0 ],
																			"faces": {
																				"north": { "texture": "#string", "uv": [ 0.0, 0.0, 4.0, 0.5 ] },
																				"east": { "texture": "#string", "uv": [ 0.0, 0.0, 0.5, 0.5 ] },
																				"south": { "texture": "#string", "uv": [ 0.0, 0.0, 4.0, 0.5 ] },
																				"west": { "texture": "#string", "uv": [ 0.0, 0.0, 0.5, 0.5 ] },
																				"up": { "texture": "#string", "uv": [ 0.0, 0.0, 4.0, 0.5 ] },
																				"down": { "texture": "#string", "uv": [ 0.0, 0.0, 4.0, 0.5 ] }
																			}
																		}
																	]
																}
															]
														}
													]
												}
											]
										}
									]
								},
								{
									"name": "FrontbowCompositeDown",
									"from": [ -2.2, 0.0, 0.1 ],
									"to": [ 0.0, 0.8, 0.5 ],
									"rotationOrigin": [ -2.2, 0.0, 0.1 ],
									"faces": {
										"north": { "texture": "#bone", "uv": [ 0.0, 0.0, 2.0, 0.5 ] },
										"east": { "texture": "#bone", "uv": [ 0.0, 0.0, 0.5, 0.5 ] },
										"south": { "texture": "#bone", "uv": [ 0.0, 0.0, 2.0, 0.5 ] },
										"west": { "texture": "#bone", "uv": [ 0.0, 0.0, 0.5, 0.5 ] },
										"up": { "texture": "#bone", "uv": [ 0.0, 0.0, 2.0, 0.5 ] },
										"down": { "texture": "#bone", "uv": [ 0.0, 0.0, 2.0, 0.5 ] }
									},
									"children": [
										{
											"name": "FrontbowarmDown",
											"from": [ 0.1, 0.1, -0.1 ],
											"to": [ 2.2, 0.7, 0.5 ],
											"rotationOrigin": [ 0.1, 0.1, -0.1 ],
											"faces": {
												"north": { "texture": "#aged", "uv": [ 0.0, 0.0, 2.0, 0.5 ] },
												"east": { "texture": "#aged", "uv": [ 0.0, 0.0, 0.5, 0.5 ] },
												"south": { "texture": "#aged", "uv": [ 0.0, 0.0, 2.0, 0.5 ] },
												"west": { "texture": "#aged", "uv": [ 0.0, 0.0, 0.5, 0.5 ] },
												"up": { "texture": "#aged", "uv": [ 0.0, 0.0, 2.0, 0.5 ] },
												"down": { "texture": "#aged", "uv": [ 0.0, 0.0, 2.0, 0.5 ] }
											}
										},
										{
											"name": "FrontbowCompositeDownLimb",
											"from": [ -2.0, 0.0, 0.0 ],
											"to": [ 0.2, 0.8, 0.4 ],
											"rotationOrigin": [ 0.0, 0.0, 0.0 ],
											"rotationY": -17.0,
											"faces": {
												"north": { "texture": "#bone", "uv": [ 0.0, 0.0, 2.0, 0.5 ] },
												"east": { "texture": "#bone", "uv": [ 0.0, 0.0, 0.5, 0.5 ] },
												"south": { "texture": "#bone", "uv": [ 0.0, 0.0, 2.0, 0.5 ] },
												"west": { "texture": "#bone", "uv": [ 0.0, 0.0, 0.5, 0.5 ] },
												"up": { "texture": "#bone", "uv": [ 0.0, 0.0, 2.0, 0.5 ] },
												"down": { "texture": "#bone", "uv": [ 0.0, 0.0, 2.0, 0.5 ] }
											},
											"children": [
												{
													"name": "FrontbowarmDownLimb",
													"from": [ 0.1, 0.1, -0.1 ],
													"to": [ 2.2, 0.7, 0.5 ],
													"rotationOrigin": [ 0.1, 0.1, -0.1 ],
													"rotationY": -1.0,
													"faces": {
														"north": { "texture": "#aged", "uv": [ 0.0, 0.0, 2.0, 0.5 ] },
														"east": { "texture": "#aged", "uv": [ 0.0, 0.0, 0.5, 0.5 ] },
														"south": { "texture": "#aged", "uv": [ 0.0, 0.0, 2.0, 0.5 ] },
														"west": { "texture": "#aged", "uv": [ 0.0, 0.0, 0.5, 0.5 ] },
														"up": { "texture": "#aged", "uv": [ 0.0, 0.0, 2.0, 0.5 ] },
														"down": { "texture": "#aged", "uv": [ 0.0, 0.0, 2.0, 0.5 ] }
													}
												},
												{
													"name": "FrontbowCompositeDownLimb2",
													"from": [ -2.1539, 0.0, 0.0063 ],
													"to": [ 0.0461, 0.8, 0.4063 ],
													"rotationOrigin": [ -0.1539, 0.0, 0.0263 ],
													"rotationY": 12.5,
													"faces": {
														"north": { "texture": "#bone", "uv": [ 0.0, 0.0, 2.0, 0.5 ] },
														"east": { "texture": "#bone", "uv": [ 0.0, 0.0, 0.5, 0.5 ] },
														"south": { "texture": "#bone", "uv": [ 0.0, 0.0, 2.0, 0.5 ] },
														"west": { "texture": "#bone", "uv": [ 0.0, 0.0, 0.5, 0.5 ] },
														"up": { "texture": "#bone", "uv": [ 0.0, 0.0, 2.0, 0.5 ] },
														"down": { "texture": "#bone", "uv": [ 0.0, 0.0, 2.0, 0.5 ] }
													},
													"children": [
														{
															"name": "FrontbowarmDownLimb2",
															"from": [ 0.1, 0.1, -0.1 ],
															"to": [ 2.3, 0.7, 0.5 ],
															"rotationOrigin": [ 0.1, 0.1, -0.1 ],
															"faces": {
																"north": { "texture": "#aged", "uv": [ 0.0, 0.0, 2.0, 0.5 ] },
																"east": { "texture": "#aged", "uv": [ 0.0, 0.0, 0.5, 0.5 ] },
																"south": { "texture": "#aged", "uv": [ 0.0, 0.0, 2.0, 0.5 ] },
																"west": { "texture": "#aged", "uv": [ 0.0, 0.0, 0.5, 0.5 ] },
																"up": { "texture": "#aged", "uv": [ 0.0, 0.0, 2.0, 0.5 ] },
																"down": { "texture": "#aged", "uv": [ 0.0, 0.0, 2.0, 0.5 ] }
															}
														},
														{
															"name": "FrontbowNotchDown",
															"from": [ 0.3539, -0.1, -0.2063 ],
															"to": [ 1.0539, 0.9, 0.5937 ],
															"rotationOrigin": [ 0.3539, -0.1, -0.2063 ],
															"faces": {
																"north": { "texture": "#string", "uv": [ 0.0, 0.0, 0.5, 1.0 ] },
																"east": { "texture": "#string", "uv": [ 0.0, 0.0, 0.5, 1.0 ] },
																"south": { "texture": "#string", "uv": [ 0.0, 0.0, 0.5, 1.0 ] },
																"west": { "texture": "#string", "uv": [ 0.0, 0.0, 0.5, 1.0 ] },
																"up": { "texture": "#string", "uv": [ 0.0, 1.5, 0.5, 2.0 ] },
																"down": { "texture": "#string", "uv": [ 0.0, 0.0, 0.5, 0.5 ] }
															},
															"children": [
																{
																	"name": "FrontbowStringDown1",
																	"from": [ -3.7, 0.4, 0.6 ],
																	"to": [ 0.4, 0.6, 0.8 ],
																	"rotationOrigin": [ 0.3, 0.4, 0.6 ],
																	"rotationY": 54.5,
																	"faces": {
																		"north": { "texture": "#string", "uv": [ 0.0, 0.0, 4.0, 0.5 ] },
																		"east": { "texture": "#string", "uv": [ 0.0, 0.0, 0.5, 0.5 ] },
																		"south": { "texture": "#string", "uv": [ 0.0, 0.0, 4.0, 0.5 ] },
																		"west": { "texture": "#string", "uv": [ 0.0, 0.0, 0.5, 0.5 ] },
																		"up": { "texture": "#string", "uv": [ 0.0, 0.0, 4.0, 0.5 ] },
																		"down": { "texture": "#string", "uv": [ 0.0, 0.0, 4.0, 0.5 ] }
																	},
																	"children": [
																		{
																			"name": "FrontbowStringDown2",
																			"from": [ -4.0, 0.0, 0.0 ],
																			"to": [ 0.0, 0.2, 0.2 ],
																			"faces": {
																				"north": { "texture": "#string", "uv": [ 0.0, 0.0, 4.0, 0.5 ] },
																				"east": { "texture": "#string", "uv": [ 0.0, 0.0, 0.5, 0.5 ] },
																				"south": { "texture": "#string", "uv": [ 0.0, 0.0, 4.0, 0.5 ] },
																				"west": { "texture": "#string", "uv": [ 0.0, 0.0, 0.5, 0.5 ] },
																				"up": { "texture": "#string", "uv": [ 0.0, 0.0, 4.0, 0.5 ] },
																				"down": { "texture": "#string", "uv": [ 0.0, 0.0, 4.0, 0.5 ] }
																			}
																		}
																	]
																}
															]
														}
													]
												}
											]
										}
									]
								},
								{
									"name": "FrontbowHandleWrap",
									"from": [ 0.1, -0.01, -0.05 ],
									"to": [ 0.2, 0.81, 0.65 ],
									"rotationOrigin": [ 0.1, 0.0, -0.1 ],
									"faces": {
										"north": { "texture": "#string", "uv": [ 0.0, 0.0, 0.5, 0.5 ] },
										"east": { "texture": "#string", "uv": [ 0.0, 0.0, 0.5, 0.5 ] },
										"south": { "texture": "#string", "uv": [ 0.0, 0.0, 0.5, 0.5 ] },
										"west": { "texture": "#string", "uv": [ 0.0, 0.0, 0.5, 0.5 ] },
										"up": { "texture": "#string", "uv": [ 0.0, 0.0, 0.5, 0.5 ] },
										"down": { "texture": "#string", "uv": [ 0.0, 0.0, 0.5, 0.5 ] }
									}
								},
								{
									"name": "FrontbowHandleWrap2",
									"from": [ 2.9, -0.01, -0.05 ],
									"to": [ 3.0, 0.81, 0.65 ],
									"rotationOrigin": [ 2.9, 0.0, -0.1 ],
									"faces": {
										"north": { "texture": "#string", "uv": [ 0.0, 0.0, 0.5, 0.5 ] },
										"east": { "texture": "#string", "uv": [ 0.0, 0.0, 0.5, 0.5 ] },
										"south": { "texture": "#string", "uv": [ 0.0, 0.0, 0.5, 0.5 ] },
										"west": { "texture": "#string", "uv": [ 0.0, 0.0, 0.5, 0.5 ] },
										"up": { "texture": "#string", "uv": [ 0.0, 0.0, 0.5, 0.5 ] },
										"down": { "texture": "#string", "uv": [ 0.0, 0.0, 0.5, 0.5 ] }
									}
								},
								{
									"name": "FrontbowHandleWrap3",
									"from": [ 2.1, -0.01, -0.05 ],
									"to": [ 2.2, 0.81, 0.65 ],
									"rotationOrigin": [ 2.1, 0.0, -0.1 ],
									"faces": {
										"north": { "texture": "#string", "uv": [ 0.0, 0.0, 0.5, 0.5 ] },
										"east": { "texture": "#string", "uv": [ 0.0, 0.0, 0.5, 0.5 ] },
										"south": { "texture": "#string", "uv": [ 0.0, 0.0, 0.5, 0.5 ] },
										"west": { "texture": "#string", "uv": [ 0.0, 0.0, 0.5, 0.5 ] },
										"up": { "texture": "#string", "uv": [ 0.0, 0.0, 0.5, 0.5 ] },
										"down": { "texture": "#string", "uv": [ 0.0, 0.0, 0.5, 0.5 ] }
									}
								},
								{
									"name": "FrontbowHandleWrap4",
									"from": [ 0.9, -0.01, -0.05 ],
									"to": [ 1.0, 0.81, 0.65 ],
									"rotationOrigin": [ 0.9, 0.0, -0.1 ],
									"faces": {
										"north": { "texture": "#string", "uv": [ 0.0, 0.0, 0.5, 0.5 ] },
										"east": { "texture": "#string", "uv": [ 0.0, 0.0, 0.5, 0.5 ] },
										"south": { "texture": "#string", "uv": [ 0.0, 0.0, 0.5, 0.5 ] },
										"west": { "texture": "#string", "uv": [ 0.0, 0.0, 0.5, 0.5 ] },
										"up": { "texture": "#string", "uv": [ 0.0, 0.0, 0.5, 0.5 ] },
										"down": { "texture": "#string", "uv": [ 0.0, 0.0, 0.5, 0.5 ] }
									}
								},
								{
									"name": "FrontbowHandleWrap5",
									"from": [ 0.8, 0.09, -0.051 ],
									"to": [ 0.9, 1.71, 0.669 ],
									"rotationOrigin": [ 0.8, 0.0, -0.1 ],
									"rotationZ": -60.0,
									"faces": {
										"north": { "texture": "#string", "uv": [ 0.0, 0.0, 0.5, 1.5 ] },
										"east": { "texture": "#string", "uv": [ 0.0, 0.0, 0.5, 1.5 ] },
										"south": { "texture": "#string", "uv": [ 0.0, 0.0, 0.5, 1.5 ] },
										"west": { "texture": "#string", "uv": [ 0.0, 0.0, 0.5, 1.5 ] },
										"up": { "texture": "#string", "uv": [ 0.0, 0.0, 0.5, 0.5 ] },
										"down": { "texture": "#string", "uv": [ 0.0, 0.0, 0.5, 0.5 ] }
									}
								},
								{
									"name": "FrontbowHandleWrap6",
									"from": [ 0.9, 0.8, -0.051 ],
									"to": [ 1.0, 2.42, 0.669 ],
									"rotationOrigin": [ 0.9, 0.82, 0.0 ],
									"rotationZ": -119.0,
									"faces": {
										"north": { "texture": "#string", "uv": [ 0.0, 0.0, 0.5, 1.5 ] },
										"east": { "texture": "#string", "uv": [ 0.0, 0.0, 0.5, 1.5 ] },
										"south": { "texture": "#string", "uv": [ 0.0, 0.0, 0.5, 1.5 ] },
										"west": { "texture": "#string", "uv": [ 0.0, 0.0, 0.5, 1.5 ] },
										"up": { "texture": "#string", "uv": [ 0.0, 0.0, 0.5, 0.5 ] },
										"down": { "texture": "#string", "uv": [ 0.0, 0.0, 0.5, 0.5 ] }
									}
								}
							]
						},
						{
							"name": "BowHandleWrap",
							"from": [ 0.3, -0.05, -0.05 ],
							"to": [ 0.4, 1.05, 1.05 ],
							"rotationOrigin": [ 0.3, 0.0, 0.0 ],
							"faces": {
								"north": { "texture": "#string", "uv": [ 0.0, 0.0, 0.5, 1.0 ] },
								"east": { "texture": "#string", "uv": [ 0.0, 0.0, 1.0, 1.0 ] },
								"south": { "texture": "#string", "uv": [ 0.0, 0.0, 0.5, 1.0 ] },
								"west": { "texture": "#string", "uv": [ 0.0, 0.0, 1.0, 1.0 ] },
								"up": { "texture": "#string", "uv": [ 0.0, 0.0, 0.5, 1.0 ] },
								"down": { "texture": "#string", "uv": [ 0.0, 0.0, 0.5, 1.0 ] }
							}
						},
						{
							"name": "BowHandleWrap2",
							"from": [ 1.1, -0.05, -0.05 ],
							"to": [ 1.2, 1.05, 1.05 ],
							"rotationOrigin": [ 1.1, 0.0, 0.0 ],
							"faces": {
								"north": { "texture": "#string", "uv": [ 0.0, 0.0, 0.5, 1.0 ] },
								"east": { "texture": "#string", "uv": [ 0.0, 0.0, 1.0, 1.0 ] },
								"south": { "texture": "#string", "uv": [ 0.0, 0.0, 0.5, 1.0 ] },
								"west": { "texture": "#string", "uv": [ 0.0, 0.0, 1.0, 1.0 ] },
								"up": { "texture": "#string", "uv": [ 0.0, 0.0, 0.5, 1.0 ] },
								"down": { "texture": "#string", "uv": [ 0.0, 0.0, 0.5, 1.0 ] }
							}
						},
						{
							"name": "BowHandleWrap3",
							"from": [ 2.3, -0.05, -0.05 ],
							"to": [ 2.4, 1.05, 1.05 ],
							"rotationOrigin": [ 2.3, 0.0, 0.0 ],
							"faces": {
								"north": { "texture": "#string", "uv": [ 0.0, 0.0, 0.5, 1.0 ] },
								"east": { "texture": "#string", "uv": [ 0.0, 0.0, 1.0, 1.0 ] },
								"south": { "texture": "#string", "uv": [ 0.0, 0.0, 0.5, 1.0 ] },
								"west": { "texture": "#string", "uv": [ 0.0, 0.0, 1.0, 1.0 ] },
								"up": { "texture": "#string", "uv": [ 0.0, 0.0, 0.5, 1.0 ] },
								"down": { "texture": "#string", "uv": [ 0.0, 0.0, 0.5, 1.0 ] }
							}
						},
						{
							"name": "BowHandleWrap4",
							"from": [ 3.1, -0.05, -0.05 ],
							"to": [ 3.2, 1.05, 1.05 ],
							"rotationOrigin": [ 3.1, 0.0, 0.0 ],
							"faces": {
								"north": { "texture": "#string", "uv": [ 0.0, 0.0, 0.5, 1.0 ] },
								"east": { "texture": "#string", "uv": [ 0.0, 0.0, 1.0, 1.0 ] },
								"south": { "texture": "#string", "uv": [ 0.0, 0.0, 0.5, 1.0 ] },
								"west": { "texture": "#string", "uv": [ 0.0, 0.0, 1.0, 1.0 ] },
								"up": { "texture": "#string", "uv": [ 0.0, 0.0, 0.5, 1.0 ] },
								"down": { "texture": "#string", "uv": [ 0.0, 0.0, 0.5, 1.0 ] }
							}
						}
					]
				}
			]
		}
	],
	"animations": [
		{
			"name": "Draw",
			"code": "draw",
			"quantityframes": 15,
			"onActivityStopped": "EaseOut",
			"onAnimationEnd": "Hold",
			"keyframes": [
				{
					"frame": 0,
					"elements": {
						"BowGrip": { "offsetX": 0.0, "offsetY": 0.0, "offsetZ": 0.0, "rotationX": 0.0, "rotationY": 0.0, "rotationZ": 0.0 },
						"BowLimbUp": { "offsetX": 0.0, "offsetY": 0.0, "offsetZ": 0.0, "rotationX": 0.0, "rotationY": 0.0, "rotationZ": 0.0 },
						"BowTipUp": { "offsetX": 0.0, "offsetY": 0.0, "offsetZ": 0.0, "rotationX": 0.0, "rotationY": 0.0, "rotationZ": 0.0 },
						"BowStringUp1": { "offsetX": 0.0, "offsetY": 0.0, "offsetZ": 0.0, "rotationX": 0.0, "rotationY": 0.0, "rotationZ": 0.0 },
						"BowStringUp2": { "offsetX": 0.0, "offsetY": 0.0, "offsetZ": 0.0, "rotationX": 0.0, "rotationY": 0.0, "rotationZ": 0.0 },
						"BowNock": { "offsetX": 0.0, "offsetY": 0.0, "offsetZ": 0.0, "rotationX": 0.0, "rotationY": 0.0, "rotationZ": 0.0 },
						"BowLimbDown": { "offsetX": 0.0, "offsetY": 0.0, "offsetZ": 0.0, "rotationX": 0.0, "rotationY": 0.0, "rotationZ": 0.0 },
						"BowTipDown": { "offsetX": 0.0, "offsetY": 0.0, "offsetZ": 0.0, "rotationX": 0.0, "rotationY": 0.0, "rotationZ": 0.0 },
						"BowStringDown1": { "offsetX": 0.0, "offsetY": 0.0, "offsetZ": 0.0, "rotationX": 0.0, "rotationY": 0.0, "rotationZ": 0.0 },
						"BowStringDown2": { "offsetX": 0.0, "offsetY": 0.0, "offsetZ": 0.0, "rotationX": 0.0, "rotationY": 0.0, "rotationZ": 0.0 }
					}
				},
				{
					"frame": 14,
					"elements": {
						"BowLimbUp": { "offsetX": 0.0, "offsetY": 0.0, "offsetZ": 0.0, "rotationX": 0.0, "rotationY": -27.0, "rotationZ": 0.0 },
						"BowTipUp": { "offsetX": 0.0, "offsetY": 0.0, "offsetZ": 0.0, "rotationX": 0.0, "rotationY": -14.0, "rotationZ": 0.0 },
						"BowStringUp1": { "offsetX": 0.0, "offsetY": 0.0, "offsetZ": 0.0, "rotationX": 0.0, "rotationY": 90.0, "rotationZ": 0.0 },
						"BowStringUp2": { "offsetX": 0.0, "offsetY": 0.0, "offsetZ": 0.0, "rotationX": 0.0, "rotationY": -22.5, "rotationZ": 0.0 },
						"BowNock": { "offsetX": 0.3, "offsetY": 0.0, "offsetZ": -0.3, "rotationX": 0.0, "rotationY": -22.5, "rotationZ": 0.0 },
						"BowLimbDown": { "offsetX": 0.0, "offsetY": 0.0, "offsetZ": 0.0, "rotationX": 0.0, "rotationY": 22.5, "rotationZ": 0.0 },
						"BowTipDown": { "offsetX": 0.0, "offsetY": 0.0, "offsetZ": 0.0, "rotationX": 0.0, "rotationY": 22.5, "rotationZ": 0.0 },
						"BowStringDown1": { "offsetX": 0.0, "offsetY": 0.0, "offsetZ": 0.0, "rotationX": 0.0, "rotationY": -90.0, "rotationZ": 0.0 },
						"BowStringDown2": { "offsetX": 0.0, "offsetY": 0.0, "offsetZ": 0.0, "rotationX": 0.0, "rotationY": 22.5, "rotationZ": 0.0 },
						"FrontbowCompositeUpLimb2": { "offsetX": 0.6, "offsetY": 0.0, "offsetZ": 1.15, "rotationX": 0.0, "rotationY": -45.0, "rotationZ": 0.0 },
						"FrontbowStringUp1": { "rotationX": 0.0, "rotationY": 11.0, "rotationZ": 0.0 },
						"FrontbowStringUp2": { "offsetX": 0.0, "offsetY": 0.0, "offsetZ": 0.0, "rotationX": 0.0, "rotationY": -3.0, "rotationZ": 0.0 },
						"BowCompositeUp1": { "offsetX": 0.0, "offsetY": 0.0, "offsetZ": 0.0, "rotationX": 0.0, "rotationY": 0.0, "rotationZ": 0.0 },
						"BowCompositeUp2": { "rotationX": 0.0, "rotationY": 0.0, "rotationZ": 0.0 },
						"FrontbowCompositeDownLimb": { "rotationX": 0.0, "rotationY": 35.0, "rotationZ": 0.0 },
						"FrontbowarmDownLimb2": { "offsetX": 0.0, "offsetY": 0.0, "offsetZ": 0.0, "rotationX": 0.0, "rotationY": 0.0, "rotationZ": 0.0 },
						"FrontbowCompositeDownLimb2": { "offsetX": -0.6, "offsetY": 0.0, "offsetZ": 1.2, "rotationX": 0.0, "rotationY": 45.0, "rotationZ": 0.0 },
						"FrontbowStringDown1": { "rotationX": 0.0, "rotationY": -11.0, "rotationZ": 0.0 },
						"FrontbowStringDown2": { "rotationX": 0.0, "rotationY": 8.0, "rotationZ": 0.0 },
						"FrontbowCompositeUpLimb": { "rotationX": 0.0, "rotationY": -35.0, "rotationZ": 0.0 }
					}
				},
				{
					"frame": 15,
					"elements": {
						"BowGrip": { "offsetX": 0.0, "offsetY": 0.0, "offsetZ": 0.0, "rotationX": 0.0, "rotationY": 0.0, "rotationZ": 0.0 },
						"BowLimbUp": { "offsetX": 0.0, "offsetY": 0.0, "offsetZ": 0.0, "rotationX": 0.0, "rotationY": -22.5, "rotationZ": 0.0 },
						"BowTipUp": { "offsetX": 0.0, "offsetY": 0.0, "offsetZ": 0.0, "rotationX": 0.0, "rotationY": -22.5, "rotationZ": 0.0 },
						"BowStringUp1": { "offsetX": 0.0, "offsetY": 0.0, "offsetZ": 0.0, "rotationX": 0.0, "rotationY": 112.5, "rotationZ": 0.0 },
						"BowStringUp2": { "offsetX": 0.0, "offsetY": 0.0, "offsetZ": 0.0, "rotationX": 0.0, "rotationY": -22.5, "rotationZ": 0.0 },
						"BowLimbDown": { "offsetX": 0.0, "offsetY": 0.0, "offsetZ": 0.0, "rotationX": 0.0, "rotationY": 22.5, "rotationZ": 0.0 },
						"BowTipDown": { "offsetX": 0.0, "offsetY": 0.0, "offsetZ": 0.0, "rotationX": 0.0, "rotationY": 22.5, "rotationZ": 0.0 },
						"BowStringDown1": { "offsetX": 0.0, "offsetY": 0.0, "offsetZ": 0.0, "rotationX": 0.0, "rotationY": -112.5, "rotationZ": 0.0 },
						"BowStringDown2": { "offsetX": 0.0, "offsetY": 0.0, "offsetZ": 0.0, "rotationX": 0.0, "rotationY": 22.5, "rotationZ": 0.0 }
					}
				}
			]
		}
	]
}