[
    {
        "ingredientPattern": "K,P",
        "width": 1,
        "height": 2,
        "ingredients": {
            "K": {
                "type": "item",
                "code": "game:knife-*",
                "isTool": true,
                "toolDurabilityCost": 10
            },
            "P": {
                "type": "item",
                "code": "game:hide-raw-large"
            }
        },
        "output": {
            "type": "item",
            "code": "game:hide-raw-medium",
            "quantity": 2
        }
    }
]