[
	{
		"ingredientPattern": "_K_,CCC,FFF",
		"ingredients": {
            "K": { "type": "item", "code": "game:cloth-white", "quantity": 2}, 
			"C": { "type": "item", "code": "game:cloth-black", "quantity": 3},
			"F": { type: "item", code: "game:flaxtwine", quantity: 1 }
		},
		"width": 3,
		"height": 3,
		"output": { "type": "item", "code": "clothes-upperbody-maid_dress-black", "quantity": 1 }
	},
    {
		"ingredientPattern": "_K_,CCC,FFF",
		"ingredients": {
            "K": { "type": "item", "code": "game:cloth-white", "quantity": 1}, 
			"C": { "type": "item", "code": "game:cloth-black", "quantity": 3},
			"F": { type: "item", code: "game:flaxtwine", quantity: 1 }
		},
		"width": 3,
		"height": 3,
		"output": { "type": "item", "code": "clothes-upperbody-maid_dress_collarless-black", "quantity": 1 }
	},



    {
		"ingredientPattern": "_K_,CCC,FFF",
		"ingredients": {
            "K": { "type": "item", "code": "game:cloth-white", "quantity": 2}, 
			"C": { "type": "item", "code": "game:cloth-black", "quantity": 2},
			"F": { type: "item", code: "game:flaxtwine", quantity: 1 }
		},
		"width": 3,
		"height": 3,
		"output": { "type": "item", "code": "clothes-upperbody-maid_dress_slim-black", "quantity": 1 }
	},
    {
		"ingredientPattern": "_K_,CCC,FFF",
		"ingredients": {
            "K": { "type": "item", "code": "game:cloth-white", "quantity": 1}, 
			"C": { "type": "item", "code": "game:cloth-black", "quantity": 2},
			"F": { type: "item", code: "game:flaxtwine", quantity: 1 }
		},
		"width": 3,
		"height": 3,
		"output": { "type": "item", "code": "clothes-upperbody-maid_dress_slim_collarless-black", "quantity": 1 }
	},



	{
		"ingredientPattern": "C_C,C_C,C_C",
		"ingredients": {
            "C": { "type": "item", "code": "game:cloth-white", "quantity": 1}, 
		},
		"width": 3,
		"height": 3,
		"output": { "type": "item", "code": "clothes-lowerbody-maid_stockings", "quantity": 1 }
	},
	{
		"ingredientPattern": "___,C_C,C_C",
		"ingredients": {
            "C": { "type": "item", "code": "game:cloth-white", "quantity": 1}, 
		},
		"width": 3,
		"height": 3,
		"output": { "type": "item", "code": "clothes-hand-maid_gloves", "quantity": 1 }
	},

	{
		"ingredientPattern": "___,G_G,L_L",
		"ingredients": {
            "L": { "type": "item", "code": "game:leather-normal-black", "quantity": 1}, 
			"G": { type: "item", code: "game:nugget-nativegold", quantity: 1 }
		},
		"width": 3,
		"height": 3,
		"output": { "type": "item", "code": "clothes-foot-maid_shoes", "quantity": 1 }
	},

	{
		"ingredientPattern": "CCC,F_F",
		"ingredients": {
            "C": { "type": "item", "code": "game:cloth-white", "quantity": 1},
			"F": { type: "item", code: "game:flaxtwine", quantity: 1 }
		},
		"width": 3,
		"height": 2,
		"output": { "type": "item", "code": "clothes-head-maid_bonnet", "quantity": 1 }
	}
]