[
	{
		"ingredientPattern": "CFC,CFC,K_K",
		"ingredients": {
			"C": { "type": "item", "code": "game:cloth-black", "quantity": 2},
			"K": { "type": "item", "code": "game:cloth-black", "quantity": 1},
			"F": { type: "item", code: "game:flaxtwine", quantity: 1 }
		},
		"width": 3,
		"height": 3,
		"output": { "type": "item", "code": "clothes-upperbodyover-butler_tailcoat", "quantity": 1 }
	},
    {
		"ingredientPattern": "KCK,KCK,K_K",
		"ingredients": {
            "K": { "type": "item", "code": "game:cloth-white", "quantity": 1}, 
			"C": { "type": "item", "code": "game:cloth-*", "quantity": 3, "name": "color", "allowedVariants": ["black", "white"], }
		},
		"width": 3,
		"height": 3,
		"output": { "type": "item", "code": "clothes-upperbody-butler_vest-{color}", "quantity": 1 }
	},

    {
		"ingredientPattern": "CCC,C_C,C_C",
		"ingredients": {
			"C": { "type": "item", "code": "game:cloth-black", "quantity": 2}
		},
		"width": 3,
		"height": 3,
		"output": { "type": "item", "code": "clothes-lowerbody-butler_pants", "quantity": 1 }
	},
]