{
  "code": "tablet",
  "class": "ItemBook",
  "shape": { "base": "tablet" },
  "behaviors": [
    {
      "name": "GroundStorable",
      "properties": {
        "layout": "Quadrants",
        "collisionBox": {
          "x1": 0,
          "y1": 0,
          "z1": 0,
          "x2": 1,
          "y2": 0.125,
          "z2": 1
        }
      }
    }
  ],
  "variantgroups": [
    {
      "code": "rock",
      "states": [
        "meteorite-iron",
        "redmarble",
        "whitemarble",
        "greenmarble",
        "halite",
        "kimberlite",
        "obsidian",
        "scoria",
        "suevite",
        "tuff"
      ],
      "loadFromProperties": "block/rock"
    }

  ],
  "textures": {
    "material": { "base": "game:block/stone/rock/{rock}1" }
  },
  "attributes": {
    "displaycaseable": true,
    "bookshelveable": true,
    "moldrackable": true,
    "shelvable": true,
    "editable": true,
    "readable": true,
    "maxPageCount": 1,
    "groundStorageTransform": {
      "translation": {
        "x": 0.2,
        "y": 0.05,
        "z": 0.5
      },
      "rotation": {
        "x": -3,
        "y": 12,
        "z": -7
      },
      "origin": {
        "x": 0,
        "y": 0,
        "z": 0
      },
      "scale": 0.61
    },
    "onshelfTransform": {
      "translation": {
        "x": ".30",
        "y": "-.31",
        "z": 0.65
      },
      "rotation": {
        "x": 0,
        "y": 172,
        "z": 84
      },
      "origin": {
        "x": 0.53,
        "y": 0.55,
        "z": 0
      },
      "scale": ".62"
    },
    "onmoldrackTransform": {
      "translation": {
        "x": 0.59,
        "y": 0.18,
        "z": 0.5
      },
      "rotation": {
        "x": 0,
        "y": 180,
        "z": 90
      },
      "origin": {
        "x": 0.3,
        "y": 0,
        "z": 0
      },
      "scale": 0.95
    },
    "onDisplayTransform": {
      "translation": {
        "x": 0.3,
        "y": 0.26,
        "z": 0.5
      },
      "rotation": {
        "x": 83,
        "y": 0,
        "z": 1
      },
      "origin": {
        "x": 0,
        "y": 0,
        "z": 0
      },
      "scale": 0.51
    }
  },
  "creativeinventory": {
    "general": [ "*" ],
    "items": [ "*" ]
  },
  "maxstacksize": 1,
  "materialDensity": 210,
  "fpHandTransform": {
    "translation": {
      "x": 0.15,
      "y": -0.4,
      "z": 0
    },
    "rotation": {
      "x": 56,
      "y": -8,
      "z": 44
    },
    "origin": {
      "x": 0.5,
      "y": 0.5,
      "z": 0.1
    },
    "scale": 2.18
  },
  "tpHandTransform": {
    "translation": {
      "x": -0.5,
      "y": 0,
      "z": 0.5
    },
    "rotation": {
      "x": 90,
      "y": -100,
      "z": -89
    },
    "origin": {
      "x": 0,
      "y": 0,
      "z": 0
    },
    "scale": 0.55
  },
  "groundTransform": {
    "translation": {
      "x": 0,
      "y": 0,
      "z": 0
    },
    "rotation": {
      "x": 0,
      "y": 0,
      "z": 0
    },
    "origin": {
      "x": 0,
      "y": 0,
      "z": 0
    },
    "scale": 3.2
  },
  "guiTransform": {
    "translation": {
      "x": -16,
      "y": 3,
      "z": 20
    },
    "rotation": {
      "x": 122,
      "y": -18,
      "z": -26
    },
    "origin": {
      "x": 0,
      "y": 0,
      "z": 0
    },
    "scale": 1.66
  }
}