[
	{
		ingredientPattern: "H,G,T",
		ingredients: {
			"T": { type: "item", code: "game:axe-bardiche-ruined" },
			"G": { type: "item", code: "game:gear-temporal" },
			"H": { type: "item", code: "game:hammer-*", isTool: true, toolDurabilityCost: 5 }
		},
		width: 1,
		height: 3,
		output: { type: "item", code: "vanillaarmory:axe-bardiche-relic0", quantity: 1  }
	},
	{
		ingredientPattern: "H_,GM,T_",
		ingredients: {
			"T": { type: "item", code: "vanillaarmory:axe-bardiche-relic0" },
			"G": { type: "item", code: "game:gear-temporal" },
			"M": { type: "item", code: "game:ingot-copper", "quantity": 2 },
			"H": { type: "item", code: "game:hammer-*", isTool: true, toolDurabilityCost: 5 }
		},
		width: 2,
		height: 3,
		output: { type: "item", code: "vanillaarmory:axe-bardiche-relic1", quantity: 1  }
	},
	{
		ingredientPattern: "H,M,T",
		ingredients: {
			"T": { type: "item", code: "vanillaarmory:axe-bardiche-relic1" },
			"M": { type: "item", code: "game:ingot-copper", "quantity": 2 },
			"H": { type: "item", code: "game:hammer-*", isTool: true, toolDurabilityCost: 5 }
		},
		width: 1,
		height: 3,
		averageDurability: false,
		output: { type: "item", code: "vanillaarmory:axe-bardiche-relic1", quantity: 1  }
	},
	{
		ingredientPattern: "H_,GM,T_",
		ingredients: {
			"T": { type: "item", code: "vanillaarmory:axe-bardiche-relic1" },
			"G": { type: "item", code: "game:gear-temporal" },

"M": { type: "item", code: "game:ingot-*", name: "metal", allowedVariants: ["tinbronze", "bismuthbronze", "blackbronze", ], "quantity": 2  },

			"H": { type: "item", code: "game:hammer-*", isTool: true, toolDurabilityCost: 5 }
		},
		width: 2,
		height: 3,
		output: { type: "item", code: "vanillaarmory:axe-bardiche-relic2", quantity: 1  }
	},
	{
		ingredientPattern: "H,M,T",
		ingredients: {
			"T": { type: "item", code: "vanillaarmory:axe-bardiche-relic2" },

"M": { type: "item", code: "game:ingot-*", name: "metal", allowedVariants: ["tinbronze", "bismuthbronze", "blackbronze", ], "quantity": 2  },

			"H": { type: "item", code: "game:hammer-*", isTool: true, toolDurabilityCost: 5 }
		},
		width: 1,
		height: 3,
		averageDurability: false,
		output: { type: "item", code: "vanillaarmory:axe-bardiche-relic2", quantity: 1  }
	},
	{
		ingredientPattern: "H_,GM,T_",
		ingredients: {
			"T": { type: "item", code: "vanillaarmory:axe-bardiche-relic2" },
			"G": { type: "item", code: "game:gear-temporal" },
			"M": { type: "item", code: "game:ingot-iron", "quantity": 2 },
			"H": { type: "item", code: "game:hammer-*", isTool: true, toolDurabilityCost: 5 }
		},
		width: 2,
		height: 3,
		output: { type: "item", code: "vanillaarmory:axe-bardiche-relic3", quantity: 1  }
	},
	{
		ingredientPattern: "H,M,T",
		ingredients: {
			"T": { type: "item", code: "vanillaarmory:axe-bardiche-relic3" },
			"M": { type: "item", code: "game:ingot-iron", "quantity": 2 },
			"H": { type: "item", code: "game:hammer-*", isTool: true, toolDurabilityCost: 5 }
		},
		width: 1,
		height: 3,
		averageDurability: false,
		output: { type: "item", code: "vanillaarmory:axe-bardiche-relic3", quantity: 1  }
	},
	{
		ingredientPattern: "H_,GM,T_",
		ingredients: {
			"T": { type: "item", code: "vanillaarmory:axe-bardiche-relic3" },
			"G": { type: "item", code: "game:gear-temporal" },

"M": { type: "item", code: "game:ingot-*", name: "metal", allowedVariants: ["steel", "meteoriciron", ], "quantity": 2  },

			"H": { type: "item", code: "game:hammer-*", isTool: true, toolDurabilityCost: 5 }
		},
		width: 2,
		height: 3,
		output: { type: "item", code: "vanillaarmory:axe-bardiche-relic4", quantity: 1  }
	},
	{
		ingredientPattern: "H,M,T",
		ingredients: {
			"T": { type: "item", code: "vanillaarmory:axe-bardiche-relic4" },

"M": { type: "item", code: "game:ingot-*", name: "metal", allowedVariants: ["steel", "meteoriciron", ], "quantity": 2  },

			"H": { type: "item", code: "game:hammer-*", isTool: true, toolDurabilityCost: 5 }
		},
		width: 1,
		height: 3,
		averageDurability: false,
		output: { type: "item", code: "vanillaarmory:axe-bardiche-relic4", quantity: 1  }
	},



















	{
		ingredientPattern: "H,G,T",
		ingredients: {
			"T": { type: "item", code: "game:axe-bearded-ruined" },
			"G": { type: "item", code: "game:gear-temporal" },
			"H": { type: "item", code: "game:hammer-*", isTool: true, toolDurabilityCost: 5 }
		},
		width: 1,
		height: 3,
		output: { type: "item", code: "vanillaarmory:axe-bearded-relic0", quantity: 1  }
	},
	{
		ingredientPattern: "H_,GM,T_",
		ingredients: {
			"T": { type: "item", code: "vanillaarmory:axe-bearded-relic0" },
			"G": { type: "item", code: "game:gear-temporal" },
			"M": { type: "item", code: "game:ingot-copper", "quantity": 1 },
			"H": { type: "item", code: "game:hammer-*", isTool: true, toolDurabilityCost: 5 }
		},
		width: 2,
		height: 3,
		output: { type: "item", code: "vanillaarmory:axe-bearded-relic1", quantity: 1  }
	},
	{
		ingredientPattern: "H,M,T",
		ingredients: {
			"T": { type: "item", code: "vanillaarmory:axe-bearded-relic1" },
			"M": { type: "item", code: "game:ingot-copper", "quantity": 1 },
			"H": { type: "item", code: "game:hammer-*", isTool: true, toolDurabilityCost: 5 }
		},
		width: 1,
		height: 3,
		averageDurability: false,
		output: { type: "item", code: "vanillaarmory:axe-bearded-relic1", quantity: 1  }
	},
	{
		ingredientPattern: "H_,GM,T_",
		ingredients: {
			"T": { type: "item", code: "vanillaarmory:axe-bearded-relic1" },
			"G": { type: "item", code: "game:gear-temporal" },

"M": { type: "item", code: "game:ingot-*", name: "metal", allowedVariants: ["tinbronze", "bismuthbronze", "blackbronze", ], "quantity": 1  },

			"H": { type: "item", code: "game:hammer-*", isTool: true, toolDurabilityCost: 5 }
		},
		width: 2,
		height: 3,
		output: { type: "item", code: "vanillaarmory:axe-bearded-relic2", quantity: 1  }
	},
	{
		ingredientPattern: "H,M,T",
		ingredients: {
			"T": { type: "item", code: "vanillaarmory:axe-bearded-relic2" },

"M": { type: "item", code: "game:ingot-*", name: "metal", allowedVariants: ["tinbronze", "bismuthbronze", "blackbronze", ], "quantity": 1  },

			"H": { type: "item", code: "game:hammer-*", isTool: true, toolDurabilityCost: 5 }
		},
		width: 1,
		height: 3,
		averageDurability: false,
		output: { type: "item", code: "vanillaarmory:axe-bearded-relic2", quantity: 1  }
	},
	{
		ingredientPattern: "H_,GM,T_",
		ingredients: {
			"T": { type: "item", code: "vanillaarmory:axe-bearded-relic2" },
			"G": { type: "item", code: "game:gear-temporal" },
			"M": { type: "item", code: "game:ingot-iron", "quantity": 1 },
			"H": { type: "item", code: "game:hammer-*", isTool: true, toolDurabilityCost: 5 }
		},
		width: 2,
		height: 3,
		output: { type: "item", code: "vanillaarmory:axe-bearded-relic3", quantity: 1  }
	},
	{
		ingredientPattern: "H,M,T",
		ingredients: {
			"T": { type: "item", code: "vanillaarmory:axe-bearded-relic3" },
			"M": { type: "item", code: "game:ingot-iron", "quantity": 1 },
			"H": { type: "item", code: "game:hammer-*", isTool: true, toolDurabilityCost: 5 }
		},
		width: 1,
		height: 3,
		averageDurability: false,
		output: { type: "item", code: "vanillaarmory:axe-bearded-relic3", quantity: 1  }
	},
	{
		ingredientPattern: "H_,GM,T_",
		ingredients: {
			"T": { type: "item", code: "vanillaarmory:axe-bearded-relic3" },
			"G": { type: "item", code: "game:gear-temporal" },

"M": { type: "item", code: "game:ingot-*", name: "metal", allowedVariants: ["steel", "meteoriciron", ], "quantity": 1  },

			"H": { type: "item", code: "game:hammer-*", isTool: true, toolDurabilityCost: 5 }
		},
		width: 2,
		height: 3,
		output: { type: "item", code: "vanillaarmory:axe-bearded-relic4", quantity: 1  }
	},
	{
		ingredientPattern: "H,M,T",
		ingredients: {
			"T": { type: "item", code: "vanillaarmory:axe-bearded-relic4" },

"M": { type: "item", code: "game:ingot-*", name: "metal", allowedVariants: ["steel", "meteoriciron", ], "quantity": 1  },

			"H": { type: "item", code: "game:hammer-*", isTool: true, toolDurabilityCost: 5 }
		},
		width: 1,
		height: 3,
		averageDurability: false,
		output: { type: "item", code: "vanillaarmory:axe-bearded-relic4", quantity: 1  }
	},












	{
		ingredientPattern: "H,G,T",
		ingredients: {
			"T": { type: "item", code: "game:axe-battle-ruined" },
			"G": { type: "item", code: "game:gear-temporal" },
			"H": { type: "item", code: "game:hammer-*", isTool: true, toolDurabilityCost: 5 }
		},
		width: 1,
		height: 3,
		output: { type: "item", code: "vanillaarmory:axe-battle-relic0", quantity: 1  }
	},
	{
		ingredientPattern: "H_,GM,T_",
		ingredients: {
			"T": { type: "item", code: "vanillaarmory:axe-battle-relic0" },
			"G": { type: "item", code: "game:gear-temporal" },
			"M": { type: "item", code: "game:ingot-copper", "quantity": 1 },
			"H": { type: "item", code: "game:hammer-*", isTool: true, toolDurabilityCost: 5 }
		},
		width: 2,
		height: 3,
		output: { type: "item", code: "vanillaarmory:axe-battle-relic1", quantity: 1  }
	},
	{
		ingredientPattern: "H,M,T",
		ingredients: {
			"T": { type: "item", code: "vanillaarmory:axe-battle-relic1" },
			"M": { type: "item", code: "game:ingot-copper", "quantity": 1 },
			"H": { type: "item", code: "game:hammer-*", isTool: true, toolDurabilityCost: 5 }
		},
		width: 1,
		height: 3,
		averageDurability: false,
		output: { type: "item", code: "vanillaarmory:axe-battle-relic1", quantity: 1  }
	},
	{
		ingredientPattern: "H_,GM,T_",
		ingredients: {
			"T": { type: "item", code: "vanillaarmory:axe-battle-relic1" },
			"G": { type: "item", code: "game:gear-temporal" },

"M": { type: "item", code: "game:ingot-*", name: "metal", allowedVariants: ["tinbronze", "bismuthbronze", "blackbronze", ], "quantity": 1  },

			"H": { type: "item", code: "game:hammer-*", isTool: true, toolDurabilityCost: 5 }
		},
		width: 2,
		height: 3,
		output: { type: "item", code: "vanillaarmory:axe-battle-relic2", quantity: 1  }
	},
	{
		ingredientPattern: "H,M,T",
		ingredients: {
			"T": { type: "item", code: "vanillaarmory:axe-battle-relic2" },

"M": { type: "item", code: "game:ingot-*", name: "metal", allowedVariants: ["tinbronze", "bismuthbronze", "blackbronze", ], "quantity": 1  },

			"H": { type: "item", code: "game:hammer-*", isTool: true, toolDurabilityCost: 5 }
		},
		width: 1,
		height: 3,
		averageDurability: false,
		output: { type: "item", code: "vanillaarmory:axe-battle-relic2", quantity: 1  }
	},
	{
		ingredientPattern: "H_,GM,T_",
		ingredients: {
			"T": { type: "item", code: "vanillaarmory:axe-battle-relic2" },
			"G": { type: "item", code: "game:gear-temporal" },
			"M": { type: "item", code: "game:ingot-iron", "quantity": 1 },
			"H": { type: "item", code: "game:hammer-*", isTool: true, toolDurabilityCost: 5 }
		},
		width: 2,
		height: 3,
		output: { type: "item", code: "vanillaarmory:axe-battle-relic3", quantity: 1  }
	},
	{
		ingredientPattern: "H,M,T",
		ingredients: {
			"T": { type: "item", code: "vanillaarmory:axe-battle-relic3" },
			"M": { type: "item", code: "game:ingot-iron", "quantity": 1 },
			"H": { type: "item", code: "game:hammer-*", isTool: true, toolDurabilityCost: 5 }
		},
		width: 1,
		height: 3,
		averageDurability: false,
		output: { type: "item", code: "vanillaarmory:axe-battle-relic3", quantity: 1  }
	},
	{
		ingredientPattern: "H_,GM,T_",
		ingredients: {
			"T": { type: "item", code: "vanillaarmory:axe-battle-relic3" },
			"G": { type: "item", code: "game:gear-temporal" },

"M": { type: "item", code: "game:ingot-*", name: "metal", allowedVariants: ["steel", "meteoriciron", ], "quantity": 1  },

			"H": { type: "item", code: "game:hammer-*", isTool: true, toolDurabilityCost: 5 }
		},
		width: 2,
		height: 3,
		output: { type: "item", code: "vanillaarmory:axe-battle-relic4", quantity: 1  }
	},
	{
		ingredientPattern: "H,M,T",
		ingredients: {
			"T": { type: "item", code: "vanillaarmory:axe-battle-relic4" },

"M": { type: "item", code: "game:ingot-*", name: "metal", allowedVariants: ["steel", "meteoriciron", ], "quantity": 1  },

			"H": { type: "item", code: "game:hammer-*", isTool: true, toolDurabilityCost: 5 }
		},
		width: 1,
		height: 3,
		averageDurability: false,
		output: { type: "item", code: "vanillaarmory:axe-battle-relic4", quantity: 1  }
	},















	{
		ingredientPattern: "H,G,T",
		ingredients: {
			"T": { type: "item", code: "game:axe-double-ruined" },
			"G": { type: "item", code: "game:gear-temporal" },
			"H": { type: "item", code: "game:hammer-*", isTool: true, toolDurabilityCost: 5 }
		},
		width: 1,
		height: 3,
		output: { type: "item", code: "vanillaarmory:axe-double-relic0", quantity: 1  }
	},
	{
		ingredientPattern: "H_,GM,T_",
		ingredients: {
			"T": { type: "item", code: "vanillaarmory:axe-double-relic0" },
			"G": { type: "item", code: "game:gear-temporal" },
			"M": { type: "item", code: "game:ingot-copper", "quantity": 2 },
			"H": { type: "item", code: "game:hammer-*", isTool: true, toolDurabilityCost: 5 }
		},
		width: 2,
		height: 3,
		output: { type: "item", code: "vanillaarmory:axe-double-relic1", quantity: 1  }
	},
	{
		ingredientPattern: "H,M,T",
		ingredients: {
			"T": { type: "item", code: "vanillaarmory:axe-double-relic1" },
			"M": { type: "item", code: "game:ingot-copper", "quantity": 2 },
			"H": { type: "item", code: "game:hammer-*", isTool: true, toolDurabilityCost: 5 }
		},
		width: 1,
		height: 3,
		averageDurability: false,
		output: { type: "item", code: "vanillaarmory:axe-double-relic1", quantity: 1  }
	},
	{
		ingredientPattern: "H_,GM,T_",
		ingredients: {
			"T": { type: "item", code: "vanillaarmory:axe-double-relic1" },
			"G": { type: "item", code: "game:gear-temporal" },

"M": { type: "item", code: "game:ingot-*", name: "metal", allowedVariants: ["tinbronze", "bismuthbronze", "blackbronze", ], "quantity": 2  },

			"H": { type: "item", code: "game:hammer-*", isTool: true, toolDurabilityCost: 5 }
		},
		width: 2,
		height: 3,
		output: { type: "item", code: "vanillaarmory:axe-double-relic2", quantity: 1  }
	},
	{
		ingredientPattern: "H,M,T",
		ingredients: {
			"T": { type: "item", code: "vanillaarmory:axe-double-relic2" },

"M": { type: "item", code: "game:ingot-*", name: "metal", allowedVariants: ["tinbronze", "bismuthbronze", "blackbronze", ], "quantity": 2  },

			"H": { type: "item", code: "game:hammer-*", isTool: true, toolDurabilityCost: 5 }
		},
		width: 1,
		height: 3,
		averageDurability: false,
		output: { type: "item", code: "vanillaarmory:axe-double-relic2", quantity: 1  }
	},
	{
		ingredientPattern: "H_,GM,T_",
		ingredients: {
			"T": { type: "item", code: "vanillaarmory:axe-double-relic2" },
			"G": { type: "item", code: "game:gear-temporal" },
			"M": { type: "item", code: "game:ingot-iron", "quantity": 2 },
			"H": { type: "item", code: "game:hammer-*", isTool: true, toolDurabilityCost: 5 }
		},
		width: 2,
		height: 3,
		output: { type: "item", code: "vanillaarmory:axe-double-relic3", quantity: 1  }
	},
	{
		ingredientPattern: "H,M,T",
		ingredients: {
			"T": { type: "item", code: "vanillaarmory:axe-double-relic3" },
			"M": { type: "item", code: "game:ingot-iron", "quantity": 2 },
			"H": { type: "item", code: "game:hammer-*", isTool: true, toolDurabilityCost: 5 }
		},
		width: 1,
		height: 3,
		averageDurability: false,
		output: { type: "item", code: "vanillaarmory:axe-double-relic3", quantity: 1  }
	},
	{
		ingredientPattern: "H_,GM,T_",
		ingredients: {
			"T": { type: "item", code: "vanillaarmory:axe-double-relic3" },
			"G": { type: "item", code: "game:gear-temporal" },

"M": { type: "item", code: "game:ingot-*", name: "metal", allowedVariants: ["steel", "meteoriciron", ], "quantity": 2  },

			"H": { type: "item", code: "game:hammer-*", isTool: true, toolDurabilityCost: 5 }
		},
		width: 2,
		height: 3,
		output: { type: "item", code: "vanillaarmory:axe-double-relic4", quantity: 1  }
	},
	{
		ingredientPattern: "H,M,T",
		ingredients: {
			"T": { type: "item", code: "vanillaarmory:axe-double-relic4" },

"M": { type: "item", code: "game:ingot-*", name: "metal", allowedVariants: ["steel", "meteoriciron", ], "quantity": 2  },

			"H": { type: "item", code: "game:hammer-*", isTool: true, toolDurabilityCost: 5 }
		},
		width: 1,
		height: 3,
		averageDurability: false,
		output: { type: "item", code: "vanillaarmory:axe-double-relic4", quantity: 1  }
	},
	{
		ingredientPattern: "H,M,T",
		ingredients: {
			"T": { type: "item", code: "vanillaarmory:axe-*-relic5", name: "axe", allowedVariants: ["bearded", "battle"] },
			"M": { type: "item", code: "game:crushed-ilmenite", "quantity": 1  },
			"H": { type: "item", code: "game:hammer-*", isTool: true, toolDurabilityCost: 5 }
		},
		width: 1,
		height: 3,
		averageDurability: false,
		output: { type: "item", code: "vanillaarmory:axe-{axe}-relic5", quantity: 1  }
	},
	{
		ingredientPattern: "H__,GMD,T__",
		ingredients: {
			"T": { type: "item", code: "vanillaarmory:axe-*-relic4", name: "axe", allowedVariants: ["bearded", "battle"] },
			"G": { type: "item", code: "game:gear-temporal" },
			"M": { type: "item", code: "game:crushed-ilmenite", "quantity": 1  },
			"D": { type: "item", code: "game:gem-diamond-rough"},
			"H": { type: "item", code: "game:hammer-*", isTool: true, toolDurabilityCost: 5 }
		},
		width: 3,
		height: 3,
		output: { type: "item", code: "vanillaarmory:axe-{axe}-relic5", quantity: 1  }
	},
	{
		ingredientPattern: "H,M,T",
		ingredients: {
			"T": { type: "item", code: "vanillaarmory:axe-*-relic5", name: "axe", allowedVariants: ["bardiche", "double"] },
			"M": { type: "item", code: "game:crushed-ilmenite", "quantity": 2  },
			"H": { type: "item", code: "game:hammer-*", isTool: true, toolDurabilityCost: 5 }
		},
		width: 1,
		height: 3,
		averageDurability: false,
		output: { type: "item", code: "vanillaarmory:axe-{axe}-relic5", quantity: 1  }
	},
	{
		ingredientPattern: "H__,GMD,T__",
		ingredients: {
			"T": { type: "item", code: "vanillaarmory:axe-*-relic4", name: "axe", allowedVariants: ["bardiche", "double"] },
			"G": { type: "item", code: "game:gear-temporal" },
			"M": { type: "item", code: "game:crushed-ilmenite", "quantity": 2  },
			"D": { type: "item", code: "game:gem-diamond-rough"},
			"H": { type: "item", code: "game:hammer-*", isTool: true, toolDurabilityCost: 5 }
		},
		width: 3,
		height: 3,
		output: { type: "item", code: "vanillaarmory:axe-{axe}-relic5", quantity: 1  }
	}


]