[
	{
		ingredientPattern: "_S_,SBS,_S_",
		ingredients: {
			"S": { type: "item", code: "game:stick" },
			"B": { type: "item", code: "game:bamboostakes" }
		},
		width: 3,
		height: 3,
		output: { type: "item", code: "vanillaarmory:buckler-crude", quantity: 1  }
	},
	{
		ingredientPattern: "_S_,SBS,_S_",
		ingredients: {
			"S": { type: "item", code: "game:stick" },
			"B": { type: "item", code: "game:cattailtops" }
		},
		width: 3,
		height: 3,
		output: { type: "item", code: "vanillaarmory:buckler-crude", quantity: 1  }
	},
	{
		ingredientPattern: "_S_,SBS,_S_",
		ingredients: {
			"S": { type: "item", code: "game:stick" },
			"B": { type: "item", code: "game:papyrustops" }
		},
		width: 3,
		height: 3,
		output: { type: "item", code: "vanillaarmory:buckler-crude", quantity: 1  }
	},
	{
		ingredientPattern: "_H_,B_B,_B_",
		ingredients: {
			"B": { type: "item", code: "game:plank-*", name: "wood", quantity: 1 },
			"H": { type: "item", code: "game:hoop-*", name: "metal", allowedVariants: ["tinbronze", "bismuthbronze", "blackbronze", "iron", "meteoriciron", "steel", "gold", "silver"], quantity: 1 },
		},
		width: 3,
		height: 3,
		output: { type: "item", code: "vanillaarmory:buckler-woodmetal", quantity: 1, attributes: { "metal": "{metal}", "wood": "{wood}", "deco": "none" }  }
	},




	{
		ingredientPattern: "LHL,B_B,LBL",
		ingredients: {
			
			"H": { type: "item", code: "game:hoop-*", name: "metal", allowedVariants: ["tinbronze", "bismuthbronze", "blackbronze", "iron", "meteoriciron", "steel", "gold", "silver"], quantity: 1 },
			"B": { type: "item", code: "game:plank-*", name: "wood", quantity: 1 },
			"L": { type: "item", code: "game:leather-normal-*", name: "color", allowedVariants: ["orange", "black", "red", "blue", "purple", "white", "yellow", "gray", "green"], quantity: 1 },
		},
		width: 3,
		height: 3,
		output: { type: "item", code: "vanillaarmory:buckler-woodmetalleather", quantity: 1, attributes: { "metal": "{metal}", "wood": "generic", "color": "{color}", "deco": "none" }  }
	},





	{
		ingredientPattern: "LHL,B_B,LBL",
		ingredients: {
			
			"H": { type: "item", code: "game:hoop-*", name: "metal", allowedVariants: ["tinbronze", "bismuthbronze", "blackbronze", "iron", "meteoriciron", "steel", "gold", "silver"], quantity: 1 },
			"B": { type: "item", code: "game:plank-*", name: "wood", quantity: 1 },
			"L": { type: "item", code: "game:leather-normal-plain", quantity: 1 },
		},
		width: 3,
		height: 3,
		output: { type: "item", code: "vanillaarmory:buckler-woodmetalleather", quantity: 1, attributes: { "metal": "{metal}", "wood": "generic", "color": "brown", "deco": "none" }  }
	},




	{
		ingredientPattern: "LHL,B_B,LBL",
		ingredients: {
			
			"H": { type: "item", code: "game:hoop-*", name: "metal", allowedVariants: ["tinbronze", "bismuthbronze", "blackbronze", "iron", "meteoriciron", "steel", "gold", "silver"], quantity: 1 },
			"B": { type: "item", code: "game:plank-*", name: "wood", quantity: 1 },
			"L": { type: "item", code: "game:leather-normal-pink", quantity: 1 },
		},
		width: 3,
		height: 3,
		output: { type: "item", code: "vanillaarmory:buckler-woodmetalleather", quantity: 1, attributes: { "metal": "{metal}", "wood": "generic", "color": "pink", "deco": "none" }  }
	},






	{
		ingredientPattern: "SHW,B_B,OBG",
		requiresTrait: "clothier",
		ingredients: {
			
			"H": { type: "item", code: "game:hoop-*", name: "metal", allowedVariants: ["tinbronze", "bismuthbronze", "blackbronze", "iron", "meteoriciron", "steel", "gold", "silver"], quantity: 1 },
			"B": { type: "item", code: "game:plank-*", name: "wood", quantity: 1 },
			"W": { type: "item", code: "game:leather-normal-white", quantity: 2 },
			"G": { type: "item", code: "game:leather-normal-yellow", quantity: 1 },
			"O": { type: "item", code: "game:leather-normal-orange", quantity: 1 },
			"S": { type: "item", code: "game:sewingkit", quantity: 1 },
		},
		width: 3,
		height: 3,
		output: { type: "item", code: "vanillaarmory:buckler-woodmetalleather", quantity: 1, attributes: { "metal": "{metal}", "wood": "generic", "color": "white", "deco": "ornate" }  }
	},









	{
		ingredientPattern: "SHW,B_B,OBG",
		requiresTrait: "clothier",
		ingredients: {
			
			"H": { type: "item", code: "game:hoop-*", name: "metal", allowedVariants: ["tinbronze", "bismuthbronze", "blackbronze", "iron", "meteoriciron", "steel", "gold", "silver"], quantity: 1 },
			"B": { type: "item", code: "game:plank-*", name: "wood", quantity: 1 },
			"W": { type: "item", code: "game:leather-normal-black", quantity: 2 },
			"G": { type: "item", code: "game:leather-normal-yellow", quantity: 1 },
			"O": { type: "item", code: "game:leather-normal-red", quantity: 1 },
			"S": { type: "item", code: "game:sewingkit", quantity: 1 },
		},
		width: 3,
		height: 3,
		output: { type: "item", code: "vanillaarmory:buckler-woodmetalleather", quantity: 1, attributes: { "metal": "{metal}", "wood": "generic", "color": "black", "deco": "ornate" }  }
	},







	{
		ingredientPattern: "SHW,B_B,OBG",
		requiresTrait: "clothier",
		ingredients: {
			
			"H": { type: "item", code: "game:hoop-*", name: "metal", allowedVariants: ["tinbronze", "bismuthbronze", "blackbronze", "iron", "meteoriciron", "steel", "gold", "silver"], quantity: 1 },
			"B": { type: "item", code: "game:plank-*", name: "wood", quantity: 1 },
			"W": { type: "item", code: "game:leather-normal-blue", quantity: 2 },
			"G": { type: "item", code: "game:leather-normal-yellow", quantity: 1 },
			"O": { type: "item", code: "game:leather-normal-green", quantity: 1 },
			"S": { type: "item", code: "game:sewingkit", quantity: 1 },
		},
		width: 3,
		height: 3,
		output: { type: "item", code: "vanillaarmory:buckler-woodmetalleather", quantity: 1, attributes: { "metal": "{metal}", "wood": "generic", "color": "blue", "deco": "ornate" }  }
	},








	{
		ingredientPattern: "SHW,B_B,OBG",
		requiresTrait: "clothier",
		ingredients: {
			
			"H": { type: "item", code: "game:hoop-*", name: "metal", allowedVariants: ["tinbronze", "bismuthbronze", "blackbronze", "iron", "meteoriciron", "steel", "gold", "silver"], quantity: 1 },
			"B": { type: "item", code: "game:plank-*", name: "wood", quantity: 1 },
			"W": { type: "item", code: "game:leather-normal-plain", quantity: 2 },
			"G": { type: "item", code: "game:leather-normal-gray", quantity: 1 },
			"O": { type: "item", code: "game:leather-normal-green", quantity: 1 },
			"S": { type: "item", code: "game:sewingkit", quantity: 1 },
		},
		width: 3,
		height: 3,
		output: { type: "item", code: "vanillaarmory:buckler-woodmetalleather", quantity: 1, attributes: { "metal": "{metal}", "wood": "generic", "color": "brown", "deco": "ornate" }  }
	},







	{
		ingredientPattern: "SHW,B_B,OBG",
		requiresTrait: "clothier",
		ingredients: {
			
			"H": { type: "item", code: "game:hoop-*", name: "metal", allowedVariants: ["tinbronze", "bismuthbronze", "blackbronze", "iron", "meteoriciron", "steel", "gold", "silver"], quantity: 1 },
			"B": { type: "item", code: "game:plank-*", name: "wood", quantity: 1 },
			"W": { type: "item", code: "game:leather-normal-gray", quantity: 2 },
			"G": { type: "item", code: "game:leather-normal-white", quantity: 1 },
			"O": { type: "item", code: "game:leather-normal-purple", quantity: 1 },
			"S": { type: "item", code: "game:sewingkit", quantity: 1 },
		},
		width: 3,
		height: 3,
		output: { type: "item", code: "vanillaarmory:buckler-woodmetalleather", quantity: 1, attributes: { "metal": "{metal}", "wood": "generic", "color": "gray", "deco": "ornate" }  }
	},






	{
		ingredientPattern: "SHW,B_B,OBG",
		requiresTrait: "clothier",
		ingredients: {
			
			"H": { type: "item", code: "game:hoop-*", name: "metal", allowedVariants: ["tinbronze", "bismuthbronze", "blackbronze", "iron", "meteoriciron", "steel", "gold", "silver"], quantity: 1 },
			"B": { type: "item", code: "game:plank-*", name: "wood", quantity: 1 },
			"W": { type: "item", code: "game:leather-normal-green", quantity: 2 },
			"G": { type: "item", code: "game:leather-normal-gray", quantity: 1 },
			"O": { type: "item", code: "game:leather-normal-yellow", quantity: 1 },
			"S": { type: "item", code: "game:sewingkit", quantity: 1 },
		},
		width: 3,
		height: 3,
		output: { type: "item", code: "vanillaarmory:buckler-woodmetalleather", quantity: 1, attributes: { "metal": "{metal}", "wood": "generic", "color": "green", "deco": "ornate" }  }
	},







	{
		ingredientPattern: "SHW,B_B,OBG",
		requiresTrait: "clothier",
		ingredients: {
			
			"H": { type: "item", code: "game:hoop-*", name: "metal", allowedVariants: ["tinbronze", "bismuthbronze", "blackbronze", "iron", "meteoriciron", "steel", "gold", "silver"], quantity: 1 },
			"B": { type: "item", code: "game:plank-*", name: "wood", quantity: 1 },
			"W": { type: "item", code: "game:leather-normal-orange", quantity: 2 },
			"G": { type: "item", code: "game:leather-normal-blue", quantity: 1 },
			"O": { type: "item", code: "game:leather-normal-green", quantity: 1 },
			"S": { type: "item", code: "game:sewingkit", quantity: 1 },
		},
		width: 3,
		height: 3,
		output: { type: "item", code: "vanillaarmory:buckler-woodmetalleather", quantity: 1, attributes: { "metal": "{metal}", "wood": "generic", "color": "orange", "deco": "ornate" }  }
	},





	{
		ingredientPattern: "SHW,B_B,OBG",
		requiresTrait: "clothier",
		ingredients: {
			
			"H": { type: "item", code: "game:hoop-*", name: "metal", allowedVariants: ["tinbronze", "bismuthbronze", "blackbronze", "iron", "meteoriciron", "steel", "gold", "silver"], quantity: 1 },
			"B": { type: "item", code: "game:plank-*", name: "wood", quantity: 1 },
			"W": { type: "item", code: "game:leather-normal-pink", quantity: 2 },
			"G": { type: "item", code: "game:leather-normal-white", quantity: 1 },
			"O": { type: "item", code: "game:leather-normal-green", quantity: 1 },
			"S": { type: "item", code: "game:sewingkit", quantity: 1 },
		},
		width: 3,
		height: 3,
		output: { type: "item", code: "vanillaarmory:buckler-woodmetalleather", quantity: 1, attributes: { "metal": "{metal}", "wood": "generic", "color": "pink", "deco": "ornate" }  }
	},







	{
		ingredientPattern: "SHW,B_B,OBG",
		requiresTrait: "clothier",
		ingredients: {
			
			"H": { type: "item", code: "game:hoop-*", name: "metal", allowedVariants: ["tinbronze", "bismuthbronze", "blackbronze", "iron", "meteoriciron", "steel", "gold", "silver"], quantity: 1 },
			"B": { type: "item", code: "game:plank-*", name: "wood", quantity: 1 },
			"W": { type: "item", code: "game:leather-normal-purple", quantity: 2 },
			"G": { type: "item", code: "game:leather-normal-gray", quantity: 1 },
			"O": { type: "item", code: "game:leather-normal-pink", quantity: 1 },
			"S": { type: "item", code: "game:sewingkit", quantity: 1 },
		},
		width: 3,
		height: 3,
		output: { type: "item", code: "vanillaarmory:buckler-woodmetalleather", quantity: 1, attributes: { "metal": "{metal}", "wood": "generic", "color": "purple", "deco": "ornate" }  }
	},






	{
		ingredientPattern: "SHW,B_B,OBG",
		requiresTrait: "clothier",
		ingredients: {
			
			"H": { type: "item", code: "game:hoop-*", name: "metal", allowedVariants: ["tinbronze", "bismuthbronze", "blackbronze", "iron", "meteoriciron", "steel", "gold", "silver"], quantity: 1 },
			"B": { type: "item", code: "game:plank-*", name: "wood", quantity: 1 },
			"W": { type: "item", code: "game:leather-normal-red", quantity: 2 },
			"G": { type: "item", code: "game:leather-normal-gray", quantity: 1 },
			"O": { type: "item", code: "game:leather-normal-white", quantity: 1 },
			"S": { type: "item", code: "game:sewingkit", quantity: 1 },
		},
		width: 3,
		height: 3,
		output: { type: "item", code: "vanillaarmory:buckler-woodmetalleather", quantity: 1, attributes: { "metal": "{metal}", "wood": "generic", "color": "red", "deco": "ornate" }  }
	},






	{
		ingredientPattern: "SHW,B_B,OBG",
		requiresTrait: "clothier",
		ingredients: {
			
			"H": { type: "item", code: "game:hoop-*", name: "metal", allowedVariants: ["tinbronze", "bismuthbronze", "blackbronze", "iron", "meteoriciron", "steel", "gold", "silver"], quantity: 1 },
			"B": { type: "item", code: "game:plank-*", name: "wood", quantity: 1 },
			"W": { type: "item", code: "game:leather-normal-yellow", quantity: 2 },
			"G": { type: "item", code: "game:leather-normal-black", quantity: 1 },
			"O": { type: "item", code: "game:leather-normal-white", quantity: 1 },
			"S": { type: "item", code: "game:sewingkit", quantity: 1 },
		},
		width: 3,
		height: 3,
		output: { type: "item", code: "vanillaarmory:buckler-woodmetalleather", quantity: 1, attributes: { "metal": "{metal}", "wood": "generic", "color": "yellow", "deco": "ornate" }  }
	},









	{
		ingredientPattern: "GHW,B_B,WBG",
		ingredients: {
			
			"H": { type: "item", code: "game:hoop-*", name: "metal", allowedVariants: ["tinbronze", "bismuthbronze", "blackbronze", "iron", "meteoriciron", "steel", "gold", "silver"], quantity: 1 },
			"B": { type: "item", code: "game:plank-*", name: "wood", quantity: 1 },
			"W": { type: "item", code: "game:leather-normal-black", quantity: 1 },
			"G": { type: "item", code: "game:leather-normal-orange", quantity: 1 },
		},
		width: 3,
		height: 3,
		output: { type: "item", code: "vanillaarmory:buckler-woodmetalleather", quantity: 1, attributes: { "metal": "{metal}", "wood": "generic", "color": "redblack", "deco": "none" }  }
	},






	{
		ingredientPattern: "_H_,P_P",
		ingredients: {
			
			"H": { type: "item", code: "game:hoop-*", name: "metal", allowedVariants: ["tinbronze", "bismuthbronze", "blackbronze", "iron", "meteoriciron", "steel", "gold", "silver"], quantity: 1 },
			"P": { type: "item", code: "game:metalplate-*", name: "metal", allowedVariants: ["tinbronze", "bismuthbronze", "blackbronze", "iron", "meteoriciron", "steel", "gold", "silver"], quantity: 1 },
		},
		width: 3,
		height: 2,
		output: { type: "item", code: "vanillaarmory:buckler-metal", quantity: 1, attributes: { "metal": "{metal}", "deco": "none" }  }
	},







	{
		ingredientPattern: "SHW,P_P,Y_O",
		requiresTrait: "clothier",
		ingredients: {
			
			"H": { type: "item", code: "game:hoop-*", name: "metal", allowedVariants: ["tinbronze", "bismuthbronze", "blackbronze", "iron", "meteoriciron", "steel", "gold", "silver"], quantity: 1 },
			"P": { type: "item", code: "game:metalplate-*", name: "metal", allowedVariants: ["tinbronze", "bismuthbronze", "blackbronze", "iron", "meteoriciron", "steel", "gold", "silver"], quantity: 1 },
			"W": { type: "item", code: "game:leather-normal-white", quantity: 2 },
			"Y": { type: "item", code: "game:leather-normal-yellow", quantity: 1 },
			"O": { type: "item", code: "game:leather-normal-orange", quantity: 1 },
			"S": { type: "item", code: "game:sewingkit", quantity: 1 },
		},
		width: 3,
		height: 3,
		output: { type: "item", code: "vanillaarmory:buckler-metal", quantity: 1, attributes: { "metal": "{metal}", "color": "white", "deco": "ornate" }  }
	},








	{
		ingredientPattern: "SHW,P_P,Y_O",
		requiresTrait: "clothier",
		ingredients: {
			
			"H": { type: "item", code: "game:hoop-*", name: "metal", allowedVariants: ["tinbronze", "bismuthbronze", "blackbronze", "iron", "meteoriciron", "steel", "gold", "silver"], quantity: 1 },
			"P": { type: "item", code: "game:metalplate-*", name: "metal", allowedVariants: ["tinbronze", "bismuthbronze", "blackbronze", "iron", "meteoriciron", "steel", "gold", "silver"], quantity: 1 },
			"W": { type: "item", code: "game:leather-normal-black", quantity: 2 },
			"Y": { type: "item", code: "game:leather-normal-red", quantity: 1 },
			"O": { type: "item", code: "game:leather-normal-yellow", quantity: 1 },
			"S": { type: "item", code: "game:sewingkit", quantity: 1 },
		},
		width: 3,
		height: 3,
		output: { type: "item", code: "vanillaarmory:buckler-metal", quantity: 1, attributes: { "metal": "{metal}", "color": "black", "deco": "ornate" }  }
	},









	{
		ingredientPattern: "SHW,P_P,Y_O",
		requiresTrait: "clothier",
		ingredients: {
			
			"H": { type: "item", code: "game:hoop-*", name: "metal", allowedVariants: ["tinbronze", "bismuthbronze", "blackbronze", "iron", "meteoriciron", "steel", "gold", "silver"], quantity: 1 },
			"P": { type: "item", code: "game:metalplate-*", name: "metal", allowedVariants: ["tinbronze", "bismuthbronze", "blackbronze", "iron", "meteoriciron", "steel", "gold", "silver"], quantity: 1 },
			"W": { type: "item", code: "game:leather-normal-blue", quantity: 2 },
			"Y": { type: "item", code: "game:leather-normal-green", quantity: 1 },
			"O": { type: "item", code: "game:leather-normal-yellow", quantity: 1 },
			"S": { type: "item", code: "game:sewingkit", quantity: 1 },
		},
		width: 3,
		height: 3,
		output: { type: "item", code: "vanillaarmory:buckler-metal", quantity: 1, attributes: { "metal": "{metal}", "color": "blue", "deco": "ornate" }  }
	},







	{
		ingredientPattern: "SHW,P_P,Y_O",
		requiresTrait: "clothier",
		ingredients: {
			
			"H": { type: "item", code: "game:hoop-*", name: "metal", allowedVariants: ["tinbronze", "bismuthbronze", "blackbronze", "iron", "meteoriciron", "steel", "gold", "silver"], quantity: 1 },
			"P": { type: "item", code: "game:metalplate-*", name: "metal", allowedVariants: ["tinbronze", "bismuthbronze", "blackbronze", "iron", "meteoriciron", "steel", "gold", "silver"], quantity: 1 },
			"W": { type: "item", code: "game:leather-normal-plain", quantity: 2 },
			"Y": { type: "item", code: "game:leather-normal-green", quantity: 1 },
			"O": { type: "item", code: "game:leather-normal-gray", quantity: 1 },
			"S": { type: "item", code: "game:sewingkit", quantity: 1 },
		},
		width: 3,
		height: 3,
		output: { type: "item", code: "vanillaarmory:buckler-metal", quantity: 1, attributes: { "metal": "{metal}", "color": "brown", "deco": "ornate" }  }
	},






	{
		ingredientPattern: "SHW,P_P,Y_O",
		requiresTrait: "clothier",
		ingredients: {
			
			"H": { type: "item", code: "game:hoop-*", name: "metal", allowedVariants: ["tinbronze", "bismuthbronze", "blackbronze", "iron", "meteoriciron", "steel", "gold", "silver"], quantity: 1 },
			"P": { type: "item", code: "game:metalplate-*", name: "metal", allowedVariants: ["tinbronze", "bismuthbronze", "blackbronze", "iron", "meteoriciron", "steel", "gold", "silver"], quantity: 1 },
			"W": { type: "item", code: "game:leather-normal-gray", quantity: 2 },
			"Y": { type: "item", code: "game:leather-normal-purple", quantity: 1 },
			"O": { type: "item", code: "game:leather-normal-white", quantity: 1 },
			"S": { type: "item", code: "game:sewingkit", quantity: 1 },
		},
		width: 3,
		height: 3,
		output: { type: "item", code: "vanillaarmory:buckler-metal", quantity: 1, attributes: { "metal": "{metal}", "color": "gray", "deco": "ornate" }  }
	},








	{
		ingredientPattern: "SHW,P_P,Y_O",
		requiresTrait: "clothier",
		ingredients: {
			
			"H": { type: "item", code: "game:hoop-*", name: "metal", allowedVariants: ["tinbronze", "bismuthbronze", "blackbronze", "iron", "meteoriciron", "steel", "gold", "silver"], quantity: 1 },
			"P": { type: "item", code: "game:metalplate-*", name: "metal", allowedVariants: ["tinbronze", "bismuthbronze", "blackbronze", "iron", "meteoriciron", "steel", "gold", "silver"], quantity: 1 },
			"W": { type: "item", code: "game:leather-normal-green", quantity: 2 },
			"Y": { type: "item", code: "game:leather-normal-yellow", quantity: 1 },
			"O": { type: "item", code: "game:leather-normal-gray", quantity: 1 },
			"S": { type: "item", code: "game:sewingkit", quantity: 1 },
		},
		width: 3,
		height: 3,
		output: { type: "item", code: "vanillaarmory:buckler-metal", quantity: 1, attributes: { "metal": "{metal}", "color": "green", "deco": "ornate" }  }
	},





	{
		ingredientPattern: "SHW,P_P,Y_O",
		requiresTrait: "clothier",
		ingredients: {
			
			"H": { type: "item", code: "game:hoop-*", name: "metal", allowedVariants: ["tinbronze", "bismuthbronze", "blackbronze", "iron", "meteoriciron", "steel", "gold", "silver"], quantity: 1 },
			"P": { type: "item", code: "game:metalplate-*", name: "metal", allowedVariants: ["tinbronze", "bismuthbronze", "blackbronze", "iron", "meteoriciron", "steel", "gold", "silver"], quantity: 1 },
			"W": { type: "item", code: "game:leather-normal-orange", quantity: 2 },
			"Y": { type: "item", code: "game:leather-normal-green", quantity: 1 },
			"O": { type: "item", code: "game:leather-normal-blue", quantity: 1 },
			"S": { type: "item", code: "game:sewingkit", quantity: 1 },
		},
		width: 3,
		height: 3,
		output: { type: "item", code: "vanillaarmory:buckler-metal", quantity: 1, attributes: { "metal": "{metal}", "color": "orange", "deco": "ornate" }  }
	},





	{
		ingredientPattern: "SHW,P_P,Y_O",
		requiresTrait: "clothier",
		ingredients: {
			
			"H": { type: "item", code: "game:hoop-*", name: "metal", allowedVariants: ["tinbronze", "bismuthbronze", "blackbronze", "iron", "meteoriciron", "steel", "gold", "silver"], quantity: 1 },
			"P": { type: "item", code: "game:metalplate-*", name: "metal", allowedVariants: ["tinbronze", "bismuthbronze", "blackbronze", "iron", "meteoriciron", "steel", "gold", "silver"], quantity: 1 },
			"W": { type: "item", code: "game:leather-normal-pink", quantity: 2 },
			"Y": { type: "item", code: "game:leather-normal-green", quantity: 1 },
			"O": { type: "item", code: "game:leather-normal-white", quantity: 1 },
			"S": { type: "item", code: "game:sewingkit", quantity: 1 },
		},
		width: 3,
		height: 3,
		output: { type: "item", code: "vanillaarmory:buckler-metal", quantity: 1, attributes: { "metal": "{metal}", "color": "pink", "deco": "ornate" }  }
	},









	{
		ingredientPattern: "SHW,P_P,Y_O",
		requiresTrait: "clothier",
		ingredients: {
			
			"H": { type: "item", code: "game:hoop-*", name: "metal", allowedVariants: ["tinbronze", "bismuthbronze", "blackbronze", "iron", "meteoriciron", "steel", "gold", "silver"], quantity: 1 },
			"P": { type: "item", code: "game:metalplate-*", name: "metal", allowedVariants: ["tinbronze", "bismuthbronze", "blackbronze", "iron", "meteoriciron", "steel", "gold", "silver"], quantity: 1 },
			"W": { type: "item", code: "game:leather-normal-purple", quantity: 2 },
			"Y": { type: "item", code: "game:leather-normal-pink", quantity: 1 },
			"O": { type: "item", code: "game:leather-normal-gray", quantity: 1 },
			"S": { type: "item", code: "game:sewingkit", quantity: 1 },
		},
		width: 3,
		height: 3,
		output: { type: "item", code: "vanillaarmory:buckler-metal", quantity: 1, attributes: { "metal": "{metal}", "color": "purple", "deco": "ornate" }  }
	},







	{
		ingredientPattern: "SHW,P_P,Y_O",
		requiresTrait: "clothier",
		ingredients: {
			
			"H": { type: "item", code: "game:hoop-*", name: "metal", allowedVariants: ["tinbronze", "bismuthbronze", "blackbronze", "iron", "meteoriciron", "steel", "gold", "silver"], quantity: 1 },
			"P": { type: "item", code: "game:metalplate-*", name: "metal", allowedVariants: ["tinbronze", "bismuthbronze", "blackbronze", "iron", "meteoriciron", "steel", "gold", "silver"], quantity: 1 },
			"W": { type: "item", code: "game:leather-normal-red", quantity: 2 },
			"Y": { type: "item", code: "game:leather-normal-white", quantity: 1 },
			"O": { type: "item", code: "game:leather-normal-gray", quantity: 1 },
			"S": { type: "item", code: "game:sewingkit", quantity: 1 },
		},
		width: 3,
		height: 3,
		output: { type: "item", code: "vanillaarmory:buckler-metal", quantity: 1, attributes: { "metal": "{metal}", "color": "red", "deco": "ornate" }  }
	},









	{
		ingredientPattern: "SHW,P_P,Y_O",
		requiresTrait: "clothier",
		ingredients: {
			
			"H": { type: "item", code: "game:hoop-*", name: "metal", allowedVariants: ["tinbronze", "bismuthbronze", "blackbronze", "iron", "meteoriciron", "steel", "gold", "silver"], quantity: 1 },
			"P": { type: "item", code: "game:metalplate-*", name: "metal", allowedVariants: ["tinbronze", "bismuthbronze", "blackbronze", "iron", "meteoriciron", "steel", "gold", "silver"], quantity: 1 },
			"W": { type: "item", code: "game:leather-normal-yellow", quantity: 2 },
			"Y": { type: "item", code: "game:leather-normal-white", quantity: 1 },
			"O": { type: "item", code: "game:leather-normal-black", quantity: 1 },
			"S": { type: "item", code: "game:sewingkit", quantity: 1 },
		},
		width: 3,
		height: 3,
		output: { type: "item", code: "vanillaarmory:buckler-metal", quantity: 1, attributes: { "metal": "{metal}", "color": "yellow", "deco": "ornate" }  }
	},
	
]