{
	"editor": {
		"allAngles": false,
		"entityTextureMode": false
	},
	"textureWidth": 16,
	"textureHeight": 16,
	"textureSizes": {
	},
	"textures": {
		"s": "farmcrops:block/plant/crop/potato/s1",
		"e": "farmcrops:block/plant/crop/potato/e1",
		"bulb": "farmcrops:block/plant/crop/potato/bulb"
	},
	"elements": [
		{
			"name": "potato 1",
			"from": [ 1.5, 0.0, 2.0 ], 
			"to": [ 3.5, 0.0, 4.0 ], 
			"rotationOrigin": [ 2.5, 0.0, 3.0 ],
			"rotationY": 45.0,
			"faces": {
				"north": { "texture": "#bulb", "uv": [ 4.0, 14.0, 6.0, 14.5 ], "enabled": false },
				"east": { "texture": "#bulb", "uv": [ 9.0, 14.0, 11.0, 14.5 ], "enabled": false },
				"south": { "texture": "#bulb", "uv": [ 2.0, 14.0, 4.0, 14.5 ], "enabled": false },
				"west": { "texture": "#bulb", "uv": [ 9.0, 14.0, 11.0, 14.5 ], "enabled": false },
				"up": { "texture": "#bulb", "uv": [ 4.0, 7.0, 6.0, 9.0 ], "enabled": false },
				"down": { "texture": "#bulb", "uv": [ 4.0, 3.0, 6.0, 5.0 ], "enabled": false }
			},
			"children": [
				{
					"name": "s 1",
					"from": [ -5.5, -1.0, 1.0 ], 
					"to": [ 7.5, 7.0, 1.0 ], 
					"shade": false,
					"rotationOrigin": [ 1.0, 0.0, 1.0 ],
					"faces": {
						"north": { "texture": "#leaves-we", "uv": [ 0.0, 0.0, 13.0, 8.0 ], "enabled": false },
						"east": { "texture": "#e", "uv": [ 0.0, 0.0, 0.5, 8.0 ], "enabled": false },
						"south": { "texture": "#s", "uv": [ 1.5, 8.0, 14.5, 16.0 ], "windMode": [0,0,2,2] },
						"west": { "texture": "#null", "uv": [ 0.0, 0.0, 0.5, 8.0 ], "enabled": false },
						"up": { "texture": "#null", "uv": [ 0.0, 0.0, 13.0, 0.5 ], "enabled": false },
						"down": { "texture": "#null", "uv": [ 0.0, 0.0, 13.0, 0.5 ], "enabled": false }
					}
				},
				{
					"name": "e 1",
					"from": [ 1.0, -1.0, -5.5 ], 
					"to": [ 1.0, 7.0, 7.5 ], 
					"shade": false,
					"rotationOrigin": [ 1.0, 0.0, 1.0 ],
					"faces": {
						"north": { "texture": "#e", "uv": [ 0.0, 0.0, 0.5, 8.0 ], "enabled": false },
						"east": { "texture": "#e", "uv": [ 1.5, 8.0, 14.5, 16.0 ], "windMode": [0,2,2,0] },
						"south": { "texture": "#e", "uv": [ 0.0, 0.0, 0.5, 8.0 ], "enabled": false },
						"west": { "texture": "#e", "uv": [ 0.0, 0.0, 13.0, 8.0 ], "enabled": false },
						"up": { "texture": "#e", "uv": [ 0.0, 0.0, 0.5, 13.0 ], "enabled": false },
						"down": { "texture": "#e", "uv": [ 0.0, 0.0, 0.5, 13.0 ], "enabled": false }
					}
				}
			]
		},
		{
			"name": "potato 2",
			"from": [ 6.5, 0.0, 2.5 ], 
			"to": [ 8.5, 0.0, 4.5 ], 
			"rotationOrigin": [ 7.5, 0.5, 3.5 ],
			"rotationY": -22.5,
			"faces": {
				"north": { "texture": "#bulb", "uv": [ 4.0, 14.0, 6.0, 14.5 ], "enabled": false },
				"east": { "texture": "#bulb", "uv": [ 8.0, 14.0, 10.0, 14.5 ], "enabled": false },
				"south": { "texture": "#bulb", "uv": [ 3.0, 14.0, 5.0, 14.5 ], "enabled": false },
				"west": { "texture": "#bulb", "uv": [ 8.0, 14.0, 10.0, 14.5 ], "enabled": false },
				"up": { "texture": "#bulb", "uv": [ 12.0, 11.0, 14.0, 13.0 ], "enabled": false },
				"down": { "texture": "#bulb", "uv": [ 4.0, 3.0, 6.0, 5.0 ], "enabled": false }
			},
			"children": [
				{
					"name": "s 2",
					"from": [ -5.5, 0.0, 1.0 ], 
					"to": [ 7.5, 8.0, 1.0 ], 
					"shade": false,
					"rotationOrigin": [ 1.5, 0.0, 1.5 ],
					"faces": {
						"north": { "texture": "#s", "uv": [ 0.0, 0.0, 13.0, 8.0 ], "enabled": false },
						"east": { "texture": "#s", "uv": [ 0.0, 0.0, 0.5, 8.0 ], "enabled": false },
						"south": { "texture": "#s", "uv": [ 1.5, 8.0, 14.5, 16.0 ], "windMode": [0,0,2,2] },
						"west": { "texture": "#s", "uv": [ 0.0, 0.0, 0.5, 8.0 ], "enabled": false },
						"up": { "texture": "#s", "uv": [ 0.0, 0.0, 13.0, 0.5 ], "enabled": false },
						"down": { "texture": "#s", "uv": [ 0.0, 0.0, 13.0, 0.5 ], "enabled": false }
					}
				},
				{
					"name": "e 2",
					"from": [ 1.0, 0.0, -5.5 ], 
					"to": [ 1.0, 8.0, 7.5 ], 
					"shade": false,
					"rotationOrigin": [ 1.5, 0.0, 1.5 ],
					"faces": {
						"north": { "texture": "#e", "uv": [ 0.0, 0.0, 0.5, 8.0 ], "enabled": false },
						"east": { "texture": "#e", "uv": [ 1.5, 8.0, 14.5, 16.0 ], "windMode": [0,2,2,0] },
						"south": { "texture": "#e", "uv": [ 0.0, 0.0, 0.5, 8.0 ], "enabled": false },
						"west": { "texture": "#e", "uv": [ 0.0, 0.0, 13.0, 8.0 ], "enabled": false },
						"up": { "texture": "#e", "uv": [ 0.0, 0.0, 0.5, 13.0 ], "enabled": false },
						"down": { "texture": "#e", "uv": [ 0.0, 0.0, 0.5, 13.0 ], "enabled": false }
					}
				}
			]
		},
		{
			"name": "potato 3",
			"from": [ 13.0, 0.0, 1.5 ], 
			"to": [ 15.0, 0.0, 3.5 ], 
			"rotationOrigin": [ 14.0, 0.0, 2.5 ],
			"rotationY": 22.5,
			"faces": {
				"north": { "texture": "#bulb", "uv": [ 12.0, 14.0, 14.0, 14.5 ], "enabled": false },
				"east": { "texture": "#bulb", "uv": [ 5.0, 14.0, 7.0, 14.5 ], "enabled": false },
				"south": { "texture": "#bulb", "uv": [ 3.0, 14.0, 5.0, 14.5 ], "enabled": false },
				"west": { "texture": "#bulb", "uv": [ 0.0, 14.0, 2.0, 14.5 ], "enabled": false },
				"up": { "texture": "#bulb", "uv": [ 13.0, 8.0, 15.0, 10.0 ], "enabled": false },
				"down": { "texture": "#bulb", "uv": [ 4.0, 3.0, 6.0, 5.0 ], "enabled": false }
			},
			"children": [
				{
					"name": "s 3",
					"from": [ -5.5, -1.0, 1.0 ], 
					"to": [ 7.5, 7.0, 1.0 ], 
					"shade": false,
					"rotationOrigin": [ 1.0, 0.0, 1.0 ],
					"faces": {
						"north": { "texture": "#s", "uv": [ 0.0, 0.0, 13.0, 8.0 ], "enabled": false },
						"east": { "texture": "#s", "uv": [ 0.0, 0.0, 0.5, 8.0 ], "enabled": false },
						"south": { "texture": "#s", "uv": [ 1.5, 8.0, 14.5, 16.0 ], "windMode": [0,0,2,2] },
						"west": { "texture": "#s", "uv": [ 0.0, 0.0, 0.5, 8.0 ], "enabled": false },
						"up": { "texture": "#s", "uv": [ 0.0, 0.0, 13.0, 0.5 ], "enabled": false },
						"down": { "texture": "#s", "uv": [ 0.0, 0.0, 13.0, 0.5 ], "enabled": false }
					}
				},
				{
					"name": "e 3",
					"from": [ 1.0, -0.5, -5.5 ], 
					"to": [ 1.0, 7.5, 7.5 ], 
					"shade": false,
					"rotationOrigin": [ 1.0, 0.5, 1.0 ],
					"faces": {
						"north": { "texture": "#e", "uv": [ 0.0, 0.0, 0.5, 8.0 ], "enabled": false },
						"east": { "texture": "#e", "uv": [ 1.5, 8.0, 14.5, 16.0 ], "windMode": [0,2,2,0] },
						"south": { "texture": "#e", "uv": [ 0.0, 0.0, 0.5, 8.0 ], "enabled": false },
						"west": { "texture": "#e", "uv": [ 0.0, 0.0, 13.0, 8.0 ], "enabled": false },
						"up": { "texture": "#e", "uv": [ 0.0, 0.0, 0.5, 13.0 ], "enabled": false },
						"down": { "texture": "#e", "uv": [ 0.0, 0.0, 0.5, 13.0 ], "enabled": false }
					}
				}
			]
		},
		{
			"name": "potato 4",
			"from": [ 3.0, 0.0, 11.0 ], 
			"to": [ 5.0, 0.0, 13.0 ], 
			"rotationOrigin": [ 4.0, 1.0, 12.0 ],
			"rotationY": 45.0,
			"faces": {
				"north": { "texture": "#bulb", "uv": [ 4.0, 14.0, 6.0, 14.5 ], "enabled": false },
				"east": { "texture": "#bulb", "uv": [ 9.0, 14.0, 11.0, 14.5 ], "enabled": false },
				"south": { "texture": "#bulb", "uv": [ 2.0, 14.0, 4.0, 14.5 ], "enabled": false },
				"west": { "texture": "#bulb", "uv": [ 9.0, 14.0, 11.0, 14.5 ], "enabled": false },
				"up": { "texture": "#bulb", "uv": [ 4.0, 7.0, 6.0, 9.0 ], "enabled": false },
				"down": { "texture": "#bulb", "uv": [ 4.0, 3.0, 6.0, 5.0 ], "enabled": false }
			},
			"children": [
				{
					"name": "s 4",
					"from": [ -5.5, 0.0, 1.0 ], 
					"to": [ 7.5, 8.0, 1.0 ], 
					"shade": false,
					"rotationOrigin": [ 1.0, 0.0, 1.0 ],
					"faces": {
						"north": { "texture": "#s", "uv": [ 0.0, 0.0, 13.0, 8.0 ], "enabled": false },
						"east": { "texture": "#s", "uv": [ 0.0, 0.0, 0.5, 8.0 ], "enabled": false },
						"south": { "texture": "#s", "uv": [ 1.5, 8.0, 14.5, 16.0 ], "windMode": [0,0,2,2] },
						"west": { "texture": "#s", "uv": [ 0.0, 0.0, 0.5, 8.0 ], "enabled": false },
						"up": { "texture": "#s", "uv": [ 0.0, 0.0, 13.0, 0.5 ], "enabled": false },
						"down": { "texture": "#s", "uv": [ 0.0, 0.0, 13.0, 0.5 ], "enabled": false }
					}
				},
				{
					"name": "e 4",
					"from": [ 1.0, 0.5, -5.5 ], 
					"to": [ 1.0, 8.5, 7.5 ], 
					"shade": false,
					"rotationOrigin": [ 1.0, 0.5, 1.0 ],
					"faces": {
						"north": { "texture": "#e", "uv": [ 0.0, 0.0, 0.5, 8.0 ], "enabled": false },
						"east": { "texture": "#e", "uv": [ 1.5, 8.0, 14.5, 16.0 ], "windMode": [0,2,2,0] },
						"south": { "texture": "#e", "uv": [ 0.0, 0.0, 0.5, 8.0 ], "enabled": false },
						"west": { "texture": "#e", "uv": [ 0.0, 0.0, 13.0, 8.0 ], "enabled": false },
						"up": { "texture": "#e", "uv": [ 0.0, 0.0, 0.5, 13.0 ], "enabled": false },
						"down": { "texture": "#e", "uv": [ 0.0, 0.0, 0.5, 13.0 ], "enabled": false }
					}
				}
			]
		},
		{
			"name": "potato 5",
			"from": [ 8.0, 0.0, 10.5 ], 
			"to": [ 10.0, 0.0, 12.5 ], 
			"rotationOrigin": [ 9.0, 0.0, 11.5 ],
			"rotationY": 22.5,
			"faces": {
				"north": { "texture": "#bulb", "uv": [ 4.0, 14.0, 6.0, 14.5 ], "enabled": false },
				"east": { "texture": "#bulb", "uv": [ 9.0, 14.0, 11.0, 14.5 ], "enabled": false },
				"south": { "texture": "#bulb", "uv": [ 2.0, 14.0, 4.0, 14.5 ], "enabled": false },
				"west": { "texture": "#bulb", "uv": [ 9.0, 14.0, 11.0, 14.5 ], "enabled": false },
				"up": { "texture": "#bulb", "uv": [ 4.0, 7.0, 6.0, 9.0 ], "enabled": false },
				"down": { "texture": "#bulb", "uv": [ 4.0, 3.0, 6.0, 5.0 ], "enabled": false }
			},
			"children": [
				{
					"name": "s 5",
					"from": [ -5.5, -0.5, 1.0 ], 
					"to": [ 7.5, 7.5, 1.0 ], 
					"shade": false,
					"rotationOrigin": [ 1.0, 0.5, 1.0 ],
					"faces": {
						"north": { "texture": "#s", "uv": [ 0.0, 0.0, 13.0, 8.0 ], "enabled": false },
						"east": { "texture": "#s", "uv": [ 0.0, 0.0, 0.5, 8.0 ], "enabled": false },
						"south": { "texture": "#s", "uv": [ 1.5, 8.0, 14.5, 16.0 ], "windMode": [0,0,2,2] },
						"west": { "texture": "#s", "uv": [ 0.0, 0.0, 0.5, 8.0 ], "enabled": false },
						"up": { "texture": "#s", "uv": [ 0.0, 0.0, 13.0, 0.5 ], "enabled": false },
						"down": { "texture": "#s", "uv": [ 0.0, 0.0, 13.0, 0.5 ], "enabled": false }
					}
				},
				{
					"name": "e 5",
					"from": [ 1.0, -0.5, -5.5 ], 
					"to": [ 1.0, 7.5, 7.5 ], 
					"shade": false,
					"rotationOrigin": [ 1.0, 0.5, 1.0 ],
					"faces": {
						"north": { "texture": "#e", "uv": [ 0.0, 0.0, 0.5, 8.0 ], "enabled": false },
						"east": { "texture": "#e", "uv": [ 1.5, 8.0, 14.5, 16.0 ], "windMode": [0,2,2,0] },
						"south": { "texture": "#e", "uv": [ 0.0, 0.0, 0.5, 8.0 ], "enabled": false },
						"west": { "texture": "#e", "uv": [ 0.0, 0.0, 13.0, 8.0 ], "enabled": false },
						"up": { "texture": "#e", "uv": [ 0.0, 0.0, 0.5, 13.0 ], "enabled": false },
						"down": { "texture": "#e", "uv": [ 0.0, 0.0, 0.5, 13.0 ], "enabled": false }
					}
				}
			]
		},
		{
			"name": "potato 6",
			"from": [ 12.0, 0.0, 11.5 ], 
			"to": [ 14.5, 0.0, 14.0 ], 
			"rotationOrigin": [ 13.0, 0.0, 12.5 ],
			"rotationY": -22.5,
			"faces": {
				"north": { "texture": "#bulb", "uv": [ 4.0, 14.0, 6.5, 14.5 ], "enabled": false },
				"east": { "texture": "#bulb", "uv": [ 9.0, 14.0, 11.5, 14.5 ], "enabled": false },
				"south": { "texture": "#bulb", "uv": [ 2.0, 14.0, 4.5, 14.5 ], "enabled": false },
				"west": { "texture": "#bulb", "uv": [ 9.0, 14.0, 11.5, 14.5 ], "enabled": false },
				"up": { "texture": "#bulb", "uv": [ 4.0, 7.0, 6.5, 9.5 ], "enabled": false },
				"down": { "texture": "#bulb", "uv": [ 4.0, 3.0, 6.5, 5.5 ], "enabled": false }
			},
			"children": [
				{
					"name": "s 6",
					"from": [ -5.5, -1.0, 1.0 ], 
					"to": [ 7.5, 7.0, 1.0 ], 
					"shade": false,
					"rotationOrigin": [ 1.0, 0.0, 1.0 ],
					"faces": {
						"north": { "texture": "#s", "uv": [ 0.0, 0.0, 13.0, 8.0 ], "enabled": false },
						"east": { "texture": "#s", "uv": [ 0.0, 0.0, 0.5, 8.0 ], "enabled": false },
						"south": { "texture": "#s", "uv": [ 1.5, 8.0, 14.5, 16.0 ], "windMode": [0,0,2,2] },
						"west": { "texture": "#s", "uv": [ 0.0, 0.0, 0.5, 8.0 ], "enabled": false },
						"up": { "texture": "#s", "uv": [ 0.0, 0.0, 13.0, 0.5 ], "enabled": false },
						"down": { "texture": "#s", "uv": [ 0.0, 0.0, 13.0, 0.5 ], "enabled": false }
					}
				},
				{
					"name": "e 6",
					"from": [ 1.0, -0.5, -5.5 ], 
					"to": [ 1.0, 7.5, 7.5 ], 
					"shade": false,
					"rotationOrigin": [ 1.0, 0.5, 1.0 ],
					"faces": {
						"north": { "texture": "#null", "uv": [ 0.0, 0.0, 0.5, 8.0 ], "enabled": false },
						"east": { "texture": "#e", "uv": [ 1.5, 8.0, 14.5, 15.0 ], "windMode": [0,2,2,0] },
						"south": { "texture": "#null", "uv": [ 0.0, 0.0, 0.5, 8.0 ], "enabled": false },
						"west": { "texture": "#null", "uv": [ 0.0, 0.0, 13.0, 8.0 ], "enabled": false },
						"up": { "texture": "#null", "uv": [ 0.0, 0.0, 0.5, 13.0 ], "enabled": false },
						"down": { "texture": "#null", "uv": [ 0.0, 0.0, 0.5, 13.0 ], "enabled": false }
					}
				}
			]
		}
	]}