[
	{
		"dependsOn": [
			{ "modid": "geoaddons" }
		],
		"side": "Server",
		"file": "interestingoregen:worldgen/deposits/metalore/nativeplatinum.json",
		"op": "addmerge",
		"path": "/-",
		"value": {
			"code": "nativeplatinum",
			"enabled": false,
			"triesPerChunk": 0.01,
			"withOreMap": false,
			"handbookPageCode": "item-nugget-nativeplatinum",
			"generator": "iog-gen",
			"attributes": {
				"inblock": {
					"veintype": "chimney",
					"code": "rock-*",
					"name": "rock",
					"allowedVariants": [
						"basalt",
						"gabbro",
						"peridotite"
					]
				},
				"placeblock": {
					"code": "ore-*-nativeplatinum-{rock}",
					"name": "grade",
					"allowedVariantsByInBlock": {
						"rock-gabbro": [
							"poor",
							"medium",
							"rich"
						],
						"rock-basalt": [
							"poor",
							"medium",
							"rich"
						],
						"rock-peridotite": [
							"poor",
							"medium",
							"rich",
							"bountiful"
						]
					}
				},
				"radius": {
					"dist": "uniform",
					"avg": 4,
					"var": 1
				},
				"yPosRel": {
					"dist": "uniform",
					"avg": 0.4,
					"var": 0.45
				},
				"thickness": {
					"dist": "uniform",
					"avg": 60,
					"var": 40
				},
				"branchCount": {
					"dist": "uniform",
					"avg": 7,
					"var": 3
				},
				"branchLength": {
					"dist": "uniform",
					"avg": 64,
					"var": 32
				},
				"OreSpongePercent": 0.5
			}
		}
	},
]