[
	{
		"dependsOn": [
			{ "modid": "geoaddons" }
		],
		"side": "Server",
		"file": "interestingoregen:worldgen/deposits/metalore/vanadinite.json",
		"op": "addmerge",
		"path": "/-",
		"value": {
			"code": "vanadinite",
			"enabled": false,
			"triesPerChunk": 0.001, //15
			"withOreMap": true,
			"handbookPageCode": "item-nugget-vanadinite",
			"generator": "iog-gen",
			"attributes": {
				"inblock": {
					"veintype": "chimney",
					"code": "rock-*",
					"name": "rock",
					"allowedVariants": [
						"limestone",
						"dolostone",
						"claystone",
						"mudstone",
						"sandstone",
						"shale",
						"chert",
						"quartzite"
					]
				},
				"placeblock": {
					"code": "ore-*-vanadinite-{rock}",
					"name": "grade",
					"allowedVariantsByInBlock": {
						"rock-limestone": [
							"poor",
							"medium",
							"rich",
							"bountiful"
						],
						"rock-dolostone": [
							"poor",
							"medium",
							"rich",
							"bountiful"
						],
						"rock-claystone": [
							"poor",
							"medium",
							"rich",
							"bountiful"
						],
						"rock-mudstone": [
							"poor",
							"medium",
							"rich",
							"bountiful"
						],
						"rock-sandstone": [
							"poor",
							"medium",
							"rich"
						],
						"rock-shale": [
							"poor",
							"medium",
							"rich"
						],
						"rock-chert": [
							"poor",
							"medium"
						],
						"rock-quartzite": [
							"poor",
							"medium"
						]
					}
				},
				"radius": {
					"dist": "uniform",
					"avg": 4,
					"var": 1
				},
				"yPosRel": {
					"dist": "uniform",
					"avg": 0.2,
					"var": 0.2
				},
				"thickness": {
					"dist": "uniform",
					"avg": 0,
					"var": 0
				},
				"branchCount": {
					"dist": "uniform",
					"avg": 4,
					"var": 1
				},
				"branchLength": {
					"dist": "uniform",
					"avg": 64,
					"var": 32
				},
				"OreSpongePercent": 0.3
			}
		}
	},
]