[
  {
    "ingredientPattern": "HL,CL",
    "ingredients": {
      "H": { "type": "item", "code": "game:hammer-*", "isTool": true },
      "C": { "type": "item", "code": "game:chisel-*", "isTool": true },
      "L": { "type": "block", "code": "game:cobblestone-slate", "name": "ceramic" }
    },
    "width": 2,
    "height": 2,
    "shapeless": true,
    "output": { "type": "block", "code": "game:beam-plane-slate-free", "quantity": 3 }
  },
  {
    "ingredientPattern": "HL,C_",
    "ingredients": {
      "H": { "type": "item", "code": "game:hammer-*", "isTool": true },
      "C": { "type": "item", "code": "game:chisel-*", "isTool": true },
      "L": { "type": "block", "code": "game:cobblestone-slate", "name": "ceramic" }
    },
    "width": 2,
    "height": 2,
    "shapeless": true,
    "output": { "type": "block", "code": "game:beam-ridge-slate-free", "quantity": 3 }
  },
  {
    "ingredientPattern": "HL,CL",
    "ingredients": {
      "H": { "type": "item", "code": "game:hammer-*", "isTool": true },
      "C": { "type": "item", "code": "game:chisel-*", "isTool": true },
      "L": { "type": "block", "code": "game:shingleblock-copper", "name": "ceramic" }
    },
    "width": 2,
    "height": 2,
    "shapeless": true,
    "output": { "type": "block", "code": "game:beam-plane-copper-free", "quantity": 3 }
  },
  {
    "ingredientPattern": "HL,C_",
    "ingredients": {
      "H": { "type": "item", "code": "game:hammer-*", "isTool": true },
      "C": { "type": "item", "code": "game:chisel-*", "isTool": true },
      "L": { "type": "block", "code": "game:shingleblock-copper", "name": "ceramic" }
    },
    "width": 2,
    "height": 2,
    "shapeless": true,
    "output": { "type": "block", "code": "game:beam-ridge-copper-free", "quantity": 3 }
  },
]