[
  {
    "ingredientPattern": "HL,_L",
    "ingredients": {
      "H": { "type": "item", "code": "game:saw-*", "isTool": true },
      "L": { "type": "block", "code": "game:logquad-debarked-*-ud", "name": "wood", "allowedVariants": [ "birch", "oak", "maple", "pine", "acacia", "kapok", "aged", "baldcypress", "larch", "redwood", "walnut", "ebony", "purple heart" ] }
    },
    "width": 2,
    "height": 2,
    "shapeless": true,
    "output": { "type": "block", "code": "game:beam-plane-{wood}-free", "quantity": 3 }
  },
  {
    "ingredientPattern": "HL,_L",
    "ingredients": {
      "H": { "type": "item", "code": "game:saw-*", "isTool": true },
      "L": { "type": "block", "code": "game:stackedbamboo-ud", "name": "wood", }
    },
    "width": 2,
    "height": 2,
    "shapeless": true,
    "output": { "type": "block", "code": "game:beam-plane-bamboo-free", "quantity": 3 }
  },
  {
    "ingredientPattern": "HL",
    "ingredients": {
      "H": { "type": "item", "code": "game:saw-*", "isTool": true },
      "L": { "type": "block", "code": "game:logquad-debarked-*-ud", "name": "wood", "allowedVariants": [ "birch", "oak", "maple", "pine", "acacia", "kapok", "aged", "baldcypress", "larch", "redwood", "walnut", "ebony", "purple heart" ] }
    },
    "width": 2,
    "height": 1,
    "shapeless": true,
    "output": { "type": "block", "code": "game:beam-ridge-{wood}-free", "quantity": 3 }
  },
  {
    "ingredientPattern": "HL",
    "ingredients": {
      "H": { "type": "item", "code": "game:saw-*", "isTool": true },
      "L": { "type": "block", "code": "game:stackedbamboo-ud", "name": "wood", }
    },
    "width": 2,
    "height": 1,
    "shapeless": true,
    "output": { "type": "block", "code": "game:beam-ridge-bamboo-free", "quantity": 3 }
  },
]