{
	"code": "clothes-lowerbody",
	"class": "ItemWearable",
	"attributes": {
		"handbook": {
			"groupBy": [ "clothes-lowerbody-leggings-*" ],
			"extraSectionsByType": {
				"*-mohair": [ { "title": "wool:handbook-description", "text": "game:handbook-leggings-{material}" } ],
				"*-qivuit": [ { "title": "wool:handbook-description", "text": "game:handbook-leggings-{material}" } ],
				"*-game":   [ { "title": "wool:handbook-description", "text": "game:handbook-leggings-{material}" } ],
				"*-noble":  [ { "title": "wool:handbook-description", "text": "game:handbook-leggings-{material}" } ],
				"*":        [ { "title": "wool:handbook-description", "text": "game:handbook-leggings" } ]
			}
                },
		"wearableAttachment": true,
		"clothescategory": "lowerbody"
	},
	"variantgroups": [
		{ "code": "type",  "states": ["leggings"] },
		{ "code": "material", "states": [ "mohair", "qivuit", "game", "noble" ] }
	],
	"shape": { "base": "game:entity/humanoid/seraph/clothing/lowerbody/pants7" },
	"storageFlags": 128,
	"attributesByType": {
		"*-mohair": { "warmth": 4 },
		"*-qivuit": { "warmth": 4 },
		"*-game": { "warmth": 3.5 },
		"*": { "warmth": 3 }
	},
	"textures": {
		"seraph": { "base": "game:block/transparent" },
		"pants": { "base": "wool:entity/humanoid/seraphclothes/lowerbody/72_{type}_{material}" }
	},
	"creativeinventory": { "general": ["*"], "items": ["*"], "clothing": ["*"] },
	"renderAlphaTest": 0.25,
	"tpHandTransform": {
		"translation": { "x": -0.6, "y": -0.9, "z": -0.7 },
		"rotation": { "x": -71, "y": 180, "z": 83 },
		"scale": 0.55
	},
	"guiTransformByType": {
		"*": {
			"rotate": false,
			"translation": { "x": 0, "y": 0, "z": 0 },
			"rotation": { "x": -173, "y": -79, "z": 38 },
			"origin": { "x": 0.5, "y": 0.63, "z": 0.6 },
			"scale": 1.4
		}
	},
	"groundTransform": {
		"translation": { "x": 0.05, "y": 0.13, "z": 0 },
		"rotation": { "x": 0, "y": 0, "z": -87 },
		"origin": { "x": 0.5, "y": 0.5, "z": 0.5299 },
		"scale": 4
	}
}
