{
  "code": "headmount",
	"maxstacksize": 4,
  "variantgroups": [
    {"code": "type","states": [ "baby","female","male" ]},
    {"code": "genus","states": [ "homotherium","smilodon"]},
    {"code": "species","states": [ "fatalis","populator","serum"]}
  ],
	"allowedVariants": [
		"*-homotherium-serum",
		"*-smilodon-fatalis",
		"*-smilodon-populator"
	],
  "attributes": {
    "handbook": {
      "groupBy": [ "headmount-*" ]
    },
		"antlerMountableByType": {
			"*": true
		},
		"onAntlerMountTransformByType": {
			"*": {
				"translation": { "x": -0.9, "y": 0, "z": 0 },
				"rotation": { "x": 0, "y": 180, "z": 0 },
				"origin": { "x": 1, "y": 0.5, "z": 0.5 }
			}			
		}
  },
  "shapebytype": {
    "*": {
      "base": "item/animal/mammal/machairodontinae/{genus}/headmount-{species}-{type}"
    }
  },
  "creativeinventory": {"general": [ "*" ], "decorative": [ "*" ]
  },
  "texturesByType": {
    "*-baby-*": {"skin": {"base": "entity/animal/mammal/machairodontinae/{species}-baby"}},
    "*-female-*": {"skin": {"base": "entity/animal/mammal/machairodontinae/{species}"}},
    "*-male-*": {"skin": {"base": "entity/animal/mammal/machairodontinae/{species}"}}
  },
  "combustibleProps": {
    "burnTemperature": 400,
    "burnDuration": 10
  },
  "sounds": {
    "place": "game:block/cloth",
    "walk": "game:walk/cloth"
  },
  "guiTransformByType": {
    "*": {
     "translation": {"x": 0,"y": 3,"z": 0},
    "rotation": {"x": -180,"y": -110,"z": 0},
    "origin": {"x": 1,"y": 0.5,"z": 0.5},
    "scale": 2.0
      }
  },
  "groundTransform": {
    "translation": {"x": 0.5,"y": 0,"z": 0},
    "rotation": {"x": 0,"y": 135,"z": 0},
    "origin": {"x": 0.5,"y": -0.02,"z": 0.5},
    "scale": 1
  },
  "tpHandTransform": {
    "translation": {"x": -0.55,"y": -0.6,"z": -0.15},
    "rotation": {"x": 0,"y": 0,"z": 0},
    "origin": {"x": 0.5,"y": 0.5,"z": 0.1},
    "scale": 1.0
  },
  "fpHandTransform": {
    "rotation": {"x": 0,"y": 0,"z": 0},
    "origin": {"x": 0.5,"y": -1,"z": 1.5}
  },
  "materialDensity": 200
}