{
	"editor": {
		"collapsedPaths": "Root/Handle/Guard/Emblem",
		"allAngles": false,
		"entityTextureMode": false
	},
	"textureWidth": 32,
	"textureHeight": 32,
	"textureSizes": {
		"blackguardweapons": [32,32]
	},
	"textures": {
		"longiron": "longiron"
	},
	"elements": [
		{
			"name": "Guard",
			"from": [ 2.0, -0.125, 7.775 ],
			"to": [ 10.5, 0.375, 8.275 ],
			"rotationOrigin": [ 4.0, 0.0, 7.5 ],
			"faces": {
				"north": { "texture": "#longiron", "uv": [ 0.0, 29.0, 8.5, 29.5 ] },
				"east": { "texture": "#longiron", "uv": [ 6.0, 29.0, 6.5, 29.5 ] },
				"south": { "texture": "#longiron", "uv": [ 3.0, 29.0, 11.5, 29.5 ] },
				"west": { "texture": "#longiron", "uv": [ 7.5, 29.0, 8.0, 29.5 ] },
				"up": { "texture": "#longiron", "uv": [ 17.5, 29.0, 26.0, 29.5 ] },
				"down": { "texture": "#longiron", "uv": [ 17.5, 29.0, 26.0, 29.5 ] }
			},
			"children": [
				{
					"name": "EmptyR",
					"from": [ 4.0, 0.25, 0.25 ],
					"to": [ 4.0, 0.25, 0.25 ],
					"rotationOrigin": [ 4.0, 1.75, 0.75 ],
					"faces": {
					},
					"children": [
						{
							"name": "BladeR2",
							"from": [ 3.0, -0.125, 0.25 ],
							"to": [ 5.5, 0.125, 1.25 ],
							"rotationOrigin": [ 3.0, 0.0, 0.25 ],
							"faces": {
								"south": { "texture": "#longiron", "uv": [ 3.5, 28.5, 6.0, 29.0 ] },
								"west": { "texture": "#longiron", "uv": [ 0.0, 0.0, 1.0, 0.5 ], "windMode": [-1,-1,-1,-1] },
								"up": { "texture": "#longiron", "uv": [ 3.5, 29.5, 6.0, 30.5 ], "rotation": 180 },
								"down": { "texture": "#longiron", "uv": [ 7.0, 29.5, 9.5, 30.5 ] }
							},
							"children": [
								{
									"name": "BladeR3",
									"from": [ 3.0, 0.015, -0.06 ],
									"to": [ 4.0, 0.245, 1.44 ],
									"rotationOrigin": [ 3.0, 0.0, -0.06 ],
									"rotationY": -45.0,
									"faces": {
										"east": { "texture": "#longiron", "uv": [ 7.0, 29.0, 8.5, 29.5 ] },
										"south": { "texture": "#longiron", "uv": [ 11.0, 29.0, 12.0, 29.5 ] },
										"up": { "texture": "#longiron", "uv": [ 0.0, 28.5, 1.0, 30.0 ] },
										"down": { "texture": "#longiron", "uv": [ 4.5, 28.5, 5.5, 30.0 ] }
									}
								}
							]
						},
						{
							"name": "BladeR4",
							"from": [ 5.0, -0.1225, 0.0 ],
							"to": [ 33.5, 0.1275, 1.0 ],
							"rotationOrigin": [ 5.0, 0.0, 0.0 ],
							"rotationY": 1.0,
							"faces": {
								"south": { "texture": "#longiron", "uv": [ 0.5, 20.5, 29.0, 21.0 ] },
								"up": { "texture": "#longiron", "uv": [ 0.0, 21.5, 28.5, 22.5 ], "rotation": 180 },
								"down": { "texture": "#longiron", "uv": [ 0.0, 20.5, 28.5, 21.5 ] }
							},
							"children": [
								{
									"name": "BladeTip",
									"from": [ 28.5, 0.005, 1.0 ],
									"to": [ 29.21, 0.255, 1.71 ],
									"rotationOrigin": [ 28.5, 0.0, 1.0 ],
									"rotationY": 134.0,
									"faces": {
										"south": { "texture": "#longiron", "uv": [ 0.0, 20.5, 0.5, 21.0 ] },
										"west": { "texture": "#longiron", "uv": [ 0.0, 21.5, 0.5, 22.0 ] },
										"up": { "texture": "#longiron", "uv": [ 0.0, 21.0, 0.5, 21.5 ] },
										"down": { "texture": "#longiron", "uv": [ 0.0, 22.0, 0.5, 22.5 ] }
									}
								}
							]
						},
						{
							"name": "RidgeR",
							"from": [ 4.5, 0.0, -0.5 ],
							"to": [ 32.55, 0.25, 0.5 ],
							"rotationOrigin": [ 4.5, 0.25, 0.0 ],
							"rotationZ": -0.25,
							"faces": {
								"north": { "texture": "#longiron", "uv": [ 0.5, 20.5, 28.5, 21.0 ] },
								"south": { "texture": "#longiron", "uv": [ 0.5, 22.0, 28.5, 22.5 ] },
								"west": { "texture": "#longiron", "uv": [ 0.0, 0.0, 1.0, 0.5 ], "windMode": [-1,-1,-1,-1] },
								"up": { "texture": "#longiron", "uv": [ 0.5, 21.0, 28.5, 22.0 ] }
							}
						}
					]
				},
				{
					"name": "EmptyL",
					"from": [ 4.0, -0.75, -0.75 ],
					"to": [ 4.0, -0.75, -0.75 ],
					"rotationOrigin": [ 4.0, -0.25, -0.25 ],
					"rotationX": 180.0,
					"faces": {
					},
					"children": [
						{
							"name": "BladeL2",
							"from": [ 3.0, -0.125, 0.25 ],
							"to": [ 5.5, 0.125, 1.25 ],
							"rotationOrigin": [ 3.0, 0.0, 0.25 ],
							"faces": {
								"south": { "texture": "#longiron", "uv": [ 1.5, 29.5, 4.0, 30.0 ] },
								"west": { "texture": "#longiron", "uv": [ 0.0, 0.0, 1.0, 0.5 ], "windMode": [-1,-1,-1,-1] },
								"up": { "texture": "#longiron", "uv": [ 16.0, 29.0, 18.5, 30.0 ], "rotation": 180 },
								"down": { "texture": "#longiron", "uv": [ 7.0, 29.5, 9.5, 30.5 ] }
							},
							"children": [
								{
									"name": "BladeL3",
									"from": [ 3.0, 0.015, -0.06 ],
									"to": [ 4.0, 0.245, 1.44 ],
									"rotationOrigin": [ 3.0, 0.0, -0.06 ],
									"rotationY": -45.0,
									"faces": {
										"east": { "texture": "#longiron", "uv": [ 7.0, 29.0, 8.5, 29.5 ] },
										"south": { "texture": "#longiron", "uv": [ 11.0, 29.0, 12.0, 29.5 ] },
										"up": { "texture": "#longiron", "uv": [ 0.0, 28.5, 1.0, 30.0 ] },
										"down": { "texture": "#longiron", "uv": [ 23.0, 28.5, 24.0, 30.0 ] }
									}
								}
							]
						},
						{
							"name": "BladeL4",
							"from": [ 5.0, -0.1225, 0.0 ],
							"to": [ 33.5, 0.1275, 1.0 ],
							"rotationOrigin": [ 5.0, 0.0, 0.0 ],
							"rotationY": 1.0,
							"faces": {
								"south": { "texture": "#longiron", "uv": [ 0.5, 20.5, 29.0, 21.0 ] },
								"up": { "texture": "#longiron", "uv": [ 0.0, 21.5, 28.5, 22.5 ], "rotation": 180 },
								"down": { "texture": "#longiron", "uv": [ 0.0, 20.5, 28.5, 21.5 ] }
							}
						},
						{
							"name": "RidgeL",
							"from": [ 4.5, 0.0, -0.5 ],
							"to": [ 32.55, 0.25, 0.5 ],
							"rotationOrigin": [ 4.5, 0.25, 0.0 ],
							"rotationZ": -0.25,
							"faces": {
								"north": { "texture": "#longiron", "uv": [ 0.5, 20.5, 28.5, 21.0 ] },
								"south": { "texture": "#longiron", "uv": [ 0.5, 22.0, 28.5, 22.5 ] },
								"west": { "texture": "#longiron", "uv": [ 0.0, 0.0, 1.0, 0.5 ], "windMode": [-1,-1,-1,-1] },
								"up": { "texture": "#longiron", "uv": [ 0.5, 21.0, 28.5, 22.0 ] }
							}
						}
					]
				}
			]
		}
	]}
