[
    {
        "op": "replace",
        "path": "/4",
        "value": {
		comment: "Big patches of tule",
		blockCodes: ["game:tallplant-tule-land-normal-free"],
		minTemp: 3,
		maxTemp: 18,
		minRain: 0.4,
		maxRain: 0.75,
		maxForest: 0.7,
		minY: 0.01,
		quantity: { dist: "invexp", avg: 85, var: 25 },
		offsetX: { dist: "gaussian", avg: 2, var: 11 },
		offsetZ: { dist: "gaussian", avg: 2, var: 11 },
		chance: 0.7,
		placement: "NearWater",
		maxHeightDifferential: 2
        },
        "file": "game:worldgen/blockpatches/other.json"
    },
    {
        "op": "replace",
        "path": "/5",
        "value": {
		comment: "Small patches of tule",
		blockCodes: ["game:tallplant-tule-land-normal-free"],
		minTemp: 3,
		maxTemp: 18,
		minRain: 0.4,
		maxRain: 0.75,
		maxForest: 0.7,
		quantity: { dist: "invexp", avg: 20, var: 15 },
		offsetX: { dist: "gaussian", avg: 4, var: 11 },
		offsetZ: { dist: "gaussian", avg: 4, var: 11 },
		chance: 1,
		placement: "NearWater",
		maxHeightDifferential: 2
        },
        "file": "game:worldgen/blockpatches/other.json"
    },
]