[
  {
    "ingredientPattern": "CR,HG",
    "ingredients": {
      "G": {
        "type": "item",
        "code": "game:metalbit-gold",
        "quantity": 5
      },
      "R": {
        "type": "item",
        "code": "game:ore-cinnabar",
        "quantity": 1
      },
      "H": { 
        "type": "item", 
        "code": "game:hammer-*", 
        "isTool": true,
        "toolDurabilityCost": 5
      },
      "C": { 
        "type": "item", 
        "code": "game:chisel-*", 
        "isTool": true,
        "toolDurabilityCost": 5
      }
    },
    "width": 2,
    "height": 2,
    "output": {
      "type": "item",
      "code": "accessorize:clothes-neck-swordearring",
      "quantity": 1
    },
    "recipeGroup": 1
  }


]
