[
  {
    "ingredientPattern": "_H,BN",
    "requiresTrait": "smith",
    "recipeGroup": 111,
    "ingredients": {
      "H": {
        "type": "Item",
        "code": "game:hammer-*",
        "isTool": true,
        "toolDurabilityCost": 5
      },
      "B": {
        "type": "Item",
        "code": "game:rod-iron",
        "quantity": 7
      },
      "N": {
        "type": "Item",
        "code": "game:metalnailsandstrips-iron",
        "quantity": 2
      }
    },
    "width": 2,
    "height": 2,
    "output": {
      "type": "Block",
      "code": "game:ironfence-base-ew",
      "quantity": 4
    }
  },
  {
    "ingredientPattern": "B",
    "requiresTrait": "smith",
    "recipeGroup": 333,
    "ingredients": {
      "B": {
        "type": "Block",
        "code": "game:ironfence-top-ew",
        "quantity": 1
      }
    },
    "width": 1,
    "height": 1,
    "output": {
      "type": "Block",
      "code": "game:ironfence-base-ew",
      "quantity": 1
    }
  }
]