[
  {
    "op": "replace",
    "path": "/class",
    "value": "ExpandedDough",
    "side": "server",
    "file": "farmcrops:itemtypes/food/dough.json",
    "dependsOn": [{ "modid": "expandedfoods" }]
  },

  {
    "file": "farmcrops:recipes/kneading/dough.json",
    "op": "addmerge", 
    "path": "/0/enabled", 
    "value": "false",
    "side": "server",
    "dependsOn": [{ "modid": "expandedfoods", "invert": true }]
    },
    {
    "file": "farmcrops:recipes/kneading/dough.json",
    "op": "addmerge", 
    "path": "/1/enabled", 
    "value": "false",
    "side": "server",
    "dependsOn": [{ "modid": "expandedfoods", "invert": true }]
    },

  {
    "file": "farmcrops:recipes/kneading/dough.json",
    "op": "addmerge", 
    "path": "/2/enabled", 
    "value": "false",
    "side": "server",
    "dependsOn": [{ "modid": "expandedfoods", "invert": true }]
 },
 {
  "file": "farmcrops:recipes/kneading/dough.json",
  "op": "addmerge", 
  "path": "/3/enabled", 
  "value": "false",
  "side": "server",
  "dependsOn": [{ "modid": "expandedfoods", "invert": true }]
},
{
  "file": "farmcrops:recipes/kneading/dough.json",
  "op": "addmerge", 
  "path": "/4/enabled", 
  "value": "false",
  "side": "server",
  "dependsOn": [{ "modid": "expandedfoods", "invert": true }]
},
{
"file": "farmcrops:recipes/kneading/dough.json",
"op": "addmerge", 
"path": "/5/enabled", 
"value": "false",
"side": "server",
"dependsOn": [{ "modid": "expandedfoods", "invert": true }]
},


{
  "file": "farmcrops:recipes/kneading/dough.json",
  "op": "addmerge", 
  "path": "/6/enabled", 
  "value": "false",
  "side": "server",
  "dependsOn": [{ "modid": "expandedfoods", "invert": true }]
},
{
"file": "farmcrops:recipes/kneading/dough.json",
"op": "addmerge", 
"path": "/7/enabled", 
"value": "false",
"side": "server",
"dependsOn": [{ "modid": "expandedfoods", "invert": true }]
},





  {
    "op": "addmerge",
    "path": "/attributes/expandedNutritionProps",
    "value": {
      "game:milkportion": {
        "saturation": 1.5,
        "foodcategory": "Dairy"
      },
      "expandedfoods:lard": {
        "saturation": 16,
        "health": 0.01,
        "foodcategory": "Protein"
      },
      "expandedfoods:pasteurizedmilk": {
        "saturation": 1.15,
        "health": 0.01,
        "foodcategory": "Dairy"
      },
      "expandedfoods:brothportion-bone": {
        "saturation": 1,
        "health": 0.01,
        "foodcategory": "Protein"
      },
      "expandedfoods:brothportion-vegetable": {
        "saturation": 1,
        "health": 0.01,
        "foodcategory": "Vegetable"
      },
      "expandedfoods:brothportion-meat": {
        "saturation": 1.25,
        "health": 0.01,
        "foodcategory": "Protein"
      },
      "expandedfoods:brothportion-fish": {
        "saturation": 1,
        "health": 0.01,
        "foodcategory": "Protein"
      },
      "expandedfoods:clarifiedbrothportion-bone": {
        "saturation": 1.3,
        "health": 0.02,
        "foodcategory": "Protein"
      },
      "expandedfoods:clarifiedbrothportion-vegetable": {
        "saturation": 1.3,
        "health": 0.02,
        "foodcategory": "Vegetable"
      },
      "expandedfoods:clarifiedbrothportion-meat": {
        "saturation": 1.55,
        "health": 0.02,
        "foodcategory": "Protein"
      },
      "expandedfoods:clarifiedbrothportion-fish": {
        "saturation": 1.3,
        "health": 0.02,
        "foodcategory": "Protein"
      },
      "expandedfoods:soymilk-edible": {
        "saturation": 1.125,
        "health": 0.01,
        "foodcategory": "Dairy"
      },
      "expandedfoods:breadstarter-wild": {
        "saturation": 6,
        "health": 0.01,
        "foodcategory": "Vegetable"
      },
      "expandedfoods:foodoilportion-*": {
        "saturation": 6,
        "health": 0.01,
        "foodcategory": "Vegetable"
      },
      "farmcrops:foodoilportion-*": {
        "saturation": 6,
        "health": 0.01,
        "foodcategory": "Vegetable"
      }
    },
    "side": "server",
    "file": "farmcrops:itemtypes/food/dough.json",
    "dependsOn": [{ "modid": "expandedfoods" }]
 
  },
    {
        "op": "addmerge",
        "path": "/attributes/renderIngredientsByType",
        "value": {
            "*-oat": {
                "farmcrops:flour-oat": "farmcrops:shapes/item/food/bread/bread.json"
            },
            "*-corn": {
                "farmcrops:flour-corn": "farmcrops:shapes/item/food/bread/bread.json"
            }
        },
    "side": "server",
    "file": "farmcrops:itemtypes/food/dough.json",
    "dependsOn": [{ "modid": "expandedfoods" }]
    },
  {
    "op": "remove",
    "path": "/nutritionPropsByType/*-oat-charred",
    "side": "server",
    "file": "farmcrops:itemtypes/food/bread.json",
    "dependsOn": [{ "modid": "expandedfoods" }]
  },
  {
    "op": "remove",
    "path": "/nutritionPropsByType/*-oat-partbaked",
    "side": "server",
    "file": "farmcrops:itemtypes/food/bread.json",
    "dependsOn": [{ "modid": "expandedfoods" }]
  },
  {
    "op": "remove",
    "path": "/nutritionPropsByType/*-oat-perfect",
    "side": "server",
    "file": "farmcrops:itemtypes/food/bread.json",
    "dependsOn": [{ "modid": "expandedfoods" }]
  },
  {
    "op": "replace",
    "path": "/nutritionPropsByType/*-charred/saturation",
    "side": "server",
    "value": 100,
    "file": "farmcrops:itemtypes/food/bread.json",
    "dependsOn": [{ "modid": "expandedfoods" }]
  },
  {
    "op": "replace",
    "path": "/nutritionPropsByType/*-partbaked/saturation",
    "side": "server",
    "value": 70,
    "file": "farmcrops:itemtypes/food/bread.json",
    "dependsOn": [{ "modid": "expandedfoods" }]
  },
  {
    "op": "replace",
    "path": "/nutritionPropsByType/*-perfect/saturation",
    "side": "server",
    "value": 160,
    "file": "farmcrops:itemtypes/food/bread.json",
    "dependsOn": [{ "modid": "expandedfoods" }]
  },

  {
    "op": "addmerge",
    "path": "/attributes/expandedNutritionProps",
    "value": {
      "expandedfoods:foodoilportion-*": {
        "saturation": 6,
        "health": 0.01,
        "foodcategory": "Vegetable"
      }
    },
    "side": "server",
    "file": "itemtypes/food/dough.json"
  },

]