{
  code: "parcel",
  class: "ItemSealableParcel",
  maxstacksizeByType: {
    "*-empty": 32,
    "*": 1
  },
  behaviors: [
    {
      name: "Addressable"
    },
    {
      name: "GroundStorable",
      properties: {
        layout: 'Quadrants',
        collisionBox: {
          x1: 0,
          y1: 0,
          z1: 0,
          x2: 1,
          y2: 0.125,
          z2: 1
        }
      }
    },
    {
      name: "SealColorFromAttributes"
    }
  ],
  attributes: {
    displaycaseable: true,
    shelvable: true,
    "bookshelveable": true,
    "onshelfTransform": {
      "translation": {
        "x": -0.35,
        "y": -0.28,
        "z": 0.1
      },
      "rotation": {
        "x": 90,
        "y": -11,
        "z": 82
      },
      "scale": 0.85
    },
    groundStorageTransform: {
      translation: {
        x: 0,
        y: -0.18,
        z: 0
      },
      rotation: {
        x: 0,
        y: 0,
        z: 0
      },
      scale: 0.7
    }
  },
  variantgroups: [
    {
      code: "state",
      states: [
        "empty",
        "unsealed",
        "sealed",
        "opened"
      ]
    }
  ],
  shape: {
    base: "item/parcel-{state}"
  },
  creativeinventory: {
    "general": [
      "*"
    ],
    "envelopes": [
      "*"
    ]
  },
  guiTransform: {
    translation: {
      x: 2,
      y: 10,
      z: 3
    },
    rotation: {
      x: -40,
      y: 111,
      z: 175
    },
    origin: {
      x: 0.5,
      y: 0,
      z: 0.5
    },
    scale: 1.92
  },
  fpHandTransform: {
    rotation: {
      x: 69,
      y: 26,
      z: -17
    },
    origin: {
      x: 0.5,
      y: 0.1,
      z: 0.5
    },
    scale: 1.8
  },
  tpHandTransform: {
    translation: {
      x: -0.72,
      y: -0.23,
      z: -0.5
    },
    rotation: {
      x: -89,
      y: 14,
      z: -106
    },
    origin: {
      x: 0.5,
      y: 0.1,
      z: 0.5
    },
    scale: 0.65
  },
  groundTransform: {
    translation: {
      x: 0,
      y: 0,
      z: 0
    },
    rotation: {
      x: 0,
      y: 0,
      z: 0
    },
    origin: {
      x: 0.5,
      y: 0,
      z: 0.5
    },
    scale: 3.2
  },
  heldTpIdleAnimation: "holdbothhandslarge",
  heldRightReadyAnimation: "heldblockready",
  heldTpUseAnimation: "twohandplaceblock"
}
