{
	"code": "sugarcane",
	"maxstacksize": 64,
	"attributes": {
		"displaycaseable": true,
		"shelvable": true,
		"inContainerTexture": { "base": "farmcrops:block/barrel/raw-{crop}" },
		"juiceableProperties": {
			"litresPerItem": 0.15625,
			"liquidStack": { "type": "item", "code": "farmcrops:sugarjuice-cane", "stacksize": 1 },
			"pressedStack": { "type": "item", "code": "farmcrops:pressedmash-sugarcane", "stacksize": 1 }
		}
	},
	"behaviors": [
		{
			"name": "GroundStorable",
			"properties": {
				"layout": "Stacking",
				"placeRemoveSound": "game:sounds/block/pumpkin",
				"stackingModel": "farmcrops:block/plant/sugarcanepile",
				"tessQuantityElements": 1,
				"stackingCapacity": 80,
				"transferQuantity": 1,
				"bulkTransferQuantity": 8,
				"collisionBox": {
					"x1": 0,
					"y1": 0,
					"z1": 0,
					"x2": 1,
					"y2": 0.0625,
					"z2": 1
				},
				"cbScaleYByLayer": 0.2
			}
		},
		{ "name": "Unplaceable" }
	],
	"shape": {
		base: "farmcrops:item/crop/vegetable/sugarcane"
	},
	transitionableProps: [{
    		type: "Perish",
    		freshHours: { avg: 500 },
    		transitionHours: { avg: 24 },
    		transitionedStack: { type: "item", code: "game:rot" },
    		transitionRatio: 0.2
  	}],
	creativeinventory: { "general": ["*"], "items": ["*"], "farmcrops": ["*"], "flora": ["*"] },
	groundTransform: {
		translation: { x: 0, y: 0, z: 0 },
		rotation: { x: 90, y: 0, z: 0 },
		origin: { x: 0.5, y: 0.5, z: 0.5299 },
		scale: 4.42
	},
	fpHandTransform: {
		rotation: { x: 180, y: 90, z: -145 },
		scale: 3.83
	},
	guiTransform: {
		translation: { x: 0, y: -28, z: 0 },
		scale: 3.05
	},
	materialDensity: 600
}