[
	{
    "file": "game:itemtypes/wearable/seraph/armor",
    "op": "addmerge",
    "path": "/allowedVariants",
		"value": [
			"armor-*-lamellar-*iron",
			"armor-*-lamellar-steel",
		]
	},
	{
    "file": "game:itemtypes/wearable/seraph/armor",
    "op": "addmerge",
    "path": "/durabilityByType",
		"value": {
			"armor-head-lamellar-meteoriciron": 1800,
			"armor-body-lamellar-meteoriciron": 5400,
			"armor-legs-lamellar-meteoriciron": 3600,
		}
	},

	{
    "op": "add",
    "path": "/attributes/protectionModifiersByType/armor-*-lamellar-meteoriciron",
    "value": {
      "relativeProtection": 0.81,
      "flatDamageReduction": 0.8,
      "protectionTier": 3
    },
    "file": "game:itemtypes/wearable/seraph/armor.json",
    "side": "Server"
  	}	
]