{
    "textures": {
        "0": "theworkingclasses:block/soil/rottenpeat-dried"
    },
    "elements": [
        {
            "name": "Peat",
            "from": [ 5.5, 0.0, 4.5 ], 
            "to": [ 10.5, 2.0, 11.5 ], 
            "faces": {
                "north": { "texture": "#0", "uv": [ 0.0, 0.0, 5.0, 2.0 ] },
                "east": { "texture": "#0", "uv": [ 0.0, 0.0, 7.0, 2.0 ] },
                "south": { "texture": "#0", "uv": [ 0.0, 0.0, 5.0, 2.0 ] },
                "west": { "texture": "#0", "uv": [ 0.0, 0.0, 7.0, 2.0 ] },
                "up": { "texture": "#0", "uv": [ 0.0, 0.0, 5.0, 7.0 ] },
                "down": { "texture": "#0", "uv": [ 0.0, 0.0, 5.0, 7.0 ] }
            }
        }
    ]
}