[
	{
		"code": "berylbixbite",
		"triesPerChunk": 0.1,
		"withOreMap": true,
		"handbookPageCode": "item-gem-berylbixbite-rough",
		"generator": "iog-gen",
		"attributes": {
			"inblock": {
				"veintype": "fault",
				"code": "rock-*",
				"name": "rock",
				"allowedVariants": [ "granite", "rhyolite", "pumice", "slate", "phyllite", "schist", "gneiss" ]
			},
			"placeblock": {
				"code": "ore-*-berylbixbite-{rock}",
				"name": "potential",
				"allowedVariants": [ "low", "medium", "high" ]
			},
			"radius": {
				"dist": "uniform",
				"avg": 32,
				"var": 16
			},
			"yPosRel": {
				"dist": "uniform",
				"avg": 0.45,
				"var": 0.4
			},
			"thickness": {
				"dist": "uniform",
				"avg": 0.1,
				"var": 0.5
			},
			"branchCount": {
				"dist": "uniform",
				"avg": 1,
				"var": 0
			},
			"branchLength": {
				"dist": "uniform",
				"avg": 3,
				"var": 1.5
			},
			"OreSpongePercent": 0.85
		}
	}
]