[
	{
		"code": "garnetuvarovite",
		"triesPerChunk": 0.1,
		"withOreMap": true,
		"handbookPageCode": "item-gem-garnetuvarovite-rough",
		"generator": "iog-gen",
		"attributes": {
			"inblock": {
				"veintype": "chimney",
				"code": "rock-*",
				"name": "rock",
				"allowedVariants": [ "slate", "phyllite", "schist", "gneiss", "migmatite", "amphibolite" ]
			},
			"placeblock": {
				"code": "ore-*-garnetuvarovite-{rock}",
				"name": "potential",
				"allowedVariants": [ "low", "medium", "high" ]
			},
			"radius": {
				"dist": "uniform",
				"avg": 3,
				"var": 1
			},
			"yPosRel": {
				"dist": "uniform",
				"avg": 0.45,
				"var": 0.4
			},
			"thickness": {
				"dist": "uniform",
				"avg": 10,
				"var": 1
			},
			"branchCount": {
				"dist": "uniform",
				"avg": 1,
				"var": 0
			},
			"branchLength": {
				"dist": "uniform",
				"avg": 72,
				"var": 10
			},
			"OreSpongePercent": 0.6
		}
	}
]