[
  {
    "op": "replace",
    "path": "/attributes/skinnableParts/2/variants",
    "value": [
      {
        "code": "breeches",
        "texture": "game:entity/humanoid/seraphskinparts/underwear/breeches"
      },
      {
        "code": "hidebreeches",
        "texture": "game:entity/humanoid/seraphskinparts/underwear/hide-breeches"
      },
      {
        "code": "ragbreeches",
        "texture": "game:entity/humanoid/seraphskinparts/underwear/rags-breeches"
      },
      {
        "code": "leotard",
        "texture": "game:entity/humanoid/seraphskinparts/underwear/leotard"
      },
      {
        "code": "hideleotard",
        "texture": "game:entity/humanoid/seraphskinparts/underwear/hide-leotard"
      },
      {
        "code": "ragleotard",
        "texture": "game:entity/humanoid/seraphskinparts/underwear/rags-leotard"
      },
      {
        "code": "femleotard",
        "texture": "moreundergarments:entity/humanoid/seraphskinparts/underwear/fseraph/leotard"
      }
    ],
    "file": "game:entities/humanoid/player.json",
    "side": "Server"
  },
    {
        "op": "add",
        "path": "/attributes/skinnableParts/2/variants/-",
        "value": {
            "code": "femunderwear",
            "texture": "moreundergarments:entity/humanoid/seraphskinparts/underwear/fseraph/femunderwear"
        },
        "file": "game:entities/humanoid/player.json"
    },
  {
    "op": "add",
    "path": "/attributes/skinnableParts/2/variants/-",
    "value": {
      "code": "loincloth",
      "texture": "moreundergarments:entity/humanoid/seraphskinparts/underwear/loincloth"
    },
    "file": "game:entities/humanoid/player.json"
  },
  {
    "op": "add",
    "path": "/attributes/skinnableParts/2/variants/-",
    "value": {
      "code": "thong",
      "texture": "moreundergarments:entity/humanoid/seraphskinparts/underwear/thong"
    },
    "file": "game:entities/humanoid/player.json"
  },
  {
    "op": "add",
    "path": "/attributes/skinnableParts/2/variants/-",
    "value": {
      "code": "speedo",
      "texture": "moreundergarments:entity/humanoid/seraphskinparts/underwear/speedo"
    },
    "file": "game:entities/humanoid/player.json"
  },
{
    "op": "addmerge",
    "path": "/attributes/skinnableParts/-",
    "value": {
      "useDropDown": true,
      "code": "undergarment",
      "type": "texture",
      "textureTarget": "seraph",
      "overlayTexture": true,
      "overlayMode": "Normal",
      "variants": [
        {
          "type": "texture",
          "code": "none",
          "texture": "moreundergarments:entity/humanoid/seraphskinparts/underwear/none"
        },
        {
          "type": "texture",
          "code": "twopiece",
          "texture": "moreundergarments:entity/humanoid/seraphskinparts/underwear/twopiece"
        },
        {
          "type": "texture",
          "code": "hidetwopiece",
          "texture": "moreundergarments:entity/humanoid/seraphskinparts/underwear/hide-twopiece"
        },
        {
          "type": "texture",
          "code": "ragtwopiece",
          "texture": "moreundergarments:entity/humanoid/seraphskinparts/underwear/rags-twopiece"
        },
        {
          "type": "texture",
          "code": "wrap",
          "texture": "moreundergarments:entity/humanoid/seraphskinparts/underwear/wrap"
        },
        {
          "type": "texture",
          "code": "hidewrap",
          "texture": "moreundergarments:entity/humanoid/seraphskinparts/underwear/hide-wrap"
        },
        {
          "type": "texture",
          "code": "ragwrap",
          "texture": "moreundergarments:entity/humanoid/seraphskinparts/underwear/rags-wrap"
        },
        {
          "type": "texture",
          "code": "undershirt",
          "texture": "moreundergarments:entity/humanoid/seraphskinparts/underwear/undershirt"
        },
        {
          "type": "texture",
          "code": "camisole",
          "texture": "moreundergarments:entity/humanoid/seraphskinparts/underwear/camisole"
        },
        {
          "type": "texture",
          "code": "straplesstwopiece",
          "texture": "moreundergarments:entity/humanoid/seraphskinparts/underwear/straplesstwopiece"
        },
        {
          "type": "texture",
          "code": "binder",
          "texture": "moreundergarments:entity/humanoid/seraphskinparts/underwear/binder"
        },
        {
          "type": "texture",
          "code": "sarashibinder",
          "texture": "moreundergarments:entity/humanoid/seraphskinparts/underwear/sarashibinder"
        },
        {
          "type": "texture",
          "code": "obibinder",
          "texture": "moreundergarments:entity/humanoid/seraphskinparts/underwear/obibinder"
        }
        ]
        },
        "file": "game:entities/humanoid/player.json"
        }
]