[
    {
        "op": "replace",
        "path": "/nadiyan/SkinnableParts/5/variants",
        "dependsOn": [
            {
                "modid": "humans"
            }
        ],
        "value": [
            {
                "code": "breeches",
                "texture": "game:entity/humanoid/seraphskinparts/underwear/breeches"
            },
            {
                "code": "ragbreeches",
                "texture": "game:entity/humanoid/seraphskinparts/underwear/rags-breeches"
            },
            {
                "code": "leotard",
                "texture": "game:entity/humanoid/seraphskinparts/underwear/leotard"
            },
            {
                "code": "ragleotard",
                "texture": "game:entity/humanoid/seraphskinparts/underwear/rags-leotard"
            },
            {
                "code": "femleotard",
                "texture": "moreundergarments:entity/humanoid/seraphskinparts/underwear/fseraph/leotard"
            }
        ],
        "file": "humans:config/customplayermodels/nadiyan.json"
    },
   {
        "op": "add",
        "path": "/nadiyan/SkinnableParts/5/variants/-",
        "dependsOn": [
            {
                "modid": "humans"
            }
        ],
        "value": {
            "code": "femunderwear",
            "texture": "moreundergarments:entity/humanoid/seraphskinparts/underwear/fseraph/femunderwear"
        },
        "file": "humans:config/customplayermodels/nadiyan.json"
    },
    {
        "op": "add",
        "path": "/nadiyan/SkinnableParts/5/variants/-",
        "dependsOn": [
            {
                "modid": "humans"
            }
        ],
        "value": {
            "code": "speedo",
            "texture": "moreundergarments:entity/humanoid/seraphskinparts/underwear/speedo"
        },
        "file": "humans:config/customplayermodels/nadiyan.json"
    },
    {
        "op": "add",
        "path": "/nadiyan/SkinnableParts/5/variants/-",
        "dependsOn": [
            {
                "modid": "humans"
            }
        ],
        "value": {
            "code": "loincloth",
            "texture": "moreundergarments:entity/humanoid/seraphskinparts/underwear/loincloth"
        },
        "file": "humans:config/customplayermodels/nadiyan.json"
    },
    {
        "op": "add",
        "path": "/nadiyan/SkinnableParts/5/variants/-",
        "dependsOn": [
            {
                "modid": "humans"
            }
        ],
        "value": {
            "code": "thong",
            "texture": "moreundergarments:entity/humanoid/seraphskinparts/underwear/thong"
        },
        "file": "humans:config/customplayermodels/nadiyan.json"
    },
    {
        "op": "addmerge",
        "path": "/nadiyan/SkinnableParts/-",
        "dependsOn": [
            {
                "modid": "humans"
            },
            {
                "modid": "nudemod",
                "invert": true
            }
        ],
        "value": {
            "useDropDown": true,
            "code": "undergarment",
            "type": "texture",
            "textureTarget": "seraph",
			"targetSkinParts": ["base", "breasts"],
            "overlayTexture": true,
            "overlayMode": "Normal",
            "variants": [
                {
                    "type": "texture",
                    "code": "twopiece",
                    "texture": "moreundergarments:entity/humanoid/seraphskinparts/underwear/twopiece"
                },
                {
                    "type": "texture",
                    "code": "ragtwopiece",
                    "texture": "moreundergarments:entity/humanoid/seraphskinparts/underwear/rags-twopiece"
                },
                {
                    "type": "texture",
                    "code": "wrap",
                    "texture": "moreundergarments:entity/humanoid/seraphskinparts/underwear/wrap"
                },
                {
                    "type": "texture",
                    "code": "undershirt",
                    "texture": "moreundergarments:entity/humanoid/seraphskinparts/underwear/undershirt"
                },
                {
                    "type": "texture",
                    "code": "camisole",
                    "texture": "moreundergarments:entity/humanoid/seraphskinparts/underwear/camisole"
                },
                {
                    "type": "texture",
                    "code": "straplesstwopiece",
                    "texture": "moreundergarments:entity/humanoid/seraphskinparts/underwear/straplesstwopiece"
                },
                {
                    "type": "texture",
                    "code": "binder",
                    "texture": "moreundergarments:entity/humanoid/seraphskinparts/underwear/binder"
                },
                {
                    "type": "texture",
                    "code": "sarashibinder",
                    "texture": "moreundergarments:entity/humanoid/seraphskinparts/underwear/sarashibinder"
                },
                {
                    "type": "texture",
                    "code": "obibinder",
                    "texture": "moreundergarments:entity/humanoid/seraphskinparts/underwear/obibinder"
                }
            ]
        },
        "file": "humans:config/customplayermodels/nadiyan.json"
    },
    {
        "op": "addmerge",
        "path": "/nadiyan/SkinnableParts/-",
        "dependsOn": [
            {
                "modid": "humans"
            },
            {
                "modid": "nudemod"
            }
        ],
        "value": {
            "useDropDown": true,
            "code": "undergarment",
            "type": "texture",
            "textureTarget": "seraph",
			"targetSkinParts": ["base", "breasts"],
            "overlayTexture": true,
            "overlayMode": "Normal",
            "variants": [
                {
                    "type": "texture",
                    "code": "twopiece",
                    "texture": "moreundergarments:entity/humanoid/seraphskinparts/underwear/twopiece"
                },
                {
                    "type": "texture",
                    "code": "ragtwopiece",
                    "texture": "moreundergarments:entity/humanoid/seraphskinparts/underwear/rags-twopiece"
                },
                {
                    "type": "texture",
                    "code": "wrap",
                    "texture": "moreundergarments:entity/humanoid/seraphskinparts/underwear/wrap"
                },
                {
                    "type": "texture",
                    "code": "ragwrap",
                    "texture": "moreundergarments:entity/humanoid/seraphskinparts/underwear/rags-wrap"
                },
                {
                    "type": "texture",
                    "code": "undershirt",
                    "texture": "moreundergarments:entity/humanoid/seraphskinparts/underwear/undershirt"
                },
                {
                    "type": "texture",
                    "code": "camisole",
                    "texture": "moreundergarments:entity/humanoid/seraphskinparts/underwear/camisole"
                },
                {
                    "type": "texture",
                    "code": "straplesstwopiece",
                    "texture": "moreundergarments:entity/humanoid/seraphskinparts/underwear/straplesstwopiece"
                },
                {
                    "type": "texture",
                    "code": "binder",
                    "texture": "moreundergarments:entity/humanoid/seraphskinparts/underwear/binder"
                },
                {
                    "type": "texture",
                    "code": "sarashibinder",
                    "texture": "moreundergarments:entity/humanoid/seraphskinparts/underwear/sarashibinder"
                },
                {
                    "type": "texture",
                    "code": "obibinder",
                    "texture": "moreundergarments:entity/humanoid/seraphskinparts/underwear/obibinder"
                },
                {
                    "type": "texture",
                    "code": "nude",
                    "texture": "nudemod:entity/nude"
                }
            ]
        },
        "file": "humans:config/customplayermodels/nadiyan.json"
    }
]