[
    {
        "op": "replace",
        "path": "/dwarf/SkinnableParts/2/variants",
        "dependsOn": [
            {
                "modid": "racialequality"
            }
        ],
        "value": [
            {
                "code": "breeches",
                "texture": "racialequality:entity/humanoid/underwear/breeches"
            },
            {
                "code": "hidebreeches",
                "texture": "moreundergarments:entity/humanoid/seraphskinparts/underwear/racialequality/hide-breeches"
            },
            {
                "code": "ragbreeches",
                "texture": "moreundergarments:entity/humanoid/seraphskinparts/underwear/racialequality/rags-breeches"
            },
            {
                "code": "leotard",
                "texture": "racialequality:entity/humanoid/underwear/leotard"
            },
            {
                "code": "hideleotard",
                "texture": "moreundergarments:entity/humanoid/seraphskinparts/underwear/racialequality/hide-leotard"
            },
            {
                "code": "ragleotard",
                "texture": "moreundergarments:entity/humanoid/seraphskinparts/underwear/racialequality/rags-leotard"
            },
            {
                "code": "femleotard",
                "texture": "moreundergarments:entity/humanoid/seraphskinparts/underwear/racialequality/femleotard"
            }
        ],
        "file": "racialequality:config/customplayermodels/dwarf-char.json"
    },
    {
        "op": "add",
        "path": "/dwarf/SkinnableParts/2/variants/-",
        "dependsOn": [
            {
                "modid": "racialequality"
            }
        ],
        "value": {
            "code": "femunderwear",
            "texture": "moreundergarments:entity/humanoid/seraphskinparts/underwear/racialequality/femunderwear"
        },
        "file": "racialequality:config/customplayermodels/dwarf-char.json"
    },
    {
        "op": "add",
        "path": "/dwarf/SkinnableParts/2/variants/-",
        "dependsOn": [
            {
                "modid": "racialequality"
            }
        ],
        "value": {
            "code": "speedo",
            "texture": "moreundergarments:entity/humanoid/seraphskinparts/underwear/racialequality/speedo"
        },
        "file": "racialequality:config/customplayermodels/dwarf-char.json"
    },
    {
        "op": "add",
        "path": "/dwarf/SkinnableParts/2/variants/-",
        "dependsOn": [
            {
                "modid": "racialequality"
            }
        ],
        "value": {
            "code": "loincloth",
            "texture": "moreundergarments:entity/humanoid/seraphskinparts/underwear/racialequality/loincloth"
        },
        "file": "racialequality:config/customplayermodels/dwarf-char.json"
    },
    {
        "op": "add",
        "path": "/dwarf/SkinnableParts/2/variants/-",
        "dependsOn": [
            {
                "modid": "racialequality"
            }
        ],
        "value": {
            "code": "thong",
            "texture": "moreundergarments:entity/humanoid/seraphskinparts/underwear/racialequality/thong"
        },
        "file": "racialequality:config/customplayermodels/dwarf-char.json"
    },
    {
        "op": "addmerge",
        "path": "/dwarf/SkinnableParts/-",
        "dependsOn": [
            {
                "modid": "racialequality"
            }
        ],
        "value": {
            "useDropDown": true,
            "code": "undergarment",
            "type": "texture",
            "textureTarget": "seraph",
            "overlayTexture": true,
            "overlayMode": "Normal",
            "variants": [
                {
                    "type": "texture",
                    "code": "none",
                    "texture": "moreundergarments:entity/humanoid/seraphskinparts/underwear/none"
                },
                {
                    "type": "texture",
                    "code": "twopiece",
                    "texture": "moreundergarments:entity/humanoid/seraphskinparts/underwear/racialequality/twopiece"
                },
                {
                    "type": "texture",
                    "code": "hidetwopiece",
                    "texture": "moreundergarments:entity/humanoid/seraphskinparts/underwear/racialequality/hide-twopiece"
                },
                {
                    "type": "texture",
                    "code": "ragtwopiece",
                    "texture": "moreundergarments:entity/humanoid/seraphskinparts/underwear/racialequality/rags-twopiece"
                },
                {
                    "type": "texture",
                    "code": "wrap",
                    "texture": "moreundergarments:entity/humanoid/seraphskinparts/underwear/racialequality/wrap"
                },
                {
                    "type": "texture",
                    "code": "hidewrap",
                    "texture": "moreundergarments:entity/humanoid/seraphskinparts/underwear/racialequality/hide-wrap"
                },
                {
                    "type": "texture",
                    "code": "ragwrap",
                    "texture": "moreundergarments:entity/humanoid/seraphskinparts/underwear/racialequality/rags-wrap"
                },
                {
                    "type": "texture",
                    "code": "undershirt",
                    "texture": "moreundergarments:entity/humanoid/seraphskinparts/underwear/racialequality/undershirt"
                },
                {
                    "type": "texture",
                    "code": "camisole",
                    "texture": "moreundergarments:entity/humanoid/seraphskinparts/underwear/racialequality/camisole"
                },
                {
                    "type": "texture",
                    "code": "straplesstwopiece",
                    "texture": "moreundergarments:entity/humanoid/seraphskinparts/underwear/racialequality/straplesstwopiece"
                },
                {
                    "type": "texture",
                    "code": "binder",
                    "texture": "moreundergarments:entity/humanoid/seraphskinparts/underwear/racialequality/binder"
                },
                {
                    "type": "texture",
                    "code": "obibinder",
                    "texture": "moreundergarments:entity/humanoid/seraphskinparts/underwear/racialequality/obibinder"
                },
                {
                    "type": "texture",
                    "code": "sarashibinder",
                    "texture": "moreundergarments:entity/humanoid/seraphskinparts/underwear/racialequality/sarashibinder"
                }
            ]
        },
        "file": "racialequality:config/customplayermodels/dwarf-char.json"
    }
]