{
	"editor": {
		"allAngles": false,
		"entityTextureMode": false
	},
	"textureWidth": 16,
	"textureHeight": 16,
	"textureSizes": {
	},
	"textures": {
	},
	"elements": [
		{
			"name": "origin",
			"from": [ 8.0, 0.0, 8.0 ],
			"to": [ 8.0, 0.0, 8.0 ],
			"rotationOrigin": [ 8.0, 0.0, 8.0 ],
			"faces": {
				"north": { "texture": "#0", "uv": [ 0.0, 0.0, 0.0, 0.0 ], "enabled": false },
				"east": { "texture": "#0", "uv": [ 0.5, -0.5, 0.5, -0.5 ], "enabled": false },
				"south": { "texture": "#0", "uv": [ 0.0, 0.0, 0.0, 0.0 ], "enabled": false },
				"west": { "texture": "#0", "uv": [ 0.0, 0.0, 0.0, 0.0 ], "enabled": false },
				"up": { "texture": "#0", "uv": [ 0.0, 0.0, 0.0, 0.0 ], "enabled": false },
				"down": { "texture": "#0", "uv": [ 0.0, 0.0, 0.0, 0.0 ], "enabled": false }
			},
			"children": [
				{
					"name": "bottom",
					"from": [ -2.0, 0.0, -2.0 ],
					"to": [ 2.0, 0.5, 2.0 ],
					"faces": {
						"north": { "texture": "#ceramic", "uv": [ 8.0, 9.0, 12.0, 9.5 ] },
						"east": { "texture": "#ceramic", "uv": [ 8.0, 9.0, 12.0, 9.5 ] },
						"south": { "texture": "#ceramic", "uv": [ 8.0, 9.0, 12.0, 9.5 ] },
						"west": { "texture": "#ceramic", "uv": [ 8.0, 9.0, 12.0, 9.5 ] },
						"up": { "texture": "#0", "uv": [ 5.5, 5.0, 9.5, 9.0 ], "enabled": false },
						"down": { "texture": "#ceramic", "uv": [ 0.0, 0.0, 4.0, 4.0 ] }
					}
				},
				{
					"name": "body",
					"from": [ -2.5, 0.5, -2.5 ],
					"to": [ 2.5, 4.5, 2.5 ],
					"faces": {
						"north": { "texture": "#ceramic", "uv": [ 6.0, 6.0, 11.0, 10.0 ] },
						"east": { "texture": "#ceramic", "uv": [ 6.0, 6.0, 11.0, 10.0 ] },
						"south": { "texture": "#ceramic", "uv": [ 6.0, 6.0, 11.0, 10.0 ] },
						"west": { "texture": "#ceramic", "uv": [ 6.0, 6.0, 11.0, 10.0 ] },
						"up": { "texture": "#ceramic", "uv": [ 0.0, 0.0, 5.0, 5.0 ], "rotation": 90 },
						"down": { "texture": "#ceramic", "uv": [ 5.0, 0.0, 10.0, 5.0 ] }
					}
				},
				{
					"name": "top lip",
					"from": [ -2.0, 4.5, -2.0 ],
					"to": [ 2.0, 5.0, 2.0 ],
					"faces": {
						"north": { "texture": "#ceramic", "uv": [ 0.0, 4.0, 4.0, 4.5 ] },
						"east": { "texture": "#ceramic", "uv": [ 0.0, 4.0, 4.0, 4.5 ] },
						"south": { "texture": "#ceramic", "uv": [ 0.0, 4.0, 4.0, 4.5 ] },
						"west": { "texture": "#ceramic", "uv": [ 0.0, 4.0, 4.0, 4.5 ] },
						"up": { "texture": "#0", "uv": [ 12.0, 3.5, 16.0, 7.5 ], "rotation": 90, "enabled": false },
						"down": { "texture": "#0", "uv": [ 0.0, 0.0, 4.0, 4.0 ], "enabled": false }
					}
				},
				{
					"name": "lid",
					"from": [ -2.5, 5.0, -2.5 ],
					"to": [ 2.5, 5.5, 2.5 ],
					"rotationOrigin": [ 0.0, 5.0, -2.0 ],
					"faces": {
						"north": { "texture": "#ceramic", "uv": [ 0.0, 12.0, 5.0, 12.5 ] },
						"east": { "texture": "#ceramic", "uv": [ 0.0, 12.0, 5.0, 12.5 ] },
						"south": { "texture": "#ceramic", "uv": [ 0.0, 12.0, 5.0, 12.5 ] },
						"west": { "texture": "#ceramic", "uv": [ 0.0, 12.0, 5.0, 12.5 ] },
						"up": { "texture": "#ceramic", "uv": [ 11.0, 11.0, 16.0, 16.0 ] },
						"down": { "texture": "#ceramic", "uv": [ 6.0, 11.0, 11.0, 16.0 ] }
					},
					"children": [
						{
							"name": "handle",
							"from": [ 1.75, 0.5, 1.75 ],
							"to": [ 3.25, 1.0, 3.25 ],
							"rotationOrigin": [ -1.0, 0.0, 0.0 ],
							"faces": {
								"north": { "texture": "#ceramic", "uv": [ 11.5, 8.0, 13.0, 8.5 ] },
								"east": { "texture": "#ceramic", "uv": [ 3.0, 8.0, 4.5, 8.5 ] },
								"south": { "texture": "#ceramic", "uv": [ 3.5, 9.0, 5.0, 9.5 ] },
								"west": { "texture": "#ceramic", "uv": [ 10.0, 8.5, 11.5, 9.0 ] },
								"up": { "texture": "#ceramic", "uv": [ 4.0, 6.5, 5.5, 8.0 ] },
								"down": { "texture": "#0", "uv": [ 0.0, 0.0, 1.5, 1.5 ], "enabled": false }
							}
						}
					]
				}
			]
		}
	]}