[
	{ "op": "addmerge", "path": "/allowedVariants/-", "value": "crystalizedore-poor-galena_nativesilver-arenite", "file": "game:itemtypes/resource/crystalizedore-graded.json", },
	{ "op": "addmerge", "path": "/allowedVariants/-", "value": "crystalizedore-medium-galena_nativesilver-arenite", "file": "game:itemtypes/resource/crystalizedore-graded.json", },

	{ "op": "addmerge", "path": "/allowedVariants/-", "value": "crystalizedore-poor-galena_nativesilver-arkose", "file": "game:itemtypes/resource/crystalizedore-graded.json", },
	{ "op": "addmerge", "path": "/allowedVariants/-", "value": "crystalizedore-medium-galena_nativesilver-arkose", "file": "game:itemtypes/resource/crystalizedore-graded.json", },

	{ "op": "addmerge", "path": "/allowedVariants/-", "value": "crystalizedore-poor-galena_nativesilver-wacke", "file": "game:itemtypes/resource/crystalizedore-graded.json", },
	{ "op": "addmerge", "path": "/allowedVariants/-", "value": "crystalizedore-medium-galena_nativesilver-wacke", "file": "game:itemtypes/resource/crystalizedore-graded.json", },

	{ "op": "addmerge", "path": "/allowedVariants/-", "value": "crystalizedore-poor-galena_nativesilver-travertine", "file": "game:itemtypes/resource/crystalizedore-graded.json", },
	{ "op": "addmerge", "path": "/allowedVariants/-", "value": "crystalizedore-medium-galena_nativesilver-travertine", "file": "game:itemtypes/resource/crystalizedore-graded.json", },

	{ "op": "addmerge", "path": "/allowedVariants/-", "value": "crystalizedore-poor-galena_nativesilver-monzonite", "file": "game:itemtypes/resource/crystalizedore-graded.json", },
	{ "op": "addmerge", "path": "/allowedVariants/-", "value": "crystalizedore-medium-galena_nativesilver-monzonite", "file": "game:itemtypes/resource/crystalizedore-graded.json", },

	{ "op": "addmerge", "path": "/allowedVariants/-", "value": "crystalizedore-poor-galena_nativesilver-syenite", "file": "game:itemtypes/resource/crystalizedore-graded.json", },
	{ "op": "addmerge", "path": "/allowedVariants/-", "value": "crystalizedore-medium-galena_nativesilver-syenite", "file": "game:itemtypes/resource/crystalizedore-graded.json", },
]