[
  {
    "op": "replace",
    "comment": "peasant slippers",
    "compatibility": [ "wool", "tailorsdelight" ],
    "path": "/3/ingredientPattern",
    "value": "CNC",
    "file": "wool:recipes/grid/clothing/wool/foot.json",
    "side": "Server"
  },
  {
    "op": "add",
    "compatibility": [ "wool", "tailorsdelight" ],
    "path": "/3/ingredients/N",
    "value": { "type": "item", "code": "tailorsdelight:needle-*" },
    "file": "wool:recipes/grid/clothing/wool/foot.json",
    "side": "Server"
  },

  {
    "op": "replace",
    "comment": "commoner boots",
    "compatibility": [ "wool", "tailorsdelight" ],
    "path": "/4/ingredients/N",
    "value": { "type": "item", "code": "tailorsdelight:needle-*" },
    "file": "wool:recipes/grid/clothing/wool/foot.json",
    "side": "Server"
  },

  {
    "op": "replace",
    "comment": "fur lined reindeer herder shoes",
    "compatibility": [ "wool", "tailorsdelight" ],
    "path": "/5/ingredients/T",
    "value": { "type": "item", "code": "tailorsdelight:leatherbundle-pelt", "quantity": 1 },
    "file": "wool:recipes/grid/clothing/wool/foot.json",
    "side": "Server"
  },

  {
    "op": "replace",
    "comment": "survivor boots",
    "compatibility": [ "wool", "tailorsdelight" ],
    "path": "/6/ingredientPattern",
    "value": "BTB,KNK",
    "file": "wool:recipes/grid/clothing/wool/foot.json",
    "side": "Server"
  },
  {
    "op": "add",
    "compatibility": [ "wool", "tailorsdelight" ],
    "path": "/6/ingredients/N",
    "value": { "type": "item", "code": "tailorsdelight:needle-*" },
    "file": "wool:recipes/grid/clothing/wool/foot.json",
    "side": "Server"
  },

  {
    "op": "replace",
    "comment": "nomad boots",
    "compatibility": [ "wool", "tailorsdelight" ],
    "path": "/7/ingredients/N",
    "value": { "type": "item", "code": "tailorsdelight:buttons-*", "name": "button", "allowedVariants": [ "horn" ] },
    "file": "wool:recipes/grid/clothing/wool/foot.json",
    "side": "Server"
  }
]
