[
  {
    "op": "replace",
    "compatibility": [ "wool", "tailorsdelight" ],
    "path": "/0/ingredientPattern",
    "value": "LSL,NT_",
    "file": "wool:recipes/grid/clothing/wool/hand.json",
    "side": "Server"
  },
  {
    "op": "add",
    "compatibility": [ "wool", "tailorsdelight" ],
    "path": "/0/ingredients/N",
    "value": { "type": "item", "code": "tailorsdelight:needle-*" },
    "file": "wool:recipes/grid/clothing/wool/hand.json",
    "side": "Server"
  },

  {
    "op": "replace",
    "compatibility": [ "wool", "tailorsdelight" ],
    "path": "/1/ingredientPattern",
    "value": "GSG,TNT",
    "file": "wool:recipes/grid/clothing/wool/hand.json",
    "side": "Server"
  },
  {
    "op": "add",
    "compatibility": [ "wool", "tailorsdelight" ],
    "path": "/1/ingredients/N",
    "value": { "type": "item", "code": "tailorsdelight:needle-*" },
    "file": "wool:recipes/grid/clothing/wool/hand.json",
    "side": "Server"
  }
]
