[
  {
    "op": "replace",
    "comment": "survivor mask",
    "compatibility": [ "wool", "tailorsdelight" ],
    "path": "/0/ingredients/N",
    "value": { "type": "item", "code": "tailorsdelight:needle-*" },
    "file": "wool:recipes/grid/clothing/wool/face.json",
    "side": "Server"
  },

  {
    "op": "replace",
    "comment": "miner mask",
    "compatibility": [ "wool", "tailorsdelight" ],
    "path": "/1/ingredients/N",
    "value": { "type": "item", "code": "tailorsdelight:needle-*" },
    "file": "wool:recipes/grid/clothing/wool/face.json",
    "side": "Server"
  }
]
