{
	"editor": {
		"collapsedPaths": "Root/origin/METAL/boss",
		"allAngles": false,
		"entityTextureMode": false
	},
	"textureWidth": 16,
	"textureHeight": 16,
	"textureSizes": {
		"metal": [16,16],
		"med-pattern": [12,12],
		"acacia": [16,16]
	},
	"textures": {
		"rim": "game:block/metal/sheet/bismuthbronze1",
		"handle": "game:block/wood/planks/generic",
		"front": "game:item/tool/shield/leather/plain",
		"back": "game:item/tool/shield/wood"
	},
	"elements": [
		{
			"name": "origin",
			"stepParentName": "LowerArmL",
			"from": [ 1.0, 0.0, 3.0 ],
			"to": [ 1.0, 0.0, 3.0 ],
			"rotationOrigin": [ 1.0, 0.0, 3.0 ],
			"faces": {
			},
			"children": [
				{
					"name": "METAL",
					"from": [ 0.0, 1.0, 0.0 ],
					"to": [ 0.0, 1.0, 0.0 ],
					"rotationOrigin": [ 0.0, 1.0, 0.0 ],
					"faces": {
					},
					"children": [
						{
							"name": "NAILS",
							"from": [ 0.0, 0.0, 0.6 ],
							"to": [ 0.0, 0.0, 0.6 ],
							"rotationOrigin": [ 0.0, 0.0, 0.6 ],
							"faces": {
							},
							"children": [
								{
									"name": "nail1",
									"from": [ -0.2, -4.7, -0.7 ],
									"to": [ 0.2, -4.3, 0.0 ],
									"rotationOrigin": [ 0.0, -4.5, -0.6 ],
									"rotationZ": -45.0,
									"faces": {
										"north": { "texture": "#rim", "uv": [ 11.0, 14.5, 11.5, 15.0 ] },
										"east": { "texture": "#rim", "uv": [ 5.0, 11.5, 5.5, 12.0 ] },
										"south": { "texture": "#rim", "uv": [ 12.5, 1.0, 13.0, 1.5 ] },
										"west": { "texture": "#rim", "uv": [ 0.5, 3.0, 1.0, 3.5 ] },
										"up": { "texture": "#rim", "uv": [ 14.0, 14.5, 14.5, 15.0 ] },
										"down": { "texture": "#rim", "uv": [ 0.5, 8.0, 1.0, 8.5 ] }
									}
								},
								{
									"name": "nail3",
									"from": [ 1.8, -4.7, -0.7 ],
									"to": [ 2.2, -4.3, 0.0 ],
									"rotationOrigin": [ 2.0, -4.5, -0.6 ],
									"rotationZ": -45.0,
									"faces": {
										"north": { "texture": "#rim", "uv": [ 10.5, 1.0, 11.0, 1.5 ] },
										"east": { "texture": "#rim", "uv": [ 3.0, 0.5, 3.5, 1.0 ] },
										"south": { "texture": "#rim", "uv": [ 9.0, 4.5, 9.5, 5.0 ] },
										"west": { "texture": "#rim", "uv": [ 7.5, 5.0, 8.0, 5.5 ] },
										"up": { "texture": "#rim", "uv": [ 0.0, 5.5, 0.5, 6.0 ] },
										"down": { "texture": "#rim", "uv": [ 13.5, 12.5, 14.0, 13.0 ] }
									}
								},
								{
									"name": "nail5",
									"from": [ 3.8, -4.2, -0.7 ],
									"to": [ 4.2, -3.8, 0.0 ],
									"rotationOrigin": [ 4.0, -4.0, -0.6 ],
									"rotationZ": -45.0,
									"faces": {
										"north": { "texture": "#rim", "uv": [ 13.0, 7.5, 13.5, 8.0 ] },
										"east": { "texture": "#rim", "uv": [ 1.0, 0.0, 1.5, 0.5 ] },
										"south": { "texture": "#rim", "uv": [ 15.0, 15.0, 15.5, 15.5 ] },
										"west": { "texture": "#rim", "uv": [ 6.0, 2.5, 6.5, 3.0 ] },
										"up": { "texture": "#rim", "uv": [ 1.5, 9.5, 2.0, 10.0 ] },
										"down": { "texture": "#rim", "uv": [ 13.0, 10.5, 13.5, 11.0 ] }
									}
								},
								{
									"name": "nail7",
									"from": [ 4.3, -2.2, -0.7 ],
									"to": [ 4.7, -1.8, 0.0 ],
									"rotationOrigin": [ 4.5, -2.0, -0.6 ],
									"rotationZ": -45.0,
									"faces": {
										"north": { "texture": "#rim", "uv": [ 11.5, 10.0, 12.0, 10.5 ] },
										"east": { "texture": "#rim", "uv": [ 9.0, 3.0, 9.5, 3.5 ] },
										"south": { "texture": "#rim", "uv": [ 9.0, 7.0, 9.5, 7.5 ] },
										"west": { "texture": "#rim", "uv": [ 4.5, 1.0, 5.0, 1.5 ] },
										"up": { "texture": "#rim", "uv": [ 1.0, 1.5, 1.5, 2.0 ] },
										"down": { "texture": "#rim", "uv": [ 14.5, 4.0, 15.0, 4.5 ] }
									}
								},
								{
									"name": "nail9",
									"from": [ 4.3, -0.2, -0.7 ],
									"to": [ 4.7, 0.2, 0.0 ],
									"rotationOrigin": [ 4.5, 0.0, -0.6 ],
									"rotationZ": -45.0,
									"faces": {
										"north": { "texture": "#rim", "uv": [ 7.0, 6.5, 7.5, 7.0 ] },
										"east": { "texture": "#rim", "uv": [ 5.0, 3.5, 5.5, 4.0 ] },
										"south": { "texture": "#rim", "uv": [ 4.5, 12.0, 5.0, 12.5 ] },
										"west": { "texture": "#rim", "uv": [ 2.5, 14.0, 3.0, 14.5 ] },
										"up": { "texture": "#rim", "uv": [ 15.0, 4.5, 15.5, 5.0 ] },
										"down": { "texture": "#rim", "uv": [ 4.5, 9.5, 5.0, 10.0 ] }
									}
								},
								{
									"name": "nail11",
									"from": [ 4.3, 1.8, -0.7 ],
									"to": [ 4.7, 2.2, 0.0 ],
									"rotationOrigin": [ 4.5, 2.0, -0.6 ],
									"rotationZ": -45.0,
									"faces": {
										"north": { "texture": "#rim", "uv": [ 4.0, 8.0, 4.5, 8.5 ] },
										"east": { "texture": "#rim", "uv": [ 10.5, 5.0, 11.0, 5.5 ] },
										"south": { "texture": "#rim", "uv": [ 14.5, 8.5, 15.0, 9.0 ] },
										"west": { "texture": "#rim", "uv": [ 4.0, 3.0, 4.5, 3.5 ] },
										"up": { "texture": "#rim", "uv": [ 4.5, 5.0, 5.0, 5.5 ] },
										"down": { "texture": "#rim", "uv": [ 4.5, 3.0, 5.0, 3.5 ] }
									}
								},
								{
									"name": "nail13",
									"from": [ 3.8, 3.8, -0.7 ],
									"to": [ 4.2, 4.2, 0.0 ],
									"rotationOrigin": [ 4.0, 4.0, -0.6 ],
									"rotationZ": -45.0,
									"faces": {
										"north": { "texture": "#rim", "uv": [ 3.5, 1.0, 4.0, 1.5 ] },
										"east": { "texture": "#rim", "uv": [ 6.0, 1.0, 6.5, 1.5 ] },
										"south": { "texture": "#rim", "uv": [ 0.0, 2.5, 0.5, 3.0 ] },
										"west": { "texture": "#rim", "uv": [ 3.5, 11.5, 4.0, 12.0 ] },
										"up": { "texture": "#rim", "uv": [ 9.0, 6.0, 9.5, 6.5 ] },
										"down": { "texture": "#rim", "uv": [ 2.5, 1.0, 3.0, 1.5 ] }
									}
								},
								{
									"name": "nail15",
									"from": [ 1.8, 4.3, -0.7 ],
									"to": [ 2.2, 4.7, 0.0 ],
									"rotationOrigin": [ 2.0, 4.5, -0.6 ],
									"rotationZ": -45.0,
									"faces": {
										"north": { "texture": "#rim", "uv": [ 2.5, 14.5, 3.0, 15.0 ] },
										"east": { "texture": "#rim", "uv": [ 1.5, 11.0, 2.0, 11.5 ] },
										"south": { "texture": "#rim", "uv": [ 0.5, 10.0, 1.0, 10.5 ] },
										"west": { "texture": "#rim", "uv": [ 1.5, 14.0, 2.0, 14.5 ] },
										"up": { "texture": "#rim", "uv": [ 0.0, 2.0, 0.5, 2.5 ] },
										"down": { "texture": "#rim", "uv": [ 7.0, 8.5, 7.5, 9.0 ] }
									}
								},
								{
									"name": "nail17",
									"from": [ -0.2, 4.3, -0.7 ],
									"to": [ 0.2, 4.7, 0.0 ],
									"rotationOrigin": [ 0.0, 4.5, -0.6 ],
									"rotationZ": -45.0,
									"faces": {
										"north": { "texture": "#rim", "uv": [ 6.5, 3.5, 7.0, 4.0 ] },
										"east": { "texture": "#rim", "uv": [ 15.0, 2.0, 15.5, 2.5 ] },
										"south": { "texture": "#rim", "uv": [ 10.5, 3.5, 11.0, 4.0 ] },
										"west": { "texture": "#rim", "uv": [ 14.0, 4.0, 14.5, 4.5 ] },
										"up": { "texture": "#rim", "uv": [ 14.5, 2.0, 15.0, 2.5 ] },
										"down": { "texture": "#rim", "uv": [ 2.0, 12.0, 2.5, 12.5 ] }
									}
								},
								{
									"name": "nail19",
									"from": [ -2.2, 4.3, -0.7 ],
									"to": [ -1.8, 4.7, 0.0 ],
									"rotationOrigin": [ -2.0, 4.5, -0.6 ],
									"rotationZ": -45.0,
									"faces": {
										"north": { "texture": "#rim", "uv": [ 2.5, 13.0, 3.0, 13.5 ] },
										"east": { "texture": "#rim", "uv": [ 10.5, 10.5, 11.0, 11.0 ] },
										"south": { "texture": "#rim", "uv": [ 4.0, 5.0, 4.5, 5.5 ] },
										"west": { "texture": "#rim", "uv": [ 4.0, 2.0, 4.5, 2.5 ] },
										"up": { "texture": "#rim", "uv": [ 7.0, 4.0, 7.5, 4.5 ] },
										"down": { "texture": "#rim", "uv": [ 5.0, 1.5, 5.5, 2.0 ] }
									}
								},
								{
									"name": "nail21",
									"from": [ -4.2, 3.8, -0.7 ],
									"to": [ -3.8, 4.2, 0.0 ],
									"rotationOrigin": [ -4.0, 4.0, -0.6 ],
									"rotationZ": -45.0,
									"faces": {
										"north": { "texture": "#rim", "uv": [ 10.5, 7.5, 11.0, 8.0 ] },
										"east": { "texture": "#rim", "uv": [ 8.0, 3.5, 8.5, 4.0 ] },
										"south": { "texture": "#rim", "uv": [ 1.5, 10.0, 2.0, 10.5 ] },
										"west": { "texture": "#rim", "uv": [ 11.5, 11.5, 12.0, 12.0 ] },
										"up": { "texture": "#rim", "uv": [ 4.5, 0.0, 5.0, 0.5 ] },
										"down": { "texture": "#rim", "uv": [ 7.0, 12.0, 7.5, 12.5 ] }
									}
								},
								{
									"name": "nail23",
									"from": [ -4.7, 1.8, -0.7 ],
									"to": [ -4.3, 2.2, 0.0 ],
									"rotationOrigin": [ -4.5, 2.0, -0.6 ],
									"rotationZ": -45.0,
									"faces": {
										"north": { "texture": "#rim", "uv": [ 9.5, 3.0, 10.0, 3.5 ] },
										"east": { "texture": "#rim", "uv": [ 0.0, 14.0, 0.5, 14.5 ] },
										"south": { "texture": "#rim", "uv": [ 14.5, 8.0, 15.0, 8.5 ] },
										"west": { "texture": "#rim", "uv": [ 10.0, 6.0, 10.5, 6.5 ] },
										"up": { "texture": "#rim", "uv": [ 8.0, 12.0, 8.5, 12.5 ] },
										"down": { "texture": "#rim", "uv": [ 3.0, 5.0, 3.5, 5.5 ] }
									}
								},
								{
									"name": "nail25",
									"from": [ -4.7, -0.2, -0.7 ],
									"to": [ -4.3, 0.2, 0.0 ],
									"rotationOrigin": [ -4.5, 0.0, -0.6 ],
									"rotationZ": -45.0,
									"faces": {
										"north": { "texture": "#rim", "uv": [ 3.0, 13.5, 3.5, 14.0 ] },
										"east": { "texture": "#rim", "uv": [ 1.0, 12.0, 1.5, 12.5 ] },
										"south": { "texture": "#rim", "uv": [ 3.5, 5.5, 4.0, 6.0 ] },
										"west": { "texture": "#rim", "uv": [ 9.5, 0.0, 10.0, 0.5 ] },
										"up": { "texture": "#rim", "uv": [ 1.5, 11.0, 2.0, 11.5 ] },
										"down": { "texture": "#rim", "uv": [ 2.5, 5.0, 3.0, 5.5 ] }
									}
								},
								{
									"name": "nail27",
									"from": [ -4.7, -2.2, -0.7 ],
									"to": [ -4.3, -1.8, 0.0 ],
									"rotationOrigin": [ -4.5, -2.0, -0.6 ],
									"rotationZ": -45.0,
									"faces": {
										"north": { "texture": "#rim", "uv": [ 12.5, 14.5, 13.0, 15.0 ] },
										"east": { "texture": "#rim", "uv": [ 2.5, 5.0, 3.0, 5.5 ] },
										"south": { "texture": "#rim", "uv": [ 11.5, 9.5, 12.0, 10.0 ] },
										"west": { "texture": "#rim", "uv": [ 11.0, 6.0, 11.5, 6.5 ] },
										"up": { "texture": "#rim", "uv": [ 1.0, 0.5, 1.5, 1.0 ] },
										"down": { "texture": "#rim", "uv": [ 13.0, 14.0, 13.5, 14.5 ] }
									}
								},
								{
									"name": "nail29",
									"from": [ -4.2, -4.2, -0.7 ],
									"to": [ -3.8, -3.8, 0.0 ],
									"rotationOrigin": [ -4.0, -4.0, -0.6 ],
									"rotationZ": -45.0,
									"faces": {
										"north": { "texture": "#rim", "uv": [ 9.5, 4.0, 10.0, 4.5 ] },
										"east": { "texture": "#rim", "uv": [ 15.0, 13.5, 15.5, 14.0 ] },
										"south": { "texture": "#rim", "uv": [ 8.0, 14.5, 8.5, 15.0 ] },
										"west": { "texture": "#rim", "uv": [ 1.5, 7.0, 2.0, 7.5 ] },
										"up": { "texture": "#rim", "uv": [ 3.0, 6.5, 3.5, 7.0 ] },
										"down": { "texture": "#rim", "uv": [ 9.0, 13.5, 9.5, 14.0 ] }
									}
								},
								{
									"name": "nail31",
									"from": [ -2.2, -4.7, -0.7 ],
									"to": [ -1.8, -4.3, 0.0 ],
									"rotationOrigin": [ -2.0, -4.5, -0.6 ],
									"rotationZ": -45.0,
									"faces": {
										"north": { "texture": "#rim", "uv": [ 9.5, 5.5, 10.0, 6.0 ] },
										"east": { "texture": "#rim", "uv": [ 13.5, 13.5, 14.0, 14.0 ] },
										"south": { "texture": "#rim", "uv": [ 13.5, 10.5, 14.0, 11.0 ] },
										"west": { "texture": "#rim", "uv": [ 13.0, 9.5, 13.5, 10.0 ] },
										"up": { "texture": "#rim", "uv": [ 12.5, 1.0, 13.0, 1.5 ] },
										"down": { "texture": "#rim", "uv": [ 7.5, 14.0, 8.0, 14.5 ] }
									}
								}
							]
						},
						{
							"name": "EDGE",
							"from": [ 0.0, 0.0, 0.0 ],
							"to": [ 0.0, 0.0, 0.0 ],
							"faces": {
							},
							"children": [
								{
									"name": "edge-w",
									"from": [ -5.5, -3.5, -0.3 ],
									"to": [ -5.0, 3.5, 0.7 ],
									"rotationOrigin": [ -5.5, -0.5, 0.0 ],
									"faces": {
										"north": { "texture": "#rim", "uv": [ 0.0, 1.5, 0.5, 8.5 ], "rotation": 180 },
										"east": { "texture": "#rim", "uv": [ 0.0, 0.0, 1.0, 7.0 ], "windMode": [-1,-1,-1,-1] },
										"south": { "texture": "#rim", "uv": [ 10.5, 2.0, 11.0, 9.0 ] },
										"west": { "texture": "#rim", "uv": [ 0.0, 3.5, 1.0, 10.5 ] }
									}
								},
								{
									"name": "edge-e",
									"from": [ 5.0, -3.5, -0.3 ],
									"to": [ 5.5, 3.5, 0.7 ],
									"rotationOrigin": [ 5.0, 0.5, 0.0 ],
									"faces": {
										"north": { "texture": "#rim", "uv": [ 15.5, 2.0, 16.0, 9.0 ], "rotation": 180 },
										"east": { "texture": "#rim", "uv": [ 15.0, 2.0, 16.0, 9.0 ] },
										"south": { "texture": "#rim", "uv": [ 8.5, 3.0, 9.0, 10.0 ] },
										"west": { "texture": "#rim", "uv": [ 5.5, 5.5, 6.5, 12.5 ], "windMode": [-1,-1,-1,-1] }
									}
								},
								{
									"name": "edge-down",
									"from": [ -3.5, -5.5, -0.3 ],
									"to": [ 3.5, -5.0, 0.7 ],
									"rotationOrigin": [ 0.5, -5.5, 0.0 ],
									"faces": {
										"north": { "texture": "#rim", "uv": [ 2.5, 0.0, 9.5, 0.5 ] },
										"south": { "texture": "#rim", "uv": [ 5.0, 8.0, 12.0, 8.5 ] },
										"up": { "texture": "#rim", "uv": [ 2.5, 5.5, 9.5, 6.5 ], "windMode": [-1,-1,-1,-1] },
										"down": { "texture": "#rim", "uv": [ 6.0, 0.0, 13.0, 1.0 ] }
									}
								},
								{
									"name": "edge-up",
									"from": [ -3.5, 5.0, -0.3 ],
									"to": [ 3.5, 5.5, 0.7 ],
									"rotationOrigin": [ 0.0, 5.0, 0.0 ],
									"faces": {
										"north": { "texture": "#rim", "uv": [ 3.5, 15.5, 10.5, 16.0 ] },
										"south": { "texture": "#rim", "uv": [ 4.5, 10.0, 11.5, 10.5 ] },
										"up": { "texture": "#rim", "uv": [ 6.0, 0.0, 13.0, 1.0 ] },
										"down": { "texture": "#rim", "uv": [ 3.0, 7.5, 10.0, 8.5 ], "windMode": [-1,-1,-1,-1] }
									}
								},
								{
									"name": "edge-u1",
									"from": [ -5.5, 3.5, -0.3 ],
									"to": [ -4.5, 4.0, 0.7 ],
									"rotationOrigin": [ -5.0, 7.0, 0.0 ],
									"faces": {
										"north": { "texture": "#rim", "uv": [ 0.0, 1.5, 0.5, 2.5 ], "rotation": 90 },
										"east": { "texture": "#rim", "uv": [ 0.0, 0.0, 1.0, 0.5 ] },
										"south": { "texture": "#rim", "uv": [ 10.5, 2.0, 11.5, 2.5 ] },
										"west": { "texture": "#rim", "uv": [ 0.0, 3.5, 1.0, 4.0 ] },
										"up": { "texture": "#rim", "uv": [ 5.5, 0.0, 6.5, 1.0 ] },
										"down": { "texture": "#rim", "uv": [ 8.5, 0.0, 9.5, 1.0 ] }
									}
								},
								{
									"name": "edge-u2",
									"from": [ -4.0, 4.5, -0.3 ],
									"to": [ -3.5, 5.5, 0.7 ],
									"rotationOrigin": [ -4.0, 5.0, 0.0 ],
									"faces": {
										"north": { "texture": "#rim", "uv": [ 0.0, 1.5, 0.5, 2.5 ], "rotation": 180 },
										"east": { "texture": "#rim", "uv": [ 0.0, 0.0, 1.0, 1.0 ] },
										"south": { "texture": "#rim", "uv": [ 10.5, 2.0, 11.0, 3.0 ] },
										"west": { "texture": "#rim", "uv": [ 0.0, 3.5, 1.0, 4.5 ] },
										"up": { "texture": "#rim", "uv": [ 5.5, 0.0, 6.0, 1.0 ] },
										"down": { "texture": "#rim", "uv": [ 8.5, 0.0, 9.0, 1.0 ] }
									}
								},
								{
									"name": "edge-u3",
									"from": [ 4.5, 3.5, -0.3 ],
									"to": [ 5.5, 4.0, 0.7 ],
									"rotationOrigin": [ 4.5, 3.0, 0.0 ],
									"faces": {
										"north": { "texture": "#rim", "uv": [ 15.5, 10.5, 16.0, 11.5 ], "rotation": 90 },
										"east": { "texture": "#rim", "uv": [ 15.0, 2.0, 16.0, 2.5 ] },
										"south": { "texture": "#rim", "uv": [ 8.5, 3.0, 9.5, 3.5 ] },
										"west": { "texture": "#rim", "uv": [ 5.5, 5.5, 6.5, 6.0 ] },
										"up": { "texture": "#rim", "uv": [ 5.0, 0.0, 6.0, 1.0 ] },
										"down": { "texture": "#rim", "uv": [ 5.0, 0.0, 6.0, 1.0 ] }
									}
								},
								{
									"name": "edge-u4",
									"from": [ 3.5, 4.5, -0.3 ],
									"to": [ 4.0, 5.5, 0.7 ],
									"rotationOrigin": [ 3.5, 4.0, 0.0 ],
									"faces": {
										"north": { "texture": "#rim", "uv": [ 15.5, 2.0, 16.0, 3.0 ], "rotation": 180 },
										"east": { "texture": "#rim", "uv": [ 15.0, 2.0, 16.0, 3.0 ] },
										"south": { "texture": "#rim", "uv": [ 8.5, 3.0, 9.0, 4.0 ] },
										"west": { "texture": "#rim", "uv": [ 5.5, 5.5, 6.5, 6.5 ] },
										"up": { "texture": "#rim", "uv": [ 5.0, 0.0, 5.5, 1.0 ] },
										"down": { "texture": "#rim", "uv": [ 5.0, 0.0, 5.5, 1.0 ] }
									}
								},
								{
									"name": "edge-d1",
									"from": [ -5.5, -4.0, -0.3 ],
									"to": [ -4.5, -3.5, 0.7 ],
									"rotationOrigin": [ -5.0, -1.0, 0.0 ],
									"faces": {
										"north": { "texture": "#rim", "uv": [ 0.0, 13.5, 0.5, 14.5 ], "rotation": 90 },
										"east": { "texture": "#rim", "uv": [ 0.0, 0.0, 1.0, 0.5 ] },
										"south": { "texture": "#rim", "uv": [ 10.5, 2.0, 11.5, 2.5 ] },
										"west": { "texture": "#rim", "uv": [ 0.0, 3.5, 1.0, 4.0 ] },
										"up": { "texture": "#rim", "uv": [ 5.5, 0.0, 6.5, 1.0 ] },
										"down": { "texture": "#rim", "uv": [ 8.5, 0.0, 9.5, 1.0 ] }
									}
								},
								{
									"name": "edge-d2",
									"from": [ -4.0, -5.5, -0.3 ],
									"to": [ -3.5, -4.5, 0.7 ],
									"rotationOrigin": [ -4.0, -1.5, 0.0 ],
									"faces": {
										"north": { "texture": "#rim", "uv": [ 0.0, 1.5, 0.5, 2.5 ], "rotation": 180 },
										"east": { "texture": "#rim", "uv": [ 0.0, 0.0, 1.0, 1.0 ] },
										"south": { "texture": "#rim", "uv": [ 10.5, 2.0, 11.0, 3.0 ] },
										"west": { "texture": "#rim", "uv": [ 0.0, 3.5, 1.0, 4.5 ] },
										"up": { "texture": "#rim", "uv": [ 5.5, 0.0, 6.0, 1.0 ] },
										"down": { "texture": "#rim", "uv": [ 8.5, 0.0, 9.0, 1.0 ] }
									}
								},
								{
									"name": "edge-d3",
									"from": [ 4.5, -4.0, -0.3 ],
									"to": [ 5.5, -3.5, 0.7 ],
									"rotationOrigin": [ 4.5, -1.0, 0.0 ],
									"faces": {
										"north": { "texture": "#rim", "uv": [ 0.0, 9.5, 0.5, 10.5 ], "rotation": 90 },
										"east": { "texture": "#rim", "uv": [ 0.0, 0.0, 1.0, 0.5 ] },
										"south": { "texture": "#rim", "uv": [ 10.5, 2.0, 11.5, 2.5 ] },
										"west": { "texture": "#rim", "uv": [ 0.0, 3.5, 1.0, 4.0 ] },
										"up": { "texture": "#rim", "uv": [ 5.5, 0.0, 6.5, 1.0 ] },
										"down": { "texture": "#rim", "uv": [ 8.5, 0.0, 9.5, 1.0 ] }
									}
								},
								{
									"name": "edge-d4",
									"from": [ 3.5, -5.5, -0.3 ],
									"to": [ 4.0, -4.5, 0.7 ],
									"rotationOrigin": [ 3.5, -4.5, 0.0 ],
									"faces": {
										"north": { "texture": "#rim", "uv": [ 0.0, 1.5, 0.5, 2.5 ], "rotation": 180 },
										"east": { "texture": "#rim", "uv": [ 0.0, 0.0, 1.0, 1.0 ] },
										"south": { "texture": "#rim", "uv": [ 10.5, 2.0, 11.0, 3.0 ] },
										"west": { "texture": "#rim", "uv": [ 0.0, 3.5, 1.0, 4.5 ] },
										"up": { "texture": "#rim", "uv": [ 5.5, 0.0, 6.0, 1.0 ] },
										"down": { "texture": "#rim", "uv": [ 8.5, 0.0, 9.0, 1.0 ] }
									}
								},
								{
									"name": "edge-corner1",
									"from": [ -5.0, 4.5, -0.3 ],
									"to": [ -4.0, 5.0, 0.7 ],
									"rotationOrigin": [ -4.5, 4.5, 0.0 ],
									"faces": {
										"north": { "texture": "#rim", "uv": [ 0.0, 1.5, 0.5, 2.5 ], "rotation": 90 },
										"south": { "texture": "#rim", "uv": [ 10.5, 2.0, 11.5, 2.5 ] },
										"west": { "texture": "#rim", "uv": [ 0.0, 3.5, 1.0, 4.0 ] },
										"up": { "texture": "#rim", "uv": [ 5.5, 0.0, 6.5, 1.0 ] },
										"down": { "texture": "#rim", "uv": [ 8.5, 0.0, 9.5, 1.0 ], "windMode": [-1,-1,-1,-1] }
									}
								},
								{
									"name": "edge-corner2",
									"from": [ 4.0, 4.5, -0.3 ],
									"to": [ 5.0, 5.0, 0.7 ],
									"rotationOrigin": [ 4.5, 4.5, 0.0 ],
									"faces": {
										"north": { "texture": "#rim", "uv": [ 15.5, 9.0, 16.0, 10.0 ], "rotation": 90 },
										"east": { "texture": "#rim", "uv": [ 15.0, 2.0, 16.0, 2.5 ] },
										"south": { "texture": "#rim", "uv": [ 8.5, 3.0, 9.5, 3.5 ] },
										"up": { "texture": "#rim", "uv": [ 5.0, 0.0, 6.0, 1.0 ] },
										"down": { "texture": "#rim", "uv": [ 5.0, 0.0, 6.0, 1.0 ], "windMode": [-1,-1,-1,-1] }
									}
								},
								{
									"name": "edge-corner3",
									"from": [ -5.0, -5.0, -0.3 ],
									"to": [ -4.0, -4.5, 0.7 ],
									"rotationOrigin": [ -4.5, -4.5, 0.0 ],
									"faces": {
										"north": { "texture": "#rim", "uv": [ 0.0, 1.5, 0.5, 2.5 ], "rotation": 90 },
										"south": { "texture": "#rim", "uv": [ 10.5, 2.0, 11.5, 2.5 ] },
										"west": { "texture": "#rim", "uv": [ 0.0, 3.5, 1.0, 4.0 ], "windMode": [-1,-1,-1,-1] },
										"up": { "texture": "#rim", "uv": [ 5.5, 0.0, 6.5, 1.0 ], "windMode": [-1,-1,-1,-1] },
										"down": { "texture": "#rim", "uv": [ 8.5, 0.0, 9.5, 1.0 ] }
									}
								},
								{
									"name": "edge-corner4",
									"from": [ 4.0, -5.0, -0.3 ],
									"to": [ 5.0, -4.5, 0.7 ],
									"rotationOrigin": [ 4.5, -4.5, 0.0 ],
									"faces": {
										"north": { "texture": "#rim", "uv": [ 0.0, 1.5, 0.5, 2.5 ], "rotation": 90 },
										"east": { "texture": "#rim", "uv": [ 0.0, 0.0, 1.0, 0.5 ] },
										"south": { "texture": "#rim", "uv": [ 10.5, 2.0, 11.5, 2.5 ] },
										"up": { "texture": "#rim", "uv": [ 5.5, 0.0, 6.5, 1.0 ], "windMode": [-1,-1,-1,-1] },
										"down": { "texture": "#rim", "uv": [ 8.5, 0.0, 9.5, 1.0 ] }
									}
								},
								{
									"name": "edge-corner1B",
									"from": [ -5.0, 4.0, -0.3 ],
									"to": [ -4.5, 4.5, 0.7 ],
									"rotationOrigin": [ -4.5, 4.5, 0.0 ],
									"faces": {
										"north": { "texture": "#rim", "uv": [ 0.0, 1.5, 0.5, 2.0 ], "rotation": 180 },
										"east": { "texture": "#rim", "uv": [ 0.0, 0.0, 1.0, 0.5 ], "windMode": [-1,-1,-1,-1] },
										"south": { "texture": "#rim", "uv": [ 10.5, 2.0, 11.0, 2.5 ] },
										"west": { "texture": "#rim", "uv": [ 0.0, 3.5, 1.0, 4.0 ] }
									}
								},
								{
									"name": "edge-corner2B",
									"from": [ 4.5, 4.0, -0.3 ],
									"to": [ 5.0, 4.5, 0.7 ],
									"rotationOrigin": [ 4.5, 4.5, 0.0 ],
									"faces": {
										"north": { "texture": "#rim", "uv": [ 15.5, 2.0, 16.0, 2.5 ], "rotation": 180 },
										"east": { "texture": "#rim", "uv": [ 15.0, 2.0, 16.0, 2.5 ] },
										"south": { "texture": "#rim", "uv": [ 8.5, 3.0, 9.0, 3.5 ] },
										"west": { "texture": "#rim", "uv": [ 5.5, 5.5, 6.5, 6.0 ], "windMode": [-1,-1,-1,-1] }
									}
								},
								{
									"name": "edge-corner4B",
									"from": [ 4.5, -4.5, -0.3 ],
									"to": [ 5.0, -4.0, 0.7 ],
									"rotationOrigin": [ 4.5, -4.5, 0.0 ],
									"faces": {
										"north": { "texture": "#rim", "uv": [ 0.0, 1.5, 0.5, 2.0 ], "rotation": 180 },
										"east": { "texture": "#rim", "uv": [ 0.0, 0.0, 1.0, 0.5 ] },
										"south": { "texture": "#rim", "uv": [ 10.5, 2.0, 11.0, 2.5 ] },
										"west": { "texture": "#rim", "uv": [ 0.0, 3.5, 1.0, 4.0 ], "windMode": [-1,-1,-1,-1] }
									}
								},
								{
									"name": "edge-corner3B",
									"from": [ -5.0, -4.5, -0.3 ],
									"to": [ -4.5, -4.0, 0.7 ],
									"rotationOrigin": [ -4.5, -4.5, 0.0 ],
									"faces": {
										"north": { "texture": "#rim", "uv": [ 0.0, 1.5, 0.5, 2.0 ], "rotation": 180 },
										"east": { "texture": "#rim", "uv": [ 0.0, 0.0, 1.0, 0.5 ], "windMode": [-1,-1,-1,-1] },
										"south": { "texture": "#rim", "uv": [ 10.5, 2.0, 11.0, 2.5 ] },
										"west": { "texture": "#rim", "uv": [ 0.0, 3.5, 1.0, 4.0 ] },
										"up": { "texture": "#rim", "uv": [ 5.5, 0.0, 6.0, 1.0 ] }
									}
								}
							]
						}
					]
				},
				{
					"name": "WOOD",
					"from": [ 0.0, 1.0, 0.0 ],
					"to": [ 0.0, 1.0, 0.0 ],
					"rotationOrigin": [ 0.0, 1.0, 0.0 ],
					"faces": {
					},
					"children": [
						{
							"name": "handle",
							"from": [ -1.5, -0.5, -1.0 ],
							"to": [ 1.5, 0.5, 0.0 ],
							"faces": {
								"north": { "texture": "#handle", "uv": [ 5.0, 2.0, 8.0, 3.0 ] },
								"east": { "texture": "#handle", "uv": [ 4.0, 1.5, 5.0, 2.5 ] },
								"west": { "texture": "#handle", "uv": [ 7.5, 2.0, 8.5, 3.0 ] },
								"up": { "texture": "#handle", "uv": [ 1.0, 2.5, 4.0, 3.5 ] },
								"down": { "texture": "#handle", "uv": [ 3.5, 3.0, 6.5, 4.0 ] }
							},
							"children": [
								{
									"name": "main",
									"from": [ -3.0, -4.0, 1.0 ],
									"to": [ 6.0, 5.0, 1.5 ],
									"rotationOrigin": [ 1.5, 0.5, 1.0 ],
									"faces": {
										"north": { "texture": "#back", "uv": [ 3.0, 4.5, 12.0, 13.5 ], "rotation": 90, "windMode": [-1,-1,-1,-1] },
										"east": { "texture": "#back", "uv": [ 4.5, 8.0, 13.5, 8.5 ], "rotation": 90 },
										"south": { "texture": "#front", "uv": [ 3.5, 3.5, 12.5, 12.5 ], "rotation": 270 },
										"west": { "texture": "#back", "uv": [ 7.0, 8.0, 16.0, 8.5 ], "rotation": 90 },
										"up": { "texture": "#back", "uv": [ 5.5, 7.5, 14.5, 8.0 ] },
										"down": { "texture": "#back", "uv": [ 4.5, 13.5, 13.5, 14.0 ] }
									},
									"children": [
										{
											"name": "mainup",
											"from": [ 1.0, 9.0, 0.0 ],
											"to": [ 8.0, 9.5, 0.5 ],
											"rotationOrigin": [ 4.5, 9.0, 0.0 ],
											"faces": {
												"north": { "texture": "#back", "uv": [ 7.5, 6.0, 8.0, 13.0 ], "rotation": 90 },
												"south": { "texture": "#front", "uv": [ 12.5, 4.5, 13.0, 11.5 ], "rotation": 270 },
												"up": { "texture": "#back", "uv": [ 5.0, 4.5, 12.0, 5.0 ], "windMode": [-1,-1,-1,-1] }
											}
										},
										{
											"name": "maindown",
											"from": [ 1.0, -0.5, 0.0 ],
											"to": [ 8.0, 0.0, 0.5 ],
											"rotationOrigin": [ 4.5, -0.5, 0.0 ],
											"faces": {
												"north": { "texture": "#back", "uv": [ 4.0, 5.0, 4.5, 12.0 ], "rotation": 90 },
												"south": { "texture": "#front", "uv": [ 3.0, 4.5, 3.5, 11.5 ], "rotation": 270 },
												"down": { "texture": "#back", "uv": [ 4.0, 4.5, 11.0, 5.0 ], "windMode": [-1,-1,-1,-1] }
											}
										},
										{
											"name": "maine",
											"from": [ 9.0, 1.0, 0.0 ],
											"to": [ 9.5, 8.0, 0.5 ],
											"rotationOrigin": [ 10.0, 5.0, 0.0 ],
											"faces": {
												"north": { "texture": "#back", "uv": [ 4.0, 5.0, 4.5, 12.0 ] },
												"east": { "texture": "#back", "uv": [ 7.5, 4.0, 8.0, 11.0 ], "windMode": [-1,-1,-1,-1] },
												"south": { "texture": "#front", "uv": [ 4.5, 12.5, 11.5, 13.0 ], "rotation": 270 }
											}
										},
										{
											"name": "mainw",
											"from": [ -0.5, 1.0, 0.0 ],
											"to": [ 0.0, 8.0, 0.5 ],
											"rotationOrigin": [ 0.0, 5.0, 0.0 ],
											"faces": {
												"north": { "texture": "#back", "uv": [ 4.0, 5.0, 4.5, 12.0 ] },
												"south": { "texture": "#front", "uv": [ 4.5, 3.0, 11.5, 3.5 ], "rotation": 270 },
												"west": { "texture": "#back", "uv": [ 2.5, 2.5, 3.0, 9.5 ], "windMode": [-1,-1,-1,-1] }
											}
										}
									]
								}
							]
						}
					]
				}
			]
		}
	]}