{
	"editor": {
		"allAngles": false,
		"entityTextureMode": false
	},
	"textureWidth": 16,
	"textureHeight": 16,
	"textureSizes": {
	},
	"textures": {
		"bulb": "block/plant/crop/bellpepper/bulb"
	},
	"elements": [
		{
			"name": "origin",
			"from": [ -5.7, -5.7, -7.3 ], 
			"to": [ -5.7, -5.7, -7.3 ], 
			"rotationOrigin": [ 8.0, 0.0, 8.0 ],
			"faces": {
				"north": { "texture": "#null", "uv": [ 0.0, 0.0, 0.5, 0.5 ], "enabled": false },
				"east": { "texture": "#null", "uv": [ 0.0, 0.0, 0.5, 0.5 ], "enabled": false },
				"south": { "texture": "#null", "uv": [ 0.0, 0.0, 0.5, 0.5 ], "enabled": false },
				"west": { "texture": "#null", "uv": [ 0.0, 0.0, 0.5, 0.5 ], "enabled": false },
				"up": { "texture": "#null", "uv": [ 0.0, 0.0, 0.5, 0.5 ], "enabled": false },
				"down": { "texture": "#null", "uv": [ 0.0, 0.0, 0.5, 0.5 ], "enabled": false }
			},
			"children": [
				{
					"name": "stage1",
					"from": [ 5.2, 4.3, 6.7 ], 
					"to": [ 5.8, 4.9, 7.3 ], 
					"rotationOrigin": [ 5.7, 6.4, 6.7 ],
					"rotationX": -10.0,
					"rotationZ": 11.0,
					"faces": {
						"north": { "texture": "#bulb", "uv": [ 9.0, 9.5, 9.5, 10.0 ] },
						"east": { "texture": "#bulb", "uv": [ 11.5, 12.0, 12.0, 12.5 ] },
						"south": { "texture": "#bulb", "uv": [ 11.0, 12.0, 11.5, 12.5 ] },
						"west": { "texture": "#bulb", "uv": [ 12.5, 11.5, 13.0, 12.0 ] },
						"up": { "texture": "#bulb", "uv": [ 11.0, 11.0, 11.5, 11.5 ] },
						"down": { "texture": "#bulb", "uv": [ 9.0, 11.5, 9.5, 12.0 ] }
					},
					"children": [
						{
							"name": "stem 37",
							"from": [ 0.1, 0.4, 0.1 ], 
							"to": [ 0.5, 1.3, 0.5 ], 
							"rotationOrigin": [ 0.3, 0.4, 0.3 ],
							"rotationX": 16.0,
							"rotationZ": -8.0,
							"faces": {
								"north": { "texture": "#bulb", "uv": [ 10.5, 8.0, 11.0, 8.5 ] },
								"east": { "texture": "#bulb", "uv": [ 12.5, 8.0, 13.0, 8.5 ] },
								"south": { "texture": "#bulb", "uv": [ 13.5, 8.0, 14.0, 8.5 ] },
								"west": { "texture": "#bulb", "uv": [ 12.5, 8.0, 13.0, 8.5 ] },
								"up": { "texture": "#bulb", "uv": [ 11.5, 8.0, 12.0, 8.5 ] },
								"down": { "texture": "#bulb", "uv": [ 4.0, 11.5, 4.5, 12.0 ], "enabled": false }
							}
						}
					]
				},
				{
					"name": "stage2",
					"from": [ 5.2, 4.1, 6.7 ], 
					"to": [ 6.2, 5.1, 7.7 ], 
					"rotationOrigin": [ 6.3, 6.0, 7.0 ],
					"rotationX": -10.0,
					"rotationZ": 11.0,
					"faces": {
						"north": { "texture": "#bulb", "uv": [ 9.0, 9.5, 10.0, 10.5 ] },
						"east": { "texture": "#bulb", "uv": [ 11.5, 12.0, 12.5, 13.0 ] },
						"south": { "texture": "#bulb", "uv": [ 11.0, 12.0, 12.0, 13.0 ] },
						"west": { "texture": "#bulb", "uv": [ 12.5, 11.5, 13.5, 12.5 ] },
						"up": { "texture": "#bulb", "uv": [ 11.0, 11.0, 12.0, 12.0 ] },
						"down": { "texture": "#bulb", "uv": [ 9.0, 11.5, 10.0, 12.5 ] }
					},
					"children": [
						{
							"name": "stem 37",
							"from": [ 0.3, 0.7, 0.1 ], 
							"to": [ 0.7, 1.7, 0.5 ], 
							"rotationOrigin": [ 0.5, 0.7, 0.3 ],
							"rotationX": 21.0,
							"faces": {
								"north": { "texture": "#bulb", "uv": [ 10.5, 8.0, 11.0, 9.0 ] },
								"east": { "texture": "#bulb", "uv": [ 12.5, 8.0, 13.0, 9.0 ] },
								"south": { "texture": "#bulb", "uv": [ 13.5, 8.0, 14.0, 9.0 ] },
								"west": { "texture": "#bulb", "uv": [ 12.5, 8.0, 13.0, 9.0 ] },
								"up": { "texture": "#bulb", "uv": [ 11.5, 8.0, 12.0, 8.5 ] },
								"down": { "texture": "#bulb", "uv": [ 4.0, 11.5, 4.5, 12.0 ], "enabled": false }
							}
						}
					]
				},
				{
					"name": "stage3",
					"from": [ 5.2, 4.1, 6.7 ], 
					"to": [ 6.2, 5.1, 7.7 ], 
					"rotationOrigin": [ 6.3, 6.0, 7.0 ],
					"rotationX": -10.0,
					"rotationZ": 11.0,
					"faces": {
						"north": { "texture": "#bulb", "uv": [ 9.0, 9.5, 10.0, 10.5 ] },
						"east": { "texture": "#bulb", "uv": [ 11.5, 12.0, 12.5, 13.0 ] },
						"south": { "texture": "#bulb", "uv": [ 11.0, 12.0, 12.0, 13.0 ] },
						"west": { "texture": "#bulb", "uv": [ 12.5, 11.5, 13.5, 12.5 ] },
						"up": { "texture": "#bulb", "uv": [ 11.0, 11.0, 12.0, 12.0 ] },
						"down": { "texture": "#bulb", "uv": [ 9.0, 11.5, 10.0, 12.5 ] }
					},
					"children": [
						{
							"name": "side 33",
							"from": [ -0.7, -0.2, 0.6 ], 
							"to": [ 0.3, 0.8, 1.6 ], 
							"rotationOrigin": [ 0.3, 2.3, 0.6 ],
							"rotationX": 10.000000370993861,
							"rotationY": 1.0,
							"rotationZ": 10.000000370993861,
							"faces": {
								"north": { "texture": "#bulb", "uv": [ 13.5, 8.5, 14.5, 9.5 ] },
								"east": { "texture": "#bulb", "uv": [ 12.5, 12.0, 13.5, 13.0 ] },
								"south": { "texture": "#bulb", "uv": [ 14.5, 9.5, 15.5, 10.5 ] },
								"west": { "texture": "#bulb", "uv": [ 11.5, 9.0, 12.5, 10.0 ] },
								"up": { "texture": "#bulb", "uv": [ 12.5, 11.5, 13.5, 12.5 ] },
								"down": { "texture": "#bulb", "uv": [ 11.5, 12.0, 12.5, 13.0 ] }
							}
						},
						{
							"name": "side 34",
							"from": [ 0.7, -0.1, 0.6 ], 
							"to": [ 1.7, 0.9, 1.6 ], 
							"rotationOrigin": [ 0.7, 2.4, 0.6 ],
							"rotationX": 10.000000370993861,
							"rotationZ": -10.000000370993861,
							"faces": {
								"north": { "texture": "#bulb", "uv": [ 14.0, 10.0, 15.0, 11.0 ] },
								"east": { "texture": "#bulb", "uv": [ 12.5, 10.5, 13.5, 11.5 ] },
								"south": { "texture": "#bulb", "uv": [ 9.0, 11.5, 10.0, 12.5 ] },
								"west": { "texture": "#bulb", "uv": [ 11.0, 13.0, 12.0, 14.0 ] },
								"up": { "texture": "#bulb", "uv": [ 11.5, 12.5, 12.5, 13.5 ] },
								"down": { "texture": "#bulb", "uv": [ 13.5, 11.0, 14.5, 12.0 ] }
							}
						},
						{
							"name": "side 35",
							"from": [ 0.7, -0.2, -0.7 ], 
							"to": [ 1.7, 0.8, 0.3 ], 
							"rotationOrigin": [ 0.7, 2.3, 0.3 ],
							"rotationX": -10.000000370993861,
							"rotationY": 1.0,
							"rotationZ": -10.000000370993861,
							"faces": {
								"north": { "texture": "#bulb", "uv": [ 9.5, 9.0, 10.5, 10.0 ] },
								"east": { "texture": "#bulb", "uv": [ 10.5, 13.0, 11.5, 14.0 ] },
								"south": { "texture": "#bulb", "uv": [ 10.5, 12.0, 11.5, 13.0 ] },
								"west": { "texture": "#bulb", "uv": [ 10.0, 11.0, 11.0, 12.0 ] },
								"up": { "texture": "#bulb", "uv": [ 9.0, 11.0, 10.0, 12.0 ] },
								"down": { "texture": "#bulb", "uv": [ 12.0, 11.5, 13.0, 12.5 ] }
							}
						},
						{
							"name": "side 36",
							"from": [ -0.7, -0.1, -0.7 ], 
							"to": [ 0.3, 0.9, 0.3 ], 
							"rotationOrigin": [ 0.3, 2.4, 0.3 ],
							"rotationX": -10.000000370993861,
							"rotationY": 1.067216999217635E-7,
							"rotationZ": 10.000000370993861,
							"faces": {
								"north": { "texture": "#bulb", "uv": [ 9.0, 9.5, 10.0, 10.5 ] },
								"east": { "texture": "#bulb", "uv": [ 12.5, 11.5, 13.5, 12.5 ] },
								"south": { "texture": "#bulb", "uv": [ 12.5, 9.5, 13.5, 10.5 ] },
								"west": { "texture": "#bulb", "uv": [ 9.5, 10.0, 10.5, 11.0 ] },
								"up": { "texture": "#bulb", "uv": [ 14.0, 14.0, 15.0, 15.0 ] },
								"down": { "texture": "#bulb", "uv": [ 11.0, 9.5, 12.0, 10.5 ] }
							}
						},
						{
							"name": "stem 37",
							"from": [ 0.3, 0.7, 0.1 ], 
							"to": [ 0.7, 1.7, 0.5 ], 
							"rotationOrigin": [ 0.5, 0.7, 0.3 ],
							"rotationX": 21.0,
							"faces": {
								"north": { "texture": "#bulb", "uv": [ 10.5, 8.0, 11.0, 9.0 ] },
								"east": { "texture": "#bulb", "uv": [ 12.5, 8.0, 13.0, 9.0 ] },
								"south": { "texture": "#bulb", "uv": [ 13.5, 8.0, 14.0, 9.0 ] },
								"west": { "texture": "#bulb", "uv": [ 12.5, 8.0, 13.0, 9.0 ] },
								"up": { "texture": "#bulb", "uv": [ 11.5, 8.0, 12.0, 8.5 ] },
								"down": { "texture": "#bulb", "uv": [ 4.0, 11.5, 4.5, 12.0 ], "enabled": false }
							}
						}
					]
				},
				{
					"name": "stage4",
					"from": [ 5.4, 2.7, 6.7 ], 
					"to": [ 6.4, 4.7, 7.7 ], 
					"rotationOrigin": [ 5.9, 4.8, 6.7 ],
					"rotationX": -10.0,
					"rotationZ": 11.0,
					"faces": {
						"north": { "texture": "#bulb", "uv": [ 9.0, 9.5, 10.0, 11.5 ] },
						"east": { "texture": "#bulb", "uv": [ 11.5, 12.0, 12.5, 14.0 ] },
						"south": { "texture": "#bulb", "uv": [ 11.0, 12.0, 12.0, 14.0 ] },
						"west": { "texture": "#bulb", "uv": [ 12.5, 11.5, 13.5, 13.5 ] },
						"up": { "texture": "#bulb", "uv": [ 11.0, 11.0, 12.0, 12.0 ] },
						"down": { "texture": "#bulb", "uv": [ 9.0, 11.5, 10.0, 12.5 ] }
					},
					"children": [
						{
							"name": "side 33",
							"from": [ -0.8, -0.2, 0.7 ], 
							"to": [ 0.2, 2.3, 1.7 ], 
							"rotationOrigin": [ 0.2, 2.3, 0.7 ],
							"rotationX": 10.000000370993861,
							"rotationY": 1.0,
							"rotationZ": 10.000000370993861,
							"faces": {
								"north": { "texture": "#bulb", "uv": [ 13.5, 8.5, 14.5, 11.0 ] },
								"east": { "texture": "#bulb", "uv": [ 12.5, 12.0, 13.5, 14.5 ] },
								"south": { "texture": "#bulb", "uv": [ 14.5, 9.5, 15.5, 12.0 ] },
								"west": { "texture": "#bulb", "uv": [ 11.5, 9.0, 12.5, 11.5 ] },
								"up": { "texture": "#bulb", "uv": [ 12.5, 11.5, 13.5, 12.5 ] },
								"down": { "texture": "#bulb", "uv": [ 11.5, 12.0, 12.5, 13.0 ] }
							}
						},
						{
							"name": "side 34",
							"from": [ 0.8, -0.2, 0.7 ], 
							"to": [ 1.8, 2.3, 1.7 ], 
							"rotationOrigin": [ 0.8, 2.3, 0.7 ],
							"rotationX": 10.000000370993861,
							"rotationZ": -10.000000370993861,
							"faces": {
								"north": { "texture": "#bulb", "uv": [ 14.0, 10.0, 15.0, 12.5 ] },
								"east": { "texture": "#bulb", "uv": [ 12.5, 10.5, 13.5, 13.0 ] },
								"south": { "texture": "#bulb", "uv": [ 9.0, 11.5, 10.0, 14.0 ] },
								"west": { "texture": "#bulb", "uv": [ 11.0, 13.0, 12.0, 15.5 ] },
								"up": { "texture": "#bulb", "uv": [ 11.5, 12.5, 12.5, 13.5 ] },
								"down": { "texture": "#bulb", "uv": [ 13.5, 11.0, 14.5, 12.0 ] }
							}
						},
						{
							"name": "side 35",
							"from": [ 0.8, -0.2, -0.8 ], 
							"to": [ 1.8, 2.3, 0.2 ], 
							"rotationOrigin": [ 0.8, 2.3, 0.2 ],
							"rotationX": -10.000000370993861,
							"rotationY": 1.0,
							"rotationZ": -10.000000370993861,
							"faces": {
								"north": { "texture": "#bulb", "uv": [ 9.5, 9.0, 10.5, 11.5 ] },
								"east": { "texture": "#bulb", "uv": [ 10.5, 13.0, 11.5, 15.5 ] },
								"south": { "texture": "#bulb", "uv": [ 10.5, 12.0, 11.5, 14.5 ] },
								"west": { "texture": "#bulb", "uv": [ 10.0, 11.0, 11.0, 13.5 ] },
								"up": { "texture": "#bulb", "uv": [ 9.0, 11.0, 10.0, 12.0 ] },
								"down": { "texture": "#bulb", "uv": [ 12.0, 11.5, 13.0, 12.5 ] }
							}
						},
						{
							"name": "side 36",
							"from": [ -0.8, -0.2, -0.8 ], 
							"to": [ 0.2, 2.3, 0.2 ], 
							"rotationOrigin": [ 0.2, 2.3, 0.2 ],
							"rotationX": -10.000000370993861,
							"rotationZ": 10.000000370993861,
							"faces": {
								"north": { "texture": "#bulb", "uv": [ 9.0, 9.5, 10.0, 12.0 ] },
								"east": { "texture": "#bulb", "uv": [ 12.5, 11.5, 13.5, 14.0 ] },
								"south": { "texture": "#bulb", "uv": [ 12.5, 9.5, 13.5, 12.0 ] },
								"west": { "texture": "#bulb", "uv": [ 9.5, 10.0, 10.5, 12.5 ] },
								"up": { "texture": "#bulb", "uv": [ 14.0, 14.0, 15.0, 15.0 ] },
								"down": { "texture": "#bulb", "uv": [ 11.0, 9.5, 12.0, 10.5 ] }
							}
						},
						{
							"name": "stem 37",
							"from": [ 0.3, 1.5, 0.1 ], 
							"to": [ 0.7, 3.0, 0.5 ], 
							"rotationOrigin": [ 0.5, 1.5, 0.3 ],
							"rotationX": 21.0,
							"faces": {
								"north": { "texture": "#bulb", "uv": [ 10.5, 8.0, 11.0, 9.5 ] },
								"east": { "texture": "#bulb", "uv": [ 12.5, 8.0, 13.0, 9.5 ] },
								"south": { "texture": "#bulb", "uv": [ 13.5, 8.0, 14.0, 9.5 ] },
								"west": { "texture": "#bulb", "uv": [ 12.5, 8.0, 13.0, 9.5 ] },
								"up": { "texture": "#bulb", "uv": [ 11.5, 8.0, 12.0, 8.5 ] },
								"down": { "texture": "#bulb", "uv": [ 4.0, 11.5, 4.5, 12.0 ], "enabled": false }
							}
						}
					]
				},
				{
					"name": "stage5",
					"from": [ 5.4, 2.7, 6.7 ], 
					"to": [ 6.4, 4.7, 7.7 ], 
					"rotationOrigin": [ 5.9, 4.8, 6.7 ],
					"rotationX": -10.0,
					"rotationZ": 11.0,
					"faces": {
						"north": { "texture": "#bulb", "uv": [ 2.5, 4.5, 3.5, 6.5 ] },
						"east": { "texture": "#bulb", "uv": [ 1.5, 4.0, 2.5, 6.0 ] },
						"south": { "texture": "#bulb", "uv": [ 4.0, 3.5, 5.0, 5.5 ] },
						"west": { "texture": "#bulb", "uv": [ 3.5, 4.0, 4.5, 6.0 ] },
						"up": { "texture": "#bulb", "uv": [ 3.0, 3.0, 4.0, 4.0 ] },
						"down": { "texture": "#bulb", "uv": [ 4.0, 4.5, 5.0, 5.5 ] }
					},
					"children": [
						{
							"name": "side 33",
							"from": [ -0.8, -0.2, 0.7 ], 
							"to": [ 0.2, 2.3, 1.7 ], 
							"rotationOrigin": [ 0.2, 2.3, 0.7 ],
							"rotationX": 10.000000370993861,
							"rotationY": 1.0,
							"rotationZ": 10.000000370993861,
							"faces": {
								"north": { "texture": "#bulb", "uv": [ 6.0, 3.0, 7.0, 5.5 ] },
								"east": { "texture": "#bulb", "uv": [ 2.0, 4.5, 3.0, 7.0 ] },
								"south": { "texture": "#bulb", "uv": [ 1.0, 4.5, 2.0, 7.0 ] },
								"west": { "texture": "#bulb", "uv": [ 6.0, 4.0, 7.0, 6.5 ] },
								"up": { "texture": "#bulb", "uv": [ 4.0, 4.0, 5.0, 5.0 ] },
								"down": { "texture": "#bulb", "uv": [ 1.5, 3.0, 2.5, 4.0 ] }
							}
						},
						{
							"name": "side 34",
							"from": [ 0.8, -0.2, 0.7 ], 
							"to": [ 1.8, 2.3, 1.7 ], 
							"rotationOrigin": [ 0.8, 2.3, 0.7 ],
							"rotationX": 10.000000370993861,
							"rotationZ": -10.000000370993861,
							"faces": {
								"north": { "texture": "#bulb", "uv": [ 4.5, 2.5, 5.5, 5.0 ] },
								"east": { "texture": "#bulb", "uv": [ 3.0, 3.5, 4.0, 6.0 ] },
								"south": { "texture": "#bulb", "uv": [ 0.0, 2.5, 1.0, 5.0 ] },
								"west": { "texture": "#bulb", "uv": [ 4.5, 3.5, 5.5, 6.0 ] },
								"up": { "texture": "#bulb", "uv": [ 3.0, 5.5, 4.0, 6.5 ] },
								"down": { "texture": "#bulb", "uv": [ 4.0, 4.5, 5.0, 5.5 ] }
							}
						},
						{
							"name": "side 35",
							"from": [ 0.8, -0.2, -0.8 ], 
							"to": [ 1.8, 2.3, 0.2 ], 
							"rotationOrigin": [ 0.8, 2.3, 0.2 ],
							"rotationX": -10.000000370993861,
							"rotationY": 1.0,
							"rotationZ": -10.000000370993861,
							"faces": {
								"north": { "texture": "#bulb", "uv": [ 5.5, 4.5, 6.5, 7.0 ] },
								"east": { "texture": "#bulb", "uv": [ 4.5, 4.0, 5.5, 6.5 ] },
								"south": { "texture": "#bulb", "uv": [ 0.5, 3.0, 1.5, 5.5 ] },
								"west": { "texture": "#bulb", "uv": [ 6.5, 3.0, 7.5, 5.5 ] },
								"up": { "texture": "#bulb", "uv": [ 5.0, 2.5, 6.0, 3.5 ] },
								"down": { "texture": "#bulb", "uv": [ 1.0, 5.0, 2.0, 6.0 ] }
							}
						},
						{
							"name": "side 36",
							"from": [ -0.8, -0.2, -0.8 ], 
							"to": [ 0.2, 2.3, 0.2 ], 
							"rotationOrigin": [ 0.2, 2.3, 0.2 ],
							"rotationX": -10.000000370993861,
							"rotationZ": 10.000000370993861,
							"faces": {
								"north": { "texture": "#bulb", "uv": [ 2.5, 3.0, 3.5, 5.5 ] },
								"east": { "texture": "#bulb", "uv": [ 4.0, 3.0, 5.0, 5.5 ] },
								"south": { "texture": "#bulb", "uv": [ 2.0, 2.5, 3.0, 5.0 ] },
								"west": { "texture": "#bulb", "uv": [ 3.5, 3.5, 4.5, 6.0 ] },
								"up": { "texture": "#bulb", "uv": [ 2.0, 5.5, 3.0, 6.5 ] },
								"down": { "texture": "#bulb", "uv": [ 4.0, 4.0, 5.0, 5.0 ] }
							}
						},
						{
							"name": "stem 37",
							"from": [ 0.3, 1.5, 0.1 ], 
							"to": [ 0.7, 3.0, 0.5 ], 
							"rotationOrigin": [ 0.5, 1.5, 0.3 ],
							"rotationX": 21.0,
							"faces": {
								"north": { "texture": "#bulb", "uv": [ 4.0, 0.0, 4.5, 1.5 ] },
								"east": { "texture": "#bulb", "uv": [ 5.0, 0.0, 5.5, 1.5 ] },
								"south": { "texture": "#bulb", "uv": [ 4.5, 0.0, 5.0, 1.5 ] },
								"west": { "texture": "#bulb", "uv": [ 3.0, 0.0, 3.5, 1.5 ] },
								"up": { "texture": "#bulb", "uv": [ 4.5, 0.5, 5.0, 1.0 ] },
								"down": { "texture": "#bulb", "uv": [ 4.0, 11.5, 4.5, 12.0 ], "enabled": false }
							}
						}
					]
				},
				{
					"name": "stage6",
					"from": [ 5.4, 2.7, 6.7 ], 
					"to": [ 6.4, 4.7, 7.7 ], 
					"rotationOrigin": [ 5.9, 4.8, 6.7 ],
					"rotationX": -10.0,
					"rotationZ": 11.0,
					"faces": {
						"north": { "texture": "#bulb", "uv": [ 9.5, 4.5, 10.5, 6.5 ] },
						"east": { "texture": "#bulb", "uv": [ 10.5, 2.0, 11.5, 4.0 ] },
						"south": { "texture": "#bulb", "uv": [ 11.0, 5.0, 12.0, 7.0 ] },
						"west": { "texture": "#bulb", "uv": [ 11.5, 3.0, 12.5, 5.0 ] },
						"up": { "texture": "#bulb", "uv": [ 11.0, 3.5, 12.0, 4.5 ] },
						"down": { "texture": "#bulb", "uv": [ 8.5, 3.5, 9.5, 4.5 ] }
					},
					"children": [
						{
							"name": "side 33",
							"from": [ -0.8, -0.2, 0.7 ], 
							"to": [ 0.2, 2.3, 1.7 ], 
							"rotationOrigin": [ 0.2, 2.3, 0.7 ],
							"rotationX": 10.000000370993861,
							"rotationY": 1.0,
							"rotationZ": 10.000000370993861,
							"faces": {
								"north": { "texture": "#bulb", "uv": [ 14.0, 2.5, 15.0, 5.0 ] },
								"east": { "texture": "#bulb", "uv": [ 14.0, 5.5, 15.0, 8.0 ] },
								"south": { "texture": "#bulb", "uv": [ 14.5, 5.5, 15.5, 8.0 ] },
								"west": { "texture": "#bulb", "uv": [ 15.0, 5.5, 16.0, 8.0 ], "autoUv": false },
								"up": { "texture": "#bulb", "uv": [ 10.5, 3.5, 11.5, 4.5 ] },
								"down": { "texture": "#bulb", "uv": [ 10.0, 6.5, 11.0, 7.5 ] }
							}
						},
						{
							"name": "side 34",
							"from": [ 0.8, -0.2, 0.7 ], 
							"to": [ 1.8, 2.3, 1.7 ], 
							"rotationOrigin": [ 0.8, 2.3, 0.7 ],
							"rotationX": 10.000000370993861,
							"rotationZ": -10.000000370993861,
							"faces": {
								"north": { "texture": "#bulb", "uv": [ 13.0, 2.5, 14.0, 5.0 ] },
								"east": { "texture": "#bulb", "uv": [ 13.0, 2.0, 14.0, 4.5 ] },
								"south": { "texture": "#bulb", "uv": [ 11.0, 2.0, 12.0, 4.5 ] },
								"west": { "texture": "#bulb", "uv": [ 12.5, 4.0, 13.5, 6.5 ] },
								"up": { "texture": "#bulb", "uv": [ 9.5, 4.0, 10.5, 5.0 ] },
								"down": { "texture": "#bulb", "uv": [ 10.5, 5.0, 11.5, 6.0 ] }
							}
						},
						{
							"name": "side 35",
							"from": [ 0.8, -0.2, -0.8 ], 
							"to": [ 1.8, 2.3, 0.2 ], 
							"rotationOrigin": [ 0.8, 2.3, 0.2 ],
							"rotationX": -10.000000370993861,
							"rotationY": 1.0,
							"rotationZ": -10.000000370993861,
							"faces": {
								"north": { "texture": "#bulb", "uv": [ 11.5, 2.0, 12.5, 4.5 ] },
								"east": { "texture": "#bulb", "uv": [ 11.0, 2.0, 12.0, 4.5 ] },
								"south": { "texture": "#bulb", "uv": [ 11.0, 2.0, 12.0, 4.5 ] },
								"west": { "texture": "#bulb", "uv": [ 9.5, 3.5, 10.5, 6.0 ] },
								"up": { "texture": "#bulb", "uv": [ 10.0, 2.0, 11.0, 3.0 ] },
								"down": { "texture": "#bulb", "uv": [ 9.5, 5.0, 10.5, 6.0 ] }
							}
						},
						{
							"name": "side 36",
							"from": [ -0.8, -0.2, -0.8 ], 
							"to": [ 0.2, 2.3, 0.2 ], 
							"rotationOrigin": [ 0.2, 2.3, 0.2 ],
							"rotationX": -10.000000370993861,
							"rotationZ": 10.000000370993861,
							"faces": {
								"north": { "texture": "#bulb", "uv": [ 13.0, 3.0, 14.0, 5.5 ] },
								"east": { "texture": "#bulb", "uv": [ 14.0, 5.0, 15.0, 7.5 ] },
								"south": { "texture": "#bulb", "uv": [ 14.5, 5.0, 15.5, 7.5 ] },
								"west": { "texture": "#bulb", "uv": [ 14.5, 5.5, 15.5, 8.0 ] },
								"up": { "texture": "#bulb", "uv": [ 12.0, 7.0, 13.0, 8.0 ] },
								"down": { "texture": "#bulb", "uv": [ 14.0, 6.5, 15.0, 7.5 ] }
							}
						},
						{
							"name": "stem 37",
							"from": [ 0.3, 1.5, 0.1 ], 
							"to": [ 0.7, 3.0, 0.5 ], 
							"rotationOrigin": [ 0.5, 1.5, 0.3 ],
							"rotationX": 21.0,
							"faces": {
								"north": { "texture": "#bulb", "uv": [ 4.0, 0.0, 4.5, 1.5 ] },
								"east": { "texture": "#bulb", "uv": [ 5.0, 0.0, 5.5, 1.5 ] },
								"south": { "texture": "#bulb", "uv": [ 4.5, 0.0, 5.0, 1.5 ] },
								"west": { "texture": "#bulb", "uv": [ 3.0, 0.0, 3.5, 1.5 ] },
								"up": { "texture": "#bulb", "uv": [ 4.5, 0.5, 5.0, 1.0 ] },
								"down": { "texture": "#bulb", "uv": [ 4.0, 11.5, 4.5, 12.0 ], "enabled": false }
							}
						}
					]
				}
			]
		}
	]}