{
	"editor": {
		"allAngles": false,
		"entityTextureMode": false
	},
	"textureWidth": 16,
	"textureHeight": 16,
	"textureSizes": {
		"metal": [16,16],
		"wood": [16,16]
	},
	"textures": {
		"blackbronze2": "game:block/metal/ingot/blackbronze",
		"debarked/oak": "game:block/wood/debarked/maple"
	},
	"elements": [
		{
			"name": "origin",
			"from": [ 8.0, 0.0, 8.0 ],
			"to": [ 8.0, 0.0, 8.0 ],
			"rotationOrigin": [ 8.0, 0.0, 8.0 ],
			"faces": {
			},
			"children": [
				{
					"name": "handle1",
					"from": [ -7.5, 0.0, -0.7 ],
					"to": [ 8.5, 1.5, 0.8 ],
					"faces": {
						"north": { "texture": "#debarked/oak", "uv": [ 0.0, 11.5, 16.0, 13.0 ] },
						"east": { "texture": "#debarked/oak", "uv": [ 7.0, 2.0, 8.5, 3.5 ] },
						"south": { "texture": "#debarked/oak", "uv": [ 0.0, 13.5, 16.0, 15.0 ] },
						"up": { "texture": "#debarked/oak", "uv": [ 0.0, 10.0, 16.0, 11.5 ] },
						"down": { "texture": "#debarked/oak", "uv": [ 0.0, 7.5, 16.0, 9.0 ] }
					},
					"children": [
						{
							"name": "handle2",
							"from": [ -13.0, 0.0, 0.0 ],
							"to": [ 0.0, 1.5, 1.5 ],
							"rotationOrigin": [ -2.0, 0.0, 0.0 ],
							"faces": {
								"north": { "texture": "#debarked/oak", "uv": [ 3.0, 2.0, 16.0, 3.5 ] },
								"south": { "texture": "#debarked/oak", "uv": [ 0.0, 2.0, 13.0, 3.5 ] },
								"west": { "texture": "#debarked/oak", "uv": [ 10.0, 5.0, 11.5, 6.5 ] },
								"up": { "texture": "#debarked/oak", "uv": [ 1.5, 0.0, 14.5, 1.5 ] },
								"down": { "texture": "#debarked/oak", "uv": [ 1.5, 13.5, 14.5, 15.0 ] }
							}
						},
						{
							"name": "socket1",
							"from": [ 12.5, -0.2, -0.2 ],
							"to": [ 15.5, 1.7, 1.7 ],
							"rotationOrigin": [ 12.5, 0.75, 0.75 ],
							"faces": {
								"north": { "texture": "#blackbronze2", "uv": [ 5.0, 5.0, 8.0, 6.5 ], "glow": 188, "windMode": [-1,-1,-1,-1] },
								"east": { "texture": "#blackbronze2", "uv": [ 3.5, 4.5, 5.0, 6.0 ], "glow": 188, "windMode": [-1,-1,-1,-1] },
								"south": { "texture": "#blackbronze2", "uv": [ 9.5, 9.5, 12.5, 11.0 ], "glow": 188, "windMode": [-1,-1,-1,-1] },
								"west": { "texture": "#blackbronze2", "uv": [ 0.0, 5.0, 1.5, 6.5 ], "glow": 188, "windMode": [-1,-1,-1,-1] },
								"up": { "texture": "#blackbronze2", "uv": [ 9.5, 6.0, 12.5, 7.5 ], "glow": 188, "windMode": [-1,-1,-1,-1] },
								"down": { "texture": "#blackbronze2", "uv": [ 0.0, 14.0, 3.0, 15.5 ], "glow": 188, "windMode": [-1,-1,-1,-1] }
							},
							"children": [
								{
									"name": "bladeneck1",
									"from": [ 0.0, 0.65, -3.0 ],
									"to": [ 3.0, 1.15, 0.0 ],
									"rotationOrigin": [ 0.0, 0.9, 0.0 ],
									"faces": {
										"north": { "texture": "#blackbronze2", "uv": [ 2.0, 6.5, 5.0, 7.0 ], "glow": 188, "windMode": [-1,-1,-1,-1] },
										"east": { "texture": "#blackbronze2", "uv": [ 0.5, 11.5, 3.5, 12.0 ], "glow": 188, "windMode": [-1,-1,-1,-1] },
										"west": { "texture": "#blackbronze2", "uv": [ 6.0, 9.5, 9.0, 10.0 ], "glow": 188, "windMode": [-1,-1,-1,-1] },
										"up": { "texture": "#blackbronze2", "uv": [ 7.0, 6.5, 10.0, 9.5 ], "glow": 188, "windMode": [-1,-1,-1,-1] },
										"down": { "texture": "#blackbronze2", "uv": [ 7.5, 6.0, 10.5, 9.0 ], "glow": 188, "windMode": [-1,-1,-1,-1] }
									},
									"children": [
										{
											"name": "blademiddle",
											"from": [ -0.5, 0.1, -2.0 ],
											"to": [ 3.5, 0.3, 0.5 ],
											"rotationOrigin": [ 0.0, 0.2, 0.0 ],
											"faces": {
												"north": { "texture": "#blackbronze2", "uv": [ 8.5, 6.0, 12.5, 6.5 ], "glow": 188 },
												"east": { "texture": "#blackbronze2", "uv": [ 9.0, 8.5, 11.5, 9.0 ], "glow": 188, "windMode": [-1,-1,-1,-1] },
												"south": { "texture": "#blackbronze2", "uv": [ 8.0, 13.5, 12.0, 14.0 ], "glow": 188, "windMode": [-1,-1,-1,-1] },
												"west": { "texture": "#blackbronze2", "uv": [ 4.0, 15.0, 6.5, 15.5 ], "glow": 188, "windMode": [-1,-1,-1,-1] },
												"up": { "texture": "#blackbronze2", "uv": [ 5.5, 6.5, 9.5, 9.0 ], "glow": 188, "windMode": [-1,-1,-1,-1] },
												"down": { "texture": "#blackbronze2", "uv": [ 7.5, 5.5, 11.5, 8.0 ], "glow": 188, "windMode": [-1,-1,-1,-1] }
											},
											"children": [
												{
													"name": "bladebeard1",
													"from": [ -4.0, 0.0, 0.0 ],
													"to": [ 0.0, 0.2, 2.5 ],
													"rotationOrigin": [ 0.0, 0.1, 0.0 ],
													"rotationY": 10.0,
													"rotationZ": 1.0,
													"faces": {
														"north": { "texture": "#blackbronze2", "uv": [ 7.5, 14.0, 11.5, 14.5 ], "glow": 188 },
														"east": { "texture": "#blackbronze2", "uv": [ 8.0, 11.0, 10.5, 11.5 ], "glow": 188, "windMode": [-1,-1,-1,-1] },
														"south": { "texture": "#blackbronze2", "uv": [ 8.5, 3.0, 12.5, 3.5 ], "glow": 188, "windMode": [-1,-1,-1,-1] },
														"west": { "texture": "#blackbronze2", "uv": [ 9.0, 4.0, 11.5, 4.5 ], "glow": 188, "windMode": [-1,-1,-1,-1] },
														"up": { "texture": "#blackbronze2", "uv": [ 7.5, 11.5, 11.5, 14.0 ], "glow": 188, "windMode": [-1,-1,-1,-1] },
														"down": { "texture": "#blackbronze2", "uv": [ 11.5, 9.5, 15.5, 12.0 ], "glow": 188, "windMode": [-1,-1,-1,-1] }
													},
													"children": [
														{
															"name": "bladebeard2",
															"from": [ -4.0, 0.0, 0.0 ],
															"to": [ 0.0, 0.2, 2.4 ],
															"rotationOrigin": [ 0.0, 0.0, 0.0 ],
															"rotationY": 15.0,
															"rotationZ": -1.0,
															"faces": {
																"north": { "texture": "#blackbronze2", "uv": [ 8.5, 11.5, 12.5, 12.0 ], "glow": 188, "windMode": [-1,-1,-1,-1] },
																"south": { "texture": "#blackbronze2", "uv": [ 1.0, 13.5, 5.0, 14.0 ], "glow": 188, "windMode": [-1,-1,-1,-1] },
																"west": { "texture": "#blackbronze2", "uv": [ 7.5, 4.0, 9.5, 4.5 ], "glow": 188, "windMode": [-1,-1,-1,-1] },
																"up": { "texture": "#blackbronze2", "uv": [ 5.0, 0.5, 9.0, 2.5 ], "glow": 188, "windMode": [-1,-1,-1,-1] },
																"down": { "texture": "#blackbronze2", "uv": [ 4.0, 11.5, 8.0, 13.5 ], "glow": 188, "windMode": [-1,-1,-1,-1] }
															},
															"children": [
																{
																	"name": "bladebeard3",
																	"from": [ -3.0, 0.0, 0.0 ],
																	"to": [ 0.0, 0.2, 1.5 ],
																	"rotationOrigin": [ 0.0, 0.1, 0.0 ],
																	"rotationY": 22.5,
																	"rotationZ": 1.0,
																	"faces": {
																		"north": { "texture": "#blackbronze2", "uv": [ 11.5, 4.5, 14.5, 5.0 ], "glow": 188 },
																		"east": { "texture": "#blackbronze2", "uv": [ 11.0, 1.0, 12.5, 1.5 ], "glow": 188, "windMode": [-1,-1,-1,-1] },
																		"south": { "texture": "#blackbronze2", "uv": [ 0.0, 2.5, 3.0, 3.0 ], "glow": 188, "windMode": [-1,-1,-1,-1] },
																		"west": { "texture": "#blackbronze2", "uv": [ 3.0, 2.5, 4.5, 3.0 ], "glow": 188, "windMode": [-1,-1,-1,-1] },
																		"up": { "texture": "#blackbronze2", "uv": [ 7.5, 12.0, 10.5, 13.5 ], "glow": 188, "windMode": [-1,-1,-1,-1] },
																		"down": { "texture": "#blackbronze2", "uv": [ 10.5, 1.5, 13.5, 3.0 ], "glow": 188, "windMode": [-1,-1,-1,-1] }
																	}
																}
															]
														}
													]
												},
												{
													"name": "bladehorn1",
													"from": [ 4.0, 0.0, 0.0 ],
													"to": [ 7.0, 0.2, 2.0 ],
													"rotationOrigin": [ 4.0, 0.1, 0.0 ],
													"rotationY": -15.0,
													"rotationZ": 1.0,
													"faces": {
														"north": { "texture": "#blackbronze2", "uv": [ 10.5, 10.0, 13.5, 10.5 ], "glow": 188, "windMode": [-1,-1,-1,-1] },
														"east": { "texture": "#blackbronze2", "uv": [ 6.5, 9.5, 8.5, 10.0 ], "glow": 188, "windMode": [-1,-1,-1,-1] },
														"south": { "texture": "#blackbronze2", "uv": [ 10.5, 2.0, 13.5, 2.5 ], "glow": 188, "windMode": [-1,-1,-1,-1] },
														"up": { "texture": "#blackbronze2", "uv": [ 0.5, 4.0, 3.5, 6.0 ], "glow": 188, "windMode": [-1,-1,-1,-1] },
														"down": { "texture": "#blackbronze2", "uv": [ 2.0, 1.0, 5.0, 3.0 ], "glow": 188, "windMode": [-1,-1,-1,-1] }
													},
													"children": [
														{
															"name": "bladehorn2",
															"from": [ 3.0, 0.0, 0.0 ],
															"to": [ 5.0, 0.2, 1.5 ],
															"rotationOrigin": [ 3.0, 0.1, 0.0 ],
															"rotationY": -15.0,
															"rotationZ": -1.0,
															"faces": {
																"north": { "texture": "#blackbronze2", "uv": [ 12.5, 11.5, 14.5, 12.0 ], "glow": 188 },
																"east": { "texture": "#blackbronze2", "uv": [ 4.0, 12.5, 5.5, 13.0 ], "glow": 188, "windMode": [-1,-1,-1,-1] },
																"south": { "texture": "#blackbronze2", "uv": [ 2.5, 7.5, 4.5, 8.0 ], "glow": 188, "windMode": [-1,-1,-1,-1] },
																"up": { "texture": "#blackbronze2", "uv": [ 11.5, 7.0, 13.5, 8.5 ], "glow": 188, "windMode": [-1,-1,-1,-1] },
																"down": { "texture": "#blackbronze2", "uv": [ 11.0, 3.5, 13.0, 5.0 ], "glow": 188, "windMode": [-1,-1,-1,-1] }
															},
															"children": [
																{
																	"name": "bladehorn3",
																	"from": [ 2.0, 0.0, 0.0 ],
																	"to": [ 4.0, 0.2, 1.0 ],
																	"rotationOrigin": [ 2.0, 0.1, 0.0 ],
																	"rotationY": -15.0,
																	"rotationZ": 1.0,
																	"faces": {
																		"north": { "texture": "#blackbronze2", "uv": [ 9.5, 4.0, 11.5, 4.5 ], "glow": 188, "windMode": [-1,-1,-1,-1] },
																		"east": { "texture": "#blackbronze2", "uv": [ 6.0, 6.0, 7.0, 6.5 ], "glow": 188, "windMode": [-1,-1,-1,-1] },
																		"south": { "texture": "#blackbronze2", "uv": [ 8.0, 1.5, 10.0, 2.0 ], "glow": 188, "windMode": [-1,-1,-1,-1] },
																		"up": { "texture": "#blackbronze2", "uv": [ 3.5, 3.5, 5.5, 4.5 ], "glow": 188, "windMode": [-1,-1,-1,-1] },
																		"down": { "texture": "#blackbronze2", "uv": [ 0.5, 0.5, 2.5, 1.5 ], "glow": 188, "windMode": [-1,-1,-1,-1] }
																	}
																}
															]
														}
													]
												}
											]
										}
									]
								}
							]
						},
						{
							"name": "socket2",
							"from": [ 3.0, -0.2, -0.2 ],
							"to": [ 6.0, 1.7, 1.7 ],
							"rotationOrigin": [ 4.0, 0.0, 0.0 ],
							"faces": {
								"north": { "texture": "#blackbronze2", "uv": [ 10.5, 2.0, 13.5, 3.5 ], "glow": 188, "windMode": [-1,-1,-1,-1] },
								"east": { "texture": "#blackbronze2", "uv": [ 9.5, 7.5, 11.0, 9.0 ], "glow": 188, "windMode": [-1,-1,-1,-1] },
								"south": { "texture": "#blackbronze2", "uv": [ 7.0, 3.5, 10.0, 5.0 ], "glow": 188, "windMode": [-1,-1,-1,-1] },
								"west": { "texture": "#blackbronze2", "uv": [ 3.0, 9.5, 4.5, 11.0 ], "glow": 188, "windMode": [-1,-1,-1,-1] },
								"up": { "texture": "#blackbronze2", "uv": [ 4.5, 3.5, 7.5, 5.0 ], "glow": 188, "windMode": [-1,-1,-1,-1] },
								"down": { "texture": "#blackbronze2", "uv": [ 5.0, 1.5, 8.0, 3.0 ], "glow": 188, "windMode": [-1,-1,-1,-1] }
							},
							"children": [
								{
									"name": "bladeneck2",
									"from": [ 1.0, 0.65, -2.0 ],
									"to": [ 3.0, 1.15, 0.0 ],
									"rotationOrigin": [ 1.0, 0.9, 0.0 ],
									"faces": {
										"north": { "texture": "#blackbronze2", "uv": [ 3.5, 9.5, 5.5, 10.0 ], "glow": 188 },
										"east": { "texture": "#blackbronze2", "uv": [ 12.5, 7.0, 14.5, 7.5 ], "glow": 188, "windMode": [-1,-1,-1,-1] },
										"west": { "texture": "#blackbronze2", "uv": [ 0.5, 0.5, 2.5, 1.0 ], "glow": 188, "windMode": [-1,-1,-1,-1] },
										"up": { "texture": "#blackbronze2", "uv": [ 2.0, 12.5, 4.0, 14.5 ], "glow": 188, "windMode": [-1,-1,-1,-1] },
										"down": { "texture": "#blackbronze2", "uv": [ 2.5, 6.5, 4.5, 8.5 ], "glow": 188, "windMode": [-1,-1,-1,-1] }
									}
								}
							]
						}
					]
				}
			]
		}
	]}