{
	"editor": {
		"collapsedPaths": "Root/origin",
		"allAngles": false,
		"entityTextureMode": false
	},
	"textureWidth": 16,
	"textureHeight": 16,
	"textureSizes": {
		"bismuthbronze": [16,16],
		"debarked/oak": [16,16],
		"metal": [16,16],
		"wood": [16,16],
		"blackbronze": [16,16]
	},
	"textures": {
		"cloth": "game:block/cloth/linen/black",
		"iron": "game:block/metal/ingot/iron",
		"handguard": "game:block/metal/sheet/gold1",
		"debarked/oak": "game:block/wood/debarked/pine"
	},
	"elements": [
		{
			"name": "origin",
			"from": [ 8.0, 0.0, 8.0 ],
			"to": [ 8.0, 0.0, 8.0 ],
			"rotationOrigin": [ 8.0, 0.0, 8.0 ],
			"faces": {
			},
			"children": [
				{
					"name": "Handle1",
					"from": [ -8.0, 0.0, -0.75 ],
					"to": [ 8.0, 1.5, 0.75 ],
					"rotationOrigin": [ -2.0, 0.0, 0.0 ],
					"rotationY": -180.0,
					"faces": {
						"north": { "texture": "#debarked/oak", "uv": [ 0.0, 1.5, 16.0, 3.0 ] },
						"east": { "texture": "#debarked/oak", "uv": [ 9.0, 10.5, 10.5, 12.0 ] },
						"south": { "texture": "#debarked/oak", "uv": [ 0.0, 9.5, 16.0, 11.0 ] },
						"up": { "texture": "#debarked/oak", "uv": [ 0.0, 1.5, 16.0, 3.0 ] },
						"down": { "texture": "#debarked/oak", "uv": [ 0.0, 8.0, 16.0, 9.5 ] }
					},
					"children": [
						{
							"name": "Handle2",
							"from": [ -4.0, 0.0, 0.0 ],
							"to": [ 0.0, 1.5, 1.5 ],
							"rotationOrigin": [ -4.0, 0.0, 0.0 ],
							"faces": {
								"north": { "texture": "#debarked/oak", "uv": [ 2.5, 11.0, 6.5, 12.5 ] },
								"south": { "texture": "#debarked/oak", "uv": [ 7.5, 1.0, 11.5, 2.5 ] },
								"west": { "texture": "#debarked/oak", "uv": [ 10.5, 6.5, 12.0, 8.0 ] },
								"up": { "texture": "#debarked/oak", "uv": [ 0.0, 13.5, 4.0, 15.0 ] },
								"down": { "texture": "#debarked/oak", "uv": [ 11.5, 12.5, 15.5, 14.0 ] }
							}
						},
						{
							"name": "socket",
							"from": [ -3.5, -0.2, -0.2 ],
							"to": [ -0.5, 1.7, 1.7 ],
							"rotationOrigin": [ -3.5, 0.8, 0.8 ],
							"faces": {
								"north": { "texture": "#iron", "uv": [ 12.0, 14.0, 15.0, 15.5 ] },
								"east": { "texture": "#iron", "uv": [ 11.5, 10.0, 13.0, 11.5 ] },
								"south": { "texture": "#iron", "uv": [ 12.5, 11.0, 15.5, 12.5 ] },
								"west": { "texture": "#iron", "uv": [ 7.5, 9.5, 9.0, 11.0 ] },
								"up": { "texture": "#iron", "uv": [ 7.0, 13.5, 10.0, 15.0 ] },
								"down": { "texture": "#iron", "uv": [ 11.0, 8.5, 14.0, 10.0 ] }
							},
							"children": [
								{
									"name": "bladeneck",
									"from": [ 0.2, 0.7, 1.9 ],
									"to": [ 2.7, 1.2, 3.4 ],
									"rotationOrigin": [ 0.2, 1.0, 1.9 ],
									"faces": {
										"east": { "texture": "#iron", "uv": [ 10.0, 5.5, 11.5, 6.0 ] },
										"south": { "texture": "#iron", "uv": [ 0.5, 4.0, 3.0, 4.5 ] },
										"west": { "texture": "#iron", "uv": [ 13.0, 1.0, 14.5, 1.5 ] },
										"up": { "texture": "#iron", "uv": [ 5.0, 2.0, 7.5, 3.5 ] },
										"down": { "texture": "#iron", "uv": [ 2.0, 13.0, 4.5, 14.5 ] }
									},
									"children": [
										{
											"name": "blademid",
											"from": [ -0.5, 0.2, 1.5 ],
											"to": [ 3.5, 0.4, 3.5 ],
											"rotationOrigin": [ 0.0, 0.3, 1.5 ],
											"faces": {
												"north": { "texture": "#iron", "uv": [ 11.5, 5.0, 15.5, 5.5 ] },
												"east": { "texture": "#iron", "uv": [ 2.5, 14.5, 4.5, 15.0 ] },
												"south": { "texture": "#iron", "uv": [ 4.0, 5.5, 8.0, 6.0 ] },
												"west": { "texture": "#iron", "uv": [ 13.5, 1.5, 15.5, 2.0 ] },
												"up": { "texture": "#iron", "uv": [ 11.0, 6.0, 15.0, 8.0 ] },
												"down": { "texture": "#iron", "uv": [ 9.0, 11.0, 13.0, 13.0 ] }
											},
											"children": [
												{
													"name": "bladehorn1",
													"from": [ -0.5, 0.0, 0.0 ],
													"to": [ 0.0, 0.2, 2.0 ],
													"rotationOrigin": [ 0.0, 0.1, 2.0 ],
													"rotationY": -14.0,
													"rotationZ": 1.0,
													"faces": {
														"north": { "texture": "#iron", "uv": [ 14.0, 1.5, 14.5, 2.0 ] },
														"south": { "texture": "#iron", "uv": [ 0.5, 0.5, 1.0, 1.0 ] },
														"west": { "texture": "#iron", "uv": [ 9.0, 4.5, 11.0, 5.0 ] },
														"up": { "texture": "#iron", "uv": [ 14.5, 7.5, 15.0, 9.5 ] },
														"down": { "texture": "#iron", "uv": [ 0.5, 13.0, 1.0, 15.0 ] }
													},
													"children": [
														{
															"name": "bladehorn2",
															"from": [ -0.5, 0.0, 1.0 ],
															"to": [ 0.0, 0.2, 2.0 ],
															"rotationOrigin": [ 0.0, 0.1, 2.0 ],
															"rotationY": -27.0,
															"rotationZ": 1.0,
															"faces": {
																"south": { "texture": "#iron", "uv": [ 7.0, 2.0, 7.5, 2.5 ] },
																"west": { "texture": "#iron", "uv": [ 3.0, 12.0, 4.0, 12.5 ] },
																"up": { "texture": "#iron", "uv": [ 11.0, 8.5, 11.5, 9.5 ] },
																"down": { "texture": "#iron", "uv": [ 14.5, 9.0, 15.0, 10.0 ] }
															}
														}
													]
												},
												{
													"name": "bladebeard1",
													"from": [ 4.0, 0.0, 0.0 ],
													"to": [ 5.5, 0.2, 2.0 ],
													"rotationOrigin": [ 4.0, 0.1, 2.0 ],
													"rotationY": 10.0,
													"rotationZ": 1.0,
													"faces": {
														"north": { "texture": "#iron", "uv": [ 8.0, 3.5, 9.5, 4.0 ] },
														"east": { "texture": "#iron", "uv": [ 4.5, 7.5, 6.5, 8.0 ] },
														"south": { "texture": "#iron", "uv": [ 10.0, 4.0, 11.5, 4.5 ] },
														"up": { "texture": "#iron", "uv": [ 6.0, 7.0, 7.5, 9.0 ] },
														"down": { "texture": "#iron", "uv": [ 5.5, 12.0, 7.0, 14.0 ] }
													},
													"children": [
														{
															"name": "bladebeard2",
															"from": [ 1.5, 0.0, 0.5 ],
															"to": [ 3.0, 0.2, 2.0 ],
															"rotationOrigin": [ 1.5, 0.1, 2.0 ],
															"rotationY": 10.0,
															"rotationZ": -1.0,
															"faces": {
																"north": { "texture": "#iron", "uv": [ 5.5, 0.0, 7.0, 0.5 ] },
																"east": { "texture": "#iron", "uv": [ 5.5, 1.5, 7.0, 2.0 ] },
																"south": { "texture": "#iron", "uv": [ 7.5, 11.5, 9.0, 12.0 ] },
																"up": { "texture": "#iron", "uv": [ 1.0, 7.0, 2.5, 8.5 ] },
																"down": { "texture": "#iron", "uv": [ 12.5, 12.5, 14.0, 14.0 ] }
															},
															"children": [
																{
																	"name": "bladebeard3",
																	"from": [ 1.5, 0.0, 0.5 ],
																	"to": [ 3.0, 0.2, 1.5 ],
																	"rotationOrigin": [ 1.5, 0.1, 1.5 ],
																	"faces": {
																		"north": { "texture": "#iron", "uv": [ 5.5, 4.5, 7.0, 5.0 ] },
																		"east": { "texture": "#iron", "uv": [ 5.0, 1.0, 6.0, 1.5 ] },
																		"south": { "texture": "#iron", "uv": [ 7.0, 10.5, 8.5, 11.0 ] },
																		"up": { "texture": "#iron", "uv": [ 9.0, 2.5, 10.5, 3.5 ] },
																		"down": { "texture": "#iron", "uv": [ 6.0, 8.0, 7.5, 9.0 ] }
																	}
																}
															]
														}
													]
												}
											]
										}
									]
								}
							]
						}
					]
				}
			]
		},
		{
			"name": "cloth",
			"from": [ 4.9, -0.1, 7.15 ],
			"to": [ 11.9, 1.6, 8.85 ],
			"rotationOrigin": [ 4.9, -0.1, 7.9 ],
			"faces": {
				"north": { "texture": "#cloth", "uv": [ 3.0, 4.5, 10.0, 6.0 ] },
				"east": { "texture": "#cloth", "uv": [ 2.5, 2.5, 4.0, 4.0 ] },
				"south": { "texture": "#cloth", "uv": [ 3.0, 3.0, 10.0, 4.5 ] },
				"west": { "texture": "#cloth", "uv": [ 3.0, 3.5, 4.5, 5.0 ] },
				"up": { "texture": "#cloth", "uv": [ 9.0, 5.5, 16.0, 7.0 ] },
				"down": { "texture": "#cloth", "uv": [ 5.5, 4.5, 12.5, 6.0 ] }
			}
		},
		{
			"name": "rivet 52",
			"from": [ 5.6, -0.2, 7.8 ],
			"to": [ 6.0, 1.7, 8.2 ],
			"rotationOrigin": [ 5.6, -0.1, 8.5 ],
			"faces": {
				"north": { "texture": "#handguard", "uv": [ 0.0, 12.5, 0.5, 14.0 ] },
				"east": { "texture": "#handguard", "uv": [ 0.0, 8.5, 0.5, 10.0 ] },
				"south": { "texture": "#handguard", "uv": [ 0.0, 2.5, 0.5, 4.0 ] },
				"west": { "texture": "#handguard", "uv": [ 0.0, 8.5, 0.5, 10.0 ] },
				"up": { "texture": "#handguard", "uv": [ 1.0, 14.0, 1.5, 14.5 ] },
				"down": { "texture": "#handguard", "uv": [ 5.5, 1.0, 6.0, 1.5 ] }
			}
		},
		{
			"name": "handguard end",
			"from": [ 0.7, -0.25, 7.0 ],
			"to": [ 1.7, 1.75, 9.0 ],
			"rotationOrigin": [ 1.1, 1.0, 9.8 ],
			"faces": {
				"north": { "texture": "#handguard", "uv": [ 0.0, 0.0, 1.0, 2.0 ] },
				"east": { "texture": "#handguard", "uv": [ 0.0, 0.0, 2.0, 2.0 ] },
				"south": { "texture": "#handguard", "uv": [ 0.0, 0.0, 1.0, 2.0 ] },
				"west": { "texture": "#handguard", "uv": [ 4.5, 8.5, 6.5, 10.5 ] },
				"up": { "texture": "#handguard", "uv": [ 0.0, 5.5, 1.0, 7.5 ] },
				"down": { "texture": "#handguard", "uv": [ 0.0, 0.0, 1.0, 2.0 ] }
			}
		},
		{
			"name": "rivet 53",
			"from": [ 6.6, -0.2, 7.8 ],
			"to": [ 7.0, 1.7, 8.2 ],
			"rotationOrigin": [ 6.6, -0.1, 8.5 ],
			"faces": {
				"north": { "texture": "#handguard", "uv": [ 0.0, 12.5, 0.5, 14.0 ] },
				"east": { "texture": "#handguard", "uv": [ 0.0, 8.5, 0.5, 10.0 ] },
				"south": { "texture": "#handguard", "uv": [ 0.0, 2.5, 0.5, 4.0 ] },
				"west": { "texture": "#handguard", "uv": [ 0.0, 8.5, 0.5, 10.0 ] },
				"up": { "texture": "#handguard", "uv": [ 1.0, 14.0, 1.5, 14.5 ] },
				"down": { "texture": "#handguard", "uv": [ 5.5, 1.0, 6.0, 1.5 ] }
			}
		},
		{
			"name": "rivet 54",
			"from": [ 7.6, -0.2, 7.8 ],
			"to": [ 8.0, 1.7, 8.2 ],
			"rotationOrigin": [ 7.6, -0.1, 8.5 ],
			"faces": {
				"north": { "texture": "#handguard", "uv": [ 0.0, 12.5, 0.5, 14.0 ] },
				"east": { "texture": "#handguard", "uv": [ 0.0, 8.5, 0.5, 10.0 ] },
				"south": { "texture": "#handguard", "uv": [ 0.0, 2.5, 0.5, 4.0 ] },
				"west": { "texture": "#handguard", "uv": [ 0.0, 8.5, 0.5, 10.0 ] },
				"up": { "texture": "#handguard", "uv": [ 1.0, 14.0, 1.5, 14.5 ] },
				"down": { "texture": "#handguard", "uv": [ 5.5, 1.0, 6.0, 1.5 ] }
			}
		},
		{
			"name": "rivet 55",
			"from": [ 8.6, -0.2, 7.8 ],
			"to": [ 9.0, 1.7, 8.2 ],
			"rotationOrigin": [ 8.6, -0.1, 8.5 ],
			"faces": {
				"north": { "texture": "#handguard", "uv": [ 0.0, 12.5, 0.5, 14.0 ] },
				"east": { "texture": "#handguard", "uv": [ 0.0, 8.5, 0.5, 10.0 ] },
				"south": { "texture": "#handguard", "uv": [ 0.0, 2.5, 0.5, 4.0 ] },
				"west": { "texture": "#handguard", "uv": [ 0.0, 8.5, 0.5, 10.0 ] },
				"up": { "texture": "#handguard", "uv": [ 1.0, 14.0, 1.5, 14.5 ] },
				"down": { "texture": "#handguard", "uv": [ 5.5, 1.0, 6.0, 1.5 ] }
			}
		},
		{
			"name": "rivet 56",
			"from": [ 9.6, -0.2, 7.8 ],
			"to": [ 10.0, 1.7, 8.2 ],
			"rotationOrigin": [ 9.6, -0.1, 8.5 ],
			"faces": {
				"north": { "texture": "#handguard", "uv": [ 0.0, 12.5, 0.5, 14.0 ] },
				"east": { "texture": "#handguard", "uv": [ 0.0, 8.5, 0.5, 10.0 ] },
				"south": { "texture": "#handguard", "uv": [ 0.0, 2.5, 0.5, 4.0 ] },
				"west": { "texture": "#handguard", "uv": [ 0.0, 8.5, 0.5, 10.0 ] },
				"up": { "texture": "#handguard", "uv": [ 1.0, 14.0, 1.5, 14.5 ] },
				"down": { "texture": "#handguard", "uv": [ 5.5, 1.0, 6.0, 1.5 ] }
			}
		},
		{
			"name": "rivet 57",
			"from": [ 10.6, -0.2, 7.8 ],
			"to": [ 11.0, 1.7, 8.2 ],
			"rotationOrigin": [ 10.6, -0.1, 8.5 ],
			"faces": {
				"north": { "texture": "#handguard", "uv": [ 0.0, 12.5, 0.5, 14.0 ] },
				"east": { "texture": "#handguard", "uv": [ 0.0, 8.5, 0.5, 10.0 ] },
				"south": { "texture": "#handguard", "uv": [ 0.0, 2.5, 0.5, 4.0 ] },
				"west": { "texture": "#handguard", "uv": [ 0.0, 8.5, 0.5, 10.0 ] },
				"up": { "texture": "#handguard", "uv": [ 1.0, 14.0, 1.5, 14.5 ] },
				"down": { "texture": "#handguard", "uv": [ 5.5, 1.0, 6.0, 1.5 ] }
			}
		},
		{
			"name": "handguard end2",
			"from": [ 14.7, -0.25, 7.0 ],
			"to": [ 15.7, 1.75, 9.0 ],
			"rotationOrigin": [ 15.1, 1.0, 9.8 ],
			"faces": {
				"north": { "texture": "#handguard", "uv": [ 0.0, 0.0, 1.0, 2.0 ] },
				"east": { "texture": "#handguard", "uv": [ 0.0, 0.0, 2.0, 2.0 ] },
				"south": { "texture": "#handguard", "uv": [ 0.0, 0.0, 1.0, 2.0 ] },
				"west": { "texture": "#handguard", "uv": [ 4.5, 8.5, 6.5, 10.5 ] },
				"up": { "texture": "#handguard", "uv": [ 0.0, 5.5, 1.0, 7.5 ] },
				"down": { "texture": "#handguard", "uv": [ 0.0, 0.0, 1.0, 2.0 ] }
			}
		},
		{
			"name": "handguard end3",
			"from": [ -4.3, -0.25, 7.0 ],
			"to": [ -3.3, 1.75, 9.0 ],
			"rotationOrigin": [ -3.9, 1.0, 9.8 ],
			"faces": {
				"north": { "texture": "#handguard", "uv": [ 0.0, 0.0, 1.0, 2.0 ] },
				"east": { "texture": "#handguard", "uv": [ 0.0, 0.0, 2.0, 2.0 ] },
				"south": { "texture": "#handguard", "uv": [ 0.0, 0.0, 1.0, 2.0 ] },
				"west": { "texture": "#handguard", "uv": [ 4.5, 8.5, 6.5, 10.5 ] },
				"up": { "texture": "#handguard", "uv": [ 0.0, 5.5, 1.0, 7.5 ] },
				"down": { "texture": "#handguard", "uv": [ 0.0, 0.0, 1.0, 2.0 ] }
			}
		}
	]}