{
	"code": "canselectionsticks",
	"class": "CANBlockSelectionSticks",
	"entityClass": "CANBECrossSticks",
	"attributes": {
		"handbook": {
			"groupBy": [ "canselectionsticks" ]
		}
	},
	"creativeinventory": {
		"general": [ "" ],
		"plants": [ "" ],
		"cancrops": [ "*" ]
	},
	"maxstacksize": 64,
	"textures": {
		"generic": { "base": "cancrops:block/generic" },
		"e1": { "base": "cancrops:block/e1" },
		"s1": { "base": "cancrops:block/s1" },
		"e2": { "base": "cancrops:block/e2" },
		"s2": { "base": "cancrops:block/s2" },
		"e3": { "base": "cancrops:block/e3" },
		"s3": { "base": "cancrops:block/s3" }
	},
	"shape": {
		"base": "cancrops:block/selectionsticks"
	},
	"creativeinventoryStacks": [
		{
			"tabs": [ "general", "cancrops" ],
			"stacks": [
				{
					"type": "block",
					"code": "canselectionsticks",
					"attributes": { "type": "acacia" }
				},
				{
					"type": "block",
					"code": "canselectionsticks",
					"attributes": { "type": "aged" }
				},
				{
					"type": "block",
					"code": "canselectionsticks",
					"attributes": { "type": "baldcypress" }
				},
				{
					"type": "block",
					"code": "canselectionsticks",
					"attributes": { "type": "birch" }
				},
				{
					"type": "block",
					"code": "canselectionsticks",
					"attributes": { "type": "ebony" }
				},
				{
					"type": "block",
					"code": "canselectionsticks",
					"attributes": { "type": "kapok" }
				},
				{
					"type": "block",
					"code": "canselectionsticks",
					"attributes": { "type": "larch" }
				},
				{
					"type": "block",
					"code": "canselectionsticks",
					"attributes": { "type": "maple" }
				},
				{
					"type": "block",
					"code": "canselectionsticks",
					"attributes": { "type": "oak" }
				},
				{
					"type": "block",
					"code": "canselectionsticks",
					"attributes": { "type": "pine" }
				},
				{
					"type": "block",
					"code": "canselectionsticks",
					"attributes": { "type": "purpleheart" }
				},
				{
					"type": "block",
					"code": "canselectionsticks",
					"attributes": { "type": "redwood" }
				},
				{
					"type": "block",
					"code": "canselectionsticks",
					"attributes": { "type": "walnut" }
				}
			]
		}
	],
	"renderpass": "OpaqueNoCull",
	"blockmaterial": "Plant",
	"randomizeRotations": true,
	"sideopaque": {
		"all": false
	},
	"sidesolid": {
		"all": false
	},
	"replaceable": 3000,
	"lightAbsorption": 0,
	"resistance": 0.5,
	"sounds": {
		"place": "game:block/plant",
		"break": "game:block/plant",
		"hit": "game:block/plant"
	},
	"rainPermeable": false,
	"collisionbox": {
		"x1": 0.125,
		"y1": 0,
		"z1": 0.125,
		"x2": 0.875,
		"y2": 0.125,
		"z2": 0.875
	},
	"selectionBox": {
		"x1": 0.125,
		"y1": 0,
		"z1": 0.125,
		"x2": 0.875,
		"y2": 0.875,
		"z2": 0.875
	},
	"fpHandTransform": {
		"translation": {
			"x": 0.05,
			"y": -0.2,
			"z": 0
		},
		"rotation": {
			"x": 166,
			"y": 70,
			"z": -9
		},
		"scale": 1.28
	},
	"guiTransform": {
		"translation": {
			"x": 0,
			"y": 0,
			"z": 0
		},
		"origin": {
			"x": 0.5,
			"y": 0.3,
			"z": 0.1
		},
		"scale": 1.55
	},
	"tpHandTransform": {
		"translation": {
			"x": -1.9,
			"y": -1.6,
			"z": -1.4
		},
		"rotation": {
			"x": -95,
			"y": 13,
			"z": 77
		}
	},
	"materialDensity": 200,
	"combustibleProps": {
		"burnTemperature": 600,
		"burnDuration": 10
	}
}