[
   {
      "file": "game:itemtypes/tool/spear.json",
      "op": "remove",
      "path": "/texturesByType/spear-generic-*"
   },
   {
      "file": "game:itemtypes/toolhead/spearhead.json",
      "op": "remove",
      "path": "/texturesByType/*"
   },
   {
      "file": "game:itemtypes/toolhead/spearhead.json",
      "op": "addmerge",
      "path": "/texturesByType/@spearhead-(copper|tinbronze|bismuthbronze|blackbronze)",
      "value": {
         "handle": {
            "base": "block/transparent"
         },
         "material": {
            "base": "block/metal/ingot/{material}"
         },
         "string": {
            "base": "block/transparent"
         }
      }
   },
   {
      "file": "game:entities/nonliving/projectile/spear.json",
      "op": "remove",
      "path": "/client/texturesByType/*"
   },
   {
      "file": "game:entities/nonliving/projectile/spear.json",
      "op": "addmerge",
      "path": "/client/texturesByType/@spear-(copper|tinbronze|bismuthbronze|blackbronze)",
      "value": {
         "handle": {
            "base": "block/transparent"
         },
         "material": {
            "base": "block/metal/ingot/{material}"
         },
         "string": {
            "base": "block/transparent"
         }
      }
   },
   {
      "file": "game:itemtypes/tool/spear.json",
      "op": "addmerge",
      "path": "/variantgroups/1/states/-",
      "value": "diorite"
   },
   {
      "file": "game:itemtypes/tool/spear.json",
      "op": "addmerge",
      "path": "/shapeByType/spear-generic-diorite",
      "value": {
         "base": "item/tool/spear/stone"
      }
   },
   {
      "file": "game:itemtypes/tool/spear.json",
      "op": "addmerge",
      "path": "/texturesByType/spear-generic-diorite",
      "value": {
         "material": {
            "base": "block/stone/rock/diorite1"
         }
      }
   },
   {
      "file": "game:itemtypes/tool/spear.json",
      "op": "addmerge",
      "path": "/attackpowerbytype/spear-generic-diorite",
      "value": 1.75
   },
   {
      "file": "game:itemtypes/tool/spear.json",
      "op": "addmerge",
      "path": "/durabilitybytype/spear-generic-diorite",
      "value": 16
   },
   {
      "file": "game:itemtypes/tool/spear.json",
      "op": "addmerge",
      "path": "/attributes/damageByType/*-diorite",
      "value": 4
   },
   {
      "file": "game:itemtypes/toolhead/spearhead.json",
      "op": "addmerge",
      "path": "/variantgroups/0/states/-",
      "value": "diorite"
   },
   {
      "file": "game:itemtypes/toolhead/spearhead.json",
      "op": "addmerge",
      "path": "/texturesByType/spearhead-diorite",
      "value": {
         "handle": {
            "base": "block/transparent"
         },
         "material": {
            "base": "block/stone/rock/diorite1"
         },
         "string": {
            "base": "block/transparent"
         }
      }
   },
   {
      "file": "game:itemtypes/toolhead/spearhead.json",
      "op": "addmerge",
      "path": "/shapeByType/spearhead-diorite",
      "value": {
         "base": "item/tool/spear/stone"
      }
   },
   {
      "file": "game:entities/nonliving/projectile/spear.json",
      "op": "addmerge",
      "path": "/variantgroups/1/states/-",
      "value": "diorite"
   },
   {
      "file": "game:entities/nonliving/projectile/spear.json",
      "op": "addmerge",
      "path": "/client/texturesByType/spear-generic-diorite",
      "value": {
         "material": {
            "base": "block/stone/rock/diorite1"
         }
      }
   },
   {
      "file": "game:recipes/grid/tool/spear.json",
      "op": "addmerge",
      "path": "/ingredients/T/allowedVariants/-",
      "value": "diorite"
   },
   {
      "file": "game:recipes/knapping/stone-spear.json",
      "op": "add",
      "path": "/ingredient/allowedVariants/-",
      "value": "diorite"
   },
   {
      "file": "game:itemtypes/tool/spear.json",
      "op": "addmerge",
      "path": "/variantgroups/1/states/-",
      "value": "gabbro"
   },
   {
      "file": "game:itemtypes/tool/spear.json",
      "op": "addmerge",
      "path": "/shapeByType/spear-generic-gabbro",
      "value": {
         "base": "item/tool/spear/stone"
      }
   },
   {
      "file": "game:itemtypes/tool/spear.json",
      "op": "addmerge",
      "path": "/texturesByType/spear-generic-gabbro",
      "value": {
         "material": {
            "base": "block/stone/rock/gabbro1"
         }
      }
   },
   {
      "file": "game:itemtypes/tool/spear.json",
      "op": "addmerge",
      "path": "/attackpowerbytype/spear-generic-gabbro",
      "value": 1.75
   },
   {
      "file": "game:itemtypes/tool/spear.json",
      "op": "addmerge",
      "path": "/durabilitybytype/spear-generic-gabbro",
      "value": 16
   },
   {
      "file": "game:itemtypes/tool/spear.json",
      "op": "addmerge",
      "path": "/attributes/damageByType/*-gabbro",
      "value": 4
   },
   {
      "file": "game:itemtypes/toolhead/spearhead.json",
      "op": "addmerge",
      "path": "/variantgroups/0/states/-",
      "value": "gabbro"
   },
   {
      "file": "game:itemtypes/toolhead/spearhead.json",
      "op": "addmerge",
      "path": "/texturesByType/spearhead-gabbro",
      "value": {
         "handle": {
            "base": "block/transparent"
         },
         "material": {
            "base": "block/stone/rock/gabbro1"
         },
         "string": {
            "base": "block/transparent"
         }
      }
   },
   {
      "file": "game:itemtypes/toolhead/spearhead.json",
      "op": "addmerge",
      "path": "/shapeByType/spearhead-gabbro",
      "value": {
         "base": "item/tool/spear/stone"
      }
   },
   {
      "file": "game:entities/nonliving/projectile/spear.json",
      "op": "addmerge",
      "path": "/variantgroups/1/states/-",
      "value": "gabbro"
   },
   {
      "file": "game:entities/nonliving/projectile/spear.json",
      "op": "addmerge",
      "path": "/client/texturesByType/spear-generic-gabbro",
      "value": {
         "material": {
            "base": "block/stone/rock/gabbro1"
         }
      }
   },
   {
      "file": "game:recipes/grid/tool/spear.json",
      "op": "addmerge",
      "path": "/ingredients/T/allowedVariants/-",
      "value": "gabbro"
   },
   {
      "file": "game:recipes/knapping/stone-spear.json",
      "op": "add",
      "path": "/ingredient/allowedVariants/-",
      "value": "gabbro"
   },
   {
      "file": "game:itemtypes/tool/spear.json",
      "op": "addmerge",
      "path": "/variantgroups/1/states/-",
      "value": "jade"
   },
   {
      "file": "game:itemtypes/tool/spear.json",
      "op": "addmerge",
      "path": "/shapeByType/spear-generic-jade",
      "value": {
         "base": "item/tool/spear/stone"
      }
   },
   {
      "file": "game:itemtypes/tool/spear.json",
      "op": "addmerge",
      "path": "/texturesByType/spear-generic-jade",
      "value": {
         "material": {
            "base": "block/stone/rock/jade1"
         }
      }
   },
   {
      "file": "game:itemtypes/tool/spear.json",
      "op": "addmerge",
      "path": "/attackpowerbytype/spear-generic-jade",
      "value": 2
   },
   {
      "file": "game:itemtypes/tool/spear.json",
      "op": "addmerge",
      "path": "/durabilitybytype/spear-generic-jade",
      "value": 24
   },
   {
      "file": "game:itemtypes/tool/spear.json",
      "op": "addmerge",
      "path": "/attributes/damageByType/*-jade",
      "value": 5
   },
   {
      "file": "game:itemtypes/toolhead/spearhead.json",
      "op": "addmerge",
      "path": "/variantgroups/0/states/-",
      "value": "jade"
   },
   {
      "file": "game:itemtypes/toolhead/spearhead.json",
      "op": "addmerge",
      "path": "/texturesByType/spearhead-jade",
      "value": {
         "handle": {
            "base": "block/transparent"
         },
         "material": {
            "base": "block/stone/rock/jade1"
         },
         "string": {
            "base": "block/transparent"
         }
      }
   },
   {
      "file": "game:itemtypes/toolhead/spearhead.json",
      "op": "addmerge",
      "path": "/shapeByType/spearhead-jade",
      "value": {
         "base": "item/tool/spear/stone"
      }
   },
   {
      "file": "game:entities/nonliving/projectile/spear.json",
      "op": "addmerge",
      "path": "/variantgroups/1/states/-",
      "value": "jade"
   },
   {
      "file": "game:entities/nonliving/projectile/spear.json",
      "op": "addmerge",
      "path": "/client/texturesByType/spear-generic-jade",
      "value": {
         "material": {
            "base": "block/stone/rock/jade1"
         }
      }
   },
   {
      "file": "game:recipes/grid/tool/spear.json",
      "op": "addmerge",
      "path": "/ingredients/T/allowedVariants/-",
      "value": "jade"
   },
   {
      "file": "game:recipes/knapping/stone-spear.json",
      "op": "add",
      "path": "/ingredient/allowedVariants/-",
      "value": "jade"
   },
   {
      "file": "game:itemtypes/tool/spear.json",
      "op": "addmerge",
      "path": "/variantgroups/1/states/-",
      "value": "jasper"
   },
   {
      "file": "game:itemtypes/tool/spear.json",
      "op": "addmerge",
      "path": "/shapeByType/spear-generic-jasper",
      "value": {
         "base": "item/tool/spear/stone"
      }
   },
   {
      "file": "game:itemtypes/tool/spear.json",
      "op": "addmerge",
      "path": "/texturesByType/spear-generic-jasper",
      "value": {
         "material": {
            "base": "block/stone/rock/jasper1"
         }
      }
   },
   {
      "file": "game:itemtypes/tool/spear.json",
      "op": "addmerge",
      "path": "/attackpowerbytype/spear-generic-jasper",
      "value": 2
   },
   {
      "file": "game:itemtypes/tool/spear.json",
      "op": "addmerge",
      "path": "/durabilitybytype/spear-generic-jasper",
      "value": 24
   },
   {
      "file": "game:itemtypes/tool/spear.json",
      "op": "addmerge",
      "path": "/attributes/damageByType/*-jasper",
      "value": 5
   },
   {
      "file": "game:itemtypes/toolhead/spearhead.json",
      "op": "addmerge",
      "path": "/variantgroups/0/states/-",
      "value": "jasper"
   },
   {
      "file": "game:itemtypes/toolhead/spearhead.json",
      "op": "addmerge",
      "path": "/texturesByType/spearhead-jasper",
      "value": {
         "handle": {
            "base": "block/transparent"
         },
         "material": {
            "base": "block/stone/rock/jasper1"
         },
         "string": {
            "base": "block/transparent"
         }
      }
   },
   {
      "file": "game:itemtypes/toolhead/spearhead.json",
      "op": "addmerge",
      "path": "/shapeByType/spearhead-jasper",
      "value": {
         "base": "item/tool/spear/stone"
      }
   },
   {
      "file": "game:entities/nonliving/projectile/spear.json",
      "op": "addmerge",
      "path": "/variantgroups/1/states/-",
      "value": "jasper"
   },
   {
      "file": "game:entities/nonliving/projectile/spear.json",
      "op": "addmerge",
      "path": "/client/texturesByType/spear-generic-jasper",
      "value": {
         "material": {
            "base": "block/stone/rock/jasper1"
         }
      }
   },
   {
      "file": "game:recipes/grid/tool/spear.json",
      "op": "addmerge",
      "path": "/ingredients/T/allowedVariants/-",
      "value": "jasper"
   },
   {
      "file": "game:recipes/knapping/stone-spear.json",
      "op": "add",
      "path": "/ingredient/allowedVariants/-",
      "value": "jasper"
   },
   {
      "file": "game:itemtypes/tool/spear.json",
      "op": "addmerge",
      "path": "/variantgroups/1/states/-",
      "value": "quartzite"
   },
   {
      "file": "game:itemtypes/tool/spear.json",
      "op": "addmerge",
      "path": "/shapeByType/spear-generic-quartzite",
      "value": {
         "base": "item/tool/spear/stone"
      }
   },
   {
      "file": "game:itemtypes/tool/spear.json",
      "op": "addmerge",
      "path": "/texturesByType/spear-generic-quartzite",
      "value": {
         "material": {
            "base": "block/stone/rock/quartzite1"
         }
      }
   },
   {
      "file": "game:itemtypes/tool/spear.json",
      "op": "addmerge",
      "path": "/attackpowerbytype/spear-generic-quartzite",
      "value": 2
   },
   {
      "file": "game:itemtypes/tool/spear.json",
      "op": "addmerge",
      "path": "/durabilitybytype/spear-generic-quartzite",
      "value": 24
   },
   {
      "file": "game:itemtypes/tool/spear.json",
      "op": "addmerge",
      "path": "/attributes/damageByType/*-quartzite",
      "value": 5
   },
   {
      "file": "game:itemtypes/toolhead/spearhead.json",
      "op": "addmerge",
      "path": "/variantgroups/0/states/-",
      "value": "quartzite"
   },
   {
      "file": "game:itemtypes/toolhead/spearhead.json",
      "op": "addmerge",
      "path": "/texturesByType/spearhead-quartzite",
      "value": {
         "handle": {
            "base": "block/transparent"
         },
         "material": {
            "base": "block/stone/rock/quartzite1"
         },
         "string": {
            "base": "block/transparent"
         }
      }
   },
   {
      "file": "game:itemtypes/toolhead/spearhead.json",
      "op": "addmerge",
      "path": "/shapeByType/spearhead-quartzite",
      "value": {
         "base": "item/tool/spear/stone"
      }
   },
   {
      "file": "game:entities/nonliving/projectile/spear.json",
      "op": "addmerge",
      "path": "/variantgroups/1/states/-",
      "value": "quartzite"
   },
   {
      "file": "game:entities/nonliving/projectile/spear.json",
      "op": "addmerge",
      "path": "/client/texturesByType/spear-generic-quartzite",
      "value": {
         "material": {
            "base": "block/stone/rock/quartzite1"
         }
      }
   },
   {
      "file": "game:recipes/grid/tool/spear.json",
      "op": "addmerge",
      "path": "/ingredients/T/allowedVariants/-",
      "value": "quartzite"
   },
   {
      "file": "game:recipes/knapping/stone-spear.json",
      "op": "add",
      "path": "/ingredient/allowedVariants/-",
      "value": "quartzite"
   }
]