[
{
    "file": "game:itemtypes/tool/knife.json",
    "op": "addmerge",
    "path": "/durabilitybytype/knife-generic-komatiite",
    "value": 130
  },
  {
    "file": "game:itemtypes/tool/knife.json",
    "op": "addmerge",
    "path": "/durabilitybytype/knife-generic-bonekomatiite",
    "value": 150
  },
  {
    "file": "game:itemtypes/tool/knife.json",
    "op": "addmerge",
    "path": "/miningspeedbytype/knife-generic-komatiite",
    "value": {
      "plant": 1.2
    }
  },
  {
    "file": "game:itemtypes/tool/knife.json",
    "op": "addmerge",
    "path": "/miningspeedbytype/knife-generic-bonekomatiite",
    "value": {
      "plant": 1.3
    }
  },
  {
    "file": "game:itemtypes/tool/knife.json",
    "op": "addmerge",
    "path": "/attackpowerbytype/knife-generic-komatiite",
    "value": 1
  },
  {
    "file": "game:itemtypes/tool/knife.json",
    "op": "addmerge",
    "path": "/attackpowerbytype/knife-generic-bonekomatiite",
    "value": 1.25
  },



  {
    "file": "game:itemtypes/tool/knife.json",
    "op": "addmerge",
    "path": "/durabilitybytype/knife-generic-pyroxenite",
    "value": 160
  },
  {
    "file": "game:itemtypes/tool/knife.json",
    "op": "addmerge",
    "path": "/durabilitybytype/knife-generic-bonepyroxenite",
    "value": 180
  },
  {
    "file": "game:itemtypes/tool/knife.json",
    "op": "addmerge",
    "path": "/miningspeedbytype/knife-generic-pyroxenite",
    "value": {
      "plant": 1.4
    }
  },
  {
    "file": "game:itemtypes/tool/knife.json",
    "op": "addmerge",
    "path": "/miningspeedbytype/knife-generic-bonepyroxenite",
    "value": {
      "plant": 1.5
    }
  },
  {
    "file": "game:itemtypes/tool/knife.json",
    "op": "addmerge",
    "path": "/attackpowerbytype/knife-generic-pyroxenite",
    "value": 1.5
  },
  {
    "file": "game:itemtypes/tool/knife.json",
    "op": "addmerge",
    "path": "/attackpowerbytype/knife-generic-bonepyroxenite",
    "value": 1.75
  },



  {
    "file": "game:itemtypes/tool/knife.json",
    "op": "addmerge",
    "path": "/durabilitybytype/knife-generic-serpentinite",
    "value": 90
  },
  {
    "file": "game:itemtypes/tool/knife.json",
    "op": "addmerge",
    "path": "/durabilitybytype/knife-generic-boneserpentinite",
    "value": 110
  },
  {
    "file": "game:itemtypes/tool/knife.json",
    "op": "addmerge",
    "path": "/miningspeedbytype/knife-generic-serpentinite",
    "value": {
      "plant": 1
    }
  },
  {
    "file": "game:itemtypes/tool/knife.json",
    "op": "addmerge",
    "path": "/miningspeedbytype/knife-generic-boneserpentinite",
    "value": {
      "plant": 1
    }
  },
  {
    "file": "game:itemtypes/tool/knife.json",
    "op": "addmerge",
    "path": "/attackpowerbytype/knife-generic-serpentinite",
    "value": 0.75
  },
  {
    "file": "game:itemtypes/tool/knife.json",
    "op": "addmerge",
    "path": "/attackpowerbytype/knife-generic-boneserpentinite",
    "value": 0.75
  },



  {
    "file": "game:itemtypes/tool/knife.json",
    "op": "addmerge",
    "path": "/durabilitybytype/knife-generic-monzonite",
    "value": 130
  },
  {
    "file": "game:itemtypes/tool/knife.json",
    "op": "addmerge",
    "path": "/durabilitybytype/knife-generic-bonemonzonite",
    "value": 150
  },
  {
    "file": "game:itemtypes/tool/knife.json",
    "op": "addmerge",
    "path": "/miningspeedbytype/knife-generic-monzonite",
    "value": {
      "plant": 1.2
    }
  },
  {
    "file": "game:itemtypes/tool/knife.json",
    "op": "addmerge",
    "path": "/miningspeedbytype/knife-generic-bonemonzonite",
    "value": {
      "plant": 1.3
    }
  },
  {
    "file": "game:itemtypes/tool/knife.json",
    "op": "addmerge",
    "path": "/attackpowerbytype/knife-generic-monzonite",
    "value": 1
  },
  {
    "file": "game:itemtypes/tool/knife.json",
    "op": "addmerge",
    "path": "/attackpowerbytype/knife-generic-bonemonzonite",
    "value": 1.25
  },



  {
    "file": "game:itemtypes/tool/knife.json",
    "op": "addmerge",
    "path": "/durabilitybytype/knife-generic-syenite",
    "value": 90
  },
  {
    "file": "game:itemtypes/tool/knife.json",
    "op": "addmerge",
    "path": "/durabilitybytype/knife-generic-bonesyenite",
    "value": 110
  },
  {
    "file": "game:itemtypes/tool/knife.json",
    "op": "addmerge",
    "path": "/miningspeedbytype/knife-generic-syenite",
    "value": {
      "plant": 1
    }
  },
  {
    "file": "game:itemtypes/tool/knife.json",
    "op": "addmerge",
    "path": "/miningspeedbytype/knife-generic-bonesyenite",
    "value": {
      "plant": 1
    }
  },
  {
    "file": "game:itemtypes/tool/knife.json",
    "op": "addmerge",
    "path": "/attackpowerbytype/knife-generic-syenite",
    "value": 0.75
  },
  {
    "file": "game:itemtypes/tool/knife.json",
    "op": "addmerge",
    "path": "/attackpowerbytype/knife-generic-bonesyenite",
    "value": 0.75
  },
]