[
	{
	"op": "addmerge",
	"path": "/variantgroups/1/states/-",
	"value": "komatiite",
	"file": "game:itemtypes/tool/spear.json"
	},
	{
	"op": "addmerge",
	"path": "/variantgroups/1/states/-",
	"value": "pyroxenite",
	"file": "game:itemtypes/tool/spear.json"
	},
	{
	"op": "addmerge",
	"path": "/variantgroups/1/states/-",
	"value": "serpentinite",
	"file": "game:itemtypes/tool/spear.json"
	},
	{
	"op": "addmerge",
	"path": "/variantgroups/1/states/-",
	"value": "monzonite",
	"file": "game:itemtypes/tool/spear.json"
	},
	{
	"op": "addmerge",
	"path": "/variantgroups/1/states/-",
	"value": "syenite",
	"file": "game:itemtypes/tool/spear.json"
	},




  {
    "op": "remove",
    "path": "/texturesByType/spear-generic-*",
    "file": "game:itemtypes/tool/spear.json"
  },
  {
    "op": "addmerge",
    "path": "/texturesByType",
    "value": {
	"@spear-generic-(komatiite|pyroxenite|serpentinite|monzonite|syenite)": { 
			"material": { base: "block/stone/rock/{material}1" } 
	},
    },
    "file": "game:itemtypes/tool/spear.json"
  },
  {
    "op": "addmerge",
    "file": "game:itemtypes/tool/spear.json",
    "path": "/texturesByType/spear-generic-*",
    "value": {
      "material": {
        "base": "item/tool/material/{material}"
      }
    }
  },
  {
    "op": "addmerge",
    "path": "/shapeByType",
    "value": {
      "@spear-generic-(komatiite|pyroxenite|serpentinite|monzonite|syenite)": {
        "base": "item/tool/spear/stone"
      }
    },
    "file": "game:itemtypes/tool/spear.json"
  },
]