[
	{
	"op": "addmerge",
	"path": "/variantgroups/0/states/-",
	"value": "komatiite",
	"file": "game:itemtypes/tool/shovel.json"
	},
	{
	"op": "addmerge",
	"path": "/variantgroups/0/states/-",
	"value": "pyroxenite",
	"file": "game:itemtypes/tool/shovel.json"
	},
	{
	"op": "addmerge",
	"path": "/variantgroups/0/states/-",
	"value": "serpentinite",
	"file": "game:itemtypes/tool/shovel.json"
	},
	{
	"op": "addmerge",
	"path": "/variantgroups/0/states/-",
	"value": "monzonite",
	"file": "game:itemtypes/tool/shovel.json"
	},
	{
	"op": "addmerge",
	"path": "/variantgroups/0/states/-",
	"value": "syenite",
	"file": "game:itemtypes/tool/shovel.json"
	},


{
    "op": "addmerge",
    "path": "/shapeByType",
    "value": {
      "shovel-komatiite": {
        "base": "item/tool/shovel-stone"
      },
      "shovel-pyroxenite": {
        "base": "item/tool/shovel-stone"
      },
      "shovel-serpentinite": {
        "base": "item/tool/shovel-stone"
      },
      "shovel-monzonite": {
        "base": "item/tool/shovel-stone"
      },
      "shovel-syenite": {
        "base": "item/tool/shovel-stone"
      },
    },
    "file": "game:itemtypes/tool/shovel.json"
  },
  {
    "op": "remove",
    "path": "/texturesByType/*",
    "file": "game:itemtypes/tool/shovel.json"
  },
  {
    "op": "addmerge",
    "path": "/texturesByType",
    "value": {
      "shovel-komatiite": {
        "material": {
          "base": "block/stone/rock/{material}1"
        }
      },
      "shovel-pyroxenite": {
        "material": {
          "base": "block/stone/rock/{material}1"
        }
      },
      "shovel-serpentinite": {
        "material": {
          "base": "block/stone/rock/{material}1"
        }
      },
      "shovel-monzonite": {
        "material": {
          "base": "block/stone/rock/{material}1"
        }
      },
      "shovel-syenite": {
        "material": {
          "base": "block/stone/rock/{material}1"
        }
      },
    },
    "file": "game:itemtypes/tool/shovel.json"
  },
  {
    "op": "addmerge",
    "path": "/texturesByType",
    "file": "game:itemtypes/tool/shovel.json",
    "value": {
		"*": {
			"material": { base: "block/metal/ingot/{material}" },
		},
	},
  },
]