[
  {
    "op": "replace",
    "path": "/server/behaviors/13/pregnancyDaysByType/*-elephasmaximus",
    "value": 85,
    "file": "elephantidae:entities/land/elephantidae.json"
  },
  {
    "op": "replace",
    "path": "/server/behaviors/13/pregnancyDaysByType/*-elephasmaximusborneensis",
    "value": 85,
    "file": "elephantidae:entities/land/elephantidae.json"
  },
  {
    "op": "replace",
    "path": "/server/behaviors/13/pregnancyDaysByType/*-loxodontaafricana",
    "value": 98,
    "file": "elephantidae:entities/land/elephantidae.json"
  },
  {
    "op": "replace",
    "path": "/server/behaviors/13/pregnancyDaysByType/*-loxodontacyclotis",
    "value": 98,
    "file": "elephantidae:entities/land/elephantidae.json"
  },
  {
    "op": "replace",
    "path": "/server/behaviors/13/pregnancyDaysByType/*-mammuthuscolumbi",
    "value": 95,
    "file": "elephantidae:entities/land/elephantidae.json"
  },
  {
    "op": "replace",
    "path": "/server/behaviors/13/pregnancyDaysByType/*-mammuthusexilis",
    "value": 81,
    "file": "elephantidae:entities/land/elephantidae.json"
  },
  {
    "op": "replace",
    "path": "/server/behaviors/13/pregnancyDaysByType/*-mammuthusprimigenius",
    "value": 95,
    "file": "elephantidae:entities/land/elephantidae.json"
  },
  {
    "op": "replace",
    "path": "/server/behaviors/15/hoursToGrowByType/*-elephasmaximus",
    "value": 1412,
    "file": "elephantidae:entities/land/elephantidae.json"
  },
  {
    "op": "replace",
    "path": "/server/behaviors/15/hoursToGrowByType/*-elephasmaximusborneensis",
    "value": 1412,
    "file": "elephantidae:entities/land/elephantidae.json"
  },
  {
    "op": "replace",
    "path": "/server/behaviors/15/hoursToGrowByType/*-loxodontaafricana",
    "value": 1412,
    "file": "elephantidae:entities/land/elephantidae.json"
  },
  {
    "op": "replace",
    "path": "/server/behaviors/15/hoursToGrowByType/*-loxodontacyclotis",
    "value": 1412,
    "file": "elephantidae:entities/land/elephantidae.json"
  },
  {
    "op": "replace",
    "path": "/server/behaviors/15/hoursToGrowByType/*-mammuthuscolumbi",
    "value": 1840,
    "file": "elephantidae:entities/land/elephantidae.json"
  },
  {
    "op": "replace",
    "path": "/server/behaviors/15/hoursToGrowByType/*-mammuthusexilis",
    "value": 1412,
    "file": "elephantidae:entities/land/elephantidae.json"
  },
  {
    "op": "replace",
    "path": "/server/behaviors/15/hoursToGrowByType/*-mammuthusprimigenius",
    "value": 1840,
    "file": "elephantidae:entities/land/elephantidae.json"
  },
  {
    "op": "replace",
    "path": "/server/behaviors/15/hoursToGrowByType/*-palaeoloxodoncypriotes",
    "value": 1840,
    "file": "elephantidae:entities/land/elephantidae.json"
  }
]
