[
  {
    "file": "game:itemtypes/tool/knife.json",
    "op": "addmerge",
    "path": "/variantgroups/1/states/-",
    "value": "komatiite"
  },
  {
    "file": "game:itemtypes/tool/knife.json",
    "op": "addmerge",
    "path": "/variantgroups/1/states/-",
    "value": "bonekomatiite"
  },
  {
    "file": "game:itemtypes/tool/knife.json",
    "op": "addmerge",
    "path": "/shapeByType/knife-generic-komatiite",
    "value": {
      "base": "item/tool/knife/stone"
    }
  },
  {
    "file": "game:itemtypes/tool/knife.json",
    "op": "addmerge",
    "path": "/variantgroups/1/states/-",
    "value": "pyroxenite"
  },
  {
    "file": "game:itemtypes/tool/knife.json",
    "op": "addmerge",
    "path": "/variantgroups/1/states/-",
    "value": "bonepyroxenite"
  },
  {
    "file": "game:itemtypes/tool/knife.json",
    "op": "addmerge",
    "path": "/shapeByType/knife-generic-pyroxenite",
    "value": {
      "base": "item/tool/knife/stone"
    }
  },
  {
    "file": "game:itemtypes/tool/knife.json",
    "op": "addmerge",
    "path": "/variantgroups/1/states/-",
    "value": "serpentinite"
  },
  {
    "file": "game:itemtypes/tool/knife.json",
    "op": "addmerge",
    "path": "/variantgroups/1/states/-",
    "value": "boneserpentinite"
  },
  {
    "file": "game:itemtypes/tool/knife.json",
    "op": "addmerge",
    "path": "/shapeByType/knife-generic-serpentinite",
    "value": {
      "base": "item/tool/knife/stone"
    }
  },
  {
    "file": "game:itemtypes/tool/knife.json",
    "op": "addmerge",
    "path": "/variantgroups/1/states/-",
    "value": "monzonite"
  },
  {
    "file": "game:itemtypes/tool/knife.json",
    "op": "addmerge",
    "path": "/variantgroups/1/states/-",
    "value": "bonemonzonite"
  },
  {
    "file": "game:itemtypes/tool/knife.json",
    "op": "addmerge",
    "path": "/shapeByType/knife-generic-monzonite",
    "value": {
      "base": "item/tool/knife/stone"
    }
  },
  {
    "file": "game:itemtypes/tool/knife.json",
    "op": "addmerge",
    "path": "/variantgroups/1/states/-",
    "value": "syenite"
  },
  {
    "file": "game:itemtypes/tool/knife.json",
    "op": "addmerge",
    "path": "/variantgroups/1/states/-",
    "value": "bonesyenite"
  },
  {
    "file": "game:itemtypes/tool/knife.json",
    "op": "addmerge",
    "path": "/shapeByType/knife-generic-syenite",
    "value": {
      "base": "item/tool/knife/stone"
    }
  },



  {
    "op": "remove",
    "path": "/texturesByType/knife-generic-*",
    "file": "game:itemtypes/tool/knife.json"
  },
  {
    "op": "addmerge",
    "path": "/texturesByType",
     "file": "game:itemtypes/tool/knife.json",
    "value": {
      "knife-generic-komatiite": { "material": { "base": "block/stone/rock/komatiite1" } },
      "knife-generic-pyroxenite": { "material": { "base": "block/stone/rock/pyroxenite1" } },
      "knife-generic-serpentinite": { "material": { "base": "block/stone/rock/serpentinite1" } },
      "knife-generic-monzonite": { "material": { "base": "block/stone/rock/monzonite1" } },
      "knife-generic-syenite": { "material": { "base": "block/stone/rock/syenite1" } },
      "knife-generic-bonekomatiite": { "material": { "base": "block/stone/rock/komatiite1" }, "handle": { "base": "block/creature/bone-yellow" } },
      "knife-generic-bonepyroxenite": { "material": { "base": "block/stone/rock/pyroxenite1" }, "handle": { "base": "block/creature/bone-yellow" } },
      "knife-generic-boneserpentinite": { "material": { "base": "block/stone/rock/serpentinite1" }, "handle": { "base": "block/creature/bone-yellow" } },
      "knife-generic-bonemonzonite": { "material": { "base": "block/stone/rock/monzonite1" }, "handle": { "base": "block/creature/bone-yellow" } },
      "knife-generic-bonesyenite": { "material": { "base": "block/stone/rock/syenite1" }, "handle": { "base": "block/creature/bone-yellow" } },
    }
  },
{
    "op": "addmerge",
     "file": "game:itemtypes/tool/knife.json",
    "path": "/texturesByType/knife-generic-*",
    "value": {
      "material": {
        "base": "block/metal/ingot/{material}"
      }
    }
  }
]
