{
	code: "quiver",
	maxstacksize: 1,
	
	variantgroups: [
		{ code:"type", states: ["crude", "hide", "leather", "sturdy"] }
	],
	attributes: {
		attachableToEntity: {
			categoryCode: "backpack",
			attachedShape: { base: "game:item/bag/quiver-attached" }
		},
		wearableAttachment: true,
		
		backpackByType: {
			"*-crude": { quantitySlots: 5, storageFlags: 512, slotBgColor: "#b3975b"},
			"*-hide": { quantitySlots: 7, storageFlags: 512, slotBgColor: "#b3975b"},
			"*-leather": { quantitySlots: 10, storageFlags: 512, slotBgColor: "#b3975b"},
			"*-sturdy": { quantitySlots: 12, storageFlags: 512, slotBgColor: "#b3975b"},
		},

		groundStorageTransform: {
			translation: { x: -0, y: -0.03, z: -0.1 },
			rotation: { x: -68, y: -134, z: 0 }
		},
		handbook: {
			exclude: false
		}
	},
	behaviors: [
		{
			name: "GroundStorable",
			properties: {
				layout: 'WallHalves',
				wallOffY: 1,
				ctrlKey: true,
				selectionBox: { x1: 0, y1: 0, z1: 0, x2: 1, y2: 0.1, z2: 1 },
				collisionBox: { x1: 0, y1: 0, z1: 0, x2: 0, y2: 0, z2: 0 },
			}
		},
		{ name: "HeldBag" }
	],
	shape: { base: "game:item/bag/quiver" },
	




texturesByType: {
		"*-crude": {"quiver": { base: "vanillaarmory:quivercrude"} },
		"*-hide": {"quiver": { base: "vanillaarmory:quiverhide" } },
		"*-leather": {"quiver": { base: "vanillaarmory:quiverleather" } },
		"*-sturdy": {"quiver": { base: "vanillaarmory:quiversturdy" } },
	},





	storageFlags: 2,
	creativeinventory: { "general": ["*"], "vanillaarmory": ["*"], "items": ["*"] },
	guiTransform: {
		translation: { x: 0, y: 0, z: 0 },
		rotation: { x: -47, y: 1, z: -17 },
		origin: { x: 0.5, y: 0, z: 0.5 },
		scale: 2.54,
		rotate: true
	},
	fpHandTransform: {
		translation: { x: 0, y: 0.1, z: 0.2 },
		rotation: { x: 38, y: 12, z: 95 },
		origin: { x: 0.5, y: 0, z: 0.5 },
		scale: 2.88
	},
	tpHandTransform: {
		translation: { x: -0.6, y: 0, z: -0.4 },
		rotation: { x: -77, y: -37, z: 22 },
		origin: { x: 0.5, y: 0, z: 0.5 },
		scale: 1.07
	},
	groundTransform: {
		translation: { x: 0, y: 0, z: 0 },
		rotation: { x: 180, y: 33, z: -180 },
		origin: { x: 0.5, y: 0, z: 0.5 },
		scale: 4.5
	}
}