{
	"editor": {
		"backDropShape": "D:/Hry/Vintagestory120/assets/game/shapes/entity/humanoid/seraph-hairless",
		"collapsedPaths": "Root/SideDecorationCrown/CrownFront,Root/ArmorHelmet/PlumeP3/Plume20,Root/ArmorHelmet/BarretMirddle/Side1/Corner3/CornerDec1,Root/ArmorHelmet/PlumeP3/Plume22,Root/ArmorHelmet/SideDecorationCrown/CrownBack,Root/ArmorHelmet/TopDecorationLion/leg2/legdown2,Root/ArmorHelmet/TopDecorationLion/hand2,Root/ArmorHelmet/TopDecorationLion/hand1,Root/ArmorHelmet/SideDecorationCrown/CrownRight,Root/SideDecorationCrown,Root/ArmorHelmet/Plume/Plume12,Root/ArmorHelmet/BarretMirddle4,Root/ArmorHelmet/BarretMirddle3,Root/ArmorHelmet/BarretMirddle2,Root/ArmorHelmet/TopDecorationLion/hand1/forearm1,Root/ArmorHelmet/lining,Root/TopDecorationLion/hand1,Root/ArmorHelmet/TopDecorationLion/Tail,Root/ArmorHelmet/SideDecorationCrown/CrownLeft,Root/ArmorHelmet/HeadDecCrownBase,Root/TopDecorationLion/hand2,Root/TopDecorationLion/Head,Root/ArmorHelmet/Plume/Plume4,Root/ArmorHelmet/Plume/Plume3,Root/ArmorHelmet/HeadDecCrownBase/CrownBack,Root/ArmorHelmet/TopDecorationLion/leg2,Root/ArmorHelmet/TopDecorationLion/leg1,Root/ArmorHelmet/BarretMirddle/Side1/Corner3,Root/ArmorHelmet/Plume/Plume21,Root/TopDecorationLion/leg2,Root/ArmorHelmet/TopDecorationLion/hand2/forearm2,Root/ArmorHelmet/TopDecorationLion/Head,Root/ArmorHelmet/SideDecorationCrown/CrownFront,Root/ArmorHelmet/PlumeP2,Root/ArmorHelmet/TopDecorationLion/Bottomtop,Root/ArmorHelmet/PlumeP1,Root/ArmorHelmet/Plume/Plume3/Plume4,Root/TopDecorationLion,Root/ArmorHelmet/BarretMirddle,Root/ArmorHelmet/TopDecorationLion/Head/Nose,Root/ArmorHelmet/HeadDecCrownBase/CrownFront3,Root/SideDecorationCrown/CrownRight,Root/ArmorHelmet/Plume/Plume21/Plume22,Root/ArmorHelmet/HeadDecCrownBase/CrownFront4,Root/ArmorHelmet/TopDecorationLion/leg1/legdown1,Root/ArmorHelmet/HeadDecCrownBase/CrownLeft,Root/ArmorHelmet/HeadDecCrownBase/CrownFront2,Root/ArmorHelmet/Fin,Root/ArmorHelmet/Hinge1,Root/ArmorHelmet/HeadDecCrownBase/CrownFront,Root/ArmorHelmet/Hinge4,Root/SideDecorationCrown/CrownLeft,Root/ArmorHelmet/HeadDecCrownBase/CrownRight,Root/ArmorHelmet/HeadDecCrownBase/CrownRight2,Root/ArmorHelmet/PlumeBase,Root/SideDecorationCrown/CrownFront4,Root/SideDecorationCrown/CrownFront3,Root/SideDecorationCrown/CrownFront2",
		"allAngles": true,
		"entityTextureMode": true
	},
	"textureWidth": 64,
	"textureHeight": 64,
	"textureSizes": {
	},
	"textures": {
			"metalhead": "armor/entity/landsknecht_steel",
			"plume": "block/plume/plumered"
	},
	"elements": [
		{
			"name": "ArmorHelmet",
			"stepParentName": "Head",
			"from": [ -0.3, 3.1, -0.6 ],
			"to": [ 6.3, 5.1, 5.7 ],
			"autoUnwrap": false,
			"uv": [ 27.0, 14.0 ],
			"rotationOrigin": [ -0.3, 3.1, -0.6 ],
			"rotationX": -5.0,
			"faces": {
				"north": { "texture": "#metalhead", "uv": [ 39.5, 27.0, 46.0, 29.0 ], "windMode": [-1,-1,-1,-1], "windData": [1,1,1,1] },
				"east": { "texture": "#metalhead", "uv": [ 55.0, 27.0, 61.0, 29.0 ], "windMode": [-1,-1,-1,-1], "windData": [0,0,0,0] },
				"south": { "texture": "#metalhead", "uv": [ 42.5, 27.0, 49.0, 29.0 ], "windMode": [-1,-1,-1,-1], "windData": [1,1,1,1] },
				"west": { "texture": "#metalhead", "uv": [ 36.0, 27.0, 42.0, 29.0 ], "windMode": [-1,-1,-1,-1], "windData": [1,1,1,1] },
				"up": { "texture": "#metalhead", "uv": [ 4.0, 11.5, 10.0, 18.0 ], "rotation": 90, "autoUv": false, "windMode": [-1,-1,-1,-1], "windData": [1,1,1,1] },
				"down": { "texture": "#metalhead", "uv": [ 33.0, 26.5, 39.0, 33.0 ], "rotation": 90, "windMode": [-1,-1,-1,-1], "windData": [1,1,1,1] }
			},
			"children": [
				{
					"name": "ArmorHelmetTop",
					"from": [ 0.5, 2.0, 0.5 ],
					"to": [ 6.1, 3.0, 5.8 ],
					"unwrapMode": 4,
					"autoUnwrap": false,
					"uv": [ 23.5, 7.5 ],
					"rotationOrigin": [ 0.5, 2.0, 0.5 ],
					"faces": {
						"north": { "texture": "#metalhead", "uv": [ 4.0, 10.0, 9.5, 11.0 ], "windMode": [-1,-1,-1,-1], "windData": [1,1,1,1] },
						"east": { "texture": "#metalhead", "uv": [ 4.0, 10.0, 9.5, 11.0 ], "autoUv": false, "windMode": [-1,-1,-1,-1], "windData": [1,1,1,1] },
						"south": { "texture": "#metalhead", "uv": [ 4.0, 10.0, 9.5, 11.0 ], "windMode": [-1,-1,-1,-1], "windData": [1,1,1,1] },
						"west": { "texture": "#metalhead", "uv": [ 4.0, 10.0, 9.5, 11.0 ], "autoUv": false, "windMode": [-1,-1,-1,-1], "windData": [1,1,1,1] },
						"up": { "texture": "#metalhead", "uv": [ 4.0, 6.0, 9.5, 11.5 ], "rotation": 90, "autoUv": false, "windMode": [-1,-1,-1,-1], "windData": [1,1,1,1] }
					},
					"children": [
						{
							"name": "PlumeBase",
							"from": [ 3.8, 0.4, 0.0 ],
							"to": [ 5.8, 1.4, 2.0 ],
							"autoUnwrap": false,
							"uv": [ 11.0, 20.5 ],
							"rotationOrigin": [ 3.8, 0.4, 0.0 ],
							"rotationY": -20.4,
							"faces": {
								"north": { "texture": "#metalhead", "uv": [ 11.0, 22.5, 13.0, 23.5 ] },
								"east": { "texture": "#metalhead", "uv": [ 13.0, 22.5, 15.0, 23.5 ] },
								"south": { "texture": "#metalhead", "uv": [ 14.0, 21.5, 16.0, 22.5 ] },
								"west": { "texture": "#metalhead", "uv": [ 14.0, 20.5, 16.0, 21.5 ] },
								"up": { "texture": "#metalhead", "uv": [ 12.5, 21.5, 14.5, 23.5 ] },
								"down": { "texture": "#metalhead", "uv": [ 13.0, 20.5, 15.0, 22.5 ] }
							},
							"children": [
								{
									"name": "PlumeP1",
									"from": [ 0.38, 0.22, 0.8 ],
									"to": [ 0.88, 2.12, 1.3 ],
									"uv": [ 0.0, 8.0 ],
									"rotationOrigin": [ 0.3876, 0.2204, 0.8006 ],
									"rotationX": -62.2483,
									"rotationY": 43.6791,
									"rotationZ": 19.3307,
									"faces": {
										"north": { "texture": "#plume", "uv": [ 0.0, 8.5, 0.5, 10.0 ] },
										"east": { "texture": "#plume", "uv": [ 0.5, 8.5, 1.0, 10.0 ] },
										"south": { "texture": "#plume", "uv": [ 1.0, 8.5, 1.5, 10.0 ] },
										"west": { "texture": "#plume", "uv": [ 1.5, 8.5, 2.0, 10.0 ] },
										"up": { "texture": "#plume", "uv": [ 0.0, 8.0, 0.5, 8.5 ] },
										"down": { "texture": "#plume", "uv": [ 0.5, 8.0, 1.0, 8.5 ] }
									},
									"children": [
										{
											"name": "Plume4",
											"from": [ -0.1313, 2.0354, 0.2 ],
											"to": [ 0.9687, 4.0354, 1.6 ],
											"unwrapMode": 4,
											"unwrapRotation": 1,
											"autoUnwrap": false,
											"uv": [ 18.5, 10.0 ],
											"rotationOrigin": [ -0.1269, 2.0364, 0.2 ],
											"rotationX": 17.6536,
											"rotationY": 7.7413,
											"rotationZ": -37.2018,
											"faces": {
												"north": { "texture": "#plume", "uv": [ 42.5, 11.0, 45.5, 13.0 ], "rotation": 90, "autoUv": false, "windMode": [-1,-1,-1,-1], "windData": [2,2,2,1] },
												"east": { "texture": "#plume", "uv": [ 40.5, 8.0, 43.5, 10.5 ], "rotation": 90, "autoUv": false, "windMode": [-1,-1,-1,-1], "windData": [1,2,2,2] },
												"south": { "texture": "#plume", "uv": [ 42.5, 11.0, 45.5, 13.0 ], "rotation": 90, "autoUv": false, "windMode": [-1,-1,-1,-1], "windData": [2,2,2,2] },
												"west": { "texture": "#plume", "uv": [ 34.5, 8.0, 37.5, 10.5 ], "rotation": 90, "autoUv": false },
												"up": { "texture": "#plume", "uv": [ 34.5, 8.5, 37.0, 10.0 ], "rotation": 180, "autoUv": false, "windMode": [-1,-1,-1,-1], "windData": [2,2,2,2] },
												"down": { "texture": "#plume", "uv": [ 34.5, 8.5, 37.0, 10.0 ], "rotation": 180, "autoUv": false, "windMode": [-1,-1,-1,-1], "windData": [2,1,2,2] }
											},
											"children": [
												{
													"name": "Plume5",
													"from": [ -0.3107, 1.5366, -0.149 ],
													"to": [ 0.8893, 3.7366, 2.251 ],
													"unwrapMode": 4,
													"unwrapRotation": 1,
													"autoUnwrap": false,
													"uv": [ 21.0, 16.0 ],
													"rotationOrigin": [ -0.3063, 1.5376, -0.149 ],
													"rotationX": 1.4616,
													"rotationY": 3.9359,
													"rotationZ": -17.7955,
													"faces": {
														"north": { "texture": "#plume", "uv": [ 41.0, 11.0, 46.0, 13.0 ], "rotation": 90, "autoUv": false, "windMode": [-1,-1,-1,-1], "windData": [2,2,2,2] },
														"east": { "texture": "#plume", "uv": [ 35.5, 11.5, 39.0, 15.0 ], "rotation": 90, "autoUv": false, "windMode": [-1,-1,-1,-1], "windData": [2,2,2,2] },
														"south": { "texture": "#plume", "uv": [ 41.0, 11.0, 46.0, 13.0 ], "rotation": 90, "autoUv": false, "windMode": [-1,-1,-1,-1], "windData": [2,2,2,2] },
														"west": { "texture": "#plume", "uv": [ 35.5, 11.5, 39.0, 15.0 ], "rotation": 90, "autoUv": false, "windMode": [-1,-1,-1,-1], "windData": [2,2,2,2] },
														"up": { "texture": "#plume", "uv": [ 45.5, 11.5, 47.5, 15.0 ], "rotation": 180, "autoUv": false, "windMode": [-1,-1,-1,-1], "windData": [2,2,2,2] },
														"down": { "texture": "#plume", "uv": [ 45.5, 11.5, 47.5, 15.0 ], "rotation": 180, "autoUv": false, "windMode": [-1,-1,-1,-1], "windData": [2,2,2,2] }
													}
												},
												{
													"name": "Plume6",
													"from": [ 0.5108, 3.4335, -0.018 ],
													"to": [ 1.3108, 5.4335, 1.482 ],
													"autoUnwrap": false,
													"uv": [ 21.0, 18.5 ],
													"rotationOrigin": [ 0.5152, 3.4345, -0.018 ],
													"rotationX": 10.8115,
													"rotationY": 11.887,
													"rotationZ": -29.4264,
													"faces": {
														"north": { "texture": "#plume", "uv": [ 41.0, 16.0, 44.0, 17.5 ], "autoUv": false, "windMode": [-1,-1,-1,-1], "windData": [2,2,2,2] },
														"east": { "texture": "#plume", "uv": [ 41.0, 17.0, 44.5, 19.5 ], "rotation": 90, "autoUv": false, "windMode": [-1,-1,-1,-1], "windData": [2,2,2,2] },
														"south": { "texture": "#plume", "uv": [ 41.0, 16.0, 44.0, 17.5 ], "rotation": 90, "autoUv": false, "windMode": [-1,-1,-1,-1], "windData": [2,2,2,2] },
														"west": { "texture": "#plume", "uv": [ 41.0, 17.0, 44.5, 19.5 ], "rotation": 90, "autoUv": false },
														"up": { "texture": "#plume", "uv": [ 46.5, 17.5, 47.5, 19.0 ], "autoUv": false, "windMode": [-1,-1,-1,-1], "windData": [2,2,2,2] },
														"down": { "texture": "#plume", "uv": [ 46.0, 17.5, 47.5, 19.0 ], "autoUv": false, "windMode": [-1,-1,-1,-1], "windData": [2,2,2,2] }
													}
												},
												{
													"name": "Plume7",
													"from": [ 1.71, 5.03, 0.18 ],
													"to": [ 2.11, 6.63, 1.08 ],
													"unwrapMode": 4,
													"unwrapRotation": 1,
													"autoUnwrap": false,
													"uv": [ 20.5, 18.5 ],
													"rotationOrigin": [ 1.7152, 5.03, 0.182 ],
													"rotationX": 5.81,
													"rotationY": 3.89,
													"rotationZ": -63.43,
													"faces": {
														"north": { "texture": "#plume", "uv": [ 35.5, 19.5, 39.0, 20.5 ], "rotation": 90, "autoUv": false, "windMode": [-1,-1,-1,-1], "windData": [2,1,1,2] },
														"east": { "texture": "#plume", "uv": [ 35.0, 17.5, 38.0, 19.0 ], "rotation": 270, "autoUv": false, "windMode": [-1,-1,-1,-1], "windData": [2,1,1,2] },
														"south": { "texture": "#plume", "uv": [ 35.5, 19.5, 39.0, 20.5 ], "rotation": 90, "autoUv": false, "windMode": [-1,-1,-1,-1], "windData": [2,2,1,1] },
														"west": { "texture": "#plume", "uv": [ 35.0, 17.5, 38.0, 19.0 ], "rotation": 90, "autoUv": false },
														"up": { "texture": "#plume", "uv": [ 35.0, 18.5, 36.5, 19.0 ], "rotation": 180, "autoUv": false, "windMode": [-1,-1,-1,-1], "windData": [1,1,1,1] },
														"down": { "texture": "#plume", "uv": [ 35.0, 17.5, 36.5, 18.0 ], "rotation": 180, "autoUv": false, "windMode": [-1,-1,-1,-1], "windData": [2,2,2,2] }
													}
												},
												{
													"name": "Plume8",
													"from": [ 1.09, 1.04, -2.15 ],
													"to": [ 2.29, 3.24, 0.25 ],
													"unwrapMode": 4,
													"unwrapRotation": 1,
													"autoUnwrap": false,
													"uv": [ 20.5, 9.5 ],
													"rotationOrigin": [ 1.0937, 1.0376, -2.149 ],
													"rotationX": -10.0,
													"rotationY": -33.0,
													"rotationZ": -19.0,
													"faces": {
														"north": { "texture": "#plume", "uv": [ 41.0, 13.5, 45.5, 15.5 ], "rotation": 90, "autoUv": false, "windMode": [-1,-1,-1,-1], "windData": [1,1,1,1] },
														"east": { "texture": "#plume", "uv": [ 38.5, 11.5, 42.0, 15.0 ], "rotation": 90, "autoUv": false, "windMode": [-1,-1,-1,-1], "windData": [1,1,2,2] },
														"south": { "texture": "#plume", "uv": [ 41.0, 13.5, 45.5, 15.5 ], "rotation": 90, "autoUv": false, "windMode": [-1,-1,-1,-1], "windData": [2,2,2,2] },
														"west": { "texture": "#plume", "uv": [ 35.5, 11.5, 39.0, 15.0 ], "rotation": 90, "autoUv": false, "windMode": [-1,-1,-1,-1], "windData": [1,2,2,1] },
														"up": { "texture": "#plume", "uv": [ 45.5, 11.5, 47.5, 15.0 ], "rotation": 180, "autoUv": false, "windMode": [-1,-1,-1,-1], "windData": [1,2,2,1] },
														"down": { "texture": "#plume", "uv": [ 45.5, 11.5, 47.5, 15.0 ], "rotation": 180, "autoUv": false }
													}
												},
												{
													"name": "Plume9",
													"from": [ 1.51, 3.13, -1.42 ],
													"to": [ 2.31, 5.13, 0.08 ],
													"autoUnwrap": false,
													"uv": [ 29.0, 18.5 ],
													"rotationOrigin": [ 1.5152, 3.1345, -1.418 ],
													"rotationX": -10.0,
													"rotationY": -33.0,
													"rotationZ": -29.0,
													"faces": {
														"north": { "texture": "#plume", "uv": [ 7.0, 19.0, 10.0, 20.5 ], "rotation": 90, "autoUv": false },
														"east": { "texture": "#plume", "uv": [ 41.0, 17.0, 44.5, 19.5 ], "rotation": 90, "autoUv": false, "windMode": [-1,-1,-1,-1], "windData": [1,1,2,2] },
														"south": { "texture": "#plume", "uv": [ 41.0, 19.0, 44.0, 20.5 ], "rotation": 90, "autoUv": false, "windMode": [-1,-1,-1,-1], "windData": [2,2,2,2] },
														"west": { "texture": "#plume", "uv": [ 41.0, 17.0, 44.5, 19.5 ], "rotation": 90, "autoUv": false, "windMode": [-1,-1,-1,-1], "windData": [1,2,2,1] },
														"up": { "texture": "#plume", "uv": [ 44.5, 17.5, 46.0, 19.0 ], "autoUv": false, "windMode": [-1,-1,-1,-1], "windData": [1,2,2,1] },
														"down": { "texture": "#plume", "uv": [ 44.5, 17.5, 46.0, 19.0 ], "autoUv": false, "windMode": [-1,-1,-1,-1], "windData": [1,1,2,2] }
													}
												},
												{
													"name": "Plume10",
													"from": [ 1.71, 5.03, -1.02 ],
													"to": [ 2.11, 6.53, -0.12 ],
													"unwrapMode": 4,
													"unwrapRotation": 1,
													"autoUnwrap": false,
													"uv": [ 18.5, 22.0 ],
													"rotationOrigin": [ 1.82, 4.43, -1.22 ],
													"rotationX": -10.0,
													"rotationY": -35.0,
													"rotationZ": -63.43,
													"faces": {
														"north": { "texture": "#plume", "uv": [ 38.0, 17.5, 41.5, 19.0 ], "rotation": 90, "autoUv": false, "windMode": [-1,-1,-1,-1], "windData": [1,1,1,1] },
														"east": { "texture": "#plume", "uv": [ 38.0, 16.0, 41.5, 17.0 ], "rotation": 270, "autoUv": false, "windMode": [-1,-1,-1,-1], "windData": [1,1,2,2] },
														"south": { "texture": "#plume", "uv": [ 34.5, 16.0, 38.0, 17.0 ], "rotation": 90, "autoUv": false, "windMode": [-1,-1,-1,-1], "windData": [2,2,2,2] },
														"west": { "texture": "#plume", "uv": [ 38.0, 17.5, 41.5, 19.0 ], "rotation": 90, "autoUv": false, "windMode": [-1,-1,-1,-1], "windData": [1,2,2,1] },
														"up": { "texture": "#plume", "uv": [ 34.0, 20.0, 35.5, 20.5 ], "rotation": 180, "autoUv": false, "windMode": [-1,-1,-1,-1], "windData": [1,2,2,1] },
														"down": { "texture": "#plume", "uv": [ 33.0, 16.0, 34.5, 16.5 ], "rotation": 180, "autoUv": false, "windMode": [-1,-1,-1,-1], "windData": [1,1,2,2] }
													}
												},
												{
													"name": "Plume11",
													"from": [ 0.8, -0.5, -0.9 ],
													"to": [ 1.9, 1.4, 0.5 ],
													"unwrapMode": 4,
													"unwrapRotation": 1,
													"autoUnwrap": false,
													"uv": [ 18.5, 6.0 ],
													"rotationOrigin": [ 0.8044, -0.499, -0.9 ],
													"rotationX": -17.0,
													"rotationY": -36.0,
													"rotationZ": -1.0,
													"faces": {
														"north": { "texture": "#plume", "uv": [ 42.5, 11.0, 45.5, 13.0 ], "rotation": 90, "autoUv": false, "windMode": [-1,-1,-1,-1], "windData": [1,1,1,1] },
														"east": { "texture": "#plume", "uv": [ 43.5, 8.0, 46.5, 10.5 ], "rotation": 90, "autoUv": false, "windMode": [-1,-1,-1,-1], "windData": [1,1,2,2] },
														"south": { "texture": "#plume", "uv": [ 42.5, 11.0, 45.5, 13.0 ], "rotation": 90, "autoUv": false, "windMode": [-1,-1,-1,-1], "windData": [2,2,2,2] },
														"west": { "texture": "#plume", "uv": [ 34.5, 8.0, 37.5, 10.5 ], "rotation": 90, "autoUv": false, "windMode": [-1,-1,-1,-1], "windData": [1,2,2,1] },
														"up": { "texture": "#plume", "uv": [ 34.5, 8.5, 37.0, 10.0 ], "rotation": 180, "autoUv": false, "windMode": [-1,-1,-1,-1], "windData": [1,2,2,1] },
														"down": { "texture": "#plume", "uv": [ 34.5, 8.5, 37.0, 10.0 ], "rotation": 180, "autoUv": false, "windMode": [-1,-1,-1,-1], "windData": [1,1,2,2] }
													}
												}
											]
										}
									]
								},
								{
									"name": "PlumeP2",
									"from": [ 1.28, 0.62, 1.6 ],
									"to": [ 1.78, 2.52, 2.1 ],
									"uv": [ 0.0, 8.0 ],
									"rotationOrigin": [ 1.2843, 0.6204, 1.6054 ],
									"rotationX": 47.58,
									"rotationY": 37.24,
									"rotationZ": -61.8,
									"faces": {
										"north": { "texture": "#plume", "uv": [ 0.0, 8.5, 0.5, 10.0 ] },
										"east": { "texture": "#plume", "uv": [ 0.5, 8.5, 1.0, 10.0 ] },
										"south": { "texture": "#plume", "uv": [ 1.0, 8.5, 1.5, 10.0 ] },
										"west": { "texture": "#plume", "uv": [ 1.5, 8.5, 2.0, 10.0 ] },
										"up": { "texture": "#plume", "uv": [ 0.0, 8.0, 0.5, 8.5 ] },
										"down": { "texture": "#plume", "uv": [ 0.5, 8.0, 1.0, 8.5 ] }
									},
									"children": [
										{
											"name": "Plume12",
											"from": [ -0.1313, 2.0354, 0.2 ],
											"to": [ 0.9687, 4.0354, 1.6 ],
											"unwrapMode": 4,
											"unwrapRotation": 1,
											"autoUnwrap": false,
											"uv": [ 18.5, 10.0 ],
											"rotationOrigin": [ -0.1269, 2.0364, 0.2 ],
											"rotationX": 17.6536,
											"rotationY": 7.7413,
											"rotationZ": -37.2018,
											"faces": {
												"north": { "texture": "#plume", "uv": [ 11.5, 11.0, 14.5, 13.0 ], "rotation": 90, "autoUv": false },
												"east": { "texture": "#plume", "uv": [ 8.5, 8.0, 11.5, 10.5 ], "rotation": 90, "autoUv": false },
												"south": { "texture": "#plume", "uv": [ 11.5, 11.0, 14.5, 13.0 ], "rotation": 90, "autoUv": false },
												"west": { "texture": "#plume", "uv": [ 5.5, 8.0, 8.5, 10.5 ], "rotation": 90, "autoUv": false },
												"up": { "texture": "#plume", "uv": [ 2.5, 8.5, 4.0, 10.0 ], "rotation": 180, "autoUv": false },
												"down": { "texture": "#plume", "uv": [ 2.5, 8.5, 4.0, 10.0 ], "rotation": 180, "autoUv": false }
											},
											"children": [
												{
													"name": "Plume13",
													"from": [ -0.3107, 1.5366, -0.149 ],
													"to": [ 0.8893, 3.7366, 2.251 ],
													"unwrapMode": 4,
													"unwrapRotation": 1,
													"autoUnwrap": false,
													"uv": [ 21.0, 16.0 ],
													"rotationOrigin": [ -0.3063, 1.5376, -0.149 ],
													"rotationX": 1.4616,
													"rotationY": 3.9359,
													"rotationZ": -15.8,
													"faces": {
														"north": { "texture": "#plume", "uv": [ 10.0, 11.0, 14.0, 13.0 ], "rotation": 90, "autoUv": false },
														"east": { "texture": "#plume", "uv": [ 6.5, 11.5, 10.0, 15.0 ], "rotation": 90, "autoUv": false },
														"south": { "texture": "#plume", "uv": [ 10.0, 11.0, 14.0, 13.0 ], "rotation": 90, "autoUv": false },
														"west": { "texture": "#plume", "uv": [ 3.0, 11.5, 6.5, 15.0 ], "rotation": 90, "autoUv": false },
														"up": { "texture": "#plume", "uv": [ 13.5, 11.5, 15.5, 15.0 ], "rotation": 180, "autoUv": false },
														"down": { "texture": "#plume", "uv": [ 13.5, 11.5, 15.5, 15.0 ], "rotation": 180, "autoUv": false }
													}
												},
												{
													"name": "Plume14",
													"from": [ 0.5108, 3.4335, -0.018 ],
													"to": [ 1.3108, 5.4335, 1.482 ],
													"autoUnwrap": false,
													"uv": [ 21.0, 18.5 ],
													"rotationOrigin": [ 0.5152, 3.4345, -0.018 ],
													"rotationX": 10.8115,
													"rotationY": 11.887,
													"rotationZ": -29.4264,
													"faces": {
														"north": { "texture": "#plume", "uv": [ 7.0, 16.0, 10.0, 17.5 ], "autoUv": false },
														"east": { "texture": "#plume", "uv": [ 11.0, 17.0, 13.5, 19.5 ], "rotation": 90, "autoUv": false },
														"south": { "texture": "#plume", "uv": [ 7.0, 16.0, 10.0, 17.5 ], "rotation": 90, "autoUv": false },
														"west": { "texture": "#plume", "uv": [ 11.0, 17.0, 13.5, 19.5 ], "rotation": 90, "autoUv": false },
														"up": { "texture": "#plume", "uv": [ 15.0, 17.5, 15.5, 19.0 ] },
														"down": { "texture": "#plume", "uv": [ 15.0, 17.5, 15.5, 19.0 ] }
													}
												},
												{
													"name": "Plume15",
													"from": [ 1.71, 5.03, 0.18 ],
													"to": [ 2.11, 6.63, 1.08 ],
													"unwrapMode": 4,
													"unwrapRotation": 1,
													"autoUnwrap": false,
													"uv": [ 20.5, 18.5 ],
													"rotationOrigin": [ 1.7152, 5.03, 0.182 ],
													"rotationX": 5.81,
													"rotationY": 3.89,
													"rotationZ": -63.43,
													"faces": {
														"north": { "texture": "#plume", "uv": [ 2.5, 19.5, 6.0, 20.5 ], "rotation": 90, "autoUv": false },
														"east": { "texture": "#plume", "uv": [ 3.0, 17.5, 7.0, 19.0 ], "rotation": 270, "autoUv": false },
														"south": { "texture": "#plume", "uv": [ 2.5, 19.5, 6.0, 20.5 ], "rotation": 90, "autoUv": false },
														"west": { "texture": "#plume", "uv": [ 3.0, 17.5, 7.0, 19.0 ], "rotation": 90, "autoUv": false },
														"up": { "texture": "#plume", "uv": [ 3.0, 18.5, 3.5, 19.0 ], "rotation": 180 },
														"down": { "texture": "#plume", "uv": [ 3.0, 17.5, 3.5, 18.0 ], "rotation": 180 }
													}
												},
												{
													"name": "Plume16",
													"from": [ 1.09, 1.04, -2.15 ],
													"to": [ 2.29, 3.24, 0.25 ],
													"unwrapMode": 4,
													"unwrapRotation": 1,
													"autoUnwrap": false,
													"uv": [ 20.5, 9.5 ],
													"rotationOrigin": [ 1.0937, 1.0376, -2.149 ],
													"rotationX": -10.0,
													"rotationY": -33.0,
													"rotationZ": -19.0,
													"faces": {
														"north": { "texture": "#plume", "uv": [ 10.0, 13.5, 14.0, 15.5 ], "rotation": 90, "autoUv": false },
														"east": { "texture": "#plume", "uv": [ 6.5, 11.5, 10.0, 15.0 ], "rotation": 90, "autoUv": false },
														"south": { "texture": "#plume", "uv": [ 10.0, 13.5, 14.0, 15.5 ], "rotation": 90, "autoUv": false },
														"west": { "texture": "#plume", "uv": [ 3.0, 11.5, 6.5, 15.0 ], "rotation": 90, "autoUv": false },
														"up": { "texture": "#plume", "uv": [ 13.5, 11.5, 15.5, 15.0 ], "rotation": 180, "autoUv": false },
														"down": { "texture": "#plume", "uv": [ 13.5, 11.5, 15.5, 15.0 ], "rotation": 180, "autoUv": false }
													}
												},
												{
													"name": "Plume17",
													"from": [ 1.51, 3.13, -1.42 ],
													"to": [ 2.31, 5.13, 0.08 ],
													"autoUnwrap": false,
													"uv": [ 29.0, 18.5 ],
													"rotationOrigin": [ 1.5152, 3.1345, -1.418 ],
													"rotationX": -10.0,
													"rotationY": -33.0,
													"rotationZ": -29.0,
													"faces": {
														"north": { "texture": "#plume", "uv": [ 7.0, 19.0, 10.0, 20.5 ], "rotation": 90, "autoUv": false },
														"east": { "texture": "#plume", "uv": [ 11.0, 17.0, 13.5, 19.5 ], "rotation": 90, "autoUv": false },
														"south": { "texture": "#plume", "uv": [ 7.0, 19.0, 10.0, 20.5 ], "rotation": 90, "autoUv": false },
														"west": { "texture": "#plume", "uv": [ 11.0, 17.0, 13.5, 19.5 ], "rotation": 90, "autoUv": false },
														"up": { "texture": "#plume", "uv": [ 15.0, 17.5, 15.5, 19.0 ] },
														"down": { "texture": "#plume", "uv": [ 15.0, 17.5, 15.5, 19.0 ] }
													}
												},
												{
													"name": "Plume18",
													"from": [ 1.71, 5.03, -1.02 ],
													"to": [ 2.11, 6.53, -0.12 ],
													"unwrapMode": 4,
													"unwrapRotation": 1,
													"autoUnwrap": false,
													"uv": [ 18.5, 22.0 ],
													"rotationOrigin": [ 1.82, 4.43, -1.22 ],
													"rotationX": -10.0,
													"rotationY": -35.0,
													"rotationZ": -63.43,
													"faces": {
														"north": { "texture": "#plume", "uv": [ 10.5, 17.5, 7.0, 19.0 ], "rotation": 90, "autoUv": false },
														"east": { "texture": "#plume", "uv": [ 3.0, 16.0, 6.0, 17.0 ], "rotation": 270, "autoUv": false },
														"south": { "texture": "#plume", "uv": [ 3.0, 16.0, 6.0, 17.0 ], "rotation": 90, "autoUv": false },
														"west": { "texture": "#plume", "uv": [ 7.0, 17.5, 10.5, 19.0 ], "rotation": 90, "autoUv": false },
														"up": { "texture": "#plume", "uv": [ 1.0, 20.0, 1.5, 20.5 ], "rotation": 180 },
														"down": { "texture": "#plume", "uv": [ 1.0, 16.0, 1.5, 16.5 ], "rotation": 180 }
													}
												},
												{
													"name": "Plume19",
													"from": [ 0.8, -0.5, -0.9 ],
													"to": [ 1.9, 1.4, 0.5 ],
													"unwrapMode": 4,
													"unwrapRotation": 1,
													"autoUnwrap": false,
													"uv": [ 18.5, 6.0 ],
													"rotationOrigin": [ 0.8044, -0.499, -0.9 ],
													"rotationX": -17.0,
													"rotationY": -36.0,
													"rotationZ": -1.0,
													"faces": {
														"north": { "texture": "#plume", "uv": [ 11.5, 11.0, 14.5, 13.0 ], "rotation": 90, "autoUv": false },
														"east": { "texture": "#plume", "uv": [ 11.5, 8.0, 14.5, 10.5 ], "rotation": 90, "autoUv": false },
														"south": { "texture": "#plume", "uv": [ 11.5, 11.0, 14.5, 13.0 ], "rotation": 90, "autoUv": false },
														"west": { "texture": "#plume", "uv": [ 2.5, 8.0, 5.5, 10.5 ], "rotation": 90, "autoUv": false },
														"up": { "texture": "#plume", "uv": [ 2.5, 8.5, 4.0, 10.0 ], "rotation": 180, "autoUv": false },
														"down": { "texture": "#plume", "uv": [ 2.5, 8.5, 4.0, 10.0 ], "rotation": 180, "autoUv": false }
													}
												}
											]
										}
									]
								},
								{
									"name": "PlumeP3",
									"from": [ 0.6764, 0.72, 0.9831 ],
									"to": [ 1.1764, 2.62, 1.4831 ],
									"uv": [ 0.0, 8.0 ],
									"rotationOrigin": [ 0.6849, 0.7204, 0.9852 ],
									"rotationX": -7.9678,
									"rotationY": 48.2547,
									"rotationZ": -3.863,
									"faces": {
										"north": { "texture": "#plume", "uv": [ 0.0, 8.5, 0.5, 10.0 ] },
										"east": { "texture": "#plume", "uv": [ 0.5, 8.5, 1.0, 10.0 ] },
										"south": { "texture": "#plume", "uv": [ 1.0, 8.5, 1.5, 10.0 ] },
										"west": { "texture": "#plume", "uv": [ 1.5, 8.5, 2.0, 10.0 ] },
										"up": { "texture": "#plume", "uv": [ 0.0, 8.0, 0.5, 8.5 ] },
										"down": { "texture": "#plume", "uv": [ 0.5, 8.0, 1.0, 8.5 ] }
									},
									"children": [
										{
											"name": "Plume20",
											"from": [ -0.1313, 2.0354, 0.2 ],
											"to": [ 0.9687, 4.0354, 1.6 ],
											"unwrapMode": 4,
											"unwrapRotation": 1,
											"autoUnwrap": false,
											"uv": [ 18.5, 10.0 ],
											"rotationOrigin": [ -0.1269, 2.0364, 0.2 ],
											"rotationX": 17.6536,
											"rotationY": 7.7413,
											"rotationZ": -37.2018,
											"faces": {
												"north": { "texture": "#plume", "uv": [ 27.0, 11.0, 29.5, 13.0 ], "rotation": 90, "autoUv": false, "windMode": [-1,-1,-1,-1], "windData": [2,2,2,2] },
												"east": { "texture": "#plume", "uv": [ 24.5, 8.0, 27.5, 10.5 ], "rotation": 90, "autoUv": false, "windMode": [-1,-1,-1,-1], "windData": [2,2,2,2] },
												"south": { "texture": "#plume", "uv": [ 27.0, 11.0, 29.5, 13.0 ], "rotation": 90, "autoUv": false, "windMode": [-1,-1,-1,-1], "windData": [2,2,2,2] },
												"west": { "texture": "#plume", "uv": [ 18.5, 8.0, 21.5, 10.5 ], "rotation": 90, "autoUv": false },
												"up": { "texture": "#plume", "uv": [ 18.5, 8.5, 21.0, 10.0 ], "rotation": 180, "autoUv": false, "windMode": [-1,-1,-1,-1], "windData": [2,2,2,2] },
												"down": { "texture": "#plume", "uv": [ 18.5, 8.5, 21.0, 10.0 ], "rotation": 180, "autoUv": false, "windMode": [-1,-1,-1,-1], "windData": [2,2,2,2] }
											},
											"children": [
												{
													"name": "Plume21",
													"from": [ -0.3107, 1.5366, -0.149 ],
													"to": [ 0.8893, 3.7366, 2.251 ],
													"unwrapMode": 4,
													"unwrapRotation": 1,
													"autoUnwrap": false,
													"uv": [ 21.0, 16.0 ],
													"rotationOrigin": [ -0.3063, 1.5376, -0.149 ],
													"rotationX": 1.4616,
													"rotationY": 3.9359,
													"rotationZ": -17.7955,
													"faces": {
														"north": { "texture": "#plume", "uv": [ 25.5, 11.0, 29.5, 13.0 ], "rotation": 90, "autoUv": false, "windMode": [-1,-1,-1,-1], "windData": [2,2,2,2] },
														"east": { "texture": "#plume", "uv": [ 22.0, 11.5, 26.0, 15.0 ], "rotation": 90, "autoUv": false, "windMode": [-1,-1,-1,-1], "windData": [2,2,2,2] },
														"south": { "texture": "#plume", "uv": [ 25.5, 11.0, 29.5, 13.0 ], "rotation": 90, "autoUv": false, "windMode": [-1,-1,-1,-1], "windData": [2,2,2,2] },
														"west": { "texture": "#plume", "uv": [ 22.0, 11.5, 25.5, 15.0 ], "rotation": 90, "autoUv": false },
														"up": { "texture": "#plume", "uv": [ 29.5, 11.5, 31.5, 15.0 ], "rotation": 180, "autoUv": false, "windMode": [-1,-1,-1,-1], "windData": [2,2,2,2] },
														"down": { "texture": "#plume", "uv": [ 29.5, 11.5, 31.5, 15.0 ], "rotation": 180, "autoUv": false, "windMode": [-1,-1,-1,-1], "windData": [2,2,2,2] }
													}
												},
												{
													"name": "Plume22",
													"from": [ 0.5108, 3.4335, -0.018 ],
													"to": [ 1.3108, 5.4335, 1.482 ],
													"autoUnwrap": false,
													"uv": [ 21.0, 18.5 ],
													"rotationOrigin": [ 0.5152, 3.4345, -0.018 ],
													"rotationX": 10.8115,
													"rotationY": 11.887,
													"rotationZ": -29.4264,
													"faces": {
														"north": { "texture": "#plume", "uv": [ 23.0, 16.0, 26.0, 17.5 ], "autoUv": false, "windMode": [-1,-1,-1,-1], "windData": [2,2,2,2] },
														"east": { "texture": "#plume", "uv": [ 27.0, 17.0, 29.5, 19.5 ], "rotation": 90, "autoUv": false, "windMode": [-1,-1,-1,-1], "windData": [2,2,2,2] },
														"south": { "texture": "#plume", "uv": [ 23.0, 16.0, 26.0, 17.5 ], "rotation": 90, "autoUv": false, "windMode": [-1,-1,-1,-1], "windData": [2,2,2,2] },
														"west": { "texture": "#plume", "uv": [ 27.0, 17.0, 29.5, 19.5 ], "rotation": 90, "autoUv": false },
														"up": { "texture": "#plume", "uv": [ 30.0, 17.5, 31.5, 19.0 ], "autoUv": false, "windMode": [-1,-1,-1,-1], "windData": [2,2,2,2] },
														"down": { "texture": "#plume", "uv": [ 30.0, 17.5, 32.0, 19.0 ], "autoUv": false, "windMode": [-1,-1,-1,-1], "windData": [2,2,2,2] }
													}
												},
												{
													"name": "Plume23",
													"from": [ 1.71, 5.03, 0.18 ],
													"to": [ 2.11, 6.63, 1.08 ],
													"unwrapMode": 4,
													"unwrapRotation": 1,
													"autoUnwrap": false,
													"uv": [ 20.5, 18.5 ],
													"rotationOrigin": [ 1.7152, 5.03, 0.182 ],
													"rotationX": 5.81,
													"rotationY": 3.89,
													"rotationZ": -63.43,
													"faces": {
														"north": { "texture": "#plume", "uv": [ 18.5, 19.5, 22.0, 20.5 ], "rotation": 90, "autoUv": false, "windMode": [-1,-1,-1,-1], "windData": [2,2,2,2] },
														"east": { "texture": "#plume", "uv": [ 18.5, 17.5, 23.0, 19.0 ], "rotation": 270, "autoUv": false, "windMode": [-1,-1,-1,-1], "windData": [2,2,2,2] },
														"south": { "texture": "#plume", "uv": [ 16.0, 19.5, 22.0, 20.5 ], "rotation": 90, "autoUv": false, "windMode": [-1,-1,-1,-1], "windData": [2,2,2,2] },
														"west": { "texture": "#plume", "uv": [ 18.5, 17.5, 23.0, 19.0 ], "rotation": 90, "autoUv": false },
														"up": { "texture": "#plume", "uv": [ 20.5, 18.5, 20.0, 19.0 ], "rotation": 180, "autoUv": false, "windMode": [-1,-1,-1,-1], "windData": [2,2,2,2] },
														"down": { "texture": "#plume", "uv": [ 18.5, 17.5, 19.5, 18.0 ], "rotation": 180, "autoUv": false, "windMode": [-1,-1,-1,-1], "windData": [2,2,2,2] }
													}
												},
												{
													"name": "Plume24",
													"from": [ 1.09, 1.04, -2.15 ],
													"to": [ 2.29, 3.24, 0.25 ],
													"unwrapMode": 4,
													"unwrapRotation": 1,
													"autoUnwrap": false,
													"uv": [ 20.5, 9.5 ],
													"rotationOrigin": [ 1.0937, 1.0376, -2.149 ],
													"rotationX": -10.0,
													"rotationY": -33.0,
													"rotationZ": -19.0,
													"faces": {
														"north": { "texture": "#plume", "uv": [ 25.5, 13.5, 29.5, 15.5 ], "rotation": 90, "autoUv": false },
														"east": { "texture": "#plume", "uv": [ 22.5, 11.5, 26.0, 15.0 ], "rotation": 90, "autoUv": false, "windMode": [-1,-1,-1,-1], "windData": [2,2,2,2] },
														"south": { "texture": "#plume", "uv": [ 25.5, 13.5, 29.5, 15.5 ], "rotation": 90, "autoUv": false, "windMode": [-1,-1,-1,-1], "windData": [2,2,2,2] },
														"west": { "texture": "#plume", "uv": [ 19.0, 11.5, 23.5, 15.0 ], "rotation": 90, "autoUv": false },
														"up": { "texture": "#plume", "uv": [ 29.5, 11.5, 31.5, 15.0 ], "rotation": 180, "autoUv": false, "windMode": [-1,-1,-1,-1], "windData": [2,2,2,2] },
														"down": { "texture": "#plume", "uv": [ 29.5, 11.5, 31.5, 15.0 ], "rotation": 180, "autoUv": false, "windMode": [-1,-1,-1,-1], "windData": [2,2,2,2] }
													}
												},
												{
													"name": "Plume25",
													"from": [ 1.51, 3.13, -1.42 ],
													"to": [ 2.31, 5.13, 0.08 ],
													"autoUnwrap": false,
													"uv": [ 29.0, 18.5 ],
													"rotationOrigin": [ 1.5152, 3.1345, -1.418 ],
													"rotationX": -10.0,
													"rotationY": -33.0,
													"rotationZ": -29.0,
													"faces": {
														"north": { "texture": "#plume", "uv": [ 23.0, 19.0, 26.0, 20.5 ], "rotation": 90, "autoUv": false, "windMode": [-1,-1,-1,-1], "windData": [2,2,2,2] },
														"east": { "texture": "#plume", "uv": [ 27.0, 17.0, 29.5, 19.5 ], "rotation": 90, "autoUv": false, "windMode": [-1,-1,-1,-1], "windData": [2,2,2,2] },
														"south": { "texture": "#plume", "uv": [ 23.0, 19.0, 26.0, 20.5 ], "rotation": 90, "autoUv": false, "windMode": [-1,-1,-1,-1], "windData": [2,2,2,2] },
														"west": { "texture": "#plume", "uv": [ 27.0, 17.0, 29.5, 19.5 ], "rotation": 90, "autoUv": false },
														"up": { "texture": "#plume", "uv": [ 30.0, 17.5, 31.5, 19.0 ], "autoUv": false, "windMode": [-1,-1,-1,-1], "windData": [2,2,2,2] },
														"down": { "texture": "#plume", "uv": [ 30.0, 17.5, 31.5, 19.0 ], "autoUv": false, "windMode": [-1,-1,-1,-1], "windData": [2,2,2,2] }
													}
												},
												{
													"name": "Plume26",
													"from": [ 1.71, 5.03, -1.02 ],
													"to": [ 2.11, 6.53, -0.12 ],
													"unwrapMode": 4,
													"unwrapRotation": 1,
													"autoUnwrap": false,
													"uv": [ 18.5, 22.0 ],
													"rotationOrigin": [ 1.82, 4.43, -1.22 ],
													"rotationX": -10.0,
													"rotationY": -35.0,
													"rotationZ": -63.43,
													"faces": {
														"north": { "texture": "#plume", "uv": [ 23.0, 17.5, 26.5, 19.0 ], "rotation": 90, "autoUv": false, "windMode": [-1,-1,-1,-1], "windData": [2,2,2,2] },
														"east": { "texture": "#plume", "uv": [ 23.0, 16.0, 26.0, 17.0 ], "rotation": 270, "autoUv": false, "windMode": [-1,-1,-1,-1], "windData": [2,2,2,2] },
														"south": { "texture": "#plume", "uv": [ 23.0, 16.0, 26.0, 17.0 ], "rotation": 90, "autoUv": false, "windMode": [-1,-1,-1,-1], "windData": [2,2,2,2] },
														"west": { "texture": "#plume", "uv": [ 23.0, 17.5, 26.5, 19.0 ], "rotation": 90, "autoUv": false, "windMode": [-1,-1,-1,-1], "windData": [2,2,2,2] },
														"up": { "texture": "#plume", "uv": [ 17.0, 20.0, 20.5, 20.5 ], "rotation": 180, "autoUv": false, "windMode": [-1,-1,-1,-1], "windData": [2,2,2,2] },
														"down": { "texture": "#plume", "uv": [ 17.0, 16.0, 20.5, 16.5 ], "rotation": 180, "autoUv": false, "windMode": [-1,-1,-1,-1], "windData": [2,2,2,2] }
													}
												},
												{
													"name": "Plume27",
													"from": [ 0.8, -0.5, -0.9 ],
													"to": [ 1.9, 1.4, 0.5 ],
													"unwrapMode": 4,
													"unwrapRotation": 1,
													"autoUnwrap": false,
													"uv": [ 18.5, 6.0 ],
													"rotationOrigin": [ 0.8044, -0.499, -0.9 ],
													"rotationX": -17.0,
													"rotationY": -36.0,
													"rotationZ": -1.0,
													"faces": {
														"north": { "texture": "#plume", "uv": [ 25.5, 11.0, 29.5, 13.0 ], "rotation": 90, "autoUv": false },
														"east": { "texture": "#plume", "uv": [ 27.5, 8.0, 30.5, 10.5 ], "rotation": 90, "autoUv": false },
														"south": { "texture": "#plume", "uv": [ 25.5, 11.0, 29.5, 13.0 ], "rotation": 90, "autoUv": false },
														"west": { "texture": "#plume", "uv": [ 18.5, 8.0, 21.5, 10.5 ], "rotation": 90, "autoUv": false },
														"up": { "texture": "#plume", "uv": [ 2.5, 8.5, 4.0, 10.0 ], "rotation": 180, "autoUv": false },
														"down": { "texture": "#plume", "uv": [ 18.5, 8.5, 21.0, 10.0 ], "rotation": 180, "autoUv": false }
													}
												}
											]
										}
									]
								}
							]
						},
						{
							"name": "BarretMirddle",
							"from": [ 2.8, -2.0, 2.65 ],
							"to": [ 2.8, -2.0, 2.65 ],
							"uv": [ 0.0, 0.0 ],
							"rotationOrigin": [ 2.8, -2.0, 2.65 ],
							"faces": {
								"north": { "texture": "#plume", "uv": [ 0.0, 0.5, 0.5, 1.0 ] },
								"east": { "texture": "#plume", "uv": [ 0.5, 0.5, 1.0, 1.0 ] },
								"south": { "texture": "#plume", "uv": [ 1.0, 0.5, 1.5, 1.0 ] },
								"west": { "texture": "#plume", "uv": [ 1.5, 0.5, 2.0, 1.0 ] },
								"up": { "texture": "#plume", "uv": [ 0.0, 0.0, 0.5, 0.5 ] },
								"down": { "texture": "#plume", "uv": [ 0.5, 0.0, 1.0, 0.5 ] }
							},
							"children": [
								{
									"name": "Side1",
									"from": [ -6.1, 1.4, -2.05 ],
									"to": [ -3.0, 2.0, 1.95 ],
									"uv": [ 0.0, 21.0 ],
									"rotationOrigin": [ -6.1, 1.4, -2.05 ],
									"rotationZ": -10.0,
									"faces": {
										"north": { "texture": "#plume", "uv": [ 0.0, 25.0, 3.0, 25.5 ] },
										"east": { "texture": "#plume", "uv": [ 3.0, 25.0, 7.0, 25.5 ] },
										"south": { "texture": "#plume", "uv": [ 7.0, 25.0, 10.0, 25.5 ] },
										"west": { "texture": "#plume", "uv": [ 10.0, 25.0, 14.0, 25.5 ] },
										"up": { "texture": "#plume", "uv": [ 0.0, 21.0, 3.0, 25.0 ] },
										"down": { "texture": "#plume", "uv": [ 3.0, 21.0, 6.0, 25.0 ] }
									},
									"children": [
										{
											"name": "Corner2",
											"from": [ 0.8052, 0.0404, 5.05 ],
											"to": [ 3.9052, 0.7404, 8.15 ],
											"uv": [ 16.0, 22.5 ],
											"rotationOrigin": [ 0.8052, 0.0404, 5.0 ],
											"rotationX": -9.8511,
											"rotationY": 44.136,
											"rotationZ": 7.0,
											"faces": {
												"north": { "texture": "#plume", "uv": [ 16.0, 25.5, 19.0, 26.0 ] },
												"east": { "texture": "#plume", "uv": [ 19.0, 25.5, 22.0, 26.0 ] },
												"south": { "texture": "#plume", "uv": [ 22.0, 25.5, 25.0, 26.0 ] },
												"west": { "texture": "#plume", "uv": [ 25.0, 25.5, 28.0, 26.0 ] },
												"up": { "texture": "#plume", "uv": [ 16.0, 22.5, 19.0, 25.5 ] },
												"down": { "texture": "#plume", "uv": [ 19.0, 22.5, 22.0, 25.5 ] }
											}
										},
										{
											"name": "Corner3",
											"from": [ 0.8052, 0.04, 5.0 ],
											"to": [ 3.9052, 0.74, 8.2 ],
											"uv": [ 16.0, 22.5 ],
											"rotationOrigin": [ 0.8052, 0.0404, 5.0 ],
											"rotationX": -9.8511,
											"rotationY": 44.136,
											"rotationZ": 25.0039,
											"faces": {
												"north": { "texture": "#plume", "uv": [ 16.0, 25.5, 19.0, 26.0 ] },
												"east": { "texture": "#plume", "uv": [ 19.0, 25.5, 22.0, 26.0 ] },
												"south": { "texture": "#plume", "uv": [ 22.0, 25.5, 25.0, 26.0 ] },
												"west": { "texture": "#plume", "uv": [ 25.0, 25.5, 28.0, 26.0 ] },
												"up": { "texture": "#plume", "uv": [ 16.0, 22.5, 19.0, 25.5 ] },
												"down": { "texture": "#plume", "uv": [ 19.0, 22.5, 22.0, 25.5 ] }
											},
											"children": [
												{
													"name": "CornerDec1",
													"from": [ -0.14, 0.1928, 0.8287 ],
													"to": [ 1.96, 0.8928, 1.3287 ],
													"uv": [ 18.0, 21.0 ],
													"rotationOrigin": [ -0.1386, 0.1954, 0.8287 ],
													"faces": {
														"north": { "texture": "#plume", "uv": [ 18.0, 21.5, 20.0, 22.0 ] },
														"east": { "texture": "#plume", "uv": [ 20.0, 21.5, 20.5, 22.0 ] },
														"south": { "texture": "#plume", "uv": [ 20.5, 21.5, 22.5, 22.0 ] },
														"west": { "texture": "#plume", "uv": [ 22.5, 21.5, 23.0, 22.0 ] },
														"up": { "texture": "#plume", "uv": [ 18.0, 21.0, 20.0, 21.5 ] },
														"down": { "texture": "#plume", "uv": [ 20.0, 21.0, 22.0, 21.5 ] }
													},
													"children": [
														{
															"name": "CornerDec2",
															"from": [ 0.0091, 0.0217, 0.9947 ],
															"to": [ 2.1091, 0.7217, 1.4947 ],
															"uv": [ 19.0, 21.0 ],
															"rotationOrigin": [ 0.0096, 0.0243, 0.9947 ],
															"faces": {
																"north": { "texture": "#plume", "uv": [ 19.0, 21.5, 21.0, 22.0 ] },
																"east": { "texture": "#plume", "uv": [ 21.0, 21.5, 21.5, 22.0 ] },
																"south": { "texture": "#plume", "uv": [ 21.5, 21.5, 23.5, 22.0 ] },
																"west": { "texture": "#plume", "uv": [ 23.5, 21.5, 24.0, 22.0 ] },
																"up": { "texture": "#plume", "uv": [ 19.0, 21.0, 21.0, 21.5 ] },
																"down": { "texture": "#plume", "uv": [ 21.0, 21.0, 23.0, 21.5 ] }
															}
														}
													]
												},
												{
													"name": "CornerDec9",
													"from": [ -0.34, -0.01, 0.84 ],
													"to": [ 1.76, 0.69, 1.32 ],
													"uv": [ 17.0, 21.0 ],
													"rotationOrigin": [ -0.3386, -0.0046, 0.8287 ],
													"rotationZ": -25.0,
													"faces": {
														"north": { "texture": "#plume", "uv": [ 17.0, 21.5, 19.0, 22.0 ] },
														"east": { "texture": "#plume", "uv": [ 19.0, 21.5, 19.5, 22.0 ] },
														"south": { "texture": "#plume", "uv": [ 19.5, 21.5, 21.5, 22.0 ] },
														"west": { "texture": "#plume", "uv": [ 21.5, 21.5, 22.0, 22.0 ] },
														"up": { "texture": "#plume", "uv": [ 17.0, 21.0, 19.0, 21.5 ] },
														"down": { "texture": "#plume", "uv": [ 19.0, 21.0, 21.0, 21.5 ] }
													},
													"children": [
														{
															"name": "CornerDec10",
															"from": [ 0.0091, 0.0217, 1.0 ],
															"to": [ 2.1091, 0.7217, 1.48 ],
															"uv": [ 18.0, 21.0 ],
															"rotationOrigin": [ 0.0096, 0.0243, 0.9947 ],
															"faces": {
																"north": { "texture": "#plume", "uv": [ 18.0, 21.5, 20.0, 22.0 ] },
																"east": { "texture": "#plume", "uv": [ 20.0, 21.5, 20.5, 22.0 ] },
																"south": { "texture": "#plume", "uv": [ 20.5, 21.5, 22.5, 22.0 ] },
																"west": { "texture": "#plume", "uv": [ 22.5, 21.5, 23.0, 22.0 ] },
																"up": { "texture": "#plume", "uv": [ 18.0, 21.0, 20.0, 21.5 ] },
																"down": { "texture": "#plume", "uv": [ 20.0, 21.0, 22.0, 21.5 ] }
															}
														}
													]
												}
											]
										},
										{
											"name": "Side2",
											"from": [ 0.0, 0.1, 0.05 ],
											"to": [ 3.1, 0.8, 4.05 ],
											"uv": [ 0.0, 21.0 ],
											"rotationOrigin": [ 0.0, 0.1, 0.0 ],
											"rotationZ": 20.0,
											"faces": {
												"north": { "texture": "#plume", "uv": [ 0.0, 25.0, 3.0, 25.5 ] },
												"east": { "texture": "#plume", "uv": [ 3.0, 25.0, 7.0, 25.5 ] },
												"south": { "texture": "#plume", "uv": [ 7.0, 25.0, 10.0, 25.5 ] },
												"west": { "texture": "#plume", "uv": [ 10.0, 25.0, 14.0, 25.5 ] },
												"up": { "texture": "#plume", "uv": [ 0.0, 21.0, 3.0, 25.0 ] },
												"down": { "texture": "#plume", "uv": [ 3.0, 21.0, 6.0, 25.0 ] }
											},
											"children": [
												{
													"name": "SideDec",
													"from": [ -0.2, 0.2, 1.8 ],
													"to": [ 2.6, 0.9, 2.3 ],
													"uv": [ 16.0, 21.0 ],
													"rotationOrigin": [ -0.2, 0.2, 1.8 ],
													"faces": {
														"north": { "texture": "#plume", "uv": [ 16.0, 21.5, 18.5, 22.0 ] },
														"east": { "texture": "#plume", "uv": [ 18.5, 21.5, 19.0, 22.0 ] },
														"south": { "texture": "#plume", "uv": [ 19.0, 21.5, 21.5, 22.0 ] },
														"west": { "texture": "#plume", "uv": [ 21.5, 21.5, 22.0, 22.0 ] },
														"up": { "texture": "#plume", "uv": [ 16.0, 21.0, 18.5, 21.5 ] },
														"down": { "texture": "#plume", "uv": [ 18.5, 21.0, 21.0, 21.5 ] }
													},
													"children": [
														{
															"name": "SideDec2",
															"from": [ 0.2, 0.0, 1.0 ],
															"to": [ 2.2, 0.7, 1.5 ],
															"uv": [ 17.0, 21.0 ],
															"rotationOrigin": [ 0.2, 0.0, 1.0 ],
															"rotationY": -15.0,
															"faces": {
																"north": { "texture": "#plume", "uv": [ 17.0, 21.5, 19.0, 22.0 ] },
																"east": { "texture": "#plume", "uv": [ 19.0, 21.5, 19.5, 22.0 ] },
																"south": { "texture": "#plume", "uv": [ 19.5, 21.5, 21.5, 22.0 ] },
																"west": { "texture": "#plume", "uv": [ 21.5, 21.5, 22.0, 22.0 ] },
																"up": { "texture": "#plume", "uv": [ 17.0, 21.0, 19.0, 21.5 ] },
																"down": { "texture": "#plume", "uv": [ 19.0, 21.0, 21.0, 21.5 ] }
															}
														},
														{
															"name": "SideDec3",
															"from": [ 0.0, 0.0, -1.0 ],
															"to": [ 2.0, 0.7, -0.5 ],
															"uv": [ 17.0, 21.0 ],
															"rotationOrigin": [ 0.0, 0.0, -1.0 ],
															"rotationY": 17.0,
															"faces": {
																"north": { "texture": "#plume", "uv": [ 17.0, 21.5, 19.0, 22.0 ] },
																"east": { "texture": "#plume", "uv": [ 19.0, 21.5, 19.5, 22.0 ] },
																"south": { "texture": "#plume", "uv": [ 19.5, 21.5, 21.5, 22.0 ] },
																"west": { "texture": "#plume", "uv": [ 21.5, 21.5, 22.0, 22.0 ] },
																"up": { "texture": "#plume", "uv": [ 17.0, 21.0, 19.0, 21.5 ] },
																"down": { "texture": "#plume", "uv": [ 19.0, 21.0, 21.0, 21.5 ] }
															}
														}
													]
												},
												{
													"name": "SideDec13",
													"from": [ -0.4, -0.1, 1.8 ],
													"to": [ 2.4, 0.6, 2.3 ],
													"uv": [ 16.0, 21.0 ],
													"rotationOrigin": [ -0.4, -0.1, 1.8 ],
													"rotationZ": -26.0,
													"faces": {
														"north": { "texture": "#plume", "uv": [ 16.0, 21.5, 18.5, 22.0 ] },
														"east": { "texture": "#plume", "uv": [ 18.5, 21.5, 19.0, 22.0 ] },
														"south": { "texture": "#plume", "uv": [ 19.0, 21.5, 21.5, 22.0 ] },
														"west": { "texture": "#plume", "uv": [ 21.5, 21.5, 22.0, 22.0 ] },
														"up": { "texture": "#plume", "uv": [ 16.0, 21.0, 18.5, 21.5 ] },
														"down": { "texture": "#plume", "uv": [ 18.5, 21.0, 21.0, 21.5 ] }
													},
													"children": [
														{
															"name": "SideDec14",
															"from": [ 0.2, 0.0, 1.0 ],
															"to": [ 2.2, 0.7, 1.5 ],
															"uv": [ 17.0, 21.0 ],
															"rotationOrigin": [ 0.2, 0.0, 1.0 ],
															"rotationY": -15.0,
															"faces": {
																"north": { "texture": "#plume", "uv": [ 17.0, 21.5, 19.0, 22.0 ] },
																"east": { "texture": "#plume", "uv": [ 19.0, 21.5, 19.5, 22.0 ] },
																"south": { "texture": "#plume", "uv": [ 19.5, 21.5, 21.5, 22.0 ] },
																"west": { "texture": "#plume", "uv": [ 21.5, 21.5, 22.0, 22.0 ] },
																"up": { "texture": "#plume", "uv": [ 17.0, 21.0, 19.0, 21.5 ] },
																"down": { "texture": "#plume", "uv": [ 19.0, 21.0, 21.0, 21.5 ] }
															}
														},
														{
															"name": "SideDec15",
															"from": [ 0.05, 0.0, -1.0 ],
															"to": [ 2.05, 0.7, -0.5 ],
															"uv": [ 17.0, 21.0 ],
															"rotationOrigin": [ 0.0, 0.0, -1.0 ],
															"rotationY": 17.0,
															"faces": {
																"north": { "texture": "#plume", "uv": [ 17.0, 21.5, 19.0, 22.0 ] },
																"east": { "texture": "#plume", "uv": [ 19.0, 21.5, 19.5, 22.0 ] },
																"south": { "texture": "#plume", "uv": [ 19.5, 21.5, 21.5, 22.0 ] },
																"west": { "texture": "#plume", "uv": [ 21.5, 21.5, 22.0, 22.0 ] },
																"up": { "texture": "#plume", "uv": [ 17.0, 21.0, 19.0, 21.5 ] },
																"down": { "texture": "#plume", "uv": [ 19.0, 21.0, 21.0, 21.5 ] }
															}
														}
													]
												}
											]
										}
									]
								}
							]
						},
						{
							"name": "BarretMirddle2",
							"from": [ 2.8, -2.0, 2.65 ],
							"to": [ 2.8, -2.0, 2.65 ],
							"uv": [ 0.0, 0.0 ],
							"rotationOrigin": [ 2.8, -2.0, 2.65 ],
							"rotationY": 90.0,
							"faces": {
								"north": { "texture": "#plume", "uv": [ 0.0, 0.5, 0.5, 1.0 ] },
								"east": { "texture": "#plume", "uv": [ 0.5, 0.5, 1.0, 1.0 ] },
								"south": { "texture": "#plume", "uv": [ 1.0, 0.5, 1.5, 1.0 ] },
								"west": { "texture": "#plume", "uv": [ 1.5, 0.5, 2.0, 1.0 ] },
								"up": { "texture": "#plume", "uv": [ 0.0, 0.0, 0.5, 0.5 ] },
								"down": { "texture": "#plume", "uv": [ 0.5, 0.0, 1.0, 0.5 ] }
							},
							"children": [
								{
									"name": "Side3",
									"from": [ -6.1, 1.4, -2.05 ],
									"to": [ -3.0, 2.0, 1.95 ],
									"uv": [ 0.0, 21.0 ],
									"rotationOrigin": [ -6.1, 1.4, -2.05 ],
									"rotationZ": -10.0,
									"faces": {
										"north": { "texture": "#plume", "uv": [ 0.0, 25.0, 3.0, 25.5 ] },
										"east": { "texture": "#plume", "uv": [ 3.0, 25.0, 7.0, 25.5 ] },
										"south": { "texture": "#plume", "uv": [ 7.0, 25.0, 10.0, 25.5 ] },
										"west": { "texture": "#plume", "uv": [ 10.0, 25.0, 14.0, 25.5 ] },
										"up": { "texture": "#plume", "uv": [ 0.0, 21.0, 3.0, 25.0 ] },
										"down": { "texture": "#plume", "uv": [ 3.0, 21.0, 6.0, 25.0 ] }
									},
									"children": [
										{
											"name": "Corner4",
											"from": [ 0.8052, 0.0404, 5.05 ],
											"to": [ 3.9052, 0.7404, 8.15 ],
											"uv": [ 16.0, 22.5 ],
											"rotationOrigin": [ 0.8052, 0.0404, 5.0 ],
											"rotationX": -9.8511,
											"rotationY": 44.136,
											"rotationZ": 7.0,
											"faces": {
												"north": { "texture": "#plume", "uv": [ 16.0, 25.5, 19.0, 26.0 ] },
												"east": { "texture": "#plume", "uv": [ 19.0, 25.5, 22.0, 26.0 ] },
												"south": { "texture": "#plume", "uv": [ 22.0, 25.5, 25.0, 26.0 ] },
												"west": { "texture": "#plume", "uv": [ 25.0, 25.5, 28.0, 26.0 ] },
												"up": { "texture": "#plume", "uv": [ 16.0, 22.5, 19.0, 25.5 ] },
												"down": { "texture": "#plume", "uv": [ 19.0, 22.5, 22.0, 25.5 ] }
											}
										},
										{
											"name": "Corner5",
											"from": [ 0.8052, 0.04, 5.0 ],
											"to": [ 3.9052, 0.74, 8.2 ],
											"uv": [ 16.0, 22.5 ],
											"rotationOrigin": [ 0.8052, 0.0404, 5.0 ],
											"rotationX": -9.8511,
											"rotationY": 44.136,
											"rotationZ": 25.0039,
											"faces": {
												"north": { "texture": "#plume", "uv": [ 16.0, 25.5, 19.0, 26.0 ] },
												"east": { "texture": "#plume", "uv": [ 19.0, 25.5, 22.0, 26.0 ] },
												"south": { "texture": "#plume", "uv": [ 22.0, 25.5, 25.0, 26.0 ] },
												"west": { "texture": "#plume", "uv": [ 25.0, 25.5, 28.0, 26.0 ] },
												"up": { "texture": "#plume", "uv": [ 16.0, 22.5, 19.0, 25.5 ] },
												"down": { "texture": "#plume", "uv": [ 19.0, 22.5, 22.0, 25.5 ] }
											},
											"children": [
												{
													"name": "CornerDec3",
													"from": [ -0.14, 0.1928, 0.8287 ],
													"to": [ 1.96, 0.8928, 1.3287 ],
													"uv": [ 18.0, 21.0 ],
													"rotationOrigin": [ -0.1386, 0.1954, 0.8287 ],
													"faces": {
														"north": { "texture": "#plume", "uv": [ 18.0, 21.5, 20.0, 22.0 ] },
														"east": { "texture": "#plume", "uv": [ 20.0, 21.5, 20.5, 22.0 ] },
														"south": { "texture": "#plume", "uv": [ 20.5, 21.5, 22.5, 22.0 ] },
														"west": { "texture": "#plume", "uv": [ 22.5, 21.5, 23.0, 22.0 ] },
														"up": { "texture": "#plume", "uv": [ 18.0, 21.0, 20.0, 21.5 ] },
														"down": { "texture": "#plume", "uv": [ 20.0, 21.0, 22.0, 21.5 ] }
													},
													"children": [
														{
															"name": "CornerDec4",
															"from": [ 0.0091, 0.0217, 0.9947 ],
															"to": [ 2.1091, 0.7217, 1.4947 ],
															"uv": [ 19.0, 21.0 ],
															"rotationOrigin": [ 0.0096, 0.0243, 0.9947 ],
															"faces": {
																"north": { "texture": "#plume", "uv": [ 19.0, 21.5, 21.0, 22.0 ] },
																"east": { "texture": "#plume", "uv": [ 21.0, 21.5, 21.5, 22.0 ] },
																"south": { "texture": "#plume", "uv": [ 21.5, 21.5, 23.5, 22.0 ] },
																"west": { "texture": "#plume", "uv": [ 23.5, 21.5, 24.0, 22.0 ] },
																"up": { "texture": "#plume", "uv": [ 19.0, 21.0, 21.0, 21.5 ] },
																"down": { "texture": "#plume", "uv": [ 21.0, 21.0, 23.0, 21.5 ] }
															}
														}
													]
												},
												{
													"name": "CornerDec11",
													"from": [ -0.34, -0.01, 0.84 ],
													"to": [ 1.76, 0.69, 1.32 ],
													"uv": [ 17.0, 21.0 ],
													"rotationOrigin": [ -0.3386, -0.0046, 0.8287 ],
													"rotationZ": -25.0,
													"faces": {
														"north": { "texture": "#plume", "uv": [ 17.0, 21.5, 19.0, 22.0 ] },
														"east": { "texture": "#plume", "uv": [ 19.0, 21.5, 19.5, 22.0 ] },
														"south": { "texture": "#plume", "uv": [ 19.5, 21.5, 21.5, 22.0 ] },
														"west": { "texture": "#plume", "uv": [ 21.5, 21.5, 22.0, 22.0 ] },
														"up": { "texture": "#plume", "uv": [ 17.0, 21.0, 19.0, 21.5 ] },
														"down": { "texture": "#plume", "uv": [ 19.0, 21.0, 21.0, 21.5 ] }
													},
													"children": [
														{
															"name": "CornerDec12",
															"from": [ 0.0091, 0.0217, 1.0 ],
															"to": [ 2.1091, 0.7217, 1.48 ],
															"uv": [ 18.0, 21.0 ],
															"rotationOrigin": [ 0.0096, 0.0243, 0.9947 ],
															"faces": {
																"north": { "texture": "#plume", "uv": [ 18.0, 21.5, 20.0, 22.0 ] },
																"east": { "texture": "#plume", "uv": [ 20.0, 21.5, 20.5, 22.0 ] },
																"south": { "texture": "#plume", "uv": [ 20.5, 21.5, 22.5, 22.0 ] },
																"west": { "texture": "#plume", "uv": [ 22.5, 21.5, 23.0, 22.0 ] },
																"up": { "texture": "#plume", "uv": [ 18.0, 21.0, 20.0, 21.5 ] },
																"down": { "texture": "#plume", "uv": [ 20.0, 21.0, 22.0, 21.5 ] }
															}
														}
													]
												}
											]
										},
										{
											"name": "Side4",
											"from": [ 0.0, 0.1, 0.05 ],
											"to": [ 3.1, 0.8, 4.05 ],
											"uv": [ 0.0, 21.0 ],
											"rotationOrigin": [ 0.0, 0.1, 0.0 ],
											"rotationZ": 20.0,
											"faces": {
												"north": { "texture": "#plume", "uv": [ 0.0, 25.0, 3.0, 25.5 ] },
												"east": { "texture": "#plume", "uv": [ 3.0, 25.0, 7.0, 25.5 ] },
												"south": { "texture": "#plume", "uv": [ 7.0, 25.0, 10.0, 25.5 ] },
												"west": { "texture": "#plume", "uv": [ 10.0, 25.0, 14.0, 25.5 ] },
												"up": { "texture": "#plume", "uv": [ 0.0, 21.0, 3.0, 25.0 ] },
												"down": { "texture": "#plume", "uv": [ 3.0, 21.0, 6.0, 25.0 ] }
											},
											"children": [
												{
													"name": "SideDec4",
													"from": [ -0.2, 0.2, 1.8 ],
													"to": [ 2.6, 0.9, 2.3 ],
													"uv": [ 16.0, 21.0 ],
													"rotationOrigin": [ -0.2, 0.2, 1.8 ],
													"faces": {
														"north": { "texture": "#plume", "uv": [ 16.0, 21.5, 18.5, 22.0 ] },
														"east": { "texture": "#plume", "uv": [ 18.5, 21.5, 19.0, 22.0 ] },
														"south": { "texture": "#plume", "uv": [ 19.0, 21.5, 21.5, 22.0 ] },
														"west": { "texture": "#plume", "uv": [ 21.5, 21.5, 22.0, 22.0 ] },
														"up": { "texture": "#plume", "uv": [ 16.0, 21.0, 18.5, 21.5 ] },
														"down": { "texture": "#plume", "uv": [ 18.5, 21.0, 21.0, 21.5 ] }
													},
													"children": [
														{
															"name": "SideDec5",
															"from": [ 0.2, 0.0, 1.0 ],
															"to": [ 2.2, 0.7, 1.5 ],
															"uv": [ 17.0, 21.0 ],
															"rotationOrigin": [ 0.2, 0.0, 1.0 ],
															"rotationY": -15.0,
															"faces": {
																"north": { "texture": "#plume", "uv": [ 17.0, 21.5, 19.0, 22.0 ] },
																"east": { "texture": "#plume", "uv": [ 19.0, 21.5, 19.5, 22.0 ] },
																"south": { "texture": "#plume", "uv": [ 19.5, 21.5, 21.5, 22.0 ] },
																"west": { "texture": "#plume", "uv": [ 21.5, 21.5, 22.0, 22.0 ] },
																"up": { "texture": "#plume", "uv": [ 17.0, 21.0, 19.0, 21.5 ] },
																"down": { "texture": "#plume", "uv": [ 19.0, 21.0, 21.0, 21.5 ] }
															}
														},
														{
															"name": "SideDec6",
															"from": [ 0.0, 0.0, -1.0 ],
															"to": [ 2.0, 0.7, -0.5 ],
															"uv": [ 17.0, 21.0 ],
															"rotationOrigin": [ 0.0, 0.0, -1.0 ],
															"rotationY": 17.0,
															"faces": {
																"north": { "texture": "#plume", "uv": [ 17.0, 21.5, 19.0, 22.0 ] },
																"east": { "texture": "#plume", "uv": [ 19.0, 21.5, 19.5, 22.0 ] },
																"south": { "texture": "#plume", "uv": [ 19.5, 21.5, 21.5, 22.0 ] },
																"west": { "texture": "#plume", "uv": [ 21.5, 21.5, 22.0, 22.0 ] },
																"up": { "texture": "#plume", "uv": [ 17.0, 21.0, 19.0, 21.5 ] },
																"down": { "texture": "#plume", "uv": [ 19.0, 21.0, 21.0, 21.5 ] }
															}
														}
													]
												},
												{
													"name": "SideDec16",
													"from": [ -0.4, -0.1, 1.8 ],
													"to": [ 2.4, 0.6, 2.3 ],
													"uv": [ 16.0, 21.0 ],
													"rotationOrigin": [ -0.4, -0.1, 1.8 ],
													"rotationZ": -26.0,
													"faces": {
														"north": { "texture": "#plume", "uv": [ 16.0, 21.5, 18.5, 22.0 ] },
														"east": { "texture": "#plume", "uv": [ 18.5, 21.5, 19.0, 22.0 ] },
														"south": { "texture": "#plume", "uv": [ 19.0, 21.5, 21.5, 22.0 ] },
														"west": { "texture": "#plume", "uv": [ 21.5, 21.5, 22.0, 22.0 ] },
														"up": { "texture": "#plume", "uv": [ 16.0, 21.0, 18.5, 21.5 ] },
														"down": { "texture": "#plume", "uv": [ 18.5, 21.0, 21.0, 21.5 ] }
													},
													"children": [
														{
															"name": "SideDec17",
															"from": [ 0.2, 0.0, 1.0 ],
															"to": [ 2.2, 0.7, 1.5 ],
															"uv": [ 17.0, 21.0 ],
															"rotationOrigin": [ 0.2, 0.0, 1.0 ],
															"rotationY": -15.0,
															"faces": {
																"north": { "texture": "#plume", "uv": [ 17.0, 21.5, 19.0, 22.0 ] },
																"east": { "texture": "#plume", "uv": [ 19.0, 21.5, 19.5, 22.0 ] },
																"south": { "texture": "#plume", "uv": [ 19.5, 21.5, 21.5, 22.0 ] },
																"west": { "texture": "#plume", "uv": [ 21.5, 21.5, 22.0, 22.0 ] },
																"up": { "texture": "#plume", "uv": [ 17.0, 21.0, 19.0, 21.5 ] },
																"down": { "texture": "#plume", "uv": [ 19.0, 21.0, 21.0, 21.5 ] }
															}
														},
														{
															"name": "SideDec18",
															"from": [ 0.05, 0.0, -1.0 ],
															"to": [ 2.05, 0.7, -0.5 ],
															"uv": [ 17.0, 21.0 ],
															"rotationOrigin": [ 0.0, 0.0, -1.0 ],
															"rotationY": 17.0,
															"faces": {
																"north": { "texture": "#plume", "uv": [ 17.0, 21.5, 19.0, 22.0 ] },
																"east": { "texture": "#plume", "uv": [ 19.0, 21.5, 19.5, 22.0 ] },
																"south": { "texture": "#plume", "uv": [ 19.5, 21.5, 21.5, 22.0 ] },
																"west": { "texture": "#plume", "uv": [ 21.5, 21.5, 22.0, 22.0 ] },
																"up": { "texture": "#plume", "uv": [ 17.0, 21.0, 19.0, 21.5 ] },
																"down": { "texture": "#plume", "uv": [ 19.0, 21.0, 21.0, 21.5 ] }
															}
														}
													]
												}
											]
										}
									]
								}
							]
						},
						{
							"name": "BarretMirddle3",
							"from": [ 2.8, -2.0, 2.65 ],
							"to": [ 2.8, -2.0, 2.65 ],
							"uv": [ 0.0, 0.0 ],
							"rotationOrigin": [ 2.8, -2.0, 2.65 ],
							"rotationY": 180.0,
							"faces": {
								"north": { "texture": "#plume", "uv": [ 0.0, 0.5, 0.5, 1.0 ] },
								"east": { "texture": "#plume", "uv": [ 0.5, 0.5, 1.0, 1.0 ] },
								"south": { "texture": "#plume", "uv": [ 1.0, 0.5, 1.5, 1.0 ] },
								"west": { "texture": "#plume", "uv": [ 1.5, 0.5, 2.0, 1.0 ] },
								"up": { "texture": "#plume", "uv": [ 0.0, 0.0, 0.5, 0.5 ] },
								"down": { "texture": "#plume", "uv": [ 0.5, 0.0, 1.0, 0.5 ] }
							},
							"children": [
								{
									"name": "Side5",
									"from": [ -6.1, 1.4, -2.05 ],
									"to": [ -3.0, 2.0, 1.95 ],
									"uv": [ 0.0, 21.0 ],
									"rotationOrigin": [ -6.1, 1.4, -2.05 ],
									"rotationZ": -10.0,
									"faces": {
										"north": { "texture": "#plume", "uv": [ 0.0, 25.0, 3.0, 25.5 ] },
										"east": { "texture": "#plume", "uv": [ 3.0, 25.0, 7.0, 25.5 ] },
										"south": { "texture": "#plume", "uv": [ 7.0, 25.0, 10.0, 25.5 ] },
										"west": { "texture": "#plume", "uv": [ 10.0, 25.0, 14.0, 25.5 ] },
										"up": { "texture": "#plume", "uv": [ 0.0, 21.0, 3.0, 25.0 ] },
										"down": { "texture": "#plume", "uv": [ 3.0, 21.0, 6.0, 25.0 ] }
									},
									"children": [
										{
											"name": "Corner6",
											"from": [ 0.8052, 0.0404, 5.05 ],
											"to": [ 3.9052, 0.7404, 8.15 ],
											"uv": [ 16.0, 22.5 ],
											"rotationOrigin": [ 0.8052, 0.0404, 5.0 ],
											"rotationX": -9.8511,
											"rotationY": 44.136,
											"rotationZ": 7.0,
											"faces": {
												"north": { "texture": "#plume", "uv": [ 16.0, 25.5, 19.0, 26.0 ] },
												"east": { "texture": "#plume", "uv": [ 19.0, 25.5, 22.0, 26.0 ] },
												"south": { "texture": "#plume", "uv": [ 22.0, 25.5, 25.0, 26.0 ] },
												"west": { "texture": "#plume", "uv": [ 25.0, 25.5, 28.0, 26.0 ] },
												"up": { "texture": "#plume", "uv": [ 16.0, 22.5, 19.0, 25.5 ] },
												"down": { "texture": "#plume", "uv": [ 19.0, 22.5, 22.0, 25.5 ] }
											}
										},
										{
											"name": "Corner7",
											"from": [ 0.8052, 0.04, 5.0 ],
											"to": [ 3.9052, 0.74, 8.2 ],
											"uv": [ 16.0, 22.5 ],
											"rotationOrigin": [ 0.8052, 0.0404, 5.0 ],
											"rotationX": -9.8511,
											"rotationY": 44.136,
											"rotationZ": 25.0039,
											"faces": {
												"north": { "texture": "#plume", "uv": [ 16.0, 25.5, 19.0, 26.0 ] },
												"east": { "texture": "#plume", "uv": [ 19.0, 25.5, 22.0, 26.0 ] },
												"south": { "texture": "#plume", "uv": [ 22.0, 25.5, 25.0, 26.0 ] },
												"west": { "texture": "#plume", "uv": [ 25.0, 25.5, 28.0, 26.0 ] },
												"up": { "texture": "#plume", "uv": [ 16.0, 22.5, 19.0, 25.5 ] },
												"down": { "texture": "#plume", "uv": [ 19.0, 22.5, 22.0, 25.5 ] }
											},
											"children": [
												{
													"name": "CornerDec5",
													"from": [ -0.14, 0.1928, 0.8287 ],
													"to": [ 1.96, 0.8928, 1.3287 ],
													"uv": [ 18.0, 21.0 ],
													"rotationOrigin": [ -0.1386, 0.1954, 0.8287 ],
													"faces": {
														"north": { "texture": "#plume", "uv": [ 18.0, 21.5, 20.0, 22.0 ] },
														"east": { "texture": "#plume", "uv": [ 20.0, 21.5, 20.5, 22.0 ] },
														"south": { "texture": "#plume", "uv": [ 20.5, 21.5, 22.5, 22.0 ] },
														"west": { "texture": "#plume", "uv": [ 22.5, 21.5, 23.0, 22.0 ] },
														"up": { "texture": "#plume", "uv": [ 18.0, 21.0, 20.0, 21.5 ] },
														"down": { "texture": "#plume", "uv": [ 20.0, 21.0, 22.0, 21.5 ] }
													},
													"children": [
														{
															"name": "CornerDec6",
															"from": [ 0.0091, 0.0217, 0.9947 ],
															"to": [ 2.1091, 0.7217, 1.4947 ],
															"uv": [ 19.0, 21.0 ],
															"rotationOrigin": [ 0.0096, 0.0243, 0.9947 ],
															"faces": {
																"north": { "texture": "#plume", "uv": [ 19.0, 21.5, 21.0, 22.0 ] },
																"east": { "texture": "#plume", "uv": [ 21.0, 21.5, 21.5, 22.0 ] },
																"south": { "texture": "#plume", "uv": [ 21.5, 21.5, 23.5, 22.0 ] },
																"west": { "texture": "#plume", "uv": [ 23.5, 21.5, 24.0, 22.0 ] },
																"up": { "texture": "#plume", "uv": [ 19.0, 21.0, 21.0, 21.5 ] },
																"down": { "texture": "#plume", "uv": [ 21.0, 21.0, 23.0, 21.5 ] }
															}
														}
													]
												},
												{
													"name": "CornerDec13",
													"from": [ -0.34, -0.01, 0.84 ],
													"to": [ 1.76, 0.69, 1.32 ],
													"uv": [ 17.0, 21.0 ],
													"rotationOrigin": [ -0.3386, -0.0046, 0.8287 ],
													"rotationZ": -25.0,
													"faces": {
														"north": { "texture": "#plume", "uv": [ 17.0, 21.5, 19.0, 22.0 ] },
														"east": { "texture": "#plume", "uv": [ 19.0, 21.5, 19.5, 22.0 ] },
														"south": { "texture": "#plume", "uv": [ 19.5, 21.5, 21.5, 22.0 ] },
														"west": { "texture": "#plume", "uv": [ 21.5, 21.5, 22.0, 22.0 ] },
														"up": { "texture": "#plume", "uv": [ 17.0, 21.0, 19.0, 21.5 ] },
														"down": { "texture": "#plume", "uv": [ 19.0, 21.0, 21.0, 21.5 ] }
													},
													"children": [
														{
															"name": "CornerDec14",
															"from": [ 0.0091, 0.0217, 1.0 ],
															"to": [ 2.1091, 0.7217, 1.48 ],
															"uv": [ 18.0, 21.0 ],
															"rotationOrigin": [ 0.0096, 0.0243, 0.9947 ],
															"faces": {
																"north": { "texture": "#plume", "uv": [ 18.0, 21.5, 20.0, 22.0 ] },
																"east": { "texture": "#plume", "uv": [ 20.0, 21.5, 20.5, 22.0 ] },
																"south": { "texture": "#plume", "uv": [ 20.5, 21.5, 22.5, 22.0 ] },
																"west": { "texture": "#plume", "uv": [ 22.5, 21.5, 23.0, 22.0 ] },
																"up": { "texture": "#plume", "uv": [ 18.0, 21.0, 20.0, 21.5 ] },
																"down": { "texture": "#plume", "uv": [ 20.0, 21.0, 22.0, 21.5 ] }
															}
														}
													]
												}
											]
										},
										{
											"name": "Side6",
											"from": [ 0.0, 0.1, 0.05 ],
											"to": [ 3.1, 0.8, 4.05 ],
											"uv": [ 0.0, 21.0 ],
											"rotationOrigin": [ 0.0, 0.1, 0.0 ],
											"rotationZ": 20.0,
											"faces": {
												"north": { "texture": "#plume", "uv": [ 0.0, 25.0, 3.0, 25.5 ] },
												"east": { "texture": "#plume", "uv": [ 3.0, 25.0, 7.0, 25.5 ] },
												"south": { "texture": "#plume", "uv": [ 7.0, 25.0, 10.0, 25.5 ] },
												"west": { "texture": "#plume", "uv": [ 10.0, 25.0, 14.0, 25.5 ] },
												"up": { "texture": "#plume", "uv": [ 0.0, 21.0, 3.0, 25.0 ] },
												"down": { "texture": "#plume", "uv": [ 3.0, 21.0, 6.0, 25.0 ] }
											},
											"children": [
												{
													"name": "SideDec7",
													"from": [ -0.2, 0.2, 1.8 ],
													"to": [ 2.6, 0.9, 2.3 ],
													"uv": [ 16.0, 21.0 ],
													"rotationOrigin": [ -0.2, 0.2, 1.8 ],
													"faces": {
														"north": { "texture": "#plume", "uv": [ 16.0, 21.5, 18.5, 22.0 ] },
														"east": { "texture": "#plume", "uv": [ 18.5, 21.5, 19.0, 22.0 ] },
														"south": { "texture": "#plume", "uv": [ 19.0, 21.5, 21.5, 22.0 ] },
														"west": { "texture": "#plume", "uv": [ 21.5, 21.5, 22.0, 22.0 ] },
														"up": { "texture": "#plume", "uv": [ 16.0, 21.0, 18.5, 21.5 ] },
														"down": { "texture": "#plume", "uv": [ 18.5, 21.0, 21.0, 21.5 ] }
													},
													"children": [
														{
															"name": "SideDec8",
															"from": [ 0.2, 0.0, 1.0 ],
															"to": [ 2.2, 0.7, 1.5 ],
															"uv": [ 17.0, 21.0 ],
															"rotationOrigin": [ 0.2, 0.0, 1.0 ],
															"rotationY": -15.0,
															"faces": {
																"north": { "texture": "#plume", "uv": [ 17.0, 21.5, 19.0, 22.0 ] },
																"east": { "texture": "#plume", "uv": [ 19.0, 21.5, 19.5, 22.0 ] },
																"south": { "texture": "#plume", "uv": [ 19.5, 21.5, 21.5, 22.0 ] },
																"west": { "texture": "#plume", "uv": [ 21.5, 21.5, 22.0, 22.0 ] },
																"up": { "texture": "#plume", "uv": [ 17.0, 21.0, 19.0, 21.5 ] },
																"down": { "texture": "#plume", "uv": [ 19.0, 21.0, 21.0, 21.5 ] }
															}
														},
														{
															"name": "SideDec9",
															"from": [ 0.0, 0.0, -1.0 ],
															"to": [ 2.0, 0.7, -0.5 ],
															"uv": [ 17.0, 21.0 ],
															"rotationOrigin": [ 0.0, 0.0, -1.0 ],
															"rotationY": 17.0,
															"faces": {
																"north": { "texture": "#plume", "uv": [ 17.0, 21.5, 19.0, 22.0 ] },
																"east": { "texture": "#plume", "uv": [ 19.0, 21.5, 19.5, 22.0 ] },
																"south": { "texture": "#plume", "uv": [ 19.5, 21.5, 21.5, 22.0 ] },
																"west": { "texture": "#plume", "uv": [ 21.5, 21.5, 22.0, 22.0 ] },
																"up": { "texture": "#plume", "uv": [ 17.0, 21.0, 19.0, 21.5 ] },
																"down": { "texture": "#plume", "uv": [ 19.0, 21.0, 21.0, 21.5 ] }
															}
														}
													]
												},
												{
													"name": "SideDec19",
													"from": [ -0.4, -0.1, 1.8 ],
													"to": [ 2.4, 0.6, 2.3 ],
													"uv": [ 16.0, 21.0 ],
													"rotationOrigin": [ -0.4, -0.1, 1.8 ],
													"rotationZ": -26.0,
													"faces": {
														"north": { "texture": "#plume", "uv": [ 16.0, 21.5, 18.5, 22.0 ] },
														"east": { "texture": "#plume", "uv": [ 18.5, 21.5, 19.0, 22.0 ] },
														"south": { "texture": "#plume", "uv": [ 19.0, 21.5, 21.5, 22.0 ] },
														"west": { "texture": "#plume", "uv": [ 21.5, 21.5, 22.0, 22.0 ] },
														"up": { "texture": "#plume", "uv": [ 16.0, 21.0, 18.5, 21.5 ] },
														"down": { "texture": "#plume", "uv": [ 18.5, 21.0, 21.0, 21.5 ] }
													},
													"children": [
														{
															"name": "SideDec20",
															"from": [ 0.2, 0.0, 1.0 ],
															"to": [ 2.2, 0.7, 1.5 ],
															"uv": [ 17.0, 21.0 ],
															"rotationOrigin": [ 0.2, 0.0, 1.0 ],
															"rotationY": -15.0,
															"faces": {
																"north": { "texture": "#plume", "uv": [ 17.0, 21.5, 19.0, 22.0 ] },
																"east": { "texture": "#plume", "uv": [ 19.0, 21.5, 19.5, 22.0 ] },
																"south": { "texture": "#plume", "uv": [ 19.5, 21.5, 21.5, 22.0 ] },
																"west": { "texture": "#plume", "uv": [ 21.5, 21.5, 22.0, 22.0 ] },
																"up": { "texture": "#plume", "uv": [ 17.0, 21.0, 19.0, 21.5 ] },
																"down": { "texture": "#plume", "uv": [ 19.0, 21.0, 21.0, 21.5 ] }
															}
														},
														{
															"name": "SideDec21",
															"from": [ 0.05, 0.0, -1.0 ],
															"to": [ 2.05, 0.7, -0.5 ],
															"uv": [ 17.0, 21.0 ],
															"rotationOrigin": [ 0.0, 0.0, -1.0 ],
															"rotationY": 17.0,
															"faces": {
																"north": { "texture": "#plume", "uv": [ 17.0, 21.5, 19.0, 22.0 ] },
																"east": { "texture": "#plume", "uv": [ 19.0, 21.5, 19.5, 22.0 ] },
																"south": { "texture": "#plume", "uv": [ 19.5, 21.5, 21.5, 22.0 ] },
																"west": { "texture": "#plume", "uv": [ 21.5, 21.5, 22.0, 22.0 ] },
																"up": { "texture": "#plume", "uv": [ 17.0, 21.0, 19.0, 21.5 ] },
																"down": { "texture": "#plume", "uv": [ 19.0, 21.0, 21.0, 21.5 ] }
															}
														}
													]
												}
											]
										}
									]
								}
							]
						},
						{
							"name": "BarretMirddle4",
							"from": [ 2.8, -2.0, 2.65 ],
							"to": [ 2.8, -2.0, 2.65 ],
							"uv": [ 0.0, 0.0 ],
							"rotationOrigin": [ 2.8, -2.0, 2.65 ],
							"rotationY": 270.0,
							"faces": {
								"north": { "texture": "#plume", "uv": [ 0.0, 0.5, 0.5, 1.0 ] },
								"east": { "texture": "#plume", "uv": [ 0.5, 0.5, 1.0, 1.0 ] },
								"south": { "texture": "#plume", "uv": [ 1.0, 0.5, 1.5, 1.0 ] },
								"west": { "texture": "#plume", "uv": [ 1.5, 0.5, 2.0, 1.0 ] },
								"up": { "texture": "#plume", "uv": [ 0.0, 0.0, 0.5, 0.5 ] },
								"down": { "texture": "#plume", "uv": [ 0.5, 0.0, 1.0, 0.5 ] }
							},
							"children": [
								{
									"name": "Side7",
									"from": [ -6.1, 1.4, -2.05 ],
									"to": [ -3.0, 2.0, 1.95 ],
									"uv": [ 0.0, 21.0 ],
									"rotationOrigin": [ -6.1, 1.4, -2.05 ],
									"rotationZ": -10.0,
									"faces": {
										"north": { "texture": "#plume", "uv": [ 0.0, 25.0, 3.0, 25.5 ] },
										"east": { "texture": "#plume", "uv": [ 3.0, 25.0, 7.0, 25.5 ] },
										"south": { "texture": "#plume", "uv": [ 7.0, 25.0, 10.0, 25.5 ] },
										"west": { "texture": "#plume", "uv": [ 10.0, 25.0, 14.0, 25.5 ] },
										"up": { "texture": "#plume", "uv": [ 0.0, 21.0, 3.0, 25.0 ] },
										"down": { "texture": "#plume", "uv": [ 3.0, 21.0, 6.0, 25.0 ] }
									},
									"children": [
										{
											"name": "Corner8",
											"from": [ 0.8052, 0.0404, 5.05 ],
											"to": [ 3.9052, 0.7404, 8.15 ],
											"uv": [ 16.0, 22.5 ],
											"rotationOrigin": [ 0.8052, 0.0404, 5.0 ],
											"rotationX": -9.8511,
											"rotationY": 44.136,
											"rotationZ": 7.0,
											"faces": {
												"north": { "texture": "#plume", "uv": [ 16.0, 25.5, 19.0, 26.0 ] },
												"east": { "texture": "#plume", "uv": [ 19.0, 25.5, 22.0, 26.0 ] },
												"south": { "texture": "#plume", "uv": [ 22.0, 25.5, 25.0, 26.0 ] },
												"west": { "texture": "#plume", "uv": [ 25.0, 25.5, 28.0, 26.0 ] },
												"up": { "texture": "#plume", "uv": [ 16.0, 22.5, 19.0, 25.5 ] },
												"down": { "texture": "#plume", "uv": [ 19.0, 22.5, 22.0, 25.5 ] }
											}
										},
										{
											"name": "Corner9",
											"from": [ 0.8052, 0.04, 5.0 ],
											"to": [ 3.9052, 0.74, 8.2 ],
											"uv": [ 16.0, 22.5 ],
											"rotationOrigin": [ 0.8052, 0.0404, 5.0 ],
											"rotationX": -9.8511,
											"rotationY": 44.136,
											"rotationZ": 25.0039,
											"faces": {
												"north": { "texture": "#plume", "uv": [ 16.0, 25.5, 19.0, 26.0 ] },
												"east": { "texture": "#plume", "uv": [ 19.0, 25.5, 22.0, 26.0 ] },
												"south": { "texture": "#plume", "uv": [ 22.0, 25.5, 25.0, 26.0 ] },
												"west": { "texture": "#plume", "uv": [ 25.0, 25.5, 28.0, 26.0 ] },
												"up": { "texture": "#plume", "uv": [ 16.0, 22.5, 19.0, 25.5 ] },
												"down": { "texture": "#plume", "uv": [ 19.0, 22.5, 22.0, 25.5 ] }
											},
											"children": [
												{
													"name": "CornerDec7",
													"from": [ -0.14, 0.1928, 0.8287 ],
													"to": [ 1.96, 0.8928, 1.3287 ],
													"uv": [ 18.0, 21.0 ],
													"rotationOrigin": [ -0.1386, 0.1954, 0.8287 ],
													"faces": {
														"north": { "texture": "#plume", "uv": [ 18.0, 21.5, 20.0, 22.0 ] },
														"east": { "texture": "#plume", "uv": [ 20.0, 21.5, 20.5, 22.0 ] },
														"south": { "texture": "#plume", "uv": [ 20.5, 21.5, 22.5, 22.0 ] },
														"west": { "texture": "#plume", "uv": [ 22.5, 21.5, 23.0, 22.0 ] },
														"up": { "texture": "#plume", "uv": [ 18.0, 21.0, 20.0, 21.5 ] },
														"down": { "texture": "#plume", "uv": [ 20.0, 21.0, 22.0, 21.5 ] }
													},
													"children": [
														{
															"name": "CornerDec8",
															"from": [ 0.0091, 0.0217, 0.9947 ],
															"to": [ 2.1091, 0.7217, 1.4947 ],
															"uv": [ 19.0, 21.0 ],
															"rotationOrigin": [ 0.0096, 0.0243, 0.9947 ],
															"faces": {
																"north": { "texture": "#plume", "uv": [ 19.0, 21.5, 21.0, 22.0 ] },
																"east": { "texture": "#plume", "uv": [ 21.0, 21.5, 21.5, 22.0 ] },
																"south": { "texture": "#plume", "uv": [ 21.5, 21.5, 23.5, 22.0 ] },
																"west": { "texture": "#plume", "uv": [ 23.5, 21.5, 24.0, 22.0 ] },
																"up": { "texture": "#plume", "uv": [ 19.0, 21.0, 21.0, 21.5 ] },
																"down": { "texture": "#plume", "uv": [ 21.0, 21.0, 23.0, 21.5 ] }
															}
														}
													]
												},
												{
													"name": "CornerDec15",
													"from": [ -0.34, -0.01, 0.84 ],
													"to": [ 1.76, 0.69, 1.32 ],
													"uv": [ 17.0, 21.0 ],
													"rotationOrigin": [ -0.3386, -0.0046, 0.8287 ],
													"rotationZ": -25.0,
													"faces": {
														"north": { "texture": "#plume", "uv": [ 17.0, 21.5, 19.0, 22.0 ] },
														"east": { "texture": "#plume", "uv": [ 19.0, 21.5, 19.5, 22.0 ] },
														"south": { "texture": "#plume", "uv": [ 19.5, 21.5, 21.5, 22.0 ] },
														"west": { "texture": "#plume", "uv": [ 21.5, 21.5, 22.0, 22.0 ] },
														"up": { "texture": "#plume", "uv": [ 17.0, 21.0, 19.0, 21.5 ] },
														"down": { "texture": "#plume", "uv": [ 19.0, 21.0, 21.0, 21.5 ] }
													},
													"children": [
														{
															"name": "CornerDec16",
															"from": [ 0.0091, 0.0217, 1.0 ],
															"to": [ 2.1091, 0.7217, 1.48 ],
															"uv": [ 18.0, 21.0 ],
															"rotationOrigin": [ 0.0096, 0.0243, 0.9947 ],
															"faces": {
																"north": { "texture": "#plume", "uv": [ 18.0, 21.5, 20.0, 22.0 ] },
																"east": { "texture": "#plume", "uv": [ 20.0, 21.5, 20.5, 22.0 ] },
																"south": { "texture": "#plume", "uv": [ 20.5, 21.5, 22.5, 22.0 ] },
																"west": { "texture": "#plume", "uv": [ 22.5, 21.5, 23.0, 22.0 ] },
																"up": { "texture": "#plume", "uv": [ 18.0, 21.0, 20.0, 21.5 ] },
																"down": { "texture": "#plume", "uv": [ 20.0, 21.0, 22.0, 21.5 ] }
															}
														}
													]
												}
											]
										},
										{
											"name": "Side8",
											"from": [ 0.0, 0.1, 0.05 ],
											"to": [ 3.1, 0.8, 4.05 ],
											"uv": [ 0.0, 21.0 ],
											"rotationOrigin": [ 0.0, 0.1, 0.0 ],
											"rotationZ": 20.0,
											"faces": {
												"north": { "texture": "#plume", "uv": [ 0.0, 25.0, 3.0, 25.5 ] },
												"east": { "texture": "#plume", "uv": [ 3.0, 25.0, 7.0, 25.5 ] },
												"south": { "texture": "#plume", "uv": [ 7.0, 25.0, 10.0, 25.5 ] },
												"west": { "texture": "#plume", "uv": [ 10.0, 25.0, 14.0, 25.5 ] },
												"up": { "texture": "#plume", "uv": [ 0.0, 21.0, 3.0, 25.0 ] },
												"down": { "texture": "#plume", "uv": [ 3.0, 21.0, 6.0, 25.0 ] }
											},
											"children": [
												{
													"name": "SideDec10",
													"from": [ -0.2, 0.2, 1.8 ],
													"to": [ 2.6, 0.9, 2.3 ],
													"uv": [ 16.0, 21.0 ],
													"rotationOrigin": [ -0.2, 0.2, 1.8 ],
													"faces": {
														"north": { "texture": "#plume", "uv": [ 16.0, 21.5, 18.5, 22.0 ] },
														"east": { "texture": "#plume", "uv": [ 18.5, 21.5, 19.0, 22.0 ] },
														"south": { "texture": "#plume", "uv": [ 19.0, 21.5, 21.5, 22.0 ] },
														"west": { "texture": "#plume", "uv": [ 21.5, 21.5, 22.0, 22.0 ] },
														"up": { "texture": "#plume", "uv": [ 16.0, 21.0, 18.5, 21.5 ] },
														"down": { "texture": "#plume", "uv": [ 18.5, 21.0, 21.0, 21.5 ] }
													},
													"children": [
														{
															"name": "SideDec11",
															"from": [ 0.2, 0.0, 1.0 ],
															"to": [ 2.2, 0.7, 1.5 ],
															"uv": [ 17.0, 21.0 ],
															"rotationOrigin": [ 0.2, 0.0, 1.0 ],
															"rotationY": -15.0,
															"faces": {
																"north": { "texture": "#plume", "uv": [ 17.0, 21.5, 19.0, 22.0 ] },
																"east": { "texture": "#plume", "uv": [ 19.0, 21.5, 19.5, 22.0 ] },
																"south": { "texture": "#plume", "uv": [ 19.5, 21.5, 21.5, 22.0 ] },
																"west": { "texture": "#plume", "uv": [ 21.5, 21.5, 22.0, 22.0 ] },
																"up": { "texture": "#plume", "uv": [ 17.0, 21.0, 19.0, 21.5 ] },
																"down": { "texture": "#plume", "uv": [ 19.0, 21.0, 21.0, 21.5 ] }
															}
														},
														{
															"name": "SideDec12",
															"from": [ 0.0, 0.0, -1.0 ],
															"to": [ 2.0, 0.7, -0.5 ],
															"uv": [ 17.0, 21.0 ],
															"rotationOrigin": [ 0.0, 0.0, -1.0 ],
															"rotationY": 17.0,
															"faces": {
																"north": { "texture": "#plume", "uv": [ 17.0, 21.5, 19.0, 22.0 ] },
																"east": { "texture": "#plume", "uv": [ 19.0, 21.5, 19.5, 22.0 ] },
																"south": { "texture": "#plume", "uv": [ 19.5, 21.5, 21.5, 22.0 ] },
																"west": { "texture": "#plume", "uv": [ 21.5, 21.5, 22.0, 22.0 ] },
																"up": { "texture": "#plume", "uv": [ 17.0, 21.0, 19.0, 21.5 ] },
																"down": { "texture": "#plume", "uv": [ 19.0, 21.0, 21.0, 21.5 ] }
															}
														}
													]
												},
												{
													"name": "SideDec22",
													"from": [ -0.4, -0.1, 1.8 ],
													"to": [ 2.4, 0.6, 2.3 ],
													"uv": [ 16.0, 21.0 ],
													"rotationOrigin": [ -0.4, -0.1, 1.8 ],
													"rotationZ": -26.0,
													"faces": {
														"north": { "texture": "#plume", "uv": [ 16.0, 21.5, 18.5, 22.0 ] },
														"east": { "texture": "#plume", "uv": [ 18.5, 21.5, 19.0, 22.0 ] },
														"south": { "texture": "#plume", "uv": [ 19.0, 21.5, 21.5, 22.0 ] },
														"west": { "texture": "#plume", "uv": [ 21.5, 21.5, 22.0, 22.0 ] },
														"up": { "texture": "#plume", "uv": [ 16.0, 21.0, 18.5, 21.5 ] },
														"down": { "texture": "#plume", "uv": [ 18.5, 21.0, 21.0, 21.5 ] }
													},
													"children": [
														{
															"name": "SideDec23",
															"from": [ 0.2, 0.0, 1.0 ],
															"to": [ 2.2, 0.7, 1.5 ],
															"uv": [ 17.0, 21.0 ],
															"rotationOrigin": [ 0.2, 0.0, 1.0 ],
															"rotationY": -15.0,
															"faces": {
																"north": { "texture": "#plume", "uv": [ 17.0, 21.5, 19.0, 22.0 ] },
																"east": { "texture": "#plume", "uv": [ 19.0, 21.5, 19.5, 22.0 ] },
																"south": { "texture": "#plume", "uv": [ 19.5, 21.5, 21.5, 22.0 ] },
																"west": { "texture": "#plume", "uv": [ 21.5, 21.5, 22.0, 22.0 ] },
																"up": { "texture": "#plume", "uv": [ 17.0, 21.0, 19.0, 21.5 ] },
																"down": { "texture": "#plume", "uv": [ 19.0, 21.0, 21.0, 21.5 ] }
															}
														},
														{
															"name": "SideDec24",
															"from": [ 0.05, 0.0, -1.0 ],
															"to": [ 2.05, 0.7, -0.5 ],
															"uv": [ 17.0, 21.0 ],
															"rotationOrigin": [ 0.0, 0.0, -1.0 ],
															"rotationY": 17.0,
															"faces": {
																"north": { "texture": "#plume", "uv": [ 17.0, 21.5, 19.0, 22.0 ] },
																"east": { "texture": "#plume", "uv": [ 19.0, 21.5, 19.5, 22.0 ] },
																"south": { "texture": "#plume", "uv": [ 19.5, 21.5, 21.5, 22.0 ] },
																"west": { "texture": "#plume", "uv": [ 21.5, 21.5, 22.0, 22.0 ] },
																"up": { "texture": "#plume", "uv": [ 17.0, 21.0, 19.0, 21.5 ] },
																"down": { "texture": "#plume", "uv": [ 19.0, 21.0, 21.0, 21.5 ] }
															}
														}
													]
												}
											]
										}
									]
								}
							]
						}
					]
				},
				{
					"name": "EarflopR",
					"from": [ 3.0, -2.3, -0.6 ],
					"to": [ 6.0, 0.7, 0.4 ],
					"uv": [ 18.5, 29.0 ],
					"rotationOrigin": [ 3.0, -2.3, -0.6 ],
					"rotationX": 5.0,
					"rotationZ": 45.0,
					"faces": {
						"north": { "texture": "#metalhead", "uv": [ 18.5, 30.0, 21.5, 33.0 ] },
						"east": { "texture": "#metalhead", "uv": [ 21.5, 30.0, 22.5, 33.0 ] },
						"south": { "texture": "#metalhead", "uv": [ 22.5, 30.0, 25.5, 33.0 ] },
						"west": { "texture": "#metalhead", "uv": [ 25.5, 30.0, 26.5, 33.0 ] },
						"up": { "texture": "#metalhead", "uv": [ 18.5, 29.0, 21.5, 30.0 ] },
						"down": { "texture": "#metalhead", "uv": [ 21.5, 29.0, 24.5, 30.0 ] }
					}
				},
				{
					"name": "EarflopL",
					"from": [ 3.0, -2.5, 5.4 ],
					"to": [ 6.0, 0.5, 6.4 ],
					"uv": [ 18.5, 29.0 ],
					"rotationOrigin": [ 3.0, -2.5, 5.4 ],
					"rotationX": 5.0,
					"rotationZ": 45.0,
					"faces": {
						"north": { "texture": "#metalhead", "uv": [ 18.5, 30.0, 21.5, 33.0 ] },
						"east": { "texture": "#metalhead", "uv": [ 21.5, 30.0, 22.5, 33.0 ] },
						"south": { "texture": "#metalhead", "uv": [ 22.5, 30.0, 25.5, 33.0 ] },
						"west": { "texture": "#metalhead", "uv": [ 25.5, 30.0, 26.5, 33.0 ] },
						"up": { "texture": "#metalhead", "uv": [ 18.5, 29.0, 21.5, 30.0 ] },
						"down": { "texture": "#metalhead", "uv": [ 21.5, 29.0, 24.5, 30.0 ] }
					}
				}
			]
		}
	]}