{
	"code": "rallidae",
	"class": "EntityAgent",
	"tags": ["animal", "huntable", "egg", "habitat-land"],
	"variantgroups": [
		{ "code": "age", "states": ["egg"] },
		{ "code": "type", "states": ["tribonyxmortierii"]},
		{ "code": "state", "states": ["raw"] }
	],
	"collisionBoxSizeByType": {
		"*": {	"x": 0.1,"y": 0.1}
	},
	"deadCollisionBoxSizeByType": {
		"*": {"x": 0.1,"y": 0.1}
	},
	"selectionBoxSizeByType": {
		"*": {"x": 0.5,"y": 0.5}
	},
	"deadSelectionBoxSizeByType": {
		"*": {"x": 0.5,"y": 0.5}
	},
	"knockbackResistanceByType": {
		"*": 0.5
	},	
	"eyeHeight": 0.6,
	"weightByType": {
		"*": 1
	},
	"drops": [{ "type": "item", "code": "creature-rallidae-egg-{type}-raw" }],	
	"attributes": {
		"handbook": {
			"groupcode": "creaturegroup-rallidae"
		}
	},
	"client": {
		"renderer": "Shape",
		"shapeByType": {"*": { "base": "entity/land/rallidae/egg" }},
		"sizeByType": {
			"*": 0.15
		},
		"behaviors": [
			{ "code": "repulseagents" },
			{"code": "controlledphysics","stepHeight": 0},
			{ "code": "interpolateposition" },
			{"code": "despawn","minPlayerDistance": 8,"belowLightLevel": 0,"minSeconds": 300},
			{"code": "floatupwhenstuck","onlyWhenDead": true}
		]
	},
	"server": {
		"attributes": {
		},
		"behaviors": [
			{ "code": "repulseagents" },
			{"code": "controlledphysics","stepHeight": 0},
			{"code": "health","maxhealthByType": {"*": 0.1}},
			{"code": "deaddecay","hoursToDecay": 0,"decayedBlock": "none"},
			{"code": "despawn","minPlayerDistance": 8,"belowLightLevel": 0,"minSeconds": 300},
			{"code": "floatupwhenstuck","onlyWhenDead": true},
			{ 
				"code": "grow", 
				"hoursToGrow": 100,
				"adultEntityCodesByType": {"*": ["casuariidae:rallidae-baby-female-{type}","casuariidae:rallidae-baby-male-{type}"]}
				}
		],
		"spawnconditions": {
			"runtime": {
				"group": "neutral",
				"tryOnlySurface": true,
				"maxQuantity": 1,
				"spawnCapPlayerScaling": 0.0,
				"maxQuantityByGroup": {
					"code": "rallidae-*",
					"maxQuantity": 1
				},
				"chanceByType": {
					"*": 0.0
				}
			}
		}
	}
}