[
	//ropetie semitamed bovinae at any gen
	{ 
        op: "replace", 
        path: "/server/behaviors/16/minGeneration", 
		value: 0, 
        side: "server",
		"file": "bovinae:entities/animal/mammal/hooved/bovinae-tamed.json",
		"dependsOn": [ { "modid": "bovinae" } ]
    },
	//tamed follows tamed
	{ 
        op: "add", 
        path: "/server/behaviors/11/aitasks/-", 
		value: {
						"code": "stayclosetoentity",
						"animation": "Canter",
						"priority": 1.39,
						"priorityForCancel": 1.4,
						"entityCode": "bovinae-adult-male-{type}-semitamed",
						"movespeedByType": {
							"*-adult-female-bosprimigeniusprimigenius-*": 0.048,"*-adult-male-bosprimigeniusprimigenius-*": 0.06,
							"*-adult-female-bubalusarnee-*": 0.048,"*-adult-male-bubalusarnee-*": 0.06,
							"*-adult-female-bubalusbubalis-*": 0.048,"*-adult-male-bubalusbubalis-*": 0.048
							},
						"maxDistanceByType": {"*-female-*": 15,"*-male-*": 25},
						"searchRange": 35,
						"animationSpeedByType": {
							"*": 2
						},
						"soundByType": {
							"*": "game:creature/hooved/generic/sniff*"
						}
					}, 
        side: "server",
		"file": "bovinae:entities/animal/mammal/hooved/bovinae-adult.json",
		"dependsOn": [ { "modid": "bovinae" } ]
    }
]
