[
	{
        "op": "add",
        "path": "/server/behaviors/10/aitasks/-",
        "value": {
            "code": "stayclosetoentity",
            "animation": "Canter",
            "priority": 1.38,
            "entityCode": "bovinae-adult-female-{type}-semitamed",
            "movespeedByType": {
                "*-baby-*": 0.024
            },
            "maxDistanceByType": { "*-baby-*": 6 },
            "searchRange": 25,
            "animationSpeedByType": { "*": 2 },
            "soundByType": {
                "*": "game:creature/hooved/generic/sniff*"
            }
        },
        "side": "server",
        "file": "bovinae:entities/animal/mammal/hooved/bovinae-baby.json",
        "dependsOn": [ { "modid": "bovinae" } ]
    }
]
