[
  {
    "op": "add",
    "path": "/editor/collapsedPaths",
    "value": "Root/Pommel",
    "file": "game:shapes/item/tool/blade/blackguard.json"
  },
  {
    "op": "replace",
    "path": "/editor/entityTextureMode",
    "value": false,
    "file": "game:shapes/item/tool/blade/blackguard.json"
  },
  {
    "op": "replace",
    "path": "/elements",
    "value": [
      {
        "name": "Pommel",
        "from": [
          -0.5,
          0.0,
          7.0
        ],
        "to": [
          0.5,
          2.0,
          9.0
        ],
        "rotationOrigin": [
          -0.5,
          0.1,
          8.0
        ],
        "faces": {
          "north": {
            "texture": "#metal",
            "uv": [
              5.5,
              4.0,
              6.5,
              6.0
            ]
          },
          "east": {
            "texture": "#metal",
            "uv": [
              3.0,
              6.0,
              5.0,
              8.0
            ]
          },
          "south": {
            "texture": "#metal",
            "uv": [
              6.5,
              4.0,
              7.5,
              6.0
            ]
          },
          "west": {
            "texture": "#metal",
            "uv": [
              3.0,
              6.0,
              5.0,
              8.0
            ]
          },
          "up": {
            "texture": "#metal",
            "uv": [
              7.5,
              4.0,
              8.5,
              6.0
            ]
          },
          "down": {
            "texture": "#metal",
            "uv": [
              9.0,
              4.0,
              10.0,
              6.0
            ]
          }
        },
        "children": [
          {
            "name": "PommelTip",
            "from": [
              -0.25,
              0.25,
              0.25
            ],
            "to": [
              0.25,
              1.75,
              1.75
            ],
            "faces": {
              "north": {
                "texture": "#metal",
                "uv": [
                  13.5,
                  13.0,
                  14.0,
                  14.5
                ]
              },
              "south": {
                "texture": "#metal",
                "uv": [
                  11.5,
                  13.0,
                  12.0,
                  14.5
                ]
              },
              "west": {
                "texture": "#metal",
                "uv": [
                  12.0,
                  13.0,
                  13.5,
                  14.5
                ]
              },
              "up": {
                "texture": "#metal",
                "uv": [
                  12.0,
                  14.5,
                  13.5,
                  15.0
                ],
                "rotation": 90
              },
              "down": {
                "texture": "#metal",
                "uv": [
                  12.0,
                  14.5,
                  13.5,
                  15.0
                ],
                "rotation": 90
              }
            }
          },
          {
            "name": "Handle",
            "from": [
              1.0,
              0.35,
              0.35
            ],
            "to": [
              4.0,
              1.65,
              1.65
            ],
            "rotationOrigin": [
              1.0,
              0.75,
              0.75
            ],
            "faces": {
              "north": {
                "texture": "#handle",
                "uv": [
                  0.0,
                  0.0,
                  3.0,
                  1.0
                ]
              },
              "south": {
                "texture": "#handle",
                "uv": [
                  0.0,
                  2.0,
                  3.0,
                  3.0
                ]
              },
              "up": {
                "texture": "#handle",
                "uv": [
                  0.0,
                  1.0,
                  3.0,
                  2.0
                ]
              },
              "down": {
                "texture": "#handle",
                "uv": [
                  0.0,
                  3.0,
                  3.0,
                  4.0
                ]
              }
            },
            "children": [
              {
                "name": "HandleWrap",
                "from": [
                  0.25,
                  -0.1,
                  -0.1
                ],
                "to": [
                  2.75,
                  1.4,
                  1.4
                ],
                "rotationOrigin": [
                  -1.0,
                  -0.25,
                  -0.25
                ],
                "faces": {
                  "north": {
                    "texture": "#metal",
                    "uv": [
                      0.0,
                      2.0,
                      2.5,
                      3.5
                    ]
                  },
                  "east": {
                    "texture": "#metal",
                    "uv": [
                      0.0,
                      6.5,
                      1.5,
                      8.0
                    ]
                  },
                  "south": {
                    "texture": "#metal",
                    "uv": [
                      0.0,
                      3.5,
                      2.5,
                      5.0
                    ]
                  },
                  "west": {
                    "texture": "#metal",
                    "uv": [
                      0.0,
                      6.5,
                      1.5,
                      8.0
                    ]
                  },
                  "up": {
                    "texture": "#metal",
                    "uv": [
                      0.0,
                      5.0,
                      2.5,
                      6.5
                    ]
                  },
                  "down": {
                    "texture": "#metal",
                    "uv": [
                      0.0,
                      5.0,
                      2.5,
                      6.5
                    ]
                  }
                }
              }
            ]
          },
          {
            "name": "Guard",
            "from": [
              4.0,
              0.0,
              0.0
            ],
            "to": [
              5.0,
              2.0,
              2.0
            ],
            "rotationOrigin": [
              4.0,
              0.0,
              0.0
            ],
            "faces": {
              "north": {
                "texture": "#metal",
                "uv": [
                  6.5,
                  4.0,
                  7.5,
                  6.0
                ]
              },
              "east": {
                "texture": "#metal",
                "uv": [
                  3.0,
                  6.0,
                  5.0,
                  8.0
                ]
              },
              "south": {
                "texture": "#metal",
                "uv": [
                  5.5,
                  4.0,
                  6.5,
                  6.0
                ]
              },
              "west": {
                "texture": "#metal",
                "uv": [
                  3.0,
                  6.0,
                  5.0,
                  8.0
                ]
              },
              "up": {
                "texture": "#metal",
                "uv": [
                  8.0,
                  4.0,
                  9.0,
                  6.0
                ]
              },
              "down": {
                "texture": "#metal",
                "uv": [
                  8.5,
                  4.0,
                  9.5,
                  6.0
                ]
              }
            },
            "children": [
              {
                "name": "Emblem",
                "from": [
                  1.0,
                  0.75,
                  0.0
                ],
                "to": [
                  2.5,
                  1.25,
                  2.0
                ],
                "rotationOrigin": [
                  1.0,
                  1.0,
                  1.0
                ],
                "faces": {
                  "north": {
                    "texture": "#metal",
                    "uv": [
                      0.0,
                      9.0,
                      1.5,
                      9.5
                    ]
                  },
                  "east": {
                    "texture": "#metal",
                    "uv": [
                      1.0,
                      9.0,
                      3.0,
                      9.5
                    ]
                  },
                  "south": {
                    "texture": "#metal",
                    "uv": [
                      0.0,
                      9.0,
                      1.5,
                      9.5
                    ]
                  },
                  "up": {
                    "texture": "#metal",
                    "uv": [
                      1.5,
                      9.0,
                      3.0,
                      11.0
                    ]
                  },
                  "down": {
                    "texture": "#metal",
                    "uv": [
                      3.0,
                      9.0,
                      4.5,
                      11.0
                    ]
                  }
                },
                "children": [
                  {
                    "name": "Emblem2",
                    "from": [
                      1.5,
                      0.0,
                      0.25
                    ],
                    "to": [
                      2.0,
                      0.5,
                      1.75
                    ],
                    "rotationOrigin": [
                      2.0,
                      0.25,
                      1.0
                    ],
                    "faces": {
                      "north": {
                        "texture": "#metal",
                        "uv": [
                          4.5,
                          9.0,
                          5.0,
                          9.5
                        ]
                      },
                      "south": {
                        "texture": "#metal",
                        "uv": [
                          6.5,
                          9.0,
                          7.0,
                          9.5
                        ]
                      },
                      "up": {
                        "texture": "#metal",
                        "uv": [
                          5.0,
                          9.0,
                          6.5,
                          9.5
                        ],
                        "rotation": 90
                      },
                      "down": {
                        "texture": "#metal",
                        "uv": [
                          7.0,
                          9.0,
                          8.5,
                          9.5
                        ],
                        "rotation": 90
                      }
                    }
                  },
                  {
                    "name": "Emblem3",
                    "from": [
                      2.0,
                      0.0,
                      0.0
                    ],
                    "to": [
                      2.5,
                      0.5,
                      2.0
                    ],
                    "rotationOrigin": [
                      2.0,
                      0.25,
                      1.0
                    ],
                    "faces": {
                      "north": {
                        "texture": "#metal",
                        "uv": [
                          0.0,
                          9.0,
                          0.5,
                          9.5
                        ]
                      },
                      "east": {
                        "texture": "#metal",
                        "uv": [
                          0.0,
                          9.5,
                          2.0,
                          10.0
                        ]
                      },
                      "south": {
                        "texture": "#metal",
                        "uv": [
                          0.5,
                          8.5,
                          1.0,
                          9.0
                        ]
                      },
                      "west": {
                        "texture": "#metal",
                        "uv": [
                          0.0,
                          10.0,
                          2.0,
                          10.5
                        ]
                      },
                      "up": {
                        "texture": "#metal",
                        "uv": [
                          4.0,
                          9.0,
                          4.5,
                          11.0
                        ]
                      },
                      "down": {
                        "texture": "#metal",
                        "uv": [
                          4.0,
                          9.0,
                          4.5,
                          11.0
                        ]
                      }
                    }
                  },
                  {
                    "name": "Emblem4",
                    "from": [
                      2.5,
                      0.0,
                      0.0
                    ],
                    "to": [
                      3.0,
                      0.5,
                      0.5
                    ],
                    "rotationOrigin": [
                      2.5,
                      0.25,
                      1.0
                    ],
                    "faces": {
                      "north": {
                        "texture": "#metal",
                        "uv": [
                          0.0,
                          8.0,
                          0.5,
                          8.5
                        ]
                      },
                      "east": {
                        "texture": "#metal",
                        "uv": [
                          0.0,
                          8.5,
                          0.5,
                          9.0
                        ]
                      },
                      "south": {
                        "texture": "#metal",
                        "uv": [
                          0.5,
                          8.0,
                          1.0,
                          8.5
                        ]
                      },
                      "up": {
                        "texture": "#metal",
                        "uv": [
                          0.5,
                          8.5,
                          1.0,
                          9.0
                        ]
                      },
                      "down": {
                        "texture": "#metal",
                        "uv": [
                          1.0,
                          8.5,
                          1.5,
                          9.0
                        ]
                      }
                    }
                  },
                  {
                    "name": "Emblem5",
                    "from": [
                      2.5,
                      0.0,
                      0.75
                    ],
                    "to": [
                      3.0,
                      0.5,
                      1.25
                    ],
                    "rotationOrigin": [
                      2.5,
                      0.25,
                      1.0
                    ],
                    "faces": {
                      "north": {
                        "texture": "#metal",
                        "uv": [
                          1.5,
                          8.0,
                          2.0,
                          8.5
                        ]
                      },
                      "east": {
                        "texture": "#metal",
                        "uv": [
                          1.5,
                          8.5,
                          2.0,
                          9.0
                        ]
                      },
                      "south": {
                        "texture": "#metal",
                        "uv": [
                          2.0,
                          8.0,
                          2.5,
                          8.5
                        ]
                      },
                      "up": {
                        "texture": "#metal",
                        "uv": [
                          2.0,
                          8.5,
                          2.5,
                          9.0
                        ]
                      },
                      "down": {
                        "texture": "#metal",
                        "uv": [
                          2.5,
                          8.5,
                          3.0,
                          9.0
                        ]
                      }
                    }
                  },
                  {
                    "name": "Emblem6",
                    "from": [
                      2.5,
                      0.0,
                      1.5
                    ],
                    "to": [
                      3.0,
                      0.5,
                      2.0
                    ],
                    "rotationOrigin": [
                      2.5,
                      0.25,
                      1.0
                    ],
                    "faces": {
                      "north": {
                        "texture": "#metal",
                        "uv": [
                          3.5,
                          8.0,
                          4.0,
                          8.5
                        ]
                      },
                      "east": {
                        "texture": "#metal",
                        "uv": [
                          3.5,
                          8.5,
                          4.0,
                          9.0
                        ]
                      },
                      "south": {
                        "texture": "#metal",
                        "uv": [
                          4.0,
                          8.0,
                          4.5,
                          8.5
                        ]
                      },
                      "up": {
                        "texture": "#metal",
                        "uv": [
                          4.0,
                          8.5,
                          4.5,
                          9.0
                        ]
                      },
                      "down": {
                        "texture": "#metal",
                        "uv": [
                          4.5,
                          8.5,
                          5.0,
                          9.0
                        ]
                      }
                    }
                  }
                ]
              },
              {
                "name": "Guard1",
                "from": [
                  1.0,
                  0.25,
                  0.25
                ],
                "to": [
                  1.5,
                  1.75,
                  1.75
                ],
                "rotationOrigin": [
                  1.0,
                  1.0,
                  1.0
                ],
                "faces": {
                  "north": {
                    "texture": "#metal",
                    "uv": [
                      11.5,
                      13.0,
                      12.0,
                      14.5
                    ]
                  },
                  "east": {
                    "texture": "#metal",
                    "uv": [
                      12.0,
                      13.0,
                      13.5,
                      14.5
                    ]
                  },
                  "south": {
                    "texture": "#metal",
                    "uv": [
                      13.5,
                      13.0,
                      14.0,
                      14.5
                    ]
                  },
                  "up": {
                    "texture": "#metal",
                    "uv": [
                      12.0,
                      15.0,
                      13.5,
                      15.5
                    ],
                    "rotation": 90
                  },
                  "down": {
                    "texture": "#metal",
                    "uv": [
                      12.0,
                      14.5,
                      13.5,
                      15.0
                    ],
                    "rotation": 90
                  }
                }
              }
            ]
          }
        ]
      },
      {
        "name": "Blade",
        "from": [
          7.25,
          0.9,
          7.75
        ],
        "to": [
          18.75,
          1.1,
          8.25
        ],
        "rotationOrigin": [
          7.5,
          1.0,
          8.0
        ],
        "faces": {
          "north": {
            "texture": "#blade",
            "uv": [
              0.0,
              1.5,
              11.5,
              2.0
            ]
          },
          "south": {
            "texture": "#blade",
            "uv": [
              0.0,
              1.5,
              11.5,
              2.0
            ]
          },
          "up": {
            "texture": "#blade",
            "uv": [
              0.0,
              1.5,
              11.5,
              2.0
            ]
          },
          "down": {
            "texture": "#blade",
            "uv": [
              0.0,
              1.5,
              11.5,
              2.0
            ]
          }
        },
        "children": [
          {
            "name": "BladeTip",
            "from": [
              11.32,
              0.0,
              0.075
            ],
            "to": [
              11.67,
              0.2,
              0.425
            ],
            "rotationOrigin": [
              11.5,
              0.1,
              0.25
            ],
            "rotationY": 45.0,
            "faces": {
              "east": {
                "texture": "#blade",
                "uv": [
                  11.0,
                  1.5,
                  11.5,
                  2.0
                ],
                "windMode": [
                  -1,
                  -1,
                  -1,
                  -1
                ]
              },
              "south": {
                "texture": "#blade",
                "uv": [
                  11.0,
                  1.5,
                  11.5,
                  2.0
                ]
              },
              "up": {
                "texture": "#blade",
                "uv": [
                  11.0,
                  1.5,
                  11.5,
                  2.0
                ]
              },
              "down": {
                "texture": "#blade",
                "uv": [
                  11.0,
                  1.5,
                  11.5,
                  2.0
                ]
              }
            }
          },
          {
            "name": "Tip",
            "from": [
              11.485,
              0.043,
              0.0
            ],
            "to": [
              11.985,
              0.143,
              0.5
            ],
            "rotationOrigin": [
              11.735,
              0.1,
              0.25
            ],
            "rotationY": 45.0,
            "faces": {
              "east": {
                "texture": "#blade",
                "uv": [
                  0.0,
                  11.5,
                  0.5,
                  12.0
                ]
              },
              "south": {
                "texture": "#blade",
                "uv": [
                  0.0,
                  11.5,
                  0.5,
                  12.0
                ]
              },
              "up": {
                "texture": "#blade",
                "uv": [
                  0.0,
                  11.5,
                  0.5,
                  12.0
                ]
              },
              "down": {
                "texture": "#blade",
                "uv": [
                  0.0,
                  11.5,
                  0.5,
                  12.0
                ]
              }
            }
          },
          {
            "name": "Edge",
            "from": [
              -1.25,
              0.04,
              -0.625
            ],
            "to": [
              2.75,
              0.14,
              0.375
            ],
            "rotationOrigin": [
              -1.25,
              0.1,
              0.25
            ],
            "faces": {
              "north": {
                "texture": "#blade",
                "uv": [
                  4.0,
                  13.5,
                  8.0,
                  14.0
                ]
              },
              "west": {
                "texture": "#blade",
                "uv": [
                  3.0,
                  13.5,
                  4.0,
                  14.0
                ],
                "windMode": [
                  -1,
                  -1,
                  -1,
                  -1
                ]
              },
              "up": {
                "texture": "#blade",
                "uv": [
                  8.0,
                  13.5,
                  12.0,
                  14.5
                ]
              },
              "down": {
                "texture": "#blade",
                "uv": [
                  0.0,
                  13.5,
                  4.0,
                  14.5
                ]
              }
            },
            "children": [
              {
                "name": "Edge2",
                "from": [
                  4.0,
                  0.005,
                  0.0
                ],
                "to": [
                  8.0,
                  0.105,
                  1.0
                ],
                "rotationOrigin": [
                  4.0,
                  0.06,
                  0.0
                ],
                "rotationY": -2.12,
                "faces": {
                  "north": {
                    "texture": "#blade",
                    "uv": [
                      1.5,
                      11.0,
                      5.5,
                      11.5
                    ]
                  },
                  "up": {
                    "texture": "#blade",
                    "uv": [
                      4.0,
                      11.5,
                      8.0,
                      12.5
                    ]
                  },
                  "down": {
                    "texture": "#blade",
                    "uv": [
                      0.0,
                      11.5,
                      4.0,
                      12.5
                    ]
                  }
                },
                "children": [
                  {
                    "name": "Edge3",
                    "from": [
                      4.0,
                      -0.001,
                      0.0
                    ],
                    "to": [
                      9.0,
                      0.099,
                      0.5
                    ],
                    "rotationOrigin": [
                      4.0,
                      0.0,
                      0.0
                    ],
                    "rotationY": -2.175,
                    "faces": {
                      "north": {
                        "texture": "#blade",
                        "uv": [
                          0.5,
                          14.0,
                          5.5,
                          14.5
                        ]
                      },
                      "east": {
                        "texture": "#blade",
                        "uv": [
                          5.0,
                          9.5,
                          5.5,
                          10.0
                        ]
                      },
                      "west": {
                        "texture": "#blade",
                        "uv": [
                          5.5,
                          9.5,
                          6.0,
                          10.0
                        ]
                      },
                      "up": {
                        "texture": "#blade",
                        "uv": [
                          0.0,
                          13.5,
                          5.0,
                          14.0
                        ]
                      },
                      "down": {
                        "texture": "#blade",
                        "uv": [
                          0.0,
                          13.5,
                          5.0,
                          14.0
                        ]
                      }
                    }
                  }
                ]
              },
              {
                "name": "Edge4",
                "from": [
                  1.0,
                  -0.03,
                  0.125
                ],
                "to": [
                  5.0,
                  0.12,
                  0.625
                ],
                "rotationOrigin": [
                  0.0,
                  0.06,
                  0.875
                ],
                "faces": {
                  "north": {
                    "texture": "#metal",
                    "uv": [
                      0.0,
                      0.5,
                      4.0,
                      1.0
                    ]
                  },
                  "up": {
                    "texture": "#metal",
                    "uv": [
                      0.0,
                      1.0,
                      4.0,
                      1.5
                    ]
                  },
                  "down": {
                    "texture": "#metal",
                    "uv": [
                      0.0,
                      0.0,
                      4.0,
                      0.5
                    ]
                  }
                },
                "children": [
                  {
                    "name": "Edge5",
                    "from": [
                      4.0,
                      0.005,
                      0.0
                    ],
                    "to": [
                      7.0,
                      0.155,
                      0.5
                    ],
                    "rotationOrigin": [
                      4.0,
                      0.06,
                      0.0
                    ],
                    "rotationY": -2.12,
                    "faces": {
                      "north": {
                        "texture": "#metal",
                        "uv": [
                          3.0,
                          0.5,
                          6.0,
                          1.0
                        ]
                      },
                      "up": {
                        "texture": "#metal",
                        "uv": [
                          3.0,
                          1.0,
                          6.0,
                          1.5
                        ]
                      },
                      "down": {
                        "texture": "#metal",
                        "uv": [
                          3.0,
                          0.0,
                          6.0,
                          0.5
                        ]
                      }
                    },
                    "children": [
                      {
                        "name": "Edge6",
                        "from": [
                          3.0,
                          -0.001,
                          0.0
                        ],
                        "to": [
                          7.5,
                          0.149,
                          0.5
                        ],
                        "rotationOrigin": [
                          3.0,
                          0.0,
                          0.0
                        ],
                        "rotationY": -2.8,
                        "faces": {
                          "north": {
                            "texture": "#metal",
                            "uv": [
                              6.0,
                              0.5,
                              10.5,
                              1.0
                            ]
                          },
                          "up": {
                            "texture": "#metal",
                            "uv": [
                              6.0,
                              1.0,
                              10.5,
                              1.5
                            ]
                          },
                          "down": {
                            "texture": "#metal",
                            "uv": [
                              0.0,
                              0.0,
                              4.5,
                              0.5
                            ]
                          }
                        }
                      }
                    ]
                  }
                ]
              }
            ]
          },
          {
            "name": "Edge7",
            "from": [
              -1.25,
              0.04,
              -0.625
            ],
            "to": [
              2.75,
              0.14,
              0.375
            ],
            "rotationOrigin": [
              -1.25,
              0.1,
              0.25
            ],
            "rotationX": 180.0,
            "faces": {
              "north": {
                "texture": "#blade",
                "uv": [
                  4.0,
                  13.5,
                  8.0,
                  14.0
                ]
              },
              "west": {
                "texture": "#blade",
                "uv": [
                  3.0,
                  13.5,
                  4.0,
                  14.0
                ],
                "windMode": [
                  -1,
                  -1,
                  -1,
                  -1
                ]
              },
              "up": {
                "texture": "#blade",
                "uv": [
                  8.0,
                  13.5,
                  12.0,
                  14.5
                ]
              },
              "down": {
                "texture": "#blade",
                "uv": [
                  0.0,
                  13.5,
                  4.0,
                  14.5
                ]
              }
            },
            "children": [
              {
                "name": "Edge8",
                "from": [
                  4.0,
                  0.005,
                  0.0
                ],
                "to": [
                  8.0,
                  0.105,
                  1.0
                ],
                "rotationOrigin": [
                  4.0,
                  0.06,
                  0.0
                ],
                "rotationY": -2.12,
                "faces": {
                  "north": {
                    "texture": "#blade",
                    "uv": [
                      1.5,
                      11.0,
                      5.5,
                      11.5
                    ]
                  },
                  "up": {
                    "texture": "#blade",
                    "uv": [
                      4.0,
                      11.5,
                      8.0,
                      12.5
                    ]
                  },
                  "down": {
                    "texture": "#blade",
                    "uv": [
                      0.0,
                      11.5,
                      4.0,
                      12.5
                    ]
                  }
                },
                "children": [
                  {
                    "name": "Edge9",
                    "from": [
                      4.0,
                      -0.001,
                      0.0
                    ],
                    "to": [
                      9.0,
                      0.099,
                      0.5
                    ],
                    "rotationOrigin": [
                      4.0,
                      0.0,
                      0.0
                    ],
                    "rotationY": -2.175,
                    "faces": {
                      "north": {
                        "texture": "#blade",
                        "uv": [
                          0.5,
                          14.0,
                          5.5,
                          14.5
                        ]
                      },
                      "east": {
                        "texture": "#blade",
                        "uv": [
                          5.0,
                          9.5,
                          5.5,
                          10.0
                        ]
                      },
                      "west": {
                        "texture": "#blade",
                        "uv": [
                          5.5,
                          9.5,
                          6.0,
                          10.0
                        ]
                      },
                      "up": {
                        "texture": "#blade",
                        "uv": [
                          0.0,
                          13.5,
                          5.0,
                          14.0
                        ]
                      },
                      "down": {
                        "texture": "#blade",
                        "uv": [
                          0.0,
                          13.5,
                          5.0,
                          14.0
                        ]
                      }
                    }
                  }
                ]
              },
              {
                "name": "Edge10",
                "from": [
                  1.0,
                  -0.03,
                  0.125
                ],
                "to": [
                  5.0,
                  0.12,
                  0.625
                ],
                "rotationOrigin": [
                  0.0,
                  0.06,
                  0.875
                ],
                "faces": {
                  "north": {
                    "texture": "#metal",
                    "uv": [
                      0.0,
                      0.5,
                      4.0,
                      1.0
                    ]
                  },
                  "up": {
                    "texture": "#metal",
                    "uv": [
                      0.0,
                      1.0,
                      4.0,
                      1.5
                    ]
                  },
                  "down": {
                    "texture": "#metal",
                    "uv": [
                      0.0,
                      0.0,
                      4.0,
                      0.5
                    ]
                  }
                },
                "children": [
                  {
                    "name": "Edge11",
                    "from": [
                      4.0,
                      0.005,
                      0.0
                    ],
                    "to": [
                      7.0,
                      0.155,
                      0.5
                    ],
                    "rotationOrigin": [
                      4.0,
                      0.06,
                      0.0
                    ],
                    "rotationY": -2.12,
                    "faces": {
                      "north": {
                        "texture": "#metal",
                        "uv": [
                          3.0,
                          0.5,
                          6.0,
                          1.0
                        ]
                      },
                      "up": {
                        "texture": "#metal",
                        "uv": [
                          3.0,
                          1.0,
                          6.0,
                          1.5
                        ]
                      },
                      "down": {
                        "texture": "#metal",
                        "uv": [
                          3.0,
                          0.0,
                          6.0,
                          0.5
                        ]
                      }
                    },
                    "children": [
                      {
                        "name": "Edge12",
                        "from": [
                          3.0,
                          -0.001,
                          0.0
                        ],
                        "to": [
                          7.5,
                          0.149,
                          0.5
                        ],
                        "rotationOrigin": [
                          3.0,
                          0.0,
                          0.0
                        ],
                        "rotationY": -2.8,
                        "faces": {
                          "north": {
                            "texture": "#metal",
                            "uv": [
                              6.0,
                              0.5,
                              10.5,
                              1.0
                            ]
                          },
                          "up": {
                            "texture": "#metal",
                            "uv": [
                              6.0,
                              1.0,
                              10.5,
                              1.5
                            ]
                          },
                          "down": {
                            "texture": "#metal",
                            "uv": [
                              0.0,
                              0.0,
                              4.5,
                              0.5
                            ]
                          }
                        }
                      }
                    ]
                  }
                ]
              }
            ]
          },
          {
            "name": "Blade2",
            "from": [
              -3.0,
              0.0,
              0.0
            ],
            "to": [
              0.0,
              0.2,
              0.5
            ],
            "rotationOrigin": [
              -2.75,
              0.1,
              0.25
            ],
            "faces": {
              "north": {
                "texture": "#blade",
                "uv": [
                  0.0,
                  1.5,
                  3.0,
                  2.0
                ]
              },
              "south": {
                "texture": "#blade",
                "uv": [
                  0.0,
                  1.5,
                  3.0,
                  2.0
                ]
              },
              "west": {
                "texture": "#blade",
                "uv": [
                  2.5,
                  1.5,
                  3.0,
                  2.0
                ],
                "windMode": [
                  -1,
                  -1,
                  -1,
                  -1
                ]
              },
              "up": {
                "texture": "#blade",
                "uv": [
                  0.0,
                  1.5,
                  3.0,
                  2.0
                ]
              },
              "down": {
                "texture": "#blade",
                "uv": [
                  0.0,
                  1.5,
                  3.0,
                  2.0
                ]
              }
            }
          }
        ]
      }
    ],
    "file": "game:shapes/item/tool/blade/blackguard.json"
  },
  {
    "op": "add",
    "path": "/textures/blade",
    "value": "item/tool/sword-blackguard",
    "file": "game:shapes/item/tool/blade/blackguard.json"
  },
  {
    "op": "replace",
    "path": "/textures/handle",
    "value": "block/wood/charred",
    "file": "game:shapes/item/tool/blade/blackguard.json"
  }
]