[
  {
    "op": "replace",
    "path": "/attributes/fruittreeProperties/breadfruit/ripeDays/avg",
    "value": 42,
    "file": "game:blocktypes/plant/fruittreebranch.json",
    "side": "Server"
  },
  {
    "op": "replace",
    "path": "/attributes/fruittreeProperties/cherry/ripeDays/avg",
    "value": 34,
    "file": "game:blocktypes/plant/fruittreebranch.json",
    "side": "Server"
  },
  {
    "op": "replace",
    "path": "/attributes/fruittreeProperties/lychee/ripeDays/avg",
    "value": 38,
    "file": "game:blocktypes/plant/fruittreebranch.json",
    "side": "Server"
  },
  {
    "op": "replace",
    "path": "/attributes/fruittreeProperties/mango/ripeDays/avg",
    "value": 38,
    "file": "game:blocktypes/plant/fruittreebranch.json",
    "side": "Server"
  },
  {
    "op": "replace",
    "path": "/attributes/fruittreeProperties/olive/ripeDays/avg",
    "value": 80,
    "file": "game:blocktypes/plant/fruittreebranch.json",
    "side": "Server"
  },
  {
    "op": "replace",
    "path": "/attributes/fruittreeProperties/orange/ripeDays/avg",
    "value": 42,
    "file": "game:blocktypes/plant/fruittreebranch.json",
    "side": "Server"
  },
  {
    "op": "replace",
    "path": "/attributes/fruittreeProperties/peach/ripeDays/avg",
    "value": 28,
    "file": "game:blocktypes/plant/fruittreebranch.json",
    "side": "Server"
  },
  {
    "op": "replace",
    "path": "/attributes/fruittreeProperties/pear/ripeDays/avg",
    "value": 80,
    "file": "game:blocktypes/plant/fruittreebranch.json",
    "side": "Server"
  },
  {
    "op": "replace",
    "path": "/attributes/fruittreeProperties/pinkapple/ripeDays/avg",
    "value": 34,
    "file": "game:blocktypes/plant/fruittreebranch.json",
    "side": "Server"
  },
  {
    "op": "replace",
    "path": "/attributes/fruittreeProperties/pomegranate/ripeDays/avg",
    "value": 38,
    "file": "game:blocktypes/plant/fruittreebranch.json",
    "side": "Server"
  },
  {
    "op": "replace",
    "path": "/attributes/fruittreeProperties/redapple/ripeDays/avg",
    "value": 42,
    "file": "game:blocktypes/plant/fruittreebranch.json",
    "side": "Server"
  },
  {
    "op": "replace",
    "path": "/attributes/fruittreeProperties/yellowapple/ripeDays/avg",
    "value": 38,
    "file": "game:blocktypes/plant/fruittreebranch.json",
    "side": "Server"
  }
]