[
  {
    "op": "addmerge",
    "path": "/server/behaviors/9/aitasks/2/entityCodesByType/*/-",
    "value": "caninae-cerdocyonini-*",
    "file": "game:entities/animal/mammal/bear-adult.json",
    "side": "Server"
  },
  {
    "op": "addmerge",
    "path": "/server/behaviors/9/aitasks/2/entityCodesByType/*/-",
    "value": "caninae-urocyonini-*",
    "file": "game:entities/animal/mammal/bear-adult.json",
    "side": "Server"
  },
  {
    "op": "addmerge",
    "path": "/server/behaviors/9/aitasks/2/entityCodesByType/*/-",
    "value": "caninae-vulpini-*",
    "file": "game:entities/animal/mammal/bear-adult.json",
    "side": "Server"
  },
  {
    "op": "addmerge",
    "path": "/server/behaviors/9/aitasks/3/entityCodes/-",
    "value": "caninae-cerdocyonini-*",
    "file": "game:entities/animal/mammal/bear-adult.json",
    "side": "Server"
  },
  {
    "op": "addmerge",
    "path": "/server/behaviors/9/aitasks/3/entityCodes/-",
    "value": "caninae-urocyonini-*",
    "file": "game:entities/animal/mammal/bear-adult.json",
    "side": "Server"
  },
  {
    "op": "addmerge",
    "path": "/server/behaviors/9/aitasks/3/entityCodes/-",
    "value": "caninae-vulpini-*",
    "file": "game:entities/animal/mammal/bear-adult.json",
    "side": "Server"
  }
]