[

  {
    "ingredientPattern": "S,L",
    "requiresTrait": "lumberjack",
    "ingredients": {

      "S": {
        "type": "Item",
        "code": "game:saw-*",
        "isTool": true
      },
      "L": {
        "type": "Block",
        "code": "game:supportbeam-oak"
      }
    },
    "width": 1,
    "height": 2,
    "output": {
      "type": "Block",
      "code": "game:palisadewall-four-lower-cornerin-west",
      "quantity": 4
    }
  },
  {
    "ingredientPattern": "A,L",
    "requiresTrait": "lumberjack",
    "ingredients": {

      "L": {
        "type": "Block",
        "code": "game:palisadewall-four-lower-cornerin-west",
        "quantity": 1
      },
      "A": {
        "type": "Item",
        "code": "game:knife-generic-*",
        "isTool": true
      }
    },
    "width": 1,
    "height": 2,
    "output": {
      "type": "Block",
      "code": "game:palisadewall-four-top-cornerin-west"
    }
  },
  {
    "ingredientPattern": "_A,FL",
    "requiresTrait": "lumberjack",
    "ingredients": {
      "L": {
        "type": "Block",
        "code": "game:palisadewall-four-lower-cornerin-west",
        "quantity": 1
      },
      "A": {
        "type": "Item",
        "code": "game:knife-generic-*",
        "isTool": true
      },
      "F": {
        "type": "Item",
        "code": "game:axe-felling-*",
        "isTool": true
      }

    },
    "width": 2,
    "height": 2,
    "output": {
      "type": "Block",
      "code": "game:palisadewall-four-halftop-cornerin-west"
    }
  },
  {
    "ingredientPattern": "LLL,_K_",
    "requiresTrait": "lumberjack",
    "ingredients": {

      "L": {
        "type": "Block",
        "code": "game:palisadewall-four-top-cornerin-west"
      },
      "K": {
        "type": "Block",
        "code": "game:palisadewall-four-lower-cornerin-west"
      }
    },
    "width": 3,
    "height": 2,
    "output": {
      "type": "Block",
      "code": "game:palisadestakes-west"
    }
  },




  {
    "ingredientPattern": "LLL",
    "requiresTrait": "lumberjack",
    "ingredients": {

      "L": {
        "type": "Block",
        "code": "game:palisadewall-four-lower-cornerin-west",
        "quantity": 1
      }
    },
    "width": 3,
    "height": 1,
    "output": {
      "type": "Block",
      "code": "game:palisadewall-three-lower-wall-west"
    }
  },
  {
    "requiresTrait": "lumberjack",
    "ingredientPattern": "LLL",
    "ingredients": {

      "L": {
        "type": "Block",
        "code": "game:palisadewall-four-top-cornerin-west",
        "quantity": 1
      }
    },
    "width": 3,
    "height": 1,
    "output": {
      "type": "Block",
      "code": "game:palisadewall-three-top-wall-west"
    }
  },
  {
    "ingredientPattern": "LLL",
    "requiresTrait": "lumberjack",
    "ingredients": {

      "L": {
        "type": "Block",
        "code": "game:palisadewall-four-halftop-cornerin-west",
        "quantity": 1
      }
    },
    "width": 3,
    "height": 1,
    "output": {
      "type": "Block",
      "code": "game:palisadewall-three-halftop-wall-west"
    }
  },
  {
    "ingredientPattern": "_F_,LLL",
    "requiresTrait": "lumberjack",
    "ingredients": {

      "L": {
        "type": "Block",
        "code": "game:palisadewall-four-halftop-cornerin-west",
        "quantity": 1
      },
      "F": {
        "type": "Item",
        "code": "game:flaxfibers"
      }
    },
    "width": 3,
    "height": 2,
    "output": {
      "type": "Block",
      "code": "game:palisadewall-three-toproped-wall-west"
    }
  },





  {
    "ingredientPattern": "LLL,L__",
    "requiresTrait": "lumberjack",
    "ingredients": {

      "L": {
        "type": "Block",
        "code": "game:palisadewall-four-lower-cornerin-west",
        "quantity": 1
      }
    },
    "width": 3,
    "height": 2,
    "output": {
      "type": "Block",
      "code": "game:palisadewall-four-lower-wall-west"
    }
  },
  {
    "ingredientPattern": "LLL,L__",
    "requiresTrait": "lumberjack",
    "ingredients": {

      "L": {
        "type": "Block",
        "code": "game:palisadewall-four-top-cornerin-west",
        "quantity": 1
      }
    },
    "width": 3,
    "height": 2,
    "output": {
      "type": "Block",
      "code": "game:palisadewall-four-top-wall-west"
    }
  },
  {
    "ingredientPattern": "LLL,L__",
    "requiresTrait": "lumberjack",
    "ingredients": {

      "L": {
        "type": "Block",
        "code": "game:palisadewall-four-halftop-cornerin-west",
        "quantity": 1
      }
    },
    "width": 3,
    "height": 2,
    "output": {
      "type": "Block",
      "code": "game:palisadewall-four-halftop-wall-west"
    }
  },
  {
    "ingredientPattern": "_F_,LLL,L__",
    "requiresTrait": "lumberjack",
    "ingredients": {

      "L": {
        "type": "Block",
        "code": "game:palisadewall-four-halftop-cornerin-west",
        "quantity": 1
      },
      "F": {
        "type": "Item",
        "code": "game:flaxfibers"
      }
    },
    "width": 3,
    "height": 3,
    "output": {
      "type": "Block",
      "code": "game:palisadewall-four-toproped-wall-west"
    }
  },





  {
    "ingredientPattern": "KL",
    "requiresTrait": "lumberjack",
    "ingredients": {

      "L": {
        "type": "Block",
        "code": "game:palisadewall-four-lower-wall-west"
      },
      "K": {
        "type": "Block",
        "code": "game:palisadestakes-west"
      }
    },
    "width": 2,
    "height": 1,
    "output": {
      "type": "Block",
      "code": "game:palisadewall-four-lowerspiked-wall-west"
    }
  },
  {
    "ingredientPattern": "KL",
    "requiresTrait": "lumberjack",
    "ingredients": {

      "L": {
        "type": "Block",
        "code": "game:palisadewall-three-lower-wall-west"
      },
      "K": {
        "type": "Block",
        "code": "game:palisadewall-four-lower-wall-west"
      }
    },
    "width": 2,
    "height": 1,
    "output": {
      "type": "Block",
      "code": "game:palisadewall-four-lower-cornerout-west"
    }
  },
  {
    "ingredientPattern": "KL",
    "requiresTrait": "lumberjack",
    "ingredients": {

      "L": {
        "type": "Block",
        "code": "game:palisadewall-four-halftop-wall-west"
      },
      "K": {
        "type": "Block",
        "code": "game:palisadewall-three-halftop-wall-west"
      }
    },
    "width": 2,
    "height": 1,
    "output": {
      "type": "Block",
      "code": "game:palisadewall-four-halftop-cornerout-west"
    }
  },
  {
    "ingredientPattern": "KL",
    "requiresTrait": "lumberjack",
    "ingredients": {

      "L": {
        "type": "Block",
        "code": "game:palisadewall-four-top-wall-west"
      },
      "K": {
        "type": "Block",
        "code": "game:palisadewall-three-top-wall-west"
      }
    },
    "width": 2,
    "height": 1,
    "output": {
      "type": "Block",
      "code": "game:palisadewall-four-top-cornerout-west"
    }
  }
]