{
	"code": "bonearmor",
	"class": "ItemWearable",
	"heldTpIdleAnimation": "holdunderarm",
	"variantgroups": [
		{
			"code": "bodypart",
			"states": [ "head", "body", "legs" ]
		}
	],
	//"skipVariants": [],
	//"allowedVariants": [],
	"shapeByType": {
		"bonearmor-head": { "base": "game:entity/humanoid/seraph/armor/plate/head-bronze" },
		"bonearmor-body": { "base": "game:entity/humanoid/seraph/armor/improvised/body" },
		"bonearmor-legs": { "base": "game:entity/humanoid/seraph/armor/lamellar/legs" }
	},
	"texturesByType": {
		"*bonearmor-head": {
			"seraph": { "base": "game:block/transparent" },
			"material": { "base": "vanillaarmory:boneimprovisedheadlegs" }
		},
		"*bonearmor-body": {
			"seraph": { "base": "game:block/transparent" },
			"wood": { "base": "vanillaarmory:boneimprovisedbody" }
		},
		"*bonearmor-legs": {
			"seraph": { "base": "game:block/transparent" },
			"material": { "base": "vanillaarmory:boneimprovisedheadlegs" }
		}

	},
		"storageFlags": 128,
		//"__comment": "'keepElements names must also be added to game/entities/humanoid/player file, under the 'disableElements' attribute.",
		"attributes": {
			"handbook": {
				"groupBy": [ "sturdyleatherarmor-{bodypart}" ]
			},
			"visibleDamageEffect": true,
			"clothesCategoryByType": {
				"bonearmor-head": "armorhead",
				"bonearmor-body": "armorbody",
				"bonearmor-legs": "armorlegs"
			},
			"attachableToEntity": {
				"texturePrefixCode": "bonearmor-{bodypart}",
				"categoryCodeByType": {
					"bonearmor-head": "armorhead",
					"bonearmor-body": "armorbody",
					"bonearmor-legs": "armorlegs"
				},
				"disableElementsByType": {
					"bonearmor-head": ["hidehat", "Hood", "hoodupperover", "Hair tile upper part", "ponytailhigh", "ponytaillow", "Hair", "hair-uncovered", "sidehigh", "sidelow", "bangs"],
				},
				"keepElementsByType": {
					"bonearmor-head": [ "hair-covered" ]
				}
			},
			"defaultProtLoss": {
				"perTierRelativeProtectionLoss": [ 0.03, 0.15 ],
				"perTierFlatDamageReductionLoss": [ 0.1, 0.2 ]
			},
			"footStepSoundByType": {
				"sturdyleatherarmor-body": "game:wearable/leather*"
			},
			"protectionModifiersByType": {
				"bonearmor-*": {
					"relativeProtection": 0.65,
					"flatDamageReduction": 0.15,
					"protectionTier": 0,
					"perTierRelativeProtectionLoss": [ 0.015, 0.075 ],
					"perTierFlatDamageReductionLoss": [ 0.05, 0.1 ]
				}
			},
			"statModifiersByType": {}
		},
		"creativeinventory": {
			"general": [ "*" ],
			"items": [ "*" ],
			 "vanillaarmory": ["*"],
			"clothing": [ "*" ],
		},
		"renderAlphaTest": 0.25,
		"durabilityByType": {
			"bonearmor-*": 125
		},

		"fpHandTransformByType": {
			"bonearmor-head": {
				"translation": {
					"x": 0.4,
					"y": -1.9,
					"z": -0.5
				},
				"rotation": {
					"x": 163,
					"y": -111,
					"z": -180
				},
				"origin": {
					"x": 0.5,
					"y": 1.7,
					"z": 0.5
				},
				"scale": 2.15
			},
			"bonearmor-body": {
				"translation": {
					"x": 0.4,
					"y": -1.2,
					"z": -0.5
				},
				"rotation": {
					"x": 163,
					"y": -111,
					"z": -180
				},
				"origin": {
					"x": 0.5,
					"y": 1.6,
					"z": 0.5
				},
				"scale": 2.15
			},
			"bonearmor-legs": {
				"translation": {
					"x": 0.4,
					"y": -1.2,
					"z": -0.5
				},
				"rotation": {
					"x": 163,
					"y": -111,
					"z": -180
				},
				"origin": {
					"x": 0.5,
					"y": 1.6,
					"z": 0.5
				},
				"scale": 2.15
			}
		},
		"tpHandTransformByType": {
			"bonearmor-head": {
				"translation": {
					"x": -0.82,
					"y": -2.2,
					"z": -0.5
				},
				"rotation": {
					"x": 18,
					"y": 169,
					"z": 30
				},
				"origin": {
					"x": 0.5,
					"y": 1.7,
					"z": 0.5
				},
				"scale": 0.64
			},
			"bonearmor-body": {
				"translation": {
					"x": -1,
					"y": -1.9,
					"z": -0.5
				},
				"rotation": {
					"x": 97,
					"y": -168,
					"z": 94
				},
				"origin": {
					"x": 0.5,
					"y": 1.5,
					"z": 0.5
				},
				"scale": 0.67
			},
			"bonearmor-legs": {
				"translation": {
					"x": -0.7,
					"y": -0.6,
					"z": -0.4
				},
				"rotation": {
					"x": 95,
					"y": -20,
					"z": -91
				},
				"origin": {
					"x": 0.5,
					"y": 0.7,
					"z": 0.5
				},
				"scale": 0.74
			}
		},
		"guiTransformByType": {
			"bonearmor-legs": {
				"translation": {
					"x": 1,
					"y": 0,
					"z": 0
				},
				"rotation": {
					"x": -26,
					"y": -46,
					"z": -180
				},
				"origin": {
					"x": 0.5,
					"y": 0.37,
					"z": 0.53
				},
				"scale": 2.14
			},
			"bonearmor-head": {
				"translation": {
					"x": 0,
					"y": 0,
					"z": 0
				},
				"rotation": {
					"x": -26,
					"y": -46,
					"z": -180
				},
				"origin": {
					"x": 0.6,
					"y": 1.72,
					"z": 0.5
				},
				"scale": 2
			},
			"bonearmor-body": {
				"translation": {
					"x": 3,
					"y": 0,
					"z": 0
				},
				"rotation": {
					"x": -26,
					"y": -46,
					"z": -180
				},
				"origin": {
					"x": 0.5,
					"y": 1.11,
					"z": 0.5
				},
				"scale": 1.37
			},
			//"bonearmor-legs": {
			//	"translation": {
			//		"x": 1,
			//		"y": 0,
			//		"z": 0
			//	},
			//	"rotation": {
			//		"x": -26,
			//		"y": -46,
			//		"z": -180
			//	},
			//	"origin": {
			//		"x": 0.5,
			//		"y": 0.6,
			//		"z": 0.5
			//	},
			//	"scale": 1.25
			//},
			"groundTransformByType": {
				"bonearmor-head": {
					"translation": {
						"x": 0,
						"y": 0,
						"z": 0
					},
					"rotation": {
						"x": 0,
						"y": 0,
						"z": 0
					},
					"origin": {
						"x": 0.34,
						"y": 1.71,
						"z": 0.5
					},
					"scale": 3.1
				},
				"bonearmor-body": {
					"translation": {
						"x": 0,
						"y": 0,
						"z": 0
					},
					"rotation": {
						"x": 0,
						"y": 0,
						"z": 90
					},
					"origin": {
						"x": 0.34,
						"y": 1.12,
						"z": 0.5
					},
					"scale": 3.1
				},
				"bonearmor-legs": {
					"translation": {
						"x": 0,
						"y": 0,
						"z": 0
					},
					"rotation": {
						"x": 0,
						"y": 0,
						"z": 90
					},
					"origin": {
						"x": 0.34,
						"y": 1.12,
						"z": 0.5
					},
					"scale": 3.1
				}
			},
			"combustiblePropsByType": {}

		}
	}
