[
	{ "op": "addmerge", "path": "/0/attributes/inblock/allowedVariants/-", "value": "monzonite", "file": "game:worldgen/deposits/metalore/bismuthinite.json" },
	{ "op": "addmerge", "path": "/0/attributes/inblock/allowedVariants/-", "value": "syenite", "file": "game:worldgen/deposits/metalore/bismuthinite.json" },

		{ "op": "addmerge", "path": "/0/attributes/inblock/allowedVariants/-", "value": "arenite", "file": "game:worldgen/deposits/metalore/cassiterite.json" },
		{ "op": "addmerge", "path": "/0/attributes/inblock/allowedVariants/-", "value": "arkose", "file": "game:worldgen/deposits/metalore/cassiterite.json" },
		{ "op": "addmerge", "path": "/0/attributes/inblock/allowedVariants/-", "value": "syenite", "file": "game:worldgen/deposits/metalore/cassiterite.json" },

		{ "op": "addmerge", "path": "/1/attributes/inblock/allowedVariants/-", "value": "arenite", "file": "game:worldgen/deposits/metalore/cassiterite.json" },
		{ "op": "addmerge", "path": "/1/attributes/inblock/allowedVariants/-", "value": "arkose", "file": "game:worldgen/deposits/metalore/cassiterite.json" },
		{ "op": "addmerge", "path": "/1/attributes/inblock/allowedVariants/-", "value": "syenite", "file": "game:worldgen/deposits/metalore/cassiterite.json" },

		{ "op": "addmerge", "path": "/2/attributes/inblock/allowedVariants/-", "value": "arenite", "file": "game:worldgen/deposits/metalore/cassiterite.json" },
		{ "op": "addmerge", "path": "/2/attributes/inblock/allowedVariants/-", "value": "arkose", "file": "game:worldgen/deposits/metalore/cassiterite.json" },
		{ "op": "addmerge", "path": "/2/attributes/inblock/allowedVariants/-", "value": "syenite", "file": "game:worldgen/deposits/metalore/cassiterite.json" },

	{ "op": "addmerge", "path": "/0/attributes/inblock/allowedVariants/-", "value": "serpentinite", "file": "game:worldgen/deposits/metalore/chromite.json" },
	{ "op": "addmerge", "path": "/0/attributes/inblock/allowedVariants/-", "value": "pyroxenite", "file": "game:worldgen/deposits/metalore/chromite.json" },
	{ "op": "addmerge", "path": "/0/attributes/inblock/allowedVariants/-", "value": "komatiite", "file": "game:worldgen/deposits/metalore/chromite.json" },

	{ "op": "addmerge", "path": "/0/attributes/inblock/allowedVariants/-", "value": "arenite", "file": "game:worldgen/deposits/metalore/galena.json" },
	{ "op": "addmerge", "path": "/0/attributes/inblock/allowedVariants/-", "value": "arkose", "file": "game:worldgen/deposits/metalore/galena.json" },
	{ "op": "addmerge", "path": "/0/attributes/inblock/allowedVariants/-", "value": "wacke", "file": "game:worldgen/deposits/metalore/galena.json" },
	{ "op": "addmerge", "path": "/0/attributes/inblock/allowedVariants/-", "value": "travertine", "file": "game:worldgen/deposits/metalore/galena.json" },
	{ "op": "addmerge", "path": "/0/attributes/inblock/allowedVariants/-", "value": "monzonite", "file": "game:worldgen/deposits/metalore/galena.json" },
	{ "op": "addmerge", "path": "/0/attributes/inblock/allowedVariants/-", "value": "syenite", "file": "game:worldgen/deposits/metalore/galena.json" },

		{ "op": "addmerge", "path": "/0/attributes/placeblock/allowedVariantsByInBlock/rock-arenite", "value": [ "poor", "medium" ], "file": "game:worldgen/deposits/metalore/galena.json" },
		{ "op": "addmerge", "path": "/0/attributes/placeblock/allowedVariantsByInBlock/rock-arkose", "value": [ "poor", "medium" ], "file": "game:worldgen/deposits/metalore/galena.json" },
		{ "op": "addmerge", "path": "/0/attributes/placeblock/allowedVariantsByInBlock/rock-wacke", "value": [ "poor", "medium" ], "file": "game:worldgen/deposits/metalore/galena.json" },
		{ "op": "addmerge", "path": "/0/attributes/placeblock/allowedVariantsByInBlock/rock-travertine", "value": [ "poor", "medium" ], "file": "game:worldgen/deposits/metalore/galena.json" },
		{ "op": "addmerge", "path": "/0/attributes/placeblock/allowedVariantsByInBlock/rock-monzonite", "value": [ "poor", "medium" ], "file": "game:worldgen/deposits/metalore/galena.json" },
		{ "op": "addmerge", "path": "/0/attributes/placeblock/allowedVariantsByInBlock/rock-syenite", "value": [ "poor", "medium" ], "file": "game:worldgen/deposits/metalore/galena.json" },

	{ "op": "addmerge", "path": "/0/attributes/inblock/allowedVariants/-", "value": "pyroxenite", "file": "game:worldgen/deposits/metalore/ilmenite.json" },
	{ "op": "addmerge", "path": "/0/attributes/inblock/allowedVariants/-", "value": "komatiite", "file": "game:worldgen/deposits/metalore/ilmenite.json" },
	{ "op": "addmerge", "path": "/0/attributes/inblock/allowedVariants/-", "value": "monzonite", "file": "game:worldgen/deposits/metalore/ilmenite.json" },
	{ "op": "addmerge", "path": "/0/attributes/inblock/allowedVariants/-", "value": "syenite", "file": "game:worldgen/deposits/metalore/ilmenite.json" },

		{ "op": "addmerge", "path": "/0/attributes/inblock/allowedVariants/-", "value": "arenite", "file": "game:worldgen/deposits/metalore/iron.json" },
		{ "op": "addmerge", "path": "/0/attributes/inblock/allowedVariants/-", "value": "marl", "file": "game:worldgen/deposits/metalore/iron.json" },
		{ "op": "addmerge", "path": "/0/attributes/inblock/allowedVariants/-", "value": "wacke", "file": "game:worldgen/deposits/metalore/iron.json" },
		{ "op": "addmerge", "path": "/0/attributes/inblock/allowedVariants/-", "value": "monzonite", "file": "game:worldgen/deposits/metalore/iron.json" },
		{ "op": "addmerge", "path": "/0/attributes/inblock/allowedVariants/-", "value": "syenite", "file": "game:worldgen/deposits/metalore/iron.json" },

		{ "op": "addmerge", "path": "/1/attributes/inblock/allowedVariants/-", "value": "arenite", "file": "game:worldgen/deposits/metalore/iron.json" },
		{ "op": "addmerge", "path": "/1/attributes/inblock/allowedVariants/-", "value": "arkose", "file": "game:worldgen/deposits/metalore/iron.json" },
		{ "op": "addmerge", "path": "/1/attributes/inblock/allowedVariants/-", "value": "marl", "file": "game:worldgen/deposits/metalore/iron.json" },
		{ "op": "addmerge", "path": "/1/attributes/inblock/allowedVariants/-", "value": "serpentinite", "file": "game:worldgen/deposits/metalore/iron.json" },
		{ "op": "addmerge", "path": "/1/attributes/inblock/allowedVariants/-", "value": "wacke", "file": "game:worldgen/deposits/metalore/iron.json" },
		{ "op": "addmerge", "path": "/1/attributes/inblock/allowedVariants/-", "value": "monzonite", "file": "game:worldgen/deposits/metalore/iron.json" },
		{ "op": "addmerge", "path": "/1/attributes/inblock/allowedVariants/-", "value": "syenite", "file": "game:worldgen/deposits/metalore/iron.json" },

		{ "op": "addmerge", "path": "/2/attributes/inblock/allowedVariants/-", "value": "arenite", "file": "game:worldgen/deposits/metalore/iron.json" },
		{ "op": "addmerge", "path": "/2/attributes/inblock/allowedVariants/-", "value": "arkose", "file": "game:worldgen/deposits/metalore/iron.json" },
		{ "op": "addmerge", "path": "/2/attributes/inblock/allowedVariants/-", "value": "wacke", "file": "game:worldgen/deposits/metalore/iron.json" },
		{ "op": "addmerge", "path": "/2/attributes/inblock/allowedVariants/-", "value": "serpentinite", "file": "game:worldgen/deposits/metalore/iron.json" },
		{ "op": "addmerge", "path": "/2/attributes/inblock/allowedVariants/-", "value": "komatiite", "file": "game:worldgen/deposits/metalore/iron.json" },
		{ "op": "addmerge", "path": "/2/attributes/inblock/allowedVariants/-", "value": "pyroxenite", "file": "game:worldgen/deposits/metalore/iron.json" },
		{ "op": "addmerge", "path": "/2/attributes/inblock/allowedVariants/-", "value": "monzonite", "file": "game:worldgen/deposits/metalore/iron.json" },
		{ "op": "addmerge", "path": "/2/attributes/inblock/allowedVariants/-", "value": "syenite", "file": "game:worldgen/deposits/metalore/iron.json" },

	{ "op": "addmerge", "path": "/0/attributes/inblock/allowedVariants/-", "value": "travertine", "file": "game:worldgen/deposits/metalore/malachite.json" },
	{ "op": "addmerge", "path": "/0/attributes/inblock/allowedVariants/-", "value": "monzonite", "file": "game:worldgen/deposits/metalore/malachite.json" },
	{ "op": "addmerge", "path": "/0/attributes/inblock/allowedVariants/-", "value": "syenite", "file": "game:worldgen/deposits/metalore/malachite.json" },

		{ "op": "addmerge", "path": "/0/attributes/inblock/allowedVariants/-", "value": "arenite", "file": "game:worldgen/deposits/metalore/nativecopper.json" },
		{ "op": "addmerge", "path": "/0/attributes/inblock/allowedVariants/-", "value": "arkose", "file": "game:worldgen/deposits/metalore/nativecopper.json" },
		{ "op": "addmerge", "path": "/0/attributes/inblock/allowedVariants/-", "value": "serpentinite", "file": "game:worldgen/deposits/metalore/nativecopper.json" },
		{ "op": "addmerge", "path": "/0/attributes/inblock/allowedVariants/-", "value": "wacke", "file": "game:worldgen/deposits/metalore/nativecopper.json" },
		{ "op": "addmerge", "path": "/0/attributes/inblock/allowedVariants/-", "value": "pyroxenite", "file": "game:worldgen/deposits/metalore/nativecopper.json" },
		{ "op": "addmerge", "path": "/0/attributes/inblock/allowedVariants/-", "value": "monzonite", "file": "game:worldgen/deposits/metalore/nativecopper.json" },
		{ "op": "addmerge", "path": "/0/attributes/inblock/allowedVariants/-", "value": "syenite", "file": "game:worldgen/deposits/metalore/nativecopper.json" },

		{ "op": "addmerge", "path": "/1/attributes/inblock/allowedVariants/-", "value": "arenite", "file": "game:worldgen/deposits/metalore/nativecopper.json" },
		{ "op": "addmerge", "path": "/1/attributes/inblock/allowedVariants/-", "value": "arkose", "file": "game:worldgen/deposits/metalore/nativecopper.json" },
		{ "op": "addmerge", "path": "/1/attributes/inblock/allowedVariants/-", "value": "serpentinite", "file": "game:worldgen/deposits/metalore/nativecopper.json" },
		{ "op": "addmerge", "path": "/1/attributes/inblock/allowedVariants/-", "value": "wacke", "file": "game:worldgen/deposits/metalore/nativecopper.json" },
		{ "op": "addmerge", "path": "/1/attributes/inblock/allowedVariants/-", "value": "pyroxenite", "file": "game:worldgen/deposits/metalore/nativecopper.json" },
		{ "op": "addmerge", "path": "/1/attributes/inblock/allowedVariants/-", "value": "monzonite", "file": "game:worldgen/deposits/metalore/nativecopper.json" },
		{ "op": "addmerge", "path": "/1/attributes/inblock/allowedVariants/-", "value": "syenite", "file": "game:worldgen/deposits/metalore/nativecopper.json" },

	{ "op": "addmerge", "path": "/0/attributes/inblock/allowedVariants/-", "value": "serpentinite", "file": "game:worldgen/deposits/metalore/pentlandite.json" },
	{ "op": "addmerge", "path": "/0/attributes/inblock/allowedVariants/-", "value": "komatiite", "file": "game:worldgen/deposits/metalore/pentlandite.json" },
	{ "op": "addmerge", "path": "/0/attributes/inblock/allowedVariants/-", "value": "pyroxenite", "file": "game:worldgen/deposits/metalore/pentlandite.json" },

	{ "op": "addmerge", "path": "/0/attributes/inblock/allowedVariants/-", "value": "arenite", "file": "game:worldgen/deposits/metalore/rhodochrosite.json" },
	{ "op": "addmerge", "path": "/0/attributes/inblock/allowedVariants/-", "value": "marl", "file": "game:worldgen/deposits/metalore/rhodochrosite.json" },
	{ "op": "addmerge", "path": "/0/attributes/inblock/allowedVariants/-", "value": "wacke", "file": "game:worldgen/deposits/metalore/rhodochrosite.json" },

	{ "op": "addmerge", "path": "/0/attributes/inblock/allowedVariants/-", "value": "wacke", "file": "game:worldgen/deposits/metalore/sphalerite.json" },
	{ "op": "addmerge", "path": "/0/attributes/inblock/allowedVariants/-", "value": "marl", "file": "game:worldgen/deposits/metalore/sphalerite.json" },
	{ "op": "addmerge", "path": "/0/attributes/inblock/allowedVariants/-", "value": "arenite", "file": "game:worldgen/deposits/metalore/sphalerite.json" },
	{ "op": "addmerge", "path": "/0/attributes/inblock/allowedVariants/-", "value": "arkose", "file": "game:worldgen/deposits/metalore/sphalerite.json" },
	{ "op": "addmerge", "path": "/0/attributes/inblock/allowedVariants/-", "value": "monzonite", "file": "game:worldgen/deposits/metalore/sphalerite.json" },
	{ "op": "addmerge", "path": "/0/attributes/inblock/allowedVariants/-", "value": "syenite", "file": "game:worldgen/deposits/metalore/sphalerite.json" },
]