[
  {
    "op": "addmerge",
    "path": "/attributes/skinnableParts/-",
    "value": {
      "code": "eyebrowcolor",
      "textureTarget": "playermodellib-eyes",
      "targetSkinParts": ["facialexpression"],
      "overlayTexture": true,
      "type": "texture",
      "textureTemplate": "entity/humanoid/seraphskinparts/eyebrowcolor/{code}",
      "variants": [
        { "code": "lightgray", "color": "200207215" },
        { "code": "silverchalice", "color": "166169176" },
        { "code": "slategray", "color": "053054057" },
        { "code": "eerieblack", "color": "032032032" },
        { "code": "mossgreen", "color": "132126108" },
        { "code": "seagreen", "color": "098108083" },
        { "code": "wintergreendream", "color": "129104074" },
        { "code": "steelblue", "color": "141144112" },
        { "code": "queenblue", "color": "102125132" },
        { "code": "indigodye", "color": "135126123" },
        { "code": "heliotropegray", "color": "172155125" },
        { "code": "palatinatepurple", "color": "075048033" },
        { "code": "darkpurple", "color": "063052035" },
        { "code": "wheat", "color": "212190171" },
        { "code": "ecru", "color": "184178154" },
        { "code": "sanddune", "color": "181143067" },
        { "code": "harvestgold", "color": "160113024" },
        { "code": "cordovan", "color": "142075041" },
        { "code": "rosewood", "color": "124050012" },
        { "code": "russet", "color": "117061032" },
        { "code": "liver", "color": "086035012" },
        { "code": "oldburgundy", "color": "057030013" },
        { "code": "skin4", "color": "020037035" }
      ]
    },
    "file": "game:entities/humanoid/player.json",
    "dependsOn": [{ "modid": "playermodellib" }]
  }
]