[
  {
    "file": "fahussar:itemtypes/wearable/hussar/fa-hussar-legs",
    "op": "addmerge",
    "path": "/behaviors",
    "dependsOn": [{ "modId": "combatoverhaul" }],
    "value": [
      {
        "name": "CombatOverhaul:Armor",
        "propertiesByType": {
          "fa-hussar-legs-steel-heavy-*bear*": {
            "Layers": ["Outer"],
            "Zones": ["Legs", "Feet"],
            "Resists": {
              "PiercingAttack": 9,
              "SlashingAttack": 6,
              "BluntAttack": 8
            },
            "FlatReduction": {},
            "PlayerStats": {
              "walkspeed": -0.10,
              "manipulationSpeed": 0,
              "steadyAim": 0,
              "healingeffectivness": -0.06,
              "hungerrate": 0.06
            }
          },
          "fa-hussar-legs-*iron-heavy-*bear*": {
            "Layers": ["Outer"],
            "Zones": ["Legs", "Feet"],
            "Resists": {
              "PiercingAttack": 8,
              "SlashingAttack": 5,
              "BluntAttack": 7
            },
            "FlatReduction": {},
            "PlayerStats": {
              "walkspeed": -0.10,
              "manipulationSpeed": 0,
              "steadyAim": 0,
              "healingeffectivness": -0.06,
              "hungerrate": 0.06
            }
          },
          "fa-hussar-legs-steel-light-*bear*": {
            "Layers": ["Outer"],
            "Zones": ["Legs", "Feet"],
            "Resists": {
              "PiercingAttack": 7,
              "SlashingAttack": 6,
              "BluntAttack": 7
            },
            "FlatReduction": {},
            "PlayerStats": {
              "walkspeed": -0.07,
              "manipulationSpeed": 0,
              "steadyAim": 0,
              "healingeffectivness": -0.06,
              "hungerrate": 0.03
            }
          },
          "fa-hussar-legs-*iron-light-*bear*": {
            "Layers": ["Outer"],
            "Zones": ["Legs", "Feet"],
            "Resists": {
              "PiercingAttack": 6,
              "SlashingAttack": 5,
              "BluntAttack": 6
            },
            "FlatReduction": {},
            "PlayerStats": {
              "walkspeed": -0.07,
              "manipulationSpeed": 0,
              "steadyAim": 0,
              "healingeffectivness": -0.06,
              "hungerrate": 0.03
            }
          },
          "fa-hussar-legs-steel-heavy-*": {
            "Layers": ["Outer"],
            "Zones": ["Legs", "Feet"],
            "Resists": {
              "PiercingAttack": 9,
              "SlashingAttack": 6,
              "BluntAttack": 8
            },
            "FlatReduction": {},
            "PlayerStats": {
              "walkspeed": -0.08,
              "manipulationSpeed": 0,
              "steadyAim": 0,
              "healingeffectivness": -0.06,
              "hungerrate": 0.06
            }
          },
          "fa-hussar-legs-*iron-heavy-*": {
            "Layers": ["Outer"],
            "Zones": ["Legs", "Feet"],
            "Resists": {
              "PiercingAttack": 8,
              "SlashingAttack": 5,
              "BluntAttack": 7
            },
            "FlatReduction": {},
            "PlayerStats": {
              "walkspeed": -0.08,
              "manipulationSpeed": 0,
              "steadyAim": 0,
              "healingeffectivness": -0.06,
              "hungerrate": 0.06
            }
          },
          "fa-hussar-legs-steel-light-*": {
            "Layers": ["Outer"],
            "Zones": ["Legs", "Feet"],
            "Resists": {
              "PiercingAttack": 7,
              "SlashingAttack": 6,
              "BluntAttack": 7
            },
            "FlatReduction": {},
            "PlayerStats": {
              "walkspeed": -0.05,
              "manipulationSpeed": 0,
              "steadyAim": 0,
              "healingeffectivness": -0.06,
              "hungerrate": 0.03
            }
          },
          "fa-hussar-legs-*iron-light-*": {
            "Layers": ["Outer"],
            "Zones": ["Legs", "Feet"],
            "Resists": {
              "PiercingAttack": 6,
              "SlashingAttack": 5,
              "BluntAttack": 6
            },
            "FlatReduction": {},
            "PlayerStats": {
              "walkspeed": -0.05,
              "manipulationSpeed": 0,
              "steadyAim": 0,
              "healingeffectivness": -0.06,
              "hungerrate": 0.03
            }
          }
        }
      }
    ]
  },
  {
    "file": "fahussar:itemtypes/wearable/hussar/fa-hussar-legs",
    "op": "replace",
    "path": "/durabilityByType",
    "dependsOn": [{ "modId": "combatoverhaul" }],
    "value": {
        "fa-hussar-legs-steel-heavy-*": 20000,
        "fa-hussar-legs-meteoriciron-heavy-*": 10000,
        "fa-hussar-legs-iron-heavy-*": 8000,
        "fa-hussar-legs-steel-light-*": 11400,
        "fa-hussar-legs-meteoriciron-light-*": 7500,
        "fa-hussar-legs-iron-light-*": 6500
    }
  },
  {
    "file": "fahussar:itemtypes/wearable/hussar/fa-hussar-legs",
    "dependsOn": [{ "modId": "combatoverhaul" }],
    "op": "replace",
    "path": "/attributes/protectionModifiersByType",
    "value": { "*": null }
  },
  {
    "file": "fahussar:itemtypes/wearable/hussar/fa-hussar-legs",
    "dependsOn": [{ "modId": "combatoverhaul" }],
    "op": "replace",
    "path": "/attributes/statModifiersByType",
    "value": { "*": null }
  },
  {
    "file": "fahussar:itemtypes/wearable/hussar/fa-hussar-legs",
    "dependsOn": [{ "modId": "combatoverhaul" }],
    "op": "replace",
    "path": "/class",
    "value": "CombatOverhaul:WearableArmor"
  },
  {
    "file": "fahussar:itemtypes/wearable/hussar/fa-hussar-legs",
    "dependsOn": [{ "modId": "combatoverhaul" }],
    "op": "add",
    "path": "/attributes/materialCountByType",
    "value": { "*-legs-*": 8 }
  },  

]
