{
  "code": "support",
  "class": "blocksupport",
  "entityClassByType": {
    "*-main-*": "besupport"
  },
  "rainpermeable": true,
  "snowcoverage": false,
  "lightabsorption": 0,
  "maxstacksize": 16,
  "variantgroups": [
    {
      "code": "material",
      "states": [ "wood", "bamboo", "none" ]
    },
    {
      "code": "type",
      "states": [ "main", "empty" ]
    },
    {
      "code": "side",
      "states": [ "ns", "ew" ]
    }
  ],
  "attributes": {
    "handbook": {
      "groupBy": ["support-*"]
    }
  },
  "drops": [],
  "drawtype": "json",
  "shapebytype": {
    "*-wood-main-ns": {
      "base": "block/support/support",
      "rotateY": 180
    },
    "*-wood-main-ew": {
      "base": "block/support/support",
      "rotateY": 90
    },
    "*-bamboo-main-ns": {
      "base": "block/support/support",
      "rotateY": 180
    },
    "*-bamboo-main-ew": {
      "base": "block/support/support",
      "rotateY": 90
    },
    "*": {
      "base": "block/support/supportempty"
    }
  },
  "texturesByType": {
    "*-wood-main*": {
      "support": {
        "base": "block/{material}/support"
      },
      "rope": {
        "base": "block/raft/rope"
      }
    },
    "*-bamboo-main*": {
      "support": {
        "base": "block/{material}/support"
      },
      "rope": {
        "base": "block/raft/rope"
      }
    }
  },
  "creativeinventory": {
    "general": [
      // "*-wood-main-ns",
      // "*-bamboo-main-ns"
    ],
    "primitive": [
      // "*-wood-main-ns",
      // "*-bamboo-main-ns"
    ]
  },
  "materialDensity": 150,
  "blockmaterial": "Wood",
  "lightAbsorption": 0,
  "sidesolid": {
    "all": false
  },
  "sideopaque": {
    "all": false
  },
  "facecullmode": "nevercull",
  "replaceable": 500,
  "resistance": 1,
  "fpHandTransform": {
    "rotate": false,
    "translation": {
      "x": 0.3,
      "y": -0.1,
      "z": 0
    },
    "rotation": {
      "x": 4,
      "y": -77,
      "z": 3
    },
    "origin": {
      "x": 0.9,
      "y": -3.5,
      "z": 0.5
    },
    "scale": 2.27
  },
  "guiTransform": {
    "rotation": {
      "x": -28,
      "y": -52,
      "z": -3
    },
    "origin": {
      "x": 0.5,
      "y": -0.6,
      "z": 0
    },
    "scale": 0.57
  },
  "tpHandTransform": {
    "rotate": false,
    "translation": {
      "x": -1.9899,
      "y": 1.0099,
      "z": -0.13
    },
    "rotation": {
      "x": -99,
      "y": 87,
      "z": -98
    },
    "origin": {
      "x": 0.5,
      "y": 7.7,
      "z": -0.1
    },
    "scale": 0.89
  },
  "groundTransform": {
    "translation": {
      "x": 0,
      "y": 0,
      "z": 0
    },
    "rotation": {
      "x": 0,
      "y": -56,
      "z": 91
    },
    "origin": {
      "x": 0.41,
      "y": 0.1,
      "z": 0.5
    },
    "scale": 3.88
  },
  "collisionSelectionBoxesByType": {
    "*-main-ns": [
      {
        "x1": 0,
        "y1": 0,
        "z1": 0.75,
        "x2": 1,
        "y2": 0.5,
        "z2": 1.25,
        "rotateY": 180
      }
    ],
    "*-main-ew": [
      {
        "x1": 0,
        "y1": 0.5,
        "z1": 0.75,
        "x2": 1,
        "y2": 1,
        "z2": 1.25,
        "rotateY": 90
      }
    ],
    "*-ns": [
      {
        "x1": 0,
        "y1": 0,
        "z1": 0.75,
        "x2": 1,
        "y2": 0.5,
        "z2": 1.25,
        "rotateY": 0
      }
    ],
    "*-ew": [
      {
        "x1": 0,
        "y1": 0.5,
        "z1": 0.75,
        "x2": 1,
        "y2": 1,
        "z2": 1.25,
        "rotateY": 270
      }
    ]
  }
}
