{
	"code": "inkandquill",
	"behaviors": [
		{ "name": "GroundStorable", "properties": { "layout": "Quadrants", "collisionBox": { "x1": 0, "y1": 0, "z1": 0, "x2": 1, "y2": 0.125, "z2": 1 } } }
	],
	"attributes": {
		"handbook": { "groupBy": [ "inkandquill-{quartz}-*" ] },
		"writingTool": true,
		"bookshelveable": true,
		"displaycaseable": true,
		"shelvable": true
	},
	"variantgroups": [
		{ "code": "quartz", "states": [ "olivine", "rose", "smoky" ] },
		{ "code": "feather", "states": [ "plain" ] },
		{ "code": "ink", "states": [ "black" ] }
	],
	"storageFlags": 257,
	"shape": { "base": "game:item/tool/inkandquill" },
	"texturesByType": {
		"inkandquill-olivine-plain-black": {
			"feather": { "base": "game:item/tool/material/feather" },
			"bituminous": { "base": "game:block/coal/bituminous" },
			"quartz": { "base": "game:block/glass/green" },
			"brass": { "base": "game:block/metal/ingot/gold" }
		},
		"inkandquill-rose-plain-black": {
			"feather": { "base": "game:item/tool/material/feather" },
			"bituminous": { "base": "game:block/coal/bituminous" },
			"quartz": { "base": "game:block/glass/pink" },
			"brass": { "base": "game:block/metal/ingot/silver" }
		},
		"inkandquill-smoky-plain-black": {
			"feather": { "base": "game:item/tool/material/feather" },
			"bituminous": { "base": "game:block/coal/bituminous" },
			"quartz": { "base": "game:block/glass/smoky" },
			"brass": { "base": "game:block/metal/ingot/brass" }
		}
	},
	"creativeinventory": { "general": ["*"], "items": ["*"], "tools": ["*"], "library": ["*"] },
	"guiTransform": {
		"translation": { "x": 0, "y": 0, "z": 0 },
		"rotation": { "x": 148, "y": -40, "z": 0 },
		"origin": { "x": 0.53, "y": 0.23, "z": 0.49 },
		"scale": 3
	},
	"groundTransform": {
		"translation": { "x": 0, "y": 0, "z": 0 },
		"rotation": { "x": 0, "y": 0, "z": 0 },
		"origin": { "x": 0.5, "y": 0, "z": 0.5 },
		"scale": 4.5
	},
	"tpHandTransform": {
		"translation": { "x": -0.91, "y": -0.18, "z": -0.73 },
		"rotation": { "x": -3, "y": 1, "z": -22 },
		"origin": { "x": 0.5, "y": 0.2, "z": 0.5 },
		"scale": 0.7
	},
	"tpOffHandTransform": {
		"translation": { "x": -0.81, "y": -0.18, "z": -0.72 },
		"rotation": { "x": -3, "y": -8, "z": -16 },
		"origin": { "x": 0.5, "y": 0.2, "z": 0.5 },
		"scale": 0.7
	}
}
