{
	"code": "clothes",
	"class": "ItemWearable",
	"variantgroups": [
		{ "code": "category", "states": ["hand"] },
		{ "code": "hand", "onVariant": "category", "states": ["leathergloves"] },
		{ "code": "color", "states": ["black", "brown", "gray", "red", "white", "plain"]}
	],
	"shapeByType": {
		"*": { "base": "item/leathergloves" }
	},
	"storageFlags": 128,
	"attributes": {
		"clothescategory": "hand",
		"wearableAttachment": true,
		"cooling": 0.2
	},
	"attributesByType": {
		"*": { "warmth": 1 }
	},
	"texturesByType": {
		"*": {
			"seraph": { "base": "game:block/transparent" },
			"nonfringegloves": { "base": "item/fringedgloves/{color}"}
		}
	},
	"creativeinventory": {
		"americanfrontiersmanwesternwear": ["*"]
	},
	"renderAlphaTest": 0.25,
	"fpHandTransform": {
		"translation": { "x": 0.6, "y": 0, "z": -0.5 },
		"rotation": { "x": 180, "y": 42, "z": -29 },
		"scale": 2.5
	},
	"tpHandTransform": {
		"translation": { "x": 0.8, "y": -0.6, "z": 0.5 },
		"rotation": { "x": -75, "y": 180, "z": 90 },
		"origin": { "x": 0, "y": 0, "z": 0 },
		"scale": 0.55
	},
	"guiTransform": {
		"translation": { "x": 0, "y": 0, "z": 19 },
		"rotation": { "x": 174, "y": -30, "z": 23 },
		"origin": { "x": 0.52, "y": 0.78, "z": 0.5 },
		"scale": 2.5
	}
}