[
	{
	"op": "add",
	"path": "/client/behaviors/-",
	"value": {
		"code": "shearable",
		"enabled": true,
		"hoursPerUnit": 32,
		"hoursPerUnitGenerationalReduction": 1.2,
		"hoursPerUnitMaxReduction": 12.0,
		"maxGenBonus": 12,
		"generationalMaxGrowthBonus": 2,
		"generationalScratchChanceReduction": 0.08,
		"minQuantity": 6,
		"maxQuantity": 6,
		"minGen": 1,
		"shearsBonus": 4,
		"scratchChance": 0.65,
		"drop": "wool:fleece-generic-gray",
		"dropSecond": "wool:fleece-generic-plain",
		"dropSecondPercentage": 0.15,
		"shearSound": "game:sounds/player/scrape.ogg"
	},
	"file": "game:entities/animal/mammal/hooved/sheep-adult.json",
	"side": "Server"
	},

	{
	"op": "add",
	"path": "/server/behaviors/-",
	"value": {
		"code": "shearable",
		"enabled": true,
		"hoursPerUnit": 32,
		"hoursPerUnitGenerationalReduction": 1.2,
		"hoursPerUnitMaxReduction": 12.0,
		"maxGenBonus": 12,
		"generationalMaxGrowthBonus": 2,
		"generationalScratchChanceReduction": 0.08,
		"minQuantity": 6,
		"maxQuantity": 6,
		"minGen": 1,
		"shearsBonus": 4,
		"scratchChance": 0.65,
		"drop": "wool:fleece-generic-gray",
		"dropSecond": "wool:fleece-generic-plain",
		"dropSecondPercentage": 0.15,
		"shearSound": "game:sounds/player/scrape.ogg"
	},
	"file": "game:entities/animal/mammal/hooved/sheep-adult.json",
	"side": "Server"
	}
]
