[
  {
    "op": "addmerge",
    "comment": "in case it is not there yet",
    "path": "/behaviorConfigs",
    "enabled": true,
    "value": {},
    "file": "game:entities/animal/mammal/hooved/moose-adult.json",
    "side": "Server"
  },

  {
    "op": "addmerge",
    "comment": "in case it is not there yet",
    "path": "/behaviorConfigs/harvestable",
    "enabled": true,
    "value": {},
    "file": "game:entities/animal/mammal/hooved/moose-adult.json",
    "side": "Server"
  },

  {
    "op": "addmerge",
    "comment": "in case it is not there yet",
    "path": "/behaviorConfigs/harvestable/drops",
    "enabled": true,
    "value": [],
    "file": "game:entities/animal/mammal/hooved/moose-adult.json",
    "side": "Server"
  },

  {
    "op": "add",
    "path": "/behaviorConfigs/harvestable/drops/-",
    "enabled": true,
    "value": { "type": "item", "code": "wool:fleece-generic-brown",
		"quantityByType": {
			"deer-moose-adult-female": { "avg": 10, "var": 3 },
			"deer-moose-adult-male": { "avg": 11, "var": 3 },
			"*": { "avg": 0, "var": 0 }
		}
    },
    "file": "game:entities/animal/mammal/hooved/moose-adult.json",
    "side": "Server"
  }
]
