{
  "type": "code",
  "modid": "rpvoicechat",
  "name": "RP Voice Chat",
  "authors": [ "Ridderrasmus", "Purplep_", "Dmitry221060", "Nixie", "RomainOdeval" ],
  "contributors": [ "Floffel", "blakdragan7", "Vlammar", "Kampftroll", "Nyuhnyash" ],
  "description": "A mod that adds in game voice proximity chat! Also bunch of in-game communication tools!",
  "version": "2.3.31",
  "Side": "Universal",
  "RequiredOnClient": true,
  "RequiredOnServer": true,
  "dependencies": {
    "game": "1.21.5"
  }
}
