﻿{
	"code": "canantiweed",
	"class": "CANItemAntiWeed",
	"heldTpUseAnimation": "hoe",
	"behaviors": [
		{
			"name": "GroundStorable",
			"properties": {
				"layout": "WallHalves",
				"wallOffY": 1,
				"ctrlKey": true,
				"selectionBox": {
					"x1": 0,
					"y1": 0,
					"z1": 0,
					"x2": 1,
					"y2": 0.1,
					"z2": 1
				},
				"collisionBox": {
					"x1": 0,
					"y1": 0,
					"z1": 0,
					"x2": 0,
					"y2": 0,
					"z2": 0
				}
			}
		}
	],
	"variantgroups": [
		{
			"code": "material",
			"states": [
				"temporal"
			]
		}
	],
	"shape": {
		"base": "cancrops:anti-weed"
	},
	"durabilitybytype": {
		"*-temporal": 100
	},
	"creativeinventory": {
		"general": [ "*" ],
		"items": [ "*" ]
	},
	"fpHandTransform": {
		"translation": {
			"x": -0.3,
			"y": -0.2,
			"z": 0
		},
		"rotation": {
			"x": -7,
			"y": 16,
			"z": 90
		},
		"scale": 2.5
	},
	"tpHandTransform": {
		"rotation": {
			"x": 3,
			"y": 10,
			"z": -33
		},
		"origin": {
			"x": 0.4,
			"y": 0.55,
			"z": 0.5
		}
	},
	"guiTransform": {
		"rotation": {
			"x": -3,
			"y": -3,
			"z": -180
		},
		"origin": {
			"x": 0.5,
			"y": 0.3,
			"z": -0
		},
		"scale": 1.94
	},
	"groundTransform": {
		"translation": {
			"x": 0,
			"y": 0,
			"z": 0
		},
		"rotation": {
			"x": 0,
			"y": 0,
			"z": 0
		},
		"origin": {
			"x": 0.5,
			"y": 0,
			"z": 0.5
		},
		"scale": 3.6
	}
}