[
	{
	"ingredientPattern": "BKB",
	"ingredients": {
		"K": { "type": "item", "code": "game:knife-generic-*", "isTool": true },
		"B": { "type": "item", "code": "game:bone", "quantity": 1 }
	},
	"width": 3,
	"height": 1,
	"output": { "type": "item", "code": "wool:kneedle-bone", "quantity": 1 }
	},

	{
	"ingredientPattern": "SKS",
	"ingredients": {
		"K": { "type": "item", "code": "game:knife-generic-*", "isTool": true },
		"S": { "type": "item", "code": "game:stick", "quantity": 1 }
	},
	"width": 3,
	"height": 1,
	"output": { "type": "item", "code": "wool:kneedle-wood", "quantity": 1 }
	},

	{
	"ingredientPattern": "K,S",
	"ingredients": {
		"K": { "type": "item", "code": "game:knife-generic-*", "isTool": true },
		"S": { "type": "item", "code": "game:antler-*", "quantity": 1 }
	},
	"width": 1,
	"height": 2,
	"output": { "type": "item", "code": "wool:kneedle-horn", "quantity": 1 }
	}
]
