{
	code: "syrup",
	class: "ItemLiquidPortion",
	variantgroups: [
		{ code: "type", states: ["sugarcane", "sugarbeet"] },
	],
	matterState: "liquid",
	attributes: {
		handbook: {
			ignoreCreativeInvStacks: true
		},
		"inBowlShape": { "base": "game:block/food/meal/liquid" },
		nutritionPropsWhenInMealByType: { 
			"*": { satiety: 120, health: 1, foodcategory: "Fruit" }
		},
		"inPiePropertiesByType": { 
			"*": {
				"texture": "game:block/food/pie/fill-carrot",
				"partType": "Filling"
			}
		},
		waterTightContainerProps: {
			containable: true,
			itemsPerLitre: 100,
			texture: { base: "farmcrops:block/liquid/sugarcanesyrup" },
			allowSpill: true,
			whenSpilledByType: {
				"*-sugarcane": { action: "DropContents",
					stack: { type: "item", code: "farmcrops:syrup-sugarcane" }},
				"*-sugarbeet": { action: "DropContents",
					stack: { type: "item", code: "farmcrops:syrup-sugarbeet" }}
			},
			nutritionPropsPerLitreByType: {
				"*":  {	saturation: 800, "health": 1, foodcategory: "Vegetable" }
			}
		}
	},
	shape: { base: "game:item/liquid" },
	texture: { base: "farmcrops:block/liquid/sugarcanesyrup" },


	creativeinventoryStacks: [ { tabs: ["general", "liquids", "farmcrops"], stacks: [ { type: "block", code: "game:woodbucket", attributes: { ucontents: [ { type:"item", code: "farmcrops:syrup-{type}", makefull: true } ] } } ] } ],
	maxstacksize: 5000,
	materialDensity: 200,
	guiTransform: {
		rotation: { x: 128, y: 40, z: 7 },
		origin: { x: 0.5, y: 0, z: 0.5 },
		scale: 1.4
	},
	fpHandTransform: {
		translation: { x: 0, y: 0, z: 0 },
		rotation: { x: 42, y: 129, z: -30 }
	},
	tpHandTransform: {
		translation: { x: -1.5, y: -1, z: -1.4 },
	}
}
