{
	code: "vegetablejuiceportion",
	class: "ItemLiquidPortion",
	matterState: "liquid",
	"variantgroups": [{
		"code": "type",
		"states": ["beet", "cauliflower", "corn", "eggplant", "jalapeno", "potato", "yam"]
	}],
	attributes: {
		handbook: {
			ignoreCreativeInvStacks: true
		},
		"inBowlShape": { "base": "game:block/food/meal/liquid" },
		nutritionPropsWhenInMeal: { satiety: 300, foodcategory: "Vegetable" },
		waterTightContainerProps: {
			containable: true,
			itemsPerLitre: 100,
			texture: { base: "farmcrops:item/liquid/{type}" },
			allowSpill: true,
			whenSpilled: {
				action: "DropContents",
				stack: { type: "item", code: "farmcrops:vegetablejuiceportion-{type}" }
			},
			nutritionPropsPerLitre: {
				saturation: 200,
				foodcategory: "Vegetable"
			}
		}
	},
	transitionableProps: [{
    		type: "Perish",
    		freshHours: { avg: 144 },
    		transitionHours: { avg: 24 },
    		transitionedStack: { type: "item", code: "game:rot" },
    		transitionRatio: 0.25
  	}],
	shape: { base: "game:item/liquid" },
	texture: { base: "farmcrops:item/liquid/{type}" },
	creativeinventoryStacks: [ { tabs: ["general", "liquids", "farmcrops"], stacks: [ { type: "block", code: "game:woodbucket", attributes: { ucontents: [ { type:"item", code: "farmcrops:vegetablejuiceportion-{type}", makefull: true } ] } } ] } ],
	nutritionProps: { saturation: 2, foodcategory: "Vegetable" },
	maxstacksize: 5000,
	materialDensity: 200,
	guiTransform: {
		rotation: { x: 128, y: 40, z: 7 },
		origin: { x: 0.5, y: 0, z: 0.5 },
		scale: 1.4
	},
	fpHandTransform: {
		translation: { x: 0, y: 0, z: 0 },
		rotation: { x: 42, y: 129, z: -30 }
	},
	tpHandTransform: {
		translation: { x: -1.5, y: -1, z: -1.4 },
	},
}
