{
	"code": "caninae-urocyonini",
	"class": "EntityAgent",
	"tags": ["animal", "huntable", "adult", "predator", "habitat-land"],
	"canClimb": true,
	"fallDamageMultiplier": 0.25,
	"variantgroups": [
    {"code": "age","states": [ "adult"]},
    {"code": "gender","states": [ "female","male"]},
    {"code": "genus","states": [ "urocyon"]},
    {"code": "species","states": [ "cinereoargenteus","littoralis"]}
	],
	"allowedVariants": [
		"*-urocyon-cinereoargenteus",
		"*-urocyon-littoralis"
	],
	"collisionBoxSizeByType": {
		"*-urocyon-cinereoargenteus": {	"x": 0.8,"y": 0.45},
		"*-urocyon-littoralis": {	"x": 0.6,"y": 0.25}
	},
	"deadCollisionBoxSizeByType": {
		"*-urocyon-cinereoargenteus": {	"x": 0.8,"y": 0.4},
		"*-urocyon-littoralis": {	"x": 0.6,"y": 0.2}
	},
	"eyeHeightByType": {
		"*-urocyon-cinereoargenteus": 0.5,
		"*-urocyon-littoralis": 0.3
	},
	"weightByType": {
		"*-urocyon-cinereoargenteus": 6,
		"*-urocyon-littoralis": 2.5
	},
	"attributes": {
		"trappableByType": {
			"*": {
				"small": { "trapChance": 0.4,	"trapDestroyChance": 0.05 },
				"large": { "trapChance": 0.95,	"trapDestroyChance": 0.0 }
			}
		},
		"creatureDietByType": {
			"*":{
			"foodCategories": ["Fruit","Grain","Protein"],
			"weightedFoodTags": [
				{ "weight": 1, "code": "egg" },
				{ "weight": 0.6, "code": "fish" },
				{ "weight": 0.9, "code": "fruit" },
				{ "weight": 0.9, "code": "fruitmash" },
				{ "weight": 0.1, "code": "grain" },
				{ "weight": 0.9, "code": "insect" },
				{ "weight": 0.7, "code": "meat" },
				{ "weight": 0.2, "code": "peanut" },
				{ "weight": 0.9, "code": "sweetBerryBush" },
				{ "weight": 1, "code": "tastyvegetable" }
			]
		}},
		"handbook": {"groupcode": "creaturegroup-urocyonini"},
	"killedByInfoText": "deadcreature-eaten"},
	"drops": [],
	"client": {
		"renderer": "Shape",
		"shapeByType": {
			"*-urocyon-cinereoargenteus": { "base": "entity/urocyonini/cinereoargenteus-male" },
			"*-urocyon-littoralis": { "base": "entity/urocyonini/littoralis-male" }
		},
		"textureByType": {
			"*-urocyon-cinereoargenteus": { "base": "entity/urocyon/cinereoargenteus-adult" },
			"*-urocyon-littoralis": { "base": "entity/urocyon/littoralis-adult" }
		},
		"sizeByType": {
		"*-urocyon-cinereoargenteus": 1.0,
		"*-urocyon-littoralis": 0.65
		},
		"behaviors": [
			{"code": "repulseagents" },
			{"code": "controlledphysics","stepHeight": 1.1251},
			{"code": "floatupwhenstuck","onlyWhenDead": true},
			{ "code": "multiply","enabledByType": {"*-adult-female-*": true,"*": false}, },
			{"code": "interpolateposition" },
			{"code": "harvestable","quantitySlots": 8},
			{"code": "despawn","minPlayerDistance": 8,"belowLightLevel": 8,"minSeconds": 300},
			{"code": "ropetieable","minGeneration": 2}
		],
		"animations": [
			{"code": "hurt","animation": "Hurt","animationSpeed": 2.2,"weight": 10,"blendMode": "AddAverage"},
			{"code": "die","animation": "Death","animationSpeed": 1.25,"weight": 10,"blendMode": "Average","triggeredBy": { "onControls": [ "dead" ] }},
			{"code": "idle","animation": "Idle","blendMode": "AddAverage","easeOutSpeed": 4,"triggeredBy": { "defaultAnim": true }},
			{"code": "sleep","animation": "Sleep","easeInSpeed": 4,"easeOutSpeed": 4,"blendMode": "Average"},
			{"code": "sit","animation": "Sit","easeInSpeed": 4,"easeOutSpeed": 4,"blendMode": "Average"},
			{"code": "lie","animation": "Lie","easeInSpeed": 4,"easeOutSpeed": 4,"blendMode": "Average"},
			{"code": "swim","animation": "Swim","supressDefaultAnimation": true,"blendMode": "Average"},
			{"code": "walk","animation": "Walk","supressDefaultAnimation": true,"blendMode": "Average"},
			{"code": "trot","animation": "Trot","supressDefaultAnimation": true,"blendMode": "Average"},
			{"code": "canter","animation": "Canter","supressDefaultAnimation": true,"blendMode": "Average"},
			{"code": "gallop","animation": "Gallop","supressDefaultAnimation": true,"blendMode": "Average"}
		]
	},
	"server": {
		"attributes": {
			"pathfinder": {
				"minTurnAnglePerSec": 90,
				"maxTurnAnglePerSec": 270
			}
		},
		"behaviors": [
			{ "code": "repulseagents" },
			{"code": "controlledphysics","stepHeight": 1.1251},
			{"code": "despawn","minPlayerDistance": 8,"belowLightLevel": 8,"minSeconds": 300},
			{"code": "health",
				"maxhealthByType": {
				"*-urocyon-cinereoargenteus": 4,
				"*-urocyon-littoralis": 3
				}
			},
			{"code": "deaddecay",
				"hoursToDecay": 96,
				"decayedBlockByType": {
				"*-urocyon-*": "carcass-tiny"
				}
			},
			{"code": "floatupwhenstuck","onlyWhenDead": true},
			{"code": "harvestable",
				"quantitySlots": 8,
				"drops": [
					{
						"type": "item",
						"code": "game:bushmeat-raw",
						"quantityByType": {
							"*-urocyon-cinereoargenteus": {"avg": 1,"var": 0.3},
							"*-urocyon-littoralis": {"avg": 1,"var": 0.3}
						}
					},
					{
						"type": "item",
						"code": "game:fat",
						"quantityByType": {
							"*-urocyon-cinereoargenteus": {"avg": 0,"var": 0.3},
							"*-urocyon-littoralis": {"avg": 0,"var": 0.1}
						}
					},
					{
						"type": "item",
						"code": "caninae:pelt-urocyonini-{gender}-{genus}-{species}",
						"quantityByType": {
							"*": {"avg": 1.0,"var": 0.0}
						}
					}
				]
			},
			{"code": "breathe" },
			{"code": "multiply",
				"enabledByType": {"*-adult-female-*": true,"*": false},
				"spawnEntityCodesByType": {
				"*": [ { "code":"caninae:caninae-urocyonini-baby-female-{genus}-{species}"}, {"code": "caninae:caninae-urocyonini-baby-male-{genus}-{species}"} ]
				},
				"requiresNearbyEntityCodeByType": {
					"*": "caninae:caninae-urocyonini-adult-male-{genus}-{species}"
				},
				"requiresNearbyEntityRange": 5,
				"spawnQuantityMin": 1,
				"spawnQuantityMaxByType": {"*-urocyon-cinereoargenteus": 7,"*-urocyon-littoralis": 5},
				"pregnancyDaysByType": {"*-urocyon-cinereoargenteus": 11,"*-urocyon-littoralis": 11},
				"multiplyCooldownDaysMinByType": {"*-urocyon-cinereoargenteus": 2,"*-urocyon-littoralis": 2},
				"multiplyCooldownDaysMaxByType": {"*-urocyon-cinereoargenteus": 12,"*-urocyon-littoralis": 12},
				"portionsEatenForMultiplyByType": {"*-urocyon-cinereoargenteus": 4,"*-urocyon-littoralis": 3}
			},
			{"code": "emotionstates",
				"states": [
					{"code": "fleeondamage","duration": 120,
						"chanceByType": {
							"*-urocyon-*": 0.95
						},
						"slot": 2,"priority": 5,"accumType": "max","whenHealthRelBelow": 0.75},
					{"code": "aggressiveondamage","duration": 30,
						"chanceByType": {
							"*-urocyon-*": 0.05
						},
						"slot": 2,"priority": 2,"accumType": "noaccum"},
					{"code": "fleeondamage","duration": 60,"chance": 1,"slot": 2,"priority": 1,"accumType": "max"},
					{"code": "alarmherdondamage","chance": 1,"slot": 1,"priority": 1,"accumType": "max"},
					{"code": "saturated","duration": 2880,"chance": 1,"slot": 0,"priority": 1,"accumType": "sum"}
				]
			},
			{
				"code": "taskai",
				"aiCreatureType": "LandCreature",
				"aitasks": [
					{
						"code": "meleeattack",
						"entityCodesByType": {
							"*-urocyon-cinereoargenteus": [ "player","chicken-*","fox-*","hare-*","acanthisittidae-*","anatidae-*","aegothelidae-*","apterygidae-*","aptornithidae-*", "caninae-vulpini-*","casuariidae-egg-*","dasyuridae-*", "procyonidae-*","rallidae-*","spheniscidae-*","strigopidae-*" ],
							"*-urocyon-littoralis": [ "chicken-*","fox-*","hare-*","acanthisittidae-*","anatidae-*","aegothelidae-*","apterygidae-*","aptornithidae-*", "caninae-vulpini-*","casuariidae-egg-*","dasyuridae-*","rallidae-*","spheniscidae-*","strigopidae-*" ]},
						"knockbackStrengthByType": {"*-urocyon-*":0.1,"*":0.1},
						"priority": 3,
						"slot": 1,
						"damageByType": {"*-urocyon-cinereoargenteus": 3,"*-urocyon-littoralis": 1},
						"damageTierByType": {"*-urocyon-*":1},
						"damageTypeByType": {"*": "SlashingAttack"},
						"mincooldown": 1500,
						"maxcooldown": 1500,
						"attackDurationMs": 800,
						"damagePlayerAtMs": 500,
						"animation": "Attack",
						"animationSpeed": 2.5,
						"soundByType": {"*-urocyon-*":"caninae:creature/urocyon/attack"},
						"whenNotInEmotionState": "aggressiveondamage|fleeondamage"
					},
					{
						"code": "meleeattack",
						"entityCodesByType": {"*": ["player","bear-*","deer-*","goat-*","hyena-*","moose-*","pig-*","Sheep-*","wolf-*","acanthisittidae-*","anatidae-*","antilopinae-*","aegothelidae-*","apterygidae-*","aptornithidae-*","bovinae-*","caprinae-*","caninae-*","casuariidae-*","cervidae-*","dasyuridae-*","diprotodontidae-*","dinornithidae-*","dromornithidae-*","elephantidae-*","emeidae-*","felinae-*","megalapterygidae-*","machairodontinae-*","nandiniidae-*","pantherinae-*","procyonidae-*","rallidae-*","rhinocerotidae-*","spheniscidae-*","suidae-*","strigopidae-*","thylacoleonidae-*","ursidae-*","viverridae-*"]},
						"knockbackStrengthByType": {"*-urocyon-*":0.1,"*":0.1},
						"priority": 3.1,
						"slot": 1,
						"damageByType": {"*-urocyon-cinereoargenteus": 3,"*-urocyon-littoralis": 1},
						"damageTierByType": {"*-urocyon-*": 1},
						"damageTypeByType": {"*": "SlashingAttack"},
						"mincooldown": 1500,
						"maxcooldown": 1500,
						"attackDurationMs": 800,
						"damagePlayerAtMs": 500,
						"animation": "Attack",
						"animationSpeed": 2.5,
						"soundByType": {"*-urocyon-*":"caninae:creature/urocyon/attack"},
						"whenInEmotionState": "aggressiveondamage"
					},
					{
						"code": "fleeentity",
						"entityCodesByType": {
							"*-urocyon-cinereoargenteus":[ "bear-*","deer-*","gazelle-*","goat-*","hyena-*","moose-*", "pig-*","sheep-*", "wolf-*","antilopinae-adult-*","bovinae-adult-*","caninae-canina-adult-*","caninae-cerdocyonina-adult-*","caninae-vulpini-adult-*", "caprinae-adult-*","casuariidae-adult-*","cervidae-alceini-adult-*","cervidae-capreolini-adult-*","cervidae-cervini-adult-*","cervidae-odocoileini-adult-*","diprotodontidae-adult-*","dinornithidae-adult-*","dromornithidae-adult-*","elephantidae-adult-*","emeidae-adult-*","felinae-adult-*","megalapterygidae-adult-*","machairodontinae-adult-*", "pantherinae-*","rhinocerotidae-adult-*", "suidae-adult-*","suidae-elder-*","thylacoleonidae-*","ursidae-*"],
							"*-urocyon-littoralis":[ "bear-*","deer-*","gazelle-*","goat-*","hyena-*","moose-*", "pig-*","sheep-*", "wolf-*","antilopinae-adult-*","bovinae-adult-*","caninae-canina-adult-*","caninae-cerdocyonina-adult-*","caninae-vulpini-adult-*", "caprinae-adult-*","casuariidae-adult-*","cervidae-alceini-adult-*","cervidae-capreolini-adult-*","cervidae-cervini-adult-*","cervidae-odocoileini-adult-*","diprotodontidae-adult-*","dinornithidae-adult-*","dromornithidae-adult-*","elephantidae-adult-*","emeidae-adult-*","felinae-adult-*","megalapterygidae-adult-*","machairodontinae-adult-*", "pantherinae-*","procyonidae-adult-*","rhinocerotidae-adult-*", "suidae-adult-*","suidae-elder-*","thylacoleonidae-*","ursidae-*"],
						},
						"priority": 3.81,
						"movespeedByType": {"*-urocyon-cinereoargenteus": 0.04,"*-urocyon-littoralis":0.04},
						"seekingRange": 12,
						"animation": "Gallop",
						"animationSpeed": 2
					},
					{
						"code": "fleeentity",
						"entityCodesByType": {
							"*-urocyon-cinereoargenteus":[ "bear-*","deer-*","gazelle-*","goat-*","hyena-*","moose-*", "pig-*","sheep-*", "wolf-*","antilopinae-adult-*","bovinae-adult-*","caninae-canina-adult-*","caninae-cerdocyonina-adult-*","caninae-vulpini-adult-*", "caprinae-adult-*","casuariidae-adult-*","cervidae-alceini-adult-*","cervidae-capreolini-adult-*","cervidae-cervini-adult-*","cervidae-odocoileini-adult-*","diprotodontidae-adult-*","dinornithidae-adult-*","dromornithidae-adult-*","elephantidae-adult-*","emeidae-adult-*","felinae-adult-*","megalapterygidae-adult-*","machairodontinae-adult-*", "pantherinae-*","rhinocerotidae-adult-*", "suidae-adult-*","suidae-elder-*","thylacoleonidae-*","ursidae-*"],
							"*-urocyon-littoralis":[ "bear-*","deer-*","gazelle-*","goat-*","hyena-*","moose-*", "pig-*","sheep-*", "wolf-*","antilopinae-adult-*","bovinae-adult-*","caninae-canina-adult-*","caninae-cerdocyonina-adult-*","caninae-vulpini-adult-*", "caprinae-adult-*","casuariidae-adult-*","cervidae-alceini-adult-*","cervidae-capreolini-adult-*","cervidae-cervini-adult-*","cervidae-odocoileini-adult-*","diprotodontidae-adult-*","dinornithidae-adult-*","dromornithidae-adult-*","elephantidae-adult-*","emeidae-adult-*","felinae-adult-*","megalapterygidae-adult-*","machairodontinae-adult-*", "pantherinae-*","procyonidae-adult-*","rhinocerotidae-adult-*", "suidae-adult-*","suidae-elder-*","thylacoleonidae-*","ursidae-*"],
						},
						"priority": 3.8,
						"movespeedByType": {"*-urocyon-cinereoargenteus": 0.026,"*-urocyon-littoralis":0.026},
						"seekingRange": 25,
						"animation": "Trot",
						"animationSpeed": 2.0,
						"soundByType": {"*-urocyon-*":"caninae:creature/urocyon/hurt"},
						"whenNotInEmotionState": "aggressiveondamage"
					},
					{
						"code": "seekentity",
						"entityCodesByType": {
							"*": [ "chicken-*","hare-*","acanthisittidae-*","anatidae-*","aegothelidae-*","apterygidae-*","aptornithidae-*","rallidae-*","strigopidae-*"  ]
						},
						"priority": 1.8,
						"seekingRange": 10,
						"movespeedByType": {"*-urocyon-cinereoargenteus": 0.04,"*-urocyon-littoralis":0.04},
						"animation": "Gallop",
						"animationSpeed": 2.0,
						"whenNotInEmotionState": "fleeondamage|saturated"
					},
					{
						"code": "seekentity",
						"entityCodesByType": {
							"*": [ "chicken-*","hare-*","acanthisittidae-*","anatidae-*","aegothelidae-*","apterygidae-*","aptornithidae-*","casuariidae-egg-*","rallidae-*","spheniscidae-egg-*","strigopidae-*" ]
						},
						"priority": 1.7,
						"priorityForCancel": 1.71,
						"seekingRange": 30,
						"movespeedByType": {"*-urocyon-cinereoargenteus": 0.026,"*-urocyon-littoralis":0.026},
						"animation": "Trot",
						"animationSpeed": 2.0,
						"whenNotInEmotionState": "fleeondamage|saturated"
					},
					{
						"code": "seekentity",
						"entityCodesByType": {
							"*": [ "caninae-vulpini-*","dasyuridae-adult-*","felinae-adult-*", "procyonidae-*"]
						},
						"priority": 3.82,
						"seekingRange": 30,
						"movespeedByType": {"*-urocyon-cinereoargenteus": 0.04,"*-urocyon-littoralis":0.04},
						"animation": "Canter",
						"animationSpeed": 2.0,
						"soundByType": {"*-urocyon-*":"caninae:creature/urocyon/hurt"},
						"whenInEmotionState": "aggressiveondamage"
					},
					{
						"code": "fleeentity",
						"entityCodesByType": {
							"*": [ "player","bear-*", "deer-*","fox-*","gazelle-*", "goat-*","moose-*", "pig-*","raccoon-*","sheep-*", "wolf-*", "antilopinae-*","bovinae-*","caprinae-*", "caninae-canina-*", "caninae-cerdocyonina-*", "caninae-vulpini-*","casuariidae-adult-*", "cervidae-*","dasyuridae-adult-*","diprotodontidae-adult-*","dinornithidae-adult-*","dromornithidae-adult-*","elephantidae-*","emeidae-adult-*","felinae-*","machairodontinae-adult-*","machairodontinae-adult-*","nandiniidae-*","pantherinae-*","procyonidae-*","suidae-*","thylacoleonidae-*","ursidae-*","viverridae-*" ]
						},
						"priority": 3.83,
						"movespeedByType": {"*-urocyon-cinereoargenteus": 0.036,"*-urocyon-littoralis":0.036},
						"seekingRange": 25,
						"animation": "Canter",
						"animationSpeed": 2.0,
						"soundByType": {"*-urocyon-*":"caninae:creature/urocyon/hurt"},
						"whenInEmotionState": "fleeondamage"
					},
					{
						"code": "getoutofwater",
						"priority": 1.8,
						"priorityForCancel": 1.85,
						"movespeedByType": {"*-urocyon-cinereoargenteus": 0.036,"*-urocyon-littoralis":0.024},
						"animation": "Swim",
						"animationSpeed": 1
					},
					{
						"code": "stayclosetoentity",
						"priority": 1.4,
						"entityCodeByType": {
							"*-urocyon-littoralis": "player"
						},
						"chance": 0.1,
						"movespeedByType": {"*-urocyon-cinereoargenteus": 0.012,"*-urocyon-littoralis":0.006},
						"maxDistance": 14,
						"searchRange": 25,
						"animation": "Trot",
						"animationSpeed": 2,
						"stopOnHurt": true,
						"whenNotInEmotionState": "aggressiveondamage|fleeondamage",
						"soundByType": {"*-urocyon-*":"caninae:creature/urocyon/idle"}
					},
					{
						"code": "seekentity",
						"priority": 1.34,
						"entityCodesByType": {
							"*-urocyon-*": [ "player" ]
						},
						"minduration": 4000,
						"maxduration": 4000,
						"movespeedByType": {"*": 0.0001},
						"mincooldown": 6000,
						"maxcooldown": 12000,
						"seekingRange": 18,
						"animation": "Yip",
						"animationSpeed": 1,
						"stopOnHurt": true,
						"whenNotInEmotionState": "aggressiveondamage|fleeondamage",
						"soundByType": {"*":"caninae:creature/urocyon/yip"},
						"soundRangeByType": {"*": 50}
					},
					{
						"code": "idle",
						"priority": 1.3,
						"minduration": 200000,
						"maxduration": 800000,
						"mincooldown": 10000,
						"maxcooldown": 30000,
						"animation": "Sleep",
						"animationSpeed": 0.3,
						"whenNotInEmotionState": "aggressiveondamage|fleeondamage",
						"duringDayTimeFramesByType": {
							"*-urocyon-*":[{"fromHour": 11,"toHour": 18},{"fromHour": 0,"toHour": 3}]},
						"stopOnNearbyEntityCodes": [ "player" ],
						"stopRange": 6,
						"stopOnHurt": true
					},
					{
						"code": "seekfoodandeat",
						"movespeedByType": {"*-urocyon-cinereoargenteus": 0.005,"*-urocyon-littoralis":0.0025},
						"priority": 1.34,
						"eatSoundByType": {"*":"game:creature/animal-eat-small"},
						"eatTime": 5.0,
						"eatLooseItems": true,
						"animationSpeed": 1,
						"animation": "Walk",
						"eatAnimation": "Eat",
						"eatAnimationLooseItems": "Eat",
						"mincooldownHours": 1,
						"maxcooldownHours": 4,
						"stopOnHurt": true
					},
					{
						"code": "idle",
						"priority": 1.0,
						"priorityForCancel": 1.35,
						"minduration": 4667,
						"maxduration": 4667,
						"chance": 0.02,
						"mincooldown": 8000,
						"maxcooldown": 50000,
						"animation": "Yip",
						"whenNotInEmotionState": "aggressiveondamage|fleeondamage",
						"animationSpeed": 1.0,
						"soundByType": {"*-urocyon-*": "caninae:creature/urocyon/yip"},
						"soundRangeByType": {"*": 50},
						"stopOnHurt": true
					},
					{
						"code": "wander",
						"priority": 1.0,
						"priorityForCancel": 1.35,
						"chance": 0.5,
						"movespeedByType": {"*-urocyon-cinereoargenteus": 0.012,"*-urocyon-littoralis":0.006},
						"animationSpeedByType": {"*": 2},
						"animation": "Trot",
						"whenNotInEmotionState": "aggressiveondamage|fleeondamage",
						"preferredLightLevel": 8,
						"stopOnHurt": true
					},
					{
						"code": "wander",
						"priority": 1.0,
						"priorityForCancel": 1.35,
						"chance": 0.25,
						"movespeedByType": {"*-urocyon-cinereoargenteus": 0.005,"*-urocyon-littoralis":0.0025},
						"animationSpeedByType": {"*": 1},
						"animation": "Walk",
						"whenNotInEmotionState": "aggressiveondamage|fleeondamage",
						"preferredLightLevel": 8,
						"stopOnHurt": true
					},
					{
						"code": "idle",
						"onBlockBelowCode": "game:snowblock",
						"priority": 0.9,
						"chance": 0.1,
						"minduration": 2400,
						"maxduration": 2400,
						"mincooldown": 6000,
						"maxcooldown": 120000,
						"priorityForCancel": 1.28,
						"stopOnHurt": true,
						"animation": "Dive",
						"whenNotInEmotionState": "aggressiveondamage|fleeondamage",
						"animationSpeed": 1.25,
						"sound": "walk/deepsnow1",
						"soundStartMs": 950
					},
					{
						"code": "idle",
						"priority": 0.9,
						"minduration": 2500,
						"maxduration": 2500,
						"mincooldown": 6000,
						"maxcooldown": 20000,
						"priorityForCancel": 1.28,
						"stopOnHurt": true,
						"animation": "Sniff",
						"whenNotInEmotionState": "aggressiveondamage|fleeondamage",
						"animationSpeed": 1.25
					},
					{
						"code": "idle",
						"priority": 0.9,
						"minduration": 6000,
						"maxduration": 45000,
						"mincooldown": 6000,
						"maxcooldown": 120000,
						"priorityForCancel": 1.28,
						"stopOnNearbyEntityCodes": [ "player", "bear-*","wolf-*","sheep-*","pig-*","cervidae-*","caprinae-*","caninae-canina-*","caninae-cerdocyonina-*","caninae-vulpini-*","machairodontinae-*","pantherinae-*","suidae-*","thylacoleonidae-*","ursidae-*" ],
						"stopRange": 10,
						"stopOnHurt": true,
						"animation": "lie",
						"whenNotInEmotionState": "aggressiveondamage|fleeondamage"
					},
					{
						"code": "idle",
						"priority": 0.9,
						"minduration": 6000,
						"maxduration": 45000,
						"mincooldown": 6000,
						"maxcooldown": 120000,
						"priorityForCancel": 1.28,
						"stopOnNearbyEntityCodes": [ "player", "bear-*","wolf-*","sheep-*","pig-*","cervidae-*","caprinae-*","caninae-canina-*","caninae-cerdocyonina-*","caninae-vulpini-*","machairodontinae-*","pantherinae-*","suidae-*","thylacoleonidae-*","ursidae-*" ],
						"stopRange": 10,
						"stopOnHurt": true,
						"animation": "Sit",
						"whenNotInEmotionState": "aggressiveondamage|fleeondamage"
					},
					{
						"code": "lookaround",
						"priority": 0.5,
						"whenNotInEmotionState": "aggressiveondamage|fleeondamage"
					}
				]
			},
			{"code": "ropetieable","minGeneration": 2},
			{"code": "pettable","minGeneration": 1}
			],
		"spawnconditions": {
			"worldgen": {
			"tryOnlySurface": true,	
				"triesPerChunk": { "avg": 0, "var": 0 },
			"groupSizeByType": {
					"*-adult-*": { "dist": "uniform", "avg": 1.5, "var": 0.5 }
			},
			"insideBlockCodes":["game:air", "game:gravel-*","game:leaves-*", "game:sand-*", "game:snow-*","game:soil-*","game:tallgrass-*"],
			"companionsByType": {
				"*":["caninae:caninae-urocyonini-adult-female-{genus}-{species}","caninae:caninae-urocyonini-adult-male-{genus}-{species}"]}
		},
			"runtime": {
				"group": "neutral",
				"maxQuantity": 1,
				"maxQuantityByGroup": {"code": "caninae-urocyonini-*","maxQuantity": 2},
				"tryOnlySurface": true,
				"chanceByType": {
					"*-urocyon-cinereoargenteus": 0.0001,
					"*-urocyon-littoralis": 0.0001
				},
				"maxLightLevel": 7,
				"lightLevelType": "onlyBlockLight",	
				"spawnCapPlayerScaling": 0.0,	
				"mindistancetoplayer": 50,
				"groupSizeByType": {
					"*-adult-*": { "dist": "uniform", "avg": 1.5, "var": 0.5 }
				},
				"insideBlockCodes": [ "game:air","game:gravel-*", "game:sand-*", "game:snowlayer-1", "game:soil-*","game:tallgrass-*" ],
				"companionsByType": {
				"*":["caninae:caninae-urocyonini-adult-female-{genus}-{species}","caninae:caninae-urocyonini-adult-male-{genus}-{species}"]}
			}
		},
		"spawnconditionsByType": {
			"caninae-urocyonini-adult-*-urocyon-cinereoargenteus": {
				"climate": {
					"minTemp": 6,
					"maxTemp": 36,
					"minRain": 0.0,
					"maxRain": 1.0,
					"minForestOrShrubs": 0.0,
					"maxForest": 1.0,
					"maxShrubs": 1.0,
					"minY": 1.0,
					"maxY": 1.7				
				},
				"worldgen": {
					"triesPerChunk": { "avg": 0.005, "var": 0}
				}
			},
			"caninae-urocyonini-adult-*-urocyon-littoralis": {
				"climate": {
					"minTemp": 11,
					"maxTemp": 17,
					"minRain": 0.5,
					"maxRain": 0.7,
					"minForestOrShrubs": 0.0,
					"maxForest": 0.6,
					"maxShrubs": 1.0,
					"minY": 1.0,
					"maxY": 1.1				
				},
				"worldgen": {
					"triesPerChunk": { "avg": 0.005, "var": 0}
				}
			}
		}
	},
	"soundsByType": {
"*-urocyon-*":{"hurt": "caninae:creature/urocyon/hurt","death": "caninae:creature/urocyon/hurt","idle": "caninae:creature/urocyon/idle"}
	},
	"idleSoundChance": 0.05
}