{
	"code": "caninae-vulpini",
	"class": "EntityAgent",
	"tags": ["animal", "huntable", "adult", "predator", "habitat-land"],
	"fallDamageMultiplier": 0.25,
	"variantgroups": [
    {"code": "age","states": [ "adult"]},
    {"code": "gender","states": [ "female","male"]},
    {"code": "genus","states": [ "nyctereutes","otocyon","vulpes"]},
    {"code": "species","states": [ "procyonoides","viverrinus","megalotis","bengalensis","cana","chama","corsac","ferrilata","lagopus","macrotis","pallida","rueppellii","velox","vulpes","zerda"]}
	],
	"allowedVariants": [
		"*-nyctereutes-procyonoides",
		"*-nyctereutes-viverrinus",
		"*-otocyon-megalotis",
		"*-vulpes-bengalensis",
		"*-vulpes-cana",
		"*-vulpes-chama",
		"*-vulpes-corsac",
		"*-vulpes-ferrilata",
		"*-vulpes-lagopus",
		"*-vulpes-macrotis",
		"*-vulpes-pallida",
		"*-vulpes-rueppellii",
		"*-vulpes-velox",
		"*-vulpes-vulpes",
		"*-vulpes-zerda"
	],
	"collisionBoxSizeByType": {
		"*-nyctereutes-procyonoides": {	"x": 0.8,"y": 0.5},
		"*-nyctereutes-viverrinus": {	"x": 0.8,"y": 0.5},
		"*-otocyon-megalotis": {	"x": 0.8,"y": 0.4},
		"*-vulpes-bengalensis": {	"x": 0.8,"y": 0.3},
		"*-vulpes-cana": {	"x": 0.5,"y": 0.3},
		"*-vulpes-chama": {	"x": 0.7,"y": 0.35},
		"*-vulpes-corsac": {	"x": 0.8,"y": 0.4},
		"*-vulpes-ferrilata": {	"x": 0.8,"y": 0.4},
		"*-vulpes-lagopus": {	"x": 0.6,"y": 0.3},
		"*-vulpes-macrotis": {	"x": 0.7,"y": 0.4},
		"*-vulpes-pallida": {	"x": 0.2,"y": 0.4},
		"*-vulpes-rueppellii": {	"x": 0.6,"y": 0.3},
		"*-vulpes-velox": {	"x": 0.7,"y": 0.4},
		"*-vulpes-vulpes": {	"x": 0.8,"y": 0.5},
		"*-vulpes-zerda": {	"x": 0.4,"y": 0.25}
	},
	"deadCollisionBoxSizeByType": {
		"*-nyctereutes-procyonoides": {	"x": 0.8,"y": 0.4},
		"*-nyctereutes-viverrinus": {	"x": 0.8,"y": 0.4},
		"*-otocyon-megalotis": {	"x": 0.8,"y": 0.4},
		"*-vulpes-bengalensis": {	"x": 0.8,"y": 0.3},
		"*-vulpes-cana": {	"x": 0.5,"y": 0.2},
		"*-vulpes-chama": {	"x": 0.7,"y": 0.2},
		"*-vulpes-corsac": {	"x": 0.8,"y": 0.2},
		"*-vulpes-ferrilata": {	"x": 0.8,"y": 0.4},
		"*-vulpes-lagopus": {	"x": 0.6,"y": 0.2},
		"*-vulpes-macrotis": {	"x": 0.7,"y": 0.2},
		"*-vulpes-pallida": {	"x": 0.2,"y": 0.2},
		"*-vulpes-rueppellii": {	"x": 0.6,"y": 0.2},
		"*-vulpes-velox": {	"x": 0.7,"y": 0.2},
		"*-vulpes-vulpes": {	"x": 0.8,"y": 0.3},
		"*-vulpes-zerda": {	"x": 0.4,"y": 0.1}
	},
	"eyeHeightByType": {
		"*-nyctereutes-procyonoides": 0.5,
		"*-nyctereutes-viverrinus": 0.5,
		"*-otocyon-megalotis": 0.4,
		"*-vulpes-bengalensis": 0.3,
		"*-vulpes-cana": 0.5,
		"*-vulpes-chama": 0.5,
		"*-vulpes-corsac": 0.5,
		"*-vulpes-ferrilata": 0.5,
		"*-vulpes-lagopus": 0.5,
		"*-vulpes-macrotis": 0.5,
		"*-vulpes-pallida": 0.5,
		"*-vulpes-rueppellii": 0.5,
		"*-vulpes-velox": 0.5,
		"*-vulpes-vulpes": 0.5,
		"*-vulpes-zerda": 0.3
	},
	"weightByType": {
		"*-nyctereutes-procyonoides": 4,
		"*-nyctereutes-viverrinus": 4,
		"*-otocyon-megalotis": 5,
		"*-vulpes-bengalensis": 3,
		"*-vulpes-cana": 0.8,
		"*-vulpes-chama": 4,
		"*-vulpes-corsac": 2.5,
		"*-vulpes-ferrilata": 5,
		"*-female-vulpes-lagopus": 2.9,"*-male-vulpes-lagopus": 3.5,
		"*-vulpes-macrotis": 2,
		"*-vulpes-pallida": 3,
		"*-vulpes-rueppellii": 1.7,
		"*-vulpes-velox": 3,
		"*-female-vulpes-vulpes": 8,"*-male-vulpes-vulpes": 10,
		"*-vulpes-zerda": 1.5
	},
	"attributes": {
		"trappableByType": {
			"*": {
				"small": { "trapChance": 0.4,	"trapDestroyChance": 0.1 },
				"large": { "trapChance": 0.9,	"trapDestroyChance": 0.0 }
			}
		},
		"creatureDietByType": {
			"*-otocyon-*":{
			"weightedFoodTags": [
				{ "weight": 0.2, "code": "egg" },
				{ "weight": 0.1, "code": "fish" },
				{ "weight": 0.1, "code": "fruit" },
				{ "weight": 0.1, "code": "fruitmash" },
				{ "weight": 1, "code": "insect" },
				{ "weight": 0.2, "code": "meat" },
				{ "weight": 0.1, "code": "sweetBerryBush" }
			]
		},
			"*":{
			"foodCategories": ["Grain","Protein","Vegetable"],
			"weightedFoodTags": [
				{ "weight": 1, "code": "egg" },
				{ "weight": 0.6, "code": "fish" },
				{ "weight": 0.1, "code": "fruit" },
				{ "weight": 0.1, "code": "fruitmash" },
				{ "weight": 0.1, "code": "grain" },
				{ "weight": 0.1, "code": "grass" },
				{ "weight": 0.7, "code": "insect" },
				{ "weight": 0.9, "code": "meat" },
				{ "weight": 0.1, "code": "nibbleCrop" },
				{ "weight": 0.2, "code": "peanut" },
				{ "weight": 0.1, "code": "sweetBerryBush" },
				{ "weight": 0.1, "code": "tastyvegetable" }
			]
		}},
		"handbook": {"groupcode": "creaturegroup-vulpini"},
	"killedByInfoText": "deadcreature-eaten"},
	"drops": [],
	"client": {
		"renderer": "Shape",
		"shapeByType": {
			"*-nyctereutes-procyonoides": { "base": "entity/vulpini/procyonoides-male" },
		"*-nyctereutes-viverrinus": { "base": "entity/vulpini/viverrinus-male" },
		"*-otocyon-megalotis": { "base": "entity/vulpini/megalotis-male" },
		"*-vulpes-bengalensis": { "base": "entity/vulpini/bengalensis-male" },
		"*-vulpes-cana": { "base": "entity/vulpini/cana-male" },
		"*-vulpes-chama": { "base": "entity/vulpini/chama-male" },
		"*-vulpes-corsac": { "base": "entity/vulpini/corsac-male" },
		"*-vulpes-ferrilata": { "base": "entity/vulpini/ferrilata-male" },
		"*-vulpes-lagopus": { "base": "entity/vulpini/lagopus-male" },
		"*-vulpes-macrotis": { "base": "entity/vulpini/macrotis-male" },
		"*-vulpes-pallida": { "base": "entity/vulpini/macrotis-male" },
		"*-vulpes-rueppellii": { "base": "entity/vulpini/rueppellii-male" },
		"*-vulpes-velox": { "base": "entity/vulpini/velox-male" },
		"*-vulpes-vulpes": { "base": "entity/vulpini/vulpes-male" },
		"*-vulpes-zerda": { "base": "entity/vulpini/zerda-male" }
		},
		"textureByType": {
			"*-nyctereutes-procyonoides": { "base": "entity/nyctereutes/procyonoides-adult" },
			"*-nyctereutes-viverrinus": { "base": "entity/nyctereutes/viverrinus-adult" },
			"*-otocyon-megalotis": { "base": "entity/otocyon/megalotis-adult"}, 
			"*-vulpes-bengalensis": { "base": "entity/vulpes/bengalensis-adult" },
			"*-vulpes-cana": { "base": "entity/vulpes/cana-adult" },
			"*-vulpes-chama": { "base": "entity/vulpes/chama-adult" },
			"*-vulpes-corsac": { "base": "entity/vulpes/corsac-adult" },
			"*-vulpes-ferrilata": { "base": "entity/vulpes/ferrilata-adult" },
			"*-vulpes-lagopus": { "base": "entity/vulpes/lagopus-adult" },
			"*-vulpes-macrotis": { "base": "entity/vulpes/macrotis-adult" },
			"*-vulpes-pallida": { "base": "entity/vulpes/pallida-adult" },
			"*-vulpes-rueppellii": { "base": "entity/vulpes/rueppellii-adult" },
			"*-vulpes-velox": { "base": "entity/vulpes/velox-adult" },
			"*-vulpes-vulpes": { "base": "entity/vulpes/vulpes-adult" },
			"*-vulpes-zerda": { "base": "entity/vulpes/zerda-adult" }
		},
		"sizeByType": {
		"*-female-nyctereutes-procyonoides": 0.96,"*-male-nyctereutes-procyonoides": 1.0,
		"*-female-nyctereutes-viverrinus": 0.94,"*-male-nyctereutes-viverrinus": 1.0,
		"*-female-otocyon-megalotis": 0.84,"*-male-otocyon-megalotis": 0.86,
		"*-female-vulpes-bengalensis": 0.67,"*-male-vulpes-bengalensis": 0.7,
		"*-female-vulpes-cana": 0.63,"*-male-vulpes-cana": 0.65,
		"*-female-vulpes-chama": 0.72,"*-male-vulpes-chama": 0.75,
		"*-female-vulpes-corsac": 0.83,"*-male-vulpes-corsac": 0.86,
		"*-female-vulpes-ferrilata": 0.75,"*-male-vulpes-ferrilata": 0.77,
		"*-female-vulpes-lagopus": 0.61,"*-male-vulpes-lagopus": 0.65,
		"*-female-vulpes-macrotis": 0.62,"*-male-vulpes-macrotis": 0.65,
		"*-female-vulpes-pallida": 0.52,"*-male-vulpes-pallida": 0.55,
		"*-female-vulpes-rueppellii": 0.63,"*-male-vulpes-rueppellii": 0.65,
		"*-female-vulpes-velox": 0.62,"*-male-vulpes-velox": 0.65,
		"*-female-vulpes-vulpes": 0.9,"*-male-vulpes-vulpes": 1.0,
		"*-female-vulpes-zerda": 0.4,"*-male-vulpes-zerda": 0.46
		},
		"behaviors": [
			{"code": "repulseagents" },
			{"code": "controlledphysics","stepHeight": 2.1251},
			{"code": "floatupwhenstuck","onlyWhenDead": true},
			{ "code": "multiply","enabledByType": {"*-adult-female-*": true,"*": false} },
			{"code": "interpolateposition" },
			{"code": "harvestable","quantitySlots": 8},
			{"code": "despawn","minPlayerDistance": 8,"belowLightLevel": 8,"minSeconds": 300},
			{"code": "ropetieable","minGeneration": 2}
		],
		"animations": [
			{"code": "hurt","animation": "Hurt","animationSpeed": 2.2,"weight": 10,"blendMode": "AddAverage"},
			{"code": "die","animation": "Death","animationSpeed": 1.25,"weight": 10,"blendMode": "Average","triggeredBy": { "onControls": [ "dead" ] }},
			{"code": "idle","animation": "Idle","blendMode": "AddAverage","easeOutSpeed": 4,"triggeredBy": { "defaultAnim": true }},
			{"code": "sleep","animation": "Sleep","easeInSpeed": 4,"easeOutSpeed": 4,"blendMode": "Average"},
			{"code": "sit","animation": "Sit","easeInSpeed": 4,"easeOutSpeed": 4,"blendMode": "Average"},
			{"code": "lie","animation": "Lie","easeInSpeed": 4,"easeOutSpeed": 4,"blendMode": "Average"},
			{"code": "swim","animation": "Swim","supressDefaultAnimation": true,"blendMode": "Average"},
			{"code": "walk","animation": "Walk","supressDefaultAnimation": true,"blendMode": "Average"},
			{"code": "trot","animation": "Trot","supressDefaultAnimation": true,"blendMode": "Average"},
			{"code": "canter","animation": "Canter","supressDefaultAnimation": true,"blendMode": "Average"},
			{"code": "gallop","animation": "Gallop","supressDefaultAnimation": true,"blendMode": "Average"}
		]
	},
	"server": {
		"attributes": {
			"pathfinder": {
				"minTurnAnglePerSec": 90,
				"maxTurnAnglePerSec": 270
			}
		},
		"behaviors": [
			{ "code": "repulseagents" },
			{"code": "controlledphysics","stepHeight": 1.1251},
			{"code": "despawn","minPlayerDistance": 8,"belowLightLevel": 8,"minSeconds": 300},
			{"code": "health",
				"maxhealthByType": {
				"*-nyctereutes-procyonoides": 3,
				"*-nyctereutes-viverrinus": 3,
				"*-otocyon-megalotis": 4,
				"*-vulpes-bengalensis": 3,
				"*-vulpes-cana": 3,
				"*-vulpes-chama": 3,
				"*-vulpes-corsac": 3,
				"*-vulpes-ferrilata": 4,
				"*-vulpes-lagopus": 3,
				"*-vulpes-macrotis": 3,
				"*-vulpes-pallida": 3,
				"*-vulpes-rueppellii": 3,
				"*-vulpes-velox": 3,
				"*-female-vulpes-vulpes": 4,"*-male-vulpes-vulpes": 5,
				"*-vulpes-zerda": 3
				}
			},
			{"code": "deaddecay",
				"hoursToDecay": 96,
				"decayedBlockByType": {
				"*-vulpini-*": "carcass-tiny"
				}
			},
			{"code": "floatupwhenstuck","onlyWhenDead": true},
			{"code": "harvestable",
				"quantitySlots": 8,
				"drops": [
					{
						"type": "item",
						"code": "game:bushmeat-raw",
						"quantityByType": {
							"*-nyctereutes-procyonoides": {"avg": 1,"var": 0.3},
							"*-nyctereutes-viverrinus": {"avg": 1,"var": 0.3},
							"*-otocyon-megalotis": {"avg": 1,"var": 0.3},
							"*-vulpes-bengalensis": {"avg": 1,"var": 0.3},
							"*-vulpes-cana": {"avg": 0,"var": 0},
							"*-vulpes-chama": {"avg": 1,"var": 0.3},
							"*-vulpes-corsac": {"avg": 1,"var": 0.3},
							"*-vulpes-ferrilata": {"avg": 1,"var": 0.3},
							"*-vulpes-lagopus": {"avg": 1,"var": 0.3},
							"*-vulpes-macrotis": {"avg": 0,"var": 0},
							"*-vulpes-pallida": {"avg": 1,"var": 0.3},
							"*-vulpes-rueppellii": {"avg": 0,"var": 0},
							"*-vulpes-velox": {"avg": 1,"var": 0.3},
							"*-vulpes-vulpes": {"avg": 2,"var": 0.6},
							"*-vulpes-zerda": {"avg": 0,"var": 0}
						}
					},
					{
						"type": "item",
						"code": "game:fat",
						"quantityByType": {
							"*-nyctereutes-procyonoides": {"avg": 1,"var": 0.3},
							"*-nyctereutes-viverrinus": {"avg": 1,"var": 0.3},
							"*-vulpes-ferrilata": {"avg": 1,"var": 0.3},
							"*-vulpes-vulpes": {"avg": 1,"var": 0.3},
							"*": {"avg": 0,"var": 0}
						}
					},
					{
						"type": "item",
						"code": "caninae:pelt-vulpini-{gender}-{genus}-{species}",
						"quantityByType": {
							"*": {"avg": 1.0,"var": 0.0}
						}
					}
				]
			},
			{"code": "breathe" },
			{"code": "multiply",
				"enabledByType": {"*-adult-female-*": true,"*": false},
				"spawnEntityCodesByType": {
				"*": [ { "code":"caninae:caninae-vulpini-baby-female-{genus}-{species}"}, {"code": "caninae:caninae-vulpini-baby-male-{genus}-{species}"} ]
				},
				"requiresNearbyEntityCodeByType": {
					"*": "caninae:caninae-vulpini-adult-male-{genus}-{species}"
				},
				"requiresNearbyEntityRange": 10,
				"spawnQuantityMin": 1,
				"spawnQuantityMaxByType": {"*-nyctereutes-*": 16,"*-otocyon-*": 6,"*-bengalensis": 4,"*-cana": 3,"*-chama": 6,"*-corsac": 10,"*-ferrilata": 5,"*-lagopus": 12,"*-macrotis": 5,"*-pallida": 5,"*-rueppellii": 6,"*-velox": 5,"*-vulpes": 13,"*-zerda": 4},
				"pregnancyDaysByType": {"*-nyctereutes-*": 13,"*-otocyon-*": 13,"*-bengalensis": 10,"*-cana": 11,"*-chama": 10,"*-corsac": 11,"*-ferrilata": 11,"*-lagopus": 10,"*-macrotis": 10,"*-pallida": 10,"*-rueppellii": 10,"*-velox": 10,"*-vulpes": 11,"*-zerda": 10},
				"multiplyCooldownDaysMinByType": {"*-nyctereutes-*": 9,"*-otocyon-*": 9,"*-bengalensis": 9,"*-cana": 9,"*-chama": 9,"*-corsac": 9,"*-ferrilata": 9,"*-lagopus": 9,"*-macrotis": 9,"*-pallida": 9,"*-rueppellii": 9,"*-velox": 9,"*-vulpes": 9,"*-zerda": 9},
				"multiplyCooldownDaysMaxByType": {"*-nyctereutes-*": 18,"*-otocyon-*": 18,"*-bengalensis": 18,"*-cana": 18,"*-chama": 18,"*-corsac": 18,"*-ferrilata": 18,"*-lagopus": 18,"*-macrotis": 18,"*-pallida": 18,"*-rueppellii": 18,"*-velox": 18,"*-vulpes": 18,"*-zerda": 18},
				"portionsEatenForMultiplyByType": {"*-nyctereutes-*": 4,"*-otocyon-*": 4,"*-bengalensis": 3,"*-cana": 1,"*-chama": 4,"*-corsac": 3,"*-ferrilata": 4,"*-lagopus": 3,"*-macrotis": 3,"*-pallida": 4,"*-rueppellii": 2,"*-velox": 4,"*-vulpes": 4,"*-zerda": 2}
			},
			{"code": "emotionstates",
				"states": [
					{"code": "fleeondamage","duration": 120,
						"chanceByType": {
							"*": 0.95
						},
						"slot": 2,"priority": 5,"accumType": "max","whenHealthRelBelow": 0.75},
					{"code": "aggressiveondamage","duration": 30,
						"chanceByType": {
							"*": 0.05
						},
						"slot": 2,"priority": 2,"accumType": "noaccum"},
					{"code": "fleeondamage","duration": 60,"chance": 1,"slot": 2,"priority": 1,"accumType": "max"},
					{"code": "alarmherdondamage","chance": 1,"slot": 1,"priority": 1,"accumType": "max"},
					{"code": "saturated","duration": 2880,"chance": 1,"slot": 0,"priority": 1,"accumType": "sum"}
				]
			},
			{
				"code": "taskai",
				"aiCreatureType": "LandCreature",
				"aitasks": [
					{
						"code": "meleeattack",
						"entityCodesByType": {
							"*-otocyon-*": ["chicken-baby","hare-baby","acanthisittidae-*","anatidae-*","aegothelidae-*","apterygidae-*","aptornithidae-*","casuariidae-baby-*","casuariidae-egg-*","dasyuridae-*","rallidae-*","spheniscidae-*","strigopidae-*" ],
							"*-vulpes-vulpes": [ "player","chicken-*","deer-*","goat-*","hare-*","acanthisittidae-*","anatidae-*","antilopinae-*","aegothelidae-*","apterygidae-*","aptornithidae-*", "caprinae-*","casuariidae-baby-*","casuariidae-egg-*", "cervidae-*","dasyuridae-*","manidae-*","nandiniidae-*","procyonidae-*","rallidae-*","spheniscidae-*","strigopidae-*", "suidae-*","viverridae-*" ],
							"*": [ "player","chicken-*","hare-*","acanthisittidae-*","anatidae-*","aegothelidae-*","apterygidae-*","aptornithidae-*","casuariidae-baby-*","casuariidae-egg-*","dasyuridae-*","felinae-baby-*","nandiniidae-*", "procyonidae-*","rallidae-*","spheniscidae-*","strigopidae-*","viverridae-*" ]},
						"knockbackStrengthByType": {"*":0.1},
						"priority": 3,
						"slot": 1,
						"damageByType": {"*-nyctereutes-*": 3,"*-otocyon-*": 3,"*-bengalensis": 2,"*-cana": 1,"*-chama": 2,"*-corsac": 1,"*-ferrilata": 3,"*-lagopus": 2,"*-macrotis": 1,"*-pallida": 2,"*-rueppellii": 1,"*-velox": 2,"*-vulpes": 3,"*-zerda": 1},
						"damageTierByType": {"*":1},
						"damageTypeByType": {"*": "SlashingAttack"},
						"mincooldown": 1500,
						"maxcooldown": 1500,
						"attackDurationMs": 800,
						"damagePlayerAtMs": 500,
						"animation": "Attack",
						"animationSpeed": 2.5,
						"soundByType": {"*-nyctereutes-*":"caninae:creature/nyctereutes/growl","*-otocyon-*":"caninae:creature/otocyon/growl","*-vulpes-zerda":"caninae:creature/vulpes/zerda-attack","*-vulpes-*":"game:creature/fox/attack"},
						"whenNotInEmotionState": "aggressiveondamage|fleeondamage"
					},
					{
						"code": "meleeattack",
						"entityCodesByType": {"*": ["player","bear-*","deer-*","gazelle-*","goat-*","hyena-*","moose-*","pig-*","wolf-*","acanthisittidae-*","anatidae-*","antilopinae-*","aegothelidae-*","apterygidae-*","aptornithidae-*","bovinae-*","caprinae-*","caninae-canina-*", "caninae-cerdocyonina-*","casuariidae-*","cervidae-*","dasyuridae-*","dinornithidae-*","diprotodontidae-*","dromornithidae-*","emeidae-*","felinae-*","megalapterygidae-*","machairodontinae-*","nandiniidae-*","pantherinae-*","procyonidae-*","rallidae-*","rhinocerotidae-*","spheniscidae-*","strigopidae-*","suidae-*","thylacoleonidae-*","ursidae-*","viverridae-*"]},
						"knockbackStrengthByType": {"*":0.1},
						"priority": 3.1,
						"slot": 1,
						"damageByType": {"*-nyctereutes-*": 3,"*-otocyon-*": 3,"*-bengalensis": 2,"*-cana": 1,"*-chama": 2,"*-corsac": 1,"*-ferrilata": 3,"*-lagopus": 2,"*-macrotis": 1,"*-pallida": 2,"*-rueppellii": 1,"*-velox": 2,"*-vulpes": 3,"*-zerda": 1},
						"damageTierByType": {"*": 1},
						"damageTypeByType": {"*": "SlashingAttack"},
						"mincooldown": 1500,
						"maxcooldown": 1500,
						"attackDurationMs": 800,
						"damagePlayerAtMs": 500,
						"animation": "Attack",
						"animationSpeed": 2.5,
						"soundByType": {"*-nyctereutes-*":"caninae:creature/nyctereutes/growl","*-otocyon-*":"caninae:creature/otocyon/growl","*-vulpes-zerda":"caninae:creature/vulpes/zerda-attack","*-vulpes-*":"game:creature/fox/attack"},
						"whenInEmotionState": "aggressiveondamage"
					},
					{
						"code": "fleeentity",
						"entityCodesByType": {
							"*-vulpes-lagopus": ["player","deer-*","fox-*","gazelle-*","goat-*","hyena-*","moose-*","pig-*","wolf-*","antilopinae-adult-*","bovinae-adult-*","caninae-canina-adult-*","caninae-cerdocyonina-adult-*","caninae-urocyonini-adult-*", "caprinae-adult-*","casuariidae-adult-*","cervidae-*","dasyuridae-adult-*","dinornithidae-adult-*","diprotodontidae-adult-*","dromornithidae-adult-*","elephantidae-*","emeidae-adult-*","felinae-adult-*","megalapterygidae-adult-*","machairodontinae-adult-*", "pantherinae-*","rhinocerotidae-*", "suidae-adult-*","suidae-elder-*","thylacoleonidae-*" ],
							"*-vulpes-vulpes": ["player","bear-*","deer-*","gazelle-*","goat-*","hyena-*","moose-*","pig-*","wolf-*","antilopinae-adult-*","bovinae-adult-*","caninae-canina-adult-*","caninae-cerdocyonina-adult-*","caninae-urocyonini-adult-*", "caprinae-adult-*","casuariidae-adult-*","cervidae-alceini-adult-*","cervidae-capreolini-adult-*","cervidae-cervini-adult-*","cervidae-odocoileini-adult-*","dinornithidae-adult-*","diprotodontidae-adult-*","dromornithidae-adult-*","elephantidae-*","emeidae-adult-*","felinae-adult-*","megalapterygidae-*","machairodontinae-adult-*", "pantherinae-*","rhinocerotidae-*", "suidae-adult-*","suidae-elder-*","thylacoleonidae-*","ursidae-*" ],
							"*": ["player","bear-*","deer-*","fox-*","gazelle-*","goat-*","hyena-*","moose-*","pig-*","wolf-*","antilopinae-adult-*","bovinae-adult-*","caninae-canina-adult-*","caninae-cerdocyonina-adult-*","caninae-urocyonini-adult-*", "caprinae-adult-*","casuariidae-adult-*","cervidae-*","dasyuridae-adult-*","dinornithidae-adult-*","diprotodontidae-adult-*","dromornithidae-adult-*","elephantidae-*","emeidae-adult-*","felinae-adult-*","megalapterygidae-adult-*","machairodontinae-adult-*", "pantherinae-*","rhinocerotidae-*", "suidae-adult-*","suidae-elder-*","thylacoleonidae-*","ursidae-*" ]},
							"priority": 3.81,
						"movespeedByType": {"*-nyctereutes-*": 0.04,"*-otocyon-*":0.032,"*-vulpes-bengalensis":0.028,"*-vulpes-cana":0.024,"*-vulpes-chama":0.03,"*-vulpes-corsac":0.032,"*-vulpes-ferrilata":0.03,"*-vulpes-lagopus":0.024,"*-vulpes-macrotis":0.024,"*-vulpes-pallida":0.02,"*-vulpes-rueppellii":0.024,"*-vulpes-velox":0.024,"*-vulpes-vulpes":0.04,"*-vulpes-zerda":0.02},
						"seekingRange": 6,
						"animation": "Gallop",
						"animationSpeed": 2,
						"soundByType": {"*-nyctereutes-*":"caninae:creature/nyctereutes/hurt", "*-vulpes-zerda":"caninae:creature/vulpes/zerda-chirp","*-vulpes-*":"game:creature/fox/hurt"}
					},
					{
						"code": "fleeentity",
						"entityCodesByType": {
							"*-vulpes-lagopus": ["player","deer-*","fox-*","gazelle-*","goat-*","hyena-*","moose-*","pig-*","wolf-*","antilopinae-adult-*","bovinae-adult-*","caninae-canina-adult-*","caninae-cerdocyonina-adult-*","caninae-urocyonini-adult-*", "caprinae-adult-*","casuariidae-adult-*","cervidae-*","dasyuridae-adult-*","dinornithidae-adult-*","diprotodontidae-adult-*","dromornithidae-adult-*","elephantidae-*","emeidae-adult-*","felinae-adult-*","megalapterygidae-adult-*","machairodontinae-adult-*", "pantherinae-*","rhinocerotidae-*", "suidae-adult-*","suidae-elder-*","thylacoleonidae-*" ],
							"*-vulpes-vulpes": ["player","bear-*","deer-*","gazelle-*","goat-*","hyena-*","moose-*","pig-*","wolf-*","antilopinae-adult-*","bovinae-adult-*","caninae-canina-adult-*","caninae-cerdocyonina-adult-*","caninae-urocyonini-adult-*", "caprinae-adult-*","casuariidae-adult-*","cervidae-alceini-adult-*","cervidae-capreolini-adult-*","cervidae-cervini-adult-*","cervidae-odocoileini-adult-*","dinornithidae-adult-*","diprotodontidae-adult-*","dromornithidae-adult-*","elephantidae-*","emeidae-adult-*","felinae-adult-*","megalapterygidae-*","machairodontinae-adult-*", "pantherinae-*","rhinocerotidae-*", "suidae-adult-*","suidae-elder-*","thylacoleonidae-*","ursidae-*" ],
							"*": ["player","bear-*","deer-*","fox-*","gazelle-*","goat-*","hyena-*","moose-*","pig-*","wolf-*","antilopinae-adult-*","bovinae-adult-*","caninae-canina-adult-*","caninae-cerdocyonina-adult-*","caninae-urocyonini-adult-*", "caprinae-adult-*","casuariidae-adult-*","cervidae-*","dasyuridae-adult-*","dinornithidae-adult-*","diprotodontidae-adult-*","dromornithidae-adult-*","elephantidae-*","emeidae-adult-*","felinae-adult-*","megalapterygidae-adult-*","machairodontinae-adult-*", "pantherinae-*","rhinocerotidae-*", "suidae-adult-*","suidae-elder-*","thylacoleonidae-*","ursidae-*" ]},
							"priority": 3.8,
						"movespeedByType": {"*-nyctereutes-*": 0.01,"*-otocyon-*":0.0085,"*-vulpes-bengalensis":0.007,"*-vulpes-cana":0.006,"*-vulpes-chama":0.0075,"*-vulpes-corsac":0.0085,"*-vulpes-ferrilata":0.0075,"*-vulpes-lagopus":0.006,"*-vulpes-macrotis":0.006,"*-vulpes-pallida":0.005,"*-vulpes-rueppellii":0.006,"*-vulpes-velox":0.006,"*-vulpes-vulpes":0.01,"*-vulpes-zerda":0.005},
						"seekingRange": 25,
						"animation": "Trot",
						"animationSpeed": 2.0,
						"whenNotInEmotionState": "aggressiveondamage"
					},
					{
						"code": "seekentity",
						"entityCodesByType": {
							"*-otocyon-*": ["chicken-baby","hare-baby","acanthisittidae-*","anatidae-*","aegothelidae-*","apterygidae-*","aptornithidae-*","casuariidae-baby-*","casuariidae-egg-*","rallidae-*","spheniscidae-egg-*","strigopidae-*"],
							"*-vulpes-vulpes": [ "chicken-*","deer-*-*-baby","gazelle-baby","goat-baby-*","hare-*","pig-baby","acanthisittidae-*","anatidae-*","antilopinae-baby-*","aegothelidae-*","apterygidae-*","aptornithidae-*","caprinae-baby-*","casuariidae-baby-*","casuariidae-egg-*","cervidae-capreolini-baby-*","cervidae-odocoileini-baby-*","dasyuridae-baby-*","manidae-baby-*","rallidae-*","spheniscidae-*","strigopidae-*","suidae-baby-*"  ],
							"*": [ "chicken-*","hare-*","acanthisittidae-*","anatidae-*","aegothelidae-*","apterygidae-*","aptornithidae-*","casuariidae-baby-*","casuariidae-egg-*","felinae-baby-*","rallidae-*","spheniscidae-egg-*","strigopidae-*"   ]},
						"priority": 1.8,
						"seekingRange": 10,
						"movespeedByType": {"*-nyctereutes-*": 0.04, "*-otocyon-*":0.032,"*-vulpes-bengalensis":0.028,"*-vulpes-cana":0.024,"*-vulpes-chama":0.03,"*-vulpes-corsac":0.032,"*-vulpes-ferrilata":0.03,"*-vulpes-lagopus":0.024,"*-vulpes-macrotis":0.024,"*-vulpes-pallida":0.02,"*-vulpes-rueppellii":0.024,"*-vulpes-velox":0.024,"*-vulpes-vulpes":0.04,"*-vulpes-zerda":0.02},
						"animation": "Gallop",
						"animationSpeed": 2.0,
						"whenNotInEmotionState": "saturated"
					},
					{
						"code": "seekentity",
						"entityCodesByType": {
							"*-otocyon-*": ["chicken-baby","hare-baby","acanthisittidae-*","anatidae-*","aegothelidae-*","apterygidae-*","aptornithidae-*","casuariidae-baby-*","casuariidae-egg-*","rallidae-*","spheniscidae-egg-*","strigopidae-*"],
							"*-vulpes-vulpes": [ "chicken-*","deer-*-*-baby","gazelle-baby","goat-baby-*","hare-*","pig-baby","acanthisittidae-*","anatidae-*","antilopinae-baby-*","aegothelidae-*","apterygidae-*","aptornithidae-*","caprinae-baby-*","casuariidae-baby-*","casuariidae-egg-*","cervidae-capreolini-baby-*","cervidae-odocoileini-baby-*","dasyuridae-baby-*","manidae-baby-*","rallidae-*","spheniscidae-*","strigopidae-*","suidae-baby-*"  ],
							"*": [ "chicken-*","hare-*","acanthisittidae-*","anatidae-*","aegothelidae-*","apterygidae-*","aptornithidae-*","casuariidae-baby-*","casuariidae-egg-*","felinae-baby-*","rallidae-*","spheniscidae-egg-*","strigopidae-*"   ]},
						"priority": 1.7,
						"priorityForCancel": 1.71,
						"seekingRange": 30,
						"movespeedByType": {"*-nyctereutes-*": 0.009,"*-otocyon-*":0.008,"*-vulpes-bengalensis":0.0063,"*-vulpes-cana":0.006,"*-vulpes-chama":0.00675,"*-vulpes-corsac":0.008,"*-vulpes-ferrilata":0.00675,"*-vulpes-lagopus":0.006,"*-vulpes-macrotis":0.006,"*-vulpes-pallida":0.0045,"*-vulpes-rueppellii":0.006,"*-vulpes-velox":0.006,"*-vulpes-vulpes":0.009,"*-vulpes-zerda":0.0045},
						"animation": "Trot",
						"animationSpeed": 2.0,
						"whenNotInEmotionState": "saturated"
					},
					{
						"code": "seekentity",
						"entityCodesByType": {
							"*": [ "player", "bear-*", "deer-*", "fox-*","gazelle-*", "goat-*","hyena-*", "moose-*","sheep-*", "pig-*", "wolf-*","antilopinae-*","caninae-canina-*","caninae-cerdocyonina-*","caprinae-*","casuariidae-*", "cervidae-*","dasyuridae-*","felinae-*","machairodontinae-adult-*", "pantherinae-*","suidae-*","thylacoleonidae-*","ursidae-*"  ]},
						"priority": 3.82,
						"seekingRange": 5,
						"movespeedByType": {"*-nyctereutes-*": 0.04,"*-otocyon-*":0.032,"*-vulpes-bengalensis":0.028,"*-vulpes-cana":0.024,"*-vulpes-chama":0.03,"*-vulpes-corsac":0.032,"*-vulpes-ferrilata":0.03,"*-vulpes-lagopus":0.024,"*-vulpes-macrotis":0.024,"*-vulpes-pallida":0.02,"*-vulpes-rueppellii":0.024,"*-vulpes-velox":0.024,"*-vulpes-vulpes":0.04,"*-vulpes-zerda":0.02},
						"animation": "Canter",
						"animationSpeed": 1.0,
						"soundByType": {"*-nyctereutes-*":"caninae:creature/nyctereutes/hurt","*-vulpes-zerda":"caninae:creature/vulpes/zerda-attack","*-vulpes-*":"game:creature/fox/growl"},
						"whenInEmotionState": "aggressiveondamage"
					},
					{
						"code": "fleeentity",
						"entityCodesByType": {
							"*": [ "player", "bear-*", "deer-*", "fox-*","gazelle_*", "goat-*","hyena-*", "moose-*","sheep-*", "pig-*", "wolf-*","antilopinae-*","bovinae-*","caninae-canina-*","caninae-cerdocyonina-*","caprinae-*","casuariidae-*", "cervidae-*","dasyuridae-*","diprotodontidae-*","dinornithidae-*","dromornithidae-*","elephantidae-*","emeidae-*","felinae-*","machairodontinae-adult-*","megalapterygidae-*","nandiniidae-*", "pantherinae-*","spheniscidae-*","suidae-*","thylacoleonidae-*","ursidae-*","viverridae-*"  ]},
						"priority": 3.83,
						"movespeedByType": {"*-nyctereutes-*": 0.036,"*-otocyon-*":0.029,"*-vulpes-bengalensis":0.024,"*-vulpes-cana":0.022,"*-vulpes-chama":0.027,"*-vulpes-corsac":0.029,"*-vulpes-ferrilata":0.027,"*-vulpes-lagopus":0.022,"*-vulpes-macrotis":0.022,"*-vulpes-pallida":0.018,"*-vulpes-rueppellii":0.022,"*-vulpes-velox":0.022,"*-vulpes-vulpes":0.036,"*-vulpes-zerda":0.018},
						"seekingRange": 25,
						"animation": "Canter",
						"animationSpeed": 2.0,
						"soundByType": {"*-nyctereutes-*":"caninae:creature/nyctereutes/hurt", "*-vulpes-zerda":"caninae:creature/vulpes/zerda-chirp","*-vulpes-*":"game:creature/fox/hurt"},
						"whenInEmotionState": "fleeondamage"
					},
					{
						"code": "getoutofwater",
						"priority": 1.81,
						"priorityForCancel": 1.85,
						"movespeedByType": {"*-nyctereutes-*": 0.036,"*-otocyon-*":0.029,"*-vulpes-bengalensis":0.024,"*-vulpes-cana":0.024,"*-vulpes-chama":0.03,"*-vulpes-corsac":0.029,"*-vulpes-ferrilata":0.03,"*-vulpes-lagopus":0.024,"*-vulpes-macrotis":0.024,"*-vulpes-pallida":0.018,"*-vulpes-rueppellii":0.024,"*-vulpes-velox":0.024,"*-vulpes-vulpes":0.036,"*-vulpes-zerda":0.018},
						"animation": "Swim",
						"animationSpeed": 1
					},
					{
						"code": "stayclosetoentity",
						"priority": 1.4,
						"entityCodeByType": {
							"*-adult-female-*": "caninae-vulpini-adult-male-{genus}-{species}"
						},
						"chance": 0.1,
						"movespeedByType": {"*-nyctereutes-*": 0.012,"*-otocyon-*":0.0096,"*-vulpes-bengalensis":0.008,"*-vulpes-cana":0.008,"*-vulpes-chama":0.009,"*-vulpes-corsac":0.0096,"*-vulpes-ferrilata":0.009,"*-vulpes-lagopus":0.008,"*-vulpes-macrotis":0.008,"*-vulpes-pallida":0.006,"*-vulpes-rueppellii":0.08,"*-vulpes-velox":0.008,"*-vulpes-vulpes":0.012,"*-vulpes-zerda":0.006},
						"maxDistance": 6,
						"searchRange": 25,
						"animation": "Trot",
						"animationSpeed": 2,
						"stopOnHurt": true,
						"soundByType": {"*-nyctereutes-*":"caninae:creature/nyctereutes/call"}
					},
					{
						"code": "seekentity",
						"priority": 1.34,
						"entityCodesByType": {
							"*-nyctereutes-*": [ "player" ],
							"*-otocyon-*": [],
							"*-vulpes-vulpes": [ "player" ],
							"*-vulpes-*": [ "player" ]
						},
						"minduration": 4000,
						"maxduration": 4000,
						"movespeedByType": {"*-vulpini-*": 0.0001},
						"mincooldown": 6000,
						"maxcooldown": 12000,
						"seekingRangeByType": {"*-nyctereutes-*":10,"*-vulpes-vulpes":13,"*-vulpes-*":10},
						"animation": "Yip",
						"animationSpeed": 1,
						"stopOnHurt": true,
						"soundByType": {"*-nyctereutes-*":"caninae:creature/nyctereutes/growl","*-otocyon-*":"caninae:creature/otocyon/growl","*-vulpes-zerda":"caninae:creature/vulpes/zerda-chirp","*-vulpes-*":"game:creature/fox/growl"},
						"soundRangeByType": {"*": 25}
					},
					{
						"code": "idle",
						"priority": 1.3,
						"minduration": 200000,
						"maxduration": 800000,
						"mincooldown": 10000,
						"maxcooldown": 30000,
						"animation": "Sleep",
						"animationSpeed": 0.3,
						"whenNotInEmotionState": "aggressiveondamage|fleeondamage",
						"duringDayTimeFramesByType": {
							"*-nyctereutes-*":[{"fromHour": 11,"toHour": 14},{"fromHour": 16,"toHour": 18}],
							"*-otocyon-*":[{"fromHour": 11,"toHour": 18}],
							"*-vulpes-bengalensis":[{"fromHour": 11,"toHour": 18}],
							"*-vulpes-cana":[{"fromHour": 11,"toHour": 18}],
							"*-vulpes-chama":[{"fromHour": 11,"toHour": 18}],
							"*-vulpes-corsac":[{"fromHour": 11,"toHour": 18}],
							"*-vulpes-ferrilata":[{"fromHour": 18,"toHour": 24},{"fromHour": 0,"toHour": 6}],
							"*-vulpes-lagopus":[{"fromHour": 18,"toHour": 24},{"fromHour": 0,"toHour": 6}],
							"*-vulpes-macrotis":[{"fromHour": 11,"toHour": 18}],
							"*-vulpes-pallida":[{"fromHour": 11,"toHour": 18}],
							"*-vulpes-rueppellii":[{"fromHour": 11,"toHour": 18}],
							"*-vulpes-velox":[{"fromHour": 11,"toHour": 18}],
							"*-vulpes-vulpes":[{"fromHour": 11,"toHour": 18}],
							"*-vulpes-zerda":[{"fromHour": 11,"toHour": 18}]},
						"stopOnNearbyEntityCodes": [ "player" ],
						"stopRange": 6,
						"stopOnHurt": true
					},
					{
						"code": "seekfoodandeat",
						"movespeedByType": {"*-nyctereutes-*": 0.004,"*-otocyon-*":0.032,"*-vulpes-bengalensis":0.0028,"*-vulpes-cana":0.0024,"*-vulpes-chama":0.003,"*-vulpes-corsac":0.004,"*-vulpes-ferrilata":0.003,"*-vulpes-lagopus":0.0024,"*-vulpes-macrotis":0.024,"*-vulpes-pallida":0.002,"*-vulpes-rueppellii":0.024,"*-vulpes-velox":0.024,"*-vulpes-vulpes":0.004,"*-vulpes-zerda":0.002},
						"priority": 1.34,
						"eatSoundByType": {"*":"game:creature/animal-eat-small"},
						"eatTime": 5.0,
						"animationSpeed": 1,
						"eatLooseItems": true,
						"animation": "Walk",
						"eatAnimation": "Eat",
						"eatAnimationLooseItems": "Eat",
						"whenNotInEmotionState": "aggressiveondamage|fleeondamage",
						"mincooldownHours": 1,
						"maxcooldownHours": 4,
						"stopOnHurt": true
					},
					{
						"code": "idle",
						"priority": 1.0,
						"priorityForCancel": 1.35,
						"minduration": 4667,
						"maxduration": 4667,
						"chanceByType": {"*-nyctereutes-*": 0.001, "*-vulpes-*": 0.005},
						"mincooldown": 8000,
						"maxcooldown": 50000,
						"animation": "Yip",
						"whenNotInEmotionState": "aggressiveondamage|fleeondamage",
						"animationSpeed": 1.0,
						"soundByType": {"*-nyctereutes-*":"caninae:creature/nyctereutes/call","*-vulpes-bengalensis":"caninae:creature/vulpes/bengalensis-call","*-vulpes-lagopus":"caninae:creature/vulpes/lagopus-call","*-vulpes-vulpes":"caninae:creature/vulpes/vulpes-call","*-vulpes-zerda":"caninae:creature/vulpes/zerda-call"},
						"soundRangeByType": {"*-nyctereutes-*": 25, "*-vulpes-*": 50},
						"stopOnHurt": true
					},
					{
						"code": "wander",
						"priority": 1.0,
						"priorityForCancel": 1.35,
						"chance": 0.5,
						"movespeedByType": {"*-nyctereutes-*": 0.009,"*-otocyon-*":0.0072,"*-vulpes-bengalensis":0.0063,"*-vulpes-cana":0.006,"*-vulpes-chama":0.00675,"*-vulpes-corsac":0.0072,"*-vulpes-ferrilata":0.00675,"*-vulpes-lagopus":0.006,"*-vulpes-macrotis":0.006,"*-vulpes-pallida":0.0045,"*-vulpes-rueppellii":0.006,"*-vulpes-velox":0.006,"*-vulpes-vulpes":0.009,"*-vulpes-zerda":0.0045},
						"animationSpeedByType": {"*": 2},
						"animation": "Trot",
						"whenNotInEmotionState": "aggressiveondamage|fleeondamage",
						"preferredLightLevel": 8,
						"stopOnHurt": true
					},
					{
						"code": "wander",
						"priority": 1.0,
						"priorityForCancel": 1.35,
						"chance": 0.25,
						"movespeedByType": {"*-nyctereutes-*": 0.004,"*-otocyon-*":0.0032,"*-vulpes-bengalensis":0.0028,"*-vulpes-cana":0.0024,"*-vulpes-chama":0.003,"*-vulpes-corsac":0.0032,"*-vulpes-ferrilata":0.003,"*-vulpes-lagopus":0.0024,"*-vulpes-macrotis":0.0024,"*-vulpes-pallida":0.002,"*-vulpes-rueppellii":0.0024,"*-vulpes-velox":0.0024,"*-vulpes-vulpes":0.004,"*-vulpes-zerda":0.002},
						"animationSpeedByType": {"*": 1},
						"animation": "Walk",
						"whenNotInEmotionState": "aggressiveondamage|fleeondamage",
						"preferredLightLevel": 8,
						"stopOnHurt": true
					},
					{
						"code": "idle",
						"onBlockBelowCode": "game:snowblock",
						"priority": 0.9,
						"chance": 0.1,
						"minduration": 2400,
						"maxduration": 2400,
						"mincooldown": 6000,
						"maxcooldown": 120000,
						"priorityForCancel": 1.28,
						"stopOnHurt": true,
						"animation": "Dive",
						"whenNotInEmotionState": "aggressiveondamage|fleeondamage",
						"animationSpeed": 1.25,
						"sound": "walk/deepsnow1",
						"soundStartMs": 950
					},
					{
						"code": "idle",
						"priority": 0.9,
						"minduration": 2500,
						"maxduration": 2500,
						"mincooldown": 6000,
						"maxcooldown": 20000,
						"priorityForCancel": 1.28,
						"stopOnHurt": true,
						"animation": "Sniff",
						"whenNotInEmotionState": "aggressiveondamage|fleeondamage",
						"soundByType": {"*-nyctereutes-*":"caninae:creature/nyctereutes/sniff"},
						"animationSpeed": 1.25
					},
					{
						"code": "idle",
						"priority": 0.9,
						"minduration": 6000,
						"maxduration": 45000,
						"mincooldown": 6000,
						"maxcooldown": 120000,
						"priorityForCancel": 1.28,
						"stopOnNearbyEntityCodes": [ "player", "bear-*","wolf-*","sheep-*","pig-*","cervidae-*","caprinae-*","caninae-canina-*","machairodontinae-*","pantherinae-*","suidae-*","thylacoleonidae-*","ursidae-*" ],
						"stopRange": 8,
						"stopOnHurt": true,
						"animation": "Lie",
						"whenNotInEmotionState": "aggressiveondamage|fleeondamage"
					},
					{
						"code": "idle",
						"priority": 0.9,
						"minduration": 6000,
						"maxduration": 45000,
						"mincooldown": 6000,
						"maxcooldown": 120000,
						"priorityForCancel": 1.28,
						"stopOnNearbyEntityCodes": [ "player", "bear-*","wolf-*","sheep-*","pig-*","cervidae-*","caprinae-*","caninae-canina-*","machairodontinae-*","pantherinae-*","suidae-*","thylacoleonidae-*","ursidae-*" ],
						"stopRange": 8,
						"stopOnHurt": true,
						"animation": "Sit",
						"whenNotInEmotionState": "aggressiveondamage|fleeondamage"
					},
					{
						"code": "lookaround",
						"priority": 0.5,
						"whenNotInEmotionState": "aggressiveondamage|fleeondamage"
					}
				]
			},
			{"code": "ropetieable","minGeneration": 2},
			{"code": "pettable","minGeneration": 1}],
		"spawnconditions": {
			"worldgen": {
			"tryOnlySurface": true,	
				"triesPerChunk": { "avg": 0, "var": 0 },
			"groupSizeByType": {
					"*-nyctereutes-procyonoides": { "dist": "uniform", "avg": 1.5, "var": 0.5 },
					"*-nyctereutes-viverrinus": { "dist": "uniform", "avg": 1.5, "var": 0.5 },
					"*-otocyon-megalotis": { "dist": "uniform", "avg": 1.5, "var": 0.5 },
					"*-vulpes-bengalensis": { "dist": "uniform", "avg": 1.5, "var": 0.5 },
					"*-vulpes-cana": { "dist": "uniform", "avg": 1.0, "var": 0.0},
					"*-vulpes-chama": { "dist": "uniform", "avg": 1.0, "var": 0.0},
					"*-vulpes-corsac": { "dist": "uniform", "avg": 1.0, "var": 0.0},
					"*-vulpes-ferrilata": { "dist": "uniform", "avg": 1.0, "var": 0.0},
					"*-vulpes-lagopus": { "dist": "uniform", "avg": 1.0, "var": 0.0},
					"*-vulpes-macrotis": { "dist": "uniform", "avg": 1.0, "var": 0.0},
					"*-vulpes-pallida": { "dist": "uniform", "avg": 1.0, "var": 0.0},
					"*-vulpes-rueppellii": { "dist": "uniform", "avg": 1.0, "var": 0.0},
					"*-vulpes-velox": { "dist": "uniform", "avg": 1.0, "var": 0.0},
					"*-vulpes-vulpes": { "dist": "uniform", "avg": 1.0, "var": 0.0},
					"*-vulpes-zerda": { "dist": "uniform", "avg": 1.0, "var": 0.0}
			},
			"insideBlockCodes":["game:air", "game:gravel-*","game:leaves-*", "game:sand-*", "game:snow-*","game:soil-*","game:tallgrass-*"],
			"companionsByType": {
				"*":["caninae:caninae-vulpini-adult-female-{genus}-{species}","caninae:caninae-vulpini-adult-male-{genus}-{species}"]}
		},
			"runtime": {
				"group": "neutral",
				"maxQuantity": 1,
				"maxQuantityByGroup": {"code": "caninae-vulpini-*","maxQuantity": 4},
				"tryOnlySurface": true,
				"chanceByType": {
					"*-nyctereutes-procyonoides": 0.0001,
					"*-nyctereutes-viverrinus": 0.0001,
					"*-otocyon-megalotis": 0.0001,
					"*-vulpes-bengalensis": 0.0001,
					"*-vulpes-cana": 0.0001,
					"*-vulpes-chama": 0.0001,
					"*-vulpes-corsac": 0.0001,
					"*-vulpes-ferrilata": 0.0001,
					"*-vulpes-lagopus": 0.0001,
					"*-vulpes-macrotis": 0.0001,
					"*-vulpes-pallida": 0.0001,
					"*-vulpes-rueppellii": 0.0001,
					"*-vulpes-velox": 0.0001,
					"*-vulpes-vulpes": 0.0001,
					"*-vulpes-zerda": 0.0001
				},
				"maxLightLevel": 7,
				"lightLevelType": "onlyBlockLight",	
				"spawnCapPlayerScaling": 0.0,	
				"mindistancetoplayer": 50,
				"groupSizeByType": {
					"*-nyctereutes-procyonoides": { "dist": "uniform", "avg": 1.5, "var": 0.5 },
					"*-nyctereutes-viverrinus": { "dist": "uniform", "avg": 1.5, "var": 0.5 },
					"*-otocyon-megalotis": { "dist": "uniform", "avg": 1.5, "var": 0.5 },
					"*-vulpes-bengalensis": { "dist": "uniform", "avg": 1.5, "var": 0.5 },
					"*-vulpes-cana": { "dist": "uniform", "avg": 1.0, "var": 0.0},
					"*-vulpes-chama": { "dist": "uniform", "avg": 1.0, "var": 0.0},
					"*-vulpes-corsac": { "dist": "uniform", "avg": 1.0, "var": 0.0},
					"*-vulpes-ferrilata": { "dist": "uniform", "avg": 1.0, "var": 0.0},
					"*-vulpes-lagopus": { "dist": "uniform", "avg": 1.0, "var": 0.0},
					"*-vulpes-macrotis": { "dist": "uniform", "avg": 1.0, "var": 0.0},
					"*-vulpes-pallida": { "dist": "uniform", "avg": 1.0, "var": 0.0},
					"*-vulpes-rueppellii": { "dist": "uniform", "avg": 1.0, "var": 0.0},
					"*-vulpes-velox": { "dist": "uniform", "avg": 1.0, "var": 0.0},
					"*-vulpes-vulpes": { "dist": "uniform", "avg": 1.0, "var": 0.0},
					"*-vulpes-zerda": { "dist": "uniform", "avg": 1.0, "var": 0.0}
				},
				"insideBlockCodes": [ "game:air","game:gravel-*", "game:sand-*", "game:snowlayer-1", "game:soil-*","game:tallgrass-*" ],
				"companionsByType": {
				"*":["caninae:caninae-vulpini-adult-female-{genus}-{species}","caninae:caninae-vulpini-adult-male-{genus}-{species}"]}
			}
		},
		"spawnconditionsByType": {
			"caninae-vulpini-adult-*-nyctereutes-procyonoides": {
				"climate": {
					"minTemp": -12,
					"maxTemp": 24,
					"minRain": 0.2,
					"maxRain": 0.9,
					"minForestOrShrubs": 0,
					"maxForest": 1.0,
					"maxShrubs": 1.0,
					"minY": 1.0,
					"maxY": 1.6					
				},
				"worldgen": {
					"triesPerChunk": { "avg": 0.005, "var": 0}
				}
			},
			"caninae-vulpini-adult-*-nyctereutes-viverrinus": {
				"climate": {
					"minTemp": -6,
					"maxTemp": 12,
					"minRain": 0.25,
					"maxRain": 0.9,
					"minForestOrShrubs": 0,
					"maxForest": 1.0,
					"maxShrubs": 1.0,
					"minY": 1.0,
					"maxY": 1.6					
				},
				"worldgen": {
					"triesPerChunk": { "avg": 0.005, "var": 0}
				}
			},
			"caninae-vulpini-adult-*-otocyon-megalotis": {
				"climate": {
					"minTemp": 12,
					"maxTemp": 44,
					"minRain": 0.1,
					"maxRain": 0.5,
					"minForestOrShrubs": 0,
					"maxForest": 0.75,
					"maxShrubs": 1,
					"minY": 1.0,
					"maxY": 1.6					
				},
				"worldgen": {
					"triesPerChunk": { "avg": 0.005, "var": 0}
				}
			},
			"caninae-vulpini-adult-*-vulpes-bengalensis": {
				"climate": {
					"minTemp": 18,
					"maxTemp": 36,
					"minRain": 0.25,
					"maxRain": 0.5,
					"minForestOrShrubs": 0,
					"maxForest": 0.75,
					"maxShrubs": 1,
					"minY": 1.0,
					"maxY": 1.4					
				},
				"worldgen": {
					"triesPerChunk": { "avg": 0.005, "var": 0}
				}
			},
			"caninae-vulpini-adult-*-vulpes-cana": {
				"climate": {
					"minTemp": 14,
					"maxTemp": 44,
					"minRain": 0.1,
					"maxRain": 0.3,
					"minForestOrShrubs": 0,
					"maxForest": 0.5,
					"maxShrubs": 1,
					"minY": 1.0,
					"maxY": 1.45					
				},
				"worldgen": {
					"triesPerChunk": { "avg": 0.005, "var": 0}
				}
			},
			"caninae-vulpini-adult-*-vulpes-chama": {
				"climate": {
					"minTemp": 12,
					"maxTemp": 20,
					"minRain": 0.1,
					"maxRain": 0.75,
					"minForestOrShrubs": 0,
					"maxForest": 0.5,
					"maxShrubs": 1,
					"minY": 1.0,
					"maxY": 1.4					
				},
				"worldgen": {
					"triesPerChunk": { "avg": 0.005, "var": 0}
				}
			},
			"caninae-vulpini-adult-*-vulpes-corsac": {
				"climate": {
					"minTemp": -8,
					"maxTemp": 16,
					"minRain": 0.1,
					"maxRain": 0.3,
					"minForestOrShrubs": 0,
					"maxForest": 0.5,
					"maxShrubs": 1,
					"minY": 1.1,
					"maxY": 1.8					
				},
				"worldgen": {
					"triesPerChunk": { "avg": 0.005, "var": 0}
				}
			},
			"caninae-vulpini-adult-*-vulpes-ferrilata": {
				"climate": {
					"minTemp": -12,
					"maxTemp": 8,
					"minRain": 0.1,
					"maxRain": 0.5,
					"minForestOrShrubs": 0,
					"maxForest": 0.25,
					"maxShrubs": 1,
					"minY": 1.6,
					"maxY": 1.9					
				},
				"worldgen": {
					"triesPerChunk": { "avg": 0.005, "var": 0}
				}
			},
			"caninae-vulpini-adult-*-vulpes-lagopus": {
				"climate": {
					"minTemp": -30,
					"maxTemp": -4,
					"minRain": 0.1,
					"maxRain": 1.0,
					"minForestOrShrubs": 0,
					"maxForest": 1,
					"maxShrubs": 1,
					"minY": 1.0,
					"maxY": 1.4					
				},
				"worldgen": {
					"triesPerChunk": { "avg": 0.005, "var": 0}
				}
			},
			"caninae-vulpini-adult-*-vulpes-macrotis": {
				"climate": {
					"minTemp": 10,
					"maxTemp": 22,
					"minRain": 0.1,
					"maxRain": 0.4,
					"minForestOrShrubs": 0,
					"maxForest": 0.25,
					"maxShrubs": 1,
					"minY": 1.1,
					"maxY": 1.6					
				},
				"worldgen": {
					"triesPerChunk": { "avg": 0.005, "var": 0}
				}
			},
			"caninae-vulpini-adult-*-vulpes-pallida": {
				"climate": {
					"minTemp": 22,
					"maxTemp": 44,
					"minRain": 0.1,
					"maxRain": 0.4,
					"minForestOrShrubs": 0,
					"maxForest": 0.25,
					"maxShrubs": 0.25,
					"minY": 1.0,
					"maxY": 1.4					
				},
				"worldgen": {
					"triesPerChunk": { "avg": 0.005, "var": 0}
				}
			},
			"caninae-vulpini-adult-*-vulpes-rueppellii": {
				"climate": {
					"minTemp": 18,
					"maxTemp": 44,
					"minRain": 0.1,
					"maxRain": 0.25,
					"minForestOrShrubs": 0,
					"maxForest": 0.25,
					"maxShrubs": 1,
					"minY": 1.0,
					"maxY": 1.6					
				},
				"worldgen": {
					"triesPerChunk": { "avg": 0.005, "var": 0}
				}
			},
			"caninae-vulpini-adult-*-vulpes-velox": {
				"climate": {
					"minTemp": 4,
					"maxTemp": 16,
					"minRain": 0.25,
					"maxRain": 0.75,
					"minForestOrShrubs": 0,
					"maxForest": 0.25,
					"maxShrubs": 1,
					"minY": 1.1,
					"maxY": 1.6					
				},
				"worldgen": {
					"triesPerChunk": { "avg": 0.005, "var": 0}
				}
			},
			"caninae-vulpini-adult-*-vulpes-vulpes": {
				"climate": {
					"minTemp": -18,
					"maxTemp": 28,
					"minRain": 0.1,
					"maxRain": 1.0,
					"minForestOrShrubs": 0,
					"maxForest": 1,
					"maxShrubs": 1,
					"minY": 1.0,
					"maxY": 1.8					
				},
				"worldgen": {
					"triesPerChunk": { "avg": 0.005, "var": 0}
				}
			},
			"caninae-vulpini-adult-*-vulpes-zerda": {
				"climate": {
					"minTemp": 18,
					"maxTemp": 44,
					"minRain": 0.05,
					"maxRain": 0.2,
					"minForestOrShrubs": 0,
					"maxForest": 0.25,
					"maxShrubs": 0.25,
					"minY": 1.0,
					"maxY": 1.6					
				},
				"worldgen": {
					"triesPerChunk": { "avg": 0.005, "var": 0}
				}
			}
		}
	},
	"soundsByType": {
"*-nyctereutes-*":{"hurt": "caninae:creature/nyctereutes/hurt","death": "caninae:creature/nyctereutes/hurt","idle": "caninae:creature/nyctereutes/sniff"},
"*-otocyon-*":{"hurt": "caninae:creature/otocyon/growl","death": "caninae:creature/otocyon/growl"},
"*-vulpes-zerda":{"hurt": "caninae:creature/vulpes/zerda-chirp","death": "caninae:creature/vulpes/zerda-chirp","idle": "caninae:creature/vulpes/zerda-bark"},
"*-vulpes-*":{"hurt": "caninae:creature/vulpes/whimper","death": "caninae:creature/vulpes/whimper","idle": "caninae:creature/nyctereutes/sniff"}
	},
	"idleSoundChance": 0.05
}