{
	code: "blade",
	damagedby: ["blockbreaking", "attacking"],
	tool: "sword",
	attributes: {





			"bloodshed-defense": {
				"blockSoundLight": "game:tool/slash",
				"blockSoundHeavy": "game:effect/anvilmergehit",
				"protectionChanceByType": {
					"*": {
					"passive": 0.05,
					"active": 0.5
					},
				},
				"damageAbsorptionByType": {
					"*-relic0": 2.5,
					"*-relic1": 3.5,
					"*-relic2": 5.5,
					"*-relic3": 6,
					"*-relic4": 7,
					"*-relic5": 7.5,
				},
				"vertProtectionRange": 75,
				"horizProtectionRange": 75
			},







"sharpenable": true,
"onGrindstoneTransform": {
		translation: { x: -0.2, y: 0.3, z: 0.4 },
		rotation: { x: 50, y: 0, z: 0 },
		origin: { x: 0.5, y: 0.1, z: 0.5 },
		scale: 1
},

		heldItemPitchFollow: 0.9,
		handbook: {
			groupBy: ["blade-*"]
		},
		toolrackTransformByType: {
			"blade-claymore-*": 
				{
					translation: { x: 0.56, y: 0.6, z: -0.2 },
					rotation: { x: -16, y: 180, z: 1 },
					scale: 1.25
				},
			

		},
		groundStorageTransformByType: {
			
			"blade-claymore-*": {
				translation: { x: 0, y: 1.05, z: 0.065 },
				rotation: { x: 24, y: 90, z: -87 },
				scale: 0.63
			},
			
		},
	},
	behaviors: [{ 
		name: "GroundStorable",
		properties: {
			layout: 'WallHalves',
			wallOffYByType: {
				
				"blade-claymore-*": 2,
				
			},
			ctrlKey: true,
			selectionBox: { x1: 0, y1: 0, z1: 0, x2: 1, y2: 0.1, z2: 1 },
			collisionBox: { x1: 0, y1: 0, z1: 0, x2: 0, y2: 0, z2: 0 },
		},
	}, { name: "AnimationAuthoritative" }],
	variantgroups: [
		{ code: "type", states: ["claymore", ] },
		{ code: "metal", states: ["relic0", "relic1", "relic2", "relic3", "relic4", "relic5" ] }
	],
	skipVariants: [
		"blade-claymore-gold",
		"blade-claymore-silver",
	],
	allowedVariants: [
	
		"blade-claymore-*",
		
	],
	shapeByType: {
		
		"blade-claymore-*": { base: "vanillaarmory:shapes/item/tool/blade/claymorerelic" },

	},
	heldTpHitAnimationByType: {
		
		"*": "falx"
	},
	texturesByType: {
		
"blade-claymore-*": { "blackbronze": { base: "vanillaarmory:{metal}" }, 
		"handle": { base: "game:block/wood/debarked/veryaged"} },

	},
	attackRangebytype: {
			
		"*": 3.5
	},
	tooltierbytype: {
		
		"*-relic0": 1,
		"*-relic1": 1,
		"*-relic2": 2,
		"*-relic3": 3,
		"*-relic4": 4,
		"*-relic5": 5,
		
	},
	attackpowerbytype: {
		
		"blade-claymore-relic0": 3.95,
		"blade-claymore-relic1": 5.93,
		"blade-claymore-relic2": 7.49,
		"blade-claymore-relic3": 7.8,
		"blade-claymore-relic4": 8.27,
		"blade-claymore-relic5": 9.92,		
		
	},
	durabilitybytype: {
		
		"blade-claymore-relic0": 360,
		"blade-claymore-relic1": 540,
		"blade-claymore-relic2": 1296,
		"blade-claymore-relic3": 1836,
		"blade-claymore-relic4": 4579,
		"blade-claymore-relic5": 5495,
		
	},
	creativeinventoryByType: {
		"*": { "general": ["*"],  "vanillaarmory": ["*"], "items": ["*"], "tools": ["*"], "clutterByType": { "*-ruined": ["*"] } }
	},
	guiTransformByType: {
		"blade-claymore-*": 
			{
				translation: { x: 0, y: 0, z: 0 },
				rotation: { x: -87, y: 119, z: 30 },
				origin: { x: 1.15, y: -0.1, z: 0.57 },
				scale: 1.95
			},
		
	},
	fpHandTransformByType: {
		"*":
			{
				translation: { x: -0.2, y: -0.6, z: 0 },
				rotation: { x: -18, y: 15, z: 90 },
				scale: 2.27
			},
		
	},
	groundTransformByType: {
		"blade-claymore-*": 
			{
				translation: { x: 0, y: 0.05, z: 0 },
				rotation: { x: 14, y: 0, z: 0 },
				origin: { x: 0.5, y: 0, z: 0.5 },
				scale: 3.4
			},
		
	},
	tpHandTransformByType: {
		
		
		"blade-claymore-*":
			{
				translation: { x: -0.68, y: 0.055, z: -0.78 },
				rotation: { x: 85, y: 0, z: 2 },
				origin: { x: 0.5, y: 0, z: 0.5 },
				scale: 0.67
			},
	}
}