{
	code: "blade",
	damagedby: ["blockbreaking", "attacking"],
	tool: "sword",
	attributes: {




			"bloodshed-defense": {
				"blockSoundLight": "game:tool/slash",
				"blockSoundHeavy": "game:effect/anvilmergehit",
				"protectionChanceByType": {
					"*": {
					"passive": 0.1,
					"active": 1
					},
				},
				"damageAbsorptionByType": {
					"*-relic0": 2.5,
					"*-relic1": 3.5,
					"*-relic2": 5.5,
					"*-relic3": 6,
					"*-relic4": 7,
					"*-relic5": 7.5,
				},
				"vertProtectionRange": 60,
				"horizProtectionRange": 60
			},







"sharpenable": true,
"onGrindstoneTransform": {
		translation: { x: -0.2, y: 0.3, z: 0.4 },
		rotation: { x: 50, y: 0, z: 0 },
		origin: { x: 0.5, y: 0.1, z: 0.5 },
		scale: 1
},

		heldItemPitchFollow: 0.9,
		handbook: {
			groupBy: ["blade-*"]
		},
		toolrackTransformByType: {
			
			"*":
				{
					translation: { x: 0.16, y: 0.7, z: 0 },
					rotation: { x: 0, y: 180, z: 1 },
					scale: 1.25
				},
			
		},
		groundStorageTransformByType: {
			
			"blade-gladius-*": {
				translation: { x: 0, y: 0.33, z: 0.07 },
				rotation: { x: 24, y: 90, z: -87 },
				scale: 0.63
			},
			
		},
	},
	behaviors: [{ 
		name: "GroundStorable",
		properties: {
			layout: 'WallHalves',
			wallOffYByType: {
				"*": 1
			},
			ctrlKey: true,
			selectionBox: { x1: 0, y1: 0, z1: 0, x2: 1, y2: 0.1, z2: 1 },
			collisionBox: { x1: 0, y1: 0, z1: 0, x2: 0, y2: 0, z2: 0 },
		},
	}, { name: "AnimationAuthoritative" }],
	variantgroups: [
		{ code: "type", states: ["gladius", ] },
		{ code: "metal", states: ["relic0", "relic1", "relic2", "relic3", "relic4", "relic5" ] }
	],
	skipVariants: [
		"blade-gladius-gold",
		"blade-gladius-silver",

	],
	allowedVariants: [
		
		"blade-gladius-*",
		
	],
	shapeByType: {
		
		"blade-gladius-*": { base: "vanillaarmory:shapes/item/tool/blade/gladiusrelic" },
		
	},
	heldTpHitAnimationByType: {
		
		"blade-gladius-*": "spearhit",
		
	},
	texturesByType: {
		
"blade-gladius-*": { "blackbronze": { base: "vanillaarmory:{metal}" }, 
				"handle": { base: "game:block/wood/debarked/veryaged"} },

	},
	attackRangebytype: {
		
		"*": 2.5
	},
attributesByType: {
		"blade-gladius-*": {
			attachableToEntity: {
				categoryCode: "utilities",
				attachedShapeBySlotCode: {
					"frontrightside": { base: "item/wearable/hooved/elk/weaponr-gladius-relic" },
					"frontleftside": { base: "item/wearable/hooved/elk/weaponl-gladius-relic" }
				}
			}				
		}
	},
	tooltierbytype: {
		"*-relic0": 1,
		"*-relic1": 1,
		"*-relic2": 2,
		"*-relic3": 3,
		"*-relic4": 4,
		"*-relic5": 5,

	},
	attackpowerbytype: {
		
		"blade-gladius-relic0": 3.65,
		"blade-gladius-relic1": 5.47,
		"blade-gladius-relic2": 6.91,
		"blade-gladius-relic3": 7.2,
		"blade-gladius-relic4": 7.96,
		"blade-gladius-relic5": 9.55,
				
	},
	durabilitybytype: {
		
		"blade-gladius-relic0": 220,
		"blade-gladius-relic1": 330,
		"blade-gladius-relic2": 792,
		"blade-gladius-relic3": 1122,
		"blade-gladius-relic4": 2798,
		"blade-gladius-relic5": 3358,
		
	},
	creativeinventoryByType: {
		"*": { "general": ["*"],  "vanillaarmory": ["*"], "items": ["*"], "tools": ["*"], "clutterByType": { "*-ruined": ["*"] } }
	},
	guiTransformByType: {
		"*": 
			{
				translation: { x: 0, y: 0, z: 0 },
				rotation: { x: -53, y: 118, z: 8 },
				origin: { x: 1.15, y: 0.2, z: 0.57 },
				scale: 1.76
			},
		
	},
	fpHandTransformByType: {
		"*":
			{
				translation: { x: -0.2, y: -0.6, z: 0 },
				rotation: { x: -18, y: 15, z: 90 },
				scale: 2.27
			},
	},
	groundTransformByType: {

		"*":
			{
				translation: { x: 0, y: 0.04, z: 0 },
				rotation: { x: 0, y: 0, z: 0 },
				origin: { x: 0.5, y: 0, z: 0.5 },
				scale: 3.4
			},
		
	},
	tpHandTransformByType: {
		
		"*":
			{
				translation: { x: -0.98, y: 0.055, z: -0.78 },
				rotation: { x: 85, y: 0, z: 2 },
				origin: { x: 0.5, y: 0, z: 0.5 },
				scale: 0.63
			},
		
	}
}