[
{"name": "Giant Deer Head Mount (Baby)", "ingredientPattern": "_BC,DEF,GHI","ingredients": {"B": { "type": "item", "code": "game:knife-*", "isTool": true },"C": { "type": "item", "code": "game:hammer-*", "isTool": true },"D": { "type": "item", "code": "cervinae:pelt-cervini-baby-megalocerosgiganteus" },"E": { "type": "item", "code": "game:metalnailsandstrips-*" },"F": { "type": "item", "code": "game:clay-*" },"G": { "type": "block", "code": "game:debarkedlog-*" },"H": { "type": "block", "code": "game:glass-*" },"I": { "type": "item", "code": "game:powder-borax" }},"width": 3,"height": 3,"output": { "type": "item", "code": "cervinae:headmount-cervini-baby-megalocerosgiganteus-00", "quantity": 1  }},
{"name": "Giant Deer Head Mount (Female)", "ingredientPattern": "_BC,DEF,GHI","ingredients": {"B": { "type": "item", "code": "game:knife-*", "isTool": true },"C": { "type": "item", "code": "game:hammer-*", "isTool": true },"D": { "type": "item", "code": "cervinae:pelt-cervini-female-megalocerosgiganteus" },"E": { "type": "item", "code": "game:metalnailsandstrips-*" },"F": { "type": "item", "code": "game:clay-*" },"G": { "type": "block", "code": "game:debarkedlog-*" },"H": { "type": "block", "code": "game:glass-*" },"I": { "type": "item", "code": "game:powder-borax" }},"width": 3,"height": 3,"output": { "type": "item", "code": "cervinae:headmount-cervini-female-megalocerosgiganteus-00", "quantity": 1  }},
{"name": "Giant Deer Head Mount (Male)", "ingredientPattern": "_BC,DEF,GHI","ingredients": {"B": { "type": "item", "code": "game:knife-*", "isTool": true },"C": { "type": "item", "code": "game:hammer-*", "isTool": true },"D": { "type": "item", "code": "cervinae:pelt-cervini-male-megalocerosgiganteus" },"E": { "type": "item", "code": "game:metalnailsandstrips-*" },"F": { "type": "item", "code": "game:clay-*" },"G": { "type": "block", "code": "game:debarkedlog-*" },"H": { "type": "block", "code": "game:glass-*" },"I": { "type": "item", "code": "game:powder-borax" }},"width": 3,"height": 3,"output": { "type": "item", "code": "cervinae:headmount-cervini-male-megalocerosgiganteus-00", "quantity": 1  }},
{"name": "Giant Deer Head Mount (Male)","ingredientPattern": "LK","ingredients": {"K": { "type": "item", "code": "cervinae:headmount-cervini-male-megalocerosgiganteus-00"},"L": { "type": "item", "code": "game:antler-megalocerosgiganteus-*", "name": "size", "allowedVariants": ["01","02","03","04","05","06","07","08","09"] }},"width": 2,"height": 1,"output": { "type": "item", "code": "cervinae:headmount-cervini-male-megalocerosgiganteus-{size}", "quantity": 1  }},
]