[
	{
	"code": "limebleachinglightfibers",
	"enabled": true,
	"sealHours": 56,
	"ingredients": [
		{ "type": "item", "code": "game:limewaterportion", "litres": 0.5, "consumeLitres": 0.5 },
		{ "type": "item", "code": "wool:fibers-generic-*", "name": "type", "allowedVariants": [ "lightbrown", "gray", "yellow" ] }
	],
	"output": { "type": "item", "code": "wool:fibers-generic-plain" }
	},

	{
	"code": "limebleachingdarkfibers",
	"enabled": true,
	"sealHours": 96,
	"ingredients": [
		{ "type": "item", "code": "game:limewaterportion", "litres": 1, "consumeLitres": 1 },
		{ "type": "item", "code": "wool:fibers-generic-*", "name": "type", "allowedVariants": [ "black", "brown", "redbrown" ] }
	],
	"output": { "type": "item", "code": "wool:fibers-generic-plain" }
	},

	{
	"code": "limebleachingdarkfibers",
	"enabled": true,
	"sealHours": 96,
	"ingredients": [
		{ "type": "item", "code": "game:limewaterportion", "litres": 1, "consumeLitres": 1 },
		{ "type": "item", "code": "wool:fibers-muskox-brown" }
	],
	"output": { "type": "item", "code": "wool:fibers-generic-plain" }
	},

	{
	"code": "boraxbleachinglightfibers",
	"enabled": true,
	"sealHours": 56,
	"ingredients": [
		{ "type": "item", "code": "game:dilutedboraxportion", "litres": 0.5, "consumeLitres": 0.4 },
		{ "type": "item", "code": "wool:fibers-generic-*", "name": "type", "allowedVariants": [ "lightbrown", "gray", "yellow" ] }
	],
	"output": { "type": "item", "code": "wool:fibers-generic-plain" }
	},

	{
	"code": "boraxbleachingdarkfibers",
	"enabled": true,
	"sealHours": 96,
	"ingredients": [
		{ "type": "item", "code": "game:dilutedboraxportion", "litres": 1, "consumeLitres": 0.8 },
		{ "type": "item", "code": "wool:fibers-generic-*", "name": "type", "allowedVariants": [ "black", "brown", "redbrown" ] }
	],
	"output": { "type": "item", "code": "wool:fibers-generic-plain" }
	},

	{
	"code": "boraxbleachingdarkfibers",
	"enabled": true,
	"sealHours": 96,
	"ingredients": [
		{ "type": "item", "code": "game:dilutedboraxportion", "litres": 1, "consumeLitres": 0.8 },
		{ "type": "item", "code": "wool:fibers-muskox-brown" }
	],
	"output": { "type": "item", "code": "wool:fibers-generic-plain" }
	}
]
