{
	"code": "clothes",
	"class": "ItemWearable",
	"variantgroups": [
		{ "code": "category", "states": ["shoulder"] },
		{ "code": "shoulder", "onVariant": "category", "states": ["bandana"] },
		{ "code": "color", "states": ["black", "blue", "brown", "green", "gray", "orange", "pink", "purple", "red", "white", "yellow", "plain"] }
	],
	"shapeByType": {
		"*": { "base": "item/bandanafancy" }
	},
	"storageFlags": 128,
	"attributes": {
		"clothescategory": "shoulder",
		"disableElements": ["hidefacialhair"],
		"wearableAttachment": true,
		"cooling": 0.4
	},
	"attributesByType": {
		"*": { warmth: 0.5 }
	},
	"texturesByType": {
		"*": {
			"seraph": { "base": "game:block/transparent" },
			"bandanafancy": { "base": "item/bandana/{color}" }
		}
	},
	"creativeinventory": {
		"americanfrontiersmanwesternwear": ["*"]
	},
	"renderAlphaTest": 0.25,
	"fpHandTransform": {
		"translation": { "x": -0.25, "y": -0.1, "z": 0.5 },
		"rotation": { "x": 180, "y": 159, "z": 150 },
		"scale": 2
	},
	"tpHandTransform": {
		"translation": { "x": -0.78, "y": -2.49, "z": -0.87 },
		"rotation": { "x": 90, "y": -90, "z": 0 },
		"origin": {"x": 0.5, "y": 1.5, "z": 0.5 },
		"scale": 0.66
	},
	"guiTransform": {
		"translation": { "x": 1.8, "y": 8, "z": 19 },
		"rotation": { "x": 174, "y": -45, "z": 10 },
		"origin": {"x": 0.46, "y": 1.5, "z": 0.5 },
		"scale": 3
	}
}