{
  "code": "clothes",
  "class": "ItemWearable",
  "variantgroups": [
    { "code": "category", "states": ["shoulder"] },
    {
      "code": "shoulder",
      "combine": "SelectiveMultiply",
      "onVariant": "category",
      "states": ["trimmedtunic", "tailcoat", "cardigan"]
    }
  ],
  "attributes": {
    "wearableAttachment": true,
    "clothescategory": "shoulder",
    "warmthByType": {
      "*-trimmedtunic": 2,
      "*-tailcoat": 1,
      "*-cardigan": 1.5
    }
  },
  "storageFlags": 128,
  "shape": {
    "base": "{shoulder}"
  },
  "textures": {
    "seraph": { "base": "game:block/transparent" }
  },
  "creativeinventory": { "general": ["*"], "items": ["*"], "clothing": ["*"] },
  "renderAlphaTest": 0.25,
  "fpHandTransform": {
    "translation": { "x": 0.05, "y": -0.6, "z": 0.3 },
    "rotation": { "x": 180, "y": 150, "z": 180 },
    "scale": 2
  },
  "tpHandTransform": {
    "translation": { "x": -0.3, "y": -0.9, "z": -0.7 },
    "rotation": { "x": -71, "y": 180, "z": 83 },
    "scale": 0.55
  },
  "guiTransform": {
    "translation": { "x": 0, "y": -10, "z": 0 },
    "rotation": { "x": -180, "y": -66, "z": 11 },
    "origin": { "x": 0.2, "y": 1.36, "z": 0.4 },
    "scale": 1.28
  },
  "groundTransform": {
    "translation": { "x": 0.05, "y": 0.05, "z": 0 },
    "rotation": { "x": 0, "y": 0, "z": -87 },
    "origin": { "x": 0.5, "y": 0.5, "z": 0.5299 },
    "scale": 2.19
  }
}
