[
	{
	"ingredientPattern": "P,C",
	"ingredients": {
		"P": { "type": "item", "code": "bookbinders:parchment-smooth" },
		"C": { "type": "block", "code": "game:crate" }
	},
	"copyAttributesFrom": "C",
	"width": 1,
	"height": 2,
	"output": { "type": "block", "code": "game:crate", "attributes": { "label": "paper-empty" } }
	},

	{
	"ingredientPattern": "P,C",
	"ingredients": {
		"P": { "type": "item", "code": "bookbinders:parchment-vellum" },
		"C": { "type": "block", "code": "game:crate" }
	},
	"copyAttributesFrom": "C",
	"width": 1,
	"height": 2,
	"output": { "type": "block", "code": "game:crate", "attributes": { "label": "paper-empty" } }
	}
]
