[
	{
	"ingredientPattern": "_H_,_C_,FQI",
	"ingredients": {
		"H": { "type": "item", "code": "game:hammer-*", "isTool": true },
		"C": { "type": "item", "code": "game:chisel-*", "isTool": true },
		"F": { "type": "item", "code": "game:feather" },
		"I": { "type": "block", "code": "game:bowl-*-fired" },
		"Q": { "type": "item", "code": "game:clearquartz" }
	},
	"attributes": {
		"liquidContainerProps": { "requiresContent": { "type": "item", "code": "game:dye-black" }, "requiresLitres": 0.25, "consumeContainer": false }
	},
	"width": 3,
	"height": 3,
	"output": { "type": "item", "code": "game:inkandquill" }
	},

	{
	"ingredientPattern": "_H_,_C_,IQF",
	"ingredients": {
		"H": { "type": "item", "code": "game:hammer-*", "isTool": true },
		"C": { "type": "item", "code": "game:chisel-*", "isTool": true },
		"F": { "type": "item", "code": "game:feather" },
		"I": { "type": "block", "code": "game:bowl-*-fired" },
		"Q": { "type": "item", "code": "game:clearquartz" }
	},
	"attributes": {
		"liquidContainerProps": { "requiresContent": { "type": "item", "code": "game:dye-black" }, "requiresLitres": 0.25, "consumeContainer": false }
	},
	"recipeGroup": 2,
	"width": 3,
	"height": 3,
	"output": { "type": "item", "code": "game:inkandquill" }
	},

	{
	"ingredientPattern": "_H_,FC_,SQI",
	"ingredients": {
		"H": { "type": "item", "code": "game:hammer-*", "isTool": true },
		"C": { "type": "item", "code": "game:chisel-*", "isTool": true },
		"S": { "type": "item", "code": "game:metalnailsandstrips-silver" },
		"F": { "type": "item", "code": "game:feather" },
		"I": { "type": "block", "code": "game:bowl-*-fired" },
		"Q": { "type": "item", "code": "game:rosequartz" }
	},
	"attributes": {
		"liquidContainerProps": { "requiresContent": { "type": "item", "code": "game:dye-black" }, "requiresLitres": 0.25, "consumeContainer": false }
	},
	"width": 3,
	"height": 3,
	"output": { "type": "item", "code": "bookbinders:inkandquill-rose-plain-black" }
	},

	{
	"ingredientPattern": "_H_,_CF,IQS",
	"ingredients": {
		"H": { "type": "item", "code": "game:hammer-*", "isTool": true },
		"C": { "type": "item", "code": "game:chisel-*", "isTool": true },
		"S": { "type": "item", "code": "game:metalnailsandstrips-silver" },
		"F": { "type": "item", "code": "game:feather" },
		"I": { "type": "block", "code": "game:bowl-*-fired" },
		"Q": { "type": "item", "code": "game:rosequartz" }
	},
	"attributes": {
		"liquidContainerProps": { "requiresContent": { "type": "item", "code": "game:dye-black" }, "requiresLitres": 0.25, "consumeContainer": false }
	},
	"recipeGroup": 2,
	"width": 3,
	"height": 3,
	"output": { "type": "item", "code": "bookbinders:inkandquill-rose-plain-black" }
	},

	{
	"ingredientPattern": "_H_,FC_,SQI",
	"ingredients": {
		"H": { "type": "item", "code": "game:hammer-*", "isTool": true },
		"C": { "type": "item", "code": "game:chisel-*", "isTool": true },
		"S": { "type": "item", "code": "game:metalnailsandstrips-tinbronze" },
		"F": { "type": "item", "code": "game:feather" },
		"I": { "type": "block", "code": "game:bowl-*-fired" },
		"Q": { "type": "item", "code": "game:smokyquartz" }
	},
	"attributes": {
		"liquidContainerProps": { "requiresContent": { "type": "item", "code": "game:dye-black" }, "requiresLitres": 0.25, "consumeContainer": false }
	},
	"width": 3,
	"height": 3,
	"output": { "type": "item", "code": "bookbinders:inkandquill-smoky-plain-black" }
	},

	{
	"ingredientPattern": "_H_,_CF,IQS",
	"ingredients": {
		"H": { "type": "item", "code": "game:hammer-*", "isTool": true },
		"C": { "type": "item", "code": "game:chisel-*", "isTool": true },
		"S": { "type": "item", "code": "game:metalnailsandstrips-tinbronze" },
		"F": { "type": "item", "code": "game:feather" },
		"I": { "type": "block", "code": "game:bowl-*-fired" },
		"Q": { "type": "item", "code": "game:smokyquartz" }
	},
	"attributes": {
		"liquidContainerProps": { "requiresContent": { "type": "item", "code": "game:dye-black" }, "requiresLitres": 0.25, "consumeContainer": false }
	},
	"recipeGroup": 2,
	"width": 3,
	"height": 3,
	"output": { "type": "item", "code": "bookbinders:inkandquill-smoky-plain-black" }
	},

	{
	"ingredientPattern": "_H_,FC_,SQI",
	"ingredients": {
		"H": { "type": "item", "code": "game:hammer-*", "isTool": true },
		"C": { "type": "item", "code": "game:chisel-*", "isTool": true },
		"S": { "type": "item", "code": "game:metalnailsandstrips-gold" },
		"F": { "type": "item", "code": "game:feather" },
		"I": { "type": "block", "code": "game:bowl-*-fired" },
		"Q": { "type": "item", "code": "game:ore-olivine" }
	},
	"attributes": {
		"liquidContainerProps": { "requiresContent": { "type": "item", "code": "game:dye-black" }, "requiresLitres": 0.25, "consumeContainer": false }
	},
	"width": 3,
	"height": 3,
	"output": { "type": "item", "code": "bookbinders:inkandquill-olivine-plain-black" }
	},

	{
	"ingredientPattern": "_H_,_CF,IQS",
	"ingredients": {
		"H": { "type": "item", "code": "game:hammer-*", "isTool": true },
		"C": { "type": "item", "code": "game:chisel-*", "isTool": true },
		"S": { "type": "item", "code": "game:metalnailsandstrips-gold" },
		"F": { "type": "item", "code": "game:feather" },
		"I": { "type": "block", "code": "game:bowl-*-fired" },
		"Q": { "type": "item", "code": "game:ore-olivine" }
	},
	"attributes": {
		"liquidContainerProps": { "requiresContent": { "type": "item", "code": "game:dye-black" }, "requiresLitres": 0.25, "consumeContainer": false }
	},
	"recipeGroup": 2,
	"width": 3,
	"height": 3,
	"output": { "type": "item", "code": "bookbinders:inkandquill-olivine-plain-black" }
	}
]
